date,ticker,company,title,department,location,role_bucket,seniority,ai_title,weighted_score,strong_hit,categories,salary_mid,url
2026-08-18,DDOG,Datadog,AI Research Engineer - Datadog AI Research (DAIR),Dev Eng,"Paris, France",research,mid,1,26,1,buzz|general_medium|model_infra,,https://careers.datadoghq.com/detail/7194969/?gh_jid=7194969
2026-08-18,DDOG,Datadog,AI Research Scientist - Datadog AI Research (DAIR),Dev Eng,"Paris, France",research,mid,1,24,1,application|buzz|general_medium|model_infra,,https://careers.datadoghq.com/detail/6652564/?gh_jid=6652564
2026-08-18,DDOG,Datadog,AI Research Scientist - Datadog AI Research (DAIR),Dev Eng,"New York, New York, USA",research,mid,1,24,1,application|buzz|general_medium|model_infra,360000,https://careers.datadoghq.com/detail/6572669/?gh_jid=6572669
2026-08-18,DDOG,Datadog,"Area Vice President, Enterprise Security Sales",Enterprise Sales,"New York, New York, USA; San Francisco, California, USA",nontech,exec,0,0,0,,242500,https://careers.datadoghq.com/detail/7508990/?gh_jid=7508990
2026-08-18,DDOG,Datadog,"Area Vice President, Sales Engineering",Enterprise Sales Engineering,"Boston, Massachusetts, USA; New York, New York, USA; San Francisco, California, USA",demand_validated,exec,0,0,0,,277500,https://careers.datadoghq.com/detail/7762722/?gh_jid=7762722
2026-08-18,DDOG,Datadog,Associate Field Marketing Manager (US East and Canada),Field Marketing,"New York, New York, USA",nontech,mid,0,4,1,application|buzz,82500,https://careers.datadoghq.com/detail/8097690/?gh_jid=8097690
2026-08-18,DDOG,Datadog,Associate Growth Marketing Manager,Demand Generation,"New York, New York, USA; San Francisco, California, USA",nontech,mid,0,0,0,,85000,https://careers.datadoghq.com/detail/8059723/?gh_jid=8059723
2026-08-18,DDOG,Datadog,"Campus Coordinator, Technical Recruiting - EMEA",Technical Recruiting,"Paris, France",nontech,intern,0,0,0,,,https://careers.datadoghq.com/detail/8119837/?gh_jid=8119837
2026-08-18,DDOG,Datadog,Commercial Account Executive,Commercial Sales,"Seoul, South Korea",demand_validated,mid,0,0,0,,,https://careers.datadoghq.com/detail/6512586/?gh_jid=6512586
2026-08-18,DDOG,Datadog,Commercial Account Executive,Commercial Sales,"Denver, Colorado, USA",demand_validated,mid,0,0,0,,67500,https://careers.datadoghq.com/detail/1694375/?gh_jid=1694375
2026-08-18,DDOG,Datadog,Commercial Account Executive,Commercial Sales,"Seoul, South Korea",demand_validated,mid,0,0,0,,,https://careers.datadoghq.com/detail/6512326/?gh_jid=6512326
2026-08-18,DDOG,Datadog,Commercial Account Executive,Commercial Sales,"Sydney, Australia",demand_validated,mid,0,0,0,,,https://careers.datadoghq.com/detail/7463765/?gh_jid=7463765
2026-08-18,DDOG,Datadog,Commercial Account Executive,Commercial Sales,"Bangalore, India",demand_validated,mid,0,0,0,,,https://careers.datadoghq.com/detail/6512321/?gh_jid=6512321
2026-08-18,DDOG,Datadog,Commercial Account Executive,Commercial Sales,"Tokyo, Japan",demand_validated,mid,0,0,0,,,https://careers.datadoghq.com/detail/5798241/?gh_jid=5798241
2026-08-18,DDOG,Datadog,Commercial Account Executive,Commercial Sales,"Tokyo, Japan",demand_validated,mid,0,0,0,,,https://careers.datadoghq.com/detail/6009777/?gh_jid=6009777
2026-08-18,DDOG,Datadog,Commercial Account Executive - Boston,Commercial Sales,"Boston, Massachusetts, USA",demand_validated,mid,0,0,0,,67500,https://careers.datadoghq.com/detail/1497543/?gh_jid=1497543
2026-08-18,DDOG,Datadog,Commercial Account Executive (DACH),Commercial Sales,"Amsterdam, The Netherlands; Dublin, Ireland",demand_validated,mid,0,0,0,,,https://careers.datadoghq.com/detail/5283132/?gh_jid=5283132
2026-08-18,DDOG,Datadog,Commercial Account Executive (France),Commercial Sales,"Amsterdam, The Netherlands; Dublin, Ireland",demand_validated,mid,0,0,0,,,https://careers.datadoghq.com/detail/7824375/?gh_jid=7824375
2026-08-18,DDOG,Datadog,Commercial Account Executive (Hong Kong Market),Commercial Sales,"Singapore, Singapore",demand_validated,mid,0,0,0,,,https://careers.datadoghq.com/detail/7919037/?gh_jid=7919037
2026-08-18,DDOG,Datadog,Commercial Account Executive (Indonesia Market),Commercial Sales,"Singapore, Singapore",demand_validated,mid,0,0,0,,,https://careers.datadoghq.com/detail/7463727/?gh_jid=7463727
2026-08-18,DDOG,Datadog,Commercial Account Executive - Israel,Commercial Sales,"Tel Aviv, Israel",demand_validated,mid,0,0,0,,,https://careers.datadoghq.com/detail/8025860/?gh_jid=8025860
2026-08-18,DDOG,Datadog,Commercial Account Executive - LATAM (Portuguese Speaking) - Denver,Commercial Sales,"Denver, Colorado, USA",demand_validated,mid,0,0,0,,67500,https://careers.datadoghq.com/detail/7858788/?gh_jid=7858788
2026-08-18,DDOG,Datadog,Commercial Account Executive - LATAM (Spanish Speaking) - Boston,Commercial Sales,"Boston, Massachusetts, USA",demand_validated,mid,0,0,0,,67500,https://careers.datadoghq.com/detail/7329207/?gh_jid=7329207
2026-08-18,DDOG,Datadog,Commercial Account Executive (Portugal),Commercial Sales,"Amsterdam, The Netherlands; Dublin, Ireland",demand_validated,mid,0,0,0,,,https://careers.datadoghq.com/detail/8078805/?gh_jid=8078805
2026-08-18,DDOG,Datadog,Commercial Account Executive - Sao Paulo (Portuguese Speaking),Commercial Sales,"Sao Paulo, Brazil",demand_validated,mid,0,0,0,,,https://careers.datadoghq.com/detail/7792997/?gh_jid=7792997
2026-08-18,DDOG,Datadog,Commercial Account Executive (Saudi Arabia),Commercial Sales,"Riyadh, Saudi Arabia",demand_validated,mid,0,0,0,,,https://careers.datadoghq.com/detail/7576831/?gh_jid=7576831
2026-08-18,DDOG,Datadog,Commercial Account Executive (Spanish Speaking) - Mexico City,Commercial Sales,"Mexico City, Mexico",demand_validated,mid,0,0,0,,,https://careers.datadoghq.com/detail/8022193/?gh_jid=8022193
2026-08-18,DDOG,Datadog,Commercial Account Executive UKI/Nordics,Commercial Sales,"Dublin, Ireland",demand_validated,mid,0,0,0,,,https://careers.datadoghq.com/detail/6427176/?gh_jid=6427176
2026-08-18,DDOG,Datadog,Commercial Customer Success Manager (DACH; German-Speaking),Commercial Customer Success,"Dublin, Ireland",demand_validated,mid,0,0,0,,,https://careers.datadoghq.com/detail/7180265/?gh_jid=7180265
2026-08-18,DDOG,Datadog,Commercial Sales Engineer 2 (AMER - West),Commercial & Mid-Market Sales Engineering,"Denver, Colorado, USA",demand_validated,mid,0,0,0,,107000,https://careers.datadoghq.com/detail/8053714/?gh_jid=8053714
2026-08-18,DDOG,Datadog,Commercial Sales Engineer 2 (Sao Paulo),Commercial & Mid-Market Sales Engineering,"Sao Paulo, Brazil",demand_validated,mid,0,0,0,,,https://careers.datadoghq.com/detail/8080601/?gh_jid=8080601
2026-08-18,DDOG,Datadog,Commercial Sales Engineer (AMER - West),Commercial & Mid-Market Sales Engineering,"Denver, Colorado, USA",demand_validated,mid,0,0,0,,93000,https://careers.datadoghq.com/detail/7683226/?gh_jid=7683226
2026-08-18,DDOG,Datadog,Commercial Sales Engineer - Amsterdam,Commercial & Mid-Market Sales Engineering,"Amsterdam, The Netherlands",demand_validated,mid,0,0,0,,,https://careers.datadoghq.com/detail/8074211/?gh_jid=8074211
2026-08-18,DDOG,Datadog,Commercial Sales Engineer - Boston,Commercial & Mid-Market Sales Engineering,"Boston, Massachusetts, USA",demand_validated,mid,0,0,0,,93000,https://careers.datadoghq.com/detail/7452669/?gh_jid=7452669
2026-08-18,DDOG,Datadog,Commercial Sales Engineer - Dublin,Commercial & Mid-Market Sales Engineering,"Dublin, Ireland",demand_validated,mid,0,0,0,,,https://careers.datadoghq.com/detail/8055109/?gh_jid=8055109
2026-08-18,DDOG,Datadog,Commercial Sales Engineer (Spanish-Speaking),Commercial & Mid-Market Sales Engineering,"Amsterdam, The Netherlands; Dublin, Ireland",demand_validated,mid,0,0,0,,,https://careers.datadoghq.com/detail/8080628/?gh_jid=8080628
2026-08-18,DDOG,Datadog,Commercial Sales Engineer (Tel Aviv),Commercial & Mid-Market Sales Engineering,"Tel Aviv, Israel",demand_validated,mid,0,0,0,,,https://careers.datadoghq.com/detail/8092637/?gh_jid=8092637
2026-08-18,DDOG,Datadog,"Coordinator, Business Recruiting - Contract",People,"Boston, Massachusetts, USA; New York, New York, USA",nontech,mid,0,0,0,,57000,https://careers.datadoghq.com/detail/7950433/?gh_jid=7950433
2026-08-18,DDOG,Datadog,Country Manager,Enterprise Sales,"Tokyo, Japan",other,mid,0,1,0,buzz,,https://careers.datadoghq.com/detail/7975747/?gh_jid=7975747
2026-08-18,DDOG,Datadog,Customer Marketing Manager,Corporate Marketing & Comms,"New York, New York, USA; San Francisco, California, USA",nontech,mid,0,0,0,,109500,https://careers.datadoghq.com/detail/7967202/?gh_jid=7967202
2026-08-18,DDOG,Datadog,Customer Success Associate,Commercial Customer Success,"Tokyo, Japan",demand_validated,mid,0,0,0,,,https://careers.datadoghq.com/detail/5486716/?gh_jid=5486716
2026-08-18,DDOG,Datadog,Customer Success Associate,Commercial Customer Success,"Seoul, South Korea",demand_validated,mid,0,0,0,,,https://careers.datadoghq.com/detail/8012339/?gh_jid=8012339
2026-08-18,DDOG,Datadog,Customer Success Associate,Commercial Customer Success,"Tokyo, Japan",demand_validated,mid,0,0,0,,,https://careers.datadoghq.com/detail/6009779/?gh_jid=6009779
2026-08-18,DDOG,Datadog,Customer Success Associate - Boston,Commercial Customer Success,"Boston, Massachusetts, USA",demand_validated,mid,0,0,0,,63000,https://careers.datadoghq.com/detail/7172466/?gh_jid=7172466
2026-08-18,DDOG,Datadog,Customer Success Associate - Commercial Accounts,Commercial Customer Success,"Sydney, Australia",demand_validated,mid,0,0,0,,,https://careers.datadoghq.com/detail/7548129/?gh_jid=7548129
2026-08-18,DDOG,Datadog,Customer Success Associate - Denver,Commercial Customer Success,"Denver, Colorado, USA",demand_validated,mid,0,0,0,,63000,https://careers.datadoghq.com/detail/7228240/?gh_jid=7228240
2026-08-18,DDOG,Datadog,Customer Success Manager - Boston,Commercial Customer Success,"Boston, Massachusetts, USA",demand_validated,mid,0,0,0,,103500,https://careers.datadoghq.com/detail/7128703/?gh_jid=7128703
2026-08-18,DDOG,Datadog,Customer Success Manager - Denver,Commercial Customer Success,"Denver, Colorado, USA",demand_validated,mid,0,0,0,,103500,https://careers.datadoghq.com/detail/7232590/?gh_jid=7232590
2026-08-18,DDOG,Datadog,Datadog for Startups - Forward Deployed Engineering Lead,Corporate Development,"San Francisco, California, USA",demand_validated,senior,0,3,1,application,225000,https://careers.datadoghq.com/detail/8003181/?gh_jid=8003181
2026-08-18,DDOG,Datadog,Datadog for Startups Founding Engineering Lead,Corporate Development,"San Francisco, California, USA",product_eng,senior,0,3,1,application,225000,https://careers.datadoghq.com/detail/7536402/?gh_jid=7536402
2026-08-18,DDOG,Datadog,Deal Desk Analyst - Boston,Deal Desk,"Boston, Massachusetts, USA",other,mid,0,1,0,buzz,81500,https://careers.datadoghq.com/detail/8029969/?gh_jid=8029969
2026-08-18,DDOG,Datadog,Deal Desk Analyst - Dublin,Deal Desk,"Dublin, Ireland",other,mid,0,0,0,,,https://careers.datadoghq.com/detail/7982644/?gh_jid=7982644
2026-08-18,DDOG,Datadog,Deal Desk Analyst - NYC,Deal Desk,"New York, New York, USA",other,mid,0,0,0,,79500,https://careers.datadoghq.com/detail/7993638/?gh_jid=7993638
2026-08-18,DDOG,Datadog,Deal Desk Analyst - US West,Deal Desk,"Denver, Colorado, USA; San Francisco, California, USA",other,mid,0,0,0,,79500,https://careers.datadoghq.com/detail/8003080/?gh_jid=8003080
2026-08-18,DDOG,Datadog,"Director, Commercial Sales",Commercial Sales,"Tokyo, Japan",nontech,director,0,0,0,,,https://careers.datadoghq.com/detail/8059382/?gh_jid=8059382
2026-08-18,DDOG,Datadog,"Director, Engineering - Cloud Observability",Leadership,"Boston, Massachusetts, USA; New York, New York, USA",product_eng,director,0,2,0,general_medium,333000,https://careers.datadoghq.com/detail/8069508/?gh_jid=8069508
2026-08-18,DDOG,Datadog,"Director, Engineering - Detection Platform ",Leadership,"New York, New York, USA",product_eng,director,0,2,0,buzz,315000,https://careers.datadoghq.com/detail/8026520/?gh_jid=8026520
2026-08-18,DDOG,Datadog,"Director, Engineering - Digital Experience Monitoring",Dev Eng,"Paris, France",product_eng,director,0,0,0,,,https://careers.datadoghq.com/detail/8050591/?gh_jid=8050591
2026-08-18,DDOG,Datadog,"Director, Enterprise Sales",Enterprise Sales,"Texas, USA, Remote",nontech,director,0,0,0,,175000,https://careers.datadoghq.com/detail/7773320/?gh_jid=7773320
2026-08-18,DDOG,Datadog,"Director, Product Management - AI Observability",Product Management,"New York, New York, USA",other,director,1,7,1,application|buzz|general_medium,315000,https://careers.datadoghq.com/detail/7798672/?gh_jid=7798672
2026-08-18,DDOG,Datadog,"Director, Product Management - Cloud Security and Shared Capabilities",Product Management,"Paris, France",other,director,0,0,0,,,https://careers.datadoghq.com/detail/8030324/?gh_jid=8030324
2026-08-18,DDOG,Datadog,"Director, Product Management - Core Platforms",Product Management,"New York, New York, USA",other,director,0,0,0,,315000,https://careers.datadoghq.com/detail/7583609/?gh_jid=7583609
2026-08-18,DDOG,Datadog,"Director, Security Channels (North America)",Channels & Alliances,"Colorado, USA, Remote; Illinois, USA, Remote; New York, New York, USA; New York, USA, Remote; San Francisco, California, USA; Texas, USA, Remote",other,director,0,0,0,,191000,https://careers.datadoghq.com/detail/7984985/?gh_jid=7984985
2026-08-18,DDOG,Datadog,"Director, Technical Account Management ",Technical Post Sales,"Dublin, Ireland; London, United Kingdom; Paris, France",other,director,0,0,0,,,https://careers.datadoghq.com/detail/7658810/?gh_jid=7658810
2026-08-18,DDOG,Datadog,"Director, Technical Program Management - Technical Solutions Operations",Technical Solutions Operations,"Boston, Massachusetts, USA; New York, New York, USA; San Francisco, California, USA",nontech,director,0,0,0,,252000,https://careers.datadoghq.com/detail/8010585/?gh_jid=8010585
2026-08-18,DDOG,Datadog,"Director, Technical Support Engineering",Support Engineering,"Sao Paulo, Brazil",product_eng,director,0,0,0,,,https://careers.datadoghq.com/detail/7707345/?gh_jid=7707345
2026-08-18,DDOG,Datadog,"Distinguished Architect, AI",Product Solutions Architecture,"New York, New York, USA; San Francisco, California, USA",product_eng,staff_principal,1,3,1,application,385000,https://careers.datadoghq.com/detail/7966795/?gh_jid=7966795
2026-08-18,DDOG,Datadog,Employment Counsel - AMER,Legal Operations,"New York, New York, USA",nontech,mid,0,0,0,,199500,https://careers.datadoghq.com/detail/8075664/?gh_jid=8075664
2026-08-18,DDOG,Datadog,Engineering Compensation Partner,People,"Boston, Massachusetts, USA; New York, New York, USA",product_eng,mid,0,0,0,,166500,https://careers.datadoghq.com/detail/8051616/?gh_jid=8051616
2026-08-18,DDOG,Datadog,"Engineering Manager I, Commercial Audit",Security,"New York, New York, USA",product_eng,mid,0,0,0,,216000,https://careers.datadoghq.com/detail/8098939/?gh_jid=8098939
2026-08-18,DDOG,Datadog,"Engineering Manager I, Threat Detection",Security,"New York, New York, USA",product_eng,mid,0,3,1,application,216000,https://careers.datadoghq.com/detail/7958663/?gh_jid=7958663
2026-08-18,DDOG,Datadog,Enterprise Account Executive - Denmark,Enterprise Sales,"Copenhagen, Denmark",demand_validated,mid,0,0,0,,100000,https://careers.datadoghq.com/detail/6677658/?gh_jid=6677658
2026-08-18,DDOG,Datadog,Enterprise Account Executive - UKI,Enterprise Sales,"London, United Kingdom",demand_validated,mid,0,0,0,,100000,https://careers.datadoghq.com/detail/6836442/?gh_jid=6836442
2026-08-18,DDOG,Datadog,Enterprise Account Executive (UKI) - Public Sector,Enterprise Sales,"London, United Kingdom",demand_validated,mid,0,0,0,,100000,https://careers.datadoghq.com/detail/7599334/?gh_jid=7599334
2026-08-18,DDOG,Datadog,Enterprise Customer Success Manager,Enterprise Customer Success,"Tokyo, Japan",demand_validated,mid,0,0,0,,,https://careers.datadoghq.com/detail/7436312/?gh_jid=7436312
2026-08-18,DDOG,Datadog,Enterprise Customer Success Manager,Enterprise Customer Success,"Jakarta, Indonesia",demand_validated,mid,0,0,0,,,https://careers.datadoghq.com/detail/7794297/?gh_jid=7794297
2026-08-18,DDOG,Datadog,Enterprise Customer Success Manager,Enterprise Customer Success,"Singapore, Singapore",demand_validated,mid,0,0,0,,,https://careers.datadoghq.com/detail/7794029/?gh_jid=7794029
2026-08-18,DDOG,Datadog,Enterprise Customer Success Manager,Enterprise Customer Success,"Tokyo, Japan",demand_validated,mid,0,0,0,,,https://careers.datadoghq.com/detail/7435209/?gh_jid=7435209
2026-08-18,DDOG,Datadog,Enterprise Customer Success Manager (German Speaking),Enterprise Customer Success,"Dublin, Ireland",demand_validated,mid,0,0,0,,,https://careers.datadoghq.com/detail/8035351/?gh_jid=8035351
2026-08-18,DDOG,Datadog,Enterprise IT Support Technician I,Enterprise Technology,"Paris, France",nontech,mid,0,0,0,,,https://careers.datadoghq.com/detail/8035671/?gh_jid=8035671
2026-08-18,DDOG,Datadog,Enterprise Sales Engineer,Enterprise Sales Engineering,"Brisbane, Australia",demand_validated,mid,0,0,0,,,https://careers.datadoghq.com/detail/7721005/?gh_jid=7721005
2026-08-18,DDOG,Datadog,Enterprise Sales Engineer,Enterprise Sales Engineering,"Osaka, Japan",demand_validated,mid,0,0,0,,,https://careers.datadoghq.com/detail/6703351/?gh_jid=6703351
2026-08-18,DDOG,Datadog,Enterprise Sales Engineer,Enterprise Sales Engineering,"Osaka, Japan",demand_validated,mid,0,0,0,,,https://careers.datadoghq.com/detail/6430289/?gh_jid=6430289
2026-08-18,DDOG,Datadog,Enterprise Sales Engineer,Enterprise Sales Engineering,"Tokyo, Japan",demand_validated,mid,0,0,0,,,https://careers.datadoghq.com/detail/7811662/?gh_jid=7811662
2026-08-18,DDOG,Datadog,Enterprise Sales Engineer,Enterprise Sales Engineering,"Singapore, Singapore",demand_validated,mid,0,0,0,,,https://careers.datadoghq.com/detail/7868421/?gh_jid=7868421
2026-08-18,DDOG,Datadog,Enterprise Sales Engineer (Bahasa Indonesia Speaking),Enterprise Sales Engineering,"Jakarta, Indonesia",demand_validated,mid,0,0,0,,,https://careers.datadoghq.com/detail/6831903/?gh_jid=6831903
2026-08-18,DDOG,Datadog,Enterprise Sales Engineer (Bahasa Indonesia Speaking),Enterprise Sales Engineering,"Singapore, Singapore",demand_validated,mid,0,0,0,,,https://careers.datadoghq.com/detail/6832925/?gh_jid=6832925
2026-08-18,DDOG,Datadog,Enterprise Sales Engineer - Brazil,Enterprise Sales Engineering,"Sao Paulo, Brazil",demand_validated,mid,0,0,0,,,https://careers.datadoghq.com/detail/7255532/?gh_jid=7255532
2026-08-18,DDOG,Datadog,Enterprise Sales Engineer - Nordics,Enterprise Sales Engineering,"Copenhagen, Denmark; Stockholm, Sweden",demand_validated,mid,0,0,0,,,https://careers.datadoghq.com/detail/7101976/?gh_jid=7101976
2026-08-18,DDOG,Datadog,Enterprise Sales Engineer - Paris,Enterprise Sales Engineering,"Paris, France",demand_validated,mid,0,0,0,,,https://careers.datadoghq.com/detail/7661700/?gh_jid=7661700
2026-08-18,DDOG,Datadog,Enterprise Sales Engineer - Rockies,Enterprise Sales Engineering,"Colorado, USA, Remote",demand_validated,mid,0,0,0,,137500,https://careers.datadoghq.com/detail/7857714/?gh_jid=7857714
2026-08-18,DDOG,Datadog,Enterprise Sales Engineer - UK,Enterprise Sales Engineering,"United Kingdom, Remote",demand_validated,mid,0,0,0,,,https://careers.datadoghq.com/detail/7487353/?gh_jid=7487353
2026-08-18,DDOG,Datadog,Enterprise Sales Executive,Enterprise Sales,"North Carolina, USA, Remote",nontech,mid,0,0,0,,110000,https://careers.datadoghq.com/detail/7421331/?gh_jid=7421331
2026-08-18,DDOG,Datadog,Enterprise Sales Executive,Enterprise Sales,"Washington, District of Columbia, USA",nontech,mid,0,0,0,,110000,https://careers.datadoghq.com/detail/7426707/?gh_jid=7426707
2026-08-18,DDOG,Datadog,Enterprise Sales Executive,Enterprise Sales,"New York, New York, USA",nontech,mid,0,0,0,,105000,https://careers.datadoghq.com/detail/7405831/?gh_jid=7405831
2026-08-18,DDOG,Datadog,Enterprise Sales Executive,Enterprise Sales,"Georgia, USA, Remote",nontech,mid,0,0,0,,125000,https://careers.datadoghq.com/detail/7405822/?gh_jid=7405822
2026-08-18,DDOG,Datadog,Enterprise Sales Executive,Enterprise Sales,"Montreal, Canada; Quebec City, Quebec, Canada",nontech,mid,0,0,0,,100000,https://careers.datadoghq.com/detail/4828332/?gh_jid=4828332
2026-08-18,DDOG,Datadog,Enterprise Sales Executive,Enterprise Sales,"North Carolina, USA, Remote; Tennessee, USA, Remote",nontech,mid,0,0,0,,110000,https://careers.datadoghq.com/detail/7465857/?gh_jid=7465857
2026-08-18,DDOG,Datadog,Enterprise Sales Executive,Enterprise Sales,"Florida, USA, Remote",nontech,mid,0,0,0,,110000,https://careers.datadoghq.com/detail/7466155/?gh_jid=7466155
2026-08-18,DDOG,Datadog,Enterprise Sales Executive,Enterprise Sales,"Boston, Massachusetts, USA",nontech,mid,0,0,0,,110000,https://careers.datadoghq.com/detail/7410254/?gh_jid=7410254
2026-08-18,DDOG,Datadog,Enterprise Sales Executive (Benelux),Enterprise Sales,"Amsterdam, The Netherlands",nontech,mid,0,0,0,,100000,https://careers.datadoghq.com/detail/6185452/?gh_jid=6185452
2026-08-18,DDOG,Datadog,Enterprise Sales Executive (FED),Enterprise Sales,"Washington, District of Columbia, USA",nontech,mid,0,0,0,,125000,https://careers.datadoghq.com/detail/7426680/?gh_jid=7426680
2026-08-18,DDOG,Datadog,Enterprise Sales Executive (FED),Enterprise Sales,"Maryland, USA, Remote; Virginia, USA, Remote",nontech,mid,0,0,0,,125000,https://careers.datadoghq.com/detail/7421284/?gh_jid=7421284
2026-08-18,DDOG,Datadog,Enterprise Sales Executive (SLED),Enterprise Sales,"Illinois, USA, Remote; Michigan, USA, Remote; Texas, USA, Remote",nontech,mid,0,0,0,,85000,https://careers.datadoghq.com/detail/7453039/?gh_jid=7453039
2026-08-18,DDOG,Datadog,Enterprise Sales Executive (SLED),Enterprise Sales,"San Francisco, California, USA",nontech,mid,0,0,0,,85000,https://careers.datadoghq.com/detail/7426752/?gh_jid=7426752
2026-08-18,DDOG,Datadog,Enterprise Sales Executive (Sweden) ,Enterprise Sales,"Stockholm, Sweden",nontech,mid,0,0,0,,100000,https://careers.datadoghq.com/detail/5925905/?gh_jid=5925905
2026-08-18,DDOG,Datadog,Enterprise Sales Executive (Vietnam Market),Enterprise Sales,"Singapore, Singapore",nontech,mid,0,0,0,,100000,https://careers.datadoghq.com/detail/7590670/?gh_jid=7590670
2026-08-18,DDOG,Datadog,Enterprise Security Sales Specialist,Enterprise Sales,"District of Columbia, USA, Remote; North Carolina, USA, Remote",nontech,mid,0,0,0,,131500,https://careers.datadoghq.com/detail/7132132/?gh_jid=7132132
2026-08-18,DDOG,Datadog,Enterprise Security Sales Specialist,Enterprise Sales,"Boston, Massachusetts, USA; New York, New York, USA",nontech,mid,0,0,0,,131500,https://careers.datadoghq.com/detail/7129425/?gh_jid=7129425
2026-08-18,DDOG,Datadog,Executive Assistant II - Paris,People,"Paris, France",other,mid,0,0,0,,,https://careers.datadoghq.com/detail/8096323/?gh_jid=8096323
2026-08-18,DDOG,Datadog,Federal Support Engineer 3,Support Engineering,"Denver, Colorado, USA",product_eng,mid,0,0,0,,107000,https://careers.datadoghq.com/detail/7997846/?gh_jid=7997846
2026-08-18,DDOG,Datadog,Field CTO (Japan),Product Solutions Architecture,"Tokyo, Japan",other,mid,0,0,0,,,https://careers.datadoghq.com/detail/7526356/?gh_jid=7526356
2026-08-18,DDOG,Datadog,Field CTO (Japan),Product Solutions Architecture,"Tokyo, Japan",other,mid,0,0,0,,,https://careers.datadoghq.com/detail/7703553/?gh_jid=7703553
2026-08-18,DDOG,Datadog,Field Marketing Manager,Field Marketing,"Bangalore, India",nontech,mid,0,0,0,,,https://careers.datadoghq.com/detail/8003073/?gh_jid=8003073
2026-08-18,DDOG,Datadog,Field Marketing Manager (APJ),Field Marketing,"Singapore, Singapore",nontech,mid,0,0,0,,,https://careers.datadoghq.com/detail/8081919/?gh_jid=8081919
2026-08-18,DDOG,Datadog,Field Marketing Manager (UKI),Field Marketing,"London, United Kingdom",nontech,mid,0,0,0,,,https://careers.datadoghq.com/detail/8114585/?gh_jid=8114585
2026-08-18,DDOG,Datadog,FP&A Analyst - Data Insights,Finance,"New York, New York, USA",other,mid,0,0,0,,115500,https://careers.datadoghq.com/detail/7964916/?gh_jid=7964916
2026-08-18,DDOG,Datadog,Group Product Manager - Bring Your Own Cloud,Product Management,"New York, New York, USA",product_eng,mid,0,6,1,application,274500,https://careers.datadoghq.com/detail/8024863/?gh_jid=8024863
2026-08-18,DDOG,Datadog,"Group Product Manager, Cloud Security",Product Management,"New York, New York, USA",product_eng,mid,0,0,0,,274500,https://careers.datadoghq.com/detail/8029539/?gh_jid=8029539
2026-08-18,DDOG,Datadog,Group Product Manager - Code Security,Product Management,"New York, New York, USA",product_eng,mid,0,0,0,,274500,https://careers.datadoghq.com/detail/8023763/?gh_jid=8023763
2026-08-18,DDOG,Datadog,GTM Operations Associate,Sales Strategy,"New York, New York, USA",nontech,mid,0,3,1,application,116500,https://careers.datadoghq.com/detail/8049521/?gh_jid=8049521
2026-08-18,DDOG,Datadog,GTM Strategy and Operations Associate,Sales Strategy,"New York, New York, USA",nontech,mid,0,1,0,buzz,116500,https://careers.datadoghq.com/detail/7843331/?gh_jid=7843331
2026-08-18,DDOG,Datadog,"Head of Enterprise Sales, Japan",Enterprise Sales,"Tokyo, Japan",nontech,exec,0,0,0,,,https://careers.datadoghq.com/detail/7730200/?gh_jid=7730200
2026-08-18,DDOG,Datadog,"Head of Enterprise Sales, Japan",Enterprise Sales,"Tokyo, Japan",nontech,exec,0,0,0,,,https://careers.datadoghq.com/detail/7729887/?gh_jid=7729887
2026-08-18,DDOG,Datadog,"Head of Executive Search, Business Recruiting",Business Recruiting,"Boston, Massachusetts, USA; Denver, Colorado, USA; New York, New York, USA; San Francisco, California, USA",nontech,exec,0,0,0,,201500,https://careers.datadoghq.com/detail/7961311/?gh_jid=7961311
2026-08-18,DDOG,Datadog,HRIS Manager,People,"New York, New York, USA",other,mid,0,0,0,,161000,https://careers.datadoghq.com/detail/8024708/?gh_jid=8024708
2026-08-18,DDOG,Datadog,Implementation Services Project Manager,Technical Post Sales,"Singapore, Singapore",demand_validated,mid,0,0,0,,,https://careers.datadoghq.com/detail/7809909/?gh_jid=7809909
2026-08-18,DDOG,Datadog,Indirect Tax Manager,Finance,"New York, New York, USA",other,mid,0,0,0,,140000,https://careers.datadoghq.com/detail/8091967/?gh_jid=8091967
2026-08-18,DDOG,Datadog,Key Accounts Executive,Enterprise Sales,"Atlanta, Georgia, USA; Boston, Massachusetts, USA; New York, New York, USA",other,mid,0,0,0,,125000,https://careers.datadoghq.com/detail/7409236/?gh_jid=7409236
2026-08-18,DDOG,Datadog,Lead Designer,Creative Marketing,"New York, New York, USA",product_eng,senior,0,0,0,,139000,https://careers.datadoghq.com/detail/8083862/?gh_jid=8083862
2026-08-18,DDOG,Datadog,Major Account Manager,Enterprise Sales,"California, USA, Remote; Colorado, USA, Remote; Washington, USA, Remote",other,mid,0,0,0,,157500,https://careers.datadoghq.com/detail/7630041/?gh_jid=7630041
2026-08-18,DDOG,Datadog,Major Account Manager (EMEA),Enterprise Sales,"Paris, France; Switzerland, Remote",other,mid,0,0,0,,,https://careers.datadoghq.com/detail/7409175/?gh_jid=7409175
2026-08-18,DDOG,Datadog,"Manager 1, Premier Support Engineering - Denver",Support Engineering,"Denver, Colorado, USA",product_eng,mid,0,0,0,,126000,https://careers.datadoghq.com/detail/8083563/?gh_jid=8083563
2026-08-18,DDOG,Datadog,"Manager 2, Premier Support Engineering",Support Engineering,"Tokyo, Japan",product_eng,mid,0,0,0,,,https://careers.datadoghq.com/detail/7894188/?gh_jid=7894188
2026-08-18,DDOG,Datadog,"Manager, Commercial Sales",Commercial Sales,"Tokyo, Japan",nontech,mid,0,0,0,,,https://careers.datadoghq.com/detail/7463769/?gh_jid=7463769
2026-08-18,DDOG,Datadog,"Manager, Commercial Sales",Commercial Sales,"Tokyo, Japan",nontech,mid,0,0,0,,,https://careers.datadoghq.com/detail/7463989/?gh_jid=7463989
2026-08-18,DDOG,Datadog,"Manager, Customer Success - LATAM (Portuguese-Speaking)",Commercial Customer Success,"Sao Paulo, Brazil",demand_validated,mid,0,0,0,,,https://careers.datadoghq.com/detail/8041622/?gh_jid=8041622
2026-08-18,DDOG,Datadog,"Manager I, Applied AI - Distilled Models",Leadership,"Paris, France",other,mid,1,21,1,application|buzz|general_medium,,https://careers.datadoghq.com/detail/8030598/?gh_jid=8030598
2026-08-18,DDOG,Datadog,"Manager I, Documentation",Community,"California, USA, Remote; Colorado, USA, Remote; Illinois, USA, Remote; New York, USA, Remote; Washington, USA, Remote",other,mid,0,0,0,,162000,https://careers.datadoghq.com/detail/7974666/?gh_jid=7974666
2026-08-18,DDOG,Datadog,"Manager I, Engineering - AI Platform - Evaluation & Annotation",Leadership,"Paris, France",product_eng,mid,1,4,0,data_ml_ops|general_medium,,https://careers.datadoghq.com/detail/7965428/?gh_jid=7965428
2026-08-18,DDOG,Datadog,"Manager I, Engineering - AI Platform - Training & Serving",Leadership,"Paris, France",product_eng,mid,1,5,1,general_medium|model_infra,,https://careers.datadoghq.com/detail/7529852/?gh_jid=7529852
2026-08-18,DDOG,Datadog,"Manager I, Engineering - APM Serverless",Leadership,"New York, New York, USA",product_eng,mid,0,0,0,,216000,https://careers.datadoghq.com/detail/8060821/?gh_jid=8060821
2026-08-18,DDOG,Datadog,"Manager I, Engineering - Applied AI/ML Product Analytics Suite",Leadership,"Paris, France",product_eng,mid,1,5,1,application|general_medium,,https://careers.datadoghq.com/detail/8127768/?gh_jid=8127768
2026-08-18,DDOG,Datadog,"Manager I, Engineering - Applied AI - Natural Language & Conversational Interfaces",Leadership,"New York, New York, USA",product_eng,mid,1,21,1,application|buzz|general_medium,216000,https://careers.datadoghq.com/detail/7560494/?gh_jid=7560494
2026-08-18,DDOG,Datadog,"Manager I, Engineering - Change Experience Platform",Leadership,"New York, New York, USA",product_eng,mid,0,0,0,,216000,https://careers.datadoghq.com/detail/8031007/?gh_jid=8031007
2026-08-18,DDOG,Datadog,"Manager I, Engineering - Code Coverage",Leadership,"Madrid, Spain",product_eng,mid,0,7,1,application|buzz,,https://careers.datadoghq.com/detail/8048588/?gh_jid=8048588
2026-08-18,DDOG,Datadog,"Manager I, Engineering - Code Security",Leadership,"Paris, France",product_eng,mid,0,6,1,application,,https://careers.datadoghq.com/detail/8108378/?gh_jid=8108378
2026-08-18,DDOG,Datadog,"Manager I, Engineering - Core Analytics",Leadership,"New York, New York, USA",product_eng,mid,0,6,1,application|model_infra,216000,https://careers.datadoghq.com/detail/7696093/?gh_jid=7696093
2026-08-18,DDOG,Datadog,"Manager I, Engineering - Data Visualization Explorations",Leadership,"New York, New York, USA",product_eng,mid,0,0,0,,216000,https://careers.datadoghq.com/detail/7947742/?gh_jid=7947742
2026-08-18,DDOG,Datadog,"Manager I, Engineering - Experiments",Leadership,"New York, New York, USA",product_eng,mid,0,0,0,,216000,https://careers.datadoghq.com/detail/8060788/?gh_jid=8060788
2026-08-18,DDOG,Datadog,"Manager I, Engineering - Husky",Leadership,"Paris, France",product_eng,mid,0,0,0,,,https://careers.datadoghq.com/detail/7959705/?gh_jid=7959705
2026-08-18,DDOG,Datadog,"Manager I, Engineering - Observability Pipelines (OP)",Dev Eng,"Paris, France",product_eng,mid,0,0,0,,,https://careers.datadoghq.com/detail/8074318/?gh_jid=8074318
2026-08-18,DDOG,Datadog,"Manager I, Engineering - Onboarding Growth",Leadership,"New York, New York, USA",product_eng,mid,0,0,0,,216000,https://careers.datadoghq.com/detail/8041594/?gh_jid=8041594
2026-08-18,DDOG,Datadog,"Manager I, Engineering - OrgStore Blueprint",Leadership,"Madrid, Spain",product_eng,mid,0,0,0,,,https://careers.datadoghq.com/detail/7586019/?gh_jid=7586019
2026-08-18,DDOG,Datadog,"Manager I, Engineering - Security Libraries",Dev Eng,"Paris, France",product_eng,mid,0,0,0,,,https://careers.datadoghq.com/detail/8094219/?gh_jid=8094219
2026-08-18,DDOG,Datadog,"Manager I, Engineering - Sensitive Data Scanner",Leadership,"Paris, France",product_eng,mid,0,0,0,,,https://careers.datadoghq.com/detail/8102794/?gh_jid=8102794
2026-08-18,DDOG,Datadog,"Manager I, Engineering - Source Code Integration",Leadership,"Paris, France",product_eng,mid,0,3,1,application,,https://careers.datadoghq.com/detail/8051068/?gh_jid=8051068
2026-08-18,DDOG,Datadog,"Manager II, Engineering - Logs",Leadership,"New York, New York, USA",product_eng,mid,0,0,0,,267000,https://careers.datadoghq.com/detail/8031320/?gh_jid=8031320
2026-08-18,DDOG,Datadog,"Manager II, Engineering - Observability Pipelines",Dev Eng,"New York, New York, USA",product_eng,mid,0,0,0,,283500,https://careers.datadoghq.com/detail/8103585/?gh_jid=8103585
2026-08-18,DDOG,Datadog,"Manager II, Premier Support Engineering",Support Engineering,"Sao Paulo, Brazil",product_eng,mid,0,0,0,,,https://careers.datadoghq.com/detail/8083978/?gh_jid=8083978
2026-08-18,DDOG,Datadog,"Manager II, Premier Support Engineering - EMEA",Support Engineering,"Paris, France",product_eng,mid,0,0,0,,,https://careers.datadoghq.com/detail/7496237/?gh_jid=7496237
2026-08-18,DDOG,Datadog,"Manager II, Services Architect",Technical Post Sales,"Singapore, Singapore",product_eng,mid,0,0,0,,,https://careers.datadoghq.com/detail/7939294/?gh_jid=7939294
2026-08-18,DDOG,Datadog,"Manager II, Technical Escalations Engineering",Support Engineering,"Sydney, Australia",product_eng,mid,0,0,0,,,https://careers.datadoghq.com/detail/7946547/?gh_jid=7946547
2026-08-18,DDOG,Datadog,"Manager, Internal Product Analytics",Product Management,"New York, New York, USA",other,intern,0,4,1,application|buzz,180000,https://careers.datadoghq.com/detail/8128810/?gh_jid=8128810
2026-08-18,DDOG,Datadog,"Manager I, Technical Account Management - Chicago/Denver",Technical Post Sales,"Chicago, Illinois, USA",other,mid,0,0,0,,179500,https://careers.datadoghq.com/detail/7787715/?gh_jid=7787715
2026-08-18,DDOG,Datadog,"Manager I, Technical Escalations Engineering - Paris",Support Engineering,"Paris, France",product_eng,mid,0,0,0,,,https://careers.datadoghq.com/detail/8013353/?gh_jid=8013353
2026-08-18,DDOG,Datadog,"Manager I, Technical Support Engineering",Support Engineering,"Tokyo, Japan",product_eng,mid,0,0,0,,,https://careers.datadoghq.com/detail/7343626/?gh_jid=7343626
2026-08-18,DDOG,Datadog,"Manager I, Technical Support Engineering",Support Engineering,"Seoul, South Korea",product_eng,mid,0,0,0,,,https://careers.datadoghq.com/detail/8014851/?gh_jid=8014851
2026-08-18,DDOG,Datadog,"Manager, Mid Market - Brazil",Mid-Market Sales,"Sao Paulo, Brazil",other,mid,0,0,0,,,https://careers.datadoghq.com/detail/7800409/?gh_jid=7800409
2026-08-18,DDOG,Datadog,"Manager, Networking",Enterprise Technology,"Boston, Massachusetts, USA; Denver, Colorado, USA; New York, New York, USA",other,mid,0,0,0,,166000,https://careers.datadoghq.com/detail/6632056/?gh_jid=6632056
2026-08-18,DDOG,Datadog,"Manager, Sales Field Enablement, APJ",GTM Enablement,"Singapore, Singapore",nontech,mid,0,0,0,,,https://careers.datadoghq.com/detail/8047666/?gh_jid=8047666
2026-08-18,DDOG,Datadog,"Manager, Strategic Sourcing, AI Infrastructure & Services",Finance,"New York, New York, USA",other,mid,1,4,0,general_medium,157500,https://careers.datadoghq.com/detail/8024670/?gh_jid=8024670
2026-08-18,DDOG,Datadog,Mid Market Account Executive,Mid-Market Sales,"Tokyo, Japan",demand_validated,mid,0,0,0,,,https://careers.datadoghq.com/detail/6522009/?gh_jid=6522009
2026-08-18,DDOG,Datadog,Mid Market Account Executive,Mid-Market Sales,"Bangalore, India",demand_validated,mid,0,0,0,,,https://careers.datadoghq.com/detail/7785319/?gh_jid=7785319
2026-08-18,DDOG,Datadog,Mid Market Account Executive,Mid-Market Sales,"New York, New York, USA",demand_validated,mid,0,0,0,,92500,https://careers.datadoghq.com/detail/6665385/?gh_jid=6665385
2026-08-18,DDOG,Datadog,Mid Market Account Executive,Mid-Market Sales,"Tokyo, Japan",demand_validated,mid,0,0,0,,,https://careers.datadoghq.com/detail/6523631/?gh_jid=6523631
2026-08-18,DDOG,Datadog,Mid Market Account Executive,Mid-Market Sales,"Denver, Colorado, USA",demand_validated,mid,0,0,0,,92500,https://careers.datadoghq.com/detail/6163246/?gh_jid=6163246
2026-08-18,DDOG,Datadog,Mid Market Account Executive - Benelux,Mid-Market Sales,"Amsterdam, The Netherlands",demand_validated,mid,0,0,0,,,https://careers.datadoghq.com/detail/8096105/?gh_jid=8096105
2026-08-18,DDOG,Datadog,Mid-Market Account Executive - Boston,Mid-Market Sales,"Boston, Massachusetts, USA",demand_validated,mid,0,0,0,,92500,https://careers.datadoghq.com/detail/6798820/?gh_jid=6798820
2026-08-18,DDOG,Datadog,Mid-Market Account Executive (DACH),Mid-Market Sales,"Amsterdam, The Netherlands; Dublin, Ireland",demand_validated,mid,0,0,0,,,https://careers.datadoghq.com/detail/7476847/?gh_jid=7476847
2026-08-18,DDOG,Datadog,Mid-Market Account Executive - San Francisco,Mid-Market Sales,"San Francisco, California, USA",demand_validated,mid,0,0,0,,92500,https://careers.datadoghq.com/detail/7082012/?gh_jid=7082012
2026-08-18,DDOG,Datadog,Mid-Market Account Executive - (Turkey),Mid-Market Sales,"Amsterdam, The Netherlands",demand_validated,mid,0,0,0,,,https://careers.datadoghq.com/detail/8030635/?gh_jid=8030635
2026-08-18,DDOG,Datadog,Mid-Market Sales Engineer (AMER - East),Commercial & Mid-Market Sales Engineering,"Boston, Massachusetts, USA",demand_validated,mid,0,0,0,,137500,https://careers.datadoghq.com/detail/8088995/?gh_jid=8088995
2026-08-18,DDOG,Datadog,Mid-Market Sales Engineer (NYC),Commercial & Mid-Market Sales Engineering,"New York, New York, USA",demand_validated,mid,0,0,0,,137500,https://careers.datadoghq.com/detail/8114029/?gh_jid=8114029
2026-08-18,DDOG,Datadog,Mid-Market Sales Engineer (Sao Paulo),Commercial & Mid-Market Sales Engineering,"Sao Paulo, Brazil",demand_validated,mid,0,0,0,,,https://careers.datadoghq.com/detail/8080606/?gh_jid=8080606
2026-08-18,DDOG,Datadog,Mid-Market Sales (Italy/Spain),Mid-Market Sales,"Amsterdam, The Netherlands",nontech,mid,0,0,0,,,https://careers.datadoghq.com/detail/7530418/?gh_jid=7530418
2026-08-18,DDOG,Datadog,Office Operations Associate,Business Operations,"Bangalore, India",nontech,mid,0,0,0,,,https://careers.datadoghq.com/detail/8102152/?gh_jid=8102152
2026-08-18,DDOG,Datadog,Office Operations Associate - Boston,Business Operations,"Boston, Massachusetts, USA",nontech,mid,0,0,0,,59500,https://careers.datadoghq.com/detail/8110038/?gh_jid=8110038
2026-08-18,DDOG,Datadog,Office Operations Associate - NYC,Business Operations,"New York, New York, USA",nontech,mid,0,0,0,,59500,https://careers.datadoghq.com/detail/8046660/?gh_jid=8046660
2026-08-18,DDOG,Datadog,Office Technology Administrator II,Enterprise Technology,"Paris, France",nontech,mid,0,0,0,,,https://careers.datadoghq.com/detail/8028254/?gh_jid=8028254
2026-08-18,DDOG,Datadog,Partner Manager - Channels,Channels & Alliances,"Illinois, USA, Remote; Michigan, USA, Remote; Minnesota, USA, Remote; Ohio, USA, Remote; Texas, USA, Remote",other,mid,0,0,0,,95500,https://careers.datadoghq.com/detail/7872382/?gh_jid=7872382
2026-08-18,DDOG,Datadog,Partner Manager - Channels ,Channels & Alliances,"Mexico City, Mexico",other,mid,0,0,0,,,https://careers.datadoghq.com/detail/7868711/?gh_jid=7868711
2026-08-18,DDOG,Datadog,Partner Solutions Architect,Channels & Alliances,"Seoul, South Korea",demand_validated,mid,0,0,0,,,https://careers.datadoghq.com/detail/7926141/?gh_jid=7926141
2026-08-18,DDOG,Datadog,Partner Solutions Architect (ANZ),Channels & Alliances,"Sydney, Australia",demand_validated,mid,0,0,0,,,https://careers.datadoghq.com/detail/7922975/?gh_jid=7922975
2026-08-18,DDOG,Datadog,Partner Solutions Architect (Brazil),Channels & Alliances,"Sao Paulo, Brazil",demand_validated,mid,0,0,0,,,https://careers.datadoghq.com/detail/7967871/?gh_jid=7967871
2026-08-18,DDOG,Datadog,Partner Solutions Architect (Colombia),Channels & Alliances,"Colombia, Remote",demand_validated,mid,0,0,0,,,https://careers.datadoghq.com/detail/7977644/?gh_jid=7977644
2026-08-18,DDOG,Datadog,Partner Solutions Architect (EMEA),Channels & Alliances,"Amsterdam, The Netherlands; Germany, Remote",demand_validated,mid,0,0,0,,,https://careers.datadoghq.com/detail/8094179/?gh_jid=8094179
2026-08-18,DDOG,Datadog,Partner Solutions Architect (EMEA),Channels & Alliances,"Italy, Remote; Paris, France; Portugal, Remote; Spain, Remote",demand_validated,mid,0,0,0,,,https://careers.datadoghq.com/detail/7683726/?gh_jid=7683726
2026-08-18,DDOG,Datadog,Partner Solutions Architect (GSI) - AMER East,Channels & Alliances,"Boston, Massachusetts, USA; New York, New York, USA",demand_validated,mid,0,0,0,,174000,https://careers.datadoghq.com/detail/8003977/?gh_jid=8003977
2026-08-18,DDOG,Datadog,Partner Solutions Architect (GSI) - AMER West,Channels & Alliances,"California, USA, Remote; Illinois, USA, Remote; Texas, USA, Remote; Washington, USA, Remote",demand_validated,mid,0,0,0,,174000,https://careers.datadoghq.com/detail/8015631/?gh_jid=8015631
2026-08-18,DDOG,Datadog,Partner Solutions Architect (GSI) - AMER West,Channels & Alliances,"Denver, Colorado, USA; San Francisco, California, USA",demand_validated,mid,0,0,0,,174000,https://careers.datadoghq.com/detail/8010455/?gh_jid=8010455
2026-08-18,DDOG,Datadog,Partner Solutions Architect (India GSI),Channels & Alliances,"Bangalore, India",demand_validated,mid,0,0,0,,,https://careers.datadoghq.com/detail/7984988/?gh_jid=7984988
2026-08-18,DDOG,Datadog,Partner Solutions Architect (Pan-EMEA GSI),Channels & Alliances,"Amsterdam, The Netherlands; Germany, Remote; Italy, Remote; London, United Kingdom; Madrid, Spain; Stockholm, Sweden",demand_validated,mid,0,0,0,,,https://careers.datadoghq.com/detail/7997198/?gh_jid=7997198
2026-08-18,DDOG,Datadog,Partner Solutions Architect (Pan-EMEA GSI),Channels & Alliances,"Lisbon, Portugal",demand_validated,mid,0,0,0,,,https://careers.datadoghq.com/detail/8095963/?gh_jid=8095963
2026-08-18,DDOG,Datadog,Partner Technology Solutions Engineer,Product Management,"New York, New York, USA",demand_validated,mid,0,0,0,,175500,https://careers.datadoghq.com/detail/7961297/?gh_jid=7961297
2026-08-18,DDOG,Datadog,Payroll Specialist,People,"Boston, Massachusetts, USA; Denver, Colorado, USA; New York, New York, USA",nontech,mid,0,0,0,,93000,https://careers.datadoghq.com/detail/8028508/?gh_jid=8028508
2026-08-18,DDOG,Datadog,People Solutions Coordinator (NYC),People,"New York, New York, USA",other,mid,0,0,0,,65000,https://careers.datadoghq.com/detail/7728298/?gh_jid=7728298
2026-08-18,DDOG,Datadog,"People Strategy, Engineering",People,"New York, New York, USA",product_eng,mid,0,1,0,buzz,189000,https://careers.datadoghq.com/detail/8098833/?gh_jid=8098833
2026-08-18,DDOG,Datadog,People Systems Developer,People,"Boston, Massachusetts, USA; Denver, Colorado, USA; New York, New York, USA",product_eng,mid,0,3,1,application,175500,https://careers.datadoghq.com/detail/7874990/?gh_jid=7874990
2026-08-18,DDOG,Datadog,Principal Analyst Relations Manager,Corporate Marketing & Comms,"Boston, Massachusetts, USA; New York, New York, USA; San Francisco, California, USA",other,staff_principal,0,0,0,,184000,https://careers.datadoghq.com/detail/7905494/?gh_jid=7905494
2026-08-18,DDOG,Datadog,Principal Partner Manager - Channels (GSI),Channels & Alliances,"Florida, USA, Remote; Illinois, USA, Remote; New Jersey, USA, Remote; Texas, USA, Remote; Washington, USA, Remote",other,staff_principal,0,0,0,,161000,https://careers.datadoghq.com/detail/7584250/?gh_jid=7584250
2026-08-18,DDOG,Datadog,Principal Partner Manager - Channels (GSI),Channels & Alliances,"Boston, Massachusetts, USA; Denver, Colorado, USA; New York, New York, USA; San Francisco, California, USA",other,staff_principal,0,0,0,,161000,https://careers.datadoghq.com/detail/7582679/?gh_jid=7582679
2026-08-18,DDOG,Datadog,Principal Partner Manager - Channels (Middle East GSI),Channels & Alliances,"Dubai, United Arab Emirates",other,staff_principal,0,0,0,,,https://careers.datadoghq.com/detail/8076595/?gh_jid=8076595
2026-08-18,DDOG,Datadog,Principal Partner Manager - Channels (Nordics),Channels & Alliances,"Copenhagen, Denmark; Stockholm, Sweden",other,staff_principal,0,0,0,,,https://careers.datadoghq.com/detail/7580196/?gh_jid=7580196
2026-08-18,DDOG,Datadog,Principal Partner Manager - Channels (UKI Security),Channels & Alliances,"London, United Kingdom; United Kingdom, Remote",other,staff_principal,0,0,0,,,https://careers.datadoghq.com/detail/7747740/?gh_jid=7747740
2026-08-18,DDOG,Datadog,Principal Partner Manager - Technology Alliances,Channels & Alliances,"California, USA, Remote; Massachusetts, USA, Remote; New York, New York, USA; New York, USA, Remote; Texas, USA, Remote; Washington, USA, Remote",other,staff_principal,0,0,0,,227500,https://careers.datadoghq.com/detail/7976823/?gh_jid=7976823
2026-08-18,DDOG,Datadog,Principal Partner Solutions Architect (Public Sector - Fed),Channels & Alliances,"District of Columbia, USA, Remote; Maryland, USA, Remote; Virginia, USA, Remote",demand_validated,staff_principal,0,0,0,,227500,https://careers.datadoghq.com/detail/7943824/?gh_jid=7943824
2026-08-18,DDOG,Datadog,Product Management Intern,Engineering Interns,"New York, New York, USA",other,intern,0,1,0,buzz,105000,https://careers.datadoghq.com/detail/8108241/?gh_jid=8108241
2026-08-18,DDOG,Datadog,"Product Manager II, AI & Data Security",Product Management,"Boston, Massachusetts, USA; New York, New York, USA",product_eng,mid,1,8,1,application|buzz|model_infra,175500,https://careers.datadoghq.com/detail/7982288/?gh_jid=7982288
2026-08-18,DDOG,Datadog,"Product Manager II, AI & Data Security",Product Management,"Paris, France",product_eng,mid,1,8,1,application|buzz|model_infra,,https://careers.datadoghq.com/detail/8012549/?gh_jid=8012549
2026-08-18,DDOG,Datadog,Product Manager II - Alerting,Product Management,"New York, New York, USA",product_eng,mid,0,1,0,buzz,175000,https://careers.datadoghq.com/detail/8076871/?gh_jid=8076871
2026-08-18,DDOG,Datadog,Product Manager II - Application Performance Monitoring,Product Management,"New York, New York, USA",product_eng,mid,0,3,1,application,175500,https://careers.datadoghq.com/detail/8021327/?gh_jid=8021327
2026-08-18,DDOG,Datadog,Product Manager II - Application Performance Monitoring,Product Management,"Paris, France",product_eng,mid,0,3,1,application,,https://careers.datadoghq.com/detail/8028422/?gh_jid=8028422
2026-08-18,DDOG,Datadog,Product Manager II - Developer Engagement,Product Management,"New York, New York, USA",product_eng,mid,0,1,0,buzz,175500,https://careers.datadoghq.com/detail/8064898/?gh_jid=8064898
2026-08-18,DDOG,Datadog,Product Manager II - SQL & Sheets Growth,Product Management,"New York, New York, USA",product_eng,mid,0,0,0,,175500,https://careers.datadoghq.com/detail/8119973/?gh_jid=8119973
2026-08-18,DDOG,Datadog,Product Marketing Manager - Incident Response,Product Marketing,"New York, New York, USA; San Francisco, California, USA",nontech,mid,0,0,0,,143500,https://careers.datadoghq.com/detail/8121553/?gh_jid=8121553
2026-08-18,DDOG,Datadog,Product Operations Manager,Product Management,"New York, New York, USA",nontech,mid,0,7,1,application|buzz,147500,https://careers.datadoghq.com/detail/7991343/?gh_jid=7991343
2026-08-18,DDOG,Datadog,"Product Strategy and Corporate Development Lead, AI",Corporate Development,"New York, New York, USA",other,senior,1,0,0,,198500,https://careers.datadoghq.com/detail/8011158/?gh_jid=8011158
2026-08-18,DDOG,Datadog,Product Strategy and Corporate Development Lead (EMEA),Corporate Development,"Paris, France",other,senior,0,5,1,application|data_ml_ops,,https://careers.datadoghq.com/detail/7413847/?gh_jid=7413847
2026-08-18,DDOG,Datadog,"Program Manager, AI and Developer Community Content and Events",Community,"San Francisco, California, USA",product_eng,mid,1,0,0,,163500,https://careers.datadoghq.com/detail/8094924/?gh_jid=8094924
2026-08-18,DDOG,Datadog,Program Manager - Community Content and Events (EMEA),Community,"Paris, France",other,mid,0,0,0,,,https://careers.datadoghq.com/detail/8091868/?gh_jid=8091868
2026-08-18,DDOG,Datadog,Real Estate Associate Project Manager,Business Operations,"Amsterdam, The Netherlands; London, United Kingdom; Paris, France",other,mid,0,0,0,,,https://careers.datadoghq.com/detail/7732564/?gh_jid=7732564
2026-08-18,DDOG,Datadog,"Recruiter, Enterprise Sales",Business Recruiting,"Dublin, Ireland; London, United Kingdom",nontech,mid,0,0,0,,,https://careers.datadoghq.com/detail/8096400/?gh_jid=8096400
2026-08-18,DDOG,Datadog,"Recruiter, GTM",Business Recruiting,"Boston, Massachusetts, USA; New York, New York, USA",nontech,mid,0,0,0,,114000,https://careers.datadoghq.com/detail/7927485/?gh_jid=7927485
2026-08-18,DDOG,Datadog,"Recruiter II, Business Recruiting",Business Recruiting,"Singapore, Singapore",nontech,mid,0,0,0,,,https://careers.datadoghq.com/detail/8041182/?gh_jid=8041182
2026-08-18,DDOG,Datadog,"Recruiter II, Business Recruiting",Business Recruiting,"Tokyo, Japan",nontech,mid,0,0,0,,,https://careers.datadoghq.com/detail/7650367/?gh_jid=7650367
2026-08-18,DDOG,Datadog,Regional Director - Enterprise Sales (Saudi Arabia) ,Enterprise Sales,"Riyadh, Saudi Arabia",nontech,director,0,0,0,,,https://careers.datadoghq.com/detail/7338847/?gh_jid=7338847
2026-08-18,DDOG,Datadog,"Regional Manager, Sales Engineering - Public Sector",Enterprise Sales Engineering,"Tokyo, Japan",demand_validated,mid,0,0,0,,,https://careers.datadoghq.com/detail/8003531/?gh_jid=8003531
2026-08-18,DDOG,Datadog,"Regional Manager, Sales Engineering - Public Sector",Enterprise Sales Engineering,"Tokyo, Japan",demand_validated,mid,0,0,0,,,https://careers.datadoghq.com/detail/8113562/?gh_jid=8113562
2026-08-18,DDOG,Datadog,"Regional Manager, Sales Engineering - Security (NORAM)",Enterprise Sales Engineering,"Maryland, USA, Remote; Massachusetts, USA, Remote; New Jersey, USA, Remote; New York, New York, USA; Virginia, USA, Remote",demand_validated,mid,0,0,0,,175000,https://careers.datadoghq.com/detail/8016279/?gh_jid=8016279
2026-08-18,DDOG,Datadog,"Regional Manager, Sales Engineering - UK",Enterprise Sales Engineering,"London, United Kingdom",demand_validated,mid,0,0,0,,,https://careers.datadoghq.com/detail/8048106/?gh_jid=8048106
2026-08-18,DDOG,Datadog,Sales Development Representative,Sales Development,"Tokyo, Japan",nontech,mid,0,0,0,,,https://careers.datadoghq.com/detail/7806117/?gh_jid=7806117
2026-08-18,DDOG,Datadog,Sales Development Representative,Sales Development,"Tokyo, Japan",nontech,mid,0,0,0,,,https://careers.datadoghq.com/detail/7806043/?gh_jid=7806043
2026-08-18,DDOG,Datadog,Sales Development Representative,Sales Development,"Seoul, South Korea",nontech,mid,0,0,0,,,https://careers.datadoghq.com/detail/6686710/?gh_jid=6686710
2026-08-18,DDOG,Datadog,Sales Development Representative,Sales Development,"Seoul, South Korea",nontech,mid,0,0,0,,,https://careers.datadoghq.com/detail/6690499/?gh_jid=6690499
2026-08-18,DDOG,Datadog,Sales Development Representative,Sales Development,"Sydney, Australia",nontech,mid,0,0,0,,,https://careers.datadoghq.com/detail/8042600/?gh_jid=8042600
2026-08-18,DDOG,Datadog,Sales Development Representative (Benelux),Sales Development,"Dublin, Ireland",nontech,mid,0,0,0,,,https://careers.datadoghq.com/detail/7180254/?gh_jid=7180254
2026-08-18,DDOG,Datadog,Sales Development Representative (DACH) ,Sales Development,"Amsterdam, The Netherlands",nontech,mid,0,0,0,,,https://careers.datadoghq.com/detail/6307160/?gh_jid=6307160
2026-08-18,DDOG,Datadog,Sales Development Representative (France),Sales Development,"Dublin, Ireland",nontech,mid,0,0,0,,,https://careers.datadoghq.com/detail/7034798/?gh_jid=7034798
2026-08-18,DDOG,Datadog,Sales Development Representative (Indonesia Market),Sales Development,"Singapore, Singapore",nontech,mid,0,0,0,,,https://careers.datadoghq.com/detail/8042602/?gh_jid=8042602
2026-08-18,DDOG,Datadog,Sales Development Representative (LATAM - Portuguese Speaking),Sales Development,"Denver, Colorado, USA",nontech,mid,0,0,0,,50000,https://careers.datadoghq.com/detail/6685931/?gh_jid=6685931
2026-08-18,DDOG,Datadog,Sales Development Representative (Nordics) - Dublin,Sales Development,"Dublin, Ireland",nontech,mid,0,0,0,,,https://careers.datadoghq.com/detail/6857395/?gh_jid=6857395
2026-08-18,DDOG,Datadog,Sales Development Representative - Turkey,Sales Development,"Dublin, Ireland",nontech,mid,0,0,0,,,https://careers.datadoghq.com/detail/8094071/?gh_jid=8094071
2026-08-18,DDOG,Datadog,Sales Development Representative (UKI),Sales Development,"Dublin, Ireland",nontech,mid,0,0,0,,,https://careers.datadoghq.com/detail/7016097/?gh_jid=7016097
2026-08-18,DDOG,Datadog,Sales Engineer (Customer Success),Commercial & Mid-Market Sales Engineering,"Boston, Massachusetts, USA",demand_validated,mid,0,0,0,,93000,https://careers.datadoghq.com/detail/8045678/?gh_jid=8045678
2026-08-18,DDOG,Datadog,Sales Revenue Analyst - Boston,Sales Operations,"Boston, Massachusetts, USA",nontech,mid,0,0,0,,92000,https://careers.datadoghq.com/detail/7587086/?gh_jid=7587086
2026-08-18,DDOG,Datadog,Security Engineer 2 - Cyber Threat Intelligence,Security,"New York, New York, USA",product_eng,mid,0,0,0,,175500,https://careers.datadoghq.com/detail/7982345/?gh_jid=7982345
2026-08-18,DDOG,Datadog,Security Sales Engineer,Enterprise Sales Engineering,"Florida, USA, Remote; Massachusetts, USA, Remote; New York, USA, Remote",demand_validated,mid,0,0,0,,137500,https://careers.datadoghq.com/detail/7554877/?gh_jid=7554877
2026-08-18,DDOG,Datadog,Senior Accountant,Finance,"New York, New York, USA",other,senior,0,0,0,,99000,https://careers.datadoghq.com/detail/7921854/?gh_jid=7921854
2026-08-18,DDOG,Datadog,Senior Applied Scientist,Dev Eng,"Paris, France",other,senior,0,1,0,buzz,,https://careers.datadoghq.com/detail/6781197/?gh_jid=6781197
2026-08-18,DDOG,Datadog,Senior Applied Scientist - Behavior AI,Dev Eng,"Paris, France",other,senior,1,9,1,application|buzz|general_medium|model_infra,,https://careers.datadoghq.com/detail/8045964/?gh_jid=8045964
2026-08-18,DDOG,Datadog,Senior Cloud Security Engineer - K8s,Security,"New York, New York, USA",product_eng,senior,0,0,0,,213500,https://careers.datadoghq.com/detail/7815616/?gh_jid=7815616
2026-08-18,DDOG,Datadog,Senior Commercial Counsel,Legal Operations,"Singapore, Singapore",nontech,senior,0,3,1,application,,https://careers.datadoghq.com/detail/7905276/?gh_jid=7905276
2026-08-18,DDOG,Datadog,"Senior Corporate Development Lead, AI",Corporate Development,"San Francisco, California, USA",other,senior,1,0,0,,248500,https://careers.datadoghq.com/detail/7555575/?gh_jid=7555575
2026-08-18,DDOG,Datadog,"Senior Curriculum Manager, Sales Enablement",GTM Enablement,"New York, New York, USA",nontech,senior,0,0,0,,135000,https://careers.datadoghq.com/detail/7624552/?gh_jid=7624552
2026-08-18,DDOG,Datadog,Senior Developer Advocate - Modern App Development,Community,"California, USA, Remote; Nevada, USA, Remote; Texas, USA, Remote; Washington, USA, Remote",product_eng,senior,0,0,0,,193500,https://careers.datadoghq.com/detail/7985840/?gh_jid=7985840
2026-08-18,DDOG,Datadog,"Senior Director, Growth Marketing - Organic Growth (SEO/GEO/PLG)",Demand Generation,"San Francisco, California, USA",nontech,director,0,3,1,application,249500,https://careers.datadoghq.com/detail/8036385/?gh_jid=8036385
2026-08-18,DDOG,Datadog,Senior Enterprise Customer Success Manager,Enterprise Customer Success,"Tokyo, Japan",demand_validated,senior,0,0,0,,,https://careers.datadoghq.com/detail/8054902/?gh_jid=8054902
2026-08-18,DDOG,Datadog,Senior Enterprise Customer Success Manager,Enterprise Customer Success,"Tokyo, Japan",demand_validated,senior,0,0,0,,,https://careers.datadoghq.com/detail/8054774/?gh_jid=8054774
2026-08-18,DDOG,Datadog,Senior Financial Systems Analyst,Finance,"New York, New York, USA",other,senior,0,0,0,,93500,https://careers.datadoghq.com/detail/8002771/?gh_jid=8002771
2026-08-18,DDOG,Datadog,"Senior Manager, Enterprise Customer Success",Enterprise Customer Success,"Tokyo, Japan",demand_validated,senior,0,0,0,,,https://careers.datadoghq.com/detail/8108349/?gh_jid=8108349
2026-08-18,DDOG,Datadog,"Senior Manager, Product Solutions Architecture",Product Solutions Architecture,"Boston, Massachusetts, USA; Denver, Colorado, USA; New York, New York, USA; San Francisco, California, USA",demand_validated,senior,0,0,0,,246000,https://careers.datadoghq.com/detail/7960450/?gh_jid=7960450
2026-08-18,DDOG,Datadog,Senior Mid Market Account Executive - San Francisco,Mid-Market Sales,"San Francisco, California, USA",demand_validated,senior,0,0,0,,105000,https://careers.datadoghq.com/detail/7831520/?gh_jid=7831520
2026-08-18,DDOG,Datadog,Senior Partner Enablement Manager,Channels & Alliances,"Tokyo, Japan",nontech,senior,0,0,0,,,https://careers.datadoghq.com/detail/8007394/?gh_jid=8007394
2026-08-18,DDOG,Datadog,Senior Partner Enablement Manager,Channels & Alliances,"Tokyo, Japan",nontech,senior,0,0,0,,,https://careers.datadoghq.com/detail/8003723/?gh_jid=8003723
2026-08-18,DDOG,Datadog,Senior Partner Manager - Channels,Channels & Alliances,"Mumbai, India",other,senior,0,0,0,,,https://careers.datadoghq.com/detail/7976683/?gh_jid=7976683
2026-08-18,DDOG,Datadog,Senior Partner Manager - Channels,Channels & Alliances,"Tokyo, Japan",other,senior,0,0,0,,,https://careers.datadoghq.com/detail/7984184/?gh_jid=7984184
2026-08-18,DDOG,Datadog,Senior Partner Manager - Channels,Channels & Alliances,"Tokyo, Japan",other,senior,0,0,0,,,https://careers.datadoghq.com/detail/7982373/?gh_jid=7982373
2026-08-18,DDOG,Datadog,Senior Partner Manager - Channels (Indian GSI),Channels & Alliances,"Bangalore, India",other,senior,0,3,1,application,,https://careers.datadoghq.com/detail/8074700/?gh_jid=8074700
2026-08-18,DDOG,Datadog,Senior Partner Manager - Channels (Security),Channels & Alliances,"Sao Paulo, Brazil",other,senior,0,0,0,,,https://careers.datadoghq.com/detail/7582681/?gh_jid=7582681
2026-08-18,DDOG,Datadog,Senior Partner Manager - Channels (UKI),Channels & Alliances,"London, United Kingdom; United Kingdom, Remote",other,senior,0,0,0,,,https://careers.datadoghq.com/detail/8082007/?gh_jid=8082007
2026-08-18,DDOG,Datadog,Senior Partner Marketing Manager - Cloud & Channel,Partner Marketing,"London, United Kingdom; Madrid, Spain; Paris, France",nontech,senior,0,0,0,,,https://careers.datadoghq.com/detail/8127916/?gh_jid=8127916
2026-08-18,DDOG,Datadog,Senior Partner Program Manager - Datadog Reseller Program,Channels & Alliances,"Boston, Massachusetts, USA; New York, New York, USA",other,senior,0,0,0,,147500,https://careers.datadoghq.com/detail/7984983/?gh_jid=7984983
2026-08-18,DDOG,Datadog,Senior Partner Program Manager - Strategic Initiatives,Channels & Alliances,"California, USA, Remote; Colorado, USA, Remote; Massachusetts, USA, Remote; New York, New York, USA; New York, USA, Remote",other,senior,0,0,0,,183500,https://careers.datadoghq.com/detail/7977339/?gh_jid=7977339
2026-08-18,DDOG,Datadog,Senior Payroll Specialist,People,"Boston, Massachusetts, USA; Denver, Colorado, USA; New York, New York, USA",nontech,senior,0,0,0,,128500,https://careers.datadoghq.com/detail/8030851/?gh_jid=8030851
2026-08-18,DDOG,Datadog,Senior People Business Partner,People,"Sao Paulo, Brazil",other,senior,0,0,0,,,https://careers.datadoghq.com/detail/8099069/?gh_jid=8099069
2026-08-18,DDOG,Datadog,Senior People Business Partner,People,"Tokyo, Japan",other,senior,0,0,0,,,https://careers.datadoghq.com/detail/7461043/?gh_jid=7461043
2026-08-18,DDOG,Datadog,Senior Platform Product Manager - AI SDLC Trusted Throughput,Product Management,"New York, New York, USA",product_eng,senior,1,4,1,application|buzz,216000,https://careers.datadoghq.com/detail/7947683/?gh_jid=7947683
2026-08-18,DDOG,Datadog,Senior Platform Security Engineer,Security,"Paris, France",product_eng,senior,0,0,0,,,https://careers.datadoghq.com/detail/8094188/?gh_jid=8094188
2026-08-18,DDOG,Datadog,Senior Procurement Analyst,Finance,"New York, New York, USA",other,senior,0,0,0,,103500,https://careers.datadoghq.com/detail/7977425/?gh_jid=7977425
2026-08-18,DDOG,Datadog,Senior Product Designer - AAA,Product Design,"New York, New York, USA",product_eng,senior,0,0,0,,182000,https://careers.datadoghq.com/detail/8002906/?gh_jid=8002906
2026-08-18,DDOG,Datadog,Senior Product Manager - Agent Integrations,Product Management,"New York, New York, USA",product_eng,senior,0,10,1,application|general_medium,216000,https://careers.datadoghq.com/detail/8030599/?gh_jid=8030599
2026-08-18,DDOG,Datadog,Senior Product Manager - Bits Agent Builder,Product Management,"New York, New York, USA",product_eng,senior,0,10,1,application|buzz,216000,https://careers.datadoghq.com/detail/8092004/?gh_jid=8092004
2026-08-18,DDOG,Datadog,Senior Product Manager - Data Agent,Product Management,"New York, New York, USA",product_eng,senior,0,7,1,application|buzz,216000,https://careers.datadoghq.com/detail/7785350/?gh_jid=7785350
2026-08-18,DDOG,Datadog,Senior Product Manager - Database AI Optimization,Product Management,"New York, New York, USA",product_eng,senior,1,3,1,application,216000,https://careers.datadoghq.com/detail/7065807/?gh_jid=7065807
2026-08-18,DDOG,Datadog,Senior Product Manager - Data Security,Product Management,"Paris, France",product_eng,senior,0,3,0,buzz,,https://careers.datadoghq.com/detail/7808839/?gh_jid=7808839
2026-08-18,DDOG,Datadog,Senior Product Manager - Fleet and Lifecycle Management,Product Management,"Boston, Massachusetts, USA; New York, New York, USA",product_eng,senior,0,3,1,application,216000,https://careers.datadoghq.com/detail/8077142/?gh_jid=8077142
2026-08-18,DDOG,Datadog,Senior Product Manager - Journey Monitoring,Product Management,"New York, New York, USA",product_eng,senior,0,1,0,buzz,216000,https://careers.datadoghq.com/detail/8115033/?gh_jid=8115033
2026-08-18,DDOG,Datadog,Senior Product Manager - Network Path,Product Management,"New York, New York, USA",product_eng,senior,0,0,0,,216000,https://careers.datadoghq.com/detail/7763117/?gh_jid=7763117
2026-08-18,DDOG,Datadog,Senior Product Manager - Observability Data Platform,Product Management,"New York, New York, USA",product_eng,senior,0,0,0,,216000,https://careers.datadoghq.com/detail/8065192/?gh_jid=8065192
2026-08-18,DDOG,Datadog,Senior Product Manager - Search,Product Management,"Boston, Massachusetts, USA; New York, New York, USA",product_eng,senior,0,14,1,application|buzz|general_medium,216000,https://careers.datadoghq.com/detail/7974481/?gh_jid=7974481
2026-08-18,DDOG,Datadog,Senior Product Manager - Serverless,Product Management,"Boston, Massachusetts, USA; New York, New York, USA",product_eng,senior,0,1,0,buzz,216000,https://careers.datadoghq.com/detail/7905006/?gh_jid=7905006
2026-08-18,DDOG,Datadog,Senior Product Solutions Architect - LLM Observability,Product Solutions Architecture,"Boston, Massachusetts, USA; Denver, Colorado, USA; New York, New York, USA; San Francisco, California, USA",demand_validated,senior,1,3,1,application,215500,https://careers.datadoghq.com/detail/7627531/?gh_jid=7627531
2026-08-18,DDOG,Datadog,"Senior Program Manager, People Team (NYC)",People,"New York, New York, USA",other,senior,0,0,0,,210000,https://careers.datadoghq.com/detail/7958756/?gh_jid=7958756
2026-08-18,DDOG,Datadog,"Senior Program Manager, Sales Enablement",GTM Enablement,"New York, New York, USA",nontech,senior,0,0,0,,135500,https://careers.datadoghq.com/detail/8067190/?gh_jid=8067190
2026-08-18,DDOG,Datadog,Senior Regional Content Manager (APJ),Field Marketing,"Singapore, Singapore",other,senior,0,2,0,buzz,,https://careers.datadoghq.com/detail/8035726/?gh_jid=8035726
2026-08-18,DDOG,Datadog,Senior Revenue Accountant,Finance,"New York, New York, USA",other,senior,0,0,0,,105000,https://careers.datadoghq.com/detail/8075583/?gh_jid=8075583
2026-08-18,DDOG,Datadog,Senior Revenue Accountant - Dublin,Finance,"Dublin, Ireland",other,senior,0,0,0,,,https://careers.datadoghq.com/detail/8079970/?gh_jid=8079970
2026-08-18,DDOG,Datadog,Senior Sales Engineer - Bay Area,Enterprise Sales Engineering,"California, USA, Remote",demand_validated,senior,0,0,0,,173500,https://careers.datadoghq.com/detail/8105684/?gh_jid=8105684
2026-08-18,DDOG,Datadog,Senior Sales Engineer - Brazil,Enterprise Sales Engineering,"Sao Paulo, Brazil",demand_validated,senior,0,0,0,,,https://careers.datadoghq.com/detail/7792033/?gh_jid=7792033
2026-08-18,DDOG,Datadog,Senior Sales Engineer - Key Accounts,Enterprise Sales Engineering,"Arizona, USA, Remote; California, USA, Remote; Nevada, USA, Remote; Oregon, USA, Remote; Washington, USA, Remote",demand_validated,senior,0,0,0,,173500,https://careers.datadoghq.com/detail/7516279/?gh_jid=7516279
2026-08-18,DDOG,Datadog,Senior Sales Engineer - Majors (East),Enterprise Sales Engineering,"New York, USA, Remote",demand_validated,senior,0,0,0,,173500,https://careers.datadoghq.com/detail/7917340/?gh_jid=7917340
2026-08-18,DDOG,Datadog,Senior Sales Engineer - Majors (France),Enterprise Sales Engineering,"France, Remote",demand_validated,senior,0,0,0,,,https://careers.datadoghq.com/detail/7791296/?gh_jid=7791296
2026-08-18,DDOG,Datadog,Senior Sales Engineer - Majors (UK/Nordics/Netherlands),Enterprise Sales Engineering,"Denmark, Remote; Sweden, Remote; The Netherlands, Remote; United Kingdom, Remote",demand_validated,senior,0,0,0,,,https://careers.datadoghq.com/detail/7904634/?gh_jid=7904634
2026-08-18,DDOG,Datadog,Senior Sales Engineer - Majors (West),Enterprise Sales Engineering,"California, USA, Remote",demand_validated,senior,0,0,0,,173500,https://careers.datadoghq.com/detail/8126596/?gh_jid=8126596
2026-08-18,DDOG,Datadog,Senior Sales Engineer - Ohio Valley,Enterprise Sales Engineering,"Ohio, USA, Remote",demand_validated,senior,0,0,0,,173500,https://careers.datadoghq.com/detail/8027427/?gh_jid=8027427
2026-08-18,DDOG,Datadog,Senior Sales Engineer - Public Sector (UK),Enterprise Sales Engineering,"London, United Kingdom",demand_validated,senior,0,0,0,,,https://careers.datadoghq.com/detail/8030214/?gh_jid=8030214
2026-08-18,DDOG,Datadog,Senior Security Engineer - Cloud SIEM,Security,"Lisbon, Portugal",product_eng,senior,0,4,1,application|buzz,,https://careers.datadoghq.com/detail/8000258/?gh_jid=8000258
2026-08-18,DDOG,Datadog,Senior Security Engineer - Cloud SIEM,Security,"Dublin, Ireland; Madrid, Spain; Paris, France",product_eng,senior,0,4,1,application|buzz,,https://careers.datadoghq.com/detail/7996898/?gh_jid=7996898
2026-08-18,DDOG,Datadog,"Senior Security Engineer, Offensive Security",Security,"New York, New York, USA",product_eng,senior,0,0,0,,217500,https://careers.datadoghq.com/detail/7871543/?gh_jid=7871543
2026-08-18,DDOG,Datadog,"Senior Services Architect, Security-Cloud SIEM",Technical Post Sales,"New York, New York, USA",product_eng,senior,0,0,0,,179500,https://careers.datadoghq.com/detail/7996907/?gh_jid=7996907
2026-08-18,DDOG,Datadog,Senior Software Engineer ,Dev Eng,"Boston, Massachusetts, USA; New York, New York, USA",product_eng,senior,0,0,0,,216000,https://careers.datadoghq.com/detail/3851935/?gh_jid=3851935
2026-08-18,DDOG,Datadog,Senior Software Engineer - Action Platform,Dev Eng,"Paris, France",product_eng,senior,0,3,1,application,,https://careers.datadoghq.com/detail/8102624/?gh_jid=8102624
2026-08-18,DDOG,Datadog,Senior Software Engineer - AI (EMEA),Dev Eng,"Bordeaux, France; Grenoble, France; Lyon, France; Madrid, Spain; Montpellier, France; Nantes, France; Nice, France; Paris, France; Sophia Antipolis, France",product_eng,senior,1,10,1,application|buzz,,https://careers.datadoghq.com/detail/8015588/?gh_jid=8015588
2026-08-18,DDOG,Datadog,Senior Software Engineer - Backend ,Dev Eng,"Bordeaux, France; Paris, France",product_eng,senior,0,0,0,,,https://careers.datadoghq.com/detail/4599148/?gh_jid=4599148
2026-08-18,DDOG,Datadog,Senior Software Engineer - Bazel Tools,Dev Eng,"Atlanta, Georgia, USA; Boston, Massachusetts, USA; New York, New York, USA",product_eng,senior,0,0,0,,274500,https://careers.datadoghq.com/detail/8095166/?gh_jid=8095166
2026-08-18,DDOG,Datadog,Senior Software Engineer - Distributed Systems,Dev Eng,"Boston, Massachusetts, USA; New York, New York, USA",product_eng,senior,0,0,0,,216000,https://careers.datadoghq.com/detail/3851927/?gh_jid=3851927
2026-08-18,DDOG,Datadog,Senior Software Engineer - Incident Insights & Readiness,Security,"Paris, France",product_eng,senior,0,3,1,application,,https://careers.datadoghq.com/detail/8094111/?gh_jid=8094111
2026-08-18,DDOG,Datadog,Senior Software Engineer - Linux,Dev Eng,"Tel Aviv, Israel",product_eng,senior,0,0,0,,,https://careers.datadoghq.com/detail/8038652/?gh_jid=8038652
2026-08-18,DDOG,Datadog,Senior Software Engineer - REDAPL Graph Engine,Dev Eng,"France, Remote; Germany, Remote; Italy, Remote; Spain, Remote; Switzerland, Remote; United Kingdom, Remote",product_eng,senior,0,0,0,,,https://careers.datadoghq.com/detail/7959966/?gh_jid=7959966
2026-08-18,DDOG,Datadog,Senior Software Engineer - REDAPL Graph Engine,Dev Eng,"Dublin, Ireland; Madrid, Spain; Paris, France",product_eng,senior,0,0,0,,,https://careers.datadoghq.com/detail/7959962/?gh_jid=7959962
2026-08-18,DDOG,Datadog,Senior Software Engineer - REDAPL Graph Engine,Dev Eng,"Lisbon, Portugal",product_eng,senior,0,0,0,,,https://careers.datadoghq.com/detail/7959967/?gh_jid=7959967
2026-08-18,DDOG,Datadog,Senior Software Engineer - Security Libraries,Dev Eng,"Lisbon, Portugal",product_eng,senior,0,3,1,application,,https://careers.datadoghq.com/detail/8088590/?gh_jid=8088590
2026-08-18,DDOG,Datadog,Senior Software Engineer - Security Libraries,Dev Eng,"Bordeaux, France; Lyon, France; Madrid, Spain; Nantes, France; Paris, France; Sophia Antipolis, France",product_eng,senior,0,3,1,application,,https://careers.datadoghq.com/detail/8081477/?gh_jid=8081477
2026-08-18,DDOG,Datadog,Senior Software Engineer - Streaming Platform ,Dev Eng,"New York, New York, USA",product_eng,senior,0,0,0,,216000,https://careers.datadoghq.com/detail/7993551/?gh_jid=7993551
2026-08-18,DDOG,Datadog,Senior Software Engineer - Streaming Platform Client,Dev Eng,"New York, New York, USA",product_eng,senior,0,0,0,,216000,https://careers.datadoghq.com/detail/8035492/?gh_jid=8035492
2026-08-18,DDOG,Datadog,Senior Staff GenAI Engineer - Application Performance Monitoring (APM),Dev Eng,"New York, New York, USA",product_eng,staff_principal,1,5,1,application|buzz,306000,https://careers.datadoghq.com/detail/6960503/?gh_jid=6960503
2026-08-18,DDOG,Datadog,"Senior Staff Product Designer, Design Lab",Product Design,"New York, New York, USA",product_eng,staff_principal,0,0,0,,229500,https://careers.datadoghq.com/detail/8100001/?gh_jid=8100001
2026-08-18,DDOG,Datadog,Senior Staff Software Engineer ,Dev Eng,"New York, New York, USA",product_eng,staff_principal,0,0,0,,306000,https://careers.datadoghq.com/detail/5608424/?gh_jid=5608424
2026-08-18,DDOG,Datadog,"Senior Staff Visual Designer, Design Lab",Product Design,"New York, New York, USA",product_eng,staff_principal,0,0,0,,261000,https://careers.datadoghq.com/detail/7793359/?gh_jid=7793359
2026-08-18,DDOG,Datadog,Senior Talent Manager (Talent Partner),People,"New York, New York, USA",other,senior,0,1,0,buzz,189000,https://careers.datadoghq.com/detail/8049232/?gh_jid=8049232
2026-08-18,DDOG,Datadog,Senior Technical Product Marketing Manager - Security,Product Marketing,"New York, New York, USA; San Francisco, California, USA",nontech,senior,0,0,0,,179500,https://careers.datadoghq.com/detail/7695546/?gh_jid=7695546
2026-08-18,DDOG,Datadog,Services Architect 3 - Denver,Technical Post Sales,"Denver, Colorado, USA",product_eng,mid,0,0,0,,144500,https://careers.datadoghq.com/detail/7807783/?gh_jid=7807783
2026-08-18,DDOG,Datadog,"Social Media Lead, Developer Audience",Community,"New York, New York, USA",product_eng,senior,0,0,0,,151500,https://careers.datadoghq.com/detail/8103045/?gh_jid=8103045
2026-08-18,DDOG,Datadog,Software Engineering Intern (Winter),Engineering Interns,"Boston, Massachusetts, USA; New York, New York, USA",product_eng,intern,0,1,0,buzz,105000,https://careers.datadoghq.com/detail/8052095/?gh_jid=8052095
2026-08-18,DDOG,Datadog,"Sourcer II, Business Recruiting",Business Recruiting,"Tokyo, Japan",nontech,mid,0,0,0,,,https://careers.datadoghq.com/detail/7811537/?gh_jid=7811537
2026-08-18,DDOG,Datadog,Staff Application Security Engineer,Security,"Boston, Massachusetts, USA; Connecticut, USA, Remote; Delaware, USA, Remote; District of Columbia, USA, Remote; Maryland, USA, Remote; Massachusetts, USA, Remote; New Jersey, USA, Remote; New York, New York, USA; New York, USA, Remote; Rhode Island, USA, Remote",product_eng,staff_principal,0,4,1,application|buzz,274500,https://careers.datadoghq.com/detail/7777798/?gh_jid=7777798
2026-08-18,DDOG,Datadog,Staff Applied Scientist - Agentic Interfaces,Dev Eng,"New York, New York, USA",other,staff_principal,0,7,1,application|buzz,310500,https://careers.datadoghq.com/detail/7964141/?gh_jid=7964141
2026-08-18,DDOG,Datadog,Staff Applied Scientist - Dashboards,Dev Eng,"New York, New York, USA",other,staff_principal,0,1,0,buzz,310500,https://careers.datadoghq.com/detail/7984962/?gh_jid=7984962
2026-08-18,DDOG,Datadog,Staff Competitive Intelligence Analyst,Community,"New York, New York, USA; San Francisco, California, USA",other,staff_principal,0,0,0,,245000,https://careers.datadoghq.com/detail/8054420/?gh_jid=8054420
2026-08-18,DDOG,Datadog,Staff Developer Advocate - Asia Pacific & Japan Lead,Community,"Singapore, Singapore",product_eng,staff_principal,0,0,0,,,https://careers.datadoghq.com/detail/8081537/?gh_jid=8081537
2026-08-18,DDOG,Datadog,Staff Engineer - Cloud Networks,Dev Eng,"Boston, Massachusetts, USA; Denver, Colorado, USA; New York, New York, USA",product_eng,staff_principal,0,0,0,,274500,https://careers.datadoghq.com/detail/8128450/?gh_jid=8128450
2026-08-18,DDOG,Datadog,Staff Engineer - Data Platform Experience,Dev Eng,"Lisbon, Portugal",product_eng,staff_principal,0,1,0,buzz,,https://careers.datadoghq.com/detail/8119496/?gh_jid=8119496
2026-08-18,DDOG,Datadog,Staff Engineer - Data Platform Experience,Dev Eng,"Dublin, Ireland; Madrid, Spain; Paris, France",product_eng,staff_principal,0,1,0,buzz,,https://careers.datadoghq.com/detail/8119493/?gh_jid=8119493
2026-08-18,DDOG,Datadog,Staff Engineer - Data Semantics,Dev Eng,"Madrid, Spain; Paris, France",product_eng,staff_principal,0,1,0,buzz,,https://careers.datadoghq.com/detail/8043560/?gh_jid=8043560
2026-08-18,DDOG,Datadog,Staff GenAI Engineer - Application Performance Monitoring (APM),Dev Eng,"New York, New York, USA",product_eng,staff_principal,1,8,1,application|buzz|model_infra,234000,https://careers.datadoghq.com/detail/7974511/?gh_jid=7974511
2026-08-18,DDOG,Datadog,"Staff Product Designer, APM",Product Design,"New York, New York, USA",product_eng,staff_principal,0,3,1,application,229500,https://careers.datadoghq.com/detail/7989348/?gh_jid=7989348
2026-08-18,DDOG,Datadog,"Staff Product Designer, Modern Compute",Product Design,"New York, New York, USA",product_eng,staff_principal,0,0,0,,229500,https://careers.datadoghq.com/detail/8094854/?gh_jid=8094854
2026-08-18,DDOG,Datadog,"Staff Product Manager, Observability Data Platforms",Product Management,"New York, New York, USA",product_eng,staff_principal,0,3,1,application,274500,https://careers.datadoghq.com/detail/8065187/?gh_jid=8065187
2026-08-18,DDOG,Datadog,Staff Software Engineer,Dev Eng,"New York, New York, USA",product_eng,staff_principal,0,0,0,,274500,https://careers.datadoghq.com/detail/3210217/?gh_jid=3210217
2026-08-18,DDOG,Datadog,Staff Software Engineer - Corporate Development,Corporate Development,"New York, New York, USA",product_eng,staff_principal,0,0,0,,225000,https://careers.datadoghq.com/detail/8105372/?gh_jid=8105372
2026-08-18,DDOG,Datadog,Staff Software Engineer - Corporate Development,Corporate Development,"San Francisco, California, USA",product_eng,staff_principal,0,0,0,,225000,https://careers.datadoghq.com/detail/8094106/?gh_jid=8094106
2026-08-18,DDOG,Datadog,Staff Software Engineer - Logs Management,Dev Eng,"New York, New York, USA",product_eng,staff_principal,0,4,1,application|buzz,274500,https://careers.datadoghq.com/detail/7635298/?gh_jid=7635298
2026-08-18,DDOG,Datadog,Staff Software Engineer - Logs Observability Pipelines ,Dev Eng,"New York, New York, USA",product_eng,staff_principal,0,0,0,,274500,https://careers.datadoghq.com/detail/7743369/?gh_jid=7743369
2026-08-18,DDOG,Datadog,Staff Software Engineer - ML Observability,Dev Eng,"Boston, Massachusetts, USA; New York, New York, USA",product_eng,staff_principal,1,16,1,application|buzz|data_ml_ops|general_medium,267000,https://careers.datadoghq.com/detail/7107437/?gh_jid=7107437
2026-08-18,DDOG,Datadog,Staff Software Engineer - Security Agent,Dev Eng,"Paris, France",product_eng,staff_principal,0,0,0,,,https://careers.datadoghq.com/detail/8007589/?gh_jid=8007589
2026-08-18,DDOG,Datadog,Staff Software Engineer - Security Agent,Dev Eng,"Portugal, Remote",product_eng,staff_principal,0,0,0,,,https://careers.datadoghq.com/detail/8007606/?gh_jid=8007606
2026-08-18,DDOG,Datadog,Staff Software Engineer - Security Agent,Dev Eng,"France, Remote; Germany, Remote; Ireland, Remote; Italy, Remote; Spain, Remote",product_eng,staff_principal,0,0,0,,,https://careers.datadoghq.com/detail/8007598/?gh_jid=8007598
2026-08-18,DDOG,Datadog,"Staff Visual Designer, Design Lab",Product Design,"New York, New York, USA",product_eng,staff_principal,0,0,0,,261000,https://careers.datadoghq.com/detail/7496207/?gh_jid=7496207
2026-08-18,DDOG,Datadog,Strategic Account Executive,Enterprise Sales,"Mexico City, Mexico",demand_validated,mid,0,0,0,,100000,https://careers.datadoghq.com/detail/7131396/?gh_jid=7131396
2026-08-18,DDOG,Datadog,Strategic Account Executive,Enterprise Sales,"Boston, Massachusetts, USA",demand_validated,mid,0,0,0,,125000,https://careers.datadoghq.com/detail/7117086/?gh_jid=7117086
2026-08-18,DDOG,Datadog,Strategic Account Executive,Enterprise Sales,"Chile, Remote",demand_validated,mid,0,0,0,,100000,https://careers.datadoghq.com/detail/7131404/?gh_jid=7131404
2026-08-18,DDOG,Datadog,Strategic Account Executive,Enterprise Sales,"Jakarta, Indonesia",demand_validated,mid,0,0,0,,100000,https://careers.datadoghq.com/detail/7131726/?gh_jid=7131726
2026-08-18,DDOG,Datadog,Strategic Account Executive,Enterprise Sales,"Texas, USA, Remote",demand_validated,mid,0,0,0,,111000,https://careers.datadoghq.com/detail/7134079/?gh_jid=7134079
2026-08-18,DDOG,Datadog,Strategic Account Executive,Enterprise Sales,"Seoul, South Korea",demand_validated,mid,0,0,0,,100000,https://careers.datadoghq.com/detail/7142205/?gh_jid=7142205
2026-08-18,DDOG,Datadog,Strategic Account Executive,Enterprise Sales,"Georgia, USA, Remote; Tennessee, USA, Remote",demand_validated,mid,0,0,0,,125000,https://careers.datadoghq.com/detail/6522720/?gh_jid=6522720
2026-08-18,DDOG,Datadog,Strategic Account Executive,Enterprise Sales,"District of Columbia, USA, Remote; Maryland, USA, Remote; Virginia, USA, Remote",demand_validated,mid,0,0,0,,125000,https://careers.datadoghq.com/detail/7057036/?gh_jid=7057036
2026-08-18,DDOG,Datadog,Strategic Account Executive,Enterprise Sales,"Sao Paulo, Brazil",demand_validated,mid,0,0,0,,100000,https://careers.datadoghq.com/detail/7055008/?gh_jid=7055008
2026-08-18,DDOG,Datadog,Strategic Account Executive,Enterprise Sales,"Florida, USA, Remote",demand_validated,mid,0,0,0,,125000,https://careers.datadoghq.com/detail/6242929/?gh_jid=6242929
2026-08-18,DDOG,Datadog,Strategic Account Executive,Enterprise Sales,"Singapore, Singapore",demand_validated,mid,0,0,0,,100000,https://careers.datadoghq.com/detail/7439145/?gh_jid=7439145
2026-08-18,DDOG,Datadog,Strategic Account Executive,Enterprise Sales,"North Carolina, USA, Remote; South Carolina, USA, Remote",demand_validated,mid,0,0,0,,125000,https://careers.datadoghq.com/detail/7131363/?gh_jid=7131363
2026-08-18,DDOG,Datadog,Strategic Account Executive,Enterprise Sales,"New York, New York, USA",demand_validated,mid,0,0,0,,125000,https://careers.datadoghq.com/detail/7131386/?gh_jid=7131386
2026-08-18,DDOG,Datadog,Strategic Account Executive (DACH),Enterprise Sales,"Germany, Remote; Poland, Remote",demand_validated,mid,0,0,0,,100000,https://careers.datadoghq.com/detail/5511968/?gh_jid=5511968
2026-08-18,DDOG,Datadog,Strategic Account Executive (FED),Enterprise Sales,"Canberra, Australia",demand_validated,mid,0,0,0,,50000,https://careers.datadoghq.com/detail/7645709/?gh_jid=7645709
2026-08-18,DDOG,Datadog,Strategic Account Executive (Hong Kong Market),Enterprise Sales,"Singapore, Singapore",demand_validated,mid,0,0,0,,100000,https://careers.datadoghq.com/detail/7442122/?gh_jid=7442122
2026-08-18,DDOG,Datadog,Strategic Account Executive - Paris,Enterprise Sales,"Paris, France",demand_validated,mid,0,0,0,,100000,https://careers.datadoghq.com/detail/7101117/?gh_jid=7101117
2026-08-18,DDOG,Datadog,"Strategic Account Executive, Public Sector Japan, FED",Enterprise Sales,"Tokyo, Japan",demand_validated,mid,0,0,0,,,https://careers.datadoghq.com/detail/7439569/?gh_jid=7439569
2026-08-18,DDOG,Datadog,"Strategic Account Executive, Public Sector Japan, FED",Enterprise Sales,"Tokyo, Japan",demand_validated,mid,0,0,0,,100000,https://careers.datadoghq.com/detail/7439149/?gh_jid=7439149
2026-08-18,DDOG,Datadog,"Strategic Account Executive, Public Sector Japan, SLED",Enterprise Sales,"Tokyo, Japan",demand_validated,mid,0,0,0,,100000,https://careers.datadoghq.com/detail/7439152/?gh_jid=7439152
2026-08-18,DDOG,Datadog,"Strategic Account Executive, Public Sector Japan, SLED",Enterprise Sales,"Tokyo, Japan",demand_validated,mid,0,0,0,,,https://careers.datadoghq.com/detail/7439573/?gh_jid=7439573
2026-08-18,DDOG,Datadog,Strategic Account Executive (Rome - Italy) ,Enterprise Sales,"Rome, Italy",demand_validated,mid,0,0,0,,100000,https://careers.datadoghq.com/detail/5742916/?gh_jid=5742916
2026-08-18,DDOG,Datadog,Strategic Account Executive (Saudi Arabia),Enterprise Sales,"Riyadh, Saudi Arabia",demand_validated,mid,0,0,0,,100000,https://careers.datadoghq.com/detail/7338800/?gh_jid=7338800
2026-08-18,DDOG,Datadog,Strategic Account Executive (SLED),Enterprise Sales,"Sydney, Australia",demand_validated,mid,0,0,0,,50000,https://careers.datadoghq.com/detail/8043036/?gh_jid=8043036
2026-08-18,DDOG,Datadog,Strategic Account Executive (SLED),Enterprise Sales,"California, USA, Remote; Oregon, USA, Remote; Washington, USA, Remote",demand_validated,mid,0,0,0,,125000,https://careers.datadoghq.com/detail/6430945/?gh_jid=6430945
2026-08-18,DDOG,Datadog,Strategic Account Executive (SLED),Enterprise Sales,"Texas, USA, Remote",demand_validated,mid,0,0,0,,125000,https://careers.datadoghq.com/detail/7453034/?gh_jid=7453034
2026-08-18,DDOG,Datadog,Strategic Account Executive (SLED),Enterprise Sales,"Boston, Massachusetts, USA; New York, New York, USA",demand_validated,mid,0,0,0,,125000,https://careers.datadoghq.com/detail/7314667/?gh_jid=7314667
2026-08-18,DDOG,Datadog,Strategic Account Executive (UKI),Enterprise Sales,"London, United Kingdom",demand_validated,mid,0,0,0,,100000,https://careers.datadoghq.com/detail/5622381/?gh_jid=5622381
2026-08-18,DDOG,Datadog,Strategic Account Executive (UKI) - Public Sector,Enterprise Sales,"London, United Kingdom",demand_validated,mid,0,0,0,,100000,https://careers.datadoghq.com/detail/7591735/?gh_jid=7591735
2026-08-18,DDOG,Datadog,Strategic Account Executive (Vietnam Market),Enterprise Sales,"Singapore, Singapore",demand_validated,mid,0,0,0,,100000,https://careers.datadoghq.com/detail/7515110/?gh_jid=7515110
2026-08-18,DDOG,Datadog,"Systems Engineer 2, Technical Solutions (US-East)",Technical Solutions Operations,"New York, New York, USA",product_eng,mid,0,10,1,application|buzz,100500,https://careers.datadoghq.com/detail/8092973/?gh_jid=8092973
2026-08-18,DDOG,Datadog,"Team Lead, Strategic Sourcing (IT, SaaS, Hardware)",Finance,"New York, New York, USA",other,senior,0,0,0,,135000,https://careers.datadoghq.com/detail/8082391/?gh_jid=8082391
2026-08-18,DDOG,Datadog,Technical Account Manager,Technical Post Sales,"Tokyo, Japan",demand_validated,mid,0,0,0,,,https://careers.datadoghq.com/detail/8018694/?gh_jid=8018694
2026-08-18,DDOG,Datadog,Technical Account Manager,Technical Post Sales,"Tokyo, Japan",demand_validated,mid,0,0,0,,,https://careers.datadoghq.com/detail/8020530/?gh_jid=8020530
2026-08-18,DDOG,Datadog,Technical Account Manager 2 - Boston,Technical Post Sales,"Boston, Massachusetts, USA",demand_validated,mid,0,0,0,,117500,https://careers.datadoghq.com/detail/8026835/?gh_jid=8026835
2026-08-18,DDOG,Datadog,Technical Account Manager 2 - San Francisco,Technical Post Sales,"San Francisco, California, USA",demand_validated,mid,0,0,0,,117500,https://careers.datadoghq.com/detail/7989146/?gh_jid=7989146
2026-08-18,DDOG,Datadog,Technical Account Manager 2 - São Paulo,Technical Post Sales,"Sao Paulo, Brazil",demand_validated,mid,0,0,0,,,https://careers.datadoghq.com/detail/7834545/?gh_jid=7834545
2026-08-18,DDOG,Datadog,Technical Account Manager 2 - South Africa,Technical Post Sales,"South Africa, Remote",demand_validated,mid,0,0,0,,,https://careers.datadoghq.com/detail/8018696/?gh_jid=8018696
2026-08-18,DDOG,Datadog,Technical Account Manager 2 - West,Technical Post Sales,"Chicago, Illinois, USA; Denver, Colorado, USA",demand_validated,mid,0,0,0,,117500,https://careers.datadoghq.com/detail/8026831/?gh_jid=8026831
2026-08-18,DDOG,Datadog,Technical Account Manager 3 - East,Technical Post Sales,"Boston, Massachusetts, USA; New York, New York, USA",demand_validated,mid,0,0,0,,144500,https://careers.datadoghq.com/detail/8046392/?gh_jid=8046392
2026-08-18,DDOG,Datadog,Technical Account Manager 3 - Madrid,Technical Post Sales,"Madrid, Spain",demand_validated,mid,0,0,0,,,https://careers.datadoghq.com/detail/7982225/?gh_jid=7982225
2026-08-18,DDOG,Datadog,Technical Enablement Manager 3 (Italian Speaking),Technical Post Sales,"Amsterdam, The Netherlands; Dublin, Ireland; Paris, France",nontech,mid,0,0,0,,,https://careers.datadoghq.com/detail/8046399/?gh_jid=8046399
2026-08-18,DDOG,Datadog,Technical Escalations Engineer 2 (Agent) - US-West,Support Engineering,"Denver, Colorado, USA; San Francisco, California, USA",product_eng,mid,0,0,0,,99000,https://careers.datadoghq.com/detail/8094796/?gh_jid=8094796
2026-08-18,DDOG,Datadog,Technical Escalations Engineer 2 (Network Monitoring) - EMEA,Support Engineering,"Dublin, Ireland; Paris, France",product_eng,mid,0,0,0,,,https://careers.datadoghq.com/detail/8064226/?gh_jid=8064226
2026-08-18,DDOG,Datadog,Technical Escalations Engineer 2 (Revenue and Cost Management) - APJ,Support Engineering,"Seoul, South Korea; Sydney, Australia; Tokyo, Japan",product_eng,mid,0,0,0,,,https://careers.datadoghq.com/detail/8095826/?gh_jid=8095826
2026-08-18,DDOG,Datadog,"Technical Program Manager 2, Technical Solutions",Technical Solutions Operations,"Boston, Massachusetts, USA; New York, New York, USA; San Francisco, California, USA",other,mid,0,0,0,,130500,https://careers.datadoghq.com/detail/8030837/?gh_jid=8030837
2026-08-18,DDOG,Datadog,"Technical Support Engineer 2, Premier - Sao Paulo",Support Engineering,"Sao Paulo, Brazil",product_eng,mid,0,0,0,,,https://careers.datadoghq.com/detail/8096181/?gh_jid=8096181
2026-08-18,DDOG,Datadog,"Technical Support Engineer 3, Premier - Sao Paulo",Support Engineering,"Sao Paulo, Brazil",product_eng,mid,0,0,0,,,https://careers.datadoghq.com/detail/8097533/?gh_jid=8097533
2026-08-18,DDOG,Datadog,"Technical Support Engineer 3, Premier - US-West",Support Engineering,"Denver, Colorado, USA; San Francisco, California, USA",product_eng,mid,0,0,0,,112000,https://careers.datadoghq.com/detail/7758574/?gh_jid=7758574
2026-08-18,MDB,MongoDB,Account Development Representative,Sales Development,Gurugram,other,mid,0,0,0,,,https://www.mongodb.com/careers/job/?gh_jid=7318558
2026-08-18,MDB,MongoDB,Account Development Representative,Sales Development,"Dublin, Ireland",other,mid,0,0,0,,,https://www.mongodb.com/careers/job/?gh_jid=8081378
2026-08-18,MDB,MongoDB,Account Development Representative,Sales Development,Toronto,other,mid,0,0,0,,66500,https://www.mongodb.com/careers/job/?gh_jid=7311234
2026-08-18,MDB,MongoDB,Account Development Representative,Sales Development,Mexico City,other,mid,0,0,0,,,https://www.mongodb.com/careers/job/?gh_jid=7318049
2026-08-18,MDB,MongoDB,Account Development Representative,Sales Development,Bengaluru,other,mid,0,0,0,,,https://www.mongodb.com/careers/job/?gh_jid=7318466
2026-08-18,MDB,MongoDB,"Account Development Representative, Arabic Speaking",Sales Development,Dublin,other,mid,0,0,0,,,https://www.mongodb.com/careers/job/?gh_jid=7334950
2026-08-18,MDB,MongoDB,Account Development Representative - English Speaking,Sales Development,Kuala Lumpur,other,mid,0,0,0,,,https://www.mongodb.com/careers/job/?gh_jid=8079914
2026-08-18,MDB,MongoDB,"Account Development Representative, French Speaking",Sales Development,Dublin,other,mid,0,0,0,,,https://www.mongodb.com/careers/job/?gh_jid=7335567
2026-08-18,MDB,MongoDB,"Account Development Representative, German Speaking",Sales Development,Dublin,other,mid,0,0,0,,,https://www.mongodb.com/careers/job/?gh_jid=7337287
2026-08-18,MDB,MongoDB,"Account Development Representative, Hebrew Speaking",Sales Development,Tel Aviv,other,mid,0,0,0,,,https://www.mongodb.com/careers/job/?gh_jid=7334938
2026-08-18,MDB,MongoDB,"Account Development Representative, Italian Speaking",Sales Development,Dublin,other,mid,0,1,0,buzz,,https://www.mongodb.com/careers/job/?gh_jid=7338090
2026-08-18,MDB,MongoDB,Account Development Representative - Mandarin Speaking,Sales Development,Kuala Lumpur,other,mid,0,0,0,,,https://www.mongodb.com/careers/job/?gh_jid=7566671
2026-08-18,MDB,MongoDB,"Account Development Representative, Spanish Speaking",Sales Development,Dublin,other,mid,0,1,0,buzz,,https://www.mongodb.com/careers/job/?gh_jid=7335205
2026-08-18,MDB,MongoDB,Account Development Representative - Thai Speaking,Sales Development,Malaysia,other,mid,0,0,0,,,https://www.mongodb.com/careers/job/?gh_jid=7746436
2026-08-18,MDB,MongoDB,"Account Executive, Acquisition",Sales Greater China,Hong Kong,demand_validated,mid,0,0,0,,,https://www.mongodb.com/careers/job/?gh_jid=7154017
2026-08-18,MDB,MongoDB,"Account Executive, Acquisition/Growth",Sales APAC (India),Bengaluru; Gurugram; Mumbai,demand_validated,mid,0,0,0,,,https://www.mongodb.com/careers/job/?gh_jid=7870623
2026-08-18,MDB,MongoDB,"Account Executive (Bahasa, Thai or Vietnamese Speaker)",Sales APAC (ASEAN),Singapore,demand_validated,mid,0,0,0,,,https://www.mongodb.com/careers/job/?gh_jid=7211619
2026-08-18,MDB,MongoDB,"Account Executive, Growth",Sales LatAm,São Paulo,demand_validated,mid,0,0,0,,,https://www.mongodb.com/careers/job/?gh_jid=6531094
2026-08-18,MDB,MongoDB,"Account Executive, Growth",Sales Growth EMEA,Zurich,demand_validated,mid,0,0,0,,,https://www.mongodb.com/careers/job/?gh_jid=7217822
2026-08-18,MDB,MongoDB,Advisory Partner Solutions Architect,"Solutions Consulting, Partners",India,demand_validated,mid,0,10,1,application|buzz,,https://www.mongodb.com/careers/job/?gh_jid=8050418
2026-08-18,MDB,MongoDB,Advisory / Senior Solutions Architect,"Solutions Consulting, APAC",Seoul,demand_validated,senior,0,7,1,application|buzz,,https://www.mongodb.com/careers/job/?gh_jid=8119297
2026-08-18,MDB,MongoDB,Advisory Solutions Architect,"Solutions Consulting, APAC",Singapore,demand_validated,mid,0,7,1,application|buzz,,https://www.mongodb.com/careers/job/?gh_jid=8023912
2026-08-18,MDB,MongoDB,Advisory Solutions Architect,"Solutions Consulting, LATAM",Mexico City,demand_validated,mid,0,8,1,application|buzz,,https://www.mongodb.com/careers/job/?gh_jid=7997764
2026-08-18,MDB,MongoDB,Answer Engine Optimization (AEO) Lead,Global Demand Center,United States,other,senior,0,18,1,application,154000,https://www.mongodb.com/careers/job/?gh_jid=8067253
2026-08-18,MDB,MongoDB,Associate Account Executive (Abu Dhabi Public Sector),Sales Growth EMEA,Dubai,demand_validated,mid,0,1,0,buzz,,https://www.mongodb.com/careers/job/?gh_jid=8066869
2026-08-18,MDB,MongoDB,Associate Commercial Growth Account Executive,Commercial Growth,Austin,demand_validated,mid,0,0,0,,60008,https://www.mongodb.com/careers/job/?gh_jid=7615794
2026-08-18,MDB,MongoDB,Associate Technical Services Engineer II,Technical Support AMER,Brazil; São Paulo,product_eng,mid,0,0,0,,,https://www.mongodb.com/careers/job/?gh_jid=8054311
2026-08-18,MDB,MongoDB,Associate Technical Services Engineer II,Technical Support AMER,Austin,product_eng,mid,0,0,0,,112500,https://www.mongodb.com/careers/job/?gh_jid=8044218
2026-08-18,MDB,MongoDB,Associate TSE I,Technical Support APAC,Bengaluru,other,mid,0,0,0,,,https://www.mongodb.com/careers/job/?gh_jid=8097618
2026-08-18,MDB,MongoDB,Associate TSE II,Technical Support AMER,Mexico City,other,mid,0,0,0,,,https://www.mongodb.com/careers/job/?gh_jid=8054102
2026-08-18,MDB,MongoDB,Associate TSE II,Technical Support EMEA,"Dublin, Ireland",other,mid,0,0,0,,,https://www.mongodb.com/careers/job/?gh_jid=8041640
2026-08-18,MDB,MongoDB,Associate TSE II,Technical Support APAC,Bengaluru,other,mid,0,0,0,,,https://www.mongodb.com/careers/job/?gh_jid=7898756
2026-08-18,MDB,MongoDB,Associate TSE II,Technical Support APAC,Gurugram,other,mid,0,0,0,,,https://www.mongodb.com/careers/job/?gh_jid=8076090
2026-08-18,MDB,MongoDB,Associate TSE II,Technical Support APAC,Gurugram,other,mid,0,0,0,,,https://www.mongodb.com/careers/job/?gh_jid=8089396
2026-08-18,MDB,MongoDB,Associate TSE II,Technical Support APAC,Bengaluru,other,mid,0,0,0,,,https://www.mongodb.com/careers/job/?gh_jid=8089399
2026-08-18,MDB,MongoDB,Associate TSE II,Technical Support APAC,Bengaluru,other,mid,0,0,0,,,https://www.mongodb.com/careers/job/?gh_jid=8110518
2026-08-18,MDB,MongoDB,Associate TSE II,Technical Support APAC,Sydney,other,mid,0,0,0,,,https://www.mongodb.com/careers/job/?gh_jid=8113537
2026-08-18,MDB,MongoDB,"Candidate Experience Coordinator, Contract",Early Talent Recruiting,United States,other,mid,0,0,0,,62400,https://www.mongodb.com/careers/job/?gh_jid=7742585
2026-08-18,MDB,MongoDB,Cloud Operations Engineer,Cloud Operations,"Cork, Ireland; Dublin, Ireland",product_eng,mid,0,0,0,,,https://www.mongodb.com/careers/job/?gh_jid=8025824
2026-08-18,MDB,MongoDB,Cloud Operations Engineer,Cloud Operations,"Cork, Ireland; Dublin, Ireland",product_eng,mid,0,0,0,,,https://www.mongodb.com/careers/job/?gh_jid=8025827
2026-08-18,MDB,MongoDB,Cloud Operations Engineer,Cloud Operations,"Cork, Ireland; Dublin, Ireland",product_eng,mid,0,0,0,,,https://www.mongodb.com/careers/job/?gh_jid=7453323
2026-08-18,MDB,MongoDB,"Cloud Operations Engineer (2nd Shift, Weekend)",Cloud Operations,United States,product_eng,mid,0,0,0,,133000,https://www.mongodb.com/careers/job/?gh_jid=8045688
2026-08-18,MDB,MongoDB,Commercial Growth Account Executive (Arabic Speaker),Commercial Growth,"Cork, Ireland; Dublin, Ireland",demand_validated,mid,0,0,0,,,https://www.mongodb.com/careers/job/?gh_jid=7056256
2026-08-18,MDB,MongoDB,Commercial Growth Account Executive (German Speaker),Commercial Growth,"Cork, Ireland; Dublin, Ireland",demand_validated,mid,0,0,0,,,https://www.mongodb.com/careers/job/?gh_jid=7276216
2026-08-18,MDB,MongoDB,Commercial Growth Account Executive - Turkish Speaker,Commercial Growth,"Dublin, Ireland",demand_validated,mid,0,1,0,buzz,,https://www.mongodb.com/careers/job/?gh_jid=8074863
2026-08-18,MDB,MongoDB,Contract Sourcer,Early Talent Recruiting,Gurugram,other,mid,0,0,0,,,https://www.mongodb.com/careers/job/?gh_jid=8099122
2026-08-18,MDB,MongoDB,Contract Sourcer,Early Talent Recruiting,"Dublin, Ireland",other,mid,0,0,0,,,https://www.mongodb.com/careers/job/?gh_jid=8105037
2026-08-18,MDB,MongoDB,"Contract Sourcer, Talent Discovery",Early Talent Recruiting,United States,other,mid,0,1,0,buzz,114400,https://www.mongodb.com/careers/job/?gh_jid=7738964
2026-08-18,MDB,MongoDB,"Coordinator, Shared Services",HR Operations,Gurugram,other,mid,0,0,0,,,https://www.mongodb.com/careers/job/?gh_jid=8121324
2026-08-18,MDB,MongoDB,"Customer Advocate, Core Products, Office of the CPO",Core Products Leadership,Austin; Chicago; New York City; United States; Washington DC,nontech,mid,0,0,0,,191000,https://www.mongodb.com/careers/job/?gh_jid=8122664
2026-08-18,MDB,MongoDB,Customer Success Manager,Customer Success Americas,New York City,demand_validated,mid,0,0,0,,120500,https://www.mongodb.com/careers/job/?gh_jid=8060800
2026-08-18,MDB,MongoDB,Customer Success Manager,Customer Success APAC,Japan,demand_validated,mid,0,0,0,,,https://www.mongodb.com/careers/job/?gh_jid=7640985
2026-08-18,MDB,MongoDB,Customer Success Manager,Customer Success Americas,Boston,demand_validated,mid,0,0,0,,120500,https://www.mongodb.com/careers/job/?gh_jid=8000743
2026-08-18,MDB,MongoDB,"Director, Business Product Manager - PRM",Partner Enablement,United States,product_eng,director,0,0,0,,203500,https://www.mongodb.com/careers/job/?gh_jid=8079816
2026-08-18,MDB,MongoDB,"Director, Customer Communications",Customer Success Center of Excellence,United States,nontech,director,0,0,0,,261500,https://www.mongodb.com/careers/job/?gh_jid=8083342
2026-08-18,MDB,MongoDB,"Director, Escalation Management",Technical Support Escalation Management,"Dublin, Ireland",other,director,0,3,1,application,,https://www.mongodb.com/careers/job/?gh_jid=8060669
2026-08-18,MDB,MongoDB,"Director, International Financial Compliance",Controllership,Dublin,other,intern,0,0,0,,,https://www.mongodb.com/careers/job/?gh_jid=7811458
2026-08-18,MDB,MongoDB,"Director, ISV Partnerships",Partner Programs,United States,other,director,0,0,0,,216900,https://www.mongodb.com/careers/job/?gh_jid=7942142
2026-08-18,MDB,MongoDB,"Director, Partner Programs",Partner Programs,United States,other,director,0,0,0,,207500,https://www.mongodb.com/careers/job/?gh_jid=8077491
2026-08-18,MDB,MongoDB,"Director, Solutions Architecture","Solutions Consulting, Partners",Bengaluru,demand_validated,director,0,0,0,,,https://www.mongodb.com/careers/job/?gh_jid=8066684
2026-08-18,MDB,MongoDB,"Director, Strategic Events",Strategic Events,United States,other,director,0,3,1,application,170500,https://www.mongodb.com/careers/job/?gh_jid=8069976
2026-08-18,MDB,MongoDB,"Director, Web Platform & Technology",Website,"Cork, Ireland; Dublin, Ireland",other,director,0,4,1,application|buzz,,https://www.mongodb.com/careers/job/?gh_jid=8009965
2026-08-18,MDB,MongoDB,Enablement Delivery Specialist,GTM Enablement,Singapore,nontech,mid,0,0,0,,,https://www.mongodb.com/careers/job/?gh_jid=7974991
2026-08-18,MDB,MongoDB,Enablement Delivery Specialist,GTM Enablement,Chicago,nontech,mid,0,0,0,,74500,https://www.mongodb.com/careers/job/?gh_jid=8013287
2026-08-18,MDB,MongoDB,Engagement Manager,PS Engagement Management,Seoul,other,mid,0,0,0,,,https://www.mongodb.com/careers/job/?gh_jid=7861722
2026-08-18,MDB,MongoDB,Engagement Manager (Services Sales),PS Engagement Management,Amsterdam; Germany,nontech,mid,0,1,0,buzz,,https://www.mongodb.com/careers/job/?gh_jid=7996557
2026-08-18,MDB,MongoDB,Engagement Manager (Services Sales),PS Engagement Management,Rome,nontech,mid,0,1,0,buzz,,https://www.mongodb.com/careers/job/?gh_jid=7982616
2026-08-18,MDB,MongoDB,Engineer 3 - GTM Tech,GTM Tech,Gurugram,product_eng,mid,0,4,1,application|buzz,,https://www.mongodb.com/careers/job/?gh_jid=7943868
2026-08-18,MDB,MongoDB,Engineering Manager,AI Builder Experience,Gurugram,product_eng,mid,0,12,1,application,,https://www.mongodb.com/careers/job/?gh_jid=8106167
2026-08-18,MDB,MongoDB,"Engineering Manager, Atlas Clusters Fleet Signal Management",Atlas Core Data Services,Dublin,product_eng,mid,0,0,0,,,https://www.mongodb.com/careers/job/?gh_jid=7711872
2026-08-18,MDB,MongoDB,"Engineering Manager, Server Networking Security (Rust)",Clusters & Interfaces,"Cork, Ireland; Dublin, Ireland",product_eng,mid,0,0,0,,,https://www.mongodb.com/careers/job/?gh_jid=7698054
2026-08-18,MDB,MongoDB,Enterprise Account Executive,Sales Growth EMEA,Paris,demand_validated,mid,0,0,0,,,https://www.mongodb.com/careers/job/?gh_jid=7256839
2026-08-18,MDB,MongoDB,Enterprise Account Executive,Sales APAC (ASEAN),Singapore,demand_validated,mid,0,0,0,,,https://www.mongodb.com/careers/job/?gh_jid=8074220
2026-08-18,MDB,MongoDB,Enterprise Account Executive,Sales Growth EMEA,London,demand_validated,mid,0,0,0,,,https://www.mongodb.com/careers/job/?gh_jid=7607210
2026-08-18,MDB,MongoDB,Enterprise Account Executive,Sales Growth EMEA,Germany,demand_validated,mid,0,0,0,,,https://www.mongodb.com/careers/job/?gh_jid=7996801
2026-08-18,MDB,MongoDB,Enterprise Account Executive,Sales Growth EMEA,Barcelona,demand_validated,mid,0,0,0,,,https://www.mongodb.com/careers/job/?gh_jid=7921450
2026-08-18,MDB,MongoDB,Enterprise Account Executive,Sales Growth EMEA,Frankfurt,demand_validated,mid,0,0,0,,,https://www.mongodb.com/careers/job/?gh_jid=7160353
2026-08-18,MDB,MongoDB,Enterprise Account Executive,Sales Growth EMEA,Munich,demand_validated,mid,0,0,0,,,https://www.mongodb.com/careers/job/?gh_jid=7979277
2026-08-18,MDB,MongoDB,Enterprise Account Executive,Sales Growth EMEA,Amsterdam,demand_validated,mid,0,0,0,,,https://www.mongodb.com/careers/job/?gh_jid=7721659
2026-08-18,MDB,MongoDB,Enterprise Account Executive,Sales Growth EMEA,Madrid,demand_validated,mid,0,0,0,,,https://www.mongodb.com/careers/job/?gh_jid=7257330
2026-08-18,MDB,MongoDB,Enterprise Account Executive,Sales Growth EMEA,Dubai,demand_validated,mid,0,0,0,,,https://www.mongodb.com/careers/job/?gh_jid=7578590
2026-08-18,MDB,MongoDB,Enterprise Account Executive	,Sales Growth EMEA,London,demand_validated,mid,0,0,0,,,https://www.mongodb.com/careers/job/?gh_jid=7219459
2026-08-18,MDB,MongoDB,Enterprise Account Executive	,Sales Growth NAMER,Los Angeles,demand_validated,mid,0,0,0,,150000,https://www.mongodb.com/careers/job/?gh_jid=6587328
2026-08-18,MDB,MongoDB,"Enterprise Account Executive, Acquisition",Sales APAC (ANZ),Melbourne,demand_validated,mid,0,0,0,,,https://www.mongodb.com/careers/job/?gh_jid=8079676
2026-08-18,MDB,MongoDB,Enterprise Account Executive - Bahasa Speaker,Sales APAC (ASEAN),Singapore,demand_validated,mid,0,0,0,,,https://www.mongodb.com/careers/job/?gh_jid=7955987
2026-08-18,MDB,MongoDB,"Enterprise Account Executive (Bahasa, Vietnamese and Thai speaker)",Sales APAC (ASEAN),Singapore,demand_validated,mid,0,0,0,,,https://www.mongodb.com/careers/job/?gh_jid=7211805
2026-08-18,MDB,MongoDB,Enterprise Account Executive (Cyber),Sales Growth EMEA,Tel Aviv,demand_validated,mid,0,0,0,,,https://www.mongodb.com/careers/job/?gh_jid=7628750
2026-08-18,MDB,MongoDB,"Enterprise Account Executive, Federal",Sales US Public Sector,Tysons,demand_validated,mid,0,0,0,,148500,https://www.mongodb.com/careers/job/?gh_jid=7028355
2026-08-18,MDB,MongoDB,"Enterprise Account Executive, Growth",Sales Greater China,Beijing; Shanghai; Shenzhen,demand_validated,mid,0,0,0,,,https://www.mongodb.com/careers/job/?gh_jid=6740470
2026-08-18,MDB,MongoDB,"Enterprise Account Executive, Growth",Sales Growth NAMER,Montreal,demand_validated,mid,0,0,0,,170000,https://www.mongodb.com/careers/job/?gh_jid=7269518
2026-08-18,MDB,MongoDB,"Enterprise Account Executive, Growth",Sales Growth NAMER,Ohio,demand_validated,mid,0,0,0,,150000,https://www.mongodb.com/careers/job/?gh_jid=7362411
2026-08-18,MDB,MongoDB,"Enterprise Account Executive, Growth",Sales Growth NAMER,Boston; New York City; Pennsylvania,demand_validated,mid,0,0,0,,150000,https://www.mongodb.com/careers/job/?gh_jid=7362626
2026-08-18,MDB,MongoDB,"Enterprise Account Executive, Growth",Sales Growth NAMER,Austin,demand_validated,mid,0,0,0,,150000,https://www.mongodb.com/careers/job/?gh_jid=7027846
2026-08-18,MDB,MongoDB,"Enterprise Account Executive, Growth",Sales APAC (ANZ),Melbourne,demand_validated,mid,0,0,0,,,https://www.mongodb.com/careers/job/?gh_jid=7403891
2026-08-18,MDB,MongoDB,"Enterprise Account Executive, Growth",Sales Growth EMEA,Madrid,demand_validated,mid,0,0,0,,,https://www.mongodb.com/careers/job/?gh_jid=7257122
2026-08-18,MDB,MongoDB,"Enterprise Account Executive, Growth",Sales Growth EMEA,Paris,demand_validated,mid,0,0,0,,,https://www.mongodb.com/careers/job/?gh_jid=7256796
2026-08-18,MDB,MongoDB,"Enterprise Account Executive, Growth",Sales Growth EMEA,Israel,demand_validated,mid,0,0,0,,,https://www.mongodb.com/careers/job/?gh_jid=7996805
2026-08-18,MDB,MongoDB,"Enterprise Account Executive, Growth",Sales APAC (ANZ),Auckland; Melbourne,demand_validated,mid,0,0,0,,,https://www.mongodb.com/careers/job/?gh_jid=8066559
2026-08-18,MDB,MongoDB,"Enterprise Account Executive, Growth",Sales Growth EMEA,Berlin; Frankfurt; Munich,demand_validated,mid,0,0,0,,,https://www.mongodb.com/careers/job/?gh_jid=7219021
2026-08-18,MDB,MongoDB,"Enterprise Account Executive, Growth",Sales Growth NAMER,New York City,demand_validated,mid,0,0,0,,150000,https://www.mongodb.com/careers/job/?gh_jid=7032023
2026-08-18,MDB,MongoDB,"Enterprise Account Executive, Growth",Sales Greater China,Taipei,demand_validated,mid,0,0,0,,,https://www.mongodb.com/careers/job/?gh_jid=6688075
2026-08-18,MDB,MongoDB,"Enterprise Account Executive, Growth",Sales Growth EMEA,Poland,demand_validated,mid,0,0,0,,,https://www.mongodb.com/careers/job/?gh_jid=6987968
2026-08-18,MDB,MongoDB,"Enterprise Account Executive, Growth",Sales Growth EMEA,Zurich,demand_validated,mid,0,0,0,,,https://www.mongodb.com/careers/job/?gh_jid=7217805
2026-08-18,MDB,MongoDB,"Enterprise Account Executive, Growth",Sales Growth NAMER,Chicago,demand_validated,mid,0,0,0,,150000,https://www.mongodb.com/careers/job/?gh_jid=7191603
2026-08-18,MDB,MongoDB,"Enterprise Account Executive, Growth",Sales Growth EMEA,Dubai,demand_validated,mid,0,0,0,,,https://www.mongodb.com/careers/job/?gh_jid=8051197
2026-08-18,MDB,MongoDB,"Enterprise Account Executive, Growth",Sales Korea,Seoul,demand_validated,mid,0,0,0,,,https://www.mongodb.com/careers/job/?gh_jid=7912343
2026-08-18,MDB,MongoDB,"Enterprise Account Executive, Growth",Sales Growth EMEA,Rome,demand_validated,mid,0,0,0,,,https://www.mongodb.com/careers/job/?gh_jid=6275509
2026-08-18,MDB,MongoDB,"Enterprise Account Executive, Growth",Sales Growth EMEA,Frankfurt,demand_validated,mid,0,0,0,,,https://www.mongodb.com/careers/job/?gh_jid=6848268
2026-08-18,MDB,MongoDB,"Enterprise Account Executive, Growth",Sales Growth NAMER,Toronto,demand_validated,mid,0,0,0,,170000,https://www.mongodb.com/careers/job/?gh_jid=7141759
2026-08-18,MDB,MongoDB,"Enterprise Account Executive, Growth",Sales Growth EMEA,Paris,demand_validated,mid,0,0,0,,,https://www.mongodb.com/careers/job/?gh_jid=6949764
2026-08-18,MDB,MongoDB,"Enterprise Account Executive, Growth	",Sales Growth NAMER,San Francisco,demand_validated,mid,0,0,0,,150000,https://www.mongodb.com/careers/job/?gh_jid=6755285
2026-08-18,MDB,MongoDB,"Enterprise Account Executive, Growth ( Bahasa Speaker)",Sales APAC (ASEAN),Singapore,demand_validated,mid,0,0,0,,,https://www.mongodb.com/careers/job/?gh_jid=7552596
2026-08-18,MDB,MongoDB,"Enterprise Account Executive, Growth (Digital Native)",Sales Growth EMEA,Tel Aviv,demand_validated,mid,0,0,0,,,https://www.mongodb.com/careers/job/?gh_jid=6640101
2026-08-18,MDB,MongoDB,"Enterprise Account Executive, Growth (FSI)",Sales Growth EMEA,Tel Aviv,demand_validated,mid,0,0,0,,,https://www.mongodb.com/careers/job/?gh_jid=6601414
2026-08-18,MDB,MongoDB,"Enterprise Account Executive, KSA Public Sector (Arabic Speaker)",Sales Growth EMEA,Dubai,demand_validated,mid,0,0,0,,,https://www.mongodb.com/careers/job/?gh_jid=7429695
2026-08-18,MDB,MongoDB,Enterprise Account Manager - OEM,Sales Greater China,Beijing; Shanghai; Shenzhen,other,mid,0,0,0,,,https://www.mongodb.com/careers/job/?gh_jid=6829771
2026-08-18,MDB,MongoDB,Enterprise Sales Development Representative,Sales Development,Austin,nontech,mid,0,0,0,,50003,https://www.mongodb.com/careers/job/?gh_jid=7311204
2026-08-18,MDB,MongoDB,Escalation Manager,Technical Support Escalation Management,"Dublin, Ireland",other,mid,0,1,0,buzz,,https://www.mongodb.com/careers/job/?gh_jid=8073670
2026-08-18,MDB,MongoDB,Executive Assistant,Executive Support - Sales,Bengaluru; Gurugram,other,mid,0,0,0,,,https://www.mongodb.com/careers/job/?gh_jid=8089929
2026-08-18,MDB,MongoDB,Global Deal Strategy Sr. Manager,Deal Strategy,"Cork, Ireland",other,senior,0,1,0,buzz,,https://www.mongodb.com/careers/job/?gh_jid=8098473
2026-08-18,MDB,MongoDB,Global Payroll Transformation Senior Manager,Controllership,Austin; United States,nontech,senior,0,0,0,,149500,https://www.mongodb.com/careers/job/?gh_jid=7983618
2026-08-18,MDB,MongoDB,Growth Marketing Manager,Growth Marketing,New York City; Tysons,nontech,mid,0,0,0,,154000,https://www.mongodb.com/careers/job/?gh_jid=7950458
2026-08-18,MDB,MongoDB,Head of Partner Enablement,Partner Enablement,"Dublin, Ireland; London",nontech,exec,0,0,0,,,https://www.mongodb.com/careers/job/?gh_jid=8077499
2026-08-18,MDB,MongoDB,Head of Revenue Accounting & Order to Cash,"Revenue, OTC & QTC",Palo Alto; San Francisco,nontech,exec,0,0,0,,203500,https://www.mongodb.com/careers/job/?gh_jid=8072501
2026-08-18,MDB,MongoDB,Inside Account Executive,Inside Sales NAMER,Toronto,demand_validated,mid,0,0,0,,90000,https://www.mongodb.com/careers/job/?gh_jid=8021118
2026-08-18,MDB,MongoDB,Inside Account Executive,Inside Sales NAMER,San Francisco; Utah,demand_validated,mid,0,0,0,,75005,https://www.mongodb.com/careers/job/?gh_jid=8126598
2026-08-18,MDB,MongoDB,International Tax Director,Tax & Treasury,Atlanta; Austin; Baltimore; Charlotte; Chicago; Florida; Houston; Nashville; Raleigh,other,intern,0,3,1,application,191000,https://www.mongodb.com/careers/job/?gh_jid=7843814
2026-08-18,MDB,MongoDB,"Lead, Cloud Operations Engineering",Cloud Operations,"Dublin, Ireland",product_eng,senior,0,0,0,,,https://www.mongodb.com/careers/job/?gh_jid=8060943
2026-08-18,MDB,MongoDB,"Lead, Engineering",Magenta,Gurugram,product_eng,senior,0,0,0,,,https://www.mongodb.com/careers/job/?gh_jid=7590547
2026-08-18,MDB,MongoDB,Lead Forward Deployed Engineer,Magenta,New York City,demand_validated,senior,0,3,1,application,203500,https://www.mongodb.com/careers/job/?gh_jid=8065401
2026-08-18,MDB,MongoDB,"Lead, Platform Engineering",Data & Platform,Gurugram,product_eng,senior,0,0,0,,,https://www.mongodb.com/careers/job/?gh_jid=8071475
2026-08-18,MDB,MongoDB,"Lead, Revenue","Revenue, OTC & QTC",Gurugram,other,senior,0,0,0,,,https://www.mongodb.com/careers/job/?gh_jid=7736169
2026-08-18,MDB,MongoDB,Lead Salesforce Engineer,GTM Tech,Gurugram,product_eng,senior,0,1,0,buzz,,https://www.mongodb.com/careers/job/?gh_jid=8018420
2026-08-18,MDB,MongoDB,"Manager, Customer Success",Customer Success APAC,Seoul,demand_validated,mid,0,0,0,,,https://www.mongodb.com/careers/job/?gh_jid=7375469
2026-08-18,MDB,MongoDB,"Manager, Customer Success Management",Customer Success EMEA,Milan; Rome,demand_validated,mid,0,0,0,,,https://www.mongodb.com/careers/job/?gh_jid=8074078
2026-08-18,MDB,MongoDB,"Manager, Engineering",Observability & Adoption Engineering,"Dublin, Ireland",product_eng,mid,0,0,0,,,https://www.mongodb.com/careers/job/?gh_jid=8066812
2026-08-18,MDB,MongoDB,"Manager, Engineering",Magenta,Bengaluru,product_eng,mid,0,0,0,,,https://www.mongodb.com/careers/job/?gh_jid=8076975
2026-08-18,MDB,MongoDB,"Manager, Marketplace Accounts Receivable","Revenue, OTC & QTC",Gurugram,other,mid,0,0,0,,,https://www.mongodb.com/careers/job/?gh_jid=7982613
2026-08-18,MDB,MongoDB,"Manager, Sales Development",Sales Development,Boston,nontech,mid,0,0,0,,110000,https://www.mongodb.com/careers/job/?gh_jid=8014384
2026-08-18,MDB,MongoDB,"Manager, Sales Development - French",Sales Development,"Dublin, Ireland",nontech,mid,0,0,0,,,https://www.mongodb.com/careers/job/?gh_jid=8069203
2026-08-18,MDB,MongoDB,"Manager, Sales Development (Kuala Lumpur Based)",Sales Development,Malaysia,nontech,mid,0,0,0,,,https://www.mongodb.com/careers/job/?gh_jid=7732991
2026-08-18,MDB,MongoDB,"Manager, Sales Strategy & Planning",GTM Operations,San Francisco,nontech,mid,0,0,0,,145500,https://www.mongodb.com/careers/job/?gh_jid=8049846
2026-08-18,MDB,MongoDB,"Manager, Site Reliability Engineering - Storage Layer Service",Site Reliability Engineering,New York City,product_eng,mid,0,0,0,,213500,https://www.mongodb.com/careers/job/?gh_jid=7743304
2026-08-18,MDB,MongoDB,"Manager, Site Reliability Engineering - Storage Layer Service",Site Reliability Engineering,Dublin,product_eng,mid,0,0,0,,,https://www.mongodb.com/careers/job/?gh_jid=7818635
2026-08-18,MDB,MongoDB,"Manager, Site Reliability Engineering - Storage Layer Service",Site Reliability Engineering,Cork,product_eng,mid,0,0,0,,,https://www.mongodb.com/careers/job/?gh_jid=7957589
2026-08-18,MDB,MongoDB,"Manager, Solutions Architecture","Solutions Consulting, LATAM",Mexico City,demand_validated,mid,0,0,0,,,https://www.mongodb.com/careers/job/?gh_jid=7728309
2026-08-18,MDB,MongoDB,"Manager, Technical Services",Technical Support AMER Public Sector,Austin,other,mid,0,0,0,,197000,https://www.mongodb.com/careers/job/?gh_jid=8056743
2026-08-18,MDB,MongoDB,"Manager, Technical Services",Technical Support APAC,Sydney,other,mid,0,0,0,,,https://www.mongodb.com/careers/job/?gh_jid=8097615
2026-08-18,MDB,MongoDB,"Manager, Technical Services",Technical Support Partners & Migrations,Austin,other,mid,0,0,0,,197000,https://www.mongodb.com/careers/job/?gh_jid=8053153
2026-08-18,MDB,MongoDB,"Manager, Travel",Controllership,Atlanta; Austin; Charlotte; Chicago; Columbus; Dallas; Denver; Detroit; Florida; Houston; Indianapolis; Kansas City; Miami; Minneapolis; Nashville; North Carolina; Orlando; Philadelphia; Pittsburgh; Raleigh,other,mid,0,0,0,,102000,https://www.mongodb.com/careers/job/?gh_jid=8083437
2026-08-18,MDB,MongoDB,Pre-Sales Solutions Architect,Solutions Consulting,Mexico City,demand_validated,mid,0,7,1,application|buzz,,https://www.mongodb.com/careers/job/?gh_jid=7843982
2026-08-18,MDB,MongoDB,Pre-Sales Solutions Architect,Solutions Consulting,São Paulo,demand_validated,mid,0,7,1,application|buzz,,https://www.mongodb.com/careers/job/?gh_jid=7847296
2026-08-18,MDB,MongoDB,Pricing & Monetization Associate,Pricing and Packaging,Toronto,other,mid,0,0,0,,,https://www.mongodb.com/careers/job/?gh_jid=8122634
2026-08-18,MDB,MongoDB,Principal Partner Programs Lead,Partner Programs,London,other,staff_principal,0,0,0,,,https://www.mongodb.com/careers/job/?gh_jid=7942147
2026-08-18,MDB,MongoDB,Principal Partner Specialist,SI Partners,Frankfurt,other,staff_principal,0,0,0,,,https://www.mongodb.com/careers/job/?gh_jid=7887608
2026-08-18,MDB,MongoDB,Principal Partner Specialist,APAC Partner Specialists,Japan,other,staff_principal,0,0,0,,,https://www.mongodb.com/careers/job/?gh_jid=8020464
2026-08-18,MDB,MongoDB,Principal Solutions Architect,"AMP, Sales",Great Britain,demand_validated,staff_principal,0,1,0,buzz,,https://www.mongodb.com/careers/job/?gh_jid=7657688
2026-08-18,MDB,MongoDB,Principal Solutions Architect,"AMP, Sales",France,demand_validated,staff_principal,0,1,0,buzz,,https://www.mongodb.com/careers/job/?gh_jid=7564234
2026-08-18,MDB,MongoDB,Principal Solutions Architect,"AMP, Sales",Ireland,demand_validated,staff_principal,0,1,0,buzz,,https://www.mongodb.com/careers/job/?gh_jid=7657684
2026-08-18,MDB,MongoDB,Principal Technologist / Field CTO,Strategic Developer Relations,India,other,staff_principal,0,0,0,,,https://www.mongodb.com/careers/job/?gh_jid=6381035
2026-08-18,MDB,MongoDB,Product Communications Manager,Global Communications,United States,nontech,mid,0,3,1,application,104000,https://www.mongodb.com/careers/job/?gh_jid=8091841
2026-08-18,MDB,MongoDB,"Product Manager, Internal Financial Data",Data & Platform,Austin; New York City; Palo Alto; San Francisco; United States,product_eng,intern,0,0,0,,160000,https://www.mongodb.com/careers/job/?gh_jid=7908293
2026-08-18,MDB,MongoDB,Product Pricing & Monetization Strategy - Associate,Product Management,New York City,other,mid,0,0,0,,124500,https://www.mongodb.com/careers/job/?gh_jid=7523751
2026-08-18,MDB,MongoDB,"Product Security Engineer, Server",Product Security,New York City; Seattle; United States,product_eng,mid,0,0,0,,157500,https://www.mongodb.com/careers/job/?gh_jid=8098695
2026-08-18,MDB,MongoDB,"Program Coordinator, Early Talent",Early Talent Recruiting,Austin,other,mid,0,0,0,,56160,https://www.mongodb.com/careers/job/?gh_jid=8106084
2026-08-18,MDB,MongoDB,Program Manager 3,Finance Enablement & Operations,Dublin,other,mid,0,0,0,,,https://www.mongodb.com/careers/job/?gh_jid=7960940
2026-08-18,MDB,MongoDB,"Public Sector Enterprise Account Executive, Growth",Sales Growth EMEA,Amsterdam,demand_validated,mid,0,0,0,,,https://www.mongodb.com/careers/job/?gh_jid=6633264
2026-08-18,MDB,MongoDB,Recruiter,Recruiting ,Gurugram,nontech,mid,0,0,0,,,https://www.mongodb.com/careers/job/?gh_jid=8119756
2026-08-18,MDB,MongoDB,Recruiter,Recruiting ,India,nontech,mid,0,0,0,,,https://www.mongodb.com/careers/job/?gh_jid=8106260
2026-08-18,MDB,MongoDB,Regional Employee Experience Manager,Employee Experience APAC & India,Tokyo,other,mid,0,0,0,,,https://www.mongodb.com/careers/job/?gh_jid=8089932
2026-08-18,MDB,MongoDB,"Regional Vice President, Enterprise, Acquisition",Sales APAC (ASEAN),Japan,other,exec,0,0,0,,,https://www.mongodb.com/careers/job/?gh_jid=8090745
2026-08-18,MDB,MongoDB,"Regional Vice President, Enterprise, Growth",Sales APAC (India),Gurugram,other,exec,0,0,0,,,https://www.mongodb.com/careers/job/?gh_jid=8079967
2026-08-18,MDB,MongoDB,Relationship Account Manager,Relationship Account Management,Singapore,other,mid,0,0,0,,,https://www.mongodb.com/careers/job/?gh_jid=8073907
2026-08-18,MDB,MongoDB,Relationship Account Manager - Mandarin Speaker,Relationship Account Management,Singapore,other,mid,0,0,0,,,https://www.mongodb.com/careers/job/?gh_jid=8076599
2026-08-18,MDB,MongoDB,Renewals Manager - French Speaker,Renewals,"Dublin, Ireland",other,mid,0,0,0,,,https://www.mongodb.com/careers/job/?gh_jid=8122025
2026-08-18,MDB,MongoDB,Salesforce CPQ engineer 3,GTM Tech,Gurugram,product_eng,mid,0,4,1,application|buzz,,https://www.mongodb.com/careers/job/?gh_jid=7779016
2026-08-18,MDB,MongoDB,"Salesforce Engineer III, FedRAMP",GTM Tech,United States,product_eng,mid,0,1,0,buzz,149500,https://www.mongodb.com/careers/job/?gh_jid=7948530
2026-08-18,MDB,MongoDB,Sales Operations Analyst,Sales Data Strategy & Insights,Gurugram,nontech,mid,0,0,0,,,https://www.mongodb.com/careers/job/?gh_jid=8015833
2026-08-18,MDB,MongoDB,Sales Support Associate,Sales Data Strategy & Insights,Gurugram,nontech,mid,0,0,0,,,https://www.mongodb.com/careers/job/?gh_jid=7110155
2026-08-18,MDB,MongoDB,Sales Support Associate,Sales Data Strategy & Insights,Gurugram,nontech,mid,0,0,0,,,https://www.mongodb.com/careers/job/?gh_jid=8108390
2026-08-18,MDB,MongoDB,"Security Software Engineer, Infrastructure Security (Staff or Senior)",Site Reliability Engineering,Dublin; Ireland,product_eng,staff_principal,0,0,0,,,https://www.mongodb.com/careers/job/?gh_jid=7727899
2026-08-18,MDB,MongoDB,"Security Software Engineer, Infrastructure Security (Staff or Senior)",Site Reliability Engineering,Austin; New York City; San Francisco; Seattle; United States,product_eng,staff_principal,0,0,0,,188000,https://www.mongodb.com/careers/job/?gh_jid=7727896
2026-08-18,MDB,MongoDB,"Senior Accountant, Technical Revenue",Global Accounting ,Austin; New York City; Palo Alto,other,senior,0,0,0,,99500,https://www.mongodb.com/careers/job/?gh_jid=7557741
2026-08-18,MDB,MongoDB,"Senior Account Executive, Acquisition - Digital Native",Sales APAC (ANZ),Sydney,demand_validated,senior,0,1,0,buzz,,https://www.mongodb.com/careers/job/?gh_jid=6586315
2026-08-18,MDB,MongoDB,"Senior Account Executive, Acquisition ( Digital Native)",Sales APAC (ANZ),Sydney,demand_validated,senior,0,1,0,buzz,,https://www.mongodb.com/careers/job/?gh_jid=8003451
2026-08-18,MDB,MongoDB,Senior Administrator - Business Systems,GTM Tech,Gurugram,other,senior,0,4,1,application|buzz,,https://www.mongodb.com/careers/job/?gh_jid=7778975
2026-08-18,MDB,MongoDB,Senior Administrator - Business Systems,GTM Tech,Gurugram,other,senior,0,4,1,application|buzz,,https://www.mongodb.com/careers/job/?gh_jid=8036348
2026-08-18,MDB,MongoDB,Senior Business Operations & Strategy Analyst,FP&A - G&A & Corporate,New York City,nontech,senior,0,0,0,,122500,https://www.mongodb.com/careers/job/?gh_jid=7760222
2026-08-18,MDB,MongoDB,"Senior Commercial Growth Account Executive, Acquisition ( Bahasa Speaker)",Sales APAC (ASEAN),Singapore,demand_validated,senior,0,0,0,,,https://www.mongodb.com/careers/job/?gh_jid=7759971
2026-08-18,MDB,MongoDB,Senior Compensation Manager,Total Rewards,Atlanta; Austin; Baltimore; Boston; Chicago; Houston; Minneapolis; New York City; Philadelphia; Pittsburgh; Washington DC,other,senior,0,0,0,,145500,https://www.mongodb.com/careers/job/?gh_jid=8055126
2026-08-18,MDB,MongoDB,Senior Consulting Engineer,PS Field Delivery,Tel Aviv,product_eng,senior,0,0,0,,,https://www.mongodb.com/careers/job/?gh_jid=7925284
2026-08-18,MDB,MongoDB,Senior Consulting Engineer,PS Field Delivery,Paris,product_eng,senior,0,0,0,,,https://www.mongodb.com/careers/job/?gh_jid=8109743
2026-08-18,MDB,MongoDB,Senior Consulting Engineer,PS Field Delivery,Rome,product_eng,senior,0,0,0,,,https://www.mongodb.com/careers/job/?gh_jid=8109295
2026-08-18,MDB,MongoDB,Senior Consulting Engineer,PS Field Delivery,Great Britain; London,product_eng,senior,0,0,0,,,https://www.mongodb.com/careers/job/?gh_jid=8127859
2026-08-18,MDB,MongoDB,Senior Contract Recruiter,People Team,Austin; Chicago; Dallas; Denver; Los Angeles,nontech,senior,0,0,0,,74250,https://www.mongodb.com/careers/job/?gh_jid=8092135
2026-08-18,MDB,MongoDB,Senior Customer Success Manager,Customer Success Americas,Atlanta; Austin; Dallas; Denver,demand_validated,senior,0,1,0,buzz,143500,https://www.mongodb.com/careers/job/?gh_jid=8059729
2026-08-18,MDB,MongoDB,Senior Customer Success Manager,Customer Success EMEA,Madrid,demand_validated,senior,0,0,0,,,https://www.mongodb.com/careers/job/?gh_jid=8071152
2026-08-18,MDB,MongoDB,Senior Customer Success Manager,Customer Success Americas,Washington DC,demand_validated,senior,0,0,0,,143500,https://www.mongodb.com/careers/job/?gh_jid=8060803
2026-08-18,MDB,MongoDB,Senior Customer Success Manager,Customer Success,Tel Aviv,demand_validated,senior,0,0,0,,,https://www.mongodb.com/careers/job/?gh_jid=8081197
2026-08-18,MDB,MongoDB,Senior Customer Success Manager,Customer Success EMEA,Berlin; Frankfurt; Hamburg; Munich,demand_validated,senior,0,0,0,,,https://www.mongodb.com/careers/job/?gh_jid=7906059
2026-08-18,MDB,MongoDB,Senior Customer Success Manager,Customer Success APAC,Melbourne,demand_validated,senior,0,0,0,,,https://www.mongodb.com/careers/job/?gh_jid=8129890
2026-08-18,MDB,MongoDB,Senior Customer Success Manager,Customer Success Americas,Chicago,demand_validated,senior,0,0,0,,143500,https://www.mongodb.com/careers/job/?gh_jid=8053367
2026-08-18,MDB,MongoDB,Senior Customer Success Manager,Customer Success Americas,San Francisco,demand_validated,senior,0,0,0,,143500,https://www.mongodb.com/careers/job/?gh_jid=7530648
2026-08-18,MDB,MongoDB,Senior Customer Success Manager,Customer Success Americas,Montreal,demand_validated,senior,0,0,0,,127500,https://www.mongodb.com/careers/job/?gh_jid=7944089
2026-08-18,MDB,MongoDB,Senior Data Analyst,Analytics,United States,other,senior,0,0,0,,122500,https://www.mongodb.com/careers/job/?gh_jid=7696633
2026-08-18,MDB,MongoDB,"Senior Data Product Manager, Product Telemetry",Data & Platform,New York City; Palo Alto; San Francisco,product_eng,senior,0,3,1,application,243500,https://www.mongodb.com/careers/job/?gh_jid=7428476
2026-08-18,MDB,MongoDB,Senior Developer Advocate,Developer Advocacy,Dublin,product_eng,senior,0,3,1,application,,https://www.mongodb.com/careers/job/?gh_jid=7950357
2026-08-18,MDB,MongoDB,"Senior Director, Customer Health & Critical Accounts",Customer Success Center of Excellence,Austin; Boston; Chicago; Denver; Los Angeles; New York City; United States,other,director,0,1,0,buzz,300500,https://www.mongodb.com/careers/job/?gh_jid=8088171
2026-08-18,MDB,MongoDB,"Senior Director, Global AI Native & POD Program",GTM Operations,Austin; New York City; San Francisco,other,director,1,0,0,,190000,https://www.mongodb.com/careers/job/?gh_jid=8092253
2026-08-18,MDB,MongoDB,"Senior Director, HR Business Partnering",HR Business Partners,Atlanta; Austin; Baltimore; Boston; Chicago; Dallas; Houston; Minneapolis; Nashville; New York City; Palo Alto; Raleigh; San Francisco; Seattle; St. Louis,nontech,director,0,3,1,application,224000,https://www.mongodb.com/careers/job/?gh_jid=7858876
2026-08-18,MDB,MongoDB,"Senior Director of Engineering, Developer Productivity",R&D Developer Productivity,United States,product_eng,director,0,0,0,,249000,https://www.mongodb.com/careers/job/?gh_jid=8052615
2026-08-18,MDB,MongoDB,"Senior Director of Engineering, Developer Productivity",R&D Developer Productivity,Alberta; British Columbia; Manitoba; Nova Scotia; Ontario; Quebec,product_eng,director,0,0,0,,255000,https://www.mongodb.com/careers/job/?gh_jid=8052617
2026-08-18,MDB,MongoDB,"Senior Director, Partner Specialists",APAC Partner Specialists,Bengaluru; Gurugram; Mumbai,other,director,0,0,0,,,https://www.mongodb.com/careers/job/?gh_jid=8020483
2026-08-18,MDB,MongoDB,"Senior Director, Partner Specialists",Cloud Partners,London,other,director,0,0,0,,,https://www.mongodb.com/careers/job/?gh_jid=8029188
2026-08-18,MDB,MongoDB,Senior Engineer - Business Systems (Integrations),GTM Tech,Gurugram,product_eng,senior,0,3,1,application,,https://www.mongodb.com/careers/job/?gh_jid=7778978
2026-08-18,MDB,MongoDB,Senior Engineer - GTM Tech,GTM Tech,Gurugram,product_eng,senior,0,4,1,application|buzz,,https://www.mongodb.com/careers/job/?gh_jid=8008794
2026-08-18,MDB,MongoDB,"Senior Engineering Manager, Developer Productivity",R&D Developer Productivity,United States,product_eng,senior,0,3,1,application,224000,https://www.mongodb.com/careers/job/?gh_jid=8052618
2026-08-18,MDB,MongoDB,"Senior Engineering Manager, Developer Productivity",R&D Developer Productivity,Alberta; British Columbia; Manitoba; Nova Scotia; Ontario; Quebec,product_eng,senior,0,3,1,application,228000,https://www.mongodb.com/careers/job/?gh_jid=8052620
2026-08-18,MDB,MongoDB,Senior Enterprise Account Executive,Sales Growth EMEA,London,demand_validated,senior,0,0,0,,,https://www.mongodb.com/careers/job/?gh_jid=7227836
2026-08-18,MDB,MongoDB,"Senior Enterprise Account Executive, Acquisition",Sales APAC (India),Mumbai,demand_validated,senior,0,0,0,,,https://www.mongodb.com/careers/job/?gh_jid=8081026
2026-08-18,MDB,MongoDB,"Senior Enterprise Account Executive, Growth",Sales LatAm,Mexico City,demand_validated,senior,0,0,0,,,https://www.mongodb.com/careers/job/?gh_jid=5050863
2026-08-18,MDB,MongoDB,"Senior Enterprise Account Executive, Growth",Sales Growth NAMER,Denver,demand_validated,senior,0,0,0,,160000,https://www.mongodb.com/careers/job/?gh_jid=7687359
2026-08-18,MDB,MongoDB,"Senior Enterprise Account Executive, Growth",Sales Growth NAMER,Austin; Dallas; Houston,demand_validated,senior,0,0,0,,160000,https://www.mongodb.com/careers/job/?gh_jid=7998023
2026-08-18,MDB,MongoDB,"Senior Enterprise Account Executive, Growth",Sales Growth NAMER,St. Louis,demand_validated,senior,0,0,0,,160000,https://www.mongodb.com/careers/job/?gh_jid=8039113
2026-08-18,MDB,MongoDB,"Senior Enterprise Account Executive, Growth",Sales APAC (ASEAN),Singapore,demand_validated,senior,0,0,0,,,https://www.mongodb.com/careers/job/?gh_jid=8050026
2026-08-18,MDB,MongoDB,Senior/ Enterprise Account Executive - Strategic Account,Sales APAC (ASEAN),Singapore,demand_validated,senior,0,0,0,,,https://www.mongodb.com/careers/job/?gh_jid=7490900
2026-08-18,MDB,MongoDB,Senior Executive Assistant,Executive Support - Sales,Los Angeles; Palo Alto; San Francisco,other,senior,0,0,0,,100500,https://www.mongodb.com/careers/job/?gh_jid=8060719
2026-08-18,MDB,MongoDB,Senior Forward Deployed Engineer,Magenta,Tysons,demand_validated,senior,0,6,1,application,187000,https://www.mongodb.com/careers/job/?gh_jid=8094523
2026-08-18,MDB,MongoDB,Senior Forward Deployed Engineer,Magenta,Gurugram,demand_validated,senior,0,6,1,application,,https://www.mongodb.com/careers/job/?gh_jid=8094513
2026-08-18,MDB,MongoDB,Senior IT VIP Support Specialist,Global Enterprise Technology (GET),Palo Alto,nontech,senior,0,3,1,application,140000,https://www.mongodb.com/careers/job/?gh_jid=8046751
2026-08-18,MDB,MongoDB,"Senior Legal Counsel, Public Sector",Legal & Risk Mgmt,United States,nontech,senior,0,0,0,,207500,https://www.mongodb.com/careers/job/?gh_jid=7950376
2026-08-18,MDB,MongoDB,"Senior Manager, EMEA Payroll",Controllership,"Cork, Ireland; Dublin, Ireland",nontech,senior,0,0,0,,,https://www.mongodb.com/careers/job/?gh_jid=8003632
2026-08-18,MDB,MongoDB,"Senior Manager, Financial Planning & Analysis",FP&A - G&A & Corporate,Austin; New York City,other,senior,0,0,0,,149500,https://www.mongodb.com/careers/job/?gh_jid=8072504
2026-08-18,MDB,MongoDB,"Senior Manager, Financial Planning & Analysis",FP&A - G&A & Corporate,Dublin,other,senior,0,0,0,,,https://www.mongodb.com/careers/job/?gh_jid=8072506
2026-08-18,MDB,MongoDB,"Senior Manager, M&A Integration",Finance & Administration ,Austin; New York City; Palo Alto; United States,other,senior,0,0,0,,141000,https://www.mongodb.com/careers/job/?gh_jid=8119799
2026-08-18,MDB,MongoDB,"Senior Manager, Martech Transformation",Marketing Operations,"Cork, Ireland; Dublin, Ireland",other,senior,0,0,0,,,https://www.mongodb.com/careers/job/?gh_jid=7527949
2026-08-18,MDB,MongoDB,"Senior Manager (or Manager), Premium Services",Technical Support Premium Services,Palo Alto,other,senior,0,3,1,application,207500,https://www.mongodb.com/careers/job/?gh_jid=7983071
2026-08-18,MDB,MongoDB,"Senior Manager, Policy and Controls Governance","Assurance, Risk & Compliance",United States,other,senior,0,0,0,,169000,https://www.mongodb.com/careers/job/?gh_jid=8089892
2026-08-18,MDB,MongoDB,"Senior Manager, Revenue","Revenue, OTC & QTC",Austin; New York City; Palo Alto,other,senior,0,0,0,,157500,https://www.mongodb.com/careers/job/?gh_jid=7736164
2026-08-18,MDB,MongoDB,"Senior Manager, Sales Operations",GTM Operations,"Dublin, Ireland",nontech,senior,0,0,0,,,https://www.mongodb.com/careers/job/?gh_jid=8056742
2026-08-18,MDB,MongoDB,"Senior Manager, Sales Plays & Offerings",Partner Enablement,United States,nontech,senior,0,0,0,,166000,https://www.mongodb.com/careers/job/?gh_jid=8077495
2026-08-18,MDB,MongoDB,"Senior Manager, Solutions Architecture (Cloud Partnerships)","Solutions Consulting, Partners",Seattle; United States,demand_validated,senior,0,0,0,,216000,https://www.mongodb.com/careers/job/?gh_jid=8119328
2026-08-18,MDB,MongoDB,"Senior Marketing Manager, U.S. Public Sector",Americas Marketing,United States,nontech,senior,0,0,0,,124500,https://www.mongodb.com/careers/job/?gh_jid=8035641
2026-08-18,MDB,MongoDB,Senior Partner Solutions Architect,"Solutions Consulting, Partners",Sydney,demand_validated,senior,0,0,0,,,https://www.mongodb.com/careers/job/?gh_jid=7952245
2026-08-18,MDB,MongoDB,Senior Partner Solutions Architect,"Solutions Consulting, Partners",Atlanta; Austin; Dallas; Florida; Miami,demand_validated,senior,0,0,0,,154000,https://www.mongodb.com/careers/job/?gh_jid=7683484
2026-08-18,MDB,MongoDB,Senior Partner Solutions Architect,"Solutions Consulting, Partners",São Paulo,demand_validated,senior,0,0,0,,,https://www.mongodb.com/careers/job/?gh_jid=7700740
2026-08-18,MDB,MongoDB,Senior Partner Solutions Architect,"Solutions Consulting, Partners",India,demand_validated,senior,0,6,1,application,,https://www.mongodb.com/careers/job/?gh_jid=7997737
2026-08-18,MDB,MongoDB,Senior Platform Engineer,Data & Platform,Gurugram,product_eng,senior,0,0,0,,,https://www.mongodb.com/careers/job/?gh_jid=7924987
2026-08-18,MDB,MongoDB,Senior Pre-Sales Solutions Architect,Solutions Consulting Scaled Services,Mexico City,demand_validated,senior,0,7,1,application|buzz,,https://www.mongodb.com/careers/job/?gh_jid=7719062
2026-08-18,MDB,MongoDB,Senior Pre-Sales Solutions Architect,Solutions Consulting Scaled Services,São Paulo,demand_validated,senior,0,7,1,application|buzz,,https://www.mongodb.com/careers/job/?gh_jid=7658084
2026-08-18,MDB,MongoDB,Senior Product Manager,Product Management,Dublin; Ireland,product_eng,senior,0,0,0,,,https://www.mongodb.com/careers/job/?gh_jid=7113803
2026-08-18,MDB,MongoDB,Senior Product Manager,Magenta,Gurugram,product_eng,senior,0,11,1,application|data_ml_ops|model_infra,,https://www.mongodb.com/careers/job/?gh_jid=7851080
2026-08-18,MDB,MongoDB,"Senior Product Manager, Post Sales",GTM Tech,Austin; New York City; Palo Alto; Seattle,product_eng,senior,0,1,0,buzz,201000,https://www.mongodb.com/careers/job/?gh_jid=7975695
2026-08-18,MDB,MongoDB,"Senior Product Security Engineer, Server",Product Security,"Dublin, Ireland",product_eng,senior,0,0,0,,,https://www.mongodb.com/careers/job/?gh_jid=7484909
2026-08-18,MDB,MongoDB,"Senior Product Security Engineer, Server",Product Security,"Cork, Ireland",product_eng,senior,0,0,0,,,https://www.mongodb.com/careers/job/?gh_jid=7956226
2026-08-18,MDB,MongoDB,"Senior Project Manager, Professional Services",PS Project Management,Austin; Chicago; Denver; New York City,demand_validated,senior,0,3,1,application,133000,https://www.mongodb.com/careers/job/?gh_jid=8029939
2026-08-18,MDB,MongoDB,Senior Python Engineer,Database Experience,British Columbia; Ontario,product_eng,senior,0,9,1,application,163000,https://www.mongodb.com/careers/job/?gh_jid=7742877
2026-08-18,MDB,MongoDB,Senior Python Engineer,Database Experience,United States,product_eng,senior,0,9,1,application,187000,https://www.mongodb.com/careers/job/?gh_jid=7742875
2026-08-18,MDB,MongoDB,Senior Real Estate Coordinator,Real Estate,Bengaluru; Gurugram,other,senior,0,0,0,,,https://www.mongodb.com/careers/job/?gh_jid=8094118
2026-08-18,MDB,MongoDB,Senior Relationship Account Manager,Relationship Account Management,Bengaluru; Gurugram,other,senior,0,0,0,,,https://www.mongodb.com/careers/job/?gh_jid=8083346
2026-08-18,MDB,MongoDB,Senior Research Scientist,Voyage AI Research,Palo Alto,research,senior,0,24,1,application|buzz|general_medium|model_infra,187000,https://www.mongodb.com/careers/job/?gh_jid=7891161
2026-08-18,MDB,MongoDB,Senior Salesforce Engineer,GTM Tech,Gurugram,product_eng,senior,0,4,1,application|buzz,,https://www.mongodb.com/careers/job/?gh_jid=8018423
2026-08-18,MDB,MongoDB,Senior Salesforce Engineer,GTM Tech,New York City,product_eng,senior,0,4,1,application|buzz,174500,https://www.mongodb.com/careers/job/?gh_jid=7991447
2026-08-18,MDB,MongoDB,Senior Site Reliability Engineer,Magenta,Gurugram,product_eng,senior,0,0,0,,,https://www.mongodb.com/careers/job/?gh_jid=8051379
2026-08-18,MDB,MongoDB,"Senior Site Reliability Engineer,  Fleet Management",Site Reliability Engineering,Austin; Boston; Chicago; Denver; Miami; New York City; San Francisco; Seattle; United States,product_eng,senior,0,0,0,,188000,https://www.mongodb.com/careers/job/?gh_jid=7727873
2026-08-18,MDB,MongoDB,Senior Software Engineer,Database Experience,Atlanta; Austin; Baltimore; Boston; Charlotte; Chicago; Columbus; Dallas; Miami; Nashville; New York City; Philadelphia; Pittsburgh; Princeton; Raleigh; Tysons; Washington DC,product_eng,senior,0,0,0,,187000,https://www.mongodb.com/careers/job/?gh_jid=8065483
2026-08-18,MDB,MongoDB,Senior Software Engineer,Durable TXs & Availability,Sydney,product_eng,senior,0,0,0,,,https://www.mongodb.com/careers/job/?gh_jid=8020377
2026-08-18,MDB,MongoDB,"Senior Software Engineer, AI Builder Experience (ABX)",AI Builder Experience,Gurugram,product_eng,senior,1,6,1,application,,https://www.mongodb.com/careers/job/?gh_jid=8106099
2026-08-18,MDB,MongoDB,"Senior Software Engineer, App Analysis & Modelling",App Modernization ENG,Sydney,product_eng,senior,0,12,1,application|buzz|general_medium,,https://www.mongodb.com/careers/job/?gh_jid=7523872
2026-08-18,MDB,MongoDB,"Senior Software Engineer, Application Migration",App Modernization ENG,Sydney,product_eng,senior,0,4,0,buzz|general_medium,,https://www.mongodb.com/careers/job/?gh_jid=7838287
2026-08-18,MDB,MongoDB,"Senior Software Engineer, Atlas API Experience",Atlas Core Data Services,Dublin,product_eng,senior,0,0,0,,,https://www.mongodb.com/careers/job/?gh_jid=8035228
2026-08-18,MDB,MongoDB,"Senior Software Engineer, Atlas Clusters",Atlas Core Data Services,Dublin,product_eng,senior,0,0,0,,,https://www.mongodb.com/careers/job/?gh_jid=7588895
2026-08-18,MDB,MongoDB,"Senior Software Engineer, Atlas Search Query",Atlas Search,San Francisco,product_eng,senior,0,3,1,application,187000,https://www.mongodb.com/careers/job/?gh_jid=7940512
2026-08-18,MDB,MongoDB,"Senior Software Engineer, Forward Deployed AI Engineer",App Modernization PM,"Cork, Ireland; Dublin, Ireland",demand_validated,senior,1,1,0,buzz,,https://www.mongodb.com/careers/job/?gh_jid=7392902
2026-08-18,MDB,MongoDB,"Senior Software Engineer, Forward Deployed AI Engineer",App Modernization PM,Ireland,demand_validated,senior,1,1,0,buzz,,https://www.mongodb.com/careers/job/?gh_jid=7590735
2026-08-18,MDB,MongoDB,"Senior Software Engineer, Observability",Product & Technology,Dublin,product_eng,senior,0,0,0,,,https://www.mongodb.com/careers/job/?gh_jid=7695616
2026-08-18,MDB,MongoDB,"Senior Software Engineer, Public Backup",Durable TXs & Availability,New York City,product_eng,senior,0,0,0,,187000,https://www.mongodb.com/careers/job/?gh_jid=7975692
2026-08-18,MDB,MongoDB,"Senior Software Engineer, Query Execution",Query,Ireland,product_eng,senior,0,0,0,,,https://www.mongodb.com/careers/job/?gh_jid=8055471
2026-08-18,MDB,MongoDB," Senior Software Engineer, Search Deployments Infrastructure ",Atlas Search,San Francisco,product_eng,senior,0,9,1,application,187000,https://www.mongodb.com/careers/job/?gh_jid=8081945
2026-08-18,MDB,MongoDB,"Senior Software Engineer, Server Networking Security (Rust)",Clusters & Interfaces,"Cork, Ireland; Dublin, Ireland",product_eng,senior,0,0,0,,,https://www.mongodb.com/careers/job/?gh_jid=7653008
2026-08-18,MDB,MongoDB,"Senior Software Engineer, Server Security",Clusters & Interfaces,New York City,product_eng,senior,0,0,0,,187000,https://www.mongodb.com/careers/job/?gh_jid=7815677
2026-08-18,MDB,MongoDB,"Senior Software Engineer, Server Security",Clusters & Interfaces,Toronto,product_eng,senior,0,0,0,,163000,https://www.mongodb.com/careers/job/?gh_jid=7815679
2026-08-18,MDB,MongoDB,"Senior Software Engineer, Storage Layer Services",Durable TXs & Availability,New York City; United States,product_eng,senior,0,0,0,,187000,https://www.mongodb.com/careers/job/?gh_jid=7947560
2026-08-18,MDB,MongoDB,Senior Solutions Architect,"Solutions Consulting, APAC",Shenzhen,demand_validated,senior,0,7,1,application|buzz,,https://www.mongodb.com/careers/job/?gh_jid=7157100
2026-08-18,MDB,MongoDB,Senior Solutions Architect,"Solutions Consulting, Growth EMEA",Sweden,demand_validated,senior,0,7,1,application|buzz,,https://www.mongodb.com/careers/job/?gh_jid=8109509
2026-08-18,MDB,MongoDB,Senior Solutions Architect,"Solutions Consulting, Growth EMEA",London,demand_validated,senior,0,7,1,application|buzz,,https://www.mongodb.com/careers/job/?gh_jid=8109970
2026-08-18,MDB,MongoDB,Senior Solutions Architect,"Solutions Consulting, Growth EMEA",Warsaw,demand_validated,senior,0,7,1,application|buzz,,https://www.mongodb.com/careers/job/?gh_jid=8053142
2026-08-18,MDB,MongoDB,Senior Solutions Architect,"Solutions Consulting, Growth EMEA",Paris,demand_validated,senior,0,7,1,application|buzz,,https://www.mongodb.com/careers/job/?gh_jid=7806547
2026-08-18,MDB,MongoDB,Senior Solutions Architect,"Solutions Consulting, Growth EMEA",London,demand_validated,senior,0,7,1,application|buzz,,https://www.mongodb.com/careers/job/?gh_jid=7942609
2026-08-18,MDB,MongoDB,Senior Solutions Architect (Pre-Sales),"Solutions Consulting, Growth NA",Los Angeles; San Diego,demand_validated,senior,0,7,1,application|buzz,154000,https://www.mongodb.com/careers/job/?gh_jid=8078069
2026-08-18,MDB,MongoDB,Senior Solutions Architect (Pre-Sales),"Solutions Consulting, Growth NA",Minneapolis; Minnesota,demand_validated,senior,0,7,1,application|buzz,154000,https://www.mongodb.com/careers/job/?gh_jid=8128855
2026-08-18,MDB,MongoDB,Senior Solutions Architect (Pre-Sales),"Solutions Consulting, LATAM",São Paulo,demand_validated,senior,0,8,1,application|buzz,,https://www.mongodb.com/careers/job/?gh_jid=8050412
2026-08-18,MDB,MongoDB,Senior Solutions Architect (Pre-Sales),Solutions Consulting,Montreal; Toronto,demand_validated,senior,0,8,1,application|buzz,155000,https://www.mongodb.com/careers/job/?gh_jid=8054272
2026-08-18,MDB,MongoDB,Senior Solutions Architect (Pre-Sales),"Solutions Consulting, Growth NA",Denver,demand_validated,senior,0,7,1,application|buzz,154000,https://www.mongodb.com/careers/job/?gh_jid=8119292
2026-08-18,MDB,MongoDB,Senior Solutions Architect (Thai Speaking),"Solutions Consulting, APAC",Singapore,demand_validated,senior,0,7,1,application|buzz,,https://www.mongodb.com/careers/job/?gh_jid=8012626
2026-08-18,MDB,MongoDB,"Senior Specialist 2, Revenue","Revenue, OTC & QTC",Gurugram,other,senior,0,0,0,,,https://www.mongodb.com/careers/job/?gh_jid=7736180
2026-08-18,MDB,MongoDB,"Senior Specialist 2, Tax",Tax & Treasury,Gurugram,other,senior,0,0,0,,,https://www.mongodb.com/careers/job/?gh_jid=7951947
2026-08-18,MDB,MongoDB,"Senior Specialist, Industry Solutions",Industry Solutions,Barcelona,other,senior,0,0,0,,,https://www.mongodb.com/careers/job/?gh_jid=8045879
2026-08-18,MDB,MongoDB,Senior Staff Engineer,Atlas Core Data Services,Dublin,product_eng,staff_principal,0,0,0,,,https://www.mongodb.com/careers/job/?gh_jid=7711840
2026-08-18,MDB,MongoDB,"Senior Staff Engineer, AMP",App Modernization ENG,British Columbia,product_eng,staff_principal,0,2,0,buzz,249500,https://www.mongodb.com/careers/job/?gh_jid=7678147
2026-08-18,MDB,MongoDB,"Senior Staff Engineer, AMP",App Modernization ENG,California; Oregon; Washington,product_eng,staff_principal,0,2,0,buzz,287000,https://www.mongodb.com/careers/job/?gh_jid=7617019
2026-08-18,MDB,MongoDB,"Senior Staff Enterprise Architect, Data",Enterprise Architecture,Palo Alto,product_eng,staff_principal,0,7,1,application|buzz,263000,https://www.mongodb.com/careers/job/?gh_jid=7644002
2026-08-18,MDB,MongoDB,"Senior Staff Product Manager, Query",Product Management,Ontario,product_eng,staff_principal,0,3,1,application,206500,https://www.mongodb.com/careers/job/?gh_jid=8028587
2026-08-18,MDB,MongoDB,"Senior Staff Product Manager, Query",Product Management,Alberta; British Columbia; Manitoba; Nova Scotia; Quebec,product_eng,staff_principal,0,3,1,application,206500,https://www.mongodb.com/careers/job/?gh_jid=8028593
2026-08-18,MDB,MongoDB,"Senior Staff Product Manager, Query",Product Management,United States,product_eng,staff_principal,0,3,1,application,274000,https://www.mongodb.com/careers/job/?gh_jid=7993419
2026-08-18,MDB,MongoDB,Senior Technical Product Marketing Manager,Product Marketing,United States,nontech,senior,0,13,1,application|buzz,137000,https://www.mongodb.com/careers/job/?gh_jid=7942539
2026-08-18,MDB,MongoDB,Senior Technical Program Manager Atlas Clusters,Atlas Core Data Services,"Cork, Ireland; Dublin, Ireland",other,senior,0,0,0,,,https://www.mongodb.com/careers/job/?gh_jid=7672303
2026-08-18,MDB,MongoDB,Senior Workplace Coordinator,Workplace,Austin,other,senior,0,0,0,,66500,https://www.mongodb.com/careers/job/?gh_jid=8075787
2026-08-18,MDB,MongoDB,Services Sales (Engagement Manager),PS Engagement Management,San Francisco,nontech,mid,0,0,0,,155500,https://www.mongodb.com/careers/job/?gh_jid=7599693
2026-08-18,MDB,MongoDB,Site Reliability Engineer 3,Site Reliability Engineering,New York City,product_eng,mid,0,0,0,,164500,https://www.mongodb.com/careers/job/?gh_jid=7821316
2026-08-18,MDB,MongoDB,"Site Reliability Engineering, Fabric (Mid, Senior, or Staff)",Site Reliability Engineering,United States,product_eng,staff_principal,0,0,0,,188000,https://www.mongodb.com/careers/job/?gh_jid=7727920
2026-08-18,MDB,MongoDB,"Site Reliability Engineering, Fabric (Mid, Senior, or Staff)",Site Reliability Engineering,Toronto; Vancouver,product_eng,staff_principal,0,0,0,,172000,https://www.mongodb.com/careers/job/?gh_jid=7727923
2026-08-18,MDB,MongoDB,"Site Reliability Engineer (Senior or Staff), Atlas",Site Reliability Engineering,Austin; Boston; Chicago; Miami; New York City; Philadelphia; Pittsburgh; Raleigh; United States; Washington DC,product_eng,staff_principal,0,0,0,,188000,https://www.mongodb.com/careers/job/?gh_jid=7727964
2026-08-18,MDB,MongoDB,"Site Reliability Engineer (Senior or Staff), Deployments",Site Reliability Engineering,Boston; Miami; New Jersey; New York City; Princeton; Raleigh; Washington DC,product_eng,staff_principal,0,0,0,,188000,https://www.mongodb.com/careers/job/?gh_jid=7727910
2026-08-18,MDB,MongoDB,"Site Reliability Engineer (Senior or Staff), Deployments",Site Reliability Engineering,Toronto,product_eng,staff_principal,0,0,0,,172000,https://www.mongodb.com/careers/job/?gh_jid=7727913
2026-08-18,MDB,MongoDB,"Site Reliability Engineer (Senior or Staff), Infrastructure Security",Site Reliability Engineering,Austin; New York City; San Francisco; Seattle; United States,product_eng,staff_principal,0,0,0,,188000,https://www.mongodb.com/careers/job/?gh_jid=7758610
2026-08-18,MDB,MongoDB,"Site Reliability Engineer (Senior or Staff), Storage Layer Services (SLS)",Site Reliability Engineering,Montreal; Toronto,product_eng,staff_principal,0,0,0,,172000,https://www.mongodb.com/careers/job/?gh_jid=7793634
2026-08-18,MDB,MongoDB,"Site Reliability Engineer (Senior or Staff), Storage Layer Services (SLS)",Site Reliability Engineering,Boston; Miami; New York City; Pittsburgh; Raleigh; United States,product_eng,staff_principal,0,0,0,,187000,https://www.mongodb.com/careers/job/?gh_jid=7743366
2026-08-18,MDB,MongoDB,"Site Reliability Engineer (Senior or Staff), Storage Layer Services (SLS) ",Site Reliability Engineering,"Cork, Ireland; Dublin, Ireland",product_eng,staff_principal,0,0,0,,,https://www.mongodb.com/careers/job/?gh_jid=6984814
2026-08-18,MDB,MongoDB,Software Engineer 2,Office of the CTO,Dublin,product_eng,mid,0,0,0,,,https://www.mongodb.com/careers/job/?gh_jid=7613695
2026-08-18,MDB,MongoDB,Software Engineer 3,AI Builder Experience,United States,product_eng,mid,0,6,1,application,162000,https://www.mongodb.com/careers/job/?gh_jid=8089124
2026-08-18,MDB,MongoDB,Software Engineer 3,AI Builder Experience,Alberta; British Columbia; Manitoba; Nova Scotia; Ontario; Quebec,product_eng,mid,0,6,1,application,128500,https://www.mongodb.com/careers/job/?gh_jid=8108725
2026-08-18,MDB,MongoDB,Software Engineer 3,Internal Engineering,Gurugram,product_eng,mid,0,0,0,,,https://www.mongodb.com/careers/job/?gh_jid=7993984
2026-08-18,MDB,MongoDB,Software Engineer 3,Durable TXs & Availability,New York City,product_eng,mid,0,0,0,,157500,https://www.mongodb.com/careers/job/?gh_jid=8107198
2026-08-18,MDB,MongoDB,Software Engineer 3,Website,Gurugram,product_eng,mid,0,1,0,buzz,,https://www.mongodb.com/careers/job/?gh_jid=8083366
2026-08-18,MDB,MongoDB,Software Engineer 3,Atlas Core Data Services,New York City,product_eng,mid,0,1,0,buzz,157500,https://www.mongodb.com/careers/job/?gh_jid=8083761
2026-08-18,MDB,MongoDB,Software Engineer 3,Atlas Search,Sydney,product_eng,mid,0,11,1,application|general_medium|model_infra,,https://www.mongodb.com/careers/job/?gh_jid=8092317
2026-08-18,MDB,MongoDB,"Software Engineer 3, App Analysis & Modelling",App Modernization ENG,Sydney,product_eng,mid,0,12,1,application|buzz|general_medium,,https://www.mongodb.com/careers/job/?gh_jid=7523878
2026-08-18,MDB,MongoDB,"Software Engineer 3, Atlas Growth 2",Observability & Adoption Engineering,"Dublin, Ireland",product_eng,mid,0,2,0,general_medium,,https://www.mongodb.com/careers/job/?gh_jid=8064448
2026-08-18,MDB,MongoDB,"Software Engineer 3, Atlas Identity and Access Management",Identity and Access Management,New York City,product_eng,mid,0,0,0,,157500,https://www.mongodb.com/careers/job/?gh_jid=8069776
2026-08-18,MDB,MongoDB,"Software Engineer 3, Atlas Search Systems",Atlas Search,Toronto,product_eng,mid,0,3,1,application,128500,https://www.mongodb.com/careers/job/?gh_jid=7662950
2026-08-18,MDB,MongoDB,"Software Engineer 3, Atlas Search Systems",Atlas Search,San Francisco,product_eng,mid,0,4,1,application|buzz,165500,https://www.mongodb.com/careers/job/?gh_jid=7523920
2026-08-18,MDB,MongoDB,"Software Engineer 3, Atlas Vector Search",Atlas Search,San Francisco,product_eng,mid,0,3,1,application,157500,https://www.mongodb.com/careers/job/?gh_jid=7523911
2026-08-18,MDB,MongoDB,"Software Engineer 3, Documentation Platform",Observability & Adoption Engineering,Toronto,product_eng,mid,0,0,0,,,https://www.mongodb.com/careers/job/?gh_jid=8054993
2026-08-18,MDB,MongoDB,"Software Engineer 3, Documentation Platform",Observability & Adoption Engineering,New York City; Palo Alto; Seattle,product_eng,mid,0,0,0,,157500,https://www.mongodb.com/careers/job/?gh_jid=8054991
2026-08-18,MDB,MongoDB,"Software Engineer 3, Query Execution",Query,"Cork, Ireland; Dublin, Ireland",product_eng,mid,0,0,0,,,https://www.mongodb.com/careers/job/?gh_jid=7699932
2026-08-18,MDB,MongoDB,"Software Engineer 3, Search Systems Replication & Routing",Atlas Search,San Francisco,product_eng,mid,0,3,1,application,157500,https://www.mongodb.com/careers/job/?gh_jid=7235322
2026-08-18,MDB,MongoDB,"Software Engineer, Code Generation",App Modernization ENG,California; Colorado; Montana; Nevada; New Mexico; Oregon; Utah; Washington,product_eng,mid,0,5,1,application|buzz,162000,https://www.mongodb.com/careers/job/?gh_jid=7311666
2026-08-18,MDB,MongoDB,"Software Engineer, Code Generation",App Modernization ENG,British Columbia; Calgary,product_eng,mid,0,5,1,application|buzz,128500,https://www.mongodb.com/careers/job/?gh_jid=7311708
2026-08-18,MDB,MongoDB,"Software Engineer, Data Migration",App Modernization ENG,California; Oregon; Washington,product_eng,mid,0,4,0,buzz|general_medium,157500,https://www.mongodb.com/careers/job/?gh_jid=7523834
2026-08-18,MDB,MongoDB,Solutions Architect,"Solutions Consulting, Growth EMEA",Germany,demand_validated,mid,0,7,1,application|buzz,,https://www.mongodb.com/careers/job/?gh_jid=8066560
2026-08-18,MDB,MongoDB,Solutions Architect,"Solutions Consulting, Growth EMEA",Great Britain,demand_validated,mid,0,7,1,application|buzz,,https://www.mongodb.com/careers/job/?gh_jid=8111814
2026-08-18,MDB,MongoDB,Solutions Architect,"Solutions Consulting, Growth EMEA",Berlin; Cologne; Frankfurt; Hamburg; Munich; Stuttgart,demand_validated,mid,0,7,1,application|buzz,,https://www.mongodb.com/careers/job/?gh_jid=8066544
2026-08-18,MDB,MongoDB,Solutions Architect,Solutions Consulting Scaled Services,Singapore,demand_validated,mid,0,7,1,application|buzz,,https://www.mongodb.com/careers/job/?gh_jid=7795864
2026-08-18,MDB,MongoDB,Solutions Architect - French Speaking,Solutions Consulting Scaled Services,"Dublin, Ireland; Ireland",demand_validated,mid,0,7,1,application|buzz,,https://www.mongodb.com/careers/job/?gh_jid=8106419
2026-08-18,MDB,MongoDB,"Solutions Architect, German speaker",Solutions Consulting,Poland,demand_validated,mid,0,7,1,application|buzz,,https://www.mongodb.com/careers/job/?gh_jid=7557618
2026-08-18,MDB,MongoDB,Solutions Architect - Italian Speaker,Solutions Consulting,"Dublin, Ireland",demand_validated,mid,0,7,1,application|buzz,,https://www.mongodb.com/careers/job/?gh_jid=8077145
2026-08-18,MDB,MongoDB,Solutions Architect / Sr. Solutions Architect (Pre-Sales),"Solutions Consulting, LATAM",Mexico City,demand_validated,senior,0,7,1,application|buzz,,https://www.mongodb.com/careers/job/?gh_jid=8109873
2026-08-18,MDB,MongoDB,"Specialist, Sales Compensation",Controllership,Gurugram,nontech,mid,0,0,0,,,https://www.mongodb.com/careers/job/?gh_jid=7558720
2026-08-18,MDB,MongoDB,"Sr. Director, IT Product Management – Post Sales and Partner Technology",GTM Tech,Palo Alto,nontech,director,0,12,1,application,249000,https://www.mongodb.com/careers/job/?gh_jid=8003065
2026-08-18,MDB,MongoDB,"Sr. Executive Assistant, Chief Legal Officer",Legal & Risk Mgmt,Palo Alto,nontech,exec,0,0,0,,100500,https://www.mongodb.com/careers/job/?gh_jid=7961719
2026-08-18,MDB,MongoDB,Sr Finance Systems Admin (L1 Support & Admin),FIN Tech,Gurugram,nontech,senior,0,0,0,,,https://www.mongodb.com/careers/job/?gh_jid=8017380
2026-08-18,MDB,MongoDB,Sr. Partner Marketing Manager,Global Demand Center,Bengaluru,nontech,senior,0,0,0,,,https://www.mongodb.com/careers/job/?gh_jid=8125813
2026-08-18,MDB,MongoDB,"Sr. Technical Program Manager, FDE Engagements",Magenta,Mexico City,other,senior,0,6,1,application,,https://www.mongodb.com/careers/job/?gh_jid=8065459
2026-08-18,MDB,MongoDB,Staff Analyst,Analytics,Gurugram,other,staff_principal,0,1,0,buzz,,https://www.mongodb.com/careers/job/?gh_jid=8077182
2026-08-18,MDB,MongoDB,Staff Data Engineer,Data & Platform,Gurugram,product_eng,staff_principal,0,6,1,application,,https://www.mongodb.com/careers/job/?gh_jid=7858063
2026-08-18,MDB,MongoDB,Staff Engineer,Observability & Adoption Engineering,"Dublin, Ireland",product_eng,staff_principal,0,0,0,,,https://www.mongodb.com/careers/job/?gh_jid=7613562
2026-08-18,MDB,MongoDB,Staff Engineer,Atlas Core Data Services,Dublin,product_eng,staff_principal,0,0,0,,,https://www.mongodb.com/careers/job/?gh_jid=8003635
2026-08-18,MDB,MongoDB,Staff Engineer,Durable TXs & Availability,Sydney,product_eng,staff_principal,0,0,0,,,https://www.mongodb.com/careers/job/?gh_jid=8075467
2026-08-18,MDB,MongoDB,Staff Engineer,Observability & Adoption Engineering,"Cork, Ireland",product_eng,staff_principal,0,0,0,,,https://www.mongodb.com/careers/job/?gh_jid=8045017
2026-08-18,MDB,MongoDB,Staff Engineer,Magenta,Gurugram,product_eng,staff_principal,0,0,0,,,https://www.mongodb.com/careers/job/?gh_jid=7590587
2026-08-18,MDB,MongoDB,"Staff Engineer, AMP",App Modernization ENG,Gurugram,product_eng,staff_principal,0,5,1,application|buzz,,https://www.mongodb.com/careers/job/?gh_jid=7583617
2026-08-18,MDB,MongoDB,Staff Engineer - Business Systems (Integrations),GTM Tech,Gurugram,product_eng,staff_principal,0,0,0,,,https://www.mongodb.com/careers/job/?gh_jid=7778981
2026-08-18,MDB,MongoDB,"Staff Engineer, Code Generation",Product & Technology,Alberta; British Columbia; Manitoba; Nova Scotia; Ontario; Quebec,product_eng,staff_principal,0,5,1,application|buzz,190000,https://www.mongodb.com/careers/job/?gh_jid=7210819
2026-08-18,MDB,MongoDB,"Staff Engineer, Code Generation",Product & Technology,United States,product_eng,staff_principal,0,5,1,application|buzz,203500,https://www.mongodb.com/careers/job/?gh_jid=7210817
2026-08-18,MDB,MongoDB,"Staff Engineer, Observability",Observability & Adoption Engineering,"Dublin, Ireland",product_eng,staff_principal,0,0,0,,,https://www.mongodb.com/careers/job/?gh_jid=7613587
2026-08-18,MDB,MongoDB,"Staff Engineer, Query Optimization",Query,United States,product_eng,staff_principal,0,0,0,,224000,https://www.mongodb.com/careers/job/?gh_jid=7870876
2026-08-18,MDB,MongoDB,Staff Forward Deployed Engineer,Magenta,Gurugram,demand_validated,staff_principal,0,3,1,application,,https://www.mongodb.com/careers/job/?gh_jid=8094522
2026-08-18,MDB,MongoDB,Staff Forward Deployed Engineer,Magenta,New York City,demand_validated,staff_principal,0,3,1,application,224000,https://www.mongodb.com/careers/job/?gh_jid=8089185
2026-08-18,MDB,MongoDB,Staff Product Manager,Product Management,"Dublin, Ireland",product_eng,staff_principal,0,4,1,application|buzz,,https://www.mongodb.com/careers/job/?gh_jid=8111736
2026-08-18,MDB,MongoDB,"Staff Product Manager, Identity and Security",Security Product Management,United States,product_eng,staff_principal,0,6,1,application,224000,https://www.mongodb.com/careers/job/?gh_jid=8126618
2026-08-18,MDB,MongoDB,"Staff Product Manager, Identity and Security",Security Product Management,Alberta; British Columbia; Manitoba; Nova Scotia; Ontario; Quebec; Toronto,product_eng,staff_principal,0,6,1,application,174500,https://www.mongodb.com/careers/job/?gh_jid=8126620
2026-08-18,MDB,MongoDB,Staff Product Manager - Internal AI,Internal AI,Palo Alto,product_eng,intern,1,4,1,application|buzz,243500,https://www.mongodb.com/careers/job/?gh_jid=7781724
2026-08-18,MDB,MongoDB,"Staff Product Manager, Security and Compliance (Public Sector)",Security Product Management,United States,product_eng,staff_principal,0,0,0,,224000,https://www.mongodb.com/careers/job/?gh_jid=8054250
2026-08-18,MDB,MongoDB,Staff Product Marketing Manager,Product Marketing,United States,nontech,staff_principal,0,3,1,application,154000,https://www.mongodb.com/careers/job/?gh_jid=8072861
2026-08-18,MDB,MongoDB,Staff Research Scientist,Voyage AI Research,Palo Alto,research,staff_principal,0,21,1,application|buzz|general_medium|model_infra,224000,https://www.mongodb.com/careers/job/?gh_jid=7956670
2026-08-18,MDB,MongoDB,Staff Site Reliability Engineer,Magenta,Bengaluru,product_eng,staff_principal,0,0,0,,,https://www.mongodb.com/careers/job/?gh_jid=8051387
2026-08-18,MDB,MongoDB,Staff Software Engineer - Query Execution,Query,United States,product_eng,staff_principal,0,3,1,application,224000,https://www.mongodb.com/careers/job/?gh_jid=7915330
2026-08-18,MDB,MongoDB,"Staff Software Engineer, Server Networking Security (Rust)",Clusters & Interfaces,"Cork, Ireland; Dublin, Ireland",product_eng,staff_principal,0,0,0,,,https://www.mongodb.com/careers/job/?gh_jid=7696228
2026-08-18,MDB,MongoDB,"Staff Technical Product Marketing Manager, Context Engineering",Product Marketing,"Dublin, Ireland",product_eng,staff_principal,0,6,1,application,,https://www.mongodb.com/careers/job/?gh_jid=8121863
2026-08-18,MDB,MongoDB,Staff Technical Program Manager,Atlas Core Data Services,"Cork, Ireland; Dublin, Ireland",other,staff_principal,0,0,0,,,https://www.mongodb.com/careers/job/?gh_jid=7465124
2026-08-18,MDB,MongoDB,Staff Technical Program Manager,Observability & Adoption Engineering,"Dublin, Ireland",other,staff_principal,0,0,0,,,https://www.mongodb.com/careers/job/?gh_jid=8044870
2026-08-18,MDB,MongoDB,"Staff Technical Program Manager, Site Reliability Engineering",Site Reliability Engineering,"Cork, Ireland; Dublin, Ireland; Ireland",product_eng,staff_principal,0,0,0,,,https://www.mongodb.com/careers/job/?gh_jid=7831454
2026-08-18,MDB,MongoDB,"Staff Technical Program Manager, Site Reliability Engineering",Site Reliability Engineering,Atlanta; Boston; Florida; Georgia; Maine; Miami; New Hampshire; New Jersey; New York; New York City; Pennsylvania; Philadelphia; Pittsburgh; Raleigh; Vermont; Virginia; Washington DC,product_eng,staff_principal,0,0,0,,224000,https://www.mongodb.com/careers/job/?gh_jid=7555398
2026-08-18,MDB,MongoDB,Startup & Venture Ecosystem Lead,Marketing Management,San Francisco,other,senior,0,0,0,,149500,https://www.mongodb.com/careers/job/?gh_jid=7779540
2026-08-18,MDB,MongoDB,"Technical Director, Builder Relations",Developer Advocacy,India,other,director,0,0,0,,,https://www.mongodb.com/careers/job/?gh_jid=7993078
2026-08-18,MDB,MongoDB,Technical Lead Manager,Atlas Core Data Services,"Dublin, Ireland",other,senior,0,0,0,,,https://www.mongodb.com/careers/job/?gh_jid=7711876
2026-08-18,MDB,MongoDB,Technical Lead Manager,Atlas Core Data Services,"Cork, Ireland",other,senior,0,0,0,,,https://www.mongodb.com/careers/job/?gh_jid=8045345
2026-08-18,MDB,MongoDB,Technical Services Curriculum Engineer,Technical Support Operations,Vancouver,product_eng,mid,0,4,1,application|buzz,137500,https://www.mongodb.com/careers/job/?gh_jid=7968777
2026-08-18,MDB,MongoDB,Technical Services Engineer,Technical Support APAC,Sydney,product_eng,mid,0,9,1,application,,https://www.mongodb.com/careers/job/?gh_jid=8070880
2026-08-18,MDB,MongoDB,Technical Services Engineer,Technical Support APAC,Bengaluru,product_eng,mid,0,0,0,,,https://www.mongodb.com/careers/job/?gh_jid=8007613
2026-08-18,MDB,MongoDB,Technical Services Engineer,Technical Support EMEA,Dublin,product_eng,mid,0,3,1,application,,https://www.mongodb.com/careers/job/?gh_jid=8043909
2026-08-18,MDB,MongoDB,Technical Services Engineer,Technical Support AMER,Palo Alto,product_eng,mid,0,3,1,application,133000,https://www.mongodb.com/careers/job/?gh_jid=8065812
2026-08-18,MDB,MongoDB,Technical Services Engineer,Technical Support EMEA,Dublin,product_eng,mid,0,0,0,,,https://www.mongodb.com/careers/job/?gh_jid=7948529
2026-08-18,MDB,MongoDB,Technical Services Engineer,Technical Support EMEA,"Dublin, Ireland",product_eng,mid,0,9,1,application,,https://www.mongodb.com/careers/job/?gh_jid=7947090
2026-08-18,MDB,MongoDB,Technical Services Engineer,Technical Support AMER,Mexico City,product_eng,mid,0,0,0,,,https://www.mongodb.com/careers/job/?gh_jid=8055356
2026-08-18,MDB,MongoDB,"Technical Services Engineer, 1st shift (Weekend)",Technical Support AMER Public Sector,United States,product_eng,mid,0,0,0,,133000,https://www.mongodb.com/careers/job/?gh_jid=8030936
2026-08-18,MDB,MongoDB,"Technical Services Engineer, Infrastructure - Weekend",Technical Support AMER,Palo Alto,product_eng,mid,0,3,1,application,133000,https://www.mongodb.com/careers/job/?gh_jid=7460019
2026-08-18,MDB,MongoDB,"Technical Services Engineer, Named Accounts",Technical Support Premium Services,Palo Alto; San Francisco,product_eng,mid,0,0,0,,133000,https://www.mongodb.com/careers/job/?gh_jid=8041641
2026-08-18,MDB,MongoDB,Technical Services Engineer - Partners,Technical Support Partners & Migrations,"Dublin, Ireland",product_eng,mid,0,1,0,buzz,,https://www.mongodb.com/careers/job/?gh_jid=8053152
2026-08-18,MDB,MongoDB,"VP, AI Marketing Strategy",Marketing Management,Palo Alto; San Francisco,nontech,exec,1,6,1,application,215000,https://www.mongodb.com/careers/job/?gh_jid=8072839
2026-08-18,MDB,MongoDB,"VP, Executive Operations - Office of CEO",Management ,New York City; Palo Alto; San Francisco,nontech,exec,0,0,0,,240000,https://www.mongodb.com/careers/job/?gh_jid=8103967
2026-08-18,MDB,MongoDB,"VP, Global Specialist Sales",Sales Growth NAMER,Austin; New York City; Palo Alto; San Francisco,nontech,exec,0,12,1,application,270000,https://www.mongodb.com/careers/job/?gh_jid=8077553
2026-08-18,ESTC,Elastic,"ABM Manager, Global Public Sector",Product Marketing,United States,other,mid,0,0,0,,154800,https://jobs.elastic.co/jobs?gh_jid=7968189&gh_jid=7968189
2026-08-18,ESTC,Elastic,"ABM Regional Manager, AMER",Regional Marketing - AMER,United States,other,mid,0,0,0,,154800,https://jobs.elastic.co/jobs?gh_jid=8001092&gh_jid=8001092
2026-08-18,ESTC,Elastic,Account Executive Federal Civilian (Financial Regulatory & SSA),Sales - USPS CIV,United States,demand_validated,mid,0,0,0,,196550,https://jobs.elastic.co/jobs?gh_jid=8089209&gh_jid=8089209
2026-08-18,ESTC,Elastic,Account Executive Public Sector,Sales - EMEA - North,Belgium,demand_validated,mid,0,1,0,buzz,,https://jobs.elastic.co/jobs?gh_jid=7768040&gh_jid=7768040
2026-08-18,ESTC,Elastic,Agentic AI Engineer,IT,United States,product_eng,mid,1,22,1,application|buzz|model_infra,136750,https://jobs.elastic.co/jobs?gh_jid=8079636&gh_jid=8079636
2026-08-18,ESTC,Elastic,AI Security - Principal Security Research Engineer I,Security - Protections,United States,research,staff_principal,1,10,1,application|buzz,231650,https://jobs.elastic.co/jobs?gh_jid=8079640&gh_jid=8079640
2026-08-18,ESTC,Elastic,"Associate Corporate Counsel - Legal Product, IP, and Marketing",Legal - Corporate,United States,nontech,mid,0,1,0,buzz,154750,https://jobs.elastic.co/jobs?gh_jid=8093273&gh_jid=8093273
2026-08-18,ESTC,Elastic,"Associate Corporate Counsel - Legal Product, IP, and Marketing",Legal - Corporate,Canada,nontech,mid,0,1,0,buzz,123200,https://jobs.elastic.co/jobs?gh_jid=8122981&gh_jid=8122981
2026-08-18,ESTC,Elastic,Associate Creative Director, Brand and Creative,United States,other,director,0,1,0,buzz,185750,https://jobs.elastic.co/jobs?gh_jid=8035673&gh_jid=8035673
2026-08-18,ESTC,Elastic,AWS Alliance Director — EMEA,Partners - EMEA,United Kingdom,other,director,0,3,1,application,,https://jobs.elastic.co/jobs?gh_jid=8121350&gh_jid=8121350
2026-08-18,ESTC,Elastic,Channel and Alliances Manager - Brazil,Partners - AMER,Brazil,other,mid,0,0,0,,,https://jobs.elastic.co/jobs?gh_jid=8079448&gh_jid=8079448
2026-08-18,ESTC,Elastic,Channel and Alliances Manager - Canada,Partners - AMER,Canada,other,mid,0,0,0,,125700,https://jobs.elastic.co/jobs?gh_jid=8079412&gh_jid=8079412
2026-08-18,ESTC,Elastic,Cloud Billing Associate,Accounting,"Bangalore, India",other,mid,0,0,0,,,https://jobs.elastic.co/jobs?gh_jid=7991494&gh_jid=7991494
2026-08-18,ESTC,Elastic,Content Producer,Content Marketing,Canada,other,mid,0,4,1,application|buzz,88050,https://jobs.elastic.co/jobs?gh_jid=8078791&gh_jid=8078791
2026-08-18,ESTC,Elastic,Customer Architect,Customer Architects - EMEA,"Barcelona, Spain",product_eng,mid,0,0,0,,,https://jobs.elastic.co/jobs?gh_jid=8059843&gh_jid=8059843
2026-08-18,ESTC,Elastic,Customer Architect,Customer Architects - EMEA,Germany,product_eng,mid,0,0,0,,,https://jobs.elastic.co/jobs?gh_jid=8007202&gh_jid=8007202
2026-08-18,ESTC,Elastic,Deal Desk Analyst (EMEA),Deal Desk,Spain,other,mid,0,0,0,,,https://jobs.elastic.co/jobs?gh_jid=8037181&gh_jid=8037181
2026-08-18,ESTC,Elastic,"Director, Cloud Billing Operations",Accounting,United States,nontech,director,0,0,0,,232250,https://jobs.elastic.co/jobs?gh_jid=8121037&gh_jid=8121037
2026-08-18,ESTC,Elastic,"Director, Solutions Architecture (Technical Sales)",SA - AMER - Strategic,United States,demand_validated,director,0,0,0,,216650,https://jobs.elastic.co/jobs?gh_jid=7972639&gh_jid=7972639
2026-08-18,ESTC,Elastic,Elastic Consultant - Public Sector ,Consulting - EMEA,Germany,other,mid,0,0,0,,,https://jobs.elastic.co/jobs?gh_jid=8045331&gh_jid=8045331
2026-08-18,ESTC,Elastic,Elastic Consulting Architect - Public Sector,Consulting - EMEA,United Kingdom,product_eng,mid,0,0,0,,,https://jobs.elastic.co/jobs?gh_jid=8018328&gh_jid=8018328
2026-08-18,ESTC,Elastic,Enterprise Account Executive,Sales - EMEA - North,France,demand_validated,mid,0,1,0,buzz,,https://jobs.elastic.co/jobs?gh_jid=8088306&gh_jid=8088306
2026-08-18,ESTC,Elastic,Enterprise Account Executive,Sales - EMEA - Emerging,"Dubai, United Arab Emirates",demand_validated,mid,0,1,0,buzz,,https://jobs.elastic.co/jobs?gh_jid=8059520&gh_jid=8059520
2026-08-18,ESTC,Elastic,Enterprise Account Executive,Sales - EMEA - Central,Switzerland,demand_validated,mid,0,1,0,buzz,,https://jobs.elastic.co/jobs?gh_jid=8098185&gh_jid=8098185
2026-08-18,ESTC,Elastic,Enterprise Account Executive,Sales - EMEA - UKI,United Kingdom,demand_validated,mid,0,1,0,buzz,,https://jobs.elastic.co/jobs?gh_jid=8035004&gh_jid=8035004
2026-08-18,ESTC,Elastic,Enterprise Account Executive - Expand - Bay Area,Sales - AMER West,"San Francisco, CA",demand_validated,mid,0,0,0,,235750,https://jobs.elastic.co/jobs?gh_jid=8054612&gh_jid=8054612
2026-08-18,ESTC,Elastic,Enterprise Account Executive - Expand Northeast,Sales - AMER East,"New Jersey, United States",demand_validated,mid,0,0,0,,196550,https://jobs.elastic.co/jobs?gh_jid=8114127&gh_jid=8114127
2026-08-18,ESTC,Elastic,Enterprise Account Executive (FSI) - Mumbai,Sales - APJ - India,"Mumbai, India",demand_validated,mid,0,0,0,,,https://jobs.elastic.co/jobs?gh_jid=7821378&gh_jid=7821378
2026-08-18,ESTC,Elastic,Enterprise Account Executive - FSI Strategic Accounts,Sales - AMER LATAM,Brazil,demand_validated,mid,0,0,0,,,https://jobs.elastic.co/jobs?gh_jid=8080867&gh_jid=8080867
2026-08-18,ESTC,Elastic,"Enterprise Account Executive, Malaysia",Sales - APJ - ASEAN,Singapore,demand_validated,mid,0,1,0,buzz,,https://jobs.elastic.co/jobs?gh_jid=7957677&gh_jid=7957677
2026-08-18,ESTC,Elastic,Enterprise Account Executive - Midwest,Sales - AMER East,"Chicago, IL",demand_validated,mid,0,0,0,,196550,https://jobs.elastic.co/jobs?gh_jid=8065886&gh_jid=8065886
2026-08-18,ESTC,Elastic,Enterprise Account Executive Retail Market,Sales - APJ - Japan,"Tokyo, Japan",demand_validated,mid,0,1,0,buzz,,https://jobs.elastic.co/jobs?gh_jid=7882324&gh_jid=7882324
2026-08-18,ESTC,Elastic,Federal Account Executive -  Dept of Commerce,Sales - USPS CIV,"Arlington, VA",demand_validated,mid,0,1,0,buzz,235750,https://jobs.elastic.co/jobs?gh_jid=7812397&gh_jid=7812397
2026-08-18,ESTC,Elastic,Federal Account Executive  - Dept of Treasury ,Sales - USPS CIV,"Arlington, VA",demand_validated,mid,0,1,0,buzz,235750,https://jobs.elastic.co/jobs?gh_jid=7802531&gh_jid=7802531
2026-08-18,ESTC,Elastic,Federal Account Executive - NIH / CDC,Sales - USPS CIV,"Arlington, VA",demand_validated,mid,0,1,0,buzz,235750,https://jobs.elastic.co/jobs?gh_jid=7769639&gh_jid=7769639
2026-08-18,ESTC,Elastic,"Federal Account Executive - UN, World Bank, NARA",Sales - USPS CIV,"Arlington, VA",demand_validated,mid,0,1,0,buzz,235750,https://jobs.elastic.co/jobs?gh_jid=7769649&gh_jid=7769649
2026-08-18,ESTC,Elastic,Financial Planning and Analysis Manager -Professional Services and Partner Support ,Finance Team,United States,demand_validated,mid,0,0,0,,154800,https://jobs.elastic.co/jobs?gh_jid=8068807&gh_jid=8068807
2026-08-18,ESTC,Elastic,German Commercial Counsel,Legal - Commercial,Germany,nontech,mid,0,0,0,,,https://jobs.elastic.co/jobs?gh_jid=8028548&gh_jid=8028548
2026-08-18,ESTC,Elastic,"Help Desk Operations Manager, Partner Revenue Strategy & Operations",Sales Strategy & Operations,India,nontech,mid,0,0,0,,,https://jobs.elastic.co/jobs?gh_jid=8059813&gh_jid=8059813
2026-08-18,ESTC,Elastic,Inside Account Executive,Sales - APJ - ASEAN,Singapore,demand_validated,mid,0,0,0,,,https://jobs.elastic.co/jobs?gh_jid=8067197&gh_jid=8067197
2026-08-18,ESTC,Elastic,Inside Account Executive (Arabic & French speaking),Sales - EMEA - Emerging,"Barcelona, Spain",demand_validated,mid,0,0,0,,,https://jobs.elastic.co/jobs?gh_jid=8067205&gh_jid=8067205
2026-08-18,ESTC,Elastic,Inside Account Executive (French speaking),Sales - EMEA - North,"Barcelona, Spain",demand_validated,mid,0,0,0,,,https://jobs.elastic.co/jobs?gh_jid=8067200&gh_jid=8067200
2026-08-18,ESTC,Elastic,Inside Account Executive (Hunter),Sales - AMER General Business,"Arlington, VA",demand_validated,mid,0,0,0,,136400,https://jobs.elastic.co/jobs?gh_jid=7993839&gh_jid=7993839
2026-08-18,ESTC,Elastic,Inside Account Executive (Hunter),Sales - AMER General Business,"New York City, NY",demand_validated,mid,0,0,0,,136400,https://jobs.elastic.co/jobs?gh_jid=7997314&gh_jid=7997314
2026-08-18,ESTC,Elastic,Inside Account Executive (Hunter),Sales - AMER General Business,"Austin, TX",demand_validated,mid,0,0,0,,136400,https://jobs.elastic.co/jobs?gh_jid=7997315&gh_jid=7997315
2026-08-18,ESTC,Elastic,Inside Account Executive (Hunter),Sales - AMER General Business,United States,demand_validated,mid,0,0,0,,136400,https://jobs.elastic.co/jobs?gh_jid=8113280&gh_jid=8113280
2026-08-18,ESTC,Elastic,Inside Account Executive - UKI (English speaking),Sales - EMEA - UKI,"Barcelona, Spain",demand_validated,mid,0,0,0,,,https://jobs.elastic.co/jobs?gh_jid=8091978&gh_jid=8091978
2026-08-18,ESTC,Elastic,Inside Channel & Alliances Representative - Federal Civilian,Partners - USPS,United States,other,mid,0,0,0,,120400,https://jobs.elastic.co/jobs?gh_jid=8089274&gh_jid=8089274
2026-08-18,ESTC,Elastic,Inside Channel & Alliances Representative - National Security,Partners - USPS,United States,other,mid,0,0,0,,120400,https://jobs.elastic.co/jobs?gh_jid=8089245&gh_jid=8089245
2026-08-18,ESTC,Elastic,International Revenue Strategy & Operations Manager,Sales Strategy & Operations,Singapore,nontech,intern,0,0,0,,,https://jobs.elastic.co/jobs?gh_jid=8045062&gh_jid=8045062
2026-08-18,ESTC,Elastic,Java Developer II - AutoOps Services - Platform Applications,Platform - Application Experience,Canada,product_eng,mid,0,0,0,,131900,https://jobs.elastic.co/jobs?gh_jid=8088738&gh_jid=8088738
2026-08-18,ESTC,Elastic,Lifecycle Marketing Manager - Self Service Cloud,Web and Localization,Ireland,nontech,mid,0,0,0,,,https://jobs.elastic.co/jobs?gh_jid=8022947&gh_jid=8022947
2026-08-18,ESTC,Elastic,Lifecycle Marketing Manager - Self Service Cloud,Web and Localization,Canada,nontech,mid,0,0,0,,123200,https://jobs.elastic.co/jobs?gh_jid=8002710&gh_jid=8002710
2026-08-18,ESTC,Elastic,Lifecycle Marketing Manager - Self Service Cloud,Web and Localization,United Kingdom,nontech,mid,0,0,0,,,https://jobs.elastic.co/jobs?gh_jid=8022946&gh_jid=8022946
2026-08-18,ESTC,Elastic,"Marketing Program Manager, France",Regional Marketing - EMEA,"Paris, France",nontech,mid,0,0,0,,,https://jobs.elastic.co/jobs?gh_jid=8089443&gh_jid=8089443
2026-08-18,ESTC,Elastic,Marketplace Sales Specialist ,Partners - APJ,"Bangalore, India",nontech,mid,0,0,0,,,https://jobs.elastic.co/jobs?gh_jid=8083417&gh_jid=8083417
2026-08-18,ESTC,Elastic,"Marketplace Sales Specialist - EMEA (Azure, AWS & Google Cloud)",Partners - EMEA,"Barcelona, Spain",nontech,mid,0,0,0,,,https://jobs.elastic.co/jobs?gh_jid=8114415&gh_jid=8114415
2026-08-18,ESTC,Elastic,Mid Market Account Executive,Sales - EMEA - Emerging,Saudi Arabia,demand_validated,mid,0,1,0,buzz,,https://jobs.elastic.co/jobs?gh_jid=7578418&gh_jid=7578418
2026-08-18,ESTC,Elastic,Mid Market Account Executive,Sales - EMEA - Emerging,Saudi Arabia,demand_validated,mid,0,1,0,buzz,,https://jobs.elastic.co/jobs?gh_jid=7061643&gh_jid=7061643
2026-08-18,ESTC,Elastic,Mid-Market Account Executive,Sales - EMEA - Central,Germany,demand_validated,mid,0,1,0,buzz,,https://jobs.elastic.co/jobs?gh_jid=7995012&gh_jid=7995012
2026-08-18,ESTC,Elastic,Mid Market Account Executive - Indonesia,Sales - APJ - ASEAN,Singapore,demand_validated,mid,0,1,0,buzz,,https://jobs.elastic.co/jobs?gh_jid=8092159&gh_jid=8092159
2026-08-18,ESTC,Elastic,"Mid Market Account Executive, Pursuit",Sales - AMER MidMarket,United States,demand_validated,mid,0,0,0,,163750,https://jobs.elastic.co/jobs?gh_jid=8048319&gh_jid=8048319
2026-08-18,ESTC,Elastic,Mid-Market Account Executive - Pursuit/Hunter (Northeast),Sales - AMER MidMarket,"New York, United States",demand_validated,mid,0,0,0,,196550,https://jobs.elastic.co/jobs?gh_jid=8048317&gh_jid=8048317
2026-08-18,ESTC,Elastic,Mid-Market Account Executive - Pursuit/Hunter (Southeast),Sales - AMER MidMarket,"Florida, United States",demand_validated,mid,0,0,0,,196550,https://jobs.elastic.co/jobs?gh_jid=8080011&gh_jid=8080011
2026-08-18,ESTC,Elastic,Okta Identity Engineer,IT,United States,product_eng,mid,0,1,0,buzz,136750,https://jobs.elastic.co/jobs?gh_jid=8093275&gh_jid=8093275
2026-08-18,ESTC,Elastic,Paid Social Analyst,Campaigns and Digital Marketing,Costa Rica,other,mid,0,0,0,,,https://jobs.elastic.co/jobs?gh_jid=8065315&gh_jid=8065315
2026-08-18,ESTC,Elastic,Partner Manager - CEE,Partners - EMEA,Poland,other,mid,0,1,0,buzz,,https://jobs.elastic.co/jobs?gh_jid=8098486&gh_jid=8098486
2026-08-18,ESTC,Elastic,Partner Manager - Channel Acceleration Team,Partners - EMEA,"Barcelona, Spain",other,mid,0,0,0,,,https://jobs.elastic.co/jobs?gh_jid=8098488&gh_jid=8098488
2026-08-18,ESTC,Elastic,Partner Solution Architect - LATAM (Portuguese/Spanish/English-speaking),SA - Partner SA - AMER,Mexico,product_eng,mid,0,18,1,application,,https://jobs.elastic.co/jobs?gh_jid=8080862&gh_jid=8080862
2026-08-18,ESTC,Elastic,Partner Solutions Architect,SA - Partner SA - EMEA,Saudi Arabia,demand_validated,mid,0,11,1,application|general_medium,,https://jobs.elastic.co/jobs?gh_jid=8091966&gh_jid=8091966
2026-08-18,ESTC,Elastic,Partner Solutions Architect,SA - Partner SA - AMER,"Colorado, United States",demand_validated,mid,0,18,1,application,144450,https://jobs.elastic.co/jobs?gh_jid=8080876&gh_jid=8080876
2026-08-18,ESTC,Elastic,Partner Solutions Architect - Public Sector,SA - USPS - Management and Support,"Washington, DC, United States",demand_validated,mid,0,18,1,application,100350,https://jobs.elastic.co/jobs?gh_jid=8104333&gh_jid=8104333
2026-08-18,ESTC,Elastic,Platform Engineer - Kubernetes,IT,United States,product_eng,mid,0,0,0,,136750,https://jobs.elastic.co/jobs?gh_jid=8047349&gh_jid=8047349
2026-08-18,ESTC,Elastic,Principal AI Ecosystem Architect - OpenAI/Anthropic,SA - Partner SA - AMER,"Washington, United States",product_eng,staff_principal,1,7,1,application|buzz,237800,https://jobs.elastic.co/jobs?gh_jid=8065489&gh_jid=8065489
2026-08-18,ESTC,Elastic,Principal AI Ecosystem Architect - OpenAI/Anthropic,SA - Partner SA - AMER,"San Francisco, CA",product_eng,staff_principal,1,7,1,application|buzz,237800,https://jobs.elastic.co/jobs?gh_jid=8047165&gh_jid=8047165
2026-08-18,ESTC,Elastic,"Principal Java Developer - Distributed Systems, Serverless - Elasticsearch",Platform - Elasticsearch,Canada,product_eng,staff_principal,0,0,0,,165650,https://jobs.elastic.co/jobs?gh_jid=7982102&gh_jid=7982102
2026-08-18,ESTC,Elastic,"Principal Java Engineer - Distributed Systems, Serverless - Elasticsearch",Platform - Elasticsearch,Ireland,product_eng,staff_principal,0,0,0,,,https://jobs.elastic.co/jobs?gh_jid=8002558&gh_jid=8002558
2026-08-18,ESTC,Elastic,"Principal Java Engineer - Distributed Systems, Serverless - Elasticsearch",Platform - Elasticsearch,Portugal,product_eng,staff_principal,0,0,0,,,https://jobs.elastic.co/jobs?gh_jid=8002560&gh_jid=8002560
2026-08-18,ESTC,Elastic,"Principal Java Engineer - Distributed Systems, Serverless - Elasticsearch",Platform - Elasticsearch,Romania,product_eng,staff_principal,0,0,0,,,https://jobs.elastic.co/jobs?gh_jid=8002561&gh_jid=8002561
2026-08-18,ESTC,Elastic,"Principal Java Engineer - Distributed Systems, Serverless - Elasticsearch",Platform - Elasticsearch,Spain,product_eng,staff_principal,0,0,0,,,https://jobs.elastic.co/jobs?gh_jid=8002562&gh_jid=8002562
2026-08-18,ESTC,Elastic,"Principal Java Engineer - Distributed Systems, Serverless - Elasticsearch",Platform - Elasticsearch,United States,product_eng,staff_principal,0,0,0,,231650,https://jobs.elastic.co/jobs?gh_jid=7982100&gh_jid=7982100
2026-08-18,ESTC,Elastic,"Principal Java Engineer - Distributed Systems, Serverless - Elasticsearch",Platform - Elasticsearch,Norway,product_eng,staff_principal,0,0,0,,,https://jobs.elastic.co/jobs?gh_jid=8002559&gh_jid=8002559
2026-08-18,ESTC,Elastic,"Principal Java Engineer - Distributed Systems, Serverless - Elasticsearch",Platform - Elasticsearch,Greece,product_eng,staff_principal,0,0,0,,,https://jobs.elastic.co/jobs?gh_jid=8002555&gh_jid=8002555
2026-08-18,ESTC,Elastic,Principal Partner Value Engineer,SA - AMER - Value Engineer,United States,product_eng,staff_principal,0,0,0,,168700,https://jobs.elastic.co/jobs?gh_jid=8111876&gh_jid=8111876
2026-08-18,ESTC,Elastic,Principal Product Manager Agents and Context - Elasticsearch,Enterprise Search - Product Management,Canada,product_eng,staff_principal,0,15,1,application,198800,https://jobs.elastic.co/jobs?gh_jid=8070011&gh_jid=8070011
2026-08-18,ESTC,Elastic,Principal Product Manager Agents and Context - Elasticsearch,Enterprise Search - Product Management,United States,product_eng,staff_principal,0,15,1,application,231650,https://jobs.elastic.co/jobs?gh_jid=7602101&gh_jid=7602101
2026-08-18,ESTC,Elastic,Principal Product Manager - Identity Threat Detection & Response,Security - Cross Team,Poland,product_eng,staff_principal,0,9,1,application,,https://jobs.elastic.co/jobs?gh_jid=8122175&gh_jid=8122175
2026-08-18,ESTC,Elastic,Principal Product Manager - Identity Threat Detection & Response,Security - Cross Team,Greece,product_eng,staff_principal,0,9,1,application,,https://jobs.elastic.co/jobs?gh_jid=8122172&gh_jid=8122172
2026-08-18,ESTC,Elastic,Principal Product Manager - Identity Threat Detection & Response,Security - Cross Team,Ireland,product_eng,staff_principal,0,9,1,application,,https://jobs.elastic.co/jobs?gh_jid=8122174&gh_jid=8122174
2026-08-18,ESTC,Elastic,Principal Product Manager - Identity Threat Detection & Response,Security - Cross Team,Spain,product_eng,staff_principal,0,9,1,application,,https://jobs.elastic.co/jobs?gh_jid=8122171&gh_jid=8122171
2026-08-18,ESTC,Elastic,Principal Product Manager - Identity Threat Detection & Response,Security - Cross Team,Canada,product_eng,staff_principal,0,9,1,application,198800,https://jobs.elastic.co/jobs?gh_jid=8122170&gh_jid=8122170
2026-08-18,ESTC,Elastic,Principal Product Manager - Identity Threat Detection & Response,Security - Cross Team,United States,product_eng,staff_principal,0,9,1,application,228900,https://jobs.elastic.co/jobs?gh_jid=8102960&gh_jid=8102960
2026-08-18,ESTC,Elastic,"Principal, Sales Enablement",Sales Enablement,United States,nontech,staff_principal,0,5,1,application|buzz,185750,https://jobs.elastic.co/jobs?gh_jid=8128211&gh_jid=8128211
2026-08-18,ESTC,Elastic,Principal Search Consulting Architect,Consulting - AMER,Brazil,product_eng,staff_principal,0,19,1,application|buzz|general_medium,,https://jobs.elastic.co/jobs?gh_jid=7991482&gh_jid=7991482
2026-08-18,ESTC,Elastic,Principal Search Consulting Architect,Consulting - AMER,United States,product_eng,staff_principal,0,19,1,application|buzz|general_medium,231650,https://jobs.elastic.co/jobs?gh_jid=7988387&gh_jid=7988387
2026-08-18,ESTC,Elastic,"Principal, Security Specialization",Consulting - Global,United States,other,staff_principal,0,16,1,application|buzz,231650,https://jobs.elastic.co/jobs?gh_jid=8092084&gh_jid=8092084
2026-08-18,ESTC,Elastic,Principal Software Developer - Security - Elasticsearch,Platform - Data and Compute,Canada,product_eng,staff_principal,0,0,0,,198800,https://jobs.elastic.co/jobs?gh_jid=8082617&gh_jid=8082617
2026-08-18,ESTC,Elastic,Principal Software Developer - Storage Engine - Elasticsearch,Platform - Elasticsearch,Canada,product_eng,staff_principal,0,3,1,application,198800,https://jobs.elastic.co/jobs?gh_jid=8074820&gh_jid=8074820
2026-08-18,ESTC,Elastic,"Principal software developer/Tech Lead, Agent Framework - Observability",Obs - Logs,Canada,product_eng,staff_principal,0,0,0,,198800,https://jobs.elastic.co/jobs?gh_jid=8106089&gh_jid=8106089
2026-08-18,ESTC,Elastic,Principal Software Engineer - Relevance in ES|QL - Elasticsearch,Platform - Elasticsearch,Spain,product_eng,staff_principal,0,3,1,application,,https://jobs.elastic.co/jobs?gh_jid=8098420&gh_jid=8098420
2026-08-18,ESTC,Elastic,Principal Software Engineer - Relevance in ES|QL - Elasticsearch,Platform - Elasticsearch,Greece,product_eng,staff_principal,0,3,1,application,,https://jobs.elastic.co/jobs?gh_jid=8098422&gh_jid=8098422
2026-08-18,ESTC,Elastic,Principal Software Engineer - Relevance in ES|QL - Elasticsearch,Platform - Elasticsearch,United States,product_eng,staff_principal,0,3,1,application,231650,https://jobs.elastic.co/jobs?gh_jid=8066479&gh_jid=8066479
2026-08-18,ESTC,Elastic,Principal Software Engineer - Relevance in ES|QL - Elasticsearch,Platform - Elasticsearch,Canada,product_eng,staff_principal,0,3,1,application,198800,https://jobs.elastic.co/jobs?gh_jid=8098417&gh_jid=8098417
2026-08-18,ESTC,Elastic,Principal Software Engineer  - Search Infra - Elasticsearch - ,Platform - Elasticsearch,United States,product_eng,staff_principal,0,0,0,,231650,https://jobs.elastic.co/jobs?gh_jid=8067100&gh_jid=8067100
2026-08-18,ESTC,Elastic,Principal Software Engineer - Search Infra - Elasticsearch,Platform - Elasticsearch,Greece,product_eng,staff_principal,0,0,0,,,https://jobs.elastic.co/jobs?gh_jid=8020864&gh_jid=8020864
2026-08-18,ESTC,Elastic,Principal Software Engineer - Search Infra - Elasticsearch,Platform - Elasticsearch,Canada,product_eng,staff_principal,0,0,0,,198800,https://jobs.elastic.co/jobs?gh_jid=8067101&gh_jid=8067101
2026-08-18,ESTC,Elastic,Principal Software Engineer - Search Infra - Elasticsearch,Platform - Elasticsearch,Spain,product_eng,staff_principal,0,0,0,,,https://jobs.elastic.co/jobs?gh_jid=8020857&gh_jid=8020857
2026-08-18,ESTC,Elastic,Principal Software Engineer - Search Infra - Elasticsearch,Platform - Elasticsearch,Ireland,product_eng,staff_principal,0,0,0,,,https://jobs.elastic.co/jobs?gh_jid=8020854&gh_jid=8020854
2026-08-18,ESTC,Elastic,Principal Software Engineer - Security - Elasticsearch,Platform - Data and Compute,United States,product_eng,staff_principal,0,0,0,,231650,https://jobs.elastic.co/jobs?gh_jid=8082612&gh_jid=8082612
2026-08-18,ESTC,Elastic,Principal Software Engineer - Storage Engine - Elasticsearch,Platform - Elasticsearch,United States,product_eng,staff_principal,0,3,1,application,231650,https://jobs.elastic.co/jobs?gh_jid=8074819&gh_jid=8074819
2026-08-18,ESTC,Elastic,Principal Software Engineer - Vector Search - Elasticsearch,Platform - Elasticsearch,Canada,product_eng,staff_principal,0,3,1,application,198800,https://jobs.elastic.co/jobs?gh_jid=7903238&gh_jid=7903238
2026-08-18,ESTC,Elastic,Principal Software Engineer - Vector Search - Elasticsearch,Platform - Elasticsearch,United States,product_eng,staff_principal,0,3,1,application,231650,https://jobs.elastic.co/jobs?gh_jid=7843348&gh_jid=7843348
2026-08-18,ESTC,Elastic,Principal Software Engineer - Vector Search - Elasticsearch,Platform - Elasticsearch,Greece,product_eng,staff_principal,0,3,1,application,,https://jobs.elastic.co/jobs?gh_jid=8020845&gh_jid=8020845
2026-08-18,ESTC,Elastic,Principal Software Engineer - Vector Search - Elasticsearch,Platform - Elasticsearch,Spain,product_eng,staff_principal,0,3,1,application,,https://jobs.elastic.co/jobs?gh_jid=8020844&gh_jid=8020844
2026-08-18,ESTC,Elastic,Principal Software Engineer - Vector Search - Elasticsearch,Platform - Elasticsearch,Ireland,product_eng,staff_principal,0,3,1,application,,https://jobs.elastic.co/jobs?gh_jid=8020842&gh_jid=8020842
2026-08-18,ESTC,Elastic,"Principal Solutions Architect, Security Specialist",SA - AMER - SIEM,Mexico,demand_validated,staff_principal,0,0,0,,,https://jobs.elastic.co/jobs?gh_jid=8040943&gh_jid=8040943
2026-08-18,ESTC,Elastic,"Principal Solutions Architect, Security Specialist",SA - AMER - SIEM,Brazil,demand_validated,staff_principal,0,0,0,,,https://jobs.elastic.co/jobs?gh_jid=8011801&gh_jid=8011801
2026-08-18,ESTC,Elastic,Principal Threat Hunting and Emulation Engineer - InfoSec,InfoSec,United States,product_eng,staff_principal,0,4,1,application|buzz,231650,https://jobs.elastic.co/jobs?gh_jid=8053898&gh_jid=8053898
2026-08-18,ESTC,Elastic,"Program Manager, Revenue Journey Office",Sales Strategy & Operations,United States,nontech,mid,0,0,0,,154800,https://jobs.elastic.co/jobs?gh_jid=8047187&gh_jid=8047187
2026-08-18,ESTC,Elastic,"Program Manager, Revenue Journey Office",Sales Strategy & Operations,United States,nontech,mid,0,0,0,,164100,https://jobs.elastic.co/jobs?gh_jid=8068467&gh_jid=8068467
2026-08-18,ESTC,Elastic,Public Sector Account Executive (DWP) ,Sales - Public Sector - UKI,United Kingdom,demand_validated,mid,0,0,0,,,https://jobs.elastic.co/jobs?gh_jid=7728182&gh_jid=7728182
2026-08-18,ESTC,Elastic,Public Sector Account Executive (Education),Sales - Public Sector - UKI,"London, United Kingdom",demand_validated,mid,0,1,0,buzz,,https://jobs.elastic.co/jobs?gh_jid=8045325&gh_jid=8045325
2026-08-18,ESTC,Elastic,Public Sector Account Executive (NHS),Sales - Public Sector - UKI,United Kingdom,demand_validated,mid,0,1,0,buzz,,https://jobs.elastic.co/jobs?gh_jid=8026177&gh_jid=8026177
2026-08-18,ESTC,Elastic,Public Sector Account Executive - SLED Tennessee / Mississippi,Sales - USPS SLED,"Tennessee, United States",demand_validated,mid,0,1,0,buzz,235750,https://jobs.elastic.co/jobs?gh_jid=8080858&gh_jid=8080858
2026-08-18,ESTC,Elastic,Public Sector Partner Manager,Sales - Public Sector - UKI,United Kingdom,other,mid,0,0,0,,,https://jobs.elastic.co/jobs?gh_jid=8026175&gh_jid=8026175
2026-08-18,ESTC,Elastic,Regional Vice President ,Sales - EMEA - UKI,"London, United Kingdom",other,exec,0,0,0,,,https://jobs.elastic.co/jobs?gh_jid=8103077&gh_jid=8103077
2026-08-18,ESTC,Elastic,Regional Vice President - West,Sales - AMER West,"San Francisco, CA",other,exec,0,0,0,,280550,https://jobs.elastic.co/jobs?gh_jid=8084261&gh_jid=8084261
2026-08-18,ESTC,Elastic,Revenue Analyst,Accounting,"Bangalore, India",other,mid,0,0,0,,,https://jobs.elastic.co/jobs?gh_jid=8054405&gh_jid=8054405
2026-08-18,ESTC,Elastic,Revenue Manager,Accounting,"Bangalore, India",other,mid,0,0,0,,,https://jobs.elastic.co/jobs?gh_jid=8041466&gh_jid=8041466
2026-08-18,ESTC,Elastic,"RFP Proposal Analyst, AMER",Renewals -  AMER,United States,other,mid,0,0,0,,107500,https://jobs.elastic.co/jobs?gh_jid=8092122&gh_jid=8092122
2026-08-18,ESTC,Elastic,RVP - AI Natives,Sales - AMER Strat,United States,other,mid,1,13,1,application|buzz,280550,https://jobs.elastic.co/jobs?gh_jid=8114222&gh_jid=8114222
2026-08-18,ESTC,Elastic,RVP - Search ,Sales - AMER - Security Specialists,United States,other,mid,0,5,1,application|buzz,224450,https://jobs.elastic.co/jobs?gh_jid=8068060&gh_jid=8068060
2026-08-18,ESTC,Elastic,Sales Development Representative - Barcelona (Hybrid),0000: Pipeline,"Barcelona, Spain",nontech,mid,0,1,0,buzz,,https://jobs.elastic.co/jobs?gh_jid=8055111&gh_jid=8055111
2026-08-18,ESTC,Elastic,"Sales Development Representative Emerging Talent - Austin, TX On-Site",SDR - AMER,"Austin, TX",nontech,mid,0,0,0,,67700,https://jobs.elastic.co/jobs?gh_jid=6907907&gh_jid=6907907
2026-08-18,ESTC,Elastic,Sales Development Representative (French speaking) ,SDR - EMEA,"Barcelona, Spain",nontech,mid,0,1,0,buzz,,https://jobs.elastic.co/jobs?gh_jid=8067052&gh_jid=8067052
2026-08-18,ESTC,Elastic,Sales Sector Lead - Public Sector,Sales - Public Sector - UKI,United Kingdom,nontech,senior,0,0,0,,,https://jobs.elastic.co/jobs?gh_jid=8026173&gh_jid=8026173
2026-08-18,ESTC,Elastic,Sales Strategy & Operations Manager (Individual Contributor),Sales Strategy & Operations,"Barcelona, Spain",nontech,mid,0,0,0,,,https://jobs.elastic.co/jobs?gh_jid=8046246&gh_jid=8046246
2026-08-18,ESTC,Elastic,Senior Account Executive | Canada Ministry of National Defence,Sales - USPS DOD,Canada,demand_validated,senior,0,0,0,,,https://jobs.elastic.co/jobs?gh_jid=7866561&gh_jid=7866561
2026-08-18,ESTC,Elastic,"Senior Analyst, Sales Strategy & Operations - Public Sector",Sales Strategy & Operations,"London, United Kingdom",nontech,senior,0,0,0,,,https://jobs.elastic.co/jobs?gh_jid=8053074&gh_jid=8053074
2026-08-18,ESTC,Elastic,Senior Customer Architect,Customer Architects - EMEA,Belgium,product_eng,senior,0,0,0,,,https://jobs.elastic.co/jobs?gh_jid=8088272&gh_jid=8088272
2026-08-18,ESTC,Elastic,"Senior Director, GTM Executive Communications",Sales Strategy & Operations,United States,nontech,director,0,0,0,,,https://jobs.elastic.co/jobs?gh_jid=8047228&gh_jid=8047228
2026-08-18,ESTC,Elastic,Senior Information Security Infrastructure Engineer - Security Architecture - InfoSec,InfoSec,United States,product_eng,senior,0,0,0,,193000,https://jobs.elastic.co/jobs?gh_jid=8066505&gh_jid=8066505
2026-08-18,ESTC,Elastic,Senior Java Developer - Core/Infra - Elasticsearch,Platform - Elasticsearch,Canada,product_eng,senior,0,3,1,application,165650,https://jobs.elastic.co/jobs?gh_jid=8074285&gh_jid=8074285
2026-08-18,ESTC,Elastic,"Senior Java Developer - Distributed Systems, Serverless - Elasticsearch",Platform - Elasticsearch,Canada,product_eng,senior,0,0,0,,165650,https://jobs.elastic.co/jobs?gh_jid=7734579&gh_jid=7734579
2026-08-18,ESTC,Elastic,Senior Java Engineer - Core/Infra - Elasticsearch,Platform - Elasticsearch,United States,product_eng,senior,0,3,1,application,193000,https://jobs.elastic.co/jobs?gh_jid=8053886&gh_jid=8053886
2026-08-18,ESTC,Elastic,"Senior Java Engineer - Distributed Systems, Serverless - Elasticsearch",Platform - Elasticsearch,Norway,product_eng,senior,0,0,0,,,https://jobs.elastic.co/jobs?gh_jid=8001189&gh_jid=8001189
2026-08-18,ESTC,Elastic,"Senior Java Engineer - Distributed Systems, Serverless - Elasticsearch",Platform - Elasticsearch,United States,product_eng,senior,0,0,0,,193000,https://jobs.elastic.co/jobs?gh_jid=7734567&gh_jid=7734567
2026-08-18,ESTC,Elastic,"Senior Java Engineer - Distributed Systems, Serverless - Elasticsearch",Platform - Elasticsearch,Greece,product_eng,senior,0,0,0,,,https://jobs.elastic.co/jobs?gh_jid=8001166&gh_jid=8001166
2026-08-18,ESTC,Elastic,"Senior Java Engineer - Distributed Systems, Serverless - Elasticsearch",Platform - Elasticsearch,Ireland,product_eng,senior,0,0,0,,,https://jobs.elastic.co/jobs?gh_jid=8001186&gh_jid=8001186
2026-08-18,ESTC,Elastic,"Senior Java Engineer - Distributed Systems, Serverless - Elasticsearch",Platform - Elasticsearch,Spain,product_eng,senior,0,0,0,,,https://jobs.elastic.co/jobs?gh_jid=8001192&gh_jid=8001192
2026-08-18,ESTC,Elastic,"Senior Java Engineer - Distributed Systems, Serverless - Elasticsearch",Platform - Elasticsearch,Portugal,product_eng,senior,0,0,0,,,https://jobs.elastic.co/jobs?gh_jid=8001190&gh_jid=8001190
2026-08-18,ESTC,Elastic,"Senior Java Engineer - Distributed Systems, Serverless - Elasticsearch",Platform - Elasticsearch,Romania,product_eng,senior,0,0,0,,,https://jobs.elastic.co/jobs?gh_jid=8001191&gh_jid=8001191
2026-08-18,ESTC,Elastic,"Senior Manager, Endpoint Protections",Security - Protections,United States,other,senior,0,3,0,buzz|general_medium,,https://jobs.elastic.co/jobs?gh_jid=8119448&gh_jid=8119448
2026-08-18,ESTC,Elastic,"Senior Manager, Finance Transformation (Cloud & Marketplaces)",Data Mgmt & Finance Operations,Costa Rica,nontech,senior,0,0,0,,,https://jobs.elastic.co/jobs?gh_jid=8080932&gh_jid=8080932
2026-08-18,ESTC,Elastic,Senior Manager Solutions Architecture (pre-sales),SA - APJ - Japan,"Tokyo, Japan",demand_validated,senior,0,0,0,,,https://jobs.elastic.co/jobs?gh_jid=8108464&gh_jid=8108464
2026-08-18,ESTC,Elastic,"Senior Partner Manager, Korea",Partners - APJ,South Korea,other,senior,0,0,0,,,https://jobs.elastic.co/jobs?gh_jid=7995010&gh_jid=7995010
2026-08-18,ESTC,Elastic,Senior Partner Solutions Architect ,SA - Partner SA - EMEA,France,demand_validated,senior,0,11,1,application|general_medium,,https://jobs.elastic.co/jobs?gh_jid=7995008&gh_jid=7995008
2026-08-18,ESTC,Elastic,"Senior Product Manager, Control Plane - Platform",Platform - Data and Compute,United States,product_eng,senior,0,0,0,,193000,https://jobs.elastic.co/jobs?gh_jid=8088818&gh_jid=8088818
2026-08-18,ESTC,Elastic,"Senior Product Manager, Control Plane - Platform",Platform - Data and Compute,Canada,product_eng,senior,0,0,0,,165650,https://jobs.elastic.co/jobs?gh_jid=8093933&gh_jid=8093933
2026-08-18,ESTC,Elastic,"Senior Product Manager, Logs - Observability",Obs - Application Observability,Spain,product_eng,senior,0,4,1,application|buzz,,https://jobs.elastic.co/jobs?gh_jid=8066508&gh_jid=8066508
2026-08-18,ESTC,Elastic,"Senior Product Manager, Logs - Observability",Obs - Application Observability,United States,product_eng,senior,0,4,1,application|buzz,193000,https://jobs.elastic.co/jobs?gh_jid=8053907&gh_jid=8053907
2026-08-18,ESTC,Elastic,"Senior Product Manager, Logs - Observability",Obs - Application Observability,Greece,product_eng,senior,0,4,1,application|buzz,,https://jobs.elastic.co/jobs?gh_jid=8066510&gh_jid=8066510
2026-08-18,ESTC,Elastic,"Senior Product Manager, Logs - Observability",Obs - Application Observability,Portugal,product_eng,senior,0,4,1,application|buzz,,https://jobs.elastic.co/jobs?gh_jid=8066512&gh_jid=8066512
2026-08-18,ESTC,Elastic,"Senior Product Manager, Logs - Observability",Obs - Application Observability,Ireland,product_eng,senior,0,4,1,application|buzz,,https://jobs.elastic.co/jobs?gh_jid=8066516&gh_jid=8066516
2026-08-18,ESTC,Elastic,"Senior Product Manager, Logs - Observability",Obs - Application Observability,Canada,product_eng,senior,0,4,1,application|buzz,165650,https://jobs.elastic.co/jobs?gh_jid=8066646&gh_jid=8066646
2026-08-18,ESTC,Elastic,Senior Product Manager - Self service cloud,SSC,Portugal,product_eng,senior,0,0,0,,,https://jobs.elastic.co/jobs?gh_jid=8041208&gh_jid=8041208
2026-08-18,ESTC,Elastic,Senior Product Manager - Self service cloud,SSC,Spain,product_eng,senior,0,0,0,,,https://jobs.elastic.co/jobs?gh_jid=8028261&gh_jid=8028261
2026-08-18,ESTC,Elastic,Senior Product Manager - Self service cloud,SSC,Greece,product_eng,senior,0,0,0,,,https://jobs.elastic.co/jobs?gh_jid=8041202&gh_jid=8041202
2026-08-18,ESTC,Elastic,Senior Product Manager - Self service cloud,SSC,Norway,product_eng,senior,0,0,0,,,https://jobs.elastic.co/jobs?gh_jid=8041211&gh_jid=8041211
2026-08-18,ESTC,Elastic,Senior Product Manager - Self service cloud,SSC,Hungary,product_eng,senior,0,0,0,,,https://jobs.elastic.co/jobs?gh_jid=8041209&gh_jid=8041209
2026-08-18,ESTC,Elastic,Senior Product Manager - Self service cloud,SSC,Ireland,product_eng,senior,0,0,0,,,https://jobs.elastic.co/jobs?gh_jid=8041203&gh_jid=8041203
2026-08-18,ESTC,Elastic,"Senior Program Manager, Revenue Operations",Sales Strategy & Operations,Canada,nontech,senior,0,0,0,,142800,https://jobs.elastic.co/jobs?gh_jid=8047231&gh_jid=8047231
2026-08-18,ESTC,Elastic,Senior Software Developer ,Obs - Application Observability,Canada,product_eng,senior,0,0,0,,165650,https://jobs.elastic.co/jobs?gh_jid=8130076&gh_jid=8130076
2026-08-18,ESTC,Elastic,Senior Software Developer - Security - Elasticsearch,Platform - Data and Compute,Canada,product_eng,senior,0,0,0,,165650,https://jobs.elastic.co/jobs?gh_jid=8082602&gh_jid=8082602
2026-08-18,ESTC,Elastic,Senior Software Developer - Storage Engine - Elasticsearch,Platform - Elasticsearch,Canada,product_eng,senior,0,3,1,application,165650,https://jobs.elastic.co/jobs?gh_jid=8074844&gh_jid=8074844
2026-08-18,ESTC,Elastic,Senior Software Engineer ,Obs - Application Observability,United States,product_eng,senior,0,0,0,,193000,https://jobs.elastic.co/jobs?gh_jid=8069178&gh_jid=8069178
2026-08-18,ESTC,Elastic,Senior Software Engineer - Integrations 3P - Platform,Enterprise Search - Engineering,"Athens, Greece",product_eng,senior,0,9,1,application,,https://jobs.elastic.co/jobs?gh_jid=8131023&gh_jid=8131023
2026-08-18,ESTC,Elastic,Senior Software Engineer - Integrations 3P - Platform,Enterprise Search - Engineering,"Barcelona, Spain",product_eng,senior,0,9,1,application,,https://jobs.elastic.co/jobs?gh_jid=8105634&gh_jid=8105634
2026-08-18,ESTC,Elastic,Senior Software Engineer - Integrations 3P - Platform,Enterprise Search - Engineering,Portugal,product_eng,senior,0,9,1,application,,https://jobs.elastic.co/jobs?gh_jid=8131025&gh_jid=8131025
2026-08-18,ESTC,Elastic,Senior Software Engineer - Integrations 3P - Platform,Enterprise Search - Engineering,Ireland,product_eng,senior,0,9,1,application,,https://jobs.elastic.co/jobs?gh_jid=8131024&gh_jid=8131024
2026-08-18,ESTC,Elastic,Senior Software Engineer - Search Relevance in ES|QL - Elasticsearch,Platform - Elasticsearch,Canada,product_eng,senior,0,3,1,application,165650,https://jobs.elastic.co/jobs?gh_jid=8091367&gh_jid=8091367
2026-08-18,ESTC,Elastic,Senior Software Engineer - Search Relevance in ES|QL - Elasticsearch,Platform - Elasticsearch,Spain,product_eng,senior,0,3,1,application,,https://jobs.elastic.co/jobs?gh_jid=8091526&gh_jid=8091526
2026-08-18,ESTC,Elastic,Senior Software Engineer - Search Relevance in ES|QL - Elasticsearch,Platform - Elasticsearch,Ireland,product_eng,senior,0,3,1,application,,https://jobs.elastic.co/jobs?gh_jid=8091613&gh_jid=8091613
2026-08-18,ESTC,Elastic,Senior Software Engineer - Search Relevance in ES|QL - Elasticsearch,Platform - Elasticsearch,Greece,product_eng,senior,0,3,1,application,,https://jobs.elastic.co/jobs?gh_jid=8091674&gh_jid=8091674
2026-08-18,ESTC,Elastic,Senior Software Engineer - Search Relevance in ES|QL - Elasticsearch,Platform - Elasticsearch,Switzerland,product_eng,senior,0,3,1,application,,https://jobs.elastic.co/jobs?gh_jid=8091748&gh_jid=8091748
2026-08-18,ESTC,Elastic,Senior Software Engineer - Search Relevance in ES|QL - Elasticsearch,Platform - Elasticsearch,United States,product_eng,senior,0,3,1,application,193000,https://jobs.elastic.co/jobs?gh_jid=8066481&gh_jid=8066481
2026-08-18,ESTC,Elastic,Senior Software Engineer - Security - Elasticsearch,Platform - Data and Compute,United States,product_eng,senior,0,0,0,,193000,https://jobs.elastic.co/jobs?gh_jid=8082598&gh_jid=8082598
2026-08-18,ESTC,Elastic,Senior Software Engineer - SSC,SSC,Ireland,product_eng,senior,0,3,1,application,,https://jobs.elastic.co/jobs?gh_jid=8111965&gh_jid=8111965
2026-08-18,ESTC,Elastic,Senior Software Engineer - SSC,SSC,Greece,product_eng,senior,0,3,1,application,,https://jobs.elastic.co/jobs?gh_jid=8111793&gh_jid=8111793
2026-08-18,ESTC,Elastic,Senior Software Engineer - SSC,SSC,Spain,product_eng,senior,0,3,1,application,,https://jobs.elastic.co/jobs?gh_jid=8111792&gh_jid=8111792
2026-08-18,ESTC,Elastic,Senior Software Engineer - SSC,SSC,Portugal,product_eng,senior,0,3,1,application,,https://jobs.elastic.co/jobs?gh_jid=8111966&gh_jid=8111966
2026-08-18,ESTC,Elastic,Senior Software Engineer - Storage Engine - Elasticsearch,Platform - Elasticsearch,Romania,product_eng,senior,0,3,1,application,,https://jobs.elastic.co/jobs?gh_jid=8074894&gh_jid=8074894
2026-08-18,ESTC,Elastic,Senior Software Engineer - Storage Engine - Elasticsearch,Platform - Elasticsearch,Ireland,product_eng,senior,0,3,1,application,,https://jobs.elastic.co/jobs?gh_jid=8074854&gh_jid=8074854
2026-08-18,ESTC,Elastic,Senior Software Engineer - Storage Engine - Elasticsearch,Platform - Elasticsearch,Norway,product_eng,senior,0,3,1,application,,https://jobs.elastic.co/jobs?gh_jid=8074895&gh_jid=8074895
2026-08-18,ESTC,Elastic,Senior Software Engineer - Storage Engine - Elasticsearch,Platform - Elasticsearch,Spain,product_eng,senior,0,3,1,application,,https://jobs.elastic.co/jobs?gh_jid=8074855&gh_jid=8074855
2026-08-18,ESTC,Elastic,Senior Software Engineer - Storage Engine - Elasticsearch,Platform - Elasticsearch,United States,product_eng,senior,0,3,1,application,193000,https://jobs.elastic.co/jobs?gh_jid=8066491&gh_jid=8066491
2026-08-18,ESTC,Elastic,Senior Software Engineer - Storage Engine - Elasticsearch,Platform - Elasticsearch,Greece,product_eng,senior,0,3,1,application,,https://jobs.elastic.co/jobs?gh_jid=8074886&gh_jid=8074886
2026-08-18,ESTC,Elastic,Senior Software Engineer - Storage Engine - Elasticsearch,Platform - Elasticsearch,Portugal,product_eng,senior,0,3,1,application,,https://jobs.elastic.co/jobs?gh_jid=8074889&gh_jid=8074889
2026-08-18,ESTC,Elastic,Senior Solution Architect,SA - EMEA - North,Denmark,product_eng,senior,0,0,0,,,https://jobs.elastic.co/jobs?gh_jid=7817941&gh_jid=7817941
2026-08-18,ESTC,Elastic,"Senior Solution Architect, Mumbai",SA - APJ - India,"Mumbai, India",product_eng,senior,0,0,0,,,https://jobs.elastic.co/jobs?gh_jid=7817945&gh_jid=7817945
2026-08-18,ESTC,Elastic,Senior Solution Architect - Public Sector,SA - EMEA - North,The Netherlands,product_eng,senior,0,0,0,,,https://jobs.elastic.co/jobs?gh_jid=7811848&gh_jid=7811848
2026-08-18,ESTC,Elastic,Senior Solution Architect - Sydney based,SA - APJ - ANZ,"Sydney, Australia",product_eng,senior,0,0,0,,,https://jobs.elastic.co/jobs?gh_jid=8111731&gh_jid=8111731
2026-08-18,ESTC,Elastic,"Senior Solution Architect, Thailand",SA - APJ - ASEAN,Singapore,product_eng,senior,0,0,0,,,https://jobs.elastic.co/jobs?gh_jid=7817931&gh_jid=7817931
2026-08-18,ESTC,Elastic,Senior Solutions Architect - Federal Civilian,SA - USPS - Management and Support,"Arlington, VA",demand_validated,senior,0,0,0,,144450,https://jobs.elastic.co/jobs?gh_jid=8068023&gh_jid=8068023
2026-08-18,ESTC,Elastic,Senior Solutions Architect (NATO),SA - EMEA - North,Belgium,demand_validated,senior,0,0,0,,,https://jobs.elastic.co/jobs?gh_jid=7349982&gh_jid=7349982
2026-08-18,ESTC,Elastic,Senior Solutions Architect - Public Sector,SA - EMEA - North,Belgium,demand_validated,senior,0,0,0,,,https://jobs.elastic.co/jobs?gh_jid=7635520&gh_jid=7635520
2026-08-18,ESTC,Elastic,Senior Solutions Architect - Security Specialist,SA - EMEA - SIEM,Germany,demand_validated,senior,0,1,0,buzz,,https://jobs.elastic.co/jobs?gh_jid=7995039&gh_jid=7995039
2026-08-18,ESTC,Elastic,Senior Solutions Architect - SLED,SA - USPS SLED,"New York, United States",demand_validated,senior,0,0,0,,144450,https://jobs.elastic.co/jobs?gh_jid=7747112&gh_jid=7747112
2026-08-18,ESTC,Elastic,Senior Solutions Architect - SLED,SA - USPS SLED,"Massachusetts, United States",demand_validated,senior,0,0,0,,144450,https://jobs.elastic.co/jobs?gh_jid=7747631&gh_jid=7747631
2026-08-18,ESTC,Elastic,Senior Value Engineer,Sales Enablement,Germany,product_eng,senior,0,0,0,,,https://jobs.elastic.co/jobs?gh_jid=8092029&gh_jid=8092029
2026-08-18,ESTC,Elastic,Senior VDI/ VPN (Network Engineer),IT,United States,product_eng,senior,0,0,0,,136750,https://jobs.elastic.co/jobs?gh_jid=8103695&gh_jid=8103695
2026-08-18,ESTC,Elastic,Software Engineer II - Full Stack - Web Engineering,Web and Localization,Spain,product_eng,mid,0,0,0,,,https://jobs.elastic.co/jobs?gh_jid=8080263&gh_jid=8080263
2026-08-18,ESTC,Elastic,Software Engineer II - Full Stack - Web Engineering,Web and Localization,Greece,product_eng,mid,0,0,0,,,https://jobs.elastic.co/jobs?gh_jid=8080264&gh_jid=8080264
2026-08-18,ESTC,Elastic,Software Engineer II - Full Stack - Web Engineering,Web and Localization,Portugal,product_eng,mid,0,0,0,,,https://jobs.elastic.co/jobs?gh_jid=8080260&gh_jid=8080260
2026-08-18,ESTC,Elastic,Software Engineer II - Full Stack - Web Engineering,Web and Localization,Ireland,product_eng,mid,0,0,0,,,https://jobs.elastic.co/jobs?gh_jid=8097064&gh_jid=8097064
2026-08-18,ESTC,Elastic,Software Engineer II (Networking) - Platform Infra ,Platform - Control Plane,Greece,product_eng,mid,0,0,0,,,https://jobs.elastic.co/jobs?gh_jid=8053905&gh_jid=8053905
2026-08-18,ESTC,Elastic,Software Engineer II (Networking) - Platform Infra ,Platform - Control Plane,Spain,product_eng,mid,0,0,0,,,https://jobs.elastic.co/jobs?gh_jid=8125975&gh_jid=8125975
2026-08-18,ESTC,Elastic,Software Engineer II (Networking) - Platform Infra ,Platform - Control Plane,Norway,product_eng,mid,0,0,0,,,https://jobs.elastic.co/jobs?gh_jid=8125983&gh_jid=8125983
2026-08-18,ESTC,Elastic,Software Engineer II (Networking) - Platform Infra ,Platform - Control Plane,Portugal,product_eng,mid,0,0,0,,,https://jobs.elastic.co/jobs?gh_jid=8125987&gh_jid=8125987
2026-08-18,ESTC,Elastic,Software Engineer II - Platform Infrastructure (Orchestration),Platform - Control Plane,Greece,product_eng,mid,0,0,0,,,https://jobs.elastic.co/jobs?gh_jid=8025625&gh_jid=8025625
2026-08-18,ESTC,Elastic,Software Engineer II - Platform Infrastructure (Orchestration),Platform - Control Plane,Spain,product_eng,mid,0,0,0,,,https://jobs.elastic.co/jobs?gh_jid=7976542&gh_jid=7976542
2026-08-18,ESTC,Elastic,Software Engineer II - Platform Infrastructure (Orchestration),Platform - Control Plane,Portugal,product_eng,mid,0,0,0,,,https://jobs.elastic.co/jobs?gh_jid=8025626&gh_jid=8025626
2026-08-18,ESTC,Elastic,Software Engineer II - Platform Infrastructure (Orchestration),Platform - Control Plane,Norway,product_eng,mid,0,0,0,,,https://jobs.elastic.co/jobs?gh_jid=8025629&gh_jid=8025629
2026-08-18,ESTC,Elastic,"Solutions Architect -  General Business, East (Presales)",SA - AMER - General Business,"Georgia, United States",demand_validated,mid,0,0,0,,120400,https://jobs.elastic.co/jobs?gh_jid=7939709&gh_jid=7939709
2026-08-18,ESTC,Elastic,"Solutions Architect - General Business, East (Presales)",SA - AMER - General Business,"Texas, United States",demand_validated,mid,0,0,0,,120400,https://jobs.elastic.co/jobs?gh_jid=7944199&gh_jid=7944199
2026-08-18,ESTC,Elastic,Solutions Architect - PreSales ,SA - EMEA - Central,Germany,demand_validated,mid,0,0,0,,,https://jobs.elastic.co/jobs?gh_jid=8035002&gh_jid=8035002
2026-08-18,ESTC,Elastic,"Sr Analyst, FP&A",Finance Team,"Bangalore, India",other,senior,0,1,0,buzz,,https://jobs.elastic.co/jobs?gh_jid=8034945&gh_jid=8034945
2026-08-18,ESTC,Elastic,Sr. Business Systems Analyst,IT,United States,other,senior,0,0,0,,136750,https://jobs.elastic.co/jobs?gh_jid=8107090&gh_jid=8107090
2026-08-18,ESTC,Elastic,"Sr. Campaigns Manager, Security",Campaigns and Digital Marketing,United States,other,senior,0,0,0,,185750,https://jobs.elastic.co/jobs?gh_jid=8114454&gh_jid=8114454
2026-08-18,ESTC,Elastic,Sr. Customer Architect,Customer Architects - AMER,United States,product_eng,senior,0,0,0,,144450,https://jobs.elastic.co/jobs?gh_jid=8091860&gh_jid=8091860
2026-08-18,ESTC,Elastic,"Sr. Director, Demand and Digital Marketing",Campaigns and Digital Marketing,United States,nontech,director,0,2,0,buzz,290300,https://jobs.elastic.co/jobs?gh_jid=8110185&gh_jid=8110185
2026-08-18,ESTC,Elastic,"Sr. Director, Field Technology and AI",Sales Strategy & Operations,United States,other,director,1,16,1,application|buzz,307650,https://jobs.elastic.co/jobs?gh_jid=7954418&gh_jid=7954418
2026-08-18,ESTC,Elastic,"Sr. Director, Global Public Sector Marketing",Regional Marketing - USPS,United States,nontech,director,0,1,0,buzz,290300,https://jobs.elastic.co/jobs?gh_jid=8013219&gh_jid=8013219
2026-08-18,ESTC,Elastic,"Sr. Manager, ABM (Team Lead)",Regional Marketing - AMER,United States,other,senior,0,0,0,,154800,https://jobs.elastic.co/jobs?gh_jid=8067211&gh_jid=8067211
2026-08-18,ESTC,Elastic,"Sr. Manager, ABM (Team Lead)",Regional Marketing - AMER,Canada,other,senior,0,0,0,,123200,https://jobs.elastic.co/jobs?gh_jid=8009085&gh_jid=8009085
2026-08-18,ESTC,Elastic,"Sr. Manager, Renewal Revenue Strategy & Operations",Sales Strategy & Operations,United States,nontech,senior,0,0,0,,185750,https://jobs.elastic.co/jobs?gh_jid=8097184&gh_jid=8097184
2026-08-18,ESTC,Elastic,"Sr. Solutions Architect - Enterprise Expand, West Coast (Presales)",SA - AMER - Enterprise West,"California, United States",demand_validated,senior,0,0,0,,144450,https://jobs.elastic.co/jobs?gh_jid=7663327&gh_jid=7663327
2026-08-18,ESTC,Elastic,Strategic Account Executive - West,Sales - AMER Strat,"California, United States",demand_validated,mid,0,6,1,application,235750,https://jobs.elastic.co/jobs?gh_jid=8114256&gh_jid=8114256
2026-08-18,ESTC,Elastic,Strategic Account Executive - West,Sales - AMER Strat,"Texas, United States",demand_validated,mid,0,6,1,application,235750,https://jobs.elastic.co/jobs?gh_jid=8114254&gh_jid=8114254
2026-08-18,ESTC,Elastic,"Tech Lead, Agent Framework - Observability",Obs - Logs,Spain,other,senior,0,0,0,,,https://jobs.elastic.co/jobs?gh_jid=8059920&gh_jid=8059920
2026-08-18,ESTC,Elastic,"Tech Lead, Agent Framework - Observability",Obs - Logs,Portugal,other,senior,0,0,0,,,https://jobs.elastic.co/jobs?gh_jid=8071582&gh_jid=8071582
2026-08-18,ESTC,Elastic,"Tech Lead, Agent Framework - Observability",Obs - Logs,Ireland,other,senior,0,0,0,,,https://jobs.elastic.co/jobs?gh_jid=8071620&gh_jid=8071620
2026-08-18,ESTC,Elastic,"Tech Lead, Agent Framework - Observability",Obs - Logs,United States,other,senior,0,0,0,,231650,https://jobs.elastic.co/jobs?gh_jid=8071641&gh_jid=8071641
2026-08-18,ESTC,Elastic,Territory Account Executive - Central,Sales - AMER General Business,United States,demand_validated,mid,0,4,1,application|buzz,136400,https://jobs.elastic.co/jobs?gh_jid=8129434&gh_jid=8129434
2026-08-18,ESTC,Elastic,Territory Account Executive - NYC,Sales - AMER General Business,"New York City, NY",demand_validated,mid,0,4,1,application|buzz,136400,https://jobs.elastic.co/jobs?gh_jid=8114130&gh_jid=8114130
2026-08-18,ESTC,Elastic,UK Commercial Counsel Public Sector,Legal - Corporate,United Kingdom,nontech,mid,0,0,0,,,https://jobs.elastic.co/jobs?gh_jid=8044321&gh_jid=8044321
2026-08-18,ESTC,Elastic,Video Creative Lead, Brand and Creative,United States,other,senior,0,1,0,buzz,154800,https://jobs.elastic.co/jobs?gh_jid=8035675&gh_jid=8035675
2026-08-18,ESTC,Elastic,"VP, Product Marketing, Observability",Product Marketing,United States,nontech,exec,0,0,0,,,https://jobs.elastic.co/jobs?gh_jid=8037179&gh_jid=8037179
2026-08-18,ESTC,Elastic,"VP, Threat Research - Security Intelligence",Security - Cross Team,Canada,other,exec,0,0,0,,388350,https://jobs.elastic.co/jobs?gh_jid=8093637&gh_jid=8093637
2026-08-18,ESTC,Elastic,"VP, Threat Research - Security Intelligence",Security - Cross Team,United States,other,exec,0,0,0,,452300,https://jobs.elastic.co/jobs?gh_jid=8083459&gh_jid=8083459
2026-08-18,ESTC,Elastic,アカウント営業/リテール,Sales - APJ - Japan,"Tokyo, Japan",other,mid,0,3,1,application,,https://jobs.elastic.co/jobs?gh_jid=8090490&gh_jid=8090490
2026-08-18,FSLY,Fastly,"Assistant General Counsel, Commercial",Legal,"New York City, NY; San Francisco, CA",nontech,mid,0,1,0,buzz,271205,https://www.fastly.com/about/jobs/apply?gh_jid=8105433
2026-08-18,FSLY,Fastly,Business Systems Analyst,Finance Systems,"Pune, India",other,mid,0,1,0,buzz,,https://www.fastly.com/about/jobs/apply?gh_jid=7912529
2026-08-18,FSLY,Fastly,Deal Desk Manager,CFO,"San Francisco, CA",other,mid,0,0,0,,146520,https://www.fastly.com/about/jobs/apply?gh_jid=8041932
2026-08-18,FSLY,Fastly,"Director, APJ Field Marketing  ",Corporate Marketing,"Singapore, Singapore",nontech,director,0,0,0,,,https://www.fastly.com/about/jobs/apply?gh_jid=7916520
2026-08-18,FSLY,Fastly,"Director, Deal Desk & Strategy",CFO,"San Francisco, CA",other,director,0,1,0,buzz,215292,https://www.fastly.com/about/jobs/apply?gh_jid=7990049
2026-08-18,FSLY,Fastly,"Director, Enterprise Architecture, Automation and Integration",Go-To-Market Systems,"Denver, CO; New York City, NY; San Francisco, CA",product_eng,director,0,11,1,application|buzz,216657,https://www.fastly.com/about/jobs/apply?gh_jid=8119301
2026-08-18,FSLY,Fastly,"Director, Product Marketing – Security, AI and Emerging Technology",Product Marketing,"Denver, CO; New York City, NY; San Francisco, CA",nontech,director,1,3,0,buzz|data_ml_ops,233988,https://www.fastly.com/about/jobs/apply?gh_jid=8119740
2026-08-18,FSLY,Fastly,Finance Systems Analyst,Finance Systems,"Denver, CO; New York City, NY",nontech,mid,0,1,0,buzz,117055,https://www.fastly.com/about/jobs/apply?gh_jid=7744225
2026-08-18,FSLY,Fastly,"Head of PR, APJ",Field Marketing,"Singapore, Singapore",other,exec,0,0,0,,,https://www.fastly.com/about/jobs/apply?gh_jid=8028501
2026-08-18,FSLY,Fastly,Manager - Customer Solutions Engineering,Cloud Engineering - COR,"Denver, CO; New York City, NY; San Francisco, CA",demand_validated,mid,0,0,0,,171989,https://www.fastly.com/about/jobs/apply?gh_jid=7980055
2026-08-18,FSLY,Fastly,Network Support Engineer,Service Delivery - CSE,"Pune, India",product_eng,mid,0,0,0,,,https://www.fastly.com/about/jobs/apply?gh_jid=7677443
2026-08-18,FSLY,Fastly,Network Support Engineer,Service Delivery - CSE,"Singapore, Singapore",product_eng,mid,0,0,0,,,https://www.fastly.com/about/jobs/apply?gh_jid=7738594
2026-08-18,FSLY,Fastly,Order Management Manager,Accounting,"New York City, NY; San Francisco, CA",other,mid,0,0,0,,146520,https://www.fastly.com/about/jobs/apply?gh_jid=8119283
2026-08-18,FSLY,Fastly,Program Manager,Program Management,"Denver, CO; New York City, NY; San Francisco, CA",other,mid,0,0,0,,151051,https://www.fastly.com/about/jobs/apply?gh_jid=8017302
2026-08-18,FSLY,Fastly,Salesforce Systems Administrator - Business Systems,Go-To-Market Systems,"Pune, India",nontech,mid,0,0,0,,,https://www.fastly.com/about/jobs/apply?gh_jid=8041120
2026-08-18,FSLY,Fastly,Sales Operations Manager,Sales Ops & Enablement,"London, United Kingdom",nontech,mid,0,0,0,,,https://www.fastly.com/about/jobs/apply?gh_jid=8124359
2026-08-18,FSLY,Fastly,Sales Process Lead,Sales Ops & Enablement,"Pune, India",nontech,senior,0,4,1,application|buzz,,https://www.fastly.com/about/jobs/apply?gh_jid=7992339
2026-08-18,FSLY,Fastly,Senior Account Executive,APJ Sales,"Tokyo, Japan",demand_validated,senior,0,0,0,,,https://www.fastly.com/about/jobs/apply?gh_jid=6873321
2026-08-18,FSLY,Fastly,"Senior Account Executive, Commercial",Commercial Sales,"New York City, NY",demand_validated,senior,0,0,0,,239122,https://www.fastly.com/about/jobs/apply?gh_jid=7889308
2026-08-18,FSLY,Fastly,"Senior Account Executive, Enterprise (SoCal)",Enterprise Sales,"Los Angeles, CA",demand_validated,senior,0,0,0,,276123,https://www.fastly.com/about/jobs/apply?gh_jid=8013533
2026-08-18,FSLY,Fastly,Senior Analyst - Pricing & Packaging,CFO,"San Francisco, CA",other,senior,0,0,0,,158246,https://www.fastly.com/about/jobs/apply?gh_jid=8081734
2026-08-18,FSLY,Fastly,Senior Cloud Engineer,Cloud Engineering - COR,"San Francisco, CA",product_eng,senior,0,0,0,,147456,https://www.fastly.com/about/jobs/apply?gh_jid=8082266
2026-08-18,FSLY,Fastly,"Senior Counsel, Privacy and Regulatory",Legal,"New York City, NY; San Francisco, CA",nontech,senior,0,5,1,application|buzz,232507,https://www.fastly.com/about/jobs/apply?gh_jid=8017300
2026-08-18,FSLY,Fastly,Senior Customer Solutions Engineer,Cloud Engineering - COR,"Denver, CO; San Francisco, CA",demand_validated,senior,0,0,0,,159252,https://www.fastly.com/about/jobs/apply?gh_jid=7733190
2026-08-18,FSLY,Fastly,"Senior Data Analyst, Sales Analytics",Sales Ops & Enablement,"Pune, India",nontech,senior,0,4,1,application|buzz,,https://www.fastly.com/about/jobs/apply?gh_jid=7858388
2026-08-18,FSLY,Fastly,Senior DataCenter Provisioning Engineer,Global Network Infrastructure,"Denver, CO; New York City, NY; Raleigh, NC; Washington, D.C.",product_eng,senior,0,0,0,,147456,https://www.fastly.com/about/jobs/apply?gh_jid=8128533
2026-08-18,FSLY,Fastly,Senior Data Security Architect,Security Architecture,"San Francisco, CA",product_eng,senior,0,0,0,,199342,https://www.fastly.com/about/jobs/apply?gh_jid=8089506
2026-08-18,FSLY,Fastly,"Senior Deal Strategy Manager, APJ",CFO,"Singapore, Singapore",other,senior,0,0,0,,,https://www.fastly.com/about/jobs/apply?gh_jid=8064565
2026-08-18,FSLY,Fastly,Senior Engineering Manager - Containers at Edge,Infrastructure Engineering,"Denver, CO; New York City, NY; San Francisco, CA",product_eng,senior,0,0,0,,251108,https://www.fastly.com/about/jobs/apply?gh_jid=8049212
2026-08-18,FSLY,Fastly,Senior Engineer - Security Products (Backend APIs),Core Systems Engineering,"Denver, CO; San Francisco, CA",product_eng,senior,0,1,0,buzz,199342,https://www.fastly.com/about/jobs/apply?gh_jid=8011076
2026-08-18,FSLY,Fastly,Senior Enterprise Account Executive,EMEA Sales,"London, United Kingdom",demand_validated,senior,0,0,0,,,https://www.fastly.com/about/jobs/apply?gh_jid=7954066
2026-08-18,FSLY,Fastly,Senior Enterprise Account Executive (NYC),Enterprise Sales,"New York City, NY",demand_validated,senior,0,0,0,,306803,https://www.fastly.com/about/jobs/apply?gh_jid=8089199
2026-08-18,FSLY,Fastly,Senior Executive Assistant,Human Resources,"San Francisco, CA",other,senior,0,2,0,buzz,,https://www.fastly.com/about/jobs/apply?gh_jid=8097890
2026-08-18,FSLY,Fastly,Senior Infrastructure Engineer — Certification Authority,Content Delivery Systems,"San Francisco, CA",product_eng,senior,0,0,0,,184569,https://www.fastly.com/about/jobs/apply?gh_jid=8011032
2026-08-18,FSLY,Fastly,"Senior Manager, Engineering - Platform Security",Platform Engineering,"Denver, CO; New York City, NY; San Francisco, CA",product_eng,senior,0,0,0,,251108,https://www.fastly.com/about/jobs/apply?gh_jid=7901940
2026-08-18,FSLY,Fastly,Senior Partnerships Lead,Partner & Indirect Sales,"New York City, NY",other,senior,0,0,0,,202958,https://www.fastly.com/about/jobs/apply?gh_jid=8027022
2026-08-18,FSLY,Fastly,Senior Product Marketing Manager – AI & Emerging Technologies,Product Marketing,"Denver, CO; New York City, NY; San Francisco, CA",nontech,senior,1,3,0,buzz|general_medium,159252,https://www.fastly.com/about/jobs/apply?gh_jid=8119888
2026-08-18,FSLY,Fastly,Senior Sales Engineer,Sales Engineering,"Sydney, Australia",demand_validated,senior,0,0,0,,,https://www.fastly.com/about/jobs/apply?gh_jid=8121024
2026-08-18,FSLY,Fastly,Senior Security Technical Account Manager,Customer Security TAMs,"Denver, CO; New York City, NY; San Francisco, CA",demand_validated,senior,0,0,0,,147456,https://www.fastly.com/about/jobs/apply?gh_jid=8114333
2026-08-18,FSLY,Fastly,Senior SRE - Networks,Technical Operations,United Kingdom (Remote),product_eng,senior,0,0,0,,,https://www.fastly.com/about/jobs/apply?gh_jid=8045052
2026-08-18,FSLY,Fastly,Senior Support Engineer - Security Products,Service Delivery - CSE,"Pune, India",product_eng,senior,0,0,0,,,https://www.fastly.com/about/jobs/apply?gh_jid=8012702
2026-08-18,FSLY,Fastly,Software Development Engineer,Core Systems Engineering,"San Francisco, CA",product_eng,mid,0,0,0,,170907,https://www.fastly.com/about/jobs/apply?gh_jid=8128535
2026-08-18,FSLY,Fastly,Staff Engineer - Control Systems,Core Systems Engineering,"Denver, CO; New York City, NY; San Francisco, CA",product_eng,staff_principal,0,0,0,,232507,https://www.fastly.com/about/jobs/apply?gh_jid=8094476
2026-08-18,FSLY,Fastly,Staff Engineer - Edge Protocols,Content Delivery Systems,"Denver, CO; New York City, NY; San Francisco, CA",product_eng,staff_principal,0,0,0,,211370,https://www.fastly.com/about/jobs/apply?gh_jid=8010849
2026-08-18,FSLY,Fastly,Staff Engineer - Monetization,Core Systems Engineering,"San Francisco, CA",product_eng,staff_principal,0,1,0,buzz,211370,https://www.fastly.com/about/jobs/apply?gh_jid=8046788
2026-08-18,FSLY,Fastly,Staff Product Marketing Manager: Compute,Product Marketing,"Denver, CO; New York City, NY; San Francisco, CA",nontech,staff_principal,0,0,0,,200612,https://www.fastly.com/about/jobs/apply?gh_jid=8120166
2026-08-18,FSLY,Fastly,Staff Product Marketing Manager – Security,Product Marketing,"Denver, CO; New York City, NY; San Francisco, CA",nontech,staff_principal,0,1,0,buzz,200612,https://www.fastly.com/about/jobs/apply?gh_jid=8120168
2026-08-18,FSLY,Fastly,"Staff Strategic Operations Lead, Performance Center",OCA,"Denver, CO; New York City, NY; San Francisco, CA",nontech,staff_principal,0,0,0,,200612,https://www.fastly.com/about/jobs/apply?gh_jid=7858457
2026-08-18,FSLY,Fastly,"Staff Technical Product Manager, Runtimes",Product Management,"New York City, NY",product_eng,staff_principal,0,1,0,buzz,232507,https://www.fastly.com/about/jobs/apply?gh_jid=8079946
2026-08-18,FSLY,Fastly,Threat Detection Analyst (Japanese & English speaking),Customer Security - CSOC,Australia (Remote),other,mid,0,0,0,,,https://www.fastly.com/about/jobs/apply?gh_jid=7912473
2026-08-18,FSLY,Fastly,Threat Detection Analyst (Japanese & English speaking),Customer Security - CSOC,"Singapore, Singapore",other,mid,0,0,0,,,https://www.fastly.com/about/jobs/apply?gh_jid=7912475
2026-08-18,FSLY,Fastly,Threat Detection Analyst (Japanese Speaking) ,Customer Security - CSOC,"Tokyo, Japan",other,mid,0,0,0,,,https://www.fastly.com/about/jobs/apply?gh_jid=7641510
2026-08-18,NET,Cloudflare,"Account Executive, FedCiv",Field Sales,Hybrid,demand_validated,mid,0,0,0,,319500,https://boards.greenhouse.io/cloudflare/jobs/7695702?gh_jid=7695702
2026-08-18,NET,Cloudflare,Accounting Intern (Fall 2026),Accounting and Finance,In-Office,nontech,intern,0,1,0,buzz,,https://boards.greenhouse.io/cloudflare/jobs/7902104?gh_jid=7902104
2026-08-18,NET,Cloudflare,AI Security Research & Red Team Engineer,Security,Hybrid,product_eng,mid,1,9,1,application,187000,https://boards.greenhouse.io/cloudflare/jobs/8097321?gh_jid=8097321
2026-08-18,NET,Cloudflare,Business Development Manager,BDR,Hybrid,other,mid,0,1,0,buzz,171000,https://boards.greenhouse.io/cloudflare/jobs/8084358?gh_jid=8084358
2026-08-18,NET,Cloudflare,Business Development Representative,BDR,Hybrid,other,mid,0,0,0,,,https://boards.greenhouse.io/cloudflare/jobs/8078210?gh_jid=8078210
2026-08-18,NET,Cloudflare,Business Development Representative - Arabic Speaking,BDR,Hybrid,other,mid,0,0,0,,,https://boards.greenhouse.io/cloudflare/jobs/6696709?gh_jid=6696709
2026-08-18,NET,Cloudflare, Business Development Representative (BDR) ,BDR,Hybrid,other,mid,0,0,0,,76500,https://boards.greenhouse.io/cloudflare/jobs/6557318?gh_jid=6557318
2026-08-18,NET,Cloudflare," Business Development Representative (BDR), LATAM Spanish Speaking",BDR,Hybrid,other,mid,0,0,0,,,https://boards.greenhouse.io/cloudflare/jobs/7991345?gh_jid=7991345
2026-08-18,NET,Cloudflare,"Business Development Representative - Danish, Norwegian or Swedish Speaking",BDR,Hybrid,other,mid,0,0,0,,,https://boards.greenhouse.io/cloudflare/jobs/7657028?gh_jid=7657028
2026-08-18,NET,Cloudflare,Business Development Representative - Dutch Speaking,BDR,Hybrid,other,mid,0,0,0,,,https://boards.greenhouse.io/cloudflare/jobs/7883803?gh_jid=7883803
2026-08-18,NET,Cloudflare,Business Development Representative - German Speaking,BDR,Hybrid,other,mid,0,0,0,,,https://boards.greenhouse.io/cloudflare/jobs/7504487?gh_jid=7504487
2026-08-18,NET,Cloudflare,Business Development Representative - Turkish Speaking,BDR,Hybrid,other,mid,0,0,0,,,https://boards.greenhouse.io/cloudflare/jobs/7772239?gh_jid=7772239
2026-08-18,NET,Cloudflare,Chief of Staff to Chief Strategy Officer,Strategy,Hybrid,nontech,exec,0,3,1,application,257500,https://boards.greenhouse.io/cloudflare/jobs/8076815?gh_jid=8076815
2026-08-18,NET,Cloudflare,Commercial Account Executive (German speaking),Mid Market,Hybrid,demand_validated,mid,0,0,0,,,https://boards.greenhouse.io/cloudflare/jobs/7478874?gh_jid=7478874
2026-08-18,NET,Cloudflare,"Commercial Account Executive, Saudi Arabia",Mid Market,Hybrid,demand_validated,mid,0,0,0,,,https://boards.greenhouse.io/cloudflare/jobs/8045313?gh_jid=8045313
2026-08-18,NET,Cloudflare,"Commercial Account Executive, UAE & Oman",Mid Market,Hybrid,demand_validated,mid,0,0,0,,,https://boards.greenhouse.io/cloudflare/jobs/8045292?gh_jid=8045292
2026-08-18,NET,Cloudflare,"Country Director, India",Field Sales,Remote India,other,director,0,0,0,,,https://boards.greenhouse.io/cloudflare/jobs/7588061?gh_jid=7588061
2026-08-18,NET,Cloudflare,CTO Operations Lead,Product,Hybrid,nontech,senior,0,0,0,,,https://boards.greenhouse.io/cloudflare/jobs/8120031?gh_jid=8120031
2026-08-18,NET,Cloudflare,"Customer Engineer, India (Based in Mumbai)",Solution Engineering,Remote India,product_eng,mid,0,18,1,application,,https://boards.greenhouse.io/cloudflare/jobs/7955378?gh_jid=7955378
2026-08-18,NET,Cloudflare,"Customer Engineer (Pre-Sales), Korea (Based in Seoul)",Solution Engineering,Hybrid,demand_validated,mid,0,18,1,application,,https://boards.greenhouse.io/cloudflare/jobs/8027774?gh_jid=8027774
2026-08-18,NET,Cloudflare,Customer Experience Manager,Customer Renewals,Hybrid,other,mid,0,4,1,application|buzz,,https://boards.greenhouse.io/cloudflare/jobs/7988072?gh_jid=7988072
2026-08-18,NET,Cloudflare,Customer Experience Manager - French Speaking,Customer Renewals,Hybrid,other,mid,0,4,1,application|buzz,,https://boards.greenhouse.io/cloudflare/jobs/8063946?gh_jid=8063946
2026-08-18,NET,Cloudflare,Customer Experience Manager - Russian Speaking,Customer Renewals,Hybrid,other,mid,0,4,1,application|buzz,,https://boards.greenhouse.io/cloudflare/jobs/7241874?gh_jid=7241874
2026-08-18,NET,Cloudflare,Data Center DCIM Program Leader - Infrastructure Operations,Infrastructure,Hybrid,nontech,mid,0,0,0,,,https://boards.greenhouse.io/cloudflare/jobs/7535803?gh_jid=7535803
2026-08-18,NET,Cloudflare,Data Center Infrastructure Management (DCIM) Administrator - Infrastructure Operations,Infrastructure,Hybrid,nontech,mid,0,0,0,,,https://boards.greenhouse.io/cloudflare/jobs/7736431?gh_jid=7736431
2026-08-18,NET,Cloudflare,Deal Desk Engineer,Emerging Technology and Incubation,Hybrid,product_eng,mid,0,1,0,buzz,,https://boards.greenhouse.io/cloudflare/jobs/8059772?gh_jid=8059772
2026-08-18,NET,Cloudflare,Deal Desk Manager,Accounting and Finance,Hybrid,other,mid,0,14,1,application|buzz,168000,https://boards.greenhouse.io/cloudflare/jobs/8052464?gh_jid=8052464
2026-08-18,NET,Cloudflare,"Deal Desk Manager, EMEA",Accounting and Finance,Hybrid,other,mid,0,14,1,application|buzz,,https://boards.greenhouse.io/cloudflare/jobs/7544182?gh_jid=7544182
2026-08-18,NET,Cloudflare,Detection & Mitigation Engineer,Security,Hybrid,product_eng,mid,0,0,0,,,https://boards.greenhouse.io/cloudflare/jobs/7489019?gh_jid=7489019
2026-08-18,NET,Cloudflare,Digital Communications Director,Communications,Hybrid,nontech,director,0,0,0,,198500,https://boards.greenhouse.io/cloudflare/jobs/8049608?gh_jid=8049608
2026-08-18,NET,Cloudflare,Digital Customer Engineer,Solution Engineering,Hybrid,product_eng,mid,0,0,0,,,https://boards.greenhouse.io/cloudflare/jobs/8041034?gh_jid=8041034
2026-08-18,NET,Cloudflare,"Director, Customer Engineering",Solution Engineering,Hybrid or Remote,product_eng,director,0,3,1,application,,https://boards.greenhouse.io/cloudflare/jobs/8077424?gh_jid=8077424
2026-08-18,NET,Cloudflare,"Director, Developer GTM Finance",Accounting and Finance,Hybrid,product_eng,director,0,2,0,general_medium,279000,https://boards.greenhouse.io/cloudflare/jobs/8056660?gh_jid=8056660
2026-08-18,NET,Cloudflare,"Director, Enterprise Sales (AI & Digital Natives)",Field Sales,Hybrid,nontech,director,1,3,1,application,455500,https://boards.greenhouse.io/cloudflare/jobs/8051548?gh_jid=8051548
2026-08-18,NET,Cloudflare,"Director, Enterprise Sales (AI & Digital Natives)",Field Sales,Hybrid,nontech,director,1,3,1,application,455500,https://boards.greenhouse.io/cloudflare/jobs/8051547?gh_jid=8051547
2026-08-18,NET,Cloudflare,"Director, Enterprise Sales, Japan   ",Field Sales,Hybrid,nontech,director,0,0,0,,,https://boards.greenhouse.io/cloudflare/jobs/7374496?gh_jid=7374496
2026-08-18,NET,Cloudflare,Director of Developer Events,Emerging Technology and Incubation,In-Office,product_eng,director,0,3,1,application,231000,https://boards.greenhouse.io/cloudflare/jobs/7964809?gh_jid=7964809
2026-08-18,NET,Cloudflare,"Director, Strategic Finance & Investor Relations",Accounting and Finance,Hybrid,nontech,director,0,0,0,,232500,https://boards.greenhouse.io/cloudflare/jobs/8036150?gh_jid=8036150
2026-08-18,NET,Cloudflare,"Distributed Systems Engineer, Analytical Database Platform",Engineering,Hybrid,product_eng,mid,0,0,0,,,https://boards.greenhouse.io/cloudflare/jobs/7462799?gh_jid=7462799
2026-08-18,NET,Cloudflare,Distributed Systems Engineer - Data Platform - Analytics and Alerts,Engineering,Hybrid,product_eng,mid,0,0,0,,,https://boards.greenhouse.io/cloudflare/jobs/7462803?gh_jid=7462803
2026-08-18,NET,Cloudflare,"Distributed Systems Engineer - Data Platform (Delivery, Database, Retrieval)",Engineering,Hybrid,product_eng,mid,0,0,0,,,https://boards.greenhouse.io/cloudflare/jobs/7462801?gh_jid=7462801
2026-08-18,NET,Cloudflare,Distributed Systems Engineer - Data Platform - Logs and Audit Logs,Engineering,Hybrid,product_eng,mid,0,0,0,,,https://boards.greenhouse.io/cloudflare/jobs/7462802?gh_jid=7462802
2026-08-18,NET,Cloudflare,"Engineering Manager, Browser Run",Emerging Technology and Incubation,Hybrid,product_eng,mid,0,3,1,application,,https://boards.greenhouse.io/cloudflare/jobs/8099000?gh_jid=8099000
2026-08-18,NET,Cloudflare,"Engineering Manager, Cloudflare Network Interconnect",Infrastructure,Hybrid,product_eng,mid,0,0,0,,,https://boards.greenhouse.io/cloudflare/jobs/8083701?gh_jid=8083701
2026-08-18,NET,Cloudflare,"Engineering Manager, Linux Team",Infrastructure,Hybrid,product_eng,mid,0,0,0,,236500,https://boards.greenhouse.io/cloudflare/jobs/7647474?gh_jid=7647474
2026-08-18,NET,Cloudflare,"Engineering Manager - Workers Runtime, Edge Team",Emerging Technology and Incubation,Hybrid,product_eng,mid,0,0,0,,,https://boards.greenhouse.io/cloudflare/jobs/7653558?gh_jid=7653558
2026-08-18,NET,Cloudflare,Forward Deployed Engineer (FDE),Professional Services,Hybrid,demand_validated,mid,0,3,1,application,210000,https://boards.greenhouse.io/cloudflare/jobs/7572075?gh_jid=7572075
2026-08-18,NET,Cloudflare,"Forward Deployed Engineer, Hebrew speaker",Developer Relations,Hybrid,demand_validated,mid,0,3,1,application,,https://boards.greenhouse.io/cloudflare/jobs/7778816?gh_jid=7778816
2026-08-18,NET,Cloudflare,"Forward Deployed Engineer, Professional Services",Professional Services,Hybrid,demand_validated,mid,0,0,0,,,https://boards.greenhouse.io/cloudflare/jobs/8043287?gh_jid=8043287
2026-08-18,NET,Cloudflare,Full Stack Engineer - Internal Audit,Accounting and Finance,Hybrid,product_eng,intern,0,4,1,application|buzz,,https://boards.greenhouse.io/cloudflare/jobs/8014902?gh_jid=8014902
2026-08-18,NET,Cloudflare,GRC Engineer,Security,Hybrid,product_eng,mid,0,7,1,application|buzz,,https://boards.greenhouse.io/cloudflare/jobs/8045914?gh_jid=8045914
2026-08-18,NET,Cloudflare,GRC Team Intern (Fall 2026) ,University,In-Office,other,intern,0,0,0,,,https://boards.greenhouse.io/cloudflare/jobs/8129796?gh_jid=8129796
2026-08-18,NET,Cloudflare,"Head of GTM, AI Inference",Developer Relations,Hybrid,other,exec,1,4,0,general_medium,,https://boards.greenhouse.io/cloudflare/jobs/7428796?gh_jid=7428796
2026-08-18,NET,Cloudflare,Incident Response Analyst - React,Security,In-Office,other,mid,0,0,0,,,https://boards.greenhouse.io/cloudflare/jobs/8025650?gh_jid=8025650
2026-08-18,NET,Cloudflare,Indirect Tax Manager,Accounting and Finance,Hybrid,other,mid,0,0,0,,,https://boards.greenhouse.io/cloudflare/jobs/8081435?gh_jid=8081435
2026-08-18,NET,Cloudflare,Insider Threat Engineer,Security,Hybrid,product_eng,mid,0,0,0,,,https://boards.greenhouse.io/cloudflare/jobs/8064055?gh_jid=8064055
2026-08-18,NET,Cloudflare,Intelligence Production Lead,Security,Hybrid; In-Office,other,senior,0,6,1,application,190000,https://boards.greenhouse.io/cloudflare/jobs/8046137?gh_jid=8046137
2026-08-18,NET,Cloudflare,"Interconnection Manager, Network Strategy Americas",Strategy,Hybrid,other,mid,0,6,1,application,175000,https://boards.greenhouse.io/cloudflare/jobs/8046869?gh_jid=8046869
2026-08-18,NET,Cloudflare,Litigation Counsel,"Legal, Policy, Trust & Safety",Hybrid,nontech,mid,0,0,0,,178500,https://boards.greenhouse.io/cloudflare/jobs/7972472?gh_jid=7972472
2026-08-18,NET,Cloudflare,"Major Account Executive, France",Field Sales,Hybrid,demand_validated,mid,0,0,0,,,https://boards.greenhouse.io/cloudflare/jobs/7552575?gh_jid=7552575
2026-08-18,NET,Cloudflare,Marketing Campaigns & Account-Based Marketing (ABM) Intern (Fall 2026),University,In-Office,nontech,intern,0,1,0,buzz,,https://boards.greenhouse.io/cloudflare/jobs/7838607?gh_jid=7838607
2026-08-18,NET,Cloudflare,Marketing Strategy and Operations Lead ,Marketing,Hybrid,nontech,senior,0,0,0,,170000,https://boards.greenhouse.io/cloudflare/jobs/8030678?gh_jid=8030678
2026-08-18,NET,Cloudflare,Named Account Executive,Field Sales,Hybrid,demand_validated,mid,0,0,0,,,https://boards.greenhouse.io/cloudflare/jobs/6540163?gh_jid=6540163
2026-08-18,NET,Cloudflare,"Named Account Executive, FSI (Hong Kong)",Field Sales,Hybrid,demand_validated,mid,0,0,0,,,https://boards.greenhouse.io/cloudflare/jobs/7868936?gh_jid=7868936
2026-08-18,NET,Cloudflare,"Named Account Executive, Thailand",Field Sales,Hybrid,demand_validated,mid,0,0,0,,,https://boards.greenhouse.io/cloudflare/jobs/7783835?gh_jid=7783835
2026-08-18,NET,Cloudflare,"Network Acquisition Manager, APAC",Infrastructure,Hybrid,other,mid,0,3,1,application,,https://boards.greenhouse.io/cloudflare/jobs/8052843?gh_jid=8052843
2026-08-18,NET,Cloudflare,Network Deployment Engineer,Infrastructure,Hybrid,product_eng,mid,0,0,0,,143500,https://boards.greenhouse.io/cloudflare/jobs/8099671?gh_jid=8099671
2026-08-18,NET,Cloudflare,Network Deployment Engineer - APJC,Infrastructure,Hybrid,product_eng,mid,0,3,1,application,,https://boards.greenhouse.io/cloudflare/jobs/8088046?gh_jid=8088046
2026-08-18,NET,Cloudflare,Network Reliability Engineer,Infrastructure,Hybrid,product_eng,mid,0,6,1,application,,https://boards.greenhouse.io/cloudflare/jobs/7649981?gh_jid=7649981
2026-08-18,NET,Cloudflare,Network Security Engineer,Customer Support,Hybrid,product_eng,mid,0,1,0,buzz,,https://boards.greenhouse.io/cloudflare/jobs/8081027?gh_jid=8081027
2026-08-18,NET,Cloudflare,Network Strategy Intern (Fall 2026),Strategy,In-Office,other,intern,0,0,0,,,https://boards.greenhouse.io/cloudflare/jobs/8031027?gh_jid=8031027
2026-08-18,NET,Cloudflare,Network Strategy Intern (Fall 2026),Strategy,In-Office,other,intern,0,0,0,,,https://boards.greenhouse.io/cloudflare/jobs/8013562?gh_jid=8013562
2026-08-18,NET,Cloudflare,Oracle ALM Finance Lead,Information Technology,Hybrid,nontech,senior,0,0,0,,,https://boards.greenhouse.io/cloudflare/jobs/8103793?gh_jid=8103793
2026-08-18,NET,Cloudflare,Oracle Operations Manager,Information Technology,Hybrid,nontech,mid,0,0,0,,,https://boards.greenhouse.io/cloudflare/jobs/8128846?gh_jid=8128846
2026-08-18,NET,Cloudflare,"Partner Solutions Architect- Service Providers  Location New York, Atlanta, Charlotte, New Jersey and FL",Solution Engineering,Distributed,demand_validated,mid,0,9,1,application,,https://boards.greenhouse.io/cloudflare/jobs/8049820?gh_jid=8049820
2026-08-18,NET,Cloudflare,Post-Award Governance Specialist,Sales Ops,Hybrid,other,mid,0,0,0,,157000,https://boards.greenhouse.io/cloudflare/jobs/8112140?gh_jid=8112140
2026-08-18,NET,Cloudflare,"Pre-Sales Customer Engineer, Digital Native",Solution Engineering,Hybrid,demand_validated,mid,0,18,1,application,,https://boards.greenhouse.io/cloudflare/jobs/7956851?gh_jid=7956851
2026-08-18,NET,Cloudflare,"Presales Customer Engineer, Enterprise (based in Melbourne)",Solution Engineering,Hybrid,demand_validated,mid,0,18,1,application,,https://boards.greenhouse.io/cloudflare/jobs/8076565?gh_jid=8076565
2026-08-18,NET,Cloudflare,"Presales Customer Engineer, Enterprise (Sydney)",Solution Engineering,Hybrid,demand_validated,mid,0,18,1,application,,https://boards.greenhouse.io/cloudflare/jobs/8076538?gh_jid=8076538
2026-08-18,NET,Cloudflare,"Pre-Sales Customer Engineer, Indonesia",Solution Engineering,Hybrid,demand_validated,mid,0,18,1,application,,https://boards.greenhouse.io/cloudflare/jobs/8052856?gh_jid=8052856
2026-08-18,NET,Cloudflare,Presales Customer Engineer (Sydney),Solution Engineering,Hybrid,demand_validated,mid,0,18,1,application,,https://boards.greenhouse.io/cloudflare/jobs/8087911?gh_jid=8087911
2026-08-18,NET,Cloudflare,"Principal Account Executive, SLED West (R1 Institutions and Higher Ed) ",Field Sales,Distributed,demand_validated,staff_principal,0,0,0,,,https://boards.greenhouse.io/cloudflare/jobs/7958083?gh_jid=7958083
2026-08-18,NET,Cloudflare,Principal Content Engineer,Developer Relations,Hybrid; In-Office,product_eng,staff_principal,0,7,1,application|buzz,268500,https://boards.greenhouse.io/cloudflare/jobs/8109939?gh_jid=8109939
2026-08-18,NET,Cloudflare,Principal Engineer - Cloudforce One,Security,Hybrid,product_eng,staff_principal,0,3,1,application,,https://boards.greenhouse.io/cloudflare/jobs/8023395?gh_jid=8023395
2026-08-18,NET,Cloudflare,Principal Engineer - GTM Data Platform,Developer Relations,Hybrid,product_eng,staff_principal,0,0,0,,,https://boards.greenhouse.io/cloudflare/jobs/8054669?gh_jid=8054669
2026-08-18,NET,Cloudflare,"Principal Finance Partner, Revenue & Strategic Modeling",Accounting and Finance,Hybrid,nontech,staff_principal,0,3,1,application,211000,https://boards.greenhouse.io/cloudflare/jobs/8003273?gh_jid=8003273
2026-08-18,NET,Cloudflare,"Principal, GTM Strategic Initiatives Program Manager ",CRO Office,Hybrid,other,staff_principal,0,0,0,,,https://boards.greenhouse.io/cloudflare/jobs/8106415?gh_jid=8106415
2026-08-18,NET,Cloudflare,"Principal Partner Account Manager - Service Provider, APAC (Based in Singapore)",Partnerships,Hybrid,other,staff_principal,0,0,0,,,https://boards.greenhouse.io/cloudflare/jobs/7573757?gh_jid=7573757
2026-08-18,NET,Cloudflare,"Principal Partner Solutions Engineer, SAARC (Based in Bangalore)",Solution Engineering,Hybrid or Remote,demand_validated,staff_principal,0,9,1,application,,https://boards.greenhouse.io/cloudflare/jobs/8024889?gh_jid=8024889
2026-08-18,NET,Cloudflare,Principal People Team Business Partner - M&A / Strategy,People & Places,Hybrid,other,staff_principal,0,0,0,,209500,https://boards.greenhouse.io/cloudflare/jobs/8000779?gh_jid=8000779
2026-08-18,NET,Cloudflare,Principal People Team Business Partner - R&D,People & Places,Hybrid,other,staff_principal,0,0,0,,209500,https://boards.greenhouse.io/cloudflare/jobs/7567848?gh_jid=7567848
2026-08-18,NET,Cloudflare,Principal Professional Services Engineer,Professional Services,Hybrid,demand_validated,staff_principal,0,0,0,,,https://boards.greenhouse.io/cloudflare/jobs/8050386?gh_jid=8050386
2026-08-18,NET,Cloudflare,"Principal Software Engineer, Data",Engineering,"Austin, TX, United States",product_eng,staff_principal,0,8,1,application|buzz|data_ml_ops|general_medium,,https://boards.greenhouse.io/cloudflare/jobs/8102350?gh_jid=8102350
2026-08-18,NET,Cloudflare,"Principal Software Engineer: Distributed Systems (Config, Test, & Deployment)",Infrastructure,Hybrid,product_eng,staff_principal,0,3,1,application,244000,https://boards.greenhouse.io/cloudflare/jobs/8038898?gh_jid=8038898
2026-08-18,NET,Cloudflare,"Principal Software Engineer, Workers Deploy & Config",Emerging Technology and Incubation,In-Office,product_eng,staff_principal,0,3,1,application,261500,https://boards.greenhouse.io/cloudflare/jobs/8055320?gh_jid=8055320
2026-08-18,NET,Cloudflare,"Principal Strategy Manager, Developer Acquisitions",Developer Relations,Hybrid,product_eng,staff_principal,0,0,0,,223500,https://boards.greenhouse.io/cloudflare/jobs/8022491?gh_jid=8022491
2026-08-18,NET,Cloudflare,"Principal Systems Engineer, DevTools",Engineering,Hybrid,product_eng,staff_principal,0,6,1,application,240500,https://boards.greenhouse.io/cloudflare/jobs/8116208?gh_jid=8116208
2026-08-18,NET,Cloudflare,Procurement Systems Developer,Information Technology,Hybrid,product_eng,mid,0,3,1,application,135000,https://boards.greenhouse.io/cloudflare/jobs/8128762?gh_jid=8128762
2026-08-18,NET,Cloudflare,Product Counsel,"Legal, Policy, Trust & Safety",Hybrid,nontech,mid,0,2,0,general_medium,183500,https://boards.greenhouse.io/cloudflare/jobs/8028310?gh_jid=8028310
2026-08-18,NET,Cloudflare,"Product Manager, AI Access",Product,Hybrid,product_eng,mid,1,6,1,application,,https://boards.greenhouse.io/cloudflare/jobs/7904142?gh_jid=7904142
2026-08-18,NET,Cloudflare,Product Security Engineer,Security,In-Office,product_eng,mid,0,3,1,application,,https://boards.greenhouse.io/cloudflare/jobs/8053116?gh_jid=8053116
2026-08-18,NET,Cloudflare,Product Security Engineer,Security,Hybrid,product_eng,mid,0,3,1,application,,https://boards.greenhouse.io/cloudflare/jobs/8102768?gh_jid=8102768
2026-08-18,NET,Cloudflare,Professional Services Consultant,Professional Services,Hybrid,demand_validated,mid,0,0,0,,,https://boards.greenhouse.io/cloudflare/jobs/8079544?gh_jid=8079544
2026-08-18,NET,Cloudflare,Professional Services Intern – Global Customer Services (Fall 2026),University,In-Office,demand_validated,intern,0,12,1,application|model_infra,,https://boards.greenhouse.io/cloudflare/jobs/7796077?gh_jid=7796077
2026-08-18,NET,Cloudflare,Professional Services Project Manager,Professional Services,Hybrid,demand_validated,mid,0,0,0,,,https://boards.greenhouse.io/cloudflare/jobs/8050384?gh_jid=8050384
2026-08-18,NET,Cloudflare,Public Relations Associate,Communications,Hybrid,other,mid,0,0,0,,,https://boards.greenhouse.io/cloudflare/jobs/8092138?gh_jid=8092138
2026-08-18,NET,Cloudflare,Recruiting Coordinator (12-month Contract),People & Places,Hybrid,nontech,mid,0,0,0,,,https://boards.greenhouse.io/cloudflare/jobs/8099018?gh_jid=8099018
2026-08-18,NET,Cloudflare,Research Engineer Intern (Fall 2026),Technology Research,In-Office,research,intern,0,1,0,buzz,,https://boards.greenhouse.io/cloudflare/jobs/8089379?gh_jid=8089379
2026-08-18,NET,Cloudflare,Research Engineer Intern (Fall 2026),Technology Research,In-Office,research,intern,0,1,0,buzz,,https://boards.greenhouse.io/cloudflare/jobs/8089400?gh_jid=8089400
2026-08-18,NET,Cloudflare,Research Engineer Intern (Fall 2026),Technology Research,In-Office,research,intern,0,1,0,buzz,,https://boards.greenhouse.io/cloudflare/jobs/8089407?gh_jid=8089407
2026-08-18,NET,Cloudflare,"Sales Director, Majors (TOLA)",Sales,Hybrid,nontech,director,0,1,0,buzz,440000,https://boards.greenhouse.io/cloudflare/jobs/7983529?gh_jid=7983529
2026-08-18,NET,Cloudflare,Security Engineer (IAM),Security,In-Office,product_eng,mid,0,3,1,application,,https://boards.greenhouse.io/cloudflare/jobs/8124227?gh_jid=8124227
2026-08-18,NET,Cloudflare,Security Third Party Risk Management Lead,Security,"Austin, TX",other,senior,0,0,0,,,https://boards.greenhouse.io/cloudflare/jobs/8099937?gh_jid=8099937
2026-08-18,NET,Cloudflare,"Senior Account Executive, Chile",Field Sales,Hybrid,demand_validated,senior,0,0,0,,,https://boards.greenhouse.io/cloudflare/jobs/8097869?gh_jid=8097869
2026-08-18,NET,Cloudflare,"Senior Account Executive, Colombia",Field Sales,Hybrid,demand_validated,senior,0,0,0,,,https://boards.greenhouse.io/cloudflare/jobs/8097852?gh_jid=8097852
2026-08-18,NET,Cloudflare,"Senior Account Executive, Startups (Bay Area)",Mid Market,Hybrid,demand_validated,senior,0,0,0,,285000,https://boards.greenhouse.io/cloudflare/jobs/7867139?gh_jid=7867139
2026-08-18,NET,Cloudflare,"Senior Account Executive, Startups (NYC OR Boston)",Mid Market,Hybrid,demand_validated,senior,0,0,0,,277500,https://boards.greenhouse.io/cloudflare/jobs/7681220?gh_jid=7681220
2026-08-18,NET,Cloudflare,"Senior Account Executive, Startups (San Francisco)",Mid Market,Hybrid,demand_validated,senior,0,0,0,,285000,https://boards.greenhouse.io/cloudflare/jobs/8015719?gh_jid=8015719
2026-08-18,NET,Cloudflare,"Senior Account Executive, Startups (SoCal)",Mid Market,Distributed,demand_validated,senior,0,0,0,,277500,https://boards.greenhouse.io/cloudflare/jobs/8130735?gh_jid=8130735
2026-08-18,NET,Cloudflare,Senior Administrative Assistant - Floater,Admin,Hybrid,nontech,senior,0,0,0,,100000,https://boards.greenhouse.io/cloudflare/jobs/7635977?gh_jid=7635977
2026-08-18,NET,Cloudflare,Senior Atlassian System Admin,Information Technology,Hybrid,other,senior,0,0,0,,,https://boards.greenhouse.io/cloudflare/jobs/7641930?gh_jid=7641930
2026-08-18,NET,Cloudflare,Senior Cloudflare One GTM Specialist,Product Specialist,Distributed,other,senior,0,0,0,,,https://boards.greenhouse.io/cloudflare/jobs/7534033?gh_jid=7534033
2026-08-18,NET,Cloudflare,Senior Commercial Account Executive,Mid Market,Hybrid,demand_validated,senior,0,0,0,,277500,https://boards.greenhouse.io/cloudflare/jobs/8089418?gh_jid=8089418
2026-08-18,NET,Cloudflare,Senior Customer Engagement Strategy Manager    ,Strategy,Hybrid,other,senior,0,0,0,,186500,https://boards.greenhouse.io/cloudflare/jobs/8059775?gh_jid=8059775
2026-08-18,NET,Cloudflare,Senior Customer Engineer ,Solution Engineering,Hybrid,product_eng,senior,0,3,0,buzz,,https://boards.greenhouse.io/cloudflare/jobs/8018980?gh_jid=8018980
2026-08-18,NET,Cloudflare,Senior Customer Engineer-  (AI & Start-Ups). Los Angeles ,Solution Engineering,Distributed,product_eng,senior,1,12,1,application|buzz|general_medium,260500,https://boards.greenhouse.io/cloudflare/jobs/8075795?gh_jid=8075795
2026-08-18,NET,Cloudflare,Senior Customer Engineer-  (AI & Start-Ups). San Francisco only.,Solution Engineering,Hybrid,product_eng,senior,1,12,1,application|buzz|general_medium,248000,https://boards.greenhouse.io/cloudflare/jobs/7521551?gh_jid=7521551
2026-08-18,NET,Cloudflare,Senior Customer Engineer Brazil (US based),Solution Engineering,Hybrid,product_eng,senior,0,3,0,buzz,,https://boards.greenhouse.io/cloudflare/jobs/7975427?gh_jid=7975427
2026-08-18,NET,Cloudflare,Senior Customer Engineer - Calgary,Solution Engineering,Distributed,product_eng,senior,0,18,1,application,,https://boards.greenhouse.io/cloudflare/jobs/7778747?gh_jid=7778747
2026-08-18,NET,Cloudflare,Senior Customer Engineer- Cloudflare Developer Platform (Start-Ups) Miami,Solution Engineering,Distributed,product_eng,senior,0,12,1,application|buzz|general_medium,,https://boards.greenhouse.io/cloudflare/jobs/8054072?gh_jid=8054072
2026-08-18,NET,Cloudflare,"Senior Customer Engineer, Commercial ",Solution Engineering,Hybrid,product_eng,senior,0,18,1,application,252000,https://boards.greenhouse.io/cloudflare/jobs/8126829?gh_jid=8126829
2026-08-18,NET,Cloudflare,"Senior Customer Engineer, Digital Native Enterprise - Bay Area",Solution Engineering,Hybrid,product_eng,senior,0,13,1,application|buzz,248000,https://boards.greenhouse.io/cloudflare/jobs/8077614?gh_jid=8077614
2026-08-18,NET,Cloudflare,"Senior Customer Engineer, Digital Native Enterprise - Los Angeles",Solution Engineering,Distributed,product_eng,senior,0,13,1,application|buzz,260500,https://boards.greenhouse.io/cloudflare/jobs/8078129?gh_jid=8078129
2026-08-18,NET,Cloudflare,"Senior Customer Engineer, Digital Native Enterprise - New York",Solution Engineering,Hybrid,product_eng,senior,0,13,1,application|buzz,240000,https://boards.greenhouse.io/cloudflare/jobs/8080187?gh_jid=8080187
2026-08-18,NET,Cloudflare,"Senior Customer Engineer, Fed - Toronto, CA",Solution Engineering,Distributed,product_eng,senior,0,18,1,application,,https://boards.greenhouse.io/cloudflare/jobs/8122071?gh_jid=8122071
2026-08-18,NET,Cloudflare,"Senior Customer Engineer, Hong Kong (Pre-sales)",Solution Engineering,Hybrid,demand_validated,senior,0,18,1,application,,https://boards.greenhouse.io/cloudflare/jobs/8097947?gh_jid=8097947
2026-08-18,NET,Cloudflare,"Senior Customer Engineering Manager, Majors - Texas",Solution Engineering,Distributed,product_eng,senior,0,9,1,application,,https://boards.greenhouse.io/cloudflare/jobs/8070722?gh_jid=8070722
2026-08-18,NET,Cloudflare,"Senior Customer Engineer, Majors",Solution Engineering,Distributed,product_eng,senior,0,18,1,application,238500,https://boards.greenhouse.io/cloudflare/jobs/7374554?gh_jid=7374554
2026-08-18,NET,Cloudflare,"Senior Customer Engineer, Majors - Detroit, MI",Solution Engineering,Distributed,product_eng,senior,0,18,1,application,,https://boards.greenhouse.io/cloudflare/jobs/8078323?gh_jid=8078323
2026-08-18,NET,Cloudflare,"Senior Customer Engineer, Majors - NYC",Solution Engineering,Distributed,product_eng,senior,0,18,1,application,263000,https://boards.greenhouse.io/cloudflare/jobs/7980647?gh_jid=7980647
2026-08-18,NET,Cloudflare,"Senior Customer Engineer, Majors, Philadelphia or Pittsburgh ",Solution Engineering,Distributed,product_eng,senior,0,18,1,application,,https://boards.greenhouse.io/cloudflare/jobs/7520051?gh_jid=7520051
2026-08-18,NET,Cloudflare,"Senior Customer Engineer, Majors, Raleigh, NC",Solution Engineering,Distributed,product_eng,senior,0,18,1,application,,https://boards.greenhouse.io/cloudflare/jobs/7864156?gh_jid=7864156
2026-08-18,NET,Cloudflare,"Senior Customer Engineer, Majors, San Francisco",Solution Engineering,Hybrid,product_eng,senior,0,18,1,application,285000,https://boards.greenhouse.io/cloudflare/jobs/7551589?gh_jid=7551589
2026-08-18,NET,Cloudflare,"Senior Customer Engineer, Majors - Toronto, CA",Solution Engineering,Distributed,product_eng,senior,0,18,1,application,,https://boards.greenhouse.io/cloudflare/jobs/8121983?gh_jid=8121983
2026-08-18,NET,Cloudflare,"Senior Customer Engineer, Named - Charlotte, NC",Solution Engineering,Distributed,product_eng,senior,0,18,1,application,,https://boards.greenhouse.io/cloudflare/jobs/8082834?gh_jid=8082834
2026-08-18,NET,Cloudflare,"Senior Customer Engineer, Named - Cincinnati, OH",Solution Engineering,Distributed,product_eng,senior,0,18,1,application,,https://boards.greenhouse.io/cloudflare/jobs/7954702?gh_jid=7954702
2026-08-18,NET,Cloudflare,"Senior Customer Engineer, Named - Minnesota",Solution Engineering,Distributed,product_eng,senior,0,18,1,application,,https://boards.greenhouse.io/cloudflare/jobs/8121827?gh_jid=8121827
2026-08-18,NET,Cloudflare,"Senior Customer Engineer, Named - NYC",Solution Engineering,Distributed,product_eng,senior,0,18,1,application,263000,https://boards.greenhouse.io/cloudflare/jobs/7518699?gh_jid=7518699
2026-08-18,NET,Cloudflare,Senior Customer Engineer - Nashville,Solution Engineering,Distributed,product_eng,senior,0,18,1,application,,https://boards.greenhouse.io/cloudflare/jobs/8087769?gh_jid=8087769
2026-08-18,NET,Cloudflare,Senior Customer Engineer - San Francisco,Solution Engineering,Hybrid,product_eng,senior,0,18,1,application,252000,https://boards.greenhouse.io/cloudflare/jobs/8075765?gh_jid=8075765
2026-08-18,NET,Cloudflare,"Senior Customer Engineer, Shenzhen",Solution Engineering,Distributed,product_eng,senior,0,18,1,application,,https://boards.greenhouse.io/cloudflare/jobs/8115936?gh_jid=8115936
2026-08-18,NET,Cloudflare,"Senior Customer Engineer, Territory - North East",Solution Engineering,Hybrid,product_eng,senior,0,3,1,application,240000,https://boards.greenhouse.io/cloudflare/jobs/8082781?gh_jid=8082781
2026-08-18,NET,Cloudflare,"Senior Customer Engineer - Vancouver, BC",Solution Engineering,Distributed,product_eng,senior,0,18,1,application,,https://boards.greenhouse.io/cloudflare/jobs/8093023?gh_jid=8093023
2026-08-18,NET,Cloudflare,Senior Customer Engineer - Washington DC,Solution Engineering,Hybrid,product_eng,senior,0,18,1,application,240000,https://boards.greenhouse.io/cloudflare/jobs/8087772?gh_jid=8087772
2026-08-18,NET,Cloudflare,Senior Customer Experience Manager,Customer Success,Hybrid,other,senior,0,4,1,application|buzz,,https://boards.greenhouse.io/cloudflare/jobs/8127210?gh_jid=8127210
2026-08-18,NET,Cloudflare,Senior Customer Experience Manager - German Speaking,Customer Renewals,Hybrid,other,senior,0,4,1,application|buzz,,https://boards.greenhouse.io/cloudflare/jobs/6629769?gh_jid=6629769
2026-08-18,NET,Cloudflare,Senior Data Engineer,Business Intelligence,In-Office,product_eng,senior,0,13,1,application|buzz,,https://boards.greenhouse.io/cloudflare/jobs/8007032?gh_jid=8007032
2026-08-18,NET,Cloudflare,Senior Data Engineer,Engineering,In-Office,product_eng,senior,0,13,1,application|buzz,,https://boards.greenhouse.io/cloudflare/jobs/8055118?gh_jid=8055118
2026-08-18,NET,Cloudflare,Senior Data Scientist,Business Intelligence,Hybrid,product_eng,senior,0,18,1,application|buzz|general_medium,,https://boards.greenhouse.io/cloudflare/jobs/7655695?gh_jid=7655695
2026-08-18,NET,Cloudflare,Senior Design Engineer,Emerging Technology and Incubation,Hybrid,product_eng,senior,0,0,0,,,https://boards.greenhouse.io/cloudflare/jobs/6998777?gh_jid=6998777
2026-08-18,NET,Cloudflare,"Senior Digital Native Named Account Executive, SoCal",Field Sales,Distributed,demand_validated,senior,0,0,0,,299000,https://boards.greenhouse.io/cloudflare/jobs/8044090?gh_jid=8044090
2026-08-18,NET,Cloudflare,"Senior Director, Executive Communications",Communications,Hybrid,nontech,director,0,1,0,buzz,268000,https://boards.greenhouse.io/cloudflare/jobs/8075719?gh_jid=8075719
2026-08-18,NET,Cloudflare,Senior Distributed Systems Engineer,Engineering,In-Office,product_eng,senior,0,0,0,,,https://boards.greenhouse.io/cloudflare/jobs/8066716?gh_jid=8066716
2026-08-18,NET,Cloudflare,Senior Employee Relations Partner,People & Places,Hybrid,other,senior,0,0,0,,,https://boards.greenhouse.io/cloudflare/jobs/7990300?gh_jid=7990300
2026-08-18,NET,Cloudflare,Senior Engineering Manager - Cloudforce One,Security,Hybrid,product_eng,senior,0,3,1,application,,https://boards.greenhouse.io/cloudflare/jobs/8020472?gh_jid=8020472
2026-08-18,NET,Cloudflare,Senior Enterprise Account Executive - Brazil,Field Sales,Hybrid,demand_validated,senior,0,0,0,,,https://boards.greenhouse.io/cloudflare/jobs/7826565?gh_jid=7826565
2026-08-18,NET,Cloudflare,Senior Ethics and Compliance Manager,"Legal, Policy, Trust & Safety",Hybrid,other,senior,0,0,0,,,https://boards.greenhouse.io/cloudflare/jobs/8023448?gh_jid=8023448
2026-08-18,NET,Cloudflare,Senior Forward Deployed Engineer,Developer Relations,Hybrid,demand_validated,senior,0,3,1,application,230000,https://boards.greenhouse.io/cloudflare/jobs/8082556?gh_jid=8082556
2026-08-18,NET,Cloudflare,Senior Forward Deployed Engineer,Developer Relations,Hybrid,demand_validated,senior,0,3,1,application,,https://boards.greenhouse.io/cloudflare/jobs/8110209?gh_jid=8110209
2026-08-18,NET,Cloudflare,Senior Global Physical Security Specialist,Security,In-Office,other,senior,0,0,0,,,https://boards.greenhouse.io/cloudflare/jobs/8025514?gh_jid=8025514
2026-08-18,NET,Cloudflare,Senior Incident Response Analyst - REACT ,Security,Hybrid,other,senior,0,0,0,,,https://boards.greenhouse.io/cloudflare/jobs/8050511?gh_jid=8050511
2026-08-18,NET,Cloudflare,Senior Machine Learning Engineer,Emerging Technology and Incubation,Hybrid,product_eng,senior,1,31,1,application|buzz|general_medium|model_infra,,https://boards.greenhouse.io/cloudflare/jobs/8043974?gh_jid=8043974
2026-08-18,NET,Cloudflare,Senior Machine Learning Engineer,Business Intelligence,Hybrid,product_eng,senior,1,48,1,application|buzz|data_ml_ops|general_medium|model_infra,,https://boards.greenhouse.io/cloudflare/jobs/8042034?gh_jid=8042034
2026-08-18,NET,Cloudflare,Senior Majors Account Executive - Chicago,Sales,Distributed,demand_validated,senior,0,0,0,,337000,https://boards.greenhouse.io/cloudflare/jobs/8099002?gh_jid=8099002
2026-08-18,NET,Cloudflare,Senior Majors Account Executive - Dallas,Sales,Hybrid,demand_validated,senior,0,0,0,,,https://boards.greenhouse.io/cloudflare/jobs/8084082?gh_jid=8084082
2026-08-18,NET,Cloudflare,Senior Majors Account Executive - Houston,Sales,Hybrid,demand_validated,senior,0,0,0,,,https://boards.greenhouse.io/cloudflare/jobs/8083770?gh_jid=8083770
2026-08-18,NET,Cloudflare,Senior Majors Account Executive - Houston,Sales,Hybrid,demand_validated,senior,0,0,0,,350000,https://boards.greenhouse.io/cloudflare/jobs/7773428?gh_jid=7773428
2026-08-18,NET,Cloudflare,"Senior Majors Account Executive (IBM), New York",Sales,Hybrid,demand_validated,senior,0,0,0,,355000,https://boards.greenhouse.io/cloudflare/jobs/8088881?gh_jid=8088881
2026-08-18,NET,Cloudflare,Senior Majors Account Executive - Pittsburgh,Sales,Hybrid,demand_validated,senior,0,0,0,,360000,https://boards.greenhouse.io/cloudflare/jobs/7793581?gh_jid=7793581
2026-08-18,NET,Cloudflare,"Senior Majors Account Executive - San Francisco, Bay Area",Sales,Hybrid,demand_validated,senior,0,0,0,,340000,https://boards.greenhouse.io/cloudflare/jobs/7361295?gh_jid=7361295
2026-08-18,NET,Cloudflare,"Senior Majors Account Executive - St. Louis, MO",Sales,Hybrid,demand_validated,senior,0,0,0,,335000,https://boards.greenhouse.io/cloudflare/jobs/8128468?gh_jid=8128468
2026-08-18,NET,Cloudflare,"Senior Majors Account Executive, Toronto ",Field Sales,Distributed,demand_validated,senior,0,1,0,buzz,,https://boards.greenhouse.io/cloudflare/jobs/7474034?gh_jid=7474034
2026-08-18,NET,Cloudflare,"Senior Manager, Customer Engineering, India",Solution Engineering,Remote India,product_eng,senior,0,9,1,application,,https://boards.greenhouse.io/cloudflare/jobs/8020043?gh_jid=8020043
2026-08-18,NET,Cloudflare,"Senior Manager, Solutions Engineering Pre-Sales, Northern Europe",Solution Engineering,Distributed,demand_validated,senior,0,0,0,,,https://boards.greenhouse.io/cloudflare/jobs/7439830?gh_jid=7439830
2026-08-18,NET,Cloudflare," Senior Manager, Territory Sales (Based in Tokyo)",Mid Market,"Tokyo, Japan",nontech,senior,0,0,0,,,https://boards.greenhouse.io/cloudflare/jobs/7767743?gh_jid=7767743
2026-08-18,NET,Cloudflare,Senior Marketing Systems and Automation Manager,Marketing,Hybrid,nontech,senior,0,3,1,application,155000,https://boards.greenhouse.io/cloudflare/jobs/8122101?gh_jid=8122101
2026-08-18,NET,Cloudflare,Senior Named Account Executive,Field Sales,Hybrid,demand_validated,senior,0,0,0,,,https://boards.greenhouse.io/cloudflare/jobs/8071416?gh_jid=8071416
2026-08-18,NET,Cloudflare,Senior Named Account Executive (AI & Digital Natives),Field Sales,Hybrid,demand_validated,senior,1,0,0,,314500,https://boards.greenhouse.io/cloudflare/jobs/8089141?gh_jid=8089141
2026-08-18,NET,Cloudflare,"Senior Named Account Executive, Benelux",Field Sales,Hybrid,demand_validated,senior,0,0,0,,,https://boards.greenhouse.io/cloudflare/jobs/7866619?gh_jid=7866619
2026-08-18,NET,Cloudflare,"Senior Named Account Executive, Bengaluru",Field Sales,Hybrid,demand_validated,senior,0,0,0,,,https://boards.greenhouse.io/cloudflare/jobs/7405115?gh_jid=7405115
2026-08-18,NET,Cloudflare,Senior Named Account Executive (Dallas or Houston),Field Sales,Distributed,demand_validated,senior,0,0,0,,,https://boards.greenhouse.io/cloudflare/jobs/7799240?gh_jid=7799240
2026-08-18,NET,Cloudflare,Senior Named Account Executive -Digital Native,Sales,Hybrid,demand_validated,senior,0,0,0,,,https://boards.greenhouse.io/cloudflare/jobs/8044712?gh_jid=8044712
2026-08-18,NET,Cloudflare,"Senior Named Account Executive, Digital Natives",Field Sales,Hybrid,demand_validated,senior,0,0,0,,,https://boards.greenhouse.io/cloudflare/jobs/7857793?gh_jid=7857793
2026-08-18,NET,Cloudflare,"Senior Named Account Executive, Emerging Markets",Field Sales,Hybrid,demand_validated,senior,0,0,0,,,https://boards.greenhouse.io/cloudflare/jobs/8081326?gh_jid=8081326
2026-08-18,NET,Cloudflare,"Senior Named Account Executive, Federal (COCOM/STRATCOM/TRANSCOM)",Field Sales,Distributed,demand_validated,senior,0,0,0,,370000,https://boards.greenhouse.io/cloudflare/jobs/8019052?gh_jid=8019052
2026-08-18,NET,Cloudflare,"Senior Named Account Executive, Federal Government (Ottawa)",Field Sales,Distributed,demand_validated,senior,0,0,0,,,https://boards.greenhouse.io/cloudflare/jobs/8109416?gh_jid=8109416
2026-08-18,NET,Cloudflare,"Senior Named Account Executive (FedGov - Civilian Agencies), Canberra",Sales,Distributed,demand_validated,senior,0,0,0,,,https://boards.greenhouse.io/cloudflare/jobs/8121029?gh_jid=8121029
2026-08-18,NET,Cloudflare,Senior Named Account Executive - High Tech (NY Metro),Field Sales,Hybrid,demand_validated,senior,0,0,0,,314500,https://boards.greenhouse.io/cloudflare/jobs/8122875?gh_jid=8122875
2026-08-18,NET,Cloudflare,Senior Named Account Executive (Houston or Dallas),Field Sales,Distributed,demand_validated,senior,0,0,0,,,https://boards.greenhouse.io/cloudflare/jobs/7991283?gh_jid=7991283
2026-08-18,NET,Cloudflare,"Senior Named Account Executive, Idaho",Field Sales,Distributed,demand_validated,senior,0,0,0,,301000,https://boards.greenhouse.io/cloudflare/jobs/8067630?gh_jid=8067630
2026-08-18,NET,Cloudflare,"Senior Named Account Executive, Japan",Field Sales,Hybrid,demand_validated,senior,0,0,0,,,https://boards.greenhouse.io/cloudflare/jobs/7421718?gh_jid=7421718
2026-08-18,NET,Cloudflare,"Senior Named Account Executive, Las Vegas",Sales,Hybrid,demand_validated,senior,0,0,0,,290000,https://boards.greenhouse.io/cloudflare/jobs/7807860?gh_jid=7807860
2026-08-18,NET,Cloudflare,"Senior Named Account Executive (Majors), Adelaide",Sales,Distributed,demand_validated,senior,0,0,0,,,https://boards.greenhouse.io/cloudflare/jobs/8127204?gh_jid=8127204
2026-08-18,NET,Cloudflare,"Senior Named Account Executive (Majors), Melbourne",Sales,Hybrid,demand_validated,senior,0,0,0,,,https://boards.greenhouse.io/cloudflare/jobs/8121020?gh_jid=8121020
2026-08-18,NET,Cloudflare,"Senior Named Account Executive, MD/VA/DC",Field Sales,Distributed,demand_validated,senior,0,0,0,,319500,https://boards.greenhouse.io/cloudflare/jobs/8112200?gh_jid=8112200
2026-08-18,NET,Cloudflare,"Senior Named Account Executive, Melbourne",Sales,Distributed; Hybrid,demand_validated,senior,0,0,0,,,https://boards.greenhouse.io/cloudflare/jobs/8037985?gh_jid=8037985
2026-08-18,NET,Cloudflare,"Senior Named Account Executive, Minneapolis",Field Sales,Distributed,demand_validated,senior,0,0,0,,287000,https://boards.greenhouse.io/cloudflare/jobs/8082742?gh_jid=8082742
2026-08-18,NET,Cloudflare,"Senior Named Account Executive, Montreal",Field Sales,Distributed,demand_validated,senior,0,0,0,,,https://boards.greenhouse.io/cloudflare/jobs/8024272?gh_jid=8024272
2026-08-18,NET,Cloudflare,"Senior Named Account Executive, Nordics",Field Sales,Distributed,demand_validated,senior,0,0,0,,,https://boards.greenhouse.io/cloudflare/jobs/7668318?gh_jid=7668318
2026-08-18,NET,Cloudflare,"Senior Named Account Executive, North China",Field Sales,Hybrid,demand_validated,senior,0,0,0,,,https://boards.greenhouse.io/cloudflare/jobs/8104511?gh_jid=8104511
2026-08-18,NET,Cloudflare,"Senior Named Account Executive, Salt Lake City ",Field Sales,Distributed,demand_validated,senior,0,0,0,,301000,https://boards.greenhouse.io/cloudflare/jobs/7943582?gh_jid=7943582
2026-08-18,NET,Cloudflare,"Senior Named Account Executive, Seattle",Field Sales,Distributed,demand_validated,senior,0,0,0,,319500,https://boards.greenhouse.io/cloudflare/jobs/8110247?gh_jid=8110247
2026-08-18,NET,Cloudflare,Senior Network Engineer,Engineering,Hybrid,product_eng,senior,0,6,1,application,,https://boards.greenhouse.io/cloudflare/jobs/7992903?gh_jid=7992903
2026-08-18,NET,Cloudflare,Senior OIC and OPA Developer,Information Technology,In-Office,product_eng,senior,0,3,1,application,,https://boards.greenhouse.io/cloudflare/jobs/7817755?gh_jid=7817755
2026-08-18,NET,Cloudflare,Senior Oracle Fusion Developer,Information Technology,In-Office,product_eng,senior,0,3,1,application,,https://boards.greenhouse.io/cloudflare/jobs/7963589?gh_jid=7963589
2026-08-18,NET,Cloudflare,Senior Oracle Procurement Specialist,Information Technology,In-Office,other,senior,0,3,1,application,,https://boards.greenhouse.io/cloudflare/jobs/7978887?gh_jid=7978887
2026-08-18,NET,Cloudflare,Senior Oracle SCM Specialist,Information Technology,In-Office,other,senior,0,3,1,application,,https://boards.greenhouse.io/cloudflare/jobs/7817793?gh_jid=7817793
2026-08-18,NET,Cloudflare,"Senior Partner Account Manager, Japan (Based in Tokyo)",CAM,Hybrid,other,senior,0,0,0,,,https://boards.greenhouse.io/cloudflare/jobs/7981489?gh_jid=7981489
2026-08-18,NET,Cloudflare,"Senior Principal, Sales Compensation Design & Strategy",Sales Ops,Remote,nontech,staff_principal,0,1,0,buzz,258500,https://boards.greenhouse.io/cloudflare/jobs/8024849?gh_jid=8024849
2026-08-18,NET,Cloudflare,Senior Product Manager - Ad Fraud and Identity Solutions,Product,Hybrid,product_eng,senior,0,0,0,,,https://boards.greenhouse.io/cloudflare/jobs/8007326?gh_jid=8007326
2026-08-18,NET,Cloudflare,Senior Product Manager - Enterprise (API & SDK),Product,Hybrid,product_eng,senior,0,3,1,application,195000,https://boards.greenhouse.io/cloudflare/jobs/7589006?gh_jid=7589006
2026-08-18,NET,Cloudflare,Senior Product Manager - FinTech,Product,In-Office,product_eng,senior,0,0,0,,,https://boards.greenhouse.io/cloudflare/jobs/8064473?gh_jid=8064473
2026-08-18,NET,Cloudflare,Senior Product Security Engineer,Security,Hybrid,product_eng,senior,0,6,1,application,,https://boards.greenhouse.io/cloudflare/jobs/8079931?gh_jid=8079931
2026-08-18,NET,Cloudflare,Senior Professional Services Engineer,Professional Services,Hybrid,demand_validated,senior,0,0,0,,,https://boards.greenhouse.io/cloudflare/jobs/8025521?gh_jid=8025521
2026-08-18,NET,Cloudflare,Senior Revenue Accountant,Accounting and Finance,Hybrid,other,senior,0,1,0,buzz,153000,https://boards.greenhouse.io/cloudflare/jobs/7522891?gh_jid=7522891
2026-08-18,NET,Cloudflare,"Senior Sales Director – Enterprise, Benelux",Field Sales,Distributed,nontech,director,0,3,1,application,,https://boards.greenhouse.io/cloudflare/jobs/8046286?gh_jid=8046286
2026-08-18,NET,Cloudflare,"Senior SASE Specialist, Enterprise (West)",Product Specialist,Hybrid,other,senior,0,0,0,,224500,https://boards.greenhouse.io/cloudflare/jobs/7648618?gh_jid=7648618
2026-08-18,NET,Cloudflare,Senior Security Compliance Specialist,Security,Distributed,other,senior,0,0,0,,,https://boards.greenhouse.io/cloudflare/jobs/8077641?gh_jid=8077641
2026-08-18,NET,Cloudflare,"Senior Software Engineer, Cloudflare Queues",Emerging Technology and Incubation,In-Office,product_eng,senior,0,0,0,,,https://boards.greenhouse.io/cloudflare/jobs/8080780?gh_jid=8080780
2026-08-18,NET,Cloudflare,"Senior Software Engineer, Distributed Databases",Emerging Technology and Incubation,In-Office,product_eng,senior,0,0,0,,219500,https://boards.greenhouse.io/cloudflare/jobs/7896462?gh_jid=7896462
2026-08-18,NET,Cloudflare,"Senior Software Engineer, Durable Objects (DO)",Emerging Technology and Incubation,In-Office,product_eng,senior,0,3,1,application,,https://boards.greenhouse.io/cloudflare/jobs/5390243?gh_jid=5390243
2026-08-18,NET,Cloudflare,"Senior Software Engineer, Network Performance & Reliability",Engineering,Hybrid,product_eng,senior,0,1,0,buzz,,https://boards.greenhouse.io/cloudflare/jobs/7446340?gh_jid=7446340
2026-08-18,NET,Cloudflare,"Senior Software Engineer, People Ops and AI Tools",Engineering,"Austin, TX, United States",product_eng,senior,1,9,1,application,,https://boards.greenhouse.io/cloudflare/jobs/8035679?gh_jid=8035679
2026-08-18,NET,Cloudflare,"Senior Software Engineer, R2 Metadata",Emerging Technology and Incubation,Hybrid,product_eng,senior,0,0,0,,,https://boards.greenhouse.io/cloudflare/jobs/7276690?gh_jid=7276690
2026-08-18,NET,Cloudflare,"Senior Software Engineer, Storage Infrastructure",Emerging Technology and Incubation,In-Office,product_eng,senior,0,0,0,,219500,https://boards.greenhouse.io/cloudflare/jobs/7629805?gh_jid=7629805
2026-08-18,NET,Cloudflare,"Senior Software Engineer, Workers Runtime",Emerging Technology and Incubation,In-Office,product_eng,senior,0,0,0,,,https://boards.greenhouse.io/cloudflare/jobs/6578726?gh_jid=6578726
2026-08-18,NET,Cloudflare,"Senior Solutions Engineer, French Speaking Africa",Solution Engineering,Hybrid,demand_validated,senior,0,0,0,,,https://boards.greenhouse.io/cloudflare/jobs/8124416?gh_jid=8124416
2026-08-18,NET,Cloudflare,Senior Solutions Engineer - Madrid based,Solution Engineering,Hybrid,demand_validated,senior,0,0,0,,,https://boards.greenhouse.io/cloudflare/jobs/8071586?gh_jid=8071586
2026-08-18,NET,Cloudflare,Senior Strategic Solutions Engineer,Solution Engineering,Distributed,demand_validated,senior,0,0,0,,,https://boards.greenhouse.io/cloudflare/jobs/7967144?gh_jid=7967144
2026-08-18,NET,Cloudflare,Senior Systems Engineer,Engineering,In-Office,product_eng,senior,0,0,0,,,https://boards.greenhouse.io/cloudflare/jobs/8066589?gh_jid=8066589
2026-08-18,NET,Cloudflare,Senior Systems Engineer,Production Engineering,Hybrid,product_eng,senior,0,0,0,,211000,https://boards.greenhouse.io/cloudflare/jobs/8087792?gh_jid=8087792
2026-08-18,NET,Cloudflare,"Senior Systems Engineer, AI Gateway",Emerging Technology and Incubation,In-Office,product_eng,senior,1,10,1,application|data_ml_ops|general_medium,194000,https://boards.greenhouse.io/cloudflare/jobs/7560174?gh_jid=7560174
2026-08-18,NET,Cloudflare,"Senior Systems Engineer, Cloudflare Data Platform",Emerging Technology and Incubation,In-Office,product_eng,senior,0,0,0,,219500,https://boards.greenhouse.io/cloudflare/jobs/8030240?gh_jid=8030240
2026-08-18,NET,Cloudflare,"Senior Systems Engineer, Cloudflare Tunnel",Engineering,Hybrid,product_eng,senior,0,0,0,,,https://boards.greenhouse.io/cloudflare/jobs/8079117?gh_jid=8079117
2026-08-18,NET,Cloudflare,Senior Systems Engineer - Go-To-Market Data Team,Developer Relations,Hybrid,product_eng,senior,0,0,0,,,https://boards.greenhouse.io/cloudflare/jobs/8082544?gh_jid=8082544
2026-08-18,NET,Cloudflare,"Senior Systems Engineer, Identity & Access Management",Engineering,Hybrid,product_eng,senior,0,0,0,,,https://boards.greenhouse.io/cloudflare/jobs/8104955?gh_jid=8104955
2026-08-18,NET,Cloudflare,"Senior Systems Engineer, Pipelines",Emerging Technology and Incubation,In-Office,product_eng,senior,0,0,0,,219500,https://boards.greenhouse.io/cloudflare/jobs/7093840?gh_jid=7093840
2026-08-18,NET,Cloudflare,"Senior Systems Engineer, Workers AI",Emerging Technology and Incubation,In-Office,product_eng,senior,1,11,1,application|general_medium|model_infra,,https://boards.greenhouse.io/cloudflare/jobs/7764827?gh_jid=7764827
2026-08-18,NET,Cloudflare,"Senior Systems Engineer, Workers Runtime",Emerging Technology and Incubation,In-Office,product_eng,senior,0,0,0,,,https://boards.greenhouse.io/cloudflare/jobs/8110157?gh_jid=8110157
2026-08-18,NET,Cloudflare,Senior Talent Acquisition Business Partner - French Speaking,People & Places,Hybrid,other,senior,0,7,1,application|buzz,,https://boards.greenhouse.io/cloudflare/jobs/8107174?gh_jid=8107174
2026-08-18,NET,Cloudflare,"Senior Technical Account Manager (Austin, Seattle, Denver)",Customer Support,Hybrid,demand_validated,senior,0,1,0,buzz,136000,https://boards.greenhouse.io/cloudflare/jobs/8030327?gh_jid=8030327
2026-08-18,NET,Cloudflare,"Senior Territory Account Executive, Digital Native (Hong Kong)",Mid Market,Hybrid,demand_validated,senior,0,0,0,,,https://boards.greenhouse.io/cloudflare/jobs/7830335?gh_jid=7830335
2026-08-18,NET,Cloudflare,"Senior Territory Account Executive, Egypt",Mid Market,Hybrid,demand_validated,senior,0,0,0,,,https://boards.greenhouse.io/cloudflare/jobs/7481407?gh_jid=7481407
2026-08-18,NET,Cloudflare,"Senior Territory Account Executive, Gaming (South China)",Mid Market,Hybrid,demand_validated,senior,0,0,0,,,https://boards.greenhouse.io/cloudflare/jobs/8101702?gh_jid=8101702
2026-08-18,NET,Cloudflare,Senior Territory Account Executive - iGaming (ASEAN),Mid Market,Hybrid,demand_validated,senior,0,0,0,,,https://boards.greenhouse.io/cloudflare/jobs/8042843?gh_jid=8042843
2026-08-18,NET,Cloudflare,"Senior Territory Account Executive, Korea",Mid Market,Hybrid,demand_validated,senior,0,0,0,,,https://boards.greenhouse.io/cloudflare/jobs/8027747?gh_jid=8027747
2026-08-18,NET,Cloudflare,Senior Territory Account Executive - North China ,Mid Market,Hybrid,demand_validated,senior,0,0,0,,,https://boards.greenhouse.io/cloudflare/jobs/8012884?gh_jid=8012884
2026-08-18,NET,Cloudflare,Senior Territory Account Executive (NY),Mid Market,Hybrid,demand_validated,senior,0,0,0,,277500,https://boards.greenhouse.io/cloudflare/jobs/7782141?gh_jid=7782141
2026-08-18,NET,Cloudflare,Senior Territory Account Executive- OH,Mid Market,Hybrid,demand_validated,senior,0,0,0,,,https://boards.greenhouse.io/cloudflare/jobs/8109303?gh_jid=8109303
2026-08-18,NET,Cloudflare,Senior Territory Account Executive - South China ,Mid Market,Hybrid,demand_validated,senior,0,0,0,,,https://boards.greenhouse.io/cloudflare/jobs/8012942?gh_jid=8012942
2026-08-18,NET,Cloudflare,"Senior Territory Account Executive, South China ",Mid Market,Distributed,demand_validated,senior,0,0,0,,,https://boards.greenhouse.io/cloudflare/jobs/8129566?gh_jid=8129566
2026-08-18,NET,Cloudflare,"Senior Territory Account Executive, Turkey",Mid Market,Hybrid,demand_validated,senior,0,0,0,,,https://boards.greenhouse.io/cloudflare/jobs/8081315?gh_jid=8081315
2026-08-18,NET,Cloudflare,Senior Video & Motion Producer,Developer Relations,In-Office,other,senior,0,0,0,,170000,https://boards.greenhouse.io/cloudflare/jobs/8084212?gh_jid=8084212
2026-08-18,NET,Cloudflare,Software Engineer-,Infrastructure,Hybrid,product_eng,mid,0,3,1,application,,https://boards.greenhouse.io/cloudflare/jobs/8125865?gh_jid=8125865
2026-08-18,NET,Cloudflare,"Software Engineer, AI Agents",Engineering,In-Office,product_eng,mid,1,6,1,application,,https://boards.greenhouse.io/cloudflare/jobs/7831810?gh_jid=7831810
2026-08-18,NET,Cloudflare,"Software Engineer, Cloudflare Network Interconnect",Infrastructure,Hybrid,product_eng,mid,0,0,0,,,https://boards.greenhouse.io/cloudflare/jobs/8088751?gh_jid=8088751
2026-08-18,NET,Cloudflare,Software Engineer Intern (Fall 2026),University,In-Office,product_eng,intern,0,0,0,,,https://boards.greenhouse.io/cloudflare/jobs/8118845?gh_jid=8118845
2026-08-18,NET,Cloudflare,"Software Engineer Intern (Fall 2026) - Austin, TX",University,In-Office,product_eng,intern,0,0,0,,,https://boards.greenhouse.io/cloudflare/jobs/8052785?gh_jid=8052785
2026-08-18,NET,Cloudflare,"Software Engineer, Network Firewall",Engineering,Hybrid,product_eng,mid,0,0,0,,,https://boards.greenhouse.io/cloudflare/jobs/8106815?gh_jid=8106815
2026-08-18,NET,Cloudflare,"Software Engineer, Network Performance & Reliability",Engineering,Hybrid,product_eng,mid,0,1,0,buzz,,https://boards.greenhouse.io/cloudflare/jobs/7446310?gh_jid=7446310
2026-08-18,NET,Cloudflare,Software Engineer - Network Platforms,Engineering,Hybrid,product_eng,mid,0,0,0,,,https://boards.greenhouse.io/cloudflare/jobs/7541032?gh_jid=7541032
2026-08-18,NET,Cloudflare,"Software Engineer, Realtime",Emerging Technology and Incubation,Hybrid,product_eng,mid,0,0,0,,150000,https://boards.greenhouse.io/cloudflare/jobs/7887609?gh_jid=7887609
2026-08-18,NET,Cloudflare,"Software Engineer, Workers Deploy & Config",Emerging Technology and Incubation,In-Office,product_eng,mid,0,0,0,,178000,https://boards.greenhouse.io/cloudflare/jobs/7377424?gh_jid=7377424
2026-08-18,NET,Cloudflare,"Solutions Engineer, Benelux",Solution Engineering,Hybrid,demand_validated,mid,0,0,0,,,https://boards.greenhouse.io/cloudflare/jobs/7742347?gh_jid=7742347
2026-08-18,NET,Cloudflare,"Solutions Engineer, Central & Eastern Europe - Hebrew Speaking",Solution Engineering,Hybrid,demand_validated,mid,0,0,0,,,https://boards.greenhouse.io/cloudflare/jobs/7978788?gh_jid=7978788
2026-08-18,NET,Cloudflare,"Solutions Engineering Manager, Iberia & Italy",Solution Engineering,Hybrid,demand_validated,mid,0,8,1,application|data_ml_ops,,https://boards.greenhouse.io/cloudflare/jobs/8098311?gh_jid=8098311
2026-08-18,NET,Cloudflare,"Solutions Engineer, Nordics",Solution Engineering,Hybrid,demand_validated,mid,0,0,0,,,https://boards.greenhouse.io/cloudflare/jobs/7610071?gh_jid=7610071
2026-08-18,NET,Cloudflare,Sr. Technical Program Manager - Security (Enterprise Identity & Access),Security,Hybrid,other,senior,0,3,1,application,,https://boards.greenhouse.io/cloudflare/jobs/8021873?gh_jid=8021873
2026-08-18,NET,Cloudflare,Staff/Principal Software Engineer - Security Platform,Engineering,Distributed; Hybrid,product_eng,staff_principal,0,0,0,,,https://boards.greenhouse.io/cloudflare/jobs/7053411?gh_jid=7053411
2026-08-18,NET,Cloudflare,Statutory Manager,Accounting and Finance,In-Office,other,mid,0,0,0,,,https://boards.greenhouse.io/cloudflare/jobs/8098922?gh_jid=8098922
2026-08-18,NET,Cloudflare,"System Engineer, Cloudflare Hyperdrive",Emerging Technology and Incubation,In-Office,product_eng,mid,0,0,0,,178000,https://boards.greenhouse.io/cloudflare/jobs/8016162?gh_jid=8016162
2026-08-18,NET,Cloudflare,Systems Engineer (Data Intelligence & Analytics Team),Business Intelligence,In-Office,product_eng,mid,0,0,0,,,https://boards.greenhouse.io/cloudflare/jobs/8022909?gh_jid=8022909
2026-08-18,NET,Cloudflare,"Systems Engineer, Data Intelligence & Analytics Team",Business Intelligence,In-Office,product_eng,mid,0,0,0,,,https://boards.greenhouse.io/cloudflare/jobs/8050813?gh_jid=8050813
2026-08-18,NET,Cloudflare,"Systems Engineer, Edge",Infrastructure,In-Office,product_eng,mid,0,0,0,,,https://boards.greenhouse.io/cloudflare/jobs/7068271?gh_jid=7068271
2026-08-18,NET,Cloudflare,Systems Engineer - Global Resource Management (Data Residency),Engineering,Hybrid,product_eng,mid,0,0,0,,,https://boards.greenhouse.io/cloudflare/jobs/8015230?gh_jid=8015230
2026-08-18,NET,Cloudflare,"Systems Engineer, Product Platform Tools",Engineering,"Austin, TX, United States",product_eng,mid,0,0,0,,,https://boards.greenhouse.io/cloudflare/jobs/8089031?gh_jid=8089031
2026-08-18,NET,Cloudflare,"Systems Engineer, Spectrum",Engineering,Hybrid,product_eng,mid,0,0,0,,,https://boards.greenhouse.io/cloudflare/jobs/8094826?gh_jid=8094826
2026-08-18,NET,Cloudflare,Tax Analyst,Accounting and Finance,Hybrid,other,mid,0,0,0,,,https://boards.greenhouse.io/cloudflare/jobs/8064514?gh_jid=8064514
2026-08-18,NET,Cloudflare,Technical Account Manager,Customer Support,Hybrid,demand_validated,mid,0,1,0,buzz,,https://boards.greenhouse.io/cloudflare/jobs/8081039?gh_jid=8081039
2026-08-18,NET,Cloudflare,Territory Account Executive,Mid Market,Hybrid,demand_validated,mid,0,0,0,,,https://boards.greenhouse.io/cloudflare/jobs/8109271?gh_jid=8109271
2026-08-18,NET,Cloudflare,Territory Account Executive   ,Mid Market,Hybrid,demand_validated,mid,0,0,0,,,https://boards.greenhouse.io/cloudflare/jobs/6528593?gh_jid=6528593
2026-08-18,NET,Cloudflare,Territory Account Executive (Based in Melbourne),Mid Market,Hybrid,demand_validated,mid,0,0,0,,,https://boards.greenhouse.io/cloudflare/jobs/8110442?gh_jid=8110442
2026-08-18,NET,Cloudflare,"Territory Account Executive, Central Canada",Mid Market,Distributed,demand_validated,mid,0,0,0,,,https://boards.greenhouse.io/cloudflare/jobs/7804941?gh_jid=7804941
2026-08-18,NET,Cloudflare,"Territory Account Executive, Digital Native (Indonesia)",Mid Market,Hybrid,demand_validated,mid,0,0,0,,,https://boards.greenhouse.io/cloudflare/jobs/7975812?gh_jid=7975812
2026-08-18,NET,Cloudflare,"Territory Account Executive, iGaming (Thailand)",Mid Market,Hybrid,demand_validated,mid,0,0,0,,,https://boards.greenhouse.io/cloudflare/jobs/7962217?gh_jid=7962217
2026-08-18,NET,Cloudflare,"Territory Account Executive, Singapore & Malaysia",Mid Market,Hybrid,demand_validated,mid,0,0,0,,,https://boards.greenhouse.io/cloudflare/jobs/8093310?gh_jid=8093310
2026-08-18,NET,Cloudflare,"Territory Sales Director, NYC",Mid Market,Hybrid,nontech,director,0,0,0,,361000,https://boards.greenhouse.io/cloudflare/jobs/7926198?gh_jid=7926198
2026-08-18,NET,Cloudflare,"Threat Intelligence Software Engineer, Cloudforce One",Security,Hybrid,product_eng,mid,0,3,1,application,,https://boards.greenhouse.io/cloudflare/jobs/7309174?gh_jid=7309174
2026-08-18,NET,Cloudflare,"Vice President, Internal Audit",Accounting and Finance,Hybrid,other,intern,0,3,1,application,337500,https://boards.greenhouse.io/cloudflare/jobs/8080851?gh_jid=8080851
2026-08-18,NET,Cloudflare,VoidZero Engineer,Emerging Technology and Incubation,Hybrid,product_eng,mid,0,0,0,,,https://boards.greenhouse.io/cloudflare/jobs/8114069?gh_jid=8114069
2026-08-18,NET,Cloudflare,Vulnerability Management Engineer,Security,Hybrid,product_eng,mid,0,8,1,application|buzz,,https://boards.greenhouse.io/cloudflare/jobs/7579269?gh_jid=7579269
2026-08-18,OKTA,Okta,Account Executive Auth0,Corporate Sales-330,"Madrid, Spain",demand_validated,mid,0,0,0,,,https://www.okta.com/company/careers/opportunity/8079108?gh_jid=8079108
2026-08-18,OKTA,Okta,"Account Executive, Auth0",Enterprise Sales-340,"Tokyo, Japan",demand_validated,mid,0,0,0,,,https://www.okta.com/company/careers/opportunity/7439531?gh_jid=7439531
2026-08-18,OKTA,Okta,Account Executive Large Enterprise - DACH,Enterprise Sales-340,Germany,demand_validated,mid,0,0,0,,200000,https://www.okta.com/company/careers/opportunity/7899469?gh_jid=7899469
2026-08-18,OKTA,Okta,Account Executive Large Enterprise Public Sector,Enterprise Sales-340,"London, United Kingdom",demand_validated,mid,0,0,0,,,https://www.okta.com/company/careers/opportunity/8093704?gh_jid=8093704
2026-08-18,OKTA,Okta,"Account Executive, Okta",Enterprise Sales-340,"Tokyo, Japan",demand_validated,mid,0,0,0,,,https://www.okta.com/company/careers/opportunity/8079078?gh_jid=8079078
2026-08-18,OKTA,Okta,"Area Sales Director, Strategic",Strategic Accounts-315,"Connecticut; New Jersey; New York, New York",nontech,director,0,0,0,,446500,https://www.okta.com/company/careers/opportunity/8020585?gh_jid=8020585
2026-08-18,OKTA,Okta,"Area Sales Director, Strategic Sales ( California)",Strategic Accounts-315,"Los Angeles, California; San Francisco, California",nontech,director,0,0,0,,446500,https://www.okta.com/company/careers/opportunity/8119188?gh_jid=8119188
2026-08-18,OKTA,Okta,"Area Vice President, Strategic Sales",Strategic Accounts-315,"Connecticut; Massachusetts; New York, New York; Pennsylvania; Washington, DC",nontech,exec,0,0,0,,506500,https://www.okta.com/company/careers/opportunity/7774234?gh_jid=7774234
2026-08-18,OKTA,Okta,Brand Designer,Brand & Creative-493,"Bellevue, Washington; Chicago, Illinois; San Francisco, California; Toronto, Ontario, Canada",product_eng,mid,0,3,1,application,155450,https://www.okta.com/company/careers/opportunity/7821640?gh_jid=7821640
2026-08-18,OKTA,Okta,Business Analyst ,Professional Services-720,"Chicago, Illinois",other,mid,0,0,0,,210000,https://www.okta.com/company/careers/opportunity/8097799?gh_jid=8097799
2026-08-18,OKTA,Okta,"Business Development Representative, Bellevue",Sales Development-310,"Bellevue, Washington",other,mid,0,0,0,,71998,https://www.okta.com/company/careers/opportunity/5168141?gh_jid=5168141
2026-08-18,OKTA,Okta,"Business Development Representative, Central",Sales Development-310,"Chicago, Illinois",other,mid,0,0,0,,71998,https://www.okta.com/company/careers/opportunity/7008575?gh_jid=7008575
2026-08-18,OKTA,Okta,"Business Development Representative, East",Sales Development-310,"Washington, DC",other,mid,0,0,0,,71998,https://www.okta.com/company/careers/opportunity/7013535?gh_jid=7013535
2026-08-18,OKTA,Okta,"Business Development Representative, West",Sales Development-310,"San Francisco, California",other,mid,0,0,0,,71998,https://www.okta.com/company/careers/opportunity/7008470?gh_jid=7008470
2026-08-18,OKTA,Okta,Category Manager - Technology Sourcing,Accounting Operations-121,"Bengaluru, India",other,mid,0,0,0,,,https://www.okta.com/company/careers/opportunity/8078681?gh_jid=8078681
2026-08-18,OKTA,Okta,Chief of Staff to the CPO,Global People-130,"San Francisco, California",other,exec,0,0,0,,234000,https://www.okta.com/company/careers/opportunity/8068504?gh_jid=8068504
2026-08-18,OKTA,Okta,"Cloud Infrastructure Architect, Okta Federal",BT Engineering Services-779,"Washington, DC",product_eng,mid,0,13,1,application|general_medium|model_infra,290000,https://www.okta.com/company/careers/opportunity/8004104?gh_jid=8004104
2026-08-18,OKTA,Okta,"Cloud & ISV Alliances Manager – WEMEA, Benelux & Nordics ",Regional Alliances & GSI-128,"Dublin, Ireland; London, United Kingdom",other,mid,0,0,0,,,https://www.okta.com/company/careers/opportunity/8099061?gh_jid=8099061
2026-08-18,OKTA,Okta,Commercial Renewals Manager,Renewals-360,"Manila, Philippines",other,mid,0,0,0,,,https://www.okta.com/company/careers/opportunity/8110717?gh_jid=8110717
2026-08-18,OKTA,Okta,Commercial Renewals Manager ,Renewals-360,"Chicago, Illinois; Washington, DC",other,mid,0,3,1,application,152500,https://www.okta.com/company/careers/opportunity/8065056?gh_jid=8065056
2026-08-18,OKTA,Okta,Community Content Strategist ,Customer First Enablement-116,"Toronto, Ontario, Canada",other,mid,0,7,1,application|buzz,100800,https://www.okta.com/company/careers/opportunity/8003734?gh_jid=8003734
2026-08-18,OKTA,Okta,Contingent Workforce Operations Specialist ,Total Rewards-132,"Bengaluru, India",nontech,mid,0,0,0,,,https://www.okta.com/company/careers/opportunity/7733895?gh_jid=7733895
2026-08-18,OKTA,Okta,"Corporate Counsel, Public Sector and Regulated Offerings",Legal-170,"New York, New York; Washington, DC",nontech,mid,0,0,0,,214000,https://www.okta.com/company/careers/opportunity/8088417?gh_jid=8088417
2026-08-18,OKTA,Okta,"Creative Director, Demand Gen",Brand & Creative-493,"San Francisco, California",other,director,0,0,0,,260000,https://www.okta.com/company/careers/opportunity/8067534?gh_jid=8067534
2026-08-18,OKTA,Okta,Customer Acceleration Product Manager ,Customer First Enablement-116,"Bellevue, Washington; Chicago, Illinois",product_eng,mid,0,0,0,,124000,https://www.okta.com/company/careers/opportunity/8128848?gh_jid=8128848
2026-08-18,OKTA,Okta,Customer First GEO Content Specialist,Customer Acceleration-731,"Toronto, Ontario, Canada",other,mid,0,12,1,application,86550,https://www.okta.com/company/careers/opportunity/8036149?gh_jid=8036149
2026-08-18,OKTA,Okta,Customer Success Operations Manager,Business Operations-150,"Toronto, Ontario, Canada",demand_validated,mid,0,0,0,,133000,https://www.okta.com/company/careers/opportunity/8070157?gh_jid=8070157
2026-08-18,OKTA,Okta,"Customer Success Operations Manager, EMEA",Business Operations-150,"Dublin, Ireland",demand_validated,mid,0,0,0,,,https://www.okta.com/company/careers/opportunity/8048254?gh_jid=8048254
2026-08-18,OKTA,Okta,Developer Platform Partnership Marketing Manager ,Self Service-393,"San Francisco, California",product_eng,mid,0,0,0,,142500,https://www.okta.com/company/careers/opportunity/8072698?gh_jid=8072698
2026-08-18,OKTA,Okta,Digital Design Lead,Brand & Creative-493,"Bellevue, Washington; Chicago, Illinois; San Francisco, California; Toronto, Ontario, Canada",other,senior,0,0,0,,155450,https://www.okta.com/company/careers/opportunity/8098282?gh_jid=8098282
2026-08-18,OKTA,Okta,Digital Media Senior Specialist,Digital Media-415,"Tokyo, Japan",other,senior,0,4,1,application|buzz,,https://www.okta.com/company/careers/opportunity/8098292?gh_jid=8098292
2026-08-18,OKTA,Okta,"Director, Commercial Strategy & Buying Programs",Business Planning-550,"Bellevue, Washington; San Francisco, California",other,director,0,0,0,,254000,https://www.okta.com/company/careers/opportunity/8031522?gh_jid=8031522
2026-08-18,OKTA,Okta,"Director, Corporate Counsel - Privacy",Legal-170,"Bellevue, Washington; Chicago, Illinois; New York, New York; Washington, DC",nontech,director,0,0,0,,285000,https://www.okta.com/company/careers/opportunity/8050798?gh_jid=8050798
2026-08-18,OKTA,Okta,"Director, Engineering - Okta Integration Network ",SW Eng - Applications-674,"San Francisco, California",product_eng,director,0,0,0,,326500,https://www.okta.com/company/careers/opportunity/8013137?gh_jid=8013137
2026-08-18,OKTA,Okta,Director GSI EMEA,Regional Alliances & GSI-128,"London, United Kingdom",other,director,0,0,0,,,https://www.okta.com/company/careers/opportunity/8088065?gh_jid=8088065
2026-08-18,OKTA,Okta,"Director, Marketing Analytics",Business Operations-150,"Bellevue, Washington; Chicago, Illinois; San Francisco, California",nontech,director,0,0,0,,272000,https://www.okta.com/company/careers/opportunity/8089409?gh_jid=8089409
2026-08-18,OKTA,Okta,"Director, Product Management - Integrations",Product Management-810,"Bengaluru, India",other,director,0,0,0,,,https://www.okta.com/company/careers/opportunity/8022237?gh_jid=8022237
2026-08-18,OKTA,Okta,"Director, Product Management - Platform & Shared Services",Product Management-810,"San Francisco, California; Seattle, Washington",other,director,0,3,1,application,292500,https://www.okta.com/company/careers/opportunity/8107045?gh_jid=8107045
2026-08-18,OKTA,Okta,"Director, Sales Development, Japan",Sales Development-310,"Tokyo, Japan",nontech,director,0,0,0,,,https://www.okta.com/company/careers/opportunity/8080906?gh_jid=8080906
2026-08-18,OKTA,Okta,"Director, Strategic Delivery ",Professional Services-720,"Bellevue, Washington; Chicago, Illinois; Massachusetts; New York, New York; San Francisco, California; Washington, DC",other,director,0,1,0,buzz,199500,https://www.okta.com/company/careers/opportunity/7990767?gh_jid=7990767
2026-08-18,OKTA,Okta,"Director, Technical Product Marketing ",Product Marketing-530,"Bellevue, Washington; Chicago, Illinois; San Francisco, California; Toronto, Ontario, Canada",nontech,director,0,7,1,application|buzz,264000,https://www.okta.com/company/careers/opportunity/7997345?gh_jid=7997345
2026-08-18,OKTA,Okta,Documentation Tools Manager,CIAM Customer Support-745,"Bengaluru, India",other,mid,0,0,0,,,https://www.okta.com/company/careers/opportunity/8036390?gh_jid=8036390
2026-08-18,OKTA,Okta,Emerging Account Executive - UKI,Emerging Sales-350,"Dublin, Ireland",demand_validated,mid,0,0,0,,,https://www.okta.com/company/careers/opportunity/8095712?gh_jid=8095712
2026-08-18,OKTA,Okta,"Engineering Architect, Application (Auth0)",Software Architecture-678,"San Francisco, California",product_eng,mid,0,6,1,application,322000,https://www.okta.com/company/careers/opportunity/7128746?gh_jid=7128746
2026-08-18,OKTA,Okta,Engineering Architect  - DX/AX/UX,Software Architecture-678,"Bengaluru, India",product_eng,mid,0,9,1,application,,https://www.okta.com/company/careers/opportunity/7783603?gh_jid=7783603
2026-08-18,OKTA,Okta,"Engineering Manager, Performance & Resilience (Auth0)",Engineering Quality-630,"Toronto, Ontario, Canada",product_eng,mid,0,0,0,,173650,https://www.okta.com/company/careers/opportunity/7991116?gh_jid=7991116
2026-08-18,OKTA,Okta,Engineering Manager - Platform Migration Services (Auth0),SW Eng - Infrastructure-672,"Bengaluru, India",product_eng,mid,0,0,0,,,https://www.okta.com/company/careers/opportunity/7606225?gh_jid=7606225
2026-08-18,OKTA,Okta,Enterprise Account Executive,Enterprise Sales-340,"Sydney, Australia",demand_validated,mid,0,0,0,,,https://www.okta.com/company/careers/opportunity/8102472?gh_jid=8102472
2026-08-18,OKTA,Okta,Enterprise Account Executive,Enterprise Sales-340,Tennessee,demand_validated,mid,0,0,0,,309000,https://www.okta.com/company/careers/opportunity/8022189?gh_jid=8022189
2026-08-18,OKTA,Okta,"Enterprise Account Executive (Alabama, Mississippi)",Enterprise Sales-340,Alabama; Mississippi,demand_validated,mid,0,0,0,,309000,https://www.okta.com/company/careers/opportunity/7789100?gh_jid=7789100
2026-08-18,OKTA,Okta,Enterprise Account Executive - Auth0,Enterprise Sales-340,"London, United Kingdom",demand_validated,mid,0,0,0,,,https://www.okta.com/company/careers/opportunity/8059294?gh_jid=8059294
2026-08-18,OKTA,Okta,"Enterprise Account Executive, Auth0",Enterprise Sales-340,"New York, New York",demand_validated,mid,0,0,0,,309000,https://www.okta.com/company/careers/opportunity/8007650?gh_jid=8007650
2026-08-18,OKTA,Okta,"Enterprise Account Executive, Auth0",Enterprise Sales-340,"Vancouver, Canada",demand_validated,mid,0,0,0,,337500,https://www.okta.com/company/careers/opportunity/7904978?gh_jid=7904978
2026-08-18,OKTA,Okta,"Enterprise Account Executive, Brazil ",Enterprise Sales-340,"São Paulo, Brazil",demand_validated,mid,0,0,0,,,https://www.okta.com/company/careers/opportunity/7555117?gh_jid=7555117
2026-08-18,OKTA,Okta,"Enterprise Account Executive, Okta - UKI",Corporate Sales-330,"London, United Kingdom",demand_validated,mid,0,0,0,,,https://www.okta.com/company/careers/opportunity/8018533?gh_jid=8018533
2026-08-18,OKTA,Okta,"Enterprise Architect, Finance & Legal Systems",BT People Legal and Finance Technology-155,"Bellevue, Washington; Chicago, Illinois; San Francisco, California",product_eng,mid,0,14,1,application|buzz|general_medium,267250,https://www.okta.com/company/careers/opportunity/7442186?gh_jid=7442186
2026-08-18,OKTA,Okta,Executive Assistant,SW Eng - Core Identity-670,"Bengaluru, India",other,mid,0,0,0,,,https://www.okta.com/company/careers/opportunity/7988811?gh_jid=7988811
2026-08-18,OKTA,Okta,Executive Briefing Program Manager,Demand Gen-420,"San Francisco, California",other,mid,0,0,0,,163500,https://www.okta.com/company/careers/opportunity/8080748?gh_jid=8080748
2026-08-18,OKTA,Okta,Federal Sales Manager - Civilian,Public Sector-325,"Washington, DC",nontech,mid,0,0,0,,342000,https://www.okta.com/company/careers/opportunity/8077517?gh_jid=8077517
2026-08-18,OKTA,Okta,Field Marketing Specialist,Demand Gen-420,"Tokyo, Japan",nontech,mid,0,0,0,,,https://www.okta.com/company/careers/opportunity/8129579?gh_jid=8129579
2026-08-18,OKTA,Okta,"Field Marketing Specialist, Key & Strategic Accounts",Demand Gen-420,"Bellevue, Washington; Chicago, Illinois; Toronto, Ontario, Canada",nontech,mid,0,1,0,buzz,89500,https://www.okta.com/company/careers/opportunity/8106844?gh_jid=8106844
2026-08-18,OKTA,Okta,"Finance Manager, Products & Technology",FP&A-125,"San Francisco, California",nontech,mid,0,0,0,,162500,https://www.okta.com/company/careers/opportunity/7982838?gh_jid=7982838
2026-08-18,OKTA,Okta,"Finance Manager, Technology FP&A",FP&A-125,"San Francisco, California",nontech,mid,0,0,0,,162500,https://www.okta.com/company/careers/opportunity/8075386?gh_jid=8075386
2026-08-18,OKTA,Okta,Fullstack Staff Software Engineer - PAM,SW Eng - Applications-674,"Bengaluru, India",product_eng,staff_principal,0,3,1,application,,https://www.okta.com/company/careers/opportunity/8064490?gh_jid=8064490
2026-08-18,OKTA,Okta,Global Alliance Director- PwC ,Regional Alliances & GSI-128,"Chicago, Illinois; San Francisco, California; Washington, DC",other,director,0,0,0,,375000,https://www.okta.com/company/careers/opportunity/8122478?gh_jid=8122478
2026-08-18,OKTA,Okta,Globalization Tech Lead,Web Marketing-465,"Bellevue, Washington; Chicago, Illinois; Toronto, Ontario, Canada",other,senior,0,9,1,application,147750,https://www.okta.com/company/careers/opportunity/8093199?gh_jid=8093199
2026-08-18,OKTA,Okta,Global Paid Search Marketing Manager,Digital Media-415,"Bellevue, Washington; Chicago, Illinois; Toronto, Ontario, Canada",nontech,mid,0,1,0,buzz,147750,https://www.okta.com/company/careers/opportunity/8099186?gh_jid=8099186
2026-08-18,OKTA,Okta,Global Tax Manager ,Tax & Treasury-157,"San Francisco, California",other,mid,0,1,0,buzz,162450,https://www.okta.com/company/careers/opportunity/8072078?gh_jid=8072078
2026-08-18,OKTA,Okta,Head of Marketing APJ,Demand Gen-420,Singapore,nontech,exec,0,1,0,buzz,,https://www.okta.com/company/careers/opportunity/8001982?gh_jid=8001982
2026-08-18,OKTA,Okta,Head of Recruiting Operations,Recruiting-180,"San Francisco, California",nontech,exec,0,0,0,,203000,https://www.okta.com/company/careers/opportunity/7838837?gh_jid=7838837
2026-08-18,OKTA,Okta, IT Automation and AI Engineer ,BT Workplace Technology-140,"Bengaluru, India",product_eng,mid,1,18,1,application,,https://www.okta.com/company/careers/opportunity/8132173?gh_jid=8132173
2026-08-18,OKTA,Okta,"Java Full Stack Engineer, Staff",SW Eng - Applications-674,"Bengaluru, India",product_eng,staff_principal,0,0,0,,,https://www.okta.com/company/careers/opportunity/7831195?gh_jid=7831195
2026-08-18,OKTA,Okta,Large Enterprise Account Executive Auth0,Enterprise Sales-340,Germany,demand_validated,mid,0,0,0,,,https://www.okta.com/company/careers/opportunity/8095974?gh_jid=8095974
2026-08-18,OKTA,Okta,Large Enterprise Account Executive Okta,Enterprise Sales-340,"London, United Kingdom",demand_validated,mid,0,0,0,,,https://www.okta.com/company/careers/opportunity/7941715?gh_jid=7941715
2026-08-18,OKTA,Okta,"Manager, Commissions Operations",CAO Org-120,"Bengaluru, India",nontech,mid,0,0,0,,,https://www.okta.com/company/careers/opportunity/8028333?gh_jid=8028333
2026-08-18,OKTA,Okta,"Manager, Customer First Operations, APJ",Business Operations-150,"Bengaluru, India",nontech,mid,0,0,0,,,https://www.okta.com/company/careers/opportunity/8064186?gh_jid=8064186
2026-08-18,OKTA,Okta,"Manager, Engineering",SW Eng - Core Identity-670,"Bengaluru, India",product_eng,mid,0,0,0,,,https://www.okta.com/company/careers/opportunity/8071500?gh_jid=8071500
2026-08-18,OKTA,Okta,"Manager, Engineering",SW Eng - Core Identity-670,"Bengaluru, India",product_eng,mid,0,0,0,,,https://www.okta.com/company/careers/opportunity/8124367?gh_jid=8124367
2026-08-18,OKTA,Okta,"Manager,  Engineering Access Requests Team",SW Eng - Applications-674,"San Francisco, California",product_eng,mid,0,0,0,,242250,https://www.okta.com/company/careers/opportunity/8107083?gh_jid=8107083
2026-08-18,OKTA,Okta,"Manager, Engineering - Device Identity and Access",SW Eng - Core Identity-670,"Bengaluru, India",product_eng,mid,0,0,0,,,https://www.okta.com/company/careers/opportunity/8007062?gh_jid=8007062
2026-08-18,OKTA,Okta,"Manager, GTM AI & Revenue Intelligence",Business Operations-150,"Bellevue, Washington; Chicago, Illinois; New York, New York; San Francisco, California",other,mid,1,16,1,application|buzz,161000,https://www.okta.com/company/careers/opportunity/7862418?gh_jid=7862418
2026-08-18,OKTA,Okta,"Manager, Sales Development, Strategic",Sales Development-310,"San Francisco, California",nontech,mid,0,0,0,,175000,https://www.okta.com/company/careers/opportunity/8077649?gh_jid=8077649
2026-08-18,OKTA,Okta,"Manager, Scaled Customer Success",Customer Success Management-750,"Chicago, Illinois",demand_validated,mid,0,0,0,,190000,https://www.okta.com/company/careers/opportunity/8080578?gh_jid=8080578
2026-08-18,OKTA,Okta,Manager- Site Reliability Engineering,SW Eng - Infrastructure-672,"Bengaluru, India",product_eng,mid,0,0,0,,,https://www.okta.com/company/careers/opportunity/7845385?gh_jid=7845385
2026-08-18,OKTA,Okta,"Manager, Site Reliability Engineering",SW Eng - Infrastructure-672,"San Francisco, California",product_eng,mid,0,0,0,,255000,https://www.okta.com/company/careers/opportunity/7977080?gh_jid=7977080
2026-08-18,OKTA,Okta,"Manager, Technology Alliance Partners",Partnerships & Corp Dev-220,"Bellevue, Washington; Chicago, Illinois; New York, New York; San Francisco, California; Washington, DC",other,mid,0,0,0,,228500,https://www.okta.com/company/careers/opportunity/8022139?gh_jid=8022139
2026-08-18,OKTA,Okta,Mobile Architect ,SW Eng - Core Identity-670,"Bengaluru, India",product_eng,mid,0,0,0,,,https://www.okta.com/company/careers/opportunity/7613460?gh_jid=7613460
2026-08-18,OKTA,Okta,Okta on Okta Identity Architect,Sec - IAM-185,"Bellevue, Washington; Chicago, Illinois; New York, New York; San Francisco, California; Washington, DC",product_eng,mid,0,6,1,application,274000,https://www.okta.com/company/careers/opportunity/8055100?gh_jid=8055100
2026-08-18,OKTA,Okta,Okta on Okta Identity Architect,Sec - IAM-185,"Dublin, Ireland",product_eng,mid,0,6,1,application,,https://www.okta.com/company/careers/opportunity/8088268?gh_jid=8088268
2026-08-18,OKTA,Okta,Okta on Okta Principal Identity Engineer,Sec - IAM-185,"Brisbane, Australia; Canberra, Australia; Melbourne, Australia; Sydney, Australia",product_eng,staff_principal,0,3,1,application,,https://www.okta.com/company/careers/opportunity/8048078?gh_jid=8048078
2026-08-18,OKTA,Okta,Partner & Education Services Program Manager,Delivery Success-813,"Toronto, Ontario, Canada",other,mid,0,0,0,,103000,https://www.okta.com/company/careers/opportunity/7759383?gh_jid=7759383
2026-08-18,OKTA,Okta,Partner Marketing Manager - ANZ,Partner Marketing-122,"Sydney, Australia",nontech,mid,0,0,0,,,https://www.okta.com/company/careers/opportunity/8036362?gh_jid=8036362
2026-08-18,OKTA,Okta,Principal Applied AI/ML Scientist (Auth0 Lab),IAM Pulse-690,"Bellevue, Washington; Chicago, Illinois; New York, New York; San Francisco, California; Washington, DC",other,staff_principal,1,9,1,application|model_infra,310100,https://www.okta.com/company/careers/opportunity/8031281?gh_jid=8031281
2026-08-18,OKTA,Okta,Principal Applied AI/ML Scientist (Auth0 Lab),IAM Pulse-690,"Toronto, Ontario, Canada",other,staff_principal,1,9,1,application|model_infra,256500,https://www.okta.com/company/careers/opportunity/8031355?gh_jid=8031355
2026-08-18,OKTA,Okta,"Principal Classified Systems Architect, Okta Federal",BT Operations-165,"Washington, DC",product_eng,staff_principal,0,0,0,,266000,https://www.okta.com/company/careers/opportunity/7607491?gh_jid=7607491
2026-08-18,OKTA,Okta,Principal Data Platform Engineer (Bengaluru),Data & Insights-190,"Bengaluru, India",product_eng,staff_principal,0,1,0,buzz,,https://www.okta.com/company/careers/opportunity/7648974?gh_jid=7648974
2026-08-18,OKTA,Okta,Principal Developer Support Engineer - Builder Experience (BX),CIAM Customer Support-745,"Toronto, Ontario, Canada",product_eng,staff_principal,0,0,0,,166250,https://www.okta.com/company/careers/opportunity/8103955?gh_jid=8103955
2026-08-18,OKTA,Okta,Principal Forward Deployed Engineer,Okta for AI Agents-764,Singapore,demand_validated,staff_principal,0,9,1,application,,https://www.okta.com/company/careers/opportunity/7980649?gh_jid=7980649
2026-08-18,OKTA,Okta,Principal Forward Deployed Engineer,Okta for AI Agents-764,"London, United Kingdom",demand_validated,staff_principal,0,6,1,application,,https://www.okta.com/company/careers/opportunity/8004037?gh_jid=8004037
2026-08-18,OKTA,Okta,Principal Forward Deployed Engineer - Okta for AI Agents,Okta for AI Agents-764,"Bellevue, Washington; Chicago, Illinois; San Francisco, California; Toronto, Ontario, Canada",demand_validated,staff_principal,1,6,1,application,304500,https://www.okta.com/company/careers/opportunity/7961339?gh_jid=7961339
2026-08-18,OKTA,Okta,"Principal Group Product Manager, B2B (Auth0)",Product Management-810,"Bellevue, Washington; Chicago, Illinois; New York, New York; Washington, DC",product_eng,staff_principal,0,0,0,,230100,https://www.okta.com/company/careers/opportunity/8047795?gh_jid=8047795
2026-08-18,OKTA,Okta,"Principal Group Product Manager, B2B (Auth0)",Product Management-810,"Toronto, Ontario, Canada",product_eng,staff_principal,0,0,0,,205300,https://www.okta.com/company/careers/opportunity/8068101?gh_jid=8068101
2026-08-18,OKTA,Okta,"Principal Product Manager, Marketing Technology",BT Go To Market Technology-173,"Bengaluru, India",product_eng,staff_principal,0,15,1,application|buzz|general_medium,,https://www.okta.com/company/careers/opportunity/8015002?gh_jid=8015002
2026-08-18,OKTA,Okta,"Principal Program Manager, TDI",BT Workplace Technology-140,"San Francisco, California",other,staff_principal,0,6,1,application,223250,https://www.okta.com/company/careers/opportunity/8076030?gh_jid=8076030
2026-08-18,OKTA,Okta,Principal Site Reliability Engineer,Tech Ops-610,"Bengaluru, India",product_eng,staff_principal,0,3,1,application,,https://www.okta.com/company/careers/opportunity/8002576?gh_jid=8002576
2026-08-18,OKTA,Okta,Principal Software Engineer,SW Eng - Applications-674,"Toronto, Ontario, Canada",product_eng,staff_principal,0,0,0,,230000,https://www.okta.com/company/careers/opportunity/7993541?gh_jid=7993541
2026-08-18,OKTA,Okta,Principal Software Engineer,SW Eng - Infrastructure-672,"Bengaluru, India",product_eng,staff_principal,0,0,0,,,https://www.okta.com/company/careers/opportunity/7781674?gh_jid=7781674
2026-08-18,OKTA,Okta,Principal Software Engineer,SW Eng - Core Identity-670,"Bengaluru, India",product_eng,staff_principal,0,0,0,,,https://www.okta.com/company/careers/opportunity/7696955?gh_jid=7696955
2026-08-18,OKTA,Okta,Principal Software Engineer,SW Eng - Applications-674,"Bengaluru, India",product_eng,staff_principal,0,0,0,,,https://www.okta.com/company/careers/opportunity/8064188?gh_jid=8064188
2026-08-18,OKTA,Okta,Principal Software Engineer ,SW Eng - Core Identity-670,"Bengaluru, India",product_eng,staff_principal,0,0,0,,,https://www.okta.com/company/careers/opportunity/8071508?gh_jid=8071508
2026-08-18,OKTA,Okta,"Principal Software Engineer, AI Engineering",BT Engineering Services-779,"Bengaluru, India",product_eng,staff_principal,1,16,1,application|buzz,,https://www.okta.com/company/careers/opportunity/7741663?gh_jid=7741663
2026-08-18,OKTA,Okta,Principal Software Engineer - Backend,SW Eng - Core Identity-670,"Bengaluru, India",product_eng,staff_principal,0,0,0,,,https://www.okta.com/company/careers/opportunity/8007071?gh_jid=8007071
2026-08-18,OKTA,Okta,Principal Software Engineer - macOS,SW Eng - Core Identity-670,"Bengaluru, India",product_eng,staff_principal,0,0,0,,,https://www.okta.com/company/careers/opportunity/8007078?gh_jid=8007078
2026-08-18,OKTA,Okta,Principal Software Engineer - Windows,SW Eng - Core Identity-670,"Bengaluru, India",product_eng,staff_principal,0,0,0,,,https://www.okta.com/company/careers/opportunity/8007080?gh_jid=8007080
2026-08-18,OKTA,Okta,"Principal Technical Consultant, Okta ",Professional Services-720,"Washington, DC",other,staff_principal,0,0,0,,,https://www.okta.com/company/careers/opportunity/8011133?gh_jid=8011133
2026-08-18,OKTA,Okta,"Principal Technical Program Manager, Engineering",Eng Program Mgmt-615,"San Francisco, California; Washington, DC",product_eng,staff_principal,0,0,0,,236500,https://www.okta.com/company/careers/opportunity/8069537?gh_jid=8069537
2026-08-18,OKTA,Okta,Product Manager - Okta Device Access,Product Management-810,"Bellevue, Washington",product_eng,mid,0,0,0,,169000,https://www.okta.com/company/careers/opportunity/8072548?gh_jid=8072548
2026-08-18,OKTA,Okta,"Product Manager, Zero Trust Authentication",Product Management-810,"Toronto, Ontario, Canada",product_eng,mid,0,3,1,application,147500,https://www.okta.com/company/careers/opportunity/8072528?gh_jid=8072528
2026-08-18,OKTA,Okta,"Program Manager, Delivery Innovation and Strategic Programs ",Delivery Success-813,"Toronto, Ontario, Canada",other,mid,0,4,1,application|buzz,103000,https://www.okta.com/company/careers/opportunity/7759337?gh_jid=7759337
2026-08-18,OKTA,Okta,"Public Sector Account Executive, Okta",Strategic Accounts-315,"Melbourne, Australia",demand_validated,mid,0,3,1,application,,https://www.okta.com/company/careers/opportunity/7975472?gh_jid=7975472
2026-08-18,OKTA,Okta,Regional Alliance Partnership Manager,Regional Alliances & GSI-128,"Bengaluru, India",other,mid,0,0,0,,,https://www.okta.com/company/careers/opportunity/7897264?gh_jid=7897264
2026-08-18,OKTA,Okta,"Regional Sales Manager, Enterprise (Auth0)",Enterprise Sales-340,"Boston, Massachusetts; New Jersey; New York, New York",nontech,mid,0,0,0,,324000,https://www.okta.com/company/careers/opportunity/7466556?gh_jid=7466556
2026-08-18,OKTA,Okta,"Regional Sales Manager, Enterprise (Auth0)",Enterprise Sales-340,"Chicago, Illinois",nontech,mid,0,0,0,,342000,https://www.okta.com/company/careers/opportunity/7963925?gh_jid=7963925
2026-08-18,OKTA,Okta,Regional Sales Manager - Public Sector,Strategic Accounts-315,"Sydney, Australia",nontech,mid,0,0,0,,,https://www.okta.com/company/careers/opportunity/8095459?gh_jid=8095459
2026-08-18,OKTA,Okta,Regional Sales Manager - Public Sector,Strategic Accounts-315,"Melbourne, Australia",nontech,mid,0,0,0,,,https://www.okta.com/company/careers/opportunity/8095465?gh_jid=8095465
2026-08-18,OKTA,Okta,Regional Sales Manager - Public Sector,Strategic Accounts-315,"Canberra, Australia",nontech,mid,0,0,0,,,https://www.okta.com/company/careers/opportunity/8081048?gh_jid=8081048
2026-08-18,OKTA,Okta,Sales Commission Analyst,CAO Org-120,"Bengaluru, India",nontech,mid,0,0,0,,,https://www.okta.com/company/careers/opportunity/8066278?gh_jid=8066278
2026-08-18,OKTA,Okta,Sales Compensation Analyst,Business Operations-150,"Manila, Philippines",nontech,mid,0,0,0,,,https://www.okta.com/company/careers/opportunity/8110755?gh_jid=8110755
2026-08-18,OKTA,Okta,Sales Development Representative,Sales Development-310,"Sydney, Australia",nontech,mid,0,0,0,,,https://www.okta.com/company/careers/opportunity/7936541?gh_jid=7936541
2026-08-18,OKTA,Okta,Sales Development Representative,Sales Development-310,"Dublin, Ireland",nontech,mid,0,0,0,,,https://www.okta.com/company/careers/opportunity/8067420?gh_jid=8067420
2026-08-18,OKTA,Okta,"Sales Development Representative, Bellevue",Sales Development-310,"Bellevue, Washington",nontech,mid,0,0,0,,82011,https://www.okta.com/company/careers/opportunity/7013711?gh_jid=7013711
2026-08-18,OKTA,Okta,"Sales Development Representative, East",Sales Development-310,"Washington, DC",nontech,mid,0,0,0,,82011,https://www.okta.com/company/careers/opportunity/7013646?gh_jid=7013646
2026-08-18,OKTA,Okta,Sales Development Representative - France,Sales Development-310,"Dublin, Ireland",nontech,mid,0,0,0,,,https://www.okta.com/company/careers/opportunity/8130264?gh_jid=8130264
2026-08-18,OKTA,Okta,Sales Development Representative - German,Sales Development-310,"Dublin, Ireland",nontech,mid,0,0,0,,,https://www.okta.com/company/careers/opportunity/7645881?gh_jid=7645881
2026-08-18,OKTA,Okta,Sales Development Representative - German,Sales Development-310,"Dublin, Ireland",nontech,mid,0,0,0,,,https://www.okta.com/company/careers/opportunity/7920579?gh_jid=7920579
2026-08-18,OKTA,Okta,Sales Development Representative - Join our Talent Community,Sales Development-310,"Tokyo, Japan",nontech,mid,0,0,0,,,https://www.okta.com/company/careers/opportunity/7992342?gh_jid=7992342
2026-08-18,OKTA,Okta,"Sales Development Representative, Toronto",Sales Development-310,"Toronto, Ontario, Canada",nontech,mid,0,0,0,,92000,https://www.okta.com/company/careers/opportunity/7013721?gh_jid=7013721
2026-08-18,OKTA,Okta,"Sales Development Representative, West",Sales Development-310,"San Francisco, California",nontech,mid,0,0,0,,82011,https://www.okta.com/company/careers/opportunity/7013572?gh_jid=7013572
2026-08-18,OKTA,Okta,"Sales Strategy & Operations Manager, ANZ",Business Operations-150,"Sydney, Australia",nontech,mid,0,3,1,application,,https://www.okta.com/company/careers/opportunity/7860180?gh_jid=7860180
2026-08-18,OKTA,Okta, Senior AEM Engineer,BT Go To Market Technology-173,"Bengaluru, India",product_eng,senior,0,0,0,,,https://www.okta.com/company/careers/opportunity/7629690?gh_jid=7629690
2026-08-18,OKTA,Okta,Senior Data Analyst,Data & Insights-190,"Bengaluru, India",other,senior,0,0,0,,,https://www.okta.com/company/careers/opportunity/7582967?gh_jid=7582967
2026-08-18,OKTA,Okta,Senior Data Analyst (Auth0),Product & Platform Data-693,"Bengaluru, India",other,senior,0,3,1,application,,https://www.okta.com/company/careers/opportunity/7780488?gh_jid=7780488
2026-08-18,OKTA,Okta,"Senior Data Analyst, Field Analytics",Business Operations-150,"Bengaluru, India",other,senior,0,1,0,buzz,,https://www.okta.com/company/careers/opportunity/7728553?gh_jid=7728553
2026-08-18,OKTA,Okta,Senior Database Reliability Engineer (DBRE),Tech Ops-610,"Bellevue, Washington; Chicago, Illinois; New York, New York; San Francisco, California; Washington, DC",product_eng,senior,0,0,0,,181500,https://www.okta.com/company/careers/opportunity/7617976?gh_jid=7617976
2026-08-18,OKTA,Okta,Senior Data Engineer,Data & Insights-190,"Bengaluru, India",product_eng,senior,0,2,0,data_ml_ops,,https://www.okta.com/company/careers/opportunity/7648985?gh_jid=7648985
2026-08-18,OKTA,Okta,Senior Developer Advocate ,Auth0 DevRel-494,"San Francisco, California",product_eng,senior,0,0,0,,192500,https://www.okta.com/company/careers/opportunity/7379845?gh_jid=7379845
2026-08-18,OKTA,Okta,Senior Developer Advocate (Auth0),Auth0 DevRel-494,"New York, New York",product_eng,senior,0,0,0,,174700,https://www.okta.com/company/careers/opportunity/8114891?gh_jid=8114891
2026-08-18,OKTA,Okta,"Senior Director, GRC",Security-770,"San Francisco, California",other,director,0,3,1,application,299500,https://www.okta.com/company/careers/opportunity/8130437?gh_jid=8130437
2026-08-18,OKTA,Okta,"Senior Engineer, FGA Developer Tooling",Emerging Tech-694,"Bengaluru, India",product_eng,senior,0,0,0,,,https://www.okta.com/company/careers/opportunity/7780942?gh_jid=7780942
2026-08-18,OKTA,Okta,"Senior Engineering Manager, Workflows (FedRamp)",SW Eng - Applications-674,"Bellevue, Washington",product_eng,senior,0,0,0,,246000,https://www.okta.com/company/careers/opportunity/7983451?gh_jid=7983451
2026-08-18,OKTA,Okta,"Senior Enterprise Account Executive, Okta",Enterprise Sales-340,"Paris, France",demand_validated,senior,0,0,0,,,https://www.okta.com/company/careers/opportunity/7765582?gh_jid=7765582
2026-08-18,OKTA,Okta,"Senior Experiences Designer, Brand and Creative",Brand & Creative-493,"San Francisco, California",product_eng,senior,0,0,0,,169950,https://www.okta.com/company/careers/opportunity/8109371?gh_jid=8109371
2026-08-18,OKTA,Okta,"Senior Financial Analyst, FP&A",FP&A-125,"Bengaluru, India",other,senior,0,0,0,,,https://www.okta.com/company/careers/opportunity/8114261?gh_jid=8114261
2026-08-18,OKTA,Okta,"Senior Financial Analyst, G&A ",FP&A-125,"San Francisco, California",other,senior,0,0,0,,132500,https://www.okta.com/company/careers/opportunity/8039368?gh_jid=8039368
2026-08-18,OKTA,Okta,"Senior Financial Analyst, Products & Technology",FP&A-125,"San Francisco, California",other,senior,0,0,0,,132500,https://www.okta.com/company/careers/opportunity/7983770?gh_jid=7983770
2026-08-18,OKTA,Okta,Senior Forward Deployed Engineer - Okta for AI Agents,Okta for AI Agents-764,"Bellevue, Washington; Chicago, Illinois; San Francisco, California; Toronto, Ontario, Canada",demand_validated,senior,1,9,1,application,237500,https://www.okta.com/company/careers/opportunity/7961356?gh_jid=7961356
2026-08-18,OKTA,Okta,Senior Full Stack Software Engineer – Acquisitions and Activation (Auth0),CIAM Devex-680,"Toronto, Ontario, Canada",product_eng,senior,0,0,0,,161500,https://www.okta.com/company/careers/opportunity/7875175?gh_jid=7875175
2026-08-18,OKTA,Okta,Senior Identity Specialist-Governance,SE Field CTO-322,"Bengaluru, India",other,senior,0,0,0,,,https://www.okta.com/company/careers/opportunity/7821054?gh_jid=7821054
2026-08-18,OKTA,Okta,Senior Identity Specialist -OnPremises,SE Field CTO-322,"Bengaluru, India",other,senior,0,0,0,,,https://www.okta.com/company/careers/opportunity/7821050?gh_jid=7821050
2026-08-18,OKTA,Okta,"Senior, Internal Audit AI Enablement & Automation",Internal Audit-135,"San Francisco, California",nontech,intern,1,0,0,,132300,https://www.okta.com/company/careers/opportunity/8079539?gh_jid=8079539
2026-08-18,OKTA,Okta,Senior IT Internal Auditor ,Internal Audit-135,"San Francisco, California",other,intern,0,1,0,buzz,132300,https://www.okta.com/company/careers/opportunity/8078084?gh_jid=8078084
2026-08-18,OKTA,Okta,"Senior Manager, Presales Strategy & Operations",Business Operations-150,"Bellevue, Washington; Chicago, Illinois; San Francisco, California; Washington, DC",demand_validated,senior,0,0,0,,211000,https://www.okta.com/company/careers/opportunity/8042657?gh_jid=8042657
2026-08-18,OKTA,Okta,"Senior Manager, Site Reliability Engineering (Federal)",Tech Ops-610,"Washington, DC",product_eng,senior,0,0,0,,245950,https://www.okta.com/company/careers/opportunity/7917007?gh_jid=7917007
2026-08-18,OKTA,Okta,"Senior Manager, Site Reliability Engineering -  Infrastructure Platform",Tech Ops-610,"San Francisco, California",product_eng,senior,0,0,0,,275500,https://www.okta.com/company/careers/opportunity/7317857?gh_jid=7317857
2026-08-18,OKTA,Okta,"Senior Manager, Software Engineering- Core (FED) ",SW Eng - Infrastructure-672,"San Francisco, California",product_eng,senior,0,0,0,,261000,https://www.okta.com/company/careers/opportunity/7743974?gh_jid=7743974
2026-08-18,OKTA,Okta,"Senior Manager, Solutions Engineering",SE Field-321,"London, United Kingdom",demand_validated,senior,0,0,0,,,https://www.okta.com/company/careers/opportunity/7601524?gh_jid=7601524
2026-08-18,OKTA,Okta,"Senior Manager, Solutions Engineering, Okta",SE Field-321,"Dublin, Ireland",demand_validated,senior,0,0,0,,,https://www.okta.com/company/careers/opportunity/8094082?gh_jid=8094082
2026-08-18,OKTA,Okta,"Senior Manager, xDR Strategy & Operations",Business Operations-150,"Bellevue, Washington; Chicago, Illinois; San Francisco, California; Washington, DC",nontech,senior,0,0,0,,211000,https://www.okta.com/company/careers/opportunity/8103816?gh_jid=8103816
2026-08-18,OKTA,Okta,Senior Principal Product Designer,Product Design & UXR-650,"Bellevue, Washington; Chicago, Illinois; New York, New York; Washington, DC",product_eng,staff_principal,0,1,0,buzz,256500,https://www.okta.com/company/careers/opportunity/7839824?gh_jid=7839824
2026-08-18,OKTA,Okta,Senior Product Analyst - Finance Technology,BT People Legal and Finance Technology-155,"Bengaluru, India",nontech,senior,0,4,1,application|buzz,,https://www.okta.com/company/careers/opportunity/8128431?gh_jid=8128431
2026-08-18,OKTA,Okta,"Senior Product Analyst, Order to Cash ",BT People Legal and Finance Technology-155,"San Francisco, California",other,senior,0,5,1,application|buzz,152000,https://www.okta.com/company/careers/opportunity/7976638?gh_jid=7976638
2026-08-18,OKTA,Okta,Senior Product Manager - Auth0,Product Management-810,"Bellevue, Washington; Chicago, Illinois; New York, New York; Toronto, Ontario, Canada; Washington, DC",product_eng,senior,0,0,0,,189000,https://www.okta.com/company/careers/opportunity/8072515?gh_jid=8072515
2026-08-18,OKTA,Okta,"Senior Product Manager, Auth0 AI and Identity Products (Auth0)",Product Management-810,"Toronto, Ontario, Canada",product_eng,senior,1,6,1,application,173100,https://www.okta.com/company/careers/opportunity/7905576?gh_jid=7905576
2026-08-18,OKTA,Okta,"Senior Product Manager, Auth0 Platform Infrastructure",Product Management-810,"Toronto, Ontario, Canada",product_eng,senior,0,9,1,application,173100,https://www.okta.com/company/careers/opportunity/7993489?gh_jid=7993489
2026-08-18,OKTA,Okta,Senior Product Manager - Cloud Infrastructure,Product Management-810,"Bellevue, Washington; Chicago, Illinois; New York, New York; San Francisco, California; Seattle, Washington; Washington, DC",product_eng,senior,0,0,0,,214500,https://www.okta.com/company/careers/opportunity/8056315?gh_jid=8056315
2026-08-18,OKTA,Okta,"Senior Product Manager, Data Platform",Product Management-810,"Bengaluru, India",product_eng,senior,0,0,0,,,https://www.okta.com/company/careers/opportunity/8022961?gh_jid=8022961
2026-08-18,OKTA,Okta,Senior Product Manager - Okta Device Access,Product Management-810,"Bellevue, Washington; San Francisco, California",product_eng,senior,0,0,0,,214500,https://www.okta.com/company/careers/opportunity/8066241?gh_jid=8066241
2026-08-18,OKTA,Okta,Senior Product Manager - UI Platform,Product Management-810,"Toronto, Ontario, Canada",product_eng,senior,0,0,0,,173000,https://www.okta.com/company/careers/opportunity/8022482?gh_jid=8022482
2026-08-18,OKTA,Okta,Senior Product Marketing Specialist,Product Marketing-530,"Munich, Germany",nontech,senior,0,0,0,,,https://www.okta.com/company/careers/opportunity/8104905?gh_jid=8104905
2026-08-18,OKTA,Okta,Senior Product Marketing Specialist,Product Marketing-530,"London, United Kingdom",nontech,senior,0,0,0,,,https://www.okta.com/company/careers/opportunity/7833584?gh_jid=7833584
2026-08-18,OKTA,Okta,"Senior Product Marketing Specialist, Global System Integrators (GSI) and Channel",Partner Marketing-122,"Bellevue, Washington; Chicago, Illinois; Toronto, Ontario, Canada",nontech,senior,0,0,0,,140350,https://www.okta.com/company/careers/opportunity/7818862?gh_jid=7818862
2026-08-18,OKTA,Okta,"Senior Product Operations Manager, Auth0",Product Management-810,"Toronto, Ontario, Canada",nontech,senior,0,4,1,application|buzz,147500,https://www.okta.com/company/careers/opportunity/8049855?gh_jid=8049855
2026-08-18,OKTA,Okta,"Senior Product Operations Manager, Business Analytics ",Product Management-810,"Toronto, Ontario, Canada",nontech,senior,0,4,1,application|buzz,147500,https://www.okta.com/company/careers/opportunity/8049857?gh_jid=8049857
2026-08-18,OKTA,Okta,Senior Regional Marketing Specialist,Demand Gen-420,"Toronto, Ontario, Canada",nontech,senior,0,0,0,,104500,https://www.okta.com/company/careers/opportunity/8083357?gh_jid=8083357
2026-08-18,OKTA,Okta,Senior Research Operations Program Manager,Product Design & UXR-650,"Toronto, Ontario, Canada",nontech,senior,0,0,0,,140000,https://www.okta.com/company/careers/opportunity/7977895?gh_jid=7977895
2026-08-18,OKTA,Okta,Senior Salesforce Product Analyst ,BT Go To Market Technology-173,"Bengaluru, India",nontech,senior,0,0,0,,,https://www.okta.com/company/careers/opportunity/7963286?gh_jid=7963286
2026-08-18,OKTA,Okta,Senior Site Reliability Engineer,Tech Ops-610,"Bengaluru, India",product_eng,senior,0,0,0,,,https://www.okta.com/company/careers/opportunity/7963271?gh_jid=7963271
2026-08-18,OKTA,Okta,Senior Site Reliability Engineer,BT Workplace Technology-140,"Bellevue, Washington; San Francisco, California",product_eng,senior,0,0,0,,186300,https://www.okta.com/company/careers/opportunity/8100444?gh_jid=8100444
2026-08-18,OKTA,Okta,Senior Site Reliability Engineer (Auth0),Tech Ops-610,"Barcelona, Spain",product_eng,senior,0,0,0,,,https://www.okta.com/company/careers/opportunity/7418982?gh_jid=7418982
2026-08-18,OKTA,Okta,Senior Software Engineer,BT Go To Market Technology-173,"Bengaluru, India",product_eng,senior,0,0,0,,,https://www.okta.com/company/careers/opportunity/8021050?gh_jid=8021050
2026-08-18,OKTA,Okta,Senior Software Engineer,BT Engineering Services-779,"Bengaluru, India",product_eng,senior,0,3,1,application,,https://www.okta.com/company/careers/opportunity/8053679?gh_jid=8053679
2026-08-18,OKTA,Okta,Senior Software Engineer,CIAM Devex-680,"Bengaluru, India",product_eng,senior,0,3,1,application,,https://www.okta.com/company/careers/opportunity/8113501?gh_jid=8113501
2026-08-18,OKTA,Okta,Senior Software Engineer,Developer Relations-490,"Bengaluru, India",product_eng,senior,0,1,0,buzz,,https://www.okta.com/company/careers/opportunity/8039085?gh_jid=8039085
2026-08-18,OKTA,Okta,Senior Software Engineer,SW Eng - Infrastructure-672,"Bengaluru, India",product_eng,senior,0,0,0,,,https://www.okta.com/company/careers/opportunity/7599312?gh_jid=7599312
2026-08-18,OKTA,Okta,Senior Software Engineer ,BT Go To Market Technology-173,"Warsaw, Poland",product_eng,senior,0,26,1,application|buzz,,https://www.okta.com/company/careers/opportunity/7626022?gh_jid=7626022
2026-08-18,OKTA,Okta,Senior Software Engineer ,BT Go To Market Technology-173,"Bengaluru, India",product_eng,senior,0,15,1,application,,https://www.okta.com/company/careers/opportunity/5781654?gh_jid=5781654
2026-08-18,OKTA,Okta,"Senior Software Engineer, AI Agentic Experience (Auth0)",Emerging Tech-694,"San Francisco, California",product_eng,senior,1,10,1,application|buzz,199000,https://www.okta.com/company/careers/opportunity/7305744?gh_jid=7305744
2026-08-18,OKTA,Okta,"Senior Software Engineer, AI Agentic Experience (Auth0)",Emerging Tech-694,"Bellevue, Washington; Chicago, Illinois; New York, New York",product_eng,senior,1,10,1,application|buzz,174500,https://www.okta.com/company/careers/opportunity/8092242?gh_jid=8092242
2026-08-18,OKTA,Okta,"Senior Software Engineer, AI Authentication (Auth0)",Emerging Tech-694,"Toronto, Ontario, Canada",product_eng,senior,1,7,1,application|buzz,161500,https://www.okta.com/company/careers/opportunity/7872569?gh_jid=7872569
2026-08-18,OKTA,Okta,Senior Software Engineer (Android),CIAM Devex-680,"Bengaluru, India",product_eng,senior,0,0,0,,,https://www.okta.com/company/careers/opportunity/8108376?gh_jid=8108376
2026-08-18,OKTA,Okta,Senior Software Engineer (Core Frontier),Emerging Tech-694,"Bengaluru, India",product_eng,senior,0,0,0,,,https://www.okta.com/company/careers/opportunity/7894398?gh_jid=7894398
2026-08-18,OKTA,Okta," Senior Software Engineer, Data",Product & Platform Data-693,"Bengaluru, India",product_eng,senior,0,0,0,,,https://www.okta.com/company/careers/opportunity/7572029?gh_jid=7572029
2026-08-18,OKTA,Okta,"Senior Software Engineer, Datastores (Auth0)",SW Eng - Infrastructure-672,"Toronto, Ontario, Canada",product_eng,senior,0,0,0,,161500,https://www.okta.com/company/careers/opportunity/8112922?gh_jid=8112922
2026-08-18,OKTA,Okta,"Senior Software Engineer, Frontend (Web)",Web Marketing-465,"Toronto, Ontario, Canada",product_eng,senior,0,0,0,,130000,https://www.okta.com/company/careers/opportunity/8024173?gh_jid=8024173
2026-08-18,OKTA,Okta,"Senior Software Engineer in Test, Federal Classified",Engineering Quality-630,"Washington, DC",product_eng,senior,0,0,0,,161500,https://www.okta.com/company/careers/opportunity/8069707?gh_jid=8069707
2026-08-18,OKTA,Okta,Senior Software Engineer in Test — macOS,Engineering Quality-630,"Bengaluru, India",product_eng,senior,0,0,0,,,https://www.okta.com/company/careers/opportunity/7588357?gh_jid=7588357
2026-08-18,OKTA,Okta,"Senior Software Engineer, Observability",SW Eng - Infrastructure-672,"Bellevue, Washington; Chicago, Illinois; New York, New York; Washington, DC",product_eng,senior,0,0,0,,174500,https://www.okta.com/company/careers/opportunity/8024818?gh_jid=8024818
2026-08-18,OKTA,Okta,"Senior Software Engineer, Platform Network (Auth0)",SW Eng - Infrastructure-672,"Toronto, Ontario, Canada",product_eng,senior,0,0,0,,161500,https://www.okta.com/company/careers/opportunity/8041376?gh_jid=8041376
2026-08-18,OKTA,Okta,Senior Software Engineer - Salesforce,BT Go To Market Technology-173,"Bengaluru, India",product_eng,senior,0,12,1,application,,https://www.okta.com/company/careers/opportunity/7995191?gh_jid=7995191
2026-08-18,OKTA,Okta,"Senior Solutions Architect, Auth0",SE Field CTO-322,"London, United Kingdom",demand_validated,senior,0,0,0,,,https://www.okta.com/company/careers/opportunity/7532953?gh_jid=7532953
2026-08-18,OKTA,Okta,Senior Solutions Engineer,SE Field-321,"London, United Kingdom",demand_validated,senior,0,0,0,,,https://www.okta.com/company/careers/opportunity/7768480?gh_jid=7768480
2026-08-18,OKTA,Okta,"Senior Solutions Engineer,Auth0",SE Field-321,"Dublin, Ireland",demand_validated,senior,0,6,1,application,,https://www.okta.com/company/careers/opportunity/7976083?gh_jid=7976083
2026-08-18,OKTA,Okta,Senior Solutions Engineer- West Coast,SE Field-321,"Los Angeles, California; San Francisco, California",demand_validated,senior,0,0,0,,257500,https://www.okta.com/company/careers/opportunity/7536447?gh_jid=7536447
2026-08-18,OKTA,Okta,Senior Strategic Alliance Manager- Indian GSIs,Regional Alliances & GSI-128,"Dallas, Texas; New Jersey; San Francisco, California",other,senior,0,0,0,,321500,https://www.okta.com/company/careers/opportunity/8099085?gh_jid=8099085
2026-08-18,OKTA,Okta,Senior Technical Account Manager (LATAM),Technical Account Management-812,"Mexico City, Mexico",demand_validated,senior,0,3,1,application,190000,https://www.okta.com/company/careers/opportunity/8112706?gh_jid=8112706
2026-08-18,OKTA,Okta,Senior Technical Writer,Engineering Quality-630,"Bengaluru, India",other,senior,0,0,0,,,https://www.okta.com/company/careers/opportunity/7685798?gh_jid=7685798
2026-08-18,OKTA,Okta,Senior UX Researcher - Okta Device Access,Product Design & UXR-650,"Toronto, Ontario, Canada",research,senior,0,0,0,,140000,https://www.okta.com/company/careers/opportunity/8072490?gh_jid=8072490
2026-08-18,OKTA,Okta,ServiceNow Developer SAM,BT Workplace Technology-140,"Bengaluru, India",product_eng,mid,0,0,0,,,https://www.okta.com/company/careers/opportunity/7727730?gh_jid=7727730
2026-08-18,OKTA,Okta,Site Reliability Engineer II,Security Engineering-695,"Bengaluru, India",product_eng,mid,0,0,0,,,https://www.okta.com/company/careers/opportunity/8121308?gh_jid=8121308
2026-08-18,OKTA,Okta,"Software Architect, Java Backend",SW Eng - Applications-674,"Bengaluru, India",product_eng,mid,0,0,0,,,https://www.okta.com/company/careers/opportunity/7882676?gh_jid=7882676
2026-08-18,OKTA,Okta,"Software Architect, Lifecycle Management",SW Eng - Applications-674,"Bengaluru, India",product_eng,mid,0,0,0,,,https://www.okta.com/company/careers/opportunity/7771673?gh_jid=7771673
2026-08-18,OKTA,Okta,Software Engineer - Customer Experience,BT Go To Market Technology-173,"Warsaw, Poland",product_eng,mid,0,26,1,application|buzz,,https://www.okta.com/company/careers/opportunity/7861222?gh_jid=7861222
2026-08-18,OKTA,Okta,Software Engineer-Full Stack,Data & Insights-190,"Bengaluru, India",product_eng,mid,0,0,0,,,https://www.okta.com/company/careers/opportunity/7984479?gh_jid=7984479
2026-08-18,OKTA,Okta,"Software Engineer II, Developer Tooling (Auth0)",SW Eng - Infrastructure-672,"Toronto, Ontario, Canada",product_eng,mid,0,0,0,,130900,https://www.okta.com/company/careers/opportunity/8103088?gh_jid=8103088
2026-08-18,OKTA,Okta,"Software Engineer II, End User Protection (Auth0)",Emerging Tech-694,"Toronto, Ontario, Canada",product_eng,mid,0,0,0,,130900,https://www.okta.com/company/careers/opportunity/7821930?gh_jid=7821930
2026-08-18,OKTA,Okta,"Software Engineer II, Security Engineering (Auth0)",Security Engineering-695,"Toronto, Ontario, Canada",product_eng,mid,0,0,0,,130900,https://www.okta.com/company/careers/opportunity/8003538?gh_jid=8003538
2026-08-18,OKTA,Okta,Software Engineering Manager,Emerging Tech-694,"Bengaluru, India",product_eng,mid,0,0,0,,,https://www.okta.com/company/careers/opportunity/7602340?gh_jid=7602340
2026-08-18,OKTA,Okta,Software Engineering Manager - Core & Resilience Engineering,SW Eng - Infrastructure-672,"Bengaluru, India",product_eng,mid,0,0,0,,,https://www.okta.com/company/careers/opportunity/8001002?gh_jid=8001002
2026-08-18,OKTA,Okta,"Software Engineer Manager, Okta Developer Foundation",SW - Engineering Services-676,"Bengaluru, India",product_eng,mid,0,3,1,model_infra,,https://www.okta.com/company/careers/opportunity/7855584?gh_jid=7855584
2026-08-18,OKTA,Okta,"Software Engineer Manager, Okta Developer Foundation (ODF)",SW - Engineering Services-676,"Bengaluru, India",product_eng,mid,0,3,1,model_infra,,https://www.okta.com/company/careers/opportunity/8035192?gh_jid=8035192
2026-08-18,OKTA,Okta,Solutions Engineer,SE Field-321,"Arizona; Arkansas; Dallas, Texas; Louisiana; Nevada; Oklahoma; Saint Louis, Missouri",demand_validated,mid,0,0,0,,268000,https://www.okta.com/company/careers/opportunity/7727835?gh_jid=7727835
2026-08-18,OKTA,Okta,"Solutions Engineer, Okta",SE Leadership & Shared Services-323,"Bengaluru, India",demand_validated,mid,0,0,0,,,https://www.okta.com/company/careers/opportunity/8064221?gh_jid=8064221
2026-08-18,OKTA,Okta,"Solutions Engineer, Okta (Enterprise)",SE Field-321,"Washington, DC",demand_validated,mid,0,10,1,application|buzz,190000,https://www.okta.com/company/careers/opportunity/8051063?gh_jid=8051063
2026-08-18,OKTA,Okta,"Solutions Engineer, Okta (North East)",SE Field-321,"Connecticut; Massachusetts; New York, New York",demand_validated,mid,0,6,1,application,190000,https://www.okta.com/company/careers/opportunity/7607557?gh_jid=7607557
2026-08-18,OKTA,Okta,SOX Senior IT Auditor,Internal Audit-135,"Bengaluru, India",other,senior,0,0,0,,,https://www.okta.com/company/careers/opportunity/8079018?gh_jid=8079018
2026-08-18,OKTA,Okta,"Sr. Commercial Account Executive, Brazil ",Enterprise Sales-340,"São Paulo, Brazil",demand_validated,senior,0,0,0,,,https://www.okta.com/company/careers/opportunity/7574446?gh_jid=7574446
2026-08-18,OKTA,Okta,"Sr. Commercial Account Executive, North LATAM ",Corporate Sales-330,"Mexico City, Mexico; Texas",demand_validated,senior,0,0,0,,,https://www.okta.com/company/careers/opportunity/7588683?gh_jid=7588683
2026-08-18,OKTA,Okta,"Sr. Commercial Account Executive, South Cone",Corporate Sales-330,Uruguay,demand_validated,senior,0,0,0,,,https://www.okta.com/company/careers/opportunity/7586370?gh_jid=7586370
2026-08-18,OKTA,Okta,Sr. Customer Success Manager ,Customer Success Management-750,"Connecticut; Maryland; New Jersey; New York, New York; Washington, DC",demand_validated,senior,0,3,1,application,179450,https://www.okta.com/company/careers/opportunity/7930857?gh_jid=7930857
2026-08-18,OKTA,Okta,Sr Director of Global Deal Strategy,"Deal Strategy, Ops & Subs Compliance-123","San Francisco, California",other,director,0,0,0,,292400,https://www.okta.com/company/careers/opportunity/8103111?gh_jid=8103111
2026-08-18,OKTA,Okta,"Sr. Manager, GTM FP&A",FP&A-125,"San Francisco, California",other,senior,0,0,0,,205850,https://www.okta.com/company/careers/opportunity/8088636?gh_jid=8088636
2026-08-18,OKTA,Okta,"Sr. Manager, Strategic Revenue Programs",Sales Enablement-370,"Chicago, Illinois",other,senior,0,0,0,,192650,https://www.okta.com/company/careers/opportunity/8015814?gh_jid=8015814
2026-08-18,OKTA,Okta, Sr. Product Manager - Agentic Security,Product Management-810,"Toronto, Ontario, Canada",product_eng,senior,0,7,1,application|buzz,182000,https://www.okta.com/company/careers/opportunity/8041551?gh_jid=8041551
2026-08-18,OKTA,Okta,Sr. Product Manager - Agentic Security,Product Management-810,"Bellevue, Washington; Chicago, Illinois; New York, New York; Washington, DC",product_eng,senior,0,7,1,application|buzz,211000,https://www.okta.com/company/careers/opportunity/8038929?gh_jid=8038929
2026-08-18,OKTA,Okta,"Sr. Technical Account Manager, Okta Strategic Customers",Technical Account Management-812,"Paris, France",demand_validated,senior,0,3,1,application,,https://www.okta.com/company/careers/opportunity/7776839?gh_jid=7776839
2026-08-18,OKTA,Okta,Staff AI Security Engineer,Sec - Vulnerability Management & Sec Arch-772,"Bellevue, Washington; Chicago, Illinois; New York, New York; San Francisco, California; Washington, DC",product_eng,staff_principal,1,9,1,application,204250,https://www.okta.com/company/careers/opportunity/8084173?gh_jid=8084173
2026-08-18,OKTA,Okta,"Staff Backend Engineer, Identity Threat Protection ",SW Eng - Core Identity-670,"San Francisco, California",product_eng,staff_principal,0,0,0,,230500,https://www.okta.com/company/careers/opportunity/8053199?gh_jid=8053199
2026-08-18,OKTA,Okta,Staff Backend Engineer ,SW Eng - Applications-674,"Bengaluru, India",product_eng,staff_principal,0,0,0,,,https://www.okta.com/company/careers/opportunity/8077094?gh_jid=8077094
2026-08-18,OKTA,Okta,"Staff Engineer, Developer Platform",Emerging Tech-694,"Bengaluru, India",product_eng,staff_principal,0,0,0,,,https://www.okta.com/company/careers/opportunity/7703326?gh_jid=7703326
2026-08-18,OKTA,Okta,Staff Engineer - Fullstack,CIAM Devex-680,"Bengaluru, India",product_eng,staff_principal,0,0,0,,,https://www.okta.com/company/careers/opportunity/7593555?gh_jid=7593555
2026-08-18,OKTA,Okta,Staff Fullstack Engineer,SW Eng - Core Identity-670,"Bengaluru, India",product_eng,staff_principal,0,0,0,,,https://www.okta.com/company/careers/opportunity/7929542?gh_jid=7929542
2026-08-18,OKTA,Okta,Staff Fullstack Engineer,SW Eng - Core Identity-670,"Bengaluru, India",product_eng,staff_principal,0,0,0,,,https://www.okta.com/company/careers/opportunity/8078400?gh_jid=8078400
2026-08-18,OKTA,Okta,Staff Full Stack Engineer,Web Marketing-465,"Bellevue, Washington; Chicago, Illinois; Toronto, Ontario, Canada",product_eng,staff_principal,0,6,1,application,158250,https://www.okta.com/company/careers/opportunity/7695691?gh_jid=7695691
2026-08-18,OKTA,Okta,Staff Full-Stack Engineer ,SW Eng - Applications-674,"Bengaluru, India",product_eng,staff_principal,0,0,0,,,https://www.okta.com/company/careers/opportunity/7471202?gh_jid=7471202
2026-08-18,OKTA,Okta,Staff Platform Engineer (FedRAMP),SW Eng - Applications-674,"Bellevue, Washington; Chicago, Illinois; New York, New York; San Francisco, California; Washington, DC",product_eng,staff_principal,0,3,1,application,220500,https://www.okta.com/company/careers/opportunity/8064889?gh_jid=8064889
2026-08-18,OKTA,Okta,"Staff Platform Engineer, Universal Directory",SW Eng - Applications-674,"Bellevue, Washington; San Francisco, California; Toronto, Ontario, Canada",product_eng,director,0,0,0,,,https://www.okta.com/company/careers/opportunity/7843765?gh_jid=7843765
2026-08-18,OKTA,Okta,Staff Product Analyst,BT People Legal and Finance Technology-155,"San Francisco, California",other,staff_principal,0,1,0,buzz,175750,https://www.okta.com/company/careers/opportunity/7917957?gh_jid=7917957
2026-08-18,OKTA,Okta,Staff Product Designer,Product Design & UXR-650,"Bengaluru, India",product_eng,staff_principal,0,0,0,,,https://www.okta.com/company/careers/opportunity/7839840?gh_jid=7839840
2026-08-18,OKTA,Okta,Staff Product Designer (Auth0) ,Product Design & UXR-650,"New York, New York; San Francisco, California",product_eng,staff_principal,0,3,1,application,166500,https://www.okta.com/company/careers/opportunity/8078764?gh_jid=8078764
2026-08-18,OKTA,Okta,Staff Product Designer — AX & Growth (DLG),Product Design & UXR-650,"Bengaluru, India",product_eng,staff_principal,0,7,1,application|buzz,,https://www.okta.com/company/careers/opportunity/6923203?gh_jid=6923203
2026-08-18,OKTA,Okta,Staff Product Designer - Enterprise Access,Product Design & UXR-650,"Toronto, Ontario, Canada",product_eng,staff_principal,0,0,0,,166500,https://www.okta.com/company/careers/opportunity/7927435?gh_jid=7927435
2026-08-18,OKTA,Okta,"Staff Product Marketing Manager, Privileged Access Management",Product Marketing-530,"Bellevue, Washington; Chicago, Illinois; San Francisco, California; Toronto, Ontario, Canada",nontech,staff_principal,0,0,0,,177000,https://www.okta.com/company/careers/opportunity/8070608?gh_jid=8070608
2026-08-18,OKTA,Okta,"Staff Product Marketing Manager, Security ",Product Marketing-530,"Bellevue, Washington; Chicago, Illinois; San Francisco, California; Toronto, Ontario, Canada",nontech,staff_principal,0,6,1,application,177300,https://www.okta.com/company/careers/opportunity/7559020?gh_jid=7559020
2026-08-18,OKTA,Okta,Staff Product Security Engineer,Sec - Product Security-771,"Bellevue, Washington; Chicago, Illinois; New York, New York; San Francisco, California; Washington, DC",product_eng,staff_principal,0,12,1,application|buzz|data_ml_ops|model_infra,204000,https://www.okta.com/company/careers/opportunity/7976658?gh_jid=7976658
2026-08-18,OKTA,Okta,"Staff Product Security Engineer, PSIRT",Sec - Product Security-771,"Barcelona, Spain",product_eng,staff_principal,0,0,0,,,https://www.okta.com/company/careers/opportunity/8087739?gh_jid=8087739
2026-08-18,OKTA,Okta,"Staff Product Security Engineer, Reviews",Sec - Product Security-771,"Bellevue, Washington; Chicago, Illinois; New York, New York; San Francisco, California; Toronto, Ontario, Canada; Washington, DC",product_eng,staff_principal,0,6,1,application,194250,https://www.okta.com/company/careers/opportunity/7976665?gh_jid=7976665
2026-08-18,OKTA,Okta,"Staff Security Analyst, Customer Assurance  ",Sec - Security Trust and Culture-773,"Bellevue, Washington; Chicago, Illinois; New York, New York; Washington, DC",other,staff_principal,0,1,0,buzz,175750,https://www.okta.com/company/careers/opportunity/7743848?gh_jid=7743848
2026-08-18,OKTA,Okta,"Staff Security Engineer, TDI",BT Operations-165,"San Francisco, California",product_eng,staff_principal,0,6,1,application,159400,https://www.okta.com/company/careers/opportunity/8015013?gh_jid=8015013
2026-08-18,OKTA,Okta,Staff Site Reliability Engineer,Tech Ops-610,"Bengaluru, India",product_eng,staff_principal,0,0,0,,,https://www.okta.com/company/careers/opportunity/8059472?gh_jid=8059472
2026-08-18,OKTA,Okta,Staff Site Reliability Engineer,Tech Ops-610,"Bengaluru, India",product_eng,staff_principal,0,0,0,,,https://www.okta.com/company/careers/opportunity/7840544?gh_jid=7840544
2026-08-18,OKTA,Okta,Staff Site Reliability Engineer,Tech Ops-610,"Bengaluru, India",product_eng,staff_principal,0,0,0,,,https://www.okta.com/company/careers/opportunity/8087718?gh_jid=8087718
2026-08-18,OKTA,Okta,Staff Site Reliability Engineer - Core iDaaS,SW Eng - Infrastructure-672,"Bengaluru, India",product_eng,staff_principal,0,0,0,,,https://www.okta.com/company/careers/opportunity/7307866?gh_jid=7307866
2026-08-18,OKTA,Okta,Staff Site Reliability Engineer - Ecosystem,Tech Ops-610,"Bengaluru, India",product_eng,staff_principal,0,0,0,,,https://www.okta.com/company/careers/opportunity/8090568?gh_jid=8090568
2026-08-18,OKTA,Okta,"Staff Site Reliability Engineer, Federal (TS/SCI)",SW Eng - Infrastructure-672,"Washington, DC",product_eng,staff_principal,0,0,0,,206000,https://www.okta.com/company/careers/opportunity/8097489?gh_jid=8097489
2026-08-18,OKTA,Okta,Staff Site Reliability Engineer (FedRAMP),SW Eng - Infrastructure-672,"Bellevue, Washington; Chicago, Illinois; New York, New York; San Francisco, California; Washington, DC",product_eng,staff_principal,0,0,0,,220500,https://www.okta.com/company/careers/opportunity/8064877?gh_jid=8064877
2026-08-18,OKTA,Okta,Staff Site Reliability Engineer - (Infra),Tech Ops-610,"Bengaluru, India",product_eng,staff_principal,0,0,0,,,https://www.okta.com/company/careers/opportunity/8015032?gh_jid=8015032
2026-08-18,OKTA,Okta,Staff Site Reliability Engineer - Kubernetes,Tech Ops-610,"Bellevue, Washington; Chicago, Illinois; New York, New York; San Francisco, California; Washington, DC",product_eng,staff_principal,0,0,0,,220500,https://www.okta.com/company/careers/opportunity/7743339?gh_jid=7743339
2026-08-18,OKTA,Okta,"Staff Site Reliability Engineer, Security- GCP",Security Engineering-695,"Bengaluru, India",product_eng,staff_principal,0,0,0,,,https://www.okta.com/company/careers/opportunity/6671260?gh_jid=6671260
2026-08-18,OKTA,Okta,Staff Site Reliability Engineer - Splunk,Tech Ops-610,"Bellevue, Washington; Chicago, Illinois; New York, New York; San Francisco, California; Washington, DC",product_eng,staff_principal,0,0,0,,220500,https://www.okta.com/company/careers/opportunity/7658254?gh_jid=7658254
2026-08-18,OKTA,Okta,Staff Software Engineer,CIAM Devex-680,"Bengaluru, India",product_eng,staff_principal,0,0,0,,,https://www.okta.com/company/careers/opportunity/8034884?gh_jid=8034884
2026-08-18,OKTA,Okta,Staff Software Engineer,BT Go To Market Technology-173,"Bengaluru, India",product_eng,staff_principal,0,23,1,application|buzz,,https://www.okta.com/company/careers/opportunity/8087945?gh_jid=8087945
2026-08-18,OKTA,Okta,Staff Software Engineer ,Spera Eng-722,"Tel Aviv, Israel",product_eng,staff_principal,0,3,1,application,,https://www.okta.com/company/careers/opportunity/8041857?gh_jid=8041857
2026-08-18,OKTA,Okta,Staff Software Engineer ,SW Eng - Applications-674,"Toronto, Ontario, Canada",product_eng,staff_principal,0,0,0,,190000,https://www.okta.com/company/careers/opportunity/6597058?gh_jid=6597058
2026-08-18,OKTA,Okta,Staff Software Engineer ,BT People Legal and Finance Technology-155,"Bengaluru, India",product_eng,staff_principal,0,7,1,application|buzz,,https://www.okta.com/company/careers/opportunity/7893046?gh_jid=7893046
2026-08-18,OKTA,Okta,Staff Software Engineer ,SW Eng - Applications-674,"Toronto, Ontario, Canada",product_eng,staff_principal,0,0,0,,190000,https://www.okta.com/company/careers/opportunity/7939834?gh_jid=7939834
2026-08-18,OKTA,Okta,Staff Software Engineer ,CIAM Devex-680,"Bengaluru, India",product_eng,staff_principal,0,3,1,application,,https://www.okta.com/company/careers/opportunity/8018310?gh_jid=8018310
2026-08-18,OKTA,Okta,"Staff Software Engineer, Agent Gateway",SW Eng - Core Identity-670,"San Francisco, California",product_eng,staff_principal,0,9,1,application,230500,https://www.okta.com/company/careers/opportunity/8108855?gh_jid=8108855
2026-08-18,OKTA,Okta,"Staff Software Engineer, AI Agentic Experience (Auth0)",Emerging Tech-694,"Toronto, Ontario, Canada",product_eng,staff_principal,1,7,1,application|buzz,190000,https://www.okta.com/company/careers/opportunity/7306066?gh_jid=7306066
2026-08-18,OKTA,Okta,"Staff Software Engineer, AI-Core (Federal)",SW Eng - Infrastructure-672,"San Francisco, California",product_eng,staff_principal,1,12,1,application,230500,https://www.okta.com/company/careers/opportunity/7917002?gh_jid=7917002
2026-08-18,OKTA,Okta,Staff Software Engineer - Android Device Authenticators,SW Eng - Core Identity-670,"Bengaluru, India",product_eng,staff_principal,0,0,0,,,https://www.okta.com/company/careers/opportunity/8007082?gh_jid=8007082
2026-08-18,OKTA,Okta,Staff Software Engineer - Backend,SW Eng - Core Identity-670,"Bengaluru, India",product_eng,staff_principal,0,0,0,,,https://www.okta.com/company/careers/opportunity/8007085?gh_jid=8007085
2026-08-18,OKTA,Okta,Staff Software Engineer - Backend,SW Eng - Core Identity-670,"Toronto, Ontario, Canada",product_eng,staff_principal,0,0,0,,195000,https://www.okta.com/company/careers/opportunity/7917929?gh_jid=7917929
2026-08-18,OKTA,Okta,"Staff Software Engineer, Core Infrastructure ",SW Eng - Infrastructure-672,"San Francisco, California",product_eng,staff_principal,0,3,1,model_infra,230500,https://www.okta.com/company/careers/opportunity/8081732?gh_jid=8081732
2026-08-18,OKTA,Okta,"Staff Software Engineer, Data Platform",SW Eng - Infrastructure-672,"Bengaluru, India",product_eng,staff_principal,0,2,0,data_ml_ops,,https://www.okta.com/company/careers/opportunity/8045905?gh_jid=8045905
2026-08-18,OKTA,Okta,"Staff Software Engineer, Data Platform (FedRAMP)",SW Eng - Infrastructure-672,"Bellevue, Washington; San Francisco, California",product_eng,staff_principal,0,2,0,data_ml_ops,220500,https://www.okta.com/company/careers/opportunity/7674814?gh_jid=7674814
2026-08-18,OKTA,Okta,"Staff Software Engineer, Delegated Administration (Auth0)",CIAM Devex-680,"Toronto, Ontario, Canada",product_eng,staff_principal,0,0,0,,190000,https://www.okta.com/company/careers/opportunity/7560775?gh_jid=7560775
2026-08-18,OKTA,Okta,"Staff Software Engineer, Developer Platform (Auth0)",CIAM Devex-680,"Toronto, Ontario, Canada",product_eng,staff_principal,0,9,1,application,190000,https://www.okta.com/company/careers/opportunity/8041360?gh_jid=8041360
2026-08-18,OKTA,Okta,Staff Software Engineer - Federal,Sec - Cyber Defense-774,"Washington, DC",product_eng,staff_principal,0,0,0,,191000,https://www.okta.com/company/careers/opportunity/7571064?gh_jid=7571064
2026-08-18,OKTA,Okta,Staff Software Engineer in Test,Engineering Quality-630,"Bengaluru, India",product_eng,staff_principal,0,0,0,,,https://www.okta.com/company/careers/opportunity/8068775?gh_jid=8068775
2026-08-18,OKTA,Okta,"Staff Software Engineer in Test, Linux ",Engineering Quality-630,"Toronto, Ontario, Canada",product_eng,staff_principal,0,0,0,,166250,https://www.okta.com/company/careers/opportunity/8010671?gh_jid=8010671
2026-08-18,OKTA,Okta,"Staff Software Engineer, Java, Spring",SW Eng - Core Identity-670,"Bengaluru, India",product_eng,staff_principal,0,0,0,,,https://www.okta.com/company/careers/opportunity/7582318?gh_jid=7582318
2026-08-18,OKTA,Okta,"Staff Software Engineer, Java, Spring (Backend)",SW Eng - Core Identity-670,"Bengaluru, India",product_eng,staff_principal,0,0,0,,,https://www.okta.com/company/careers/opportunity/7916607?gh_jid=7916607
2026-08-18,OKTA,Okta,Staff Software Engineer - Lifecycle Management,SW Eng - Core Identity-670,"Bengaluru, India",product_eng,staff_principal,0,0,0,,,https://www.okta.com/company/careers/opportunity/6879868?gh_jid=6879868
2026-08-18,OKTA,Okta,Staff Software Engineer - Lifecycle Management,SW Eng - Applications-674,"Bengaluru, India",product_eng,staff_principal,0,0,0,,,https://www.okta.com/company/careers/opportunity/7882710?gh_jid=7882710
2026-08-18,OKTA,Okta,Staff Software Engineer - macOS,SW Eng - Core Identity-670,"Bengaluru, India",product_eng,staff_principal,0,0,0,,,https://www.okta.com/company/careers/opportunity/8007089?gh_jid=8007089
2026-08-18,OKTA,Okta,Staff Software Engineer - Node.js  (JavaScript or TypeScript),Emerging Tech-694,"Bengaluru, India",product_eng,staff_principal,0,0,0,,,https://www.okta.com/company/careers/opportunity/7602354?gh_jid=7602354
2026-08-18,OKTA,Okta,Staff Software Engineer - PAM,SW Eng - Applications-674,"Bengaluru, India",product_eng,staff_principal,0,3,1,application,,https://www.okta.com/company/careers/opportunity/8077108?gh_jid=8077108
2026-08-18,OKTA,Okta,"Staff Software Engineer, Resiliency (Federal)",SW Eng - Infrastructure-672,"San Francisco, California",product_eng,staff_principal,0,1,0,buzz,218500,https://www.okta.com/company/careers/opportunity/7745812?gh_jid=7745812
2026-08-18,OKTA,Okta,"Staff Software Engineer, Security",Security Engineering-695,"Bengaluru, India",product_eng,staff_principal,0,0,0,,,https://www.okta.com/company/careers/opportunity/6687504?gh_jid=6687504
2026-08-18,OKTA,Okta,Staff Software Engineer - UI Platform,SW Eng - Applications-674,"Toronto, Ontario, Canada",product_eng,staff_principal,0,0,0,,190000,https://www.okta.com/company/careers/opportunity/8021682?gh_jid=8021682
2026-08-18,OKTA,Okta,Staff Software Engineer - Windows,SW Eng - Core Identity-670,"Bengaluru, India",product_eng,staff_principal,0,0,0,,,https://www.okta.com/company/careers/opportunity/8007091?gh_jid=8007091
2026-08-18,OKTA,Okta,Staff Software Reliability Engineer - Data Platform,SW Eng - Infrastructure-672,"Toronto, Ontario, Canada",product_eng,staff_principal,0,2,0,data_ml_ops,190000,https://www.okta.com/company/careers/opportunity/8082028?gh_jid=8082028
2026-08-18,OKTA,Okta,"Staff SRE for Cloud Network Infrastructure Team (Managing edge in multi-cloud(AWS & GCP), mTLS, Global Routing, AI Automation)",SW Eng - Infrastructure-672,"Bengaluru, India",product_eng,staff_principal,1,6,1,application,,https://www.okta.com/company/careers/opportunity/8090773?gh_jid=8090773
2026-08-18,OKTA,Okta,"Staff SRE for K8s Platform Team (AWS, Kubernetes, Platform Creation, Helm, Karpenter, Istio)",SW Eng - Infrastructure-672,"Bengaluru, India",product_eng,staff_principal,0,0,0,,,https://www.okta.com/company/careers/opportunity/8102369?gh_jid=8102369
2026-08-18,OKTA,Okta,"Staff SRE for K8s Platform Team (AWS, Kubernetes, Platform Creation, Helm, Karpenter, Istio)",Tech Ops-610,"Bengaluru, India",product_eng,staff_principal,0,0,0,,,https://www.okta.com/company/careers/opportunity/7839826?gh_jid=7839826
2026-08-18,OKTA,Okta,"Staff TDI Site Reliability Engineer, Okta Federal",BT Workplace Technology-140,"San Francisco, California",product_eng,staff_principal,0,0,0,,206500,https://www.okta.com/company/careers/opportunity/8073062?gh_jid=8073062
2026-08-18,OKTA,Okta,"Staff TDI Site Reliability Engineer, Okta Federal",BT Workplace Technology-140,"Washington, DC",product_eng,staff_principal,0,0,0,,206500,https://www.okta.com/company/careers/opportunity/8073066?gh_jid=8073066
2026-08-18,OKTA,Okta,Staff Technical Writer,Developer Relations-490,"Bengaluru, India",other,staff_principal,0,1,0,buzz,,https://www.okta.com/company/careers/opportunity/8039090?gh_jid=8039090
2026-08-18,OKTA,Okta,Staff UI Software Engineer,SW Eng - Core Identity-670,"Bengaluru, India",product_eng,staff_principal,0,0,0,,,https://www.okta.com/company/careers/opportunity/7902410?gh_jid=7902410
2026-08-18,OKTA,Okta,Staff UX Researcher - AI Agents,Product Design & UXR-650,"Bellevue, Washington; Chicago, Illinois; New York, New York; San Francisco, California; Seattle, Washington; Toronto, Ontario, Canada; Washington, DC",research,staff_principal,1,9,1,application,190000,https://www.okta.com/company/careers/opportunity/8128490?gh_jid=8128490
2026-08-18,OKTA,Okta,Strategic Account Executive,Enterprise Sales-340,"Sydney, Australia",demand_validated,mid,0,3,1,application,,https://www.okta.com/company/careers/opportunity/8104751?gh_jid=8104751
2026-08-18,OKTA,Okta,Strategic Account Executive,Strategic Accounts-315,Arizona,demand_validated,mid,0,0,0,,366000,https://www.okta.com/company/careers/opportunity/8088491?gh_jid=8088491
2026-08-18,OKTA,Okta,"Strategic Account Executive, Auth0",Strategic Accounts-315,"Chicago, Illinois; Minnesota; Saint Louis, Missouri; Wisconsin",demand_validated,mid,0,0,0,,385000,https://www.okta.com/company/careers/opportunity/7465810?gh_jid=7465810
2026-08-18,OKTA,Okta,"Strategic Account Executive, Auth0",Strategic Accounts-315,"San Francisco, California",demand_validated,mid,0,0,0,,385000,https://www.okta.com/company/careers/opportunity/7463779?gh_jid=7463779
2026-08-18,OKTA,Okta,"Strategic Account Executive, New England",Strategic Accounts-315,Massachusetts,demand_validated,mid,0,0,0,,366000,https://www.okta.com/company/careers/opportunity/7883456?gh_jid=7883456
2026-08-18,OKTA,Okta,Strategic Account Executive Okta,Strategic Accounts-315,"Munich, Germany",demand_validated,mid,0,3,1,application,,https://www.okta.com/company/careers/opportunity/8040913?gh_jid=8040913
2026-08-18,OKTA,Okta,Strategic Account Executive UK/I,Strategic Accounts-315,"London, United Kingdom",demand_validated,mid,0,3,1,application,,https://www.okta.com/company/careers/opportunity/7988286?gh_jid=7988286
2026-08-18,OKTA,Okta,Success Insights Manager,Customer Acceleration - Digital Growth-761,"Chicago, Illinois; Toronto, Ontario, Canada",other,mid,0,10,1,application|buzz,145000,https://www.okta.com/company/careers/opportunity/7902204?gh_jid=7902204
2026-08-18,OKTA,Okta,"Tax Senior Analyst, Foreign Compliance and Reporting",Tax & Treasury-157,"Bengaluru, India",other,senior,0,0,0,,,https://www.okta.com/company/careers/opportunity/8079016?gh_jid=8079016
2026-08-18,OKTA,Okta,"Technical Account Manager, Auth0",Technical Account Management-812,"Tokyo, Japan",demand_validated,mid,0,0,0,,,https://www.okta.com/company/careers/opportunity/7671515?gh_jid=7671515
2026-08-18,OKTA,Okta,Technical Account Manager - (Central or East Coast),Technical Account Management-812,"Chicago, Illinois; Colorado; Georgia; Massachusetts; New York, New York; North Carolina; Texas",demand_validated,mid,0,3,1,application,152000,https://www.okta.com/company/careers/opportunity/7818930?gh_jid=7818930
2026-08-18,OKTA,Okta,"Technical Account Manager, Okta",Technical Account Management-812,"Arkansas; Dallas, Texas",demand_validated,mid,0,0,0,,144000,https://www.okta.com/company/careers/opportunity/8056235?gh_jid=8056235
2026-08-18,OKTA,Okta,Technical Architect,Professional Services-720,"Bellevue, Washington; Chicago, Illinois; New York, New York; San Francisco, California; Toronto, Ontario, Canada",product_eng,mid,0,0,0,,254000,https://www.okta.com/company/careers/opportunity/7997938?gh_jid=7997938
2026-08-18,OKTA,Okta,Technical Architect ,Professional Services-720,"Washington, DC",product_eng,mid,0,0,0,,,https://www.okta.com/company/careers/opportunity/8011143?gh_jid=8011143
2026-08-18,OKTA,Okta,"Technical Consultant, Auth0",Professional Services-720,"Bellevue, Washington; Boston, Massachusetts; Chicago, Illinois; Los Angeles, California; New York, New York; San Francisco, California; Texas",other,mid,0,0,0,,160350,https://www.okta.com/company/careers/opportunity/7983535?gh_jid=7983535
2026-08-18,OKTA,Okta,"Vice President, Engineering - Authentication",CIAM Devex-680,"Bellevue, Washington; Chicago, Illinois; San Francisco, California",product_eng,exec,0,6,1,application,368400,https://www.okta.com/company/careers/opportunity/7909360?gh_jid=7909360
2026-08-18,OKTA,Okta,"Vice President of Enterprise Sales, East",Enterprise Sales-340,"Georgia; Massachusetts; New York, New York; Washington, DC",nontech,exec,0,0,0,,700000,https://www.okta.com/company/careers/opportunity/7660357?gh_jid=7660357
2026-08-18,OKTA,Okta,"Vice President, Product Management - Identity Management",Product Management-810,"Chicago, Illinois; New York, New York; San Francisco, California; Seattle, Washington",other,exec,0,0,0,,373000,https://www.okta.com/company/careers/opportunity/8014691?gh_jid=8014691
2026-08-18,PLTR,Palantir,Administrative Business Partner,Administrative,"London, United Kingdom",nontech,mid,0,0,0,,,https://jobs.lever.co/palantir/ac978161-6f46-4f6b-ad9e-a258e642751c
2026-08-18,PLTR,Palantir,Administrative Business Partner - Security,Administrative,"Palo Alto, CA",nontech,mid,0,4,1,application|buzz,78500,https://jobs.lever.co/palantir/0bbfd4f4-41ff-4ec6-b73f-5200efd5d4d3
2026-08-18,PLTR,Palantir,Administrative Business Partner - Security,Administrative,"New York, NY",nontech,mid,0,4,1,application|buzz,78500,https://jobs.lever.co/palantir/fe2a8c69-49b7-405f-816c-a6c6f894399a
2026-08-18,PLTR,Palantir,Administrative Business Partner - ShipOS,Administrative,"Washington, D.C.",nontech,mid,0,0,0,,78500,https://jobs.lever.co/palantir/a237973c-cb29-41fe-9c80-416e6f42e087
2026-08-18,PLTR,Palantir,Administrative Business Partner - ShipOS,Administrative,"New York, NY",nontech,mid,0,0,0,,78500,https://jobs.lever.co/palantir/a5f93bb6-4f13-4451-80a4-f63090830269
2026-08-18,PLTR,Palantir,American Tech Fellowship,Business Development,North America,other,mid,0,2,0,buzz,,https://jobs.lever.co/palantir/0ccbe620-a3ef-41d1-a5c4-68e56b3c91d0
2026-08-18,PLTR,Palantir,Backend Software Engineer - Application Development,Dev,"London, United Kingdom",product_eng,mid,0,4,1,buzz|model_infra,,https://jobs.lever.co/palantir/10dfc8bc-99ad-4ca2-ab76-853cb90a92c2
2026-08-18,PLTR,Palantir,Backend Software Engineer - Application Development,Dev,"New York, NY",product_eng,mid,0,4,1,buzz|model_infra,167500,https://jobs.lever.co/palantir/ab7e3425-81d5-4705-a7b5-cd60c8a45cdb
2026-08-18,PLTR,Palantir,Backend Software Engineer - Defense,Dev,"Washington, D.C.",product_eng,mid,0,4,1,buzz|model_infra,167500,https://jobs.lever.co/palantir/1345438c-ebfc-4fa5-b545-30c1414f317c
2026-08-18,PLTR,Palantir,Backend Software Engineer - Defense,Dev,"Palo Alto, CA",product_eng,mid,0,4,1,buzz|model_infra,167500,https://jobs.lever.co/palantir/a8174f9c-6f46-46b4-8e15-d1ff9e37c9eb
2026-08-18,PLTR,Palantir,Backend Software Engineer - Defense,Dev,"New York, NY",product_eng,mid,0,4,1,buzz|model_infra,167500,https://jobs.lever.co/palantir/d33e0c31-ac7e-4f57-ba74-36f2df6ae2f5
2026-08-18,PLTR,Palantir,Backend Software Engineer - Infrastructure,Dev,"New York, NY",product_eng,mid,0,0,0,,167500,https://jobs.lever.co/palantir/6fe5515f-f677-4d98-8ac2-1775a425f5e7
2026-08-18,PLTR,Palantir,Backend Software Engineer - Infrastructure,Dev,"London, United Kingdom",product_eng,mid,0,0,0,,,https://jobs.lever.co/palantir/f70cdff7-c62f-4b73-a136-909e5e3d1891
2026-08-18,PLTR,Palantir,"Backend Software Engineer - Infrastructure, Foundations",Dev,"New York, NY",product_eng,mid,0,0,0,,167500,https://jobs.lever.co/palantir/fb2d3222-dbd8-4e03-8d39-47b820e9509c
2026-08-18,PLTR,Palantir,Commercial Administrative Business Partner,Administrative,"Miami, FL",nontech,mid,0,0,0,,87500,https://jobs.lever.co/palantir/2c45b359-0d00-4c68-b13d-b9f405efb739
2026-08-18,PLTR,Palantir,Commercial Administrative Business Partner,Administrative,"Washington, D.C.",nontech,mid,0,0,0,,87500,https://jobs.lever.co/palantir/98256288-e13a-4c3e-b6c3-1e3dd1083b9a
2026-08-18,PLTR,Palantir,Commercial Administrative Business Partner,Administrative,"New York, NY",nontech,mid,0,0,0,,87500,https://jobs.lever.co/palantir/f163223b-db5d-4c6d-b73f-0a2eaf85583f
2026-08-18,PLTR,Palantir,Commercial Contracts Specialist,Legal,"New York, NY",other,mid,0,0,0,,110000,https://jobs.lever.co/palantir/45241c61-11af-45b5-86a0-a5302c028d6d
2026-08-18,PLTR,Palantir,Commercial Contracts Specialist,Legal,"Palo Alto, CA",other,mid,0,0,0,,110000,https://jobs.lever.co/palantir/9675791e-59c3-4677-ac62-0c80c38da2eb
2026-08-18,PLTR,Palantir,Corporate Counsel,Legal,"New York, NY",nontech,mid,0,0,0,,167500,https://jobs.lever.co/palantir/1a581b97-ce5b-4b4c-84b0-dd54cf8cfe14
2026-08-18,PLTR,Palantir,Corporate Counsel,Legal,"Palo Alto, CA",nontech,mid,0,0,0,,167500,https://jobs.lever.co/palantir/1ef0cb77-03a2-4b60-b61d-ace924ef06e7
2026-08-18,PLTR,Palantir,Corporate Counsel,Legal,"Washington, D.C.",nontech,mid,0,0,0,,167500,https://jobs.lever.co/palantir/9804d4d1-bd2f-42d5-ae3e-3e3e51aa3830
2026-08-18,PLTR,Palantir,Deal Operations Administrator,Legal,"New York, NY",nontech,mid,0,0,0,,93500,https://jobs.lever.co/palantir/157d4289-183f-4c4d-bc77-0dbacaba4612
2026-08-18,PLTR,Palantir,Deal Operations Administrator,Legal,"Denver, CO",nontech,mid,0,0,0,,93500,https://jobs.lever.co/palantir/403e8826-3421-43db-ac48-4ddac10cc78d
2026-08-18,PLTR,Palantir,Deal Operations Administrator,Legal,"Palo Alto, CA",nontech,mid,0,0,0,,93500,https://jobs.lever.co/palantir/8c59a77a-1a57-4a2b-9d03-0b757b719015
2026-08-18,PLTR,Palantir,Deal Operations Administrator,Legal,"Washington, D.C.",nontech,mid,0,0,0,,93500,https://jobs.lever.co/palantir/8de3d5d0-8c0a-40ee-9f57-a75165c98689
2026-08-18,PLTR,Palantir,Deal Team - Business Affairs,Business Development,"New York, NY",other,mid,0,0,0,,167500,https://jobs.lever.co/palantir/16a1b500-13fe-4c22-ad89-372093b462da
2026-08-18,PLTR,Palantir,Deal Team - Business Affairs,Business Development,"Washington, D.C.",other,mid,0,0,0,,167500,https://jobs.lever.co/palantir/2add8e90-c65a-4684-8c0d-6dfa7a541871
2026-08-18,PLTR,Palantir,Deal Team - Business Affairs,Business Development,"Palo Alto, CA",other,mid,0,0,0,,167500,https://jobs.lever.co/palantir/a7a77fc5-9f68-4ded-aad7-4814d96cb316
2026-08-18,PLTR,Palantir,Defensive Security Analyst,Information Security,"Washington, D.C.",other,mid,0,0,0,,172500,https://jobs.lever.co/palantir/bc803bd5-7793-452d-9ae5-9301ee24615a
2026-08-18,PLTR,Palantir,Deployment Strategist,Echo,"Seoul, South Korea",demand_validated,mid,0,0,0,,,https://jobs.lever.co/palantir/2e193bdf-e668-49c1-ba32-66cc1aa131a4
2026-08-18,PLTR,Palantir,Deployment Strategist,Echo,"Copenhagen, Denmark",demand_validated,mid,0,0,0,,,https://jobs.lever.co/palantir/2edc9cc5-4614-4d23-9b98-597722e374cc
2026-08-18,PLTR,Palantir,Deployment Strategist,Echo,"Sydney, Australia",demand_validated,mid,0,0,0,,,https://jobs.lever.co/palantir/31d461a1-4327-4317-8555-04e2a2fe74b8
2026-08-18,PLTR,Palantir,Deployment Strategist,Echo,"Vilnius, Lithuania",demand_validated,mid,0,0,0,,,https://jobs.lever.co/palantir/4e99e055-96c7-497e-8099-3318e1ce0626
2026-08-18,PLTR,Palantir,Deployment Strategist,Echo,"Amsterdam, Netherlands",demand_validated,mid,0,0,0,,,https://jobs.lever.co/palantir/55c68159-62d3-40ed-b4a7-8b586dc99200
2026-08-18,PLTR,Palantir,Deployment Strategist,Echo,"London, United Kingdom",demand_validated,mid,0,0,0,,,https://jobs.lever.co/palantir/79c3f906-622b-4261-8fc6-8af0028caa27
2026-08-18,PLTR,Palantir,Deployment Strategist,Echo,"Oslo, Norway",demand_validated,mid,0,0,0,,,https://jobs.lever.co/palantir/b81be534-e1d6-4946-8121-1e1360d4d030
2026-08-18,PLTR,Palantir,Deployment Strategist,Echo,"Chicago, IL",demand_validated,mid,0,0,0,,,https://jobs.lever.co/palantir/bc087dba-1e41-49e0-83bd-36832122363d
2026-08-18,PLTR,Palantir,Deployment Strategist,Echo,"Abu Dhabi, United Arab Emirates",demand_validated,mid,0,0,0,,,https://jobs.lever.co/palantir/cbee0a7c-2f96-4dbf-b842-6e4b517541d8
2026-08-18,PLTR,Palantir,Deployment Strategist,Echo,"Stockholm, Sweden",demand_validated,mid,0,0,0,,,https://jobs.lever.co/palantir/dec0d987-ecf3-4e48-85c5-214807b11d28
2026-08-18,PLTR,Palantir,Deployment Strategist,Echo,"New York, NY",demand_validated,mid,0,0,0,,140000,https://jobs.lever.co/palantir/e0ab8226-b928-4e3a-bf87-08fe7b1ea595
2026-08-18,PLTR,Palantir,Deployment Strategist,Echo,"Singapore, Singapore",demand_validated,mid,0,0,0,,,https://jobs.lever.co/palantir/e65e0d73-1d91-4696-809f-7810ecd474d1
2026-08-18,PLTR,Palantir,Deployment Strategist - Intel,Echo,"Washington, D.C.",demand_validated,mid,0,0,0,,140000,https://jobs.lever.co/palantir/e5b8c2f0-aa26-4615-ba92-f4b5c175c112
2026-08-18,PLTR,Palantir,Deployment Strategist - Japan Commercial,Echo,"Tokyo, Japan",demand_validated,mid,0,0,0,,,https://jobs.lever.co/palantir/ba8fdce3-7f60-45f6-8323-d74cc18c4320
2026-08-18,PLTR,Palantir,Deployment Strategist - Japan Forward Deployed,Echo,"Washington, D.C.",demand_validated,mid,0,0,0,,140000,https://jobs.lever.co/palantir/fa93a1f8-dc95-40d0-b5ca-f2aebaab0806
2026-08-18,PLTR,Palantir,Deployment Strategist - Japan Government,Echo,"Tokyo, Japan",demand_validated,mid,0,0,0,,,https://jobs.lever.co/palantir/2bfdcb53-7abd-42a4-9eaf-ebe07450f798
2026-08-18,PLTR,Palantir,Deployment Strategist - Korea Forward Deployed,Echo,"Washington, D.C.",demand_validated,mid,0,0,0,,140000,https://jobs.lever.co/palantir/1a53939d-8ffa-4570-b31a-6d0bc53fdb59
2026-08-18,PLTR,Palantir,Deployment Strategist - Spain,Echo,"Madrid, Spain",demand_validated,mid,0,0,0,,,https://jobs.lever.co/palantir/1f007e36-a620-4d15-bf0b-70dc3f3439d8
2026-08-18,PLTR,Palantir,Deployment Strategist - UK Government,Echo,"London, United Kingdom",demand_validated,mid,0,0,0,,,https://jobs.lever.co/palantir/2f3a0a57-8f77-44d2-99c3-18aef115374f
2026-08-18,PLTR,Palantir,Deployment Strategist - US Government,Echo,"New York, NY",demand_validated,mid,0,0,0,,140000,https://jobs.lever.co/palantir/30c2563d-9a16-4dd7-81e8-b6f646384199
2026-08-18,PLTR,Palantir,Deployment Strategist - US Government,Echo,"Fayetteville, NC",demand_validated,mid,0,0,0,,140000,https://jobs.lever.co/palantir/5f39f83b-ef08-4ee8-afda-a2c77440598f
2026-08-18,PLTR,Palantir,Deployment Strategist - US Government,Echo,"Honolulu, HI",demand_validated,mid,0,0,0,,140000,https://jobs.lever.co/palantir/6f5cf287-1d3e-4c10-abf6-18cf4c955ded
2026-08-18,PLTR,Palantir,Deployment Strategist - US Government,Echo,"Washington, D.C.",demand_validated,mid,0,0,0,,140000,https://jobs.lever.co/palantir/ead4e034-e6e1-4993-86d1-ad9b8e2933a5
2026-08-18,PLTR,Palantir,Deployment Strategist - Warp Speed,Echo,"New York, NY",demand_validated,mid,0,0,0,,140000,https://jobs.lever.co/palantir/8c95f750-9d42-456e-91fd-464ad87e4b83
2026-08-18,PLTR,Palantir,"Deployment Strategist, Build to Apply - US Government",Echo,"Washington, D.C.",demand_validated,mid,0,5,1,application|buzz,140000,https://jobs.lever.co/palantir/2d8a194e-40fa-4ccd-bb93-c40f9ce869d7
2026-08-18,PLTR,Palantir,"Deployment Strategist, Build to Apply - US Government",Echo,"Fayetteville, NC",demand_validated,mid,0,5,1,application|buzz,140000,https://jobs.lever.co/palantir/3f662628-2877-42fb-8866-a2b709de17ca
2026-08-18,PLTR,Palantir,"Deployment Strategist, Build to Apply - US Government",Echo,"San Diego, CA",demand_validated,mid,0,5,1,application|buzz,140000,https://jobs.lever.co/palantir/6a104c4e-35d4-4a1f-98ef-bec00ae4b458
2026-08-18,PLTR,Palantir,"Deployment Strategist, Build to Apply - US Government",Echo,"Honolulu, HI",demand_validated,mid,0,5,1,application|buzz,140000,https://jobs.lever.co/palantir/70facf19-1508-4fb9-bee9-d731aafada56
2026-08-18,PLTR,Palantir,"Deployment Strategist, Build to Apply - US Government",Echo,"Colorado Springs, CO",demand_validated,mid,0,5,1,application|buzz,140000,https://jobs.lever.co/palantir/842d6bc5-823c-4a77-8839-3f0f427bcd8c
2026-08-18,PLTR,Palantir,"Deployment Strategist, Build to Apply - US Government",Echo,"New York, NY",demand_validated,mid,0,5,1,application|buzz,140000,https://jobs.lever.co/palantir/ec006383-f48c-452c-a124-88657b5e3277
2026-08-18,PLTR,Palantir,"Deployment Strategist, Internship",Echo,"Paris, France",demand_validated,intern,0,3,1,model_infra,,https://jobs.lever.co/palantir/774cf5c9-bf6a-4d77-bf60-d50ef1beb1a0
2026-08-18,PLTR,Palantir,"Deployment Strategist, Internship - US Government",Echo,"Honolulu, HI",demand_validated,intern,0,0,0,,,https://jobs.lever.co/palantir/a49d4181-a289-435a-b581-7f5af0497c8e
2026-08-18,PLTR,Palantir,"Deployment Strategist, New Grad - Commercial",Echo,"Seoul, South Korea",demand_validated,intern,0,0,0,,,https://jobs.lever.co/palantir/d5f11334-3a73-4094-b7e0-d05b54e475b8
2026-08-18,PLTR,Palantir,"Deployment Strategist, New Grad - Intel, US Government",Echo,"Washington, D.C.",demand_validated,intern,0,0,0,,140000,https://jobs.lever.co/palantir/5d8286d6-992a-404b-94af-99c173d40299
2026-08-18,PLTR,Palantir,DevOps Engineer,Technical Operations,"Washington, D.C.",product_eng,mid,0,0,0,,167500,https://jobs.lever.co/palantir/51ea4a3b-7764-4c87-96e4-310e19c856d5
2026-08-18,PLTR,Palantir,DevOps Engineer,Technical Operations,"New York, NY",product_eng,mid,0,0,0,,167500,https://jobs.lever.co/palantir/c3f40e41-6258-4233-a7f9-091bf67df30b
2026-08-18,PLTR,Palantir,Edge Infrastructure Engineer,Business Development,"Warsaw, Poland",product_eng,mid,0,0,0,,,https://jobs.lever.co/palantir/3d06b4bc-6a7b-4f73-b5c5-4544354e3d0f
2026-08-18,PLTR,Palantir,Edge Infrastructure Engineer,Business Development,"Paris, France",product_eng,mid,0,0,0,,,https://jobs.lever.co/palantir/ce20af4c-4de3-4079-bbdf-bc30a2e25404
2026-08-18,PLTR,Palantir,Edge Infrastructure Engineer,Business Development,"London, United Kingdom",product_eng,mid,0,0,0,,,https://jobs.lever.co/palantir/fe65ee3c-61e0-4eb6-99e5-c90e38e7043f
2026-08-18,PLTR,Palantir,Embedded Legal Engineer,Legal,"Palo Alto, CA",product_eng,mid,0,7,1,application|buzz,122500,https://jobs.lever.co/palantir/2d2f0ed7-134a-4f24-af89-cfb8583d796a
2026-08-18,PLTR,Palantir,Embedded Legal Engineer,Legal,"New York, NY",product_eng,mid,0,7,1,application|buzz,122500,https://jobs.lever.co/palantir/471ccceb-3614-4c28-a1af-b1235c081173
2026-08-18,PLTR,Palantir,Embedded Legal Engineer,Legal,"Washington, D.C.",product_eng,mid,0,7,1,application|buzz,122500,https://jobs.lever.co/palantir/84335d8e-f91c-4741-b4c6-7649f3ac948d
2026-08-18,PLTR,Palantir,Forward Deployed AI Engineer,Delta,"New York, NY",demand_validated,mid,1,5,1,application|buzz,167500,https://jobs.lever.co/palantir/636fc05c-d348-4a06-be51-597cb9e07488
2026-08-18,PLTR,Palantir,Forward Deployed AI Engineer,Delta,"London, United Kingdom",demand_validated,mid,1,5,1,application|buzz,,https://jobs.lever.co/palantir/ff1029bd-bb6d-4d78-a03e-5f9744d0b798
2026-08-18,PLTR,Palantir,Forward Deployed Enablement Engineer - Customer Success,Engineering,"London, United Kingdom",demand_validated,mid,0,0,0,,,https://jobs.lever.co/palantir/00c2c97b-8514-4617-9883-e53e486b6dcd
2026-08-18,PLTR,Palantir,Forward Deployed Enablement Engineer - Customer Success,Engineering,"New York, NY",demand_validated,mid,0,0,0,,128500,https://jobs.lever.co/palantir/4cba9c95-d16f-440d-83e7-2352480f689f
2026-08-18,PLTR,Palantir,Forward Deployed Enablement Engineer - Customer Success,Engineering,"Washington, D.C.",demand_validated,mid,0,0,0,,128500,https://jobs.lever.co/palantir/a90eb029-19cc-413c-bd51-b8411053d7d4
2026-08-18,PLTR,Palantir,Forward Deployed Engineer - Mixed Reality,Product Development,"Washington, D.C.",demand_validated,mid,0,4,1,application|buzz,167500,https://jobs.lever.co/palantir/96a0ce26-cf84-4fa8-934b-acc4363620b2
2026-08-18,PLTR,Palantir,Forward Deployed Infrastructure Engineer - UK Government,Delta,"London, United Kingdom",demand_validated,mid,0,4,1,application|buzz,,https://jobs.lever.co/palantir/72e51928-07f0-4be0-aae5-0ae6956a4846
2026-08-18,PLTR,Palantir,Forward Deployed Infrastructure Engineer - US Government,Delta,"Honolulu, HI",demand_validated,mid,0,4,1,application|buzz,167500,https://jobs.lever.co/palantir/0fccbe95-2520-4df3-8600-7897656c06a2
2026-08-18,PLTR,Palantir,Forward Deployed Infrastructure Engineer - US Government,Delta,"Washington, D.C.",demand_validated,mid,0,4,1,application|buzz,167500,https://jobs.lever.co/palantir/74748e0e-a0bc-4c53-a636-ef14e36d9b5e
2026-08-18,PLTR,Palantir,Forward Deployed Infrastructure Engineer - US Government,Delta,"New York, NY",demand_validated,mid,0,4,1,application|buzz,167500,https://jobs.lever.co/palantir/b57f08e9-546c-4b9b-8d21-db0ebbc11363
2026-08-18,PLTR,Palantir,"Forward Deployed Infrastructure Engineer, New Grad - US Government",Delta,"Palo Alto, CA",demand_validated,intern,0,4,1,application|buzz,140000,https://jobs.lever.co/palantir/33243fb5-6907-40c7-930c-968b25d825d0
2026-08-18,PLTR,Palantir,"Forward Deployed Infrastructure Engineer, New Grad - US Government",Delta,"Washington, D.C.",demand_validated,intern,0,4,1,application|buzz,140000,https://jobs.lever.co/palantir/5a28f3a5-8655-47f2-ab19-a79b8a319da8
2026-08-18,PLTR,Palantir,"Forward Deployed Infrastructure Engineer, New Grad - US Government",Delta,"New York, NY",demand_validated,intern,0,4,1,application|buzz,140000,https://jobs.lever.co/palantir/91117724-9389-48dc-912f-98e48d4d45d8
2026-08-18,PLTR,Palantir,Forward Deployed Reliability Engineer,Product Development,"London, United Kingdom",demand_validated,mid,0,0,0,,,https://jobs.lever.co/palantir/5a99fe16-1bda-4313-ace2-a11ea6e58f0c
2026-08-18,PLTR,Palantir,Forward Deployed Reliability Engineer,Product Development,"New York, NY",demand_validated,mid,0,0,0,,128500,https://jobs.lever.co/palantir/689e6869-01bc-40f1-b580-adb33a020065
2026-08-18,PLTR,Palantir,Forward Deployed Security Engineer - US Government,Business Development,"Washington, D.C.",demand_validated,mid,0,0,0,,120000,https://jobs.lever.co/palantir/22053072-4c22-49c4-8299-28e107ceeb98
2026-08-18,PLTR,Palantir,Forward Deployed Site Reliability Engineer - US Government,Business Development,"Washington, D.C.",demand_validated,mid,0,0,0,,155000,https://jobs.lever.co/palantir/a194220b-684a-4b4e-b918-1f70154b464c
2026-08-18,PLTR,Palantir,Forward Deployed Software Engineer,Delta,"Seoul, South Korea",demand_validated,mid,0,4,1,application|buzz,,https://jobs.lever.co/palantir/1bb19522-3936-4adc-9ced-c3df8b5900b9
2026-08-18,PLTR,Palantir,Forward Deployed Software Engineer,Delta,"Amsterdam, Netherlands",demand_validated,mid,0,0,0,,,https://jobs.lever.co/palantir/492a16bb-6b9f-457e-82c3-294e1a2c565d
2026-08-18,PLTR,Palantir,Forward Deployed Software Engineer,Delta,"London, United Kingdom",demand_validated,mid,0,4,1,application|buzz,,https://jobs.lever.co/palantir/5168e8fd-fec1-4fea-b7a1-81bdaea65850
2026-08-18,PLTR,Palantir,Forward Deployed Software Engineer,Delta,"Dubai, United Arab Emirates",demand_validated,mid,0,0,0,,,https://jobs.lever.co/palantir/8148182c-6127-4689-b615-7815a94173bb
2026-08-18,PLTR,Palantir,Forward Deployed Software Engineer,Delta,"Abu Dhabi, United Arab Emirates",demand_validated,mid,0,0,0,,,https://jobs.lever.co/palantir/90aa8748-3fef-4e2b-9ea9-c4dc5f37f0d2
2026-08-18,PLTR,Palantir,Forward Deployed Software Engineer,Delta,"Vilnius, Lithuania",demand_validated,mid,0,0,0,,,https://jobs.lever.co/palantir/98b81271-9e15-40b7-8dce-0c62f24702f9
2026-08-18,PLTR,Palantir,Forward Deployed Software Engineer,Delta,"Tel Aviv, Israel",demand_validated,mid,0,0,0,,,https://jobs.lever.co/palantir/c4442730-2926-41ad-8c0e-5e5a6b4d14ae
2026-08-18,PLTR,Palantir,Forward Deployed Software Engineer,Delta,"Stockholm, Sweden",demand_validated,mid,0,0,0,,,https://jobs.lever.co/palantir/d084b769-6f53-4409-afa8-c183b059b384
2026-08-18,PLTR,Palantir,Forward Deployed Software Engineer,Delta,"New York, NY",demand_validated,mid,0,4,1,application|buzz,167500,https://jobs.lever.co/palantir/dab396d4-2f14-4796-aac0-0d82883dccf0
2026-08-18,PLTR,Palantir,Forward Deployed Software Engineer  - Edge Autonomous Systems,Product Development,"Washington, D.C.",demand_validated,mid,0,2,0,buzz,167500,https://jobs.lever.co/palantir/27bf5707-96fa-460e-8a5b-53bc192ca87b
2026-08-18,PLTR,Palantir,Forward Deployed Software Engineer - Autonomous Systems C2,Product Development,"Seattle, WA",demand_validated,mid,0,5,1,application|buzz,167500,https://jobs.lever.co/palantir/0edf7365-49f0-4263-818a-19409ec4f430
2026-08-18,PLTR,Palantir,Forward Deployed Software Engineer - Autonomous Systems C2,Product Development,"Palo Alto, CA",demand_validated,mid,0,5,1,application|buzz,167500,https://jobs.lever.co/palantir/c62264f5-5da8-40fe-9b44-f7f0f0012e11
2026-08-18,PLTR,Palantir,Forward Deployed Software Engineer - Intel,Delta,"Washington, D.C.",demand_validated,mid,0,0,0,,167500,https://jobs.lever.co/palantir/34b3a697-6e22-4751-befd-0b7921abbd5f
2026-08-18,PLTR,Palantir,Forward Deployed Software Engineer - Japan Forward Deployed,Delta,"Washington, D.C.",demand_validated,mid,0,0,0,,167500,https://jobs.lever.co/palantir/8aba5995-653d-4805-96e8-24488e6abf37
2026-08-18,PLTR,Palantir,Forward Deployed Software Engineer - Japan Government,Delta,"Tokyo, Japan",demand_validated,mid,0,0,0,,,https://jobs.lever.co/palantir/12e94938-55cb-4ad9-9c05-405ebc9ef430
2026-08-18,PLTR,Palantir,Forward Deployed Software Engineer - Korea Forward Deployed,Delta,"Washington, D.C.",demand_validated,mid,0,0,0,,167500,https://jobs.lever.co/palantir/a39bf84c-6648-4871-bd07-9b882d401c4c
2026-08-18,PLTR,Palantir,Forward Deployed Software Engineer - NATO,Delta,"London, United Kingdom",demand_validated,mid,0,0,0,,,https://jobs.lever.co/palantir/73d1a90c-162d-4cb6-9e0c-4c8de9561ad0
2026-08-18,PLTR,Palantir,Forward Deployed Software Engineer - Norwegian Government,Delta,"Oslo, Norway",demand_validated,mid,0,0,0,,,https://jobs.lever.co/palantir/0a0d2db2-75a5-48e4-b0a0-81baa6588e36
2026-08-18,PLTR,Palantir,Forward Deployed Software Engineer - Spain,Delta,"Madrid, Spain",demand_validated,mid,0,0,0,,,https://jobs.lever.co/palantir/53fb4c05-f949-4146-a046-5c063c36a628
2026-08-18,PLTR,Palantir,Forward Deployed Software Engineer - Tactical Edge,Delta,"Washington, D.C.",demand_validated,mid,0,0,0,,167500,https://jobs.lever.co/palantir/3d0d9d92-0321-4459-a17d-fa1a76636a43
2026-08-18,PLTR,Palantir,Forward Deployed Software Engineer - UK Government,Delta,"London, United Kingdom",demand_validated,mid,0,0,0,,,https://jobs.lever.co/palantir/57a3f928-e7d3-4037-8196-b38e2f867152
2026-08-18,PLTR,Palantir,Forward Deployed Software Engineer - US Government,Delta,"Washington, D.C.",demand_validated,mid,0,0,0,,167500,https://jobs.lever.co/palantir/289ad049-7b4e-41e3-8a39-146fbeb6fb64
2026-08-18,PLTR,Palantir,Forward Deployed Software Engineer - US Government,Delta,"San Diego, CA",demand_validated,mid,0,0,0,,167500,https://jobs.lever.co/palantir/84131e3f-455e-47fc-9c11-898d95f09048
2026-08-18,PLTR,Palantir,Forward Deployed Software Engineer - US Government,Delta,"Honolulu, HI",demand_validated,mid,0,0,0,,162500,https://jobs.lever.co/palantir/ce8ca664-60dc-4f9a-8986-3c96673bcfdf
2026-08-18,PLTR,Palantir,Forward Deployed Software Engineer - US Government,Delta,"Fayetteville, NC",demand_validated,mid,0,0,0,,167500,https://jobs.lever.co/palantir/d83fac1c-353e-4b77-a586-3276b1090b6e
2026-08-18,PLTR,Palantir,Forward Deployed Software Engineer - US Government,Delta,"New York, NY",demand_validated,mid,0,0,0,,167500,https://jobs.lever.co/palantir/e82b696e-a085-4bbf-8bcb-6d2c4f8cf2f7
2026-08-18,PLTR,Palantir,Forward Deployed Software Engineer - US Government - Federal Health and Civilian,Delta,"New York, NY",demand_validated,mid,0,4,1,application|buzz,167500,https://jobs.lever.co/palantir/be4ab5cb-9caa-4c2a-97b9-c73805fca4fc
2026-08-18,PLTR,Palantir,Forward Deployed Software Engineer - US Government - Federal Health and Civilian,Delta,"Washington, D.C.",demand_validated,mid,0,4,1,application|buzz,167500,https://jobs.lever.co/palantir/e7100322-be11-40c8-9dba-7a21b7302c08
2026-08-18,PLTR,Palantir,Forward Deployed Software Engineer - Warp Speed,Delta,"New York, NY",demand_validated,mid,0,4,1,application|buzz,167500,https://jobs.lever.co/palantir/13f99633-43b5-4459-8e84-25073f257c18
2026-08-18,PLTR,Palantir,"Forward Deployed Software Engineer, Internship",Delta,"Paris, France",demand_validated,intern,0,0,0,,,https://jobs.lever.co/palantir/1b6f1d82-d459-4dea-8bc2-8d2ffe6f881a
2026-08-18,PLTR,Palantir,"Forward Deployed Software Engineer, Internship - AUS Government",Delta,"Sydney, Australia",demand_validated,intern,0,0,0,,,https://jobs.lever.co/palantir/395a4483-fc3d-4b77-a500-501923fd0976
2026-08-18,PLTR,Palantir,"Forward Deployed Software Engineer, Internship - Commercial",Delta,"Seoul, South Korea",demand_validated,intern,0,7,1,application|buzz,,https://jobs.lever.co/palantir/2ad0ab10-34c3-410d-883b-8052864a95cd
2026-08-18,PLTR,Palantir,"Forward Deployed Software Engineer, Internship - Commercial",Delta,"New York, NY",demand_validated,intern,0,7,1,application|buzz,,https://jobs.lever.co/palantir/4d29249a-d7e8-4c39-880d-3b35d7b2f6f6
2026-08-18,PLTR,Palantir,"Forward Deployed Software Engineer, Internship - Commercial",Delta,"London, United Kingdom",demand_validated,intern,0,7,1,application|buzz,,https://jobs.lever.co/palantir/599b1907-aba1-4303-837b-66e69a521636
2026-08-18,PLTR,Palantir,"Forward Deployed Software Engineer, Internship - Commercial",Delta,"Chicago, IL",demand_validated,intern,0,7,1,application|buzz,,https://jobs.lever.co/palantir/d5486403-c050-4920-b2e0-91b69b61ebb2
2026-08-18,PLTR,Palantir,"Forward Deployed Software Engineer, Internship - Defense Tech",Delta,"Washington, D.C.",demand_validated,intern,0,0,0,,,https://jobs.lever.co/palantir/cccfe1bd-f15b-4fe5-b044-c793e7961c1b
2026-08-18,PLTR,Palantir,"Forward Deployed Software Engineer, Internship - France",Delta,"New York, NY",demand_validated,intern,0,0,0,,,https://jobs.lever.co/palantir/ac0dc094-2480-43c2-8495-26ade227ff4f
2026-08-18,PLTR,Palantir,"Forward Deployed Software Engineer, Internship - Intel",Delta,"Washington, D.C.",demand_validated,intern,0,0,0,,,https://jobs.lever.co/palantir/9e40d77f-b07c-437b-98e7-def9b0184d89
2026-08-18,PLTR,Palantir,"Forward Deployed Software Engineer, Internship - Poland",Delta,"New York, NY",demand_validated,intern,0,0,0,,,https://jobs.lever.co/palantir/d582cd84-14fd-4aa3-b413-15982d286bd9
2026-08-18,PLTR,Palantir,"Forward Deployed Software Engineer, Internship - UK Government",Delta,"London, United Kingdom",demand_validated,intern,0,7,1,application|buzz,,https://jobs.lever.co/palantir/26e23f5d-083b-45aa-b223-1a6e43d960bf
2026-08-18,PLTR,Palantir,"Forward Deployed Software Engineer, Internship - US Government",Delta,"Honolulu, HI",demand_validated,intern,0,0,0,,,https://jobs.lever.co/palantir/315f695d-04d1-4a9a-848e-cb2bec7a997e
2026-08-18,PLTR,Palantir,"Forward Deployed Software Engineer, Internship - US Government",Delta,"New York, NY",demand_validated,intern,0,0,0,,,https://jobs.lever.co/palantir/e0010393-c300-446f-bf67-fa2ef067f16f
2026-08-18,PLTR,Palantir,"Forward Deployed Software Engineer, Internship - US Government",Delta,"Washington, D.C.",demand_validated,intern,0,0,0,,,https://jobs.lever.co/palantir/e6ff8bf2-135e-474d-ad37-24f490ae1dd2
2026-08-18,PLTR,Palantir,"Forward Deployed Software Engineer, New Grad - Commercial",Delta,"London, United Kingdom",demand_validated,intern,0,7,1,application|buzz,,https://jobs.lever.co/palantir/2aa14e4f-d406-486e-9aa8-6ff3358d70a0
2026-08-18,PLTR,Palantir,"Forward Deployed Software Engineer, New Grad - Commercial",Delta,"New York, NY",demand_validated,intern,0,7,1,application|buzz,140000,https://jobs.lever.co/palantir/2e6b0ac8-83e9-4be5-a3aa-cf319f751728
2026-08-18,PLTR,Palantir,"Forward Deployed Software Engineer, New Grad - Commercial",Delta,"Seoul, South Korea",demand_validated,intern,0,7,1,application|buzz,,https://jobs.lever.co/palantir/341d5cae-a473-4813-9a6c-0f67fcc1b253
2026-08-18,PLTR,Palantir,"Forward Deployed Software Engineer, New Grad - Commercial",Delta,"Chicago, IL",demand_validated,intern,0,7,1,application|buzz,140000,https://jobs.lever.co/palantir/e500bcf3-19d8-4d3c-b340-4d76e4a55b40
2026-08-18,PLTR,Palantir,"Forward Deployed Software Engineer, New Grad - Intel, US Government",Delta,"Washington, D.C.",demand_validated,intern,0,0,0,,140000,https://jobs.lever.co/palantir/fbca0358-083a-4222-bdbb-3bd729b48382
2026-08-18,PLTR,Palantir,"Forward Deployed Software Engineer, New Grad - UK Government",Delta,"London, United Kingdom",demand_validated,intern,0,7,1,application|buzz,,https://jobs.lever.co/palantir/b4aa51a2-bc43-4d67-bf55-12db7feefb3a
2026-08-18,PLTR,Palantir,"Forward Deployed Software Engineer, New Grad - US Government",Delta,"Washington, D.C.",demand_validated,intern,0,0,0,,140000,https://jobs.lever.co/palantir/cbe90327-3e6e-451c-a54c-1d3cbcef5aeb
2026-08-18,PLTR,Palantir,"Forward Deployed Software Engineer, New Grad - US Government",Delta,"New York, NY",demand_validated,intern,0,0,0,,140000,https://jobs.lever.co/palantir/d1ac83d0-e923-42a5-8e6d-58dd0cab25ca
2026-08-18,PLTR,Palantir,Full Stack Software Engineer - Application Development,Dev,"New York, NY",product_eng,mid,0,0,0,,167500,https://jobs.lever.co/palantir/2da4be12-bc7a-4950-87db-e9d68d955ff7
2026-08-18,PLTR,Palantir,Full Stack Software Engineer - Application Development,Dev,"London, United Kingdom",product_eng,mid,0,0,0,,,https://jobs.lever.co/palantir/c44510a1-9537-4c52-ae81-51546979fe47
2026-08-18,PLTR,Palantir,GRC Program Manager,Information Security,"New York, NY",other,mid,0,0,0,,125000,https://jobs.lever.co/palantir/4625019a-479a-41dd-bd5a-21847629772b
2026-08-18,PLTR,Palantir,GRC Program Manager,Information Security,"Washington, D.C.",other,mid,0,0,0,,125000,https://jobs.lever.co/palantir/def1573d-c2b6-42a7-963b-e13c3587b5e9
2026-08-18,PLTR,Palantir,GRC Program Manager,Information Security,"Seattle, WA",other,mid,0,0,0,,125000,https://jobs.lever.co/palantir/e5869901-d578-4229-a856-47af76a8f39a
2026-08-18,PLTR,Palantir,Incident Management Engineer,Product Support,"New York, NY",product_eng,mid,0,0,0,,118000,https://jobs.lever.co/palantir/b72abc17-293d-47e0-a094-c1ab0016b794
2026-08-18,PLTR,Palantir,Information Security Engineer,Information Security,"Seattle, WA",product_eng,mid,0,0,0,,167500,https://jobs.lever.co/palantir/1124402c-2088-40c6-b6aa-b9ef7777519b
2026-08-18,PLTR,Palantir,Information Security Engineer,Information Security,"Washington, D.C.",product_eng,mid,0,0,0,,167500,https://jobs.lever.co/palantir/36703f67-6fae-445c-9277-f946121faaa0
2026-08-18,PLTR,Palantir,Information Security Engineer,Information Security,"New York, NY",product_eng,mid,0,0,0,,167500,https://jobs.lever.co/palantir/e2a8360a-710a-4185-b2a9-3b7d9fe590b1
2026-08-18,PLTR,Palantir,Information Security Engineer - Infrastructure Security,Information Security,"New York, NY",product_eng,mid,0,0,0,,172500,https://jobs.lever.co/palantir/1e77a5e8-9843-4516-a186-7c24f0ff07a0
2026-08-18,PLTR,Palantir,Information Security Engineer - Infrastructure Security,Information Security,"Washington, D.C.",product_eng,mid,0,0,0,,172500,https://jobs.lever.co/palantir/4bfef5e0-6689-4db8-9ffe-ab6df6836845
2026-08-18,PLTR,Palantir,Information Security Engineer - Insider Risk,Information Security,"New York, NY",product_eng,mid,0,0,0,,172500,https://jobs.lever.co/palantir/2127f3af-1fb3-4aa3-9aa1-eb06967e0166
2026-08-18,PLTR,Palantir,Information Security Engineer - Insider Risk,Information Security,"Seattle, WA",product_eng,mid,0,0,0,,172500,https://jobs.lever.co/palantir/6bddf672-5920-46f3-8127-2a15a377cb99
2026-08-18,PLTR,Palantir,Information Security Engineer - Insider Risk,Information Security,"Washington, D.C.",product_eng,mid,0,0,0,,172500,https://jobs.lever.co/palantir/b0e1823a-fbe7-4c9d-a4d3-a1e738db2589
2026-08-18,PLTR,Palantir,Legal Counsel - US Government,Legal,"Washington, D.C.",nontech,mid,0,1,0,buzz,205000,https://jobs.lever.co/palantir/b8816fd2-d12d-41dd-8467-88748903267f
2026-08-18,PLTR,Palantir,Legal Counsel - US Government,Legal,"New York, NY",nontech,mid,0,1,0,buzz,205000,https://jobs.lever.co/palantir/e72e00b7-7106-4974-8cb0-b6c150215b99
2026-08-18,PLTR,Palantir,Mixed Reality Developer,Dev,"Washington, D.C.",product_eng,mid,0,2,0,general_medium,172500,https://jobs.lever.co/palantir/74aed644-d963-4c5d-b7a0-149bc35f9c50
2026-08-18,PLTR,Palantir,Mobility Tax Analyst,Finance,"Palo Alto, CA",other,mid,0,1,0,buzz,112500,https://jobs.lever.co/palantir/7dc7e7c3-39bf-4f4e-a8eb-e38a4a0af238
2026-08-18,PLTR,Palantir,Mobility Tax Analyst,Finance,"London, United Kingdom",other,mid,0,1,0,buzz,,https://jobs.lever.co/palantir/d879b190-b6a1-41e1-9eca-bf94d36037e1
2026-08-18,PLTR,Palantir,Neurodivergent Fellowship,Business Development,"New York, NY",other,mid,0,5,1,application|buzz,155000,https://jobs.lever.co/palantir/61eaa54c-e1b7-4064-afad-f7df3d48d652
2026-08-18,PLTR,Palantir,Neurodivergent Fellowship,Business Development,"Washington, D.C.",other,mid,0,5,1,application|buzz,155000,https://jobs.lever.co/palantir/fd952b52-7b9c-4056-a3dd-0bc41fcfe603
2026-08-18,PLTR,Palantir,Offensive Security Engineer,Information Security,"Washington, D.C.",product_eng,mid,0,6,1,application,172500,https://jobs.lever.co/palantir/5614a901-ef96-4b9c-928d-4a9c338c8aad
2026-08-18,PLTR,Palantir,Offensive Security Engineer,Information Security,"New York, NY",product_eng,mid,0,6,1,application,172500,https://jobs.lever.co/palantir/5b1eac37-708b-4eb2-94f0-d2abe7945989
2026-08-18,PLTR,Palantir,Operations Analyst - US Government,Business Development,"Honolulu, HI",nontech,mid,0,0,0,,97500,https://jobs.lever.co/palantir/46530906-4822-4cce-ab86-ef7014d8547f
2026-08-18,PLTR,Palantir,Operations Analyst - US Government Security,Business Development,"New York, NY",nontech,mid,0,0,0,,97500,https://jobs.lever.co/palantir/2df67493-ffb3-4b34-bf3b-88b6750c3ea7
2026-08-18,PLTR,Palantir,People Partner,People,"Washington, D.C.",other,mid,0,0,0,,120500,https://jobs.lever.co/palantir/99ab8dbd-fd69-4216-8c2a-09a202a1cb17
2026-08-18,PLTR,Palantir,People Relations Specialist,People,"New York, NY",other,mid,0,0,0,,97500,https://jobs.lever.co/palantir/4a245bf7-0467-4436-ac22-7bad194c1a12
2026-08-18,PLTR,Palantir,People Relations Specialist,People,"Washington, D.C.",other,mid,0,0,0,,97500,https://jobs.lever.co/palantir/5eed9e3f-28b6-407f-b0be-ed26bc349895
2026-08-18,PLTR,Palantir,People Relations Specialist,People,"London, United Kingdom",other,mid,0,0,0,,,https://jobs.lever.co/palantir/fbdcd64f-651c-4b34-97ef-61419eb7d4e6
2026-08-18,PLTR,Palantir,Platform Engineer - Identity Infrastructure,Information Security,"Palo Alto, CA",product_eng,mid,0,7,1,application|buzz,167500,https://jobs.lever.co/palantir/721fe5ca-73b8-4223-826e-93a528194821
2026-08-18,PLTR,Palantir,Platform Engineer - Identity Infrastructure,Information Security,"Washington, D.C.",product_eng,mid,0,7,1,application|buzz,167500,https://jobs.lever.co/palantir/a80afc2b-2564-4a98-84c2-34cdcc0402df
2026-08-18,PLTR,Palantir,Platform Engineer - Identity Infrastructure,Information Security,"New York, NY",product_eng,mid,0,7,1,application|buzz,167500,https://jobs.lever.co/palantir/cf08f44c-bf75-45ed-9fab-f4836e51013e
2026-08-18,PLTR,Palantir,Platform Intelligence Engineer,Product Development,"New York, NY",product_eng,mid,0,0,0,,130000,https://jobs.lever.co/palantir/a753a9e7-a361-426b-9c25-3cf2488c1730
2026-08-18,PLTR,Palantir,Privacy & Civil Liberties Engineer - New Grad,Engineering,"New York, NY",product_eng,intern,0,1,0,buzz,140000,https://jobs.lever.co/palantir/95e0d2b0-437a-4096-a5c6-0f247f426c90
2026-08-18,PLTR,Palantir,"Privacy and Civil Liberties Software Engineer, Internship",Engineering,"New York, NY",product_eng,intern,0,1,0,buzz,,https://jobs.lever.co/palantir/09846827-b931-4a9f-bd64-c3bb8860187b
2026-08-18,PLTR,Palantir,Product Designer,Design,"London, United Kingdom",product_eng,mid,0,0,0,,,https://jobs.lever.co/palantir/2d8b7eaa-5c08-44ef-a0f0-5a96cee2794d
2026-08-18,PLTR,Palantir,Product Designer - US Government,Design,"New York, NY",product_eng,mid,0,0,0,,132500,https://jobs.lever.co/palantir/c2d11af1-5b84-4be0-92ac-36113fb8f2b5
2026-08-18,PLTR,Palantir,Product Designer - US Government,Design,"Washington, D.C.",product_eng,mid,0,0,0,,140000,https://jobs.lever.co/palantir/dc02f308-bbcc-4163-b4fb-3f68efb2ce24
2026-08-18,PLTR,Palantir,"Product Designer, Internship",Design,"New York, NY",product_eng,intern,0,0,0,,,https://jobs.lever.co/palantir/1a935143-e857-480c-bc5a-ad625d754eb6
2026-08-18,PLTR,Palantir,"Product Designer, Internship",Design,"London, United Kingdom",product_eng,intern,0,0,0,,,https://jobs.lever.co/palantir/44129013-01e0-4699-8fc1-7a189bb37b63
2026-08-18,PLTR,Palantir,"Product Designer, Internship - US Government",Design,"New York, NY",product_eng,intern,0,0,0,,,https://jobs.lever.co/palantir/8f7bbffa-92aa-4d25-9586-943b3322a27d
2026-08-18,PLTR,Palantir,"Product Designer, Internship - US Government",Design,"Palo Alto, CA",product_eng,intern,0,0,0,,,https://jobs.lever.co/palantir/9db71277-3a9a-481b-a2a3-25c3125b0e8a
2026-08-18,PLTR,Palantir,"Product Designer, Internship - US Government",Design,"Washington, D.C.",product_eng,intern,0,0,0,,,https://jobs.lever.co/palantir/fa060d94-f85d-4d02-be58-b81787fe57e5
2026-08-18,PLTR,Palantir,"Product Designer, New Grad",Design,"New York, NY",product_eng,intern,0,0,0,,132500,https://jobs.lever.co/palantir/4c0fb3a1-8256-4d14-9a27-23727235752e
2026-08-18,PLTR,Palantir,"Product Designer, New Grad",Design,"London, United Kingdom",product_eng,intern,0,0,0,,,https://jobs.lever.co/palantir/76161763-bafa-4ebb-a2ce-2a25e315b7d7
2026-08-18,PLTR,Palantir,"Product Designer, New Grad - US Government",Design,"Washington, D.C.",product_eng,intern,0,0,0,,132500,https://jobs.lever.co/palantir/25378ba0-db78-4c70-8174-a05ce514fc65
2026-08-18,PLTR,Palantir,"Product Designer, New Grad - US Government",Design,"Palo Alto, CA",product_eng,intern,0,0,0,,132500,https://jobs.lever.co/palantir/32295454-6629-4f47-b11e-bbd7f5d41acb
2026-08-18,PLTR,Palantir,"Product Designer, New Grad - US Government",Design,"New York, NY",product_eng,intern,0,0,0,,132500,https://jobs.lever.co/palantir/5f7a90e7-f927-47bf-90ed-52d17c58ae02
2026-08-18,PLTR,Palantir,Product Reliability Engineer - Defense,Product Support,"New York, NY",product_eng,mid,0,0,0,,118000,https://jobs.lever.co/palantir/250f623c-9afb-4c91-b0c0-25d4e83005ec
2026-08-18,PLTR,Palantir,Product Reliability Engineer - Defense,Product Support,"Washington, D.C.",product_eng,mid,0,0,0,,118000,https://jobs.lever.co/palantir/57699414-b373-4a5e-9be8-6fb7de41ea72
2026-08-18,PLTR,Palantir,Production Engineer - Database Operations,Product Development,"Singapore, Singapore",product_eng,mid,0,0,0,,,https://jobs.lever.co/palantir/c80690ca-704b-46c2-9d95-e4f6e98ce4e2
2026-08-18,PLTR,Palantir,Revenue Accounting Manager,Finance,"London, United Kingdom",nontech,mid,0,0,0,,,https://jobs.lever.co/palantir/14dbdeb9-1537-4ccf-83ac-608287efa00f
2026-08-18,PLTR,Palantir,Revenue Accounting Manager,Finance,"Palo Alto, CA",nontech,mid,0,0,0,,120000,https://jobs.lever.co/palantir/678d05bc-ea79-45ad-bdce-7a06a7cd9a54
2026-08-18,PLTR,Palantir,Revenue Accounting Manager,Finance,"New York, NY",nontech,mid,0,0,0,,120000,https://jobs.lever.co/palantir/d770616f-1422-4420-972c-f95c31ca58e7
2026-08-18,PLTR,Palantir,Sales,Sales,"New York, NY",nontech,mid,0,0,0,,132500,https://jobs.lever.co/palantir/24060586-7ba8-47c0-bfc1-f1dd5b82d8bd
2026-08-18,PLTR,Palantir,Senior Backend Software Engineer - Application Development,Dev,"New York, NY",product_eng,senior,0,4,1,buzz|model_infra,167500,https://jobs.lever.co/palantir/7177acab-5c64-4005-9b28-93f33b3e172a
2026-08-18,PLTR,Palantir,Senior Backend Software Engineer - Application Development,Dev,"London, United Kingdom",product_eng,senior,0,4,1,buzz|model_infra,,https://jobs.lever.co/palantir/a92b55d0-1d36-4884-8e65-f456450b3a74
2026-08-18,PLTR,Palantir,Senior Backend Software Engineer - Infrastructure,Dev,"London, United Kingdom",product_eng,senior,0,0,0,,,https://jobs.lever.co/palantir/2cd25c0b-088d-4a5c-9b96-1165a33fe652
2026-08-18,PLTR,Palantir,Senior Backend Software Engineer - Infrastructure,Dev,"New York, NY",product_eng,senior,0,0,0,,167500,https://jobs.lever.co/palantir/b5ad6660-8145-4be5-97e2-3799f2912f5b
2026-08-18,PLTR,Palantir,Senior Front End Software Engineer - Application Development,Dev,"London, United Kingdom",product_eng,senior,0,0,0,,,https://jobs.lever.co/palantir/4e7d0732-f477-4c7a-aac9-abd62f8c9987
2026-08-18,PLTR,Palantir,Senior Front End Software Engineer - Application Development,Dev,"New York, NY",product_eng,senior,0,0,0,,167500,https://jobs.lever.co/palantir/d2a87a1d-63f4-4dcd-b0d0-f6be91fed4d3
2026-08-18,PLTR,Palantir,Senior Identity Security Engineer,Information Security,"New York, NY",product_eng,senior,0,3,1,application,167500,https://jobs.lever.co/palantir/144f32bc-21e5-42bd-9710-7165a22d51e1
2026-08-18,PLTR,Palantir,Senior Identity Security Engineer,Information Security,"Washington, D.C.",product_eng,senior,0,3,1,application,167500,https://jobs.lever.co/palantir/146aba99-2a9a-44ee-9fb3-42dd1e211221
2026-08-18,PLTR,Palantir,Senior Identity Security Engineer,Information Security,"Palo Alto, CA",product_eng,senior,0,3,1,application,167500,https://jobs.lever.co/palantir/bb7af139-064c-4a59-a784-9ba8c4324d21
2026-08-18,PLTR,Palantir,Senior Revenue Accountant,Finance,"London, United Kingdom",other,senior,0,0,0,,,https://jobs.lever.co/palantir/5b4f55a5-e883-445e-853d-7e0d40eec055
2026-08-18,PLTR,Palantir,Senior Revenue Accountant,Finance,"Palo Alto, CA",other,senior,0,0,0,,115000,https://jobs.lever.co/palantir/ee898794-f9cc-45f1-8a40-9a49e7db62bd
2026-08-18,PLTR,Palantir,Senior Software Engineer - Autonomous Systems,Product Development,"Seattle, WA",product_eng,senior,0,8,1,application|buzz,172500,https://jobs.lever.co/palantir/88f8f593-af1f-4d27-9042-454c24a64d3f
2026-08-18,PLTR,Palantir,Senior Software Engineer - Autonomous Systems,Product Development,"New York, NY",product_eng,senior,0,8,1,application|buzz,172500,https://jobs.lever.co/palantir/bba1ecbc-e56d-48b0-b33a-aefcbffbd655
2026-08-18,PLTR,Palantir,Senior Software Engineer - Autonomous Systems,Product Development,"Washington, D.C.",product_eng,senior,0,8,1,application|buzz,172500,https://jobs.lever.co/palantir/d40d5d19-8f9e-4e6b-b4d3-b7457c90adec
2026-08-18,PLTR,Palantir,Senior Software Engineer - Autonomous Systems,Product Development,"Palo Alto, CA",product_eng,senior,0,8,1,application|buzz,172500,https://jobs.lever.co/palantir/d7030550-f80f-422c-965f-3120db433dea
2026-08-18,PLTR,Palantir,Senior Software Engineer - Observability,Dev,"New York, NY",product_eng,senior,0,0,0,,167500,https://jobs.lever.co/palantir/8a95dba1-b814-4243-be14-eba1df340ceb
2026-08-18,PLTR,Palantir,"Senior Software Engineer, Network Infrastructure",Dev,"Seattle, WA",product_eng,senior,0,0,0,,167500,https://jobs.lever.co/palantir/39c57909-ae76-4c86-9290-9fb50c689c4f
2026-08-18,PLTR,Palantir,"Senior Software Engineer, Network Infrastructure",Dev,"New York, NY",product_eng,senior,0,0,0,,167500,https://jobs.lever.co/palantir/55005ee7-4e06-4520-b569-f6e8f26745cb
2026-08-18,PLTR,Palantir,"Senior Software Engineer, Network Infrastructure",Dev,"Washington, D.C.",product_eng,senior,0,0,0,,167500,https://jobs.lever.co/palantir/89a77547-8b74-45b2-8590-f04b16e19a59
2026-08-18,PLTR,Palantir,"Senior Software Engineer, Substrate",Dev,"Washington, D.C.",product_eng,senior,0,0,0,,172500,https://jobs.lever.co/palantir/26176860-7b27-412a-9959-d8b8705acf53
2026-08-18,PLTR,Palantir,"Senior Software Engineer, Substrate",Dev,"New York, NY",product_eng,senior,0,0,0,,172500,https://jobs.lever.co/palantir/68d690cf-fc8a-4755-9b69-abe13f93d262
2026-08-18,PLTR,Palantir,"Senior Software Engineer, Substrate",Dev,"London, United Kingdom",product_eng,senior,0,0,0,,,https://jobs.lever.co/palantir/b80d45be-7fe8-4a11-b159-65551320c61f
2026-08-18,PLTR,Palantir,"Senior Software Engineer, Substrate",Dev,"Seattle, WA",product_eng,senior,0,0,0,,172500,https://jobs.lever.co/palantir/c38bb622-6f8e-43a1-8ae7-32291da328a8
2026-08-18,PLTR,Palantir,Site Reliability Engineer - US Government,Engineering,"Washington, D.C.",product_eng,mid,0,0,0,,155000,https://jobs.lever.co/palantir/211f99dc-269e-4f25-84d3-d73dea782080
2026-08-18,PLTR,Palantir,Site Reliability Operations Analyst - Commercial,Mission Operations,"New York, NY",nontech,mid,0,0,0,,126500,https://jobs.lever.co/palantir/5174e95b-2e0a-46f8-8db7-e2c837a0ac94
2026-08-18,PLTR,Palantir,Site Reliability Operations Analyst - US Government,Mission Operations,"Washington, D.C.",nontech,mid,0,0,0,,126500,https://jobs.lever.co/palantir/38758e88-5884-4a11-98ac-d23cab51bc7a
2026-08-18,PLTR,Palantir,Site Reliability Operations Analyst - US Government,Mission Operations,"New York, NY",nontech,mid,0,0,0,,126500,https://jobs.lever.co/palantir/7d91ca36-1e23-4603-b0f1-82a835e27d3f
2026-08-18,PLTR,Palantir,Software Engineer - Apollo Platform,Dev,"New York, NY",product_eng,mid,0,0,0,,167500,https://jobs.lever.co/palantir/8f308f3e-43d2-49c9-accd-cc7af0f1565c
2026-08-18,PLTR,Palantir,Software Engineer - Apollo Platform,Dev,"Seattle, WA",product_eng,mid,0,0,0,,167500,https://jobs.lever.co/palantir/afea07a8-2721-45e6-a9ca-6580f3f9783c
2026-08-18,PLTR,Palantir,Software Engineer - Apollo Platform,Dev,"London, United Kingdom",product_eng,mid,0,0,0,,,https://jobs.lever.co/palantir/f75cb0d2-6608-450b-848e-0f27937c930d
2026-08-18,PLTR,Palantir,Software Engineer - Apollo Systems,Dev,"New York, NY",product_eng,mid,0,1,0,buzz,172500,https://jobs.lever.co/palantir/832e4652-5088-4e5b-aeac-1e82ec3ebad4
2026-08-18,PLTR,Palantir,Software Engineer - Apollo Systems,Dev,"Seattle, WA",product_eng,mid,0,1,0,buzz,172500,https://jobs.lever.co/palantir/e47d4410-2542-47d8-b558-b5295fc28821
2026-08-18,PLTR,Palantir,Software Engineer - Core Interfaces,Dev,"New York, NY",product_eng,mid,0,4,1,application|buzz,167500,https://jobs.lever.co/palantir/3b4ae28e-c4f2-4654-83b4-64366bfe72fa
2026-08-18,PLTR,Palantir,Software Engineer - Core Interfaces,Dev,"Palo Alto, CA",product_eng,mid,0,4,1,application|buzz,167500,https://jobs.lever.co/palantir/cf76738e-3030-42fa-92ac-a9446df956fc
2026-08-18,PLTR,Palantir,Software Engineer - Defense Applications,Dev,"New York, NY",product_eng,mid,0,1,0,buzz,172500,https://jobs.lever.co/palantir/c288bb43-3c63-4557-bd96-600ef0d1b7a6
2026-08-18,PLTR,Palantir,Software Engineer - Defense Applications,Dev,"Washington, D.C.",product_eng,mid,0,1,0,buzz,172500,https://jobs.lever.co/palantir/f7dbfdf1-0bb1-4c11-ac15-6a139cee3410
2026-08-18,PLTR,Palantir,Software Engineer - Developer Productivity,Dev,"New York, NY",product_eng,mid,0,0,0,,167500,https://jobs.lever.co/palantir/3c84af24-b7aa-483e-b2c3-e1d83494fe15
2026-08-18,PLTR,Palantir,Software Engineer - Edge,Product Development,"Washington, D.C.",product_eng,mid,0,2,0,general_medium,,https://jobs.lever.co/palantir/397fb983-47b7-4a53-a7df-f080f43f7720
2026-08-18,PLTR,Palantir,Software Engineer - Edge AI Systems,Dev,"Seattle, WA",product_eng,mid,1,20,1,application|buzz|general_medium|model_infra,172500,https://jobs.lever.co/palantir/67110929-adea-41c3-851a-8882e222d9e4
2026-08-18,PLTR,Palantir,Software Engineer - Environment Platform,Dev,"Seattle, WA",product_eng,mid,0,0,0,,167500,https://jobs.lever.co/palantir/cd2423c6-da68-430c-8be5-0ae7eea36497
2026-08-18,PLTR,Palantir,Software Engineer - Environment Platform,Dev,"New York, NY",product_eng,mid,0,0,0,,167500,https://jobs.lever.co/palantir/d5d83a8f-cb96-41cc-9612-c7224fbb2fbc
2026-08-18,PLTR,Palantir,Software Engineer - Frontend Developer Productivity,Dev,"New York, NY",product_eng,mid,0,0,0,,167500,https://jobs.lever.co/palantir/71ed917e-850a-484b-9454-fa66bdf24540
2026-08-18,PLTR,Palantir,Software Engineer - Hosted Model Infrastructure,Dev,"New York, NY",product_eng,mid,0,6,0,buzz|general_medium,172500,https://jobs.lever.co/palantir/4df4cca5-e361-498b-806d-05f21638c93a
2026-08-18,PLTR,Palantir,Software Engineer - Hosted Model Infrastructure,Dev,"Washington, D.C.",product_eng,mid,0,6,0,buzz|general_medium,172500,https://jobs.lever.co/palantir/7a9600be-cdcb-4311-bb5c-65b6939b5956
2026-08-18,PLTR,Palantir,Software Engineer - Hosted Model Infrastructure,Dev,"Palo Alto, CA",product_eng,mid,0,6,0,buzz|general_medium,172500,https://jobs.lever.co/palantir/e9aecd15-c7e9-4803-9928-fc0b67e70f5b
2026-08-18,PLTR,Palantir,Software Engineer - Mission Manager,Dev,"Washington, D.C.",product_eng,mid,0,0,0,,167500,https://jobs.lever.co/palantir/8aec0fba-0ac9-48a5-8f54-f2d8465d6698
2026-08-18,PLTR,Palantir,Software Engineer - Mission Manager,Dev,"New York, NY",product_eng,mid,0,0,0,,167500,https://jobs.lever.co/palantir/c0b60d64-1244-4270-9d55-14115c97c24b
2026-08-18,PLTR,Palantir,Software Engineer - Mission Manager,Dev,"Seattle, WA",product_eng,mid,0,0,0,,167500,https://jobs.lever.co/palantir/e168a922-a2f0-45d0-912c-678d66e15118
2026-08-18,PLTR,Palantir,"Software Engineer, Internship",Dev,"Denver, CO",product_eng,intern,0,0,0,,,https://jobs.lever.co/palantir/373eb939-6f57-4836-8479-be79a5e07249
2026-08-18,PLTR,Palantir,"Software Engineer, Internship",Dev,"London, United Kingdom",product_eng,intern,0,0,0,,,https://jobs.lever.co/palantir/76a60923-bb49-40f5-b061-7c7eb1299602
2026-08-18,PLTR,Palantir,"Software Engineer, Internship",Dev,"New York, NY",product_eng,intern,0,0,0,,,https://jobs.lever.co/palantir/7d69cf8a-06fd-4f05-bd84-27149db29c4d
2026-08-18,PLTR,Palantir,"Software Engineer, Internship",Dev,"Washington, D.C.",product_eng,intern,0,0,0,,,https://jobs.lever.co/palantir/bdcfb29f-4f27-42de-933f-7f83a359b9f0
2026-08-18,PLTR,Palantir,"Software Engineer, Internship",Dev,"Palo Alto, CA",product_eng,intern,0,0,0,,,https://jobs.lever.co/palantir/e27af7ab-41fc-40c9-b31d-02c6cb1c505c
2026-08-18,PLTR,Palantir,"Software Engineer, Internship - Defense Tech",Dev,"New York, NY",product_eng,intern,0,0,0,,,https://jobs.lever.co/palantir/8bcf4f33-0a79-4248-bbfd-49ac4be9dd8e
2026-08-18,PLTR,Palantir,"Software Engineer, Internship - Defense Tech",Dev,"Palo Alto, CA",product_eng,intern,0,0,0,,,https://jobs.lever.co/palantir/a483f41b-0da9-42ea-8ed6-cbf6eb93cc6d
2026-08-18,PLTR,Palantir,"Software Engineer, Internship - Defense Tech",Dev,"Washington, D.C.",product_eng,intern,0,0,0,,,https://jobs.lever.co/palantir/f17e98d0-046a-4e6e-9d65-ed0b12dd0ff7
2026-08-18,PLTR,Palantir,"Software Engineer, Internship - Infrastructure",Dev,"New York, NY",product_eng,intern,0,0,0,,,https://jobs.lever.co/palantir/b229baac-494b-4a0d-9a13-2e38806e06f3
2026-08-18,PLTR,Palantir,"Software Engineer, Internship - Infrastructure",Dev,"Palo Alto, CA",product_eng,intern,0,0,0,,,https://jobs.lever.co/palantir/f221738b-e97c-4ce3-a12a-17ada2b855e4
2026-08-18,PLTR,Palantir,"Software Engineer, Internship - Infrastructure",Dev,"London, United Kingdom",product_eng,intern,0,1,0,buzz,,https://jobs.lever.co/palantir/fd3603a9-7016-45c6-9c8d-04c9279ab85e
2026-08-18,PLTR,Palantir,"Software Engineer, Internship - Production Infrastructure",Dev,"Seattle, WA",product_eng,intern,0,4,1,application|buzz,,https://jobs.lever.co/palantir/373367a9-3160-49d8-b7af-2efec062fad1
2026-08-18,PLTR,Palantir,"Software Engineer, Internship - Production Infrastructure",Dev,"New York, NY",product_eng,intern,0,4,1,application|buzz,,https://jobs.lever.co/palantir/37964982-9b4c-471e-a1d8-fb8f45d7f116
2026-08-18,PLTR,Palantir,"Software Engineer, Internship - Production Infrastructure",Dev,"Washington, D.C.",product_eng,intern,0,4,1,application|buzz,,https://jobs.lever.co/palantir/3ab9e715-1ea9-4c6c-ad50-7340eac14e86
2026-08-18,PLTR,Palantir,"Software Engineer, New Grad",Dev,"New York, NY",product_eng,intern,0,0,0,,150000,https://jobs.lever.co/palantir/94984771-0704-446c-88c6-91ce748f6d92
2026-08-18,PLTR,Palantir,"Software Engineer, New Grad",Dev,"Denver, CO",product_eng,intern,0,0,0,,150000,https://jobs.lever.co/palantir/c34b424e-caf2-455a-b104-ae1096ccca29
2026-08-18,PLTR,Palantir,"Software Engineer, New Grad",Dev,"London, United Kingdom",product_eng,intern,0,0,0,,,https://jobs.lever.co/palantir/d372c805-d0cd-4a10-9522-fbecc78d6f3e
2026-08-18,PLTR,Palantir,"Software Engineer, New Grad - Defense",Dev,"New York, NY",product_eng,intern,0,0,0,,150000,https://jobs.lever.co/palantir/0a838e66-1ab0-4fc4-b4d3-4671c0352278
2026-08-18,PLTR,Palantir,"Software Engineer, New Grad - Defense",Dev,"Washington, D.C.",product_eng,intern,0,0,0,,150000,https://jobs.lever.co/palantir/18d901fc-93bb-4d18-9f04-c72031e20d79
2026-08-18,PLTR,Palantir,"Software Engineer, New Grad - Defense",Dev,"Palo Alto, CA",product_eng,intern,0,0,0,,150000,https://jobs.lever.co/palantir/f362d7aa-360d-4059-ab38-f482742693b3
2026-08-18,PLTR,Palantir,"Software Engineer, New Grad - Infrastructure",Dev,"New York, NY",product_eng,intern,0,0,0,,150000,https://jobs.lever.co/palantir/4abf26b4-795c-420a-bf22-1ab98db268b4
2026-08-18,PLTR,Palantir,"Software Engineer, New Grad - Infrastructure",Dev,"Palo Alto, CA",product_eng,intern,0,0,0,,150000,https://jobs.lever.co/palantir/7d75bed5-45d8-4876-840a-2d92ea79c98d
2026-08-18,PLTR,Palantir,"Software Engineer, New Grad - Infrastructure",Dev,"London, United Kingdom",product_eng,intern,0,1,0,buzz,,https://jobs.lever.co/palantir/9265acce-12cd-4179-8c50-55d15963532b
2026-08-18,PLTR,Palantir,"Software Engineer, New Grad - Production Infrastructure",Dev,"Washington, D.C.",product_eng,intern,0,4,1,application|buzz,150000,https://jobs.lever.co/palantir/15844944-fb69-4b57-9531-e988650b20c6
2026-08-18,PLTR,Palantir,"Software Engineer, New Grad - Production Infrastructure",Dev,"Seattle, WA",product_eng,intern,0,4,1,application|buzz,150000,https://jobs.lever.co/palantir/4d5a144e-87ea-45e2-a68c-3fad590629af
2026-08-18,PLTR,Palantir,"Software Engineer, New Grad - Production Infrastructure",Dev,"New York, NY",product_eng,intern,0,4,1,application|buzz,150000,https://jobs.lever.co/palantir/e1a6c138-98bf-45e2-97f7-2c70371cc38a
2026-08-18,PLTR,Palantir,Support Engineer,Technical Operations,"London, United Kingdom",product_eng,mid,0,7,1,application|buzz,,https://jobs.lever.co/palantir/40d0499b-e2ec-42cc-8a19-c454ed510195
2026-08-18,PLTR,Palantir,Support Engineer,Technical Operations,"New York, NY",product_eng,mid,0,7,1,application|buzz,101000,https://jobs.lever.co/palantir/838bce97-415d-4cdc-95ea-904005feb131
2026-08-18,PLTR,Palantir,Talent Coordinator,Recruiting,"New York, NY",other,mid,0,0,0,,,https://jobs.lever.co/palantir/4186c7e2-1fc4-4049-81fb-fa98efb9d1de
2026-08-18,PLTR,Palantir,Talent Coordinator,Recruiting,"Chicago, IL",other,mid,0,0,0,,,https://jobs.lever.co/palantir/76195098-5e66-4b62-96d0-dcaabb6ea009
2026-08-18,PLTR,Palantir,Talent Sourcer (Contractor),Recruiting,"New York, NY",other,mid,0,0,0,,,https://jobs.lever.co/palantir/fdcbb8ff-2a38-467f-9fdf-b80e1563d863
2026-08-18,PLTR,Palantir,Talent Strategist,Recruiting,"London, United Kingdom",other,mid,0,3,1,application,,https://jobs.lever.co/palantir/484658a9-d6da-4d5f-9ab3-7c9f6ae3cd71
2026-08-18,PLTR,Palantir,Talent Strategist,Recruiting,"Chicago, IL",other,mid,0,3,1,application,105000,https://jobs.lever.co/palantir/5802024f-0e9c-4b58-8de0-0ecd52c234e3
2026-08-18,PLTR,Palantir,Talent Strategist,Recruiting,"Washington, D.C.",other,mid,0,3,1,application,105000,https://jobs.lever.co/palantir/ef824a5d-0932-4f96-9347-2e66cd5a7b83
2026-08-18,PLTR,Palantir,Talent Strategist,Recruiting,"New York, NY",other,mid,0,3,1,application,105000,https://jobs.lever.co/palantir/fef637bd-60f6-4603-b749-14e609c473a5
2026-08-18,PLTR,Palantir,Technical Accounting Manager,Finance,"Denver, CO",nontech,mid,0,0,0,,122500,https://jobs.lever.co/palantir/299a7549-f59b-43f9-ab97-b06bf5b3a79c
2026-08-18,PLTR,Palantir,Technical Accounting Manager,Finance,"Seattle, WA",nontech,mid,0,0,0,,122500,https://jobs.lever.co/palantir/3268bde8-0dcd-4105-a185-126781e55d3a
2026-08-18,PLTR,Palantir,Technical Accounting Manager,Finance,"Palo Alto, CA",nontech,mid,0,0,0,,122500,https://jobs.lever.co/palantir/40be4ff3-2656-4809-bd7d-9e58227f4ed9
2026-08-18,PLTR,Palantir,Technical Program Manager  - Autonomous Systems C2,Product Development,"Washington, D.C.",other,mid,0,0,0,,126500,https://jobs.lever.co/palantir/119ff141-1fa7-4466-a154-da57cf17bd52
2026-08-18,PLTR,Palantir,Technical Program Manager  - Autonomous Systems C2,Product Development,"Seattle, WA",other,mid,0,0,0,,126500,https://jobs.lever.co/palantir/12f1c7e2-9327-4c4d-9640-7aaafd0343f5
2026-08-18,PLTR,Palantir,Technical Program Manager  - Autonomous Systems C2,Product Development,"Palo Alto, CA",other,mid,0,0,0,,126500,https://jobs.lever.co/palantir/7a491e2c-1d72-4e1b-b81e-d6fbe3165b5f
2026-08-18,PLTR,Palantir,Technical Program Manager  - Autonomous Systems C2,Product Development,"New York, NY",other,mid,0,0,0,,126500,https://jobs.lever.co/palantir/9da1a482-4f3a-4804-8b5f-b9697d85fe61
2026-08-18,PLTR,Palantir,Technical Program Manager - Security,Information Security,"New York, NY",other,mid,0,0,0,,126500,https://jobs.lever.co/palantir/b5362bc1-8a07-44e2-9ddc-cb4236aa0f20
2026-08-18,PLTR,Palantir,Technical Program Manager - Security,Information Security,"Washington, D.C.",other,mid,0,0,0,,126500,https://jobs.lever.co/palantir/b908b3e4-81f9-47b3-9088-ee8dd3932003
2026-08-18,PLTR,Palantir,Technical Program Manager - Security,Information Security,"Seattle, WA",other,mid,0,0,0,,126500,https://jobs.lever.co/palantir/e76eaef3-f240-467d-8260-1d6d92ed5c41
2026-08-18,PLTR,Palantir,Technical Program Manager - US Government,Business Development,"New York, NY",other,mid,0,0,0,,126500,https://jobs.lever.co/palantir/2f618c30-14ce-44a0-a823-2af55d2ac2ed
2026-08-18,PLTR,Palantir,Technical Program Manager - US Government,Business Development,"Huntsville, AL",other,mid,0,0,0,,,https://jobs.lever.co/palantir/bd34525c-6e4e-44ea-88c8-d8dac9747feb
2026-08-18,PLTR,Palantir,Technical Program Manager - US Government,Business Development,"Washington, D.C.",other,mid,0,0,0,,126500,https://jobs.lever.co/palantir/d3b2f261-3f10-4edc-8802-8b3b37977d0a
2026-08-18,PLTR,Palantir,Technical Program Manager (TPM),Product Development,"New York, NY",other,mid,0,0,0,,126500,https://jobs.lever.co/palantir/7eb0dedb-37ee-4175-b29f-10a9e4340076
2026-08-18,PLTR,Palantir,Technical Program Manager (TPM) - Defense,Product Development,"Washington, D.C.",other,mid,0,0,0,,126500,https://jobs.lever.co/palantir/bd16f7ad-3bee-48fd-9902-b3ee9698b608
2026-08-18,PLTR,Palantir,Technical Writer,Product Development,"New York, NY",other,mid,0,0,0,,105000,https://jobs.lever.co/palantir/95a76f41-97a4-4696-ade3-9c5a47a569c7
2026-08-18,PLTR,Palantir,Technical Writer,Product Development,"Washington, D.C.",other,mid,0,0,0,,105000,https://jobs.lever.co/palantir/b11a97bd-ac86-4cf8-a008-ffe1772a190a
2026-08-18,PLTR,Palantir,Technical Writer,Product Development,"London, United Kingdom",other,mid,0,0,0,,,https://jobs.lever.co/palantir/c9426c38-9c6f-44bc-acad-bb2e6ed315f6
2026-08-18,PLTR,Palantir,USG Administrative Business Partner,Administrative,"New York, NY",nontech,mid,0,0,0,,85000,https://jobs.lever.co/palantir/3e53ec44-d8f3-4b0b-b77f-c481e9cd06fd
2026-08-18,PLTR,Palantir,USG Administrative Business Partner,Administrative,"Washington, D.C.",nontech,mid,0,0,0,,85000,https://jobs.lever.co/palantir/e0857612-4181-4f8e-8421-2609e7951b7b
2026-08-18,PLTR,Palantir,Web Application Developer - Defense,Dev,"Washington, D.C.",product_eng,mid,0,0,0,,167500,https://jobs.lever.co/palantir/4255e21c-d0f2-4f57-b5db-1f65830d6425
2026-08-18,PLTR,Palantir,Web Application Developer - Defense,Dev,"New York, NY",product_eng,mid,0,0,0,,167500,https://jobs.lever.co/palantir/6a82fd06-5754-46c2-8214-9ca4cd89fb9d
2026-08-18,PLTR,Palantir,Web Application Developer - Defense,Dev,"Palo Alto, CA",product_eng,mid,0,0,0,,167500,https://jobs.lever.co/palantir/96e4295f-3af7-48e5-a2c8-74622eaf5587
2026-08-18,PLTR,Palantir,Web Design Engineer,Communications,"New York, NY",product_eng,mid,0,0,0,,95000,https://jobs.lever.co/palantir/a3eaa0ef-3378-495f-8308-edbd9a93d26c
2026-08-18,PLTR,Palantir,Workplace Operations Analyst,Core Operations,"Abu Dhabi, United Arab Emirates",nontech,mid,0,0,0,,,https://jobs.lever.co/palantir/e6be4159-c8d1-481d-ad15-13274861b795
2026-08-18,PLTR,Palantir,"Year at Palantir - Forward Deployed Software Engineer, Internship - Commercial",Delta,"Chicago, IL",demand_validated,intern,0,5,1,application|buzz,,https://jobs.lever.co/palantir/75cc1c09-8ebd-44c8-b3bc-d122cd1fecb3
2026-08-18,PLTR,Palantir,"Year at Palantir - Forward Deployed Software Engineer, Internship - Commercial",Delta,"New York, NY",demand_validated,intern,0,5,1,application|buzz,,https://jobs.lever.co/palantir/e6789b17-62fb-4226-a079-f8c17ff19e2d
2026-08-18,PLTR,Palantir,"Year at Palantir - Forward Deployed Software Engineer, Internship - USG",Delta,"Washington, D.C.",demand_validated,intern,0,5,1,application|buzz,,https://jobs.lever.co/palantir/5c4c65c5-77da-4d36-856c-4ade87631019
2026-08-18,PLTR,Palantir,"Year at Palantir - Forward Deployed Software Engineer, Internship - USG",Delta,"New York, NY",demand_validated,intern,0,5,1,application|buzz,,https://jobs.lever.co/palantir/5c7bb70c-83ea-43e7-8055-0c8f319f4333
2026-08-18,PLTR,Palantir,"Year at Palantir - Software Engineer, Internship",Dev,"New York, NY",product_eng,intern,0,5,1,application|buzz,,https://jobs.lever.co/palantir/655f9937-a4ce-4e7d-80e2-a6659af07329
2026-08-18,FIG,Figma,"Account Executive, Emerging Enterprise (Berlin, Germany)",Sales,"Berlin, Germany",demand_validated,mid,0,0,0,,,https://boards.greenhouse.io/figma/jobs/5364702004?gh_jid=5364702004
2026-08-18,FIG,Figma,"Account Executive, Enterprise",Sales,"San Francisco, CA • New York, NY • United States",demand_validated,mid,0,0,0,,177500,https://boards.greenhouse.io/figma/jobs/5426468004?gh_jid=5426468004
2026-08-18,FIG,Figma,"Account Executive, Enterprise (Bengaluru, India)",Sales,"Bengaluru, India",demand_validated,mid,0,0,0,,,https://boards.greenhouse.io/figma/jobs/5579204004?gh_jid=5579204004
2026-08-18,FIG,Figma,"Account Executive, Enterprise (Berlin, Germany)",Sales,"Berlin, Germany",demand_validated,mid,0,0,0,,,https://boards.greenhouse.io/figma/jobs/5783812004?gh_jid=5783812004
2026-08-18,FIG,Figma,"Account Executive, Enterprise (Paris, France) ",Sales,"Paris, France",demand_validated,mid,0,0,0,,,https://boards.greenhouse.io/figma/jobs/5428656004?gh_jid=5428656004
2026-08-18,FIG,Figma,"Account Executive, Enterprise (Singapore)",Sales,Singapore,demand_validated,mid,0,0,0,,,https://boards.greenhouse.io/figma/jobs/5753209004?gh_jid=5753209004
2026-08-18,FIG,Figma,"Account Executive, Enterprise (Sydney or Melbourne, Australia)",Sales,"Sydney, Australia • Melbourne, Australia",demand_validated,mid,0,0,0,,,https://boards.greenhouse.io/figma/jobs/5803515004?gh_jid=5803515004
2026-08-18,FIG,Figma,"Account Executive, Enterprise (Tokyo, Japan) ",Sales,"Tokyo, Japan",demand_validated,mid,0,0,0,,,https://boards.greenhouse.io/figma/jobs/5806875004?gh_jid=5806875004
2026-08-18,FIG,Figma,"Account Executive, Federal - Civilian",Sales,"Washington, DC",demand_validated,mid,0,0,0,,177500,https://boards.greenhouse.io/figma/jobs/6143113004?gh_jid=6143113004
2026-08-18,FIG,Figma,"Account Executive, Mid-Market",Sales,"San Francisco, CA • New York, NY • United States",demand_validated,mid,0,0,0,,110000,https://boards.greenhouse.io/figma/jobs/5422236004?gh_jid=5422236004
2026-08-18,FIG,Figma,"Account Executive, Mid-Market (London, United Kingdom)",Sales,"London, England",demand_validated,mid,0,0,0,,,https://boards.greenhouse.io/figma/jobs/5415515004?gh_jid=5415515004
2026-08-18,FIG,Figma,"Account Executive, Mid-Market (Paris, France)",Sales,"Paris, France",demand_validated,mid,0,0,0,,,https://boards.greenhouse.io/figma/jobs/5844225004?gh_jid=5844225004
2026-08-18,FIG,Figma,"Account Executive, Mid-Market (Sydney, Australia)",Sales,"Sydney, Australia",demand_validated,mid,0,0,0,,,https://boards.greenhouse.io/figma/jobs/6117206004?gh_jid=6117206004
2026-08-18,FIG,Figma,"Account Executive, SMB ",Sales,"San Francisco, CA • New York, NY",demand_validated,mid,0,0,0,,70500,https://boards.greenhouse.io/figma/jobs/5694259004?gh_jid=5694259004
2026-08-18,FIG,Figma,"Account Executive, SMB (Berlin, Germany)",Sales,"Berlin, Germany",demand_validated,mid,0,0,0,,,https://boards.greenhouse.io/figma/jobs/5985397004?gh_jid=5985397004
2026-08-18,FIG,Figma,"Account Executive, SMB (London, United Kingdom)",Sales,"London, England",demand_validated,mid,0,0,0,,,https://boards.greenhouse.io/figma/jobs/5647851004?gh_jid=5647851004
2026-08-18,FIG,Figma,"Account Executive, SMB (Paris, France)",Sales,"Paris, France",demand_validated,mid,0,0,0,,,https://boards.greenhouse.io/figma/jobs/5675771004?gh_jid=5675771004
2026-08-18,FIG,Figma,"Account Executive, SMB (Tokyo, Japan) ",Sales,"Tokyo, Japan",demand_validated,mid,0,0,0,,,https://boards.greenhouse.io/figma/jobs/5729844004?gh_jid=5729844004
2026-08-18,FIG,Figma,"Account Executive, Strategic",Sales,"San Francisco, CA • New York, NY • United States",demand_validated,mid,0,0,0,,200000,https://boards.greenhouse.io/figma/jobs/5558737004?gh_jid=5558737004
2026-08-18,FIG,Figma,"Account Executive, Strategic (Paris, France) ",Sales,"Paris, France",demand_validated,mid,0,0,0,,,https://boards.greenhouse.io/figma/jobs/5565921004?gh_jid=5565921004
2026-08-18,FIG,Figma,"Account Executive, Strategic (Tokyo, Japan)",Sales,"Tokyo, Japan",demand_validated,mid,0,0,0,,,https://boards.greenhouse.io/figma/jobs/5756182004?gh_jid=5756182004
2026-08-18,FIG,Figma,AI Applied Scientist,Engineering,"San Francisco, CA • New York, NY • United States",other,mid,1,30,1,application|buzz|general_medium|model_infra,264500,https://boards.greenhouse.io/figma/jobs/5707966004?gh_jid=5707966004
2026-08-18,FIG,Figma,AV Production Specialist,Business Operations,"San Francisco, CA",other,mid,0,0,0,,168000,https://boards.greenhouse.io/figma/jobs/6138907004?gh_jid=6138907004
2026-08-18,FIG,Figma,"Brand Designer,  Product Launches",Design,"San Francisco, CA • New York, NY • United States",product_eng,mid,0,0,0,,198000,https://boards.greenhouse.io/figma/jobs/6131079004?gh_jid=6131079004
2026-08-18,FIG,Figma,Business Operations,Business Operations,"San Francisco, CA • New York, NY • United States",nontech,mid,0,0,0,,192500,https://boards.greenhouse.io/figma/jobs/6119180004?gh_jid=6119180004
2026-08-18,FIG,Figma,"Business Recruiter (São Paulo, Brazil)",Talent,"São Paulo, Brazil",nontech,mid,0,0,0,,,https://boards.greenhouse.io/figma/jobs/5832782004?gh_jid=5832782004
2026-08-18,FIG,Figma,"Community Support Specialist (Tokyo, Japan)",Customer Operations and Support,"Tokyo, Japan",nontech,mid,0,0,0,,,https://boards.greenhouse.io/figma/jobs/6123890004?gh_jid=6123890004
2026-08-18,FIG,Figma,Content Support Engineer,Customer Operations and Support,"San Francisco, CA • New York, NY • United States",product_eng,mid,0,4,1,application|buzz,204500,https://boards.greenhouse.io/figma/jobs/6037719004?gh_jid=6037719004
2026-08-18,FIG,Figma,Corporate Counsel,Legal,"San Francisco, CA • New York, NY • United States",nontech,mid,0,0,0,,224500,https://boards.greenhouse.io/figma/jobs/6018708004?gh_jid=6018708004
2026-08-18,FIG,Figma,Customer Enablement Manager,Sales,"San Francisco, CA • New York, NY • United States",nontech,mid,0,0,0,,198000,https://boards.greenhouse.io/figma/jobs/5817899004?gh_jid=5817899004
2026-08-18,FIG,Figma,"Customer Enablement Manager (Berlin, Germany)",Sales,"Berlin, Germany",nontech,mid,0,0,0,,,https://boards.greenhouse.io/figma/jobs/6133181004?gh_jid=6133181004
2026-08-18,FIG,Figma,"Customer Enablement Manager, French Speaking (London, United Kingdom)",Sales,"London, England",nontech,mid,0,0,0,,,https://boards.greenhouse.io/figma/jobs/6102903004?gh_jid=6102903004
2026-08-18,FIG,Figma,"Customer Enablement Manager (London, United Kingdom)",Sales,"London, England",nontech,mid,0,0,0,,,https://boards.greenhouse.io/figma/jobs/6130557004?gh_jid=6130557004
2026-08-18,FIG,Figma,"Customer Enablement Manager (Paris, France)   ",Sales,"Paris, France",nontech,mid,0,0,0,,,https://boards.greenhouse.io/figma/jobs/5976498004?gh_jid=5976498004
2026-08-18,FIG,Figma,"Customer Success Manager (São Paulo, Brazil)",Sales,"São Paulo, Brazil",demand_validated,mid,0,0,0,,,https://boards.greenhouse.io/figma/jobs/6104028004?gh_jid=6104028004
2026-08-18,FIG,Figma,Data Engineer,Engineering,"San Francisco, CA • New York, NY • United States",product_eng,mid,0,0,0,,244000,https://boards.greenhouse.io/figma/jobs/5220003004?gh_jid=5220003004
2026-08-18,FIG,Figma,"Data Scientist, Core Data -  PhD (2026)",Early Career,"San Francisco, CA • New York, NY",product_eng,mid,0,7,1,application|buzz|general_medium,174000,https://boards.greenhouse.io/figma/jobs/5976930004?gh_jid=5976930004
2026-08-18,FIG,Figma,"Data Scientist, Finance",Engineering,"San Francisco, CA • New York, NY • United States",product_eng,mid,0,1,0,buzz,244000,https://boards.greenhouse.io/figma/jobs/6013304004?gh_jid=6013304004
2026-08-18,FIG,Figma,"Designer Advocate - Figma Weave (New York, United States)",Weavy - Figma Weave,"New York, NY",product_eng,mid,0,0,0,,235000,https://boards.greenhouse.io/figma/jobs/5692764004?gh_jid=5692764004
2026-08-18,FIG,Figma,"Designer Advocate (London, United Kingdom)",Marketing,"London, England",product_eng,mid,0,0,0,,,https://boards.greenhouse.io/figma/jobs/6122399004?gh_jid=6122399004
2026-08-18,FIG,Figma,"Designer Advocate, Partnerships",Marketing,"San Francisco, CA",product_eng,mid,0,3,1,application,235000,https://boards.greenhouse.io/figma/jobs/6114301004?gh_jid=6114301004
2026-08-18,FIG,Figma,"Designer Advocate (São Paulo, Brazil)",Marketing,"São Paulo, Brazil",product_eng,mid,0,0,0,,,https://boards.greenhouse.io/figma/jobs/6022151004?gh_jid=6022151004
2026-08-18,FIG,Figma,"Director, Business Operations",Business Operations,"San Francisco, CA • New York, NY • United States",nontech,director,0,0,0,,303000,https://boards.greenhouse.io/figma/jobs/6092343004?gh_jid=6092343004
2026-08-18,FIG,Figma,"Director, Business Systems",Business Operations,"San Francisco, CA • New York, NY • United States",other,director,0,0,0,,303000,https://boards.greenhouse.io/figma/jobs/6019394004?gh_jid=6019394004
2026-08-18,FIG,Figma,"Director, Communications ",Marketing,"San Francisco, CA • New York, NY",nontech,director,0,0,0,,276000,https://boards.greenhouse.io/figma/jobs/5841222004?gh_jid=5841222004
2026-08-18,FIG,Figma,"Director, Data Science",Engineering,"San Francisco, CA • New York, NY • United States",other,director,0,3,1,application,333000,https://boards.greenhouse.io/figma/jobs/6130865004?gh_jid=6130865004
2026-08-18,FIG,Figma,"Director, Enterprise Sales",Sales,"San Francisco, CA • United States",nontech,director,0,0,0,,237500,https://boards.greenhouse.io/figma/jobs/5996614004?gh_jid=5996614004
2026-08-18,FIG,Figma,"Director, Enterprise Sales (London, United Kingdom)",Sales,"London, England",nontech,director,0,0,0,,,https://boards.greenhouse.io/figma/jobs/6130524004?gh_jid=6130524004
2026-08-18,FIG,Figma,"Director, Federal Sales",Sales,"San Francisco, CA • New York, NY • United States",nontech,director,0,0,0,,237500,https://boards.greenhouse.io/figma/jobs/5728495004?gh_jid=5728495004
2026-08-18,FIG,Figma,"Director, IT",Business Operations,"San Francisco, CA • New York, NY • United States",other,director,0,1,0,buzz,303000,https://boards.greenhouse.io/figma/jobs/5850497004?gh_jid=5850497004
2026-08-18,FIG,Figma,"Director, Mid-Market Sales",Sales,"New York, NY; San Francisco, CA • New York, NY • United States",nontech,director,0,0,0,,180000,https://boards.greenhouse.io/figma/jobs/6018024004?gh_jid=6018024004
2026-08-18,FIG,Figma,"Director, Research - AI Evals",Design,"San Francisco, CA • New York, NY • United States",other,director,1,4,1,application|buzz,303000,https://boards.greenhouse.io/figma/jobs/6112112004?gh_jid=6112112004
2026-08-18,FIG,Figma,"Director, Solutions Consulting (United States)",Sales,"San Francisco, CA • New York, NY • United States",other,director,0,0,0,,303200,https://boards.greenhouse.io/figma/jobs/5820284004?gh_jid=5820284004
2026-08-18,FIG,Figma,"Director, Strategic Sales (Berlin, Germany)",Sales,"Berlin, Germany",nontech,director,0,0,0,,,https://boards.greenhouse.io/figma/jobs/6143018004?gh_jid=6143018004
2026-08-18,FIG,Figma,"Director, Technical Revenue Accounting",Business Operations,"San Francisco, CA • New York, NY • United States",nontech,director,0,0,0,,276000,https://boards.greenhouse.io/figma/jobs/5835172004?gh_jid=5835172004
2026-08-18,FIG,Figma,Distribution Partner Manager,Business Development,"San Francisco, CA • New York, NY • United States",other,mid,0,0,0,,218000,https://boards.greenhouse.io/figma/jobs/5813967004?gh_jid=5813967004
2026-08-18,FIG,Figma,"Employment Counsel (London, United Kingdom) ",Legal,"London, England",nontech,mid,0,0,0,,,https://boards.greenhouse.io/figma/jobs/6100732004?gh_jid=6100732004
2026-08-18,FIG,Figma,"Enterprise Solutions Consultant (Bengaluru, India)",Sales,"Bengaluru, India",other,mid,0,0,0,,,https://boards.greenhouse.io/figma/jobs/5615966004?gh_jid=5615966004
2026-08-18,FIG,Figma,"Enterprise Support Specialist, Korean Speaking (London, United Kingdom)",Customer Operations and Support,"London, England",nontech,mid,0,2,0,buzz,,https://boards.greenhouse.io/figma/jobs/6105678004?gh_jid=6105678004
2026-08-18,FIG,Figma,"Events Manager - Figma Weave (New York, United States)",Weavy - Figma Weave,"New York, NY",other,mid,0,0,0,,192000,https://boards.greenhouse.io/figma/jobs/6126728004?gh_jid=6126728004
2026-08-18,FIG,Figma,"Executive Assistant, Chief People Officer",People,"San Francisco, CA",nontech,exec,0,0,0,,211000,https://boards.greenhouse.io/figma/jobs/6132356004?gh_jid=6132356004
2026-08-18,FIG,Figma,"Executive Assistant, Design ",Design,"San Francisco, CA • New York, NY • United States",other,mid,0,0,0,,174000,https://boards.greenhouse.io/figma/jobs/6115082004?gh_jid=6115082004
2026-08-18,FIG,Figma,"Executive Assistant, People",People,"San Francisco, CA",other,mid,0,0,0,,198000,https://boards.greenhouse.io/figma/jobs/5969046004?gh_jid=5969046004
2026-08-18,FIG,Figma,Executive Recruiter,Talent,"San Francisco, CA • New York, NY • United States",nontech,mid,0,0,0,,175000,https://boards.greenhouse.io/figma/jobs/6141591004?gh_jid=6141591004
2026-08-18,FIG,Figma,Forward Deployed Engineer ,Sales,"San Francisco, CA • New York, NY • United States",demand_validated,mid,0,0,0,,224400,https://boards.greenhouse.io/figma/jobs/6110219004?gh_jid=6110219004
2026-08-18,FIG,Figma,Governance Risk and Compliance,Business Operations,"San Francisco, CA • New York, NY • United States",other,mid,0,0,0,,224500,https://boards.greenhouse.io/figma/jobs/6015630004?gh_jid=6015630004
2026-08-18,FIG,Figma,"Head of Marketing, LATAM (São Paulo, Brazil)",Marketing,"São Paulo, Brazil",nontech,exec,0,0,0,,,https://boards.greenhouse.io/figma/jobs/5810842004?gh_jid=5810842004
2026-08-18,FIG,Figma,"Inside Sales Representative, French or German Speaker (London, United Kingdom) ",Sales,"London, England",nontech,mid,0,0,0,,,https://boards.greenhouse.io/figma/jobs/6122269004?gh_jid=6122269004
2026-08-18,FIG,Figma,"Manager, Data Science - AI Product",Engineering,"San Francisco, CA • New York, NY • United States",other,mid,1,0,0,,291500,https://boards.greenhouse.io/figma/jobs/5983820004?gh_jid=5983820004
2026-08-18,FIG,Figma,"Manager, Design - Systems & Infrastructure",Design,"San Francisco, CA • New York, NY • United States",other,mid,0,0,0,,276000,https://boards.greenhouse.io/figma/jobs/6135656004?gh_jid=6135656004
2026-08-18,FIG,Figma,"Manager, Distribution Partnerships",Business Development,"San Francisco, CA • New York, NY • United States",other,mid,0,0,0,,251000,https://boards.greenhouse.io/figma/jobs/6118332004?gh_jid=6118332004
2026-08-18,FIG,Figma,"Manager, Enterprise Sales",Sales,"San Francisco, CA • New York, NY • United States",nontech,mid,0,0,0,,193000,https://boards.greenhouse.io/figma/jobs/5996930004?gh_jid=5996930004
2026-08-18,FIG,Figma,"Manager, Enterprise Support (Singapore)",Customer Operations and Support,Singapore,nontech,mid,0,0,0,,,https://boards.greenhouse.io/figma/jobs/6104574004?gh_jid=6104574004
2026-08-18,FIG,Figma,"Manager, Figma for Education (International)",Marketing,"San Francisco, CA • New York, NY • United States",other,intern,0,0,0,,251000,https://boards.greenhouse.io/figma/jobs/6004606004?gh_jid=6004606004
2026-08-18,FIG,Figma,"Manager, HRIS",People,"San Francisco, CA • New York, NY • United States",other,mid,0,0,0,,232500,https://boards.greenhouse.io/figma/jobs/6132269004?gh_jid=6132269004
2026-08-18,FIG,Figma,"Manager, Inside Sales (London, United Kingdom)",Sales,"London, England",nontech,mid,0,0,0,,,https://boards.greenhouse.io/figma/jobs/6010992004?gh_jid=6010992004
2026-08-18,FIG,Figma,"Manager, IT Operations",Business Operations,"San Francisco, CA",nontech,mid,0,0,0,,211000,https://boards.greenhouse.io/figma/jobs/6142460004?gh_jid=6142460004
2026-08-18,FIG,Figma,"Manager, Mid-Market Sales (Berlin, Germany)",Sales,"Berlin, Germany",nontech,mid,0,0,0,,,https://boards.greenhouse.io/figma/jobs/6110744004?gh_jid=6110744004
2026-08-18,FIG,Figma,"Manager, Product - Code",Product,"New York, NY • United States",other,mid,0,3,1,application,276000,https://boards.greenhouse.io/figma/jobs/6104919004?gh_jid=6104919004
2026-08-18,FIG,Figma,"Manager, Product Design",Design,"San Francisco, CA • New York, NY • United States",other,mid,0,3,1,application,276000,https://boards.greenhouse.io/figma/jobs/5790585004?gh_jid=5790585004
2026-08-18,FIG,Figma,"Manager, Security Operations",Business Operations,"San Francisco, CA • New York, NY • United States",nontech,mid,0,1,0,buzz,240500,https://boards.greenhouse.io/figma/jobs/6015609004?gh_jid=6015609004
2026-08-18,FIG,Figma,"Manager, Software Engineering - AI Product (London, United Kingdom)",Engineering,"London, England",product_eng,mid,1,8,1,application|buzz|model_infra,,https://boards.greenhouse.io/figma/jobs/6099616004?gh_jid=6099616004
2026-08-18,FIG,Figma,"Manager, Software Engineering - Billing",Engineering,"San Francisco, CA • New York, NY • United States",product_eng,mid,0,0,0,,317000,https://boards.greenhouse.io/figma/jobs/5722244004?gh_jid=5722244004
2026-08-18,FIG,Figma,"Manager, Software Engineering - Data Platform",Engineering,"San Francisco, CA • New York, NY • United States",product_eng,mid,0,0,0,,317000,https://boards.greenhouse.io/figma/jobs/6135721004?gh_jid=6135721004
2026-08-18,FIG,Figma,"Manager, Software Engineering - DevEx AI Tools",Engineering,"San Francisco, CA • New York, NY • United States",product_eng,mid,1,7,1,application|buzz,317000,https://boards.greenhouse.io/figma/jobs/6008752004?gh_jid=6008752004
2026-08-18,FIG,Figma,"Manager, Software Engineering - Figma Weave (Tel Aviv, Israel)",Weavy - Figma Weave,"Tel Aviv, Israel",product_eng,mid,0,0,0,,,https://boards.greenhouse.io/figma/jobs/6105734004?gh_jid=6105734004
2026-08-18,FIG,Figma,"Manager, Software Engineering - Growth Platform ",Engineering,"San Francisco, CA • New York, NY • United States",product_eng,mid,0,2,0,general_medium,317000,https://boards.greenhouse.io/figma/jobs/6010279004?gh_jid=6010279004
2026-08-18,FIG,Figma,"Manager, Software Engineering - Interaction Design",Engineering,"San Francisco, CA • New York, NY • United States",product_eng,mid,0,0,0,,317000,https://boards.greenhouse.io/figma/jobs/5778796004?gh_jid=5778796004
2026-08-18,FIG,Figma,"Manager, Software Engineering - Observability",Engineering,"San Francisco, CA • New York, NY • United States",product_eng,mid,0,4,1,application|buzz,317000,https://boards.greenhouse.io/figma/jobs/5807963004?gh_jid=5807963004
2026-08-18,FIG,Figma,"Manager, Software Engineering - Payload",Engineering,"San Francisco, CA • New York, NY • United States",product_eng,mid,0,3,1,application,317000,https://boards.greenhouse.io/figma/jobs/6092906004?gh_jid=6092906004
2026-08-18,FIG,Figma,"Manager, Solutions Consulting (London, United Kingdom)",Sales,"London, England",other,mid,0,0,0,,,https://boards.greenhouse.io/figma/jobs/6111591004?gh_jid=6111591004
2026-08-18,FIG,Figma,"Manager, Solutions Consulting (Tokyo, Japan)",Sales,"Tokyo, Japan",other,mid,0,0,0,,,https://boards.greenhouse.io/figma/jobs/6134908004?gh_jid=6134908004
2026-08-18,FIG,Figma,"Manager, Solutions Consulting (United States)",Sales,"San Francisco, CA • New York, NY • United States",other,mid,0,0,0,,251200,https://boards.greenhouse.io/figma/jobs/5697641004?gh_jid=5697641004
2026-08-18,FIG,Figma,"Manager, Strategic Sales",Sales,"San Francisco, CA • New York, NY",nontech,mid,0,0,0,,193000,https://boards.greenhouse.io/figma/jobs/5620034004?gh_jid=5620034004
2026-08-18,FIG,Figma,Marketing Engineer,Marketing,"San Francisco, CA • New York, NY • United States",product_eng,mid,0,8,1,application|buzz,211500,https://boards.greenhouse.io/figma/jobs/6013495004?gh_jid=6013495004
2026-08-18,FIG,Figma,Motion Designer ,Customer Operations and Support,"San Francisco, CA • New York, NY • United States",product_eng,mid,0,0,0,,144000,https://boards.greenhouse.io/figma/jobs/6117563004?gh_jid=6117563004
2026-08-18,FIG,Figma,"Onboarding Manager, Customer Experience (Tokyo, Japan)",Sales,"Tokyo, Japan",other,mid,0,0,0,,,https://boards.greenhouse.io/figma/jobs/6051050004?gh_jid=6051050004
2026-08-18,FIG,Figma,"People Partner, Japan & APAC (Singapore)",People,Singapore,other,mid,0,0,0,,,https://boards.greenhouse.io/figma/jobs/5978282004?gh_jid=5978282004
2026-08-18,FIG,Figma,"Product Designer, AI Models",Design,"San Francisco, CA • New York, NY • United States",product_eng,mid,1,0,0,,236000,https://boards.greenhouse.io/figma/jobs/5711913004?gh_jid=5711913004
2026-08-18,FIG,Figma,"Product Designer, CMS",Design,"San Francisco, CA • New York, NY • United States",product_eng,mid,0,0,0,,236000,https://boards.greenhouse.io/figma/jobs/6126976004?gh_jid=6126976004
2026-08-18,FIG,Figma,"Product Designer, Design, Dev, & AI Tools",Design,"San Francisco, CA • New York, NY • United States",product_eng,mid,1,0,0,,236000,https://boards.greenhouse.io/figma/jobs/5711468004?gh_jid=5711468004
2026-08-18,FIG,Figma,"Product Designer, Design Systems",Design,"San Francisco, CA • New York, NY • United States",product_eng,mid,0,0,0,,229000,https://boards.greenhouse.io/figma/jobs/5787576004?gh_jid=5787576004
2026-08-18,FIG,Figma,"Product Designer - Figma Weave (Tel Aviv, Israel)",Weavy - Figma Weave,"Tel Aviv, Israel",product_eng,mid,0,1,0,buzz,,https://boards.greenhouse.io/figma/jobs/5991320004?gh_jid=5991320004
2026-08-18,FIG,Figma,"Product Designer, Growth & Monetization",Design,"San Francisco, CA • New York, NY • United States",product_eng,mid,0,0,0,,236000,https://boards.greenhouse.io/figma/jobs/5711595004?gh_jid=5711595004
2026-08-18,FIG,Figma,"Product Manager, Acquisition",Product,"San Francisco, CA • New York, NY • United States",product_eng,mid,0,1,0,buzz,236000,https://boards.greenhouse.io/figma/jobs/6119781004?gh_jid=6119781004
2026-08-18,FIG,Figma,"Product Manager, AI Growth",Product,"San Francisco, CA • New York, NY • United States",product_eng,mid,1,1,0,buzz,236000,https://boards.greenhouse.io/figma/jobs/5989185004?gh_jid=5989185004
2026-08-18,FIG,Figma,"Product Manager, Design Tools",Product,"San Francisco, CA • New York, NY • United States",product_eng,mid,0,3,1,application,236000,https://boards.greenhouse.io/figma/jobs/5505263004?gh_jid=5505263004
2026-08-18,FIG,Figma,"Product Manager, Developer Platform",Product,"San Francisco, CA • New York, NY • United States",product_eng,mid,0,4,1,application|buzz,236000,https://boards.greenhouse.io/figma/jobs/6100482004?gh_jid=6100482004
2026-08-18,FIG,Figma,"Product Manager - Figma Weave (Tel-Aviv, Israel)",Weavy - Figma Weave,"Tel Aviv, Israel",product_eng,mid,0,1,0,buzz,,https://boards.greenhouse.io/figma/jobs/5991338004?gh_jid=5991338004
2026-08-18,FIG,Figma,"Product Marketing Manager - Figma Weave (Tel Aviv, Israel) ",Weavy - Figma Weave,"Tel Aviv, Israel",nontech,mid,0,0,0,,,https://boards.greenhouse.io/figma/jobs/6105673004?gh_jid=6105673004
2026-08-18,FIG,Figma,Product Partner Manager ,Business Development,"San Francisco, CA • New York, NY • United States",other,mid,0,0,0,,218000,https://boards.greenhouse.io/figma/jobs/5822583004?gh_jid=5822583004
2026-08-18,FIG,Figma,"Program Manager, Scale Onboarding (London, United Kingdom) ",Sales,"London, England",other,mid,0,0,0,,,https://boards.greenhouse.io/figma/jobs/6130540004?gh_jid=6130540004
2026-08-18,FIG,Figma,"Recruiter (Berlin, Germany)",Talent,"Berlin, Germany",nontech,mid,0,0,0,,,https://boards.greenhouse.io/figma/jobs/6014235004?gh_jid=6014235004
2026-08-18,FIG,Figma,"Recruiter (Paris, France)",Talent,"Paris, France",nontech,mid,0,0,0,,,https://boards.greenhouse.io/figma/jobs/6019700004?gh_jid=6019700004
2026-08-18,FIG,Figma,"Researcher, Core Product Strategy",Design,"San Francisco, CA • New York, NY • United States",research,mid,0,1,0,buzz,209500,https://boards.greenhouse.io/figma/jobs/5651744004?gh_jid=5651744004
2026-08-18,FIG,Figma,"Sales Operations Manager, New Business",Sales,"San Francisco, CA • New York, NY • United States",nontech,mid,0,0,0,,192500,https://boards.greenhouse.io/figma/jobs/5998224004?gh_jid=5998224004
2026-08-18,FIG,Figma,Sales Operations Manager (Singapore),Sales,Singapore,nontech,mid,0,0,0,,,https://boards.greenhouse.io/figma/jobs/6123146004?gh_jid=6123146004
2026-08-18,FIG,Figma,Security Engineer,Engineering,"San Francisco, CA • New York, NY • United States",product_eng,mid,0,1,0,buzz,264500,https://boards.greenhouse.io/figma/jobs/5829751004?gh_jid=5829751004
2026-08-18,FIG,Figma,Senior Accountant,Business Operations,"San Francisco, CA • New York, NY • United States",other,senior,0,0,0,,141000,https://boards.greenhouse.io/figma/jobs/6119198004?gh_jid=6119198004
2026-08-18,FIG,Figma,"Senior Account Executive, SMB",Sales,"San Francisco, CA • New York, NY • United States",demand_validated,senior,0,0,0,,82500,https://boards.greenhouse.io/figma/jobs/5565447004?gh_jid=5565447004
2026-08-18,FIG,Figma,"Senior Account Executive, UK Government (London, United Kingdom)",Sales,"London, England",demand_validated,senior,0,0,0,,,https://boards.greenhouse.io/figma/jobs/5988684004?gh_jid=5988684004
2026-08-18,FIG,Figma,"Senior Analyst, SEC Reporting & Technical Accounting",Business Operations,"San Francisco, CA • New York, NY • United States",nontech,senior,0,0,0,,155000,https://boards.greenhouse.io/figma/jobs/6105538004?gh_jid=6105538004
2026-08-18,FIG,Figma,"Senior Manager, Enterprise Sales (London, United Kingdom)",Sales,"London, England",nontech,senior,0,0,0,,,https://boards.greenhouse.io/figma/jobs/6124232004?gh_jid=6124232004
2026-08-18,FIG,Figma,"Senior Manager, Enterprise Sales (Tokyo, Japan)",Sales,"Tokyo, Japan",nontech,senior,0,0,0,,,https://boards.greenhouse.io/figma/jobs/5753194004?gh_jid=5753194004
2026-08-18,FIG,Figma,Senior Product Counsel,Legal,"San Francisco, CA • New York, NY • United States",nontech,senior,0,1,0,buzz,260500,https://boards.greenhouse.io/figma/jobs/6104505004?gh_jid=6104505004
2026-08-18,FIG,Figma,Senior Revenue Analyst ,Business Operations,"San Francisco, CA • New York, NY • United States",other,senior,0,0,0,,141000,https://boards.greenhouse.io/figma/jobs/6139275004?gh_jid=6139275004
2026-08-18,FIG,Figma,"Senior Sales Enablement Manager (Tokyo, Japan) ",Sales,"Tokyo, Japan",nontech,senior,0,0,0,,,https://boards.greenhouse.io/figma/jobs/6003308004?gh_jid=6003308004
2026-08-18,FIG,Figma,Senior Solutions Consultant (Singapore),Sales,Singapore,other,senior,0,0,0,,,https://boards.greenhouse.io/figma/jobs/6050054004?gh_jid=6050054004
2026-08-18,FIG,Figma,"Senior Technical Revenue Analyst (Dublin, Ireland) ",Business Operations,"Dublin, Ireland",other,senior,0,0,0,,,https://boards.greenhouse.io/figma/jobs/5835673004?gh_jid=5835673004
2026-08-18,FIG,Figma,Software Engineer - AI Platforms,Engineering,"San Francisco, CA • New York, NY • United States",product_eng,mid,1,6,1,application|model_infra,264500,https://boards.greenhouse.io/figma/jobs/5691886004?gh_jid=5691886004
2026-08-18,FIG,Figma,Software Engineer - AI Product,Engineering,"San Francisco, CA • New York, NY • United States",product_eng,mid,1,5,0,buzz|general_medium,264500,https://boards.greenhouse.io/figma/jobs/5551730004?gh_jid=5551730004
2026-08-18,FIG,Figma,"Software Engineer - AI Product (London, United Kingdom)",Engineering,"London, England",product_eng,mid,1,10,1,application|buzz,,https://boards.greenhouse.io/figma/jobs/5551697004?gh_jid=5551697004
2026-08-18,FIG,Figma,Software Engineer - C++,Engineering,"San Francisco, CA • New York, NY • United States",product_eng,mid,0,0,0,,264500,https://boards.greenhouse.io/figma/jobs/5552530004?gh_jid=5552530004
2026-08-18,FIG,Figma,Software Engineer - Data Infrastructure,Engineering,"San Francisco, CA • New York, NY • United States",product_eng,mid,0,8,0,buzz|data_ml_ops|general_medium,264500,https://boards.greenhouse.io/figma/jobs/5551686004?gh_jid=5551686004
2026-08-18,FIG,Figma,Software Engineer - Developer Experience,Engineering,"San Francisco, CA • New York, NY • United States",product_eng,mid,0,0,0,,280500,https://boards.greenhouse.io/figma/jobs/5790627004?gh_jid=5790627004
2026-08-18,FIG,Figma,Software Engineer - Distributed Systems,Engineering,"San Francisco, CA • New York, NY • United States",product_eng,mid,0,0,0,,264500,https://boards.greenhouse.io/figma/jobs/5552549004?gh_jid=5552549004
2026-08-18,FIG,Figma,"Software Engineer - Figma Weave (Tel Aviv, Israel) ",Weavy - Figma Weave,"Tel Aviv, Israel",product_eng,mid,0,0,0,,,https://boards.greenhouse.io/figma/jobs/6073106004?gh_jid=6073106004
2026-08-18,FIG,Figma,Software Engineer - Full Stack,Engineering,"San Francisco, CA • New York, NY • United States",product_eng,mid,0,0,0,,264500,https://boards.greenhouse.io/figma/jobs/5691911004?gh_jid=5691911004
2026-08-18,FIG,Figma,Software Engineer - Graphics & Media,Engineering,"San Francisco, CA • New York, NY • United States",product_eng,mid,0,0,0,,264500,https://boards.greenhouse.io/figma/jobs/5552522004?gh_jid=5552522004
2026-08-18,FIG,Figma,Software Engineer - Growth & Monetization,Engineering,"San Francisco, CA • New York, NY • United States",product_eng,mid,0,0,0,,264500,https://boards.greenhouse.io/figma/jobs/5552560004?gh_jid=5552560004
2026-08-18,FIG,Figma,Software Engineer Intern (Winter 2027),Early Career,"San Francisco, CA • New York, NY",product_eng,intern,0,0,0,,,https://boards.greenhouse.io/figma/jobs/6131089004?gh_jid=6131089004
2026-08-18,FIG,Figma,Software Engineer - Machine Learning,Engineering,"San Francisco, CA • New York, NY • United States",product_eng,mid,1,24,1,application|buzz|data_ml_ops|general_medium|model_infra,264500,https://boards.greenhouse.io/figma/jobs/5551532004?gh_jid=5551532004
2026-08-18,FIG,Figma,Software Engineer - Mobile Web,Engineering,"San Francisco, CA • New York, NY • United States",product_eng,mid,0,0,0,,264500,https://boards.greenhouse.io/figma/jobs/6100023004?gh_jid=6100023004
2026-08-18,FIG,Figma,Software Engineer - Production Engineering,Engineering,"San Francisco, CA • New York, NY • United States",product_eng,mid,0,0,0,,264500,https://boards.greenhouse.io/figma/jobs/5551649004?gh_jid=5551649004
2026-08-18,FIG,Figma,"Software Engineer - Production Engineering (London, United Kingdom)",Engineering,"London, England",product_eng,mid,0,0,0,,,https://boards.greenhouse.io/figma/jobs/5781928004?gh_jid=5781928004
2026-08-18,FIG,Figma,Software Engineer - Traffic,Engineering,"San Francisco, CA • New York, NY • United States",product_eng,mid,0,0,0,,264500,https://boards.greenhouse.io/figma/jobs/6102379004?gh_jid=6102379004
2026-08-18,FIG,Figma,Solutions Consultant,Sales,"San Francisco, CA • New York, NY • United States",other,mid,0,0,0,,224400,https://boards.greenhouse.io/figma/jobs/5783377004?gh_jid=5783377004
2026-08-18,FIG,Figma,"Solutions Consultant (Berlin, Germany)",Sales,"Berlin, Germany",other,mid,0,0,0,,,https://boards.greenhouse.io/figma/jobs/5735853004?gh_jid=5735853004
2026-08-18,FIG,Figma,"Solutions Consultant, Federal",Sales,"New York, NY; Washington, DC",other,mid,0,0,0,,180400,https://boards.greenhouse.io/figma/jobs/5981822004?gh_jid=5981822004
2026-08-18,FIG,Figma,"Solutions Consultant (London, United Kingdom)",Sales,"London, England",other,mid,0,0,0,,,https://boards.greenhouse.io/figma/jobs/5735493004?gh_jid=5735493004
2026-08-18,FIG,Figma,"Solutions Consultant, Payload",Sales,"San Francisco, CA • New York, NY • United States",other,mid,0,0,0,,224400,https://boards.greenhouse.io/figma/jobs/6111166004?gh_jid=6111166004
2026-08-18,FIG,Figma,"Solutions Consultant (Sydney, Australia)",Sales,"Sydney, Australia",other,mid,0,0,0,,,https://boards.greenhouse.io/figma/jobs/5993635004?gh_jid=5993635004
2026-08-18,FIG,Figma,Strategic Finance,Business Operations,"San Francisco, CA • New York, NY • United States",nontech,mid,0,0,0,,180000,https://boards.greenhouse.io/figma/jobs/5792631004?gh_jid=5792631004
2026-08-18,FIG,Figma,"Strategic Program Manager - Figma Weave (New York, United States)",Weavy - Figma Weave,"New York, NY",other,mid,0,4,1,application|buzz,211000,https://boards.greenhouse.io/figma/jobs/6123582004?gh_jid=6123582004
2026-08-18,FIG,Figma,"Support Engineer, AI Infrastructure",Customer Operations and Support,"San Francisco, CA • New York, NY • United States",product_eng,mid,1,7,1,application|buzz,207000,https://boards.greenhouse.io/figma/jobs/5802956004?gh_jid=5802956004
2026-08-18,FIG,Figma,"Technical Account Manager, Mandarin Speaking (Singapore)",Sales,Singapore,demand_validated,mid,0,4,1,application|buzz,,https://boards.greenhouse.io/figma/jobs/6113161004?gh_jid=6113161004
2026-08-18,FIG,Figma,"Technical Account Manager (Tokyo, Japan)",Sales,"Tokyo, Japan",demand_validated,mid,0,4,1,application|buzz,,https://boards.greenhouse.io/figma/jobs/6006175004?gh_jid=6006175004
2026-08-18,FIG,Figma,Technical Program Manager - AI Performance,Engineering,"San Francisco, CA • New York, NY • United States",other,mid,1,12,1,application|data_ml_ops|general_medium,251000,https://boards.greenhouse.io/figma/jobs/5837760004?gh_jid=5837760004
2026-08-18,FIG,Figma,Technical Program Manager - Data,Engineering,"San Francisco, CA • New York, NY • United States",other,mid,0,7,1,application|buzz,251000,https://boards.greenhouse.io/figma/jobs/6009613004?gh_jid=6009613004
2026-08-18,FIG,Figma,Technical Program Manager - Infrastructure,Engineering,"San Francisco, CA • New York, NY • United States",other,mid,0,0,0,,251000,https://boards.greenhouse.io/figma/jobs/6020719004?gh_jid=6020719004
2026-08-18,FIG,Figma,Technical Quality Specialist ,Customer Operations and Support,"San Francisco, CA • New York, NY • United States",other,mid,0,0,0,,,https://boards.greenhouse.io/figma/jobs/6111625004?gh_jid=6111625004
2026-08-18,FIG,Figma,Voice of the Customer Program Manager,Customer Operations and Support,"San Francisco, CA • New York, NY • United States",other,mid,0,0,0,,198000,https://boards.greenhouse.io/figma/jobs/6008343004?gh_jid=6008343004
2026-08-18,RBLX,Roblox,"[2026] Senior Machine Learning Engineer, Recommendation Systems - PhD Early Career",Early Career Full-Time,"San Mateo, CA, United States",product_eng,intern,1,15,1,application|buzz|general_medium|model_infra,218940,https://careers.roblox.com/jobs/7350081?gh_jid=7350081
2026-08-18,RBLX,Roblox,"[2026] Senior Machine Learning Engineer (Systems), Embodied AI/NPCs, ML Platform - PhD Early Career",Early Career Full-Time,"San Mateo, CA, United States",product_eng,intern,1,23,1,application|buzz|data_ml_ops|general_medium|model_infra,220020,https://careers.roblox.com/jobs/8027588?gh_jid=8027588
2026-08-18,RBLX,Roblox,"[2026] Senior Machine Learning Engineer (Systems), Embodied AI/NPCs, ML Platform - PhD Early Career",Early Career Full-Time,"San Mateo, CA, United States",product_eng,intern,1,23,1,application|buzz|data_ml_ops|general_medium|model_infra,220020,https://careers.roblox.com/jobs/8027587?gh_jid=8027587
2026-08-18,RBLX,Roblox,"[2027] Software Engineer, Early Career",Early Career FT - Engineering,"San Mateo, CA, United States",product_eng,intern,0,8,1,application|buzz,153000,https://careers.roblox.com/jobs/8072244?gh_jid=8072244
2026-08-18,RBLX,Roblox,3D Animator (Short Term),3D Artist,"San Mateo, CA, United States",other,mid,0,0,0,,,https://careers.roblox.com/jobs/8054257?gh_jid=8054257
2026-08-18,RBLX,Roblox,"Analyst, Tools & Systems Administration ",Safety Operations (Non-Tech),"Gurugram, Haryana, India",other,mid,0,1,0,buzz,,https://careers.roblox.com/jobs/8066252?gh_jid=8066252
2026-08-18,RBLX,Roblox,Business Operations Associate,Business Operations (BizOps),"San Mateo, CA, United States",nontech,mid,0,0,0,,151225,https://careers.roblox.com/jobs/8120368?gh_jid=8120368
2026-08-18,RBLX,Roblox,Content Designer,UI/UX,"San Mateo, CA, United States",product_eng,mid,0,1,0,buzz,176245,https://careers.roblox.com/jobs/8070124?gh_jid=8070124
2026-08-18,RBLX,Roblox,"Data Analyst, Operations (IP & Legal Compliance)",Business Operations (BizOps),"Gurugram, Haryana, India",nontech,mid,0,0,0,,,https://careers.roblox.com/jobs/7856888?gh_jid=7856888
2026-08-18,RBLX,Roblox,Data Center Asset Management Specialist,Business Operations,"Goodyear, Arizona, United States",other,mid,0,0,0,,110510,https://careers.roblox.com/jobs/8047847?gh_jid=8047847
2026-08-18,RBLX,Roblox,Design Engineer,UI/UX,"San Mateo, CA, United States",product_eng,mid,0,10,1,application|buzz,183190,https://careers.roblox.com/jobs/7826363?gh_jid=7826363
2026-08-18,RBLX,Roblox,Developer Engagement Representative - ANZ (Australia / New Zealand)  (Part-Time Contract),Developer Relations (Non-Tech),Remote,product_eng,mid,0,0,0,,,https://careers.roblox.com/jobs/8020695?gh_jid=8020695
2026-08-18,RBLX,Roblox,Developer Engagement Representative - LATAM (Part-Time Contract),Developer Relations (Non-Tech),Remote,product_eng,mid,0,0,0,,,https://careers.roblox.com/jobs/7705949?gh_jid=7705949
2026-08-18,RBLX,Roblox,Developer Engagement Representative - Malaysia  (Part-Time Contract),Developer Relations (Non-Tech),Remote,product_eng,mid,0,0,0,,,https://careers.roblox.com/jobs/7978940?gh_jid=7978940
2026-08-18,RBLX,Roblox,Developer Engagement Representative - Philippines (Part-Time Contract),Developer Relations (Non-Tech),Remote,product_eng,mid,0,0,0,,,https://careers.roblox.com/jobs/8083281?gh_jid=8083281
2026-08-18,RBLX,Roblox,Developer Engagement Representative - Thailand (Part-Time Contract),Developer Relations (Non-Tech),Remote,product_eng,mid,0,0,0,,,https://careers.roblox.com/jobs/7992558?gh_jid=7992558
2026-08-18,RBLX,Roblox,Developer Relations Manager -  EU region,Developer Relations (Tech),"Amsterdam, North Holland, Netherlands",product_eng,mid,0,0,0,,,https://careers.roblox.com/jobs/7911884?gh_jid=7911884
2026-08-18,RBLX,Roblox,"Director, Corporate and Securities Counsel",Legal,"San Mateo, CA, United States",nontech,director,0,1,0,buzz,401580,https://careers.roblox.com/jobs/8031014?gh_jid=8031014
2026-08-18,RBLX,Roblox,"Director, Engineering — Engineering Acceleration",Software Engineering,"San Mateo, CA, United States",product_eng,director,0,7,1,application|buzz,428695,https://careers.roblox.com/jobs/8029414?gh_jid=8029414
2026-08-18,RBLX,Roblox,"Director of Business Development, Payments",Business Development,"San Mateo, CA, United States",other,director,0,7,1,application|buzz,293560,https://careers.roblox.com/jobs/7604271?gh_jid=7604271
2026-08-18,RBLX,Roblox,"Director of Engineering, Economy ML",Software Engineering,"San Mateo, CA, United States",product_eng,director,1,22,1,application|buzz|data_ml_ops|general_medium|model_infra,428695,https://careers.roblox.com/jobs/7963129?gh_jid=7963129
2026-08-18,RBLX,Roblox,Director of Engineering – Studio Systems,Software Engineering,"San Mateo, CA, United States",product_eng,director,0,4,1,application|buzz,428695,https://careers.roblox.com/jobs/7719455?gh_jid=7719455
2026-08-18,RBLX,Roblox,"Director of Public Policy, UAE/Middle East",Public Policy,Remote,other,director,0,1,0,buzz,,https://careers.roblox.com/jobs/7832171?gh_jid=7832171
2026-08-18,RBLX,Roblox,"Director, Product Management, Consumer Frontend",Product Management,"San Mateo, CA, United States",other,director,0,1,0,buzz,411200,https://careers.roblox.com/jobs/7913665?gh_jid=7913665
2026-08-18,RBLX,Roblox,"Distinguished Engineer, Machine Learning Systems – Economy",Software Engineering,"San Mateo, CA, United States",product_eng,staff_principal,1,37,1,application|buzz|data_ml_ops|general_medium|model_infra,426590,https://careers.roblox.com/jobs/7332473?gh_jid=7332473
2026-08-18,RBLX,Roblox,Distinguished Machine Learning Engineer - Safety,Software Engineering,"San Mateo, CA, United States",product_eng,staff_principal,1,11,1,application|buzz|general_medium,428695,https://careers.roblox.com/jobs/7931911?gh_jid=7931911
2026-08-18,RBLX,Roblox,Engineering Manager - Account Security,Software Engineering,"San Mateo, CA, United States",product_eng,mid,0,0,0,,320145,https://careers.roblox.com/jobs/7940279?gh_jid=7940279
2026-08-18,RBLX,Roblox,"Engineering Manager, Application Security",Software Engineering,"San Mateo, CA, United States",product_eng,mid,0,0,0,,320145,https://careers.roblox.com/jobs/7887896?gh_jid=7887896
2026-08-18,RBLX,Roblox,"Engineering Manager, Creator Analytics",Software Engineering,"San Mateo, CA, United States",product_eng,mid,0,0,0,,320145,https://careers.roblox.com/jobs/8040179?gh_jid=8040179
2026-08-18,RBLX,Roblox,"Engineering Manager, Home Infrastructure (Recommendation Systems)",Software Engineering,"San Mateo, CA, United States",product_eng,mid,0,1,0,buzz,320145,https://careers.roblox.com/jobs/7905464?gh_jid=7905464
2026-08-18,RBLX,Roblox,"Engineering Manager, Machine Learning Infrastructure, Ads",Software Engineering,"San Mateo, CA, United States",product_eng,mid,1,8,1,buzz|data_ml_ops|general_medium|model_infra,320145,https://careers.roblox.com/jobs/8090079?gh_jid=8090079
2026-08-18,RBLX,Roblox,"Engineering Manager, Observability Infrastructure",Software Engineering,"San Mateo, CA, United States",product_eng,mid,0,2,0,buzz,320145,https://careers.roblox.com/jobs/7901793?gh_jid=7901793
2026-08-18,RBLX,Roblox,Engineering Manager - Subscriptions,Software Engineering,"San Mateo, CA, United States",product_eng,mid,0,0,0,,320145,https://careers.roblox.com/jobs/8099956?gh_jid=8099956
2026-08-18,RBLX,Roblox,"Executive Business Partner, Office of the CEO",Administrative,"San Mateo, CA, United States",nontech,mid,0,0,0,,,https://careers.roblox.com/jobs/7778939?gh_jid=7778939
2026-08-18,RBLX,Roblox,Facilities Engineer ,Facilities,"San Mateo, CA, United States",product_eng,mid,0,0,0,,131700,https://careers.roblox.com/jobs/7857818?gh_jid=7857818
2026-08-18,RBLX,Roblox,"Finance Business Partner, Trust & Safety (6319)",Finance,"San Mateo, CA, United States",nontech,mid,0,0,0,,211530,https://careers.roblox.com/jobs/7977161?gh_jid=7977161
2026-08-18,RBLX,Roblox,"General Manager, South East Asia",Strategic Planning,Singapore,other,exec,0,0,0,,,https://careers.roblox.com/jobs/7838662?gh_jid=7838662
2026-08-18,RBLX,Roblox,Global Benefits Program Manager (Short Term) ,Total Rewards,"San Mateo, CA, United States",other,mid,0,0,0,,,https://careers.roblox.com/jobs/8068295?gh_jid=8068295
2026-08-18,RBLX,Roblox,"Global Developer Engagement Representative, Part-Time, Contractor",Developer Relations (Non-Tech),Remote,product_eng,mid,0,0,0,,,https://careers.roblox.com/jobs/7736682?gh_jid=7736682
2026-08-18,RBLX,Roblox,"Global Security Manager, Campus Security",Administrative,"San Mateo, CA, United States",other,intern,0,0,0,,174970,https://careers.roblox.com/jobs/8075125?gh_jid=8075125
2026-08-18,RBLX,Roblox,Growth Marketing Manager Lead ,Growth Marketing,"San Mateo, CA, United States",nontech,senior,0,6,0,buzz|general_medium,236800,https://careers.roblox.com/jobs/8077671?gh_jid=8077671
2026-08-18,RBLX,Roblox,Hardware & Testing Lab Technician,Corporate Engineering (IT),"San Mateo, CA, United States",other,mid,0,0,0,,,https://careers.roblox.com/jobs/8097774?gh_jid=8097774
2026-08-18,RBLX,Roblox,"Head of Public Policy, Saudi Arabia",Public Policy,Remote,other,exec,0,1,0,buzz,,https://careers.roblox.com/jobs/8048004?gh_jid=8048004
2026-08-18,RBLX,Roblox,"Human Evaluator, Studio (Contract)",Project Management (Non-Tech),United States,other,mid,0,0,0,,,https://careers.roblox.com/jobs/7697520?gh_jid=7697520
2026-08-18,RBLX,Roblox,"Law Enforcement and Digital Safety Specialist, West Virginia",Legal,Remote,other,mid,0,0,0,,,https://careers.roblox.com/jobs/7963220?gh_jid=7963220
2026-08-18,RBLX,Roblox,"Law Enforcement Liaison, Mississippi",Legal,Remote,other,mid,0,0,0,,,https://careers.roblox.com/jobs/8047865?gh_jid=8047865
2026-08-18,RBLX,Roblox,"Lead, Product Support",Safety Operations (Non-Tech),"Gurugram, Haryana, India",nontech,senior,0,0,0,,,https://careers.roblox.com/jobs/8070037?gh_jid=8070037
2026-08-18,RBLX,Roblox,Litigation Paralegal,Paralegal,"San Mateo, CA, United States",nontech,mid,0,0,0,,119715,https://careers.roblox.com/jobs/8027420?gh_jid=8027420
2026-08-18,RBLX,Roblox,Manager Data Center Operations,Engineering Operations,"Goodyear, Arizona, United States",nontech,mid,0,0,0,,206985,https://careers.roblox.com/jobs/7808741?gh_jid=7808741
2026-08-18,RBLX,Roblox,"Manager, Workplace Services ",Facilities,"San Mateo, CA, United States",other,mid,0,0,0,,162015,https://careers.roblox.com/jobs/8060957?gh_jid=8060957
2026-08-18,RBLX,Roblox,"Marketing Manager, Europe",Marketing,"Amsterdam, North Holland, Netherlands",nontech,mid,0,0,0,,,https://careers.roblox.com/jobs/7965517?gh_jid=7965517
2026-08-18,RBLX,Roblox,"Marketing Manager, India",Marketing,"Gurugram, Haryana, India",nontech,mid,0,0,0,,,https://careers.roblox.com/jobs/7921673?gh_jid=7921673
2026-08-18,RBLX,Roblox,Moderation Escalation Specialist,Safety Operations (Non-Tech),"Gurugram, Haryana, India",other,mid,0,0,0,,,https://careers.roblox.com/jobs/8097435?gh_jid=8097435
2026-08-18,RBLX,Roblox,People Business Associate (Short-term),People,"San Mateo, CA, United States",other,mid,0,0,0,,,https://careers.roblox.com/jobs/8107093?gh_jid=8107093
2026-08-18,RBLX,Roblox,People Business Associate (Short-Term),People,"San Mateo, CA, United States",other,mid,0,0,0,,,https://careers.roblox.com/jobs/8107091?gh_jid=8107091
2026-08-18,RBLX,Roblox,People & Talent Partner,Talent Acquisition,"Vancouver, British Columbia, Canada",other,mid,0,1,0,buzz,185765,https://careers.roblox.com/jobs/8082672?gh_jid=8082672
2026-08-18,RBLX,Roblox,Principal Data Scientist - Safety,Data Science,"San Mateo, CA, United States",product_eng,staff_principal,0,7,0,buzz|general_medium,347455,https://careers.roblox.com/jobs/7411636?gh_jid=7411636
2026-08-18,RBLX,Roblox,Principal Detection and Response Engineer,Software Engineering,"San Mateo, CA, United States",product_eng,staff_principal,0,0,0,,320145,https://careers.roblox.com/jobs/8039302?gh_jid=8039302
2026-08-18,RBLX,Roblox,"Principal Engineer, Studio Builder Tools ",Software Engineering,"San Mateo, CA, United States",product_eng,staff_principal,0,0,0,,372230,https://careers.roblox.com/jobs/7834163?gh_jid=7834163
2026-08-18,RBLX,Roblox,Principal Enterprise Security Engineer,Software Engineering,"San Mateo, CA, United States",product_eng,staff_principal,0,4,1,application|buzz,318570,https://careers.roblox.com/jobs/8036430?gh_jid=8036430
2026-08-18,RBLX,Roblox,"Principal Frontend Software Engineer, Connections",Software Engineering,"San Mateo, CA, United States",product_eng,staff_principal,0,0,0,,320145,https://careers.roblox.com/jobs/8025477?gh_jid=8025477
2026-08-18,RBLX,Roblox,Principal Frontend Software Engineer - Discovery UX,Software Engineering,"San Mateo, CA, United States",product_eng,staff_principal,0,0,0,,320145,https://careers.roblox.com/jobs/8052466?gh_jid=8052466
2026-08-18,RBLX,Roblox,"Principal Machine Learning Engineer, Content Safety",Software Engineering,"San Mateo, CA, United States",product_eng,staff_principal,1,8,0,buzz|general_medium,320145,https://careers.roblox.com/jobs/8073283?gh_jid=8073283
2026-08-18,RBLX,Roblox,"Principal Machine Learning Engineer, Embodied AI and Smart NPCs",Software Engineering,"San Mateo, CA, United States",product_eng,staff_principal,1,20,1,buzz|general_medium|model_infra,372230,https://careers.roblox.com/jobs/7629843?gh_jid=7629843
2026-08-18,RBLX,Roblox,"Principal Machine Learning Infrastructure Engineer, Ads & Discovery",Software Engineering,"San Mateo, CA, United States",product_eng,staff_principal,1,29,1,application|buzz|data_ml_ops|general_medium|model_infra,320145,https://careers.roblox.com/jobs/7351202?gh_jid=7351202
2026-08-18,RBLX,Roblox,Principal Model Optimization Engineer ,Software Engineering,"San Mateo, CA, United States",product_eng,staff_principal,0,21,1,application|buzz|data_ml_ops|general_medium|model_infra,320145,https://careers.roblox.com/jobs/7872401?gh_jid=7872401
2026-08-18,RBLX,Roblox,Principal Network Engineer,Software Engineering,"San Mateo, CA, United States",product_eng,staff_principal,0,0,0,,320145,https://careers.roblox.com/jobs/7645403?gh_jid=7645403
2026-08-18,RBLX,Roblox,Principal Rendering Engineer,Software Engineering,"San Mateo, CA, United States",product_eng,staff_principal,0,2,0,general_medium,320145,https://careers.roblox.com/jobs/8036287?gh_jid=8036287
2026-08-18,RBLX,Roblox,"Principal Security Software Engineer, Application Security",Engineering,"San Mateo, CA, United States",product_eng,staff_principal,0,7,1,application|buzz,355555,https://careers.roblox.com/jobs/7789332?gh_jid=7789332
2026-08-18,RBLX,Roblox,"Principal Security Software Engineer, Enterprise IAM",Software Engineering,"San Mateo, CA, United States",product_eng,staff_principal,0,0,0,,414125,https://careers.roblox.com/jobs/7983905?gh_jid=7983905
2026-08-18,RBLX,Roblox,"Principal Security Software Engineer, IAM",Engineering,"San Mateo, CA, United States",product_eng,staff_principal,0,10,1,application|buzz,355555,https://careers.roblox.com/jobs/8099958?gh_jid=8099958
2026-08-18,RBLX,Roblox,Principal/Senior Machine Learning Scientist - Search and Discovery ,Machine Learning,"San Mateo, CA, United States",product_eng,staff_principal,1,15,1,application|buzz|general_medium|model_infra,311785,https://careers.roblox.com/jobs/7655346?gh_jid=7655346
2026-08-18,RBLX,Roblox,Principal Software Engineer,Software Engineering,"San Mateo, CA, United States",product_eng,staff_principal,0,8,1,application|buzz|data_ml_ops,320145,https://careers.roblox.com/jobs/8017415?gh_jid=8017415
2026-08-18,RBLX,Roblox,Principal Software Engineer,Software Engineering,"San Mateo, CA, United States",product_eng,staff_principal,0,0,0,,320145,https://careers.roblox.com/jobs/7744272?gh_jid=7744272
2026-08-18,RBLX,Roblox,"Principal Software Engineer, Ads Experience",Software Engineering,"San Mateo, CA, United States",product_eng,staff_principal,0,1,0,buzz,318570,https://careers.roblox.com/jobs/7460850?gh_jid=7460850
2026-08-18,RBLX,Roblox,"Principal Software Engineer, Backend - Sharing",Software Engineering,"San Mateo, CA, United States",product_eng,staff_principal,0,0,0,,320145,https://careers.roblox.com/jobs/8013437?gh_jid=8013437
2026-08-18,RBLX,Roblox,"Principal Software Engineer, CI and CD Foundation",Software Engineering,"San Mateo, CA, United States",product_eng,staff_principal,0,4,1,application|buzz,372230,https://careers.roblox.com/jobs/8047821?gh_jid=8047821
2026-08-18,RBLX,Roblox,"Principal Software Engineer, Compute Fleet Management",Software Engineering,"San Mateo, CA, United States",product_eng,staff_principal,0,1,0,buzz,372230,https://careers.roblox.com/jobs/7983990?gh_jid=7983990
2026-08-18,RBLX,Roblox,Principal Software Engineer - Compute (Kubernetes),Software Engineering,"San Mateo, CA, United States",product_eng,staff_principal,0,0,0,,372230,https://careers.roblox.com/jobs/8024627?gh_jid=8024627
2026-08-18,RBLX,Roblox,Principal Software Engineer - Content Lifecycle,Software Engineering,"San Mateo, CA, United States",product_eng,staff_principal,0,4,1,application|buzz,320145,https://careers.roblox.com/jobs/7650307?gh_jid=7650307
2026-08-18,RBLX,Roblox,Principal Software Engineer - Content Platform,Software Engineering,"San Mateo, CA, United States",product_eng,staff_principal,0,0,0,,372230,https://careers.roblox.com/jobs/7821818?gh_jid=7821818
2026-08-18,RBLX,Roblox,Principal Software Engineer - Creator Collaboration,Software Engineering,"San Mateo, CA, United States",product_eng,staff_principal,0,4,1,application|buzz,320145,https://careers.roblox.com/jobs/7769510?gh_jid=7769510
2026-08-18,RBLX,Roblox,Principal Software Engineer - Creator Distributed Systems & Storage   ,Software Engineering,"San Mateo, CA, United States",product_eng,staff_principal,0,3,0,buzz,372230,https://careers.roblox.com/jobs/7740153?gh_jid=7740153
2026-08-18,RBLX,Roblox,"Principal Software Engineer, Data Engineering",Software Engineering,"San Mateo, CA, United States",product_eng,staff_principal,0,1,0,buzz,320145,https://careers.roblox.com/jobs/7678832?gh_jid=7678832
2026-08-18,RBLX,Roblox,"Principal Software Engineer, Data Infrastructure",Software Engineering,"San Mateo, CA, United States",product_eng,staff_principal,0,10,1,application|buzz,320145,https://careers.roblox.com/jobs/8029695?gh_jid=8029695
2026-08-18,RBLX,Roblox,Principal Software Engineer - Economy ML (Data Systems),Software Engineering,"San Mateo, CA, United States",product_eng,staff_principal,1,5,0,buzz|data_ml_ops,324645,https://careers.roblox.com/jobs/7629489?gh_jid=7629489
2026-08-18,RBLX,Roblox,"Principal Software Engineer, Engineering Acceleration",Software Engineering,"San Mateo, CA, United States",product_eng,staff_principal,0,2,0,buzz,320145,https://careers.roblox.com/jobs/7991993?gh_jid=7991993
2026-08-18,RBLX,Roblox,"Principal Software Engineer, Engine Systems",Software Engineering,"San Mateo, CA, United States",product_eng,staff_principal,0,0,0,,320145,https://careers.roblox.com/jobs/8036223?gh_jid=8036223
2026-08-18,RBLX,Roblox,Principal Software Engineer - Game Engine Systems (C++) ,Software Engineering,"San Mateo, CA, United States",product_eng,staff_principal,0,0,0,,318570,https://careers.roblox.com/jobs/7449585?gh_jid=7449585
2026-08-18,RBLX,Roblox,"Principal Software Engineer, Game Safety ",Software Engineering,"San Mateo, CA, United States",product_eng,staff_principal,0,5,0,buzz|data_ml_ops,320145,https://careers.roblox.com/jobs/8031166?gh_jid=8031166
2026-08-18,RBLX,Roblox,"Principal Software Engineer, GPU Compute",Software Engineering,"San Mateo, CA, United States",product_eng,staff_principal,0,8,1,buzz|general_medium|model_infra,372230,https://careers.roblox.com/jobs/7978492?gh_jid=7978492
2026-08-18,RBLX,Roblox,"Principal Software Engineering, App Performance (C++)",Software Engineering,"San Mateo, CA, United States",product_eng,staff_principal,0,0,0,,320145,https://careers.roblox.com/jobs/8025516?gh_jid=8025516
2026-08-18,RBLX,Roblox,Principal Software Engineer - Network Transport (C++),Software Engineering,"San Mateo, CA, United States",product_eng,staff_principal,0,0,0,,318570,https://careers.roblox.com/jobs/7561743?gh_jid=7561743
2026-08-18,RBLX,Roblox,"Principal Software Engineer, Physics",Software Engineering,"Vancouver, British Columbia, Canada",product_eng,staff_principal,0,0,0,,305780,https://careers.roblox.com/jobs/8084445?gh_jid=8084445
2026-08-18,RBLX,Roblox,"Principal Software Engineer, Physics",Software Engineering,"San Mateo, CA, United States",product_eng,staff_principal,0,0,0,,320145,https://careers.roblox.com/jobs/7998366?gh_jid=7998366
2026-08-18,RBLX,Roblox,"Principal Software Engineer, Physics",Software Engineering,"San Mateo, CA, United States",product_eng,staff_principal,0,0,0,,372230,https://careers.roblox.com/jobs/8039680?gh_jid=8039680
2026-08-18,RBLX,Roblox,"Principal Software Engineer, Physics",Software Engineering,"Vancouver, British Columbia, Canada",product_eng,staff_principal,0,0,0,,305780,https://careers.roblox.com/jobs/8024941?gh_jid=8024941
2026-08-18,RBLX,Roblox,Principal Software Engineer - Roblox Database,Software Engineering,"San Mateo, CA, United States",product_eng,staff_principal,0,0,0,,318570,https://careers.roblox.com/jobs/8036892?gh_jid=8036892
2026-08-18,RBLX,Roblox,Principal Software Engineer - Roblox Economy Platform,Software Engineering,"San Mateo, CA, United States",product_eng,staff_principal,0,0,0,,318570,https://careers.roblox.com/jobs/7545955?gh_jid=7545955
2026-08-18,RBLX,Roblox,"Principal Software Engineer, WebRTC",Software Engineering,"San Mateo, CA, United States",product_eng,staff_principal,0,0,0,,320145,https://careers.roblox.com/jobs/8036680?gh_jid=8036680
2026-08-18,RBLX,Roblox,"Principal Technical Program Manager, Compute",Technical Program Management,"San Mateo, CA, United States",other,staff_principal,0,3,0,buzz|data_ml_ops,303840,https://careers.roblox.com/jobs/7997105?gh_jid=7997105
2026-08-18,RBLX,Roblox,Proactive Moderation Operations Specialist,Safety Operations (Non-Tech),"Gurugram, Haryana, India",nontech,mid,0,0,0,,,https://careers.roblox.com/jobs/8069989?gh_jid=8069989
2026-08-18,RBLX,Roblox,"Product Counsel/ Sr Product Counsel, Advertising",Legal,"San Mateo, CA, United States",nontech,senior,0,0,0,,267740,https://careers.roblox.com/jobs/7779120?gh_jid=7779120
2026-08-18,RBLX,Roblox,"Product Marketing Manager, Ads",Marketing,"San Mateo, CA, United States",nontech,mid,0,0,0,,240420,https://careers.roblox.com/jobs/7951971?gh_jid=7951971
2026-08-18,RBLX,Roblox,Product Support Specialist,Safety Operations (Non-Tech),"Gurugram, Haryana, India",nontech,mid,0,0,0,,,https://careers.roblox.com/jobs/8070027?gh_jid=8070027
2026-08-18,RBLX,Roblox,Quality Analyst,Safety Operations (Non-Tech),"Gurugram, Haryana, India",other,mid,0,0,0,,,https://careers.roblox.com/jobs/8070025?gh_jid=8070025
2026-08-18,RBLX,Roblox,Quality Analyst,Safety Operations (Non-Tech),"Gurugram, Haryana, India",other,mid,0,0,0,,,https://careers.roblox.com/jobs/7785784?gh_jid=7785784
2026-08-18,RBLX,Roblox,Receptionist,Administrative,"Gurugram, Haryana, India",other,mid,0,0,0,,,https://careers.roblox.com/jobs/8121877?gh_jid=8121877
2026-08-18,RBLX,Roblox,"Scientist / Senior Scientist, Ads Systems",Data Science,"San Mateo, CA, United States",other,senior,0,7,0,buzz|data_ml_ops|general_medium,285780,https://careers.roblox.com/jobs/7894481?gh_jid=7894481
2026-08-18,RBLX,Roblox,"Senior Analyst, Tools and Systems Administrator",Safety Operations (Non-Tech),"Gurugram, Haryana, India",other,senior,0,4,1,application|buzz,,https://careers.roblox.com/jobs/7957849?gh_jid=7957849
2026-08-18,RBLX,Roblox,Senior Child Safety Intelligence Analyst,Safety Operations (Non-Tech),"San Mateo, CA, United States",other,senior,0,1,0,buzz,190790,https://careers.roblox.com/jobs/8047106?gh_jid=8047106
2026-08-18,RBLX,Roblox,Senior Cloud Security Engineer ,Engineering,"San Mateo, CA, United States",product_eng,senior,0,0,0,,288575,https://careers.roblox.com/jobs/7997039?gh_jid=7997039
2026-08-18,RBLX,Roblox,"Senior Corporate FP&A Manager, Workforce Planning & Total Rewards",Finance,"San Mateo, CA, United States",other,senior,0,1,0,buzz,254095,https://careers.roblox.com/jobs/7758622?gh_jid=7758622
2026-08-18,RBLX,Roblox,Senior Data Scientist - Authentication,Data Science,"San Mateo, CA, United States",product_eng,senior,0,7,0,buzz|general_medium,242525,https://careers.roblox.com/jobs/8097469?gh_jid=8097469
2026-08-18,RBLX,Roblox,Senior Data Scientist - Consumer Frontend,Data Science,"San Mateo, CA, United States",product_eng,senior,0,4,0,buzz|general_medium,293245,https://careers.roblox.com/jobs/7977682?gh_jid=7977682
2026-08-18,RBLX,Roblox,"Senior Data Scientist, Creator Platform",Data Science,"San Mateo, CA, United States",product_eng,senior,0,8,1,application|buzz|general_medium,293245,https://careers.roblox.com/jobs/8049802?gh_jid=8049802
2026-08-18,RBLX,Roblox,Senior Data Scientist - Machine Intelligence (Creator Services),Data Science,"San Mateo, CA, United States",product_eng,senior,0,6,0,buzz|general_medium,242525,https://careers.roblox.com/jobs/7822736?gh_jid=7822736
2026-08-18,RBLX,Roblox,Senior Detection and Response Engineer,Software Engineering,"San Mateo, CA, United States",product_eng,senior,0,0,0,,220020,https://careers.roblox.com/jobs/8070890?gh_jid=8070890
2026-08-18,RBLX,Roblox,"Senior Director, Policy Communications",Communications,"San Mateo, CA, United States; Washington, District of Columbia, United States",nontech,director,0,0,0,,322325,https://careers.roblox.com/jobs/8082263?gh_jid=8082263
2026-08-18,RBLX,Roblox,"Senior Engineering Manager, AI Roblox Studio",Software Engineering,"San Mateo, CA, United States",product_eng,senior,1,8,1,application|buzz,372230,https://careers.roblox.com/jobs/8055512?gh_jid=8055512
2026-08-18,RBLX,Roblox,"Senior Engineering Manager, AI Safety Platform",Software Engineering,"San Mateo, CA, United States",product_eng,senior,1,6,1,application|buzz,372230,https://careers.roblox.com/jobs/8030839?gh_jid=8030839
2026-08-18,RBLX,Roblox,"Senior Engineering Manager, Communications",Software Engineering,"San Mateo, CA, United States",product_eng,senior,0,0,0,,372230,https://careers.roblox.com/jobs/8077261?gh_jid=8077261
2026-08-18,RBLX,Roblox,"Senior Engineering Manager, Search and Discovery",Machine Learning,"San Mateo, CA, United States",product_eng,senior,0,10,1,application|buzz|data_ml_ops|general_medium,372230,https://careers.roblox.com/jobs/7764306?gh_jid=7764306
2026-08-18,RBLX,Roblox,Senior Enterprise Security Engineer,Software Engineering,"San Mateo, CA, United States",product_eng,senior,0,4,1,application|buzz,269270,https://careers.roblox.com/jobs/8042523?gh_jid=8042523
2026-08-18,RBLX,Roblox,"Senior Frontend Engineer, Voice Communication",Software Engineering,"San Mateo, CA, United States",product_eng,senior,0,1,0,buzz,269270,https://careers.roblox.com/jobs/8011015?gh_jid=8011015
2026-08-18,RBLX,Roblox,"Senior Frontend Software Engineer, Ads Experience",Software Engineering,"San Mateo, CA, United States",product_eng,senior,0,0,0,,267950,https://careers.roblox.com/jobs/7396342?gh_jid=7396342
2026-08-18,RBLX,Roblox,Senior Frontend Software Engineer - Marketplace,Software Engineering,"San Mateo, CA, United States",product_eng,senior,0,0,0,,220020,https://careers.roblox.com/jobs/7913878?gh_jid=7913878
2026-08-18,RBLX,Roblox,Senior Growth Marketing Manager ,Growth Marketing,"San Mateo, CA, United States",nontech,senior,0,6,0,buzz|general_medium,196305,https://careers.roblox.com/jobs/7977893?gh_jid=7977893
2026-08-18,RBLX,Roblox,Senior Hardware Engineer - GPU & AI Infrastructure,Software Engineering,"San Mateo, CA, United States",product_eng,senior,1,5,0,buzz|general_medium,269270,https://careers.roblox.com/jobs/7463674?gh_jid=7463674
2026-08-18,RBLX,Roblox,Senior Hardware Engineer - Infrastructure,Software Engineering,"San Mateo, CA, United States",product_eng,senior,0,3,0,buzz|general_medium,269270,https://careers.roblox.com/jobs/7947153?gh_jid=7947153
2026-08-18,RBLX,Roblox,"Senior Machine Learning Engineer, Ads",Software Engineering,"San Mateo, CA, United States",product_eng,senior,1,13,1,buzz|general_medium|model_infra,285230,https://careers.roblox.com/jobs/7351220?gh_jid=7351220
2026-08-18,RBLX,Roblox,"Senior Machine Learning Engineer, GenAI Data",Software Engineering,"San Mateo, CA, United States",product_eng,senior,1,8,0,buzz|data_ml_ops|general_medium,269270,https://careers.roblox.com/jobs/7943933?gh_jid=7943933
2026-08-18,RBLX,Roblox,"Senior Machine Learning Engineering Manager, Safety AI Systems",Software Engineering,"San Mateo, CA, United States",product_eng,senior,1,7,1,buzz|general_medium|model_infra,320145,https://careers.roblox.com/jobs/8047877?gh_jid=8047877
2026-08-18,RBLX,Roblox,"Senior Machine Learning Engineering Manager, Text Safety",Software Engineering,"San Mateo, CA, United States",product_eng,senior,1,11,1,application|buzz,372230,https://careers.roblox.com/jobs/8103714?gh_jid=8103714
2026-08-18,RBLX,Roblox,"Senior Machine Learning Engineer, Reliability ",Software Engineering,"San Mateo, CA, United States",product_eng,senior,1,6,1,buzz|general_medium|model_infra,220020,https://careers.roblox.com/jobs/8010058?gh_jid=8010058
2026-08-18,RBLX,Roblox,"Senior Manager, Moderation Escalations",Safety Operations (Non-Tech),"Gurugram, Haryana, India",other,senior,0,1,0,buzz,,https://careers.roblox.com/jobs/7983067?gh_jid=7983067
2026-08-18,RBLX,Roblox,"Senior Mobile Systems Engineer, Audio Team (Android & C++)",Software Engineering,"San Mateo, CA, United States",product_eng,senior,0,0,0,,267950,https://careers.roblox.com/jobs/7528070?gh_jid=7528070
2026-08-18,RBLX,Roblox,Senior Offensive Security Engineer,Software Engineering,"San Mateo, CA, United States",product_eng,senior,0,0,0,,220020,https://careers.roblox.com/jobs/8070888?gh_jid=8070888
2026-08-18,RBLX,Roblox,Senior Payments Compliance Manager,Project Management (Non-Tech),"San Mateo, CA, United States",other,senior,0,0,0,,270920,https://careers.roblox.com/jobs/8107208?gh_jid=8107208
2026-08-18,RBLX,Roblox,Senior / Principal Data Scientist - Discovery,Data Science,"San Mateo, CA, United States",product_eng,staff_principal,0,7,0,buzz|general_medium,340555,https://careers.roblox.com/jobs/8037082?gh_jid=8037082
2026-08-18,RBLX,Roblox,Senior / Principal Infrastructure Engineer - ML Platform,Software Engineering,"San Mateo, CA, United States",product_eng,staff_principal,1,7,0,buzz|data_ml_ops|general_medium,311785,https://careers.roblox.com/jobs/8027755?gh_jid=8027755
2026-08-18,RBLX,Roblox,"Senior/Principal Product Manager, Engine Systems Foundations",Product Management,"San Mateo, CA, United States",product_eng,staff_principal,0,1,0,buzz,305745,https://careers.roblox.com/jobs/8079846?gh_jid=8079846
2026-08-18,RBLX,Roblox,Senior Privacy Engineer,Engineering,"San Mateo, CA, United States",product_eng,senior,0,2,0,general_medium,202440,https://careers.roblox.com/jobs/8094717?gh_jid=8094717
2026-08-18,RBLX,Roblox,Senior Privacy Software Engineer,Engineering,"San Mateo, CA, United States",product_eng,senior,0,0,0,,242925,https://careers.roblox.com/jobs/8022674?gh_jid=8022674
2026-08-18,RBLX,Roblox,"Senior Product Counsel, Consumer",Legal,"San Mateo, CA, United States",nontech,senior,0,0,0,,274880,https://careers.roblox.com/jobs/8003825?gh_jid=8003825
2026-08-18,RBLX,Roblox,"Senior Product Designer, Monetization",UI/UX,"San Mateo, CA, United States",product_eng,senior,0,1,0,buzz,280140,https://careers.roblox.com/jobs/8094661?gh_jid=8094661
2026-08-18,RBLX,Roblox,"Senior Product Designer, Safety",UI/UX,"San Mateo, CA, United States",product_eng,senior,0,0,0,,235215,https://careers.roblox.com/jobs/8068678?gh_jid=8068678
2026-08-18,RBLX,Roblox,"Senior Product Manager, AI Content Safety",Product Management,"San Mateo, CA, United States",product_eng,senior,1,2,0,buzz,305745,https://careers.roblox.com/jobs/8035873?gh_jid=8035873
2026-08-18,RBLX,Roblox,"Senior Product Manager, App Architecture",Product Management,"San Mateo, CA, United States",product_eng,senior,0,0,0,,305745,https://careers.roblox.com/jobs/7839534?gh_jid=7839534
2026-08-18,RBLX,Roblox,"Senior Product Manager, Compute Platform ",Product Management,"San Mateo, CA, United States",product_eng,senior,0,8,1,application|buzz|general_medium,305745,https://careers.roblox.com/jobs/7994532?gh_jid=7994532
2026-08-18,RBLX,Roblox,"Senior Product Manager, Engineering Acceleration",Product Management,"San Mateo, CA, United States",product_eng,senior,0,1,0,buzz,305745,https://careers.roblox.com/jobs/7701911?gh_jid=7701911
2026-08-18,RBLX,Roblox,"Senior Product Manager, Jobs Platform ",Product Management,"San Mateo, CA, United States",product_eng,senior,0,9,1,application|buzz|general_medium,305745,https://careers.roblox.com/jobs/7997195?gh_jid=7997195
2026-08-18,RBLX,Roblox,"Senior Product Policy Manager, Monetization   ",Product Management,"San Mateo, CA, United States",other,senior,0,0,0,,224795,https://careers.roblox.com/jobs/8106959?gh_jid=8106959
2026-08-18,RBLX,Roblox,"Senior Product Policy Manager, Regional Policy (Europe)",Product Management,"Amsterdam, North Holland, Netherlands",other,senior,0,0,0,,,https://careers.roblox.com/jobs/7962542?gh_jid=7962542
2026-08-18,RBLX,Roblox,"Senior Product Policy Manager, Regional Policy (LATAM)",Product Management,"São Paulo, Brazil",other,senior,0,0,0,,,https://careers.roblox.com/jobs/7928938?gh_jid=7928938
2026-08-18,RBLX,Roblox,"Senior Product Policy Manager, Regional Policy (SEA/ SA)",Product Management,"Gurugram, Haryana, India; India",other,senior,0,0,0,,,https://careers.roblox.com/jobs/8012671?gh_jid=8012671
2026-08-18,RBLX,Roblox,"Senior Product Policy Manager, Regional Policy (SEA/SA)",Product Management,Singapore,other,senior,0,0,0,,,https://careers.roblox.com/jobs/7981917?gh_jid=7981917
2026-08-18,RBLX,Roblox,"Senior QA Engineer, Safety",Engineering Quality Assurance (QA),"San Mateo, CA, United States",product_eng,senior,0,4,1,application|buzz,205720,https://careers.roblox.com/jobs/7656541?gh_jid=7656541
2026-08-18,RBLX,Roblox,Senior Rendering Engineer Manager,Software Engineering,"San Mateo, CA, United States",product_eng,senior,0,2,0,general_medium,370400,https://careers.roblox.com/jobs/7100730?gh_jid=7100730
2026-08-18,RBLX,Roblox,Senior Rendering Engineer Manager,Software Engineering,"Vancouver, British Columbia, Canada",product_eng,senior,0,2,0,general_medium,362405,https://careers.roblox.com/jobs/7441754?gh_jid=7441754
2026-08-18,RBLX,Roblox,"Senior Security Engineer, Detection and Response",Software Engineering,"London, England, United Kingdom",product_eng,senior,0,0,0,,,https://careers.roblox.com/jobs/8037805?gh_jid=8037805
2026-08-18,RBLX,Roblox,Senior Security GRC Analyst,Engineering,"San Mateo, CA, United States",other,senior,0,1,0,buzz,240480,https://careers.roblox.com/jobs/8056346?gh_jid=8056346
2026-08-18,RBLX,Roblox,"Senior Security Software Engineer, Application Security",Engineering,"San Mateo, CA, United States",product_eng,senior,0,4,1,application|buzz,297615,https://careers.roblox.com/jobs/7896293?gh_jid=7896293
2026-08-18,RBLX,Roblox,"Senior Security Software Engineer, IAM",Engineering,"San Mateo, CA, United States",product_eng,senior,0,10,1,application|buzz,278910,https://careers.roblox.com/jobs/8016408?gh_jid=8016408
2026-08-18,RBLX,Roblox,"Senior Security Software Engineer, Infrastructure Security",Engineering,"San Mateo, CA, United States",product_eng,senior,0,0,0,,251370,https://careers.roblox.com/jobs/7896061?gh_jid=7896061
2026-08-18,RBLX,Roblox,"Senior Security Software Engineer, Vulnerability Management",Engineering,"San Mateo, CA, United States",product_eng,senior,0,0,0,,242925,https://careers.roblox.com/jobs/7922649?gh_jid=7922649
2026-08-18,RBLX,Roblox,"Senior Site Reliability Engineer, Compute",Software Engineering,"San Mateo, CA, United States",product_eng,senior,0,0,0,,269270,https://careers.roblox.com/jobs/8042554?gh_jid=8042554
2026-08-18,RBLX,Roblox,Senior Software Engineer- Account Authentication,Software Engineering,"San Mateo, CA, United States",product_eng,senior,0,6,1,application|buzz,269270,https://careers.roblox.com/jobs/8092905?gh_jid=8092905
2026-08-18,RBLX,Roblox,"Senior Software Engineer, Ads Experience (C++) ",Software Engineering,"San Mateo, CA, United States",product_eng,senior,0,0,0,,269270,https://careers.roblox.com/jobs/7655780?gh_jid=7655780
2026-08-18,RBLX,Roblox,"Senior Software Engineer, Ads Platform",Software Engineering,"San Mateo, CA, United States",product_eng,senior,0,0,0,,220020,https://careers.roblox.com/jobs/8011079?gh_jid=8011079
2026-08-18,RBLX,Roblox,"Senior Software Engineer, App Performance",Software Engineering,"San Mateo, CA, United States",product_eng,senior,0,0,0,,218940,https://careers.roblox.com/jobs/7360413?gh_jid=7360413
2026-08-18,RBLX,Roblox,Senior Software Engineer: Assistant,Software Engineering,"San Mateo, CA, United States",product_eng,senior,0,7,1,application|buzz,220020,https://careers.roblox.com/jobs/8047823?gh_jid=8047823
2026-08-18,RBLX,Roblox,"Senior Software Engineer, Avatar Animation ",Software Engineering,"Vancouver, British Columbia, Canada",product_eng,senior,0,0,0,,254570,https://careers.roblox.com/jobs/8024947?gh_jid=8024947
2026-08-18,RBLX,Roblox,"Senior Software Engineer, Avatar Animation ",Software Engineering,"San Mateo, CA, United States",product_eng,senior,0,0,0,,267950,https://careers.roblox.com/jobs/7540219?gh_jid=7540219
2026-08-18,RBLX,Roblox,Senior Software Engineer - Avatar Personalization,Software Engineering,"San Mateo, CA, United States",product_eng,senior,0,0,0,,220020,https://careers.roblox.com/jobs/7545202?gh_jid=7545202
2026-08-18,RBLX,Roblox,"Senior Software Engineer (Backend), Communication",Software Engineering,"San Mateo, CA, United States",product_eng,senior,0,0,0,,269270,https://careers.roblox.com/jobs/8001022?gh_jid=8001022
2026-08-18,RBLX,Roblox,Senior Software Engineer - Bot Defense,Software Engineering,"San Mateo, CA, United States",product_eng,senior,0,3,0,buzz,220020,https://careers.roblox.com/jobs/8047817?gh_jid=8047817
2026-08-18,RBLX,Roblox,Senior Software Engineer (C++),Software Engineering,"San Mateo, CA, United States",product_eng,senior,0,0,0,,218940,https://careers.roblox.com/jobs/8025510?gh_jid=8025510
2026-08-18,RBLX,Roblox,"Senior Software Engineer, Client Systems (C++)",Software Engineering,"San Mateo, CA, United States",product_eng,senior,0,0,0,,218940,https://careers.roblox.com/jobs/8036535?gh_jid=8036535
2026-08-18,RBLX,Roblox,"Senior Software Engineer, Compute Cell Platform",Software Engineering,"San Mateo, CA, United States",product_eng,senior,0,0,0,,220020,https://careers.roblox.com/jobs/8056362?gh_jid=8056362
2026-08-18,RBLX,Roblox,Senior Software Engineer - Consoles,Software Engineering,"San Mateo, CA, United States",product_eng,senior,0,0,0,,220020,https://careers.roblox.com/jobs/8089039?gh_jid=8089039
2026-08-18,RBLX,Roblox,"Senior Software Engineer, Content Suitability ",Software Engineering,"San Mateo, CA, United States",product_eng,senior,0,5,0,buzz|general_medium,220020,https://careers.roblox.com/jobs/7987819?gh_jid=7987819
2026-08-18,RBLX,Roblox,"Senior Software Engineer, Core UI",Software Engineering,"San Mateo, CA, United States",product_eng,senior,0,0,0,,245515,https://careers.roblox.com/jobs/7708489?gh_jid=7708489
2026-08-18,RBLX,Roblox,Senior Software Engineer - Creator Business,Software Engineering,"San Mateo, CA, United States",product_eng,senior,0,0,0,,220020,https://careers.roblox.com/jobs/8003347?gh_jid=8003347
2026-08-18,RBLX,Roblox,Senior Software Engineer - Data Access,Software Engineering,"San Mateo, CA, United States",product_eng,senior,0,0,0,,269270,https://careers.roblox.com/jobs/7437922?gh_jid=7437922
2026-08-18,RBLX,Roblox,"Senior Software Engineer, Data Engineering ",Software Engineering,"San Mateo, CA, United States",product_eng,senior,0,1,0,buzz,269270,https://careers.roblox.com/jobs/8055450?gh_jid=8055450
2026-08-18,RBLX,Roblox,"Senior Software Engineer, Data Infrastructure",Software Engineering,"San Mateo, CA, United States",product_eng,senior,0,7,1,application|buzz,269270,https://careers.roblox.com/jobs/8014486?gh_jid=8014486
2026-08-18,RBLX,Roblox,"Senior Software Engineer - Data Infrastructure, Safety",Software Engineering,"San Mateo, CA, United States",product_eng,senior,0,8,1,application|buzz|data_ml_ops,220020,https://careers.roblox.com/jobs/7852258?gh_jid=7852258
2026-08-18,RBLX,Roblox,"Senior Software Engineer, Data Insights",Software Engineering,"San Mateo, CA, United States",product_eng,senior,0,3,1,application,220020,https://careers.roblox.com/jobs/8011273?gh_jid=8011273
2026-08-18,RBLX,Roblox,"Senior Software Engineer, Engineering Acceleration",Software Engineering,"San Mateo, CA, United States",product_eng,senior,0,1,0,buzz,269270,https://careers.roblox.com/jobs/8047829?gh_jid=8047829
2026-08-18,RBLX,Roblox,"Senior Software Engineer, Engineering Acceleration Foundations ",Software Engineering,"San Mateo, CA, United States",product_eng,senior,0,1,0,buzz,220020,https://careers.roblox.com/jobs/7998339?gh_jid=7998339
2026-08-18,RBLX,Roblox,"Senior Software Engineer, Engine Systems",Software Engineering,"San Mateo, CA, United States",product_eng,senior,0,0,0,,267950,https://careers.roblox.com/jobs/7309267?gh_jid=7309267
2026-08-18,RBLX,Roblox,Senior Software Engineer - Fraud,Software Engineering,"San Mateo, CA, United States",product_eng,senior,0,1,0,buzz,220020,https://careers.roblox.com/jobs/8008607?gh_jid=8008607
2026-08-18,RBLX,Roblox,"Senior Software Engineer, Frontend",Software Engineering,"San Mateo, CA, United States",product_eng,senior,0,0,0,,277535,https://careers.roblox.com/jobs/7472910?gh_jid=7472910
2026-08-18,RBLX,Roblox,"Senior Software Engineer, Game Engine Systems",Software Engineering,"San Mateo, CA, United States",product_eng,senior,0,0,0,,267950,https://careers.roblox.com/jobs/7354277?gh_jid=7354277
2026-08-18,RBLX,Roblox,"Senior Software Engineer, Geometry",Software Engineering,"Vancouver, British Columbia, Canada",product_eng,senior,0,0,0,,254570,https://careers.roblox.com/jobs/8025023?gh_jid=8025023
2026-08-18,RBLX,Roblox,"Senior Software Engineer, Geometry",Software Engineering,"San Mateo, CA, United States",product_eng,senior,0,0,0,,269270,https://careers.roblox.com/jobs/7998292?gh_jid=7998292
2026-08-18,RBLX,Roblox,"Senior Software Engineer, Kubernetes Networking",Software Engineering,"San Mateo, CA, United States",product_eng,senior,0,4,0,buzz|general_medium,269270,https://careers.roblox.com/jobs/8015824?gh_jid=8015824
2026-08-18,RBLX,Roblox,"Senior Software Engineer, Machine Learning (Communication Safety)",Software Engineering,"San Mateo, CA, United States",product_eng,senior,1,4,0,buzz|general_medium,286635,https://careers.roblox.com/jobs/8073279?gh_jid=8073279
2026-08-18,RBLX,Roblox,Senior Software Engineer - Marketplace (Avatar Identity),Software Engineering,"San Mateo, CA, United States",product_eng,senior,0,3,0,buzz|general_medium,218500,https://careers.roblox.com/jobs/7913302?gh_jid=7913302
2026-08-18,RBLX,Roblox,Senior Software Engineer - Orchestration ,Software Engineering,"San Mateo, CA, United States",product_eng,senior,0,0,0,,269270,https://careers.roblox.com/jobs/8047831?gh_jid=8047831
2026-08-18,RBLX,Roblox,Senior Software Engineer - Release ,Software Engineering,"San Mateo, CA, United States",product_eng,senior,0,0,0,,269270,https://careers.roblox.com/jobs/7923586?gh_jid=7923586
2026-08-18,RBLX,Roblox,"Senior Software Engineer, Safety Foundation",Software Engineering,"San Mateo, CA, United States",product_eng,senior,0,6,1,application|buzz,220020,https://careers.roblox.com/jobs/8017352?gh_jid=8017352
2026-08-18,RBLX,Roblox,"Senior Software Engineer, Service Mesh",Software Engineering,"San Mateo, CA, United States",product_eng,senior,0,0,0,,261310,https://careers.roblox.com/jobs/7698330?gh_jid=7698330
2026-08-18,RBLX,Roblox,Senior Software Engineer - Storage Cache,Software Engineering,"San Mateo, CA, United States",product_eng,senior,0,0,0,,269270,https://careers.roblox.com/jobs/7862605?gh_jid=7862605
2026-08-18,RBLX,Roblox,Senior Software Engineer - Studio Tools ,Software Engineering,"San Mateo, CA, United States",product_eng,senior,0,0,0,,220020,https://careers.roblox.com/jobs/8079795?gh_jid=8079795
2026-08-18,RBLX,Roblox,"Senior Software Engineer, UGC Validation",Software Engineering,"San Mateo, CA, United States",product_eng,senior,0,1,0,buzz,220020,https://careers.roblox.com/jobs/7997637?gh_jid=7997637
2026-08-18,RBLX,Roblox,"Senior Technical Program Manager, Human-in-the-Loop Operations",Technical Program Management,"San Mateo, CA, United States",nontech,senior,0,11,1,application|buzz|data_ml_ops|model_infra,251875,https://careers.roblox.com/jobs/8104285?gh_jid=8104285
2026-08-18,RBLX,Roblox,"Senior Threat Investigator, Safety Investigations",Safety Operations (Non-Tech),"San Mateo, CA, United States",other,senior,0,0,0,,159360,https://careers.roblox.com/jobs/8066262?gh_jid=8066262
2026-08-18,RBLX,Roblox,"Software Engineer, Account Authentication",Early Career FT - Engineering,"San Mateo, CA, United States",product_eng,mid,0,3,0,buzz,174935,https://careers.roblox.com/jobs/8097701?gh_jid=8097701
2026-08-18,RBLX,Roblox,"Software Engineer, Communications",Early Career FT - Engineering,"San Mateo, CA, United States",product_eng,mid,0,14,1,application|buzz|data_ml_ops|general_medium,174935,https://careers.roblox.com/jobs/8083944?gh_jid=8083944
2026-08-18,RBLX,Roblox,"Software Engineer, Creator Business ",Early Career FT - Engineering,"San Mateo, CA, United States",product_eng,mid,0,0,0,,174935,https://careers.roblox.com/jobs/8113334?gh_jid=8113334
2026-08-18,RBLX,Roblox,"Software Engineer, Data Engineering",Early Career FT - Engineering,"San Mateo, CA, United States",product_eng,mid,0,1,0,buzz,174935,https://careers.roblox.com/jobs/8025021?gh_jid=8025021
2026-08-18,RBLX,Roblox,"Software Engineering Manager, Engine UI",Software Engineering,"San Mateo, CA, United States",product_eng,mid,0,0,0,,318570,https://careers.roblox.com/jobs/7482015?gh_jid=7482015
2026-08-18,RBLX,Roblox,"Software Engineer, User Frameworks",Early Career FT - Engineering,"San Mateo, CA, United States",product_eng,mid,0,1,0,buzz,174935,https://careers.roblox.com/jobs/8080438?gh_jid=8080438
2026-08-18,RBLX,Roblox,"Strategic Financial Analyst, Revenue",Business Operations (BizOps),"San Mateo, CA, United States",other,mid,0,0,0,,151225,https://careers.roblox.com/jobs/8065848?gh_jid=8065848
2026-08-18,RBLX,Roblox,Strategic Sourcing Manager - Technology,Engineering Operations,"San Mateo, CA, United States",other,mid,0,0,0,,176890,https://careers.roblox.com/jobs/8047841?gh_jid=8047841
2026-08-18,RBLX,Roblox,[Summer 2027] Software Engineer Intern,Early Career Internship - Engineering,"San Mateo, CA, United States",product_eng,intern,0,11,1,application|buzz,,https://careers.roblox.com/jobs/8072713?gh_jid=8072713
2026-08-18,RBLX,Roblox,Support Escalations Specialist,Safety Operations (Non-Tech),"Gurugram, Haryana, India",nontech,mid,0,0,0,,,https://careers.roblox.com/jobs/8069997?gh_jid=8069997
2026-08-18,RBLX,Roblox,Support Escalations Specialist,Safety Operations (Non-Tech),"Gurugram, Haryana, India",nontech,mid,0,0,0,,,https://careers.roblox.com/jobs/7886349?gh_jid=7886349
2026-08-18,RBLX,Roblox,Tech Lead Manager (TLM) - Ads Experience,Software Engineering,"San Mateo, CA, United States",other,senior,0,1,0,buzz,320145,https://careers.roblox.com/jobs/7655813?gh_jid=7655813
2026-08-18,RBLX,Roblox,Technical Director - AI Roblox Studio,Software Engineering,"San Mateo, CA, United States",other,director,1,15,1,application|buzz|general_medium|model_infra,428695,https://careers.roblox.com/jobs/8046794?gh_jid=8046794
2026-08-18,RBLX,Roblox,"Technical Director, Content Platform",Software Engineering,"San Mateo, CA, United States",other,director,0,0,0,,428695,https://careers.roblox.com/jobs/7754152?gh_jid=7754152
2026-08-18,RBLX,Roblox,"Technical Director, Roblox Studio",Software Engineering,"San Mateo, CA, United States",other,director,0,0,0,,428695,https://careers.roblox.com/jobs/8067424?gh_jid=8067424
2026-08-18,RBLX,Roblox,Technical Sourcer (Short Term),Talent Acquisition,"San Mateo, CA, United States",other,mid,0,0,0,,,https://careers.roblox.com/jobs/8036991?gh_jid=8036991
2026-08-18,RBLX,Roblox,TLM (Tech Lead Manager) - Recommendation Systems (Homepage),Software Engineering,"San Mateo, CA, United States",other,senior,0,1,0,buzz,320145,https://careers.roblox.com/jobs/8123084?gh_jid=8123084
2026-08-18,RBLX,Roblox,User Researcher,User Research,"San Mateo, CA, United States",research,mid,0,0,0,,176245,https://careers.roblox.com/jobs/8070133?gh_jid=8070133
2026-08-18,ABNB,Airbnb,Acquisition Manager,Sales,"Paris, France",other,mid,0,0,0,,,https://careers.airbnb.com/positions/7995199?gh_jid=7995199
2026-08-18,ABNB,Airbnb,Acquisition Manager,Sales,"Berlin, Germany ",other,mid,0,0,0,,,https://careers.airbnb.com/positions/7995153?gh_jid=7995153
2026-08-18,ABNB,Airbnb,AMER Gathering Programs Manager,Employee Experience,"New York, United States, Los Angeles, United States",other,mid,0,1,0,buzz,143000,https://careers.airbnb.com/positions/8067991?gh_jid=8067991
2026-08-18,ABNB,Airbnb,Business Operations and Growth Lead,Strategy & Planning,"Sydney, Australia",nontech,senior,0,1,0,buzz,,https://careers.airbnb.com/positions/7999656?gh_jid=7999656
2026-08-18,ABNB,Airbnb,Business Operations and Growth Lead,Business Operations/Analysis,United States ,nontech,senior,0,1,0,buzz,185500,https://careers.airbnb.com/positions/7834481?gh_jid=7834481
2026-08-18,ABNB,Airbnb,"Community Engagement Lead, Spain and Portugal",Business Operations/Analysis,"Barcelona, Spain",other,senior,0,0,0,,,https://careers.airbnb.com/positions/7982715?gh_jid=7982715
2026-08-18,ABNB,Airbnb,Community Support Forecasting and Demand Planning Analyst,Community Support,United States ,nontech,mid,0,1,0,buzz,189000,https://careers.airbnb.com/positions/7839229?gh_jid=7839229
2026-08-18,ABNB,Airbnb,Compensation Partner,Compensation,"San Francisco, United States",other,mid,0,3,0,buzz,189000,https://careers.airbnb.com/positions/8104102?gh_jid=8104102
2026-08-18,ABNB,Airbnb,"(Contract) Senior Data Scientist, Platform Inference - MarTech DS Measurement",Data Science,United States,product_eng,senior,0,6,1,application|buzz|general_medium,,https://careers.airbnb.com/positions/7732569?gh_jid=7732569
2026-08-18,ABNB,Airbnb,"Creative Producer, Experiential ",Communications,San Francisco,other,mid,0,0,0,,171000,https://careers.airbnb.com/positions/8008818?gh_jid=8008818
2026-08-18,ABNB,Airbnb,"Data Scientist - Algorithms, Community Support",Data Science,Remote - USA,product_eng,mid,0,7,1,application|buzz|general_medium,163000,https://careers.airbnb.com/positions/8031901?gh_jid=8031901
2026-08-18,ABNB,Airbnb,"Data Scientist - Inference, Community Support",Data Science,Remote - USA,product_eng,mid,0,4,0,buzz|general_medium,163000,https://careers.airbnb.com/positions/8031907?gh_jid=8031907
2026-08-18,ABNB,Airbnb,"Engineering Manager, Cloud & Data Security",Software Engineering,United States,product_eng,mid,0,0,0,,238500,https://careers.airbnb.com/positions/8074765?gh_jid=8074765
2026-08-18,ABNB,Airbnb,"Engineering Manager, Community Support Engineering",Software Engineering,China,product_eng,mid,0,2,0,buzz,,https://careers.airbnb.com/positions/7760914?gh_jid=7760914
2026-08-18,ABNB,Airbnb,"Engineering Manager, Guest & Host",Software Engineering,"London, United Kingdom",product_eng,mid,0,1,0,buzz,,https://careers.airbnb.com/positions/7532824?gh_jid=7532824
2026-08-18,ABNB,Airbnb,"Engineering Manager, Payments",Software Engineering,USA - Remote,product_eng,mid,0,0,0,,238500,https://careers.airbnb.com/positions/8044558?gh_jid=8044558
2026-08-18,ABNB,Airbnb,"Financial Operations Lead, Vendor Operations",Operations,India,nontech,senior,0,0,0,,,https://careers.airbnb.com/positions/8124191?gh_jid=8124191
2026-08-18,ABNB,Airbnb,"Gestionnaire de bureau, Montréal",Administrative,"Montreal, Canada",other,mid,0,0,0,,92500,https://careers.airbnb.com/positions/8038315?gh_jid=8038315
2026-08-18,ABNB,Airbnb,"Gestionnaire, Soutien Premium",Community Support,Canada,other,mid,0,0,0,,105500,https://careers.airbnb.com/positions/7862110?gh_jid=7862110
2026-08-18,ABNB,Airbnb,"Growth Marketing Lead, Japan ",Marketing,"Tokyo, Japan",nontech,senior,0,0,0,,,https://careers.airbnb.com/positions/7590542?gh_jid=7590542
2026-08-18,ABNB,Airbnb,"Growth Marketing Lead, SEM",Marketing,United States,nontech,senior,0,1,0,buzz,180000,https://careers.airbnb.com/positions/8070656?gh_jid=8070656
2026-08-18,ABNB,Airbnb,"Lead, Advanced Analytics, Acquisition",Analytics,United States,other,senior,0,1,0,buzz,177500,https://careers.airbnb.com/positions/7948314?gh_jid=7948314
2026-08-18,ABNB,Airbnb,"Lead, Advanced Analytics, Community Support",Analytics,United States,nontech,senior,0,3,0,buzz|general_medium,177500,https://careers.airbnb.com/positions/8125981?gh_jid=8125981
2026-08-18,ABNB,Airbnb,Lead Advanced Analytics - Gurgaon,Analytics,"Gurugram, India",other,senior,0,9,1,application|buzz|general_medium,,https://careers.airbnb.com/positions/8052941?gh_jid=8052941
2026-08-18,ABNB,Airbnb,"Lead, Advanced Analytics, Hosting Services (Brazil) ",Analytics,Brazil ,other,senior,0,9,1,application|buzz|general_medium,,https://careers.airbnb.com/positions/7964249?gh_jid=7964249
2026-08-18,ABNB,Airbnb,"Lead, Advanced Analytics, Hosting Services (Mexico)",Analytics,Mexico,other,senior,0,9,1,application|buzz|general_medium,112500,https://careers.airbnb.com/positions/7964205?gh_jid=7964205
2026-08-18,ABNB,Airbnb,"Lead, Advanced Analytics, Payments",Analytics,United States,other,senior,0,4,0,buzz|general_medium,177500,https://careers.airbnb.com/positions/7967712?gh_jid=7967712
2026-08-18,ABNB,Airbnb,Lead Localization Operations Program Manager,Program Management,United States ,nontech,senior,0,4,1,application|buzz,189000,https://careers.airbnb.com/positions/8120458?gh_jid=8120458
2026-08-18,ABNB,Airbnb,Learning Tools Manager,Community Support,United States ,other,mid,0,1,0,buzz,134000,https://careers.airbnb.com/positions/8073189?gh_jid=8073189
2026-08-18,ABNB,Airbnb,"Machine Learning Engineer, Customer Support Engineering",Software Engineering,"Beijing, China",product_eng,mid,1,16,1,application|buzz|model_infra,,https://careers.airbnb.com/positions/7716341?gh_jid=7716341
2026-08-18,ABNB,Airbnb,"Manager, Machine Learning, Customer Support Engineering ",Software Engineering,China,product_eng,mid,1,8,1,application|buzz|general_medium,,https://careers.airbnb.com/positions/7672101?gh_jid=7672101
2026-08-18,ABNB,Airbnb,"Manager, Premium Support",Community Support,Canada,nontech,mid,0,0,0,,105500,https://careers.airbnb.com/positions/7862109?gh_jid=7862109
2026-08-18,ABNB,Airbnb,Market Associate,Business Development,"New York, United States, New Jersey, United States, Massachusetts, United States, Pennsylvania, United States, Virginia, United States, Maryland, United States",other,mid,0,0,0,,95500,https://careers.airbnb.com/positions/8128736?gh_jid=8128736
2026-08-18,ABNB,Airbnb,Market Manager,Business Development,Mexico,other,mid,0,0,0,,67500,https://careers.airbnb.com/positions/8131310?gh_jid=8131310
2026-08-18,ABNB,Airbnb,Market Manager,Sales,"Paris, France",other,mid,0,0,0,,,https://careers.airbnb.com/positions/8043473?gh_jid=8043473
2026-08-18,ABNB,Airbnb,Market Manager,Business Development,"Ohio, United States, Indiana, United States, Kentucky, United States, Illinois, United States",other,mid,0,0,0,,117000,https://careers.airbnb.com/positions/8129503?gh_jid=8129503
2026-08-18,ABNB,Airbnb,Market Manager,Business Development,"Alberta, Canada, British Columbia, Canada",other,mid,0,0,0,,99000,https://careers.airbnb.com/positions/8129510?gh_jid=8129510
2026-08-18,ABNB,Airbnb,Market Manager,Business Development,"Ontario, Canada",other,mid,0,0,0,,99000,https://careers.airbnb.com/positions/8129515?gh_jid=8129515
2026-08-18,ABNB,Airbnb,Market Manager,Business Development,"Sao Paulo, Brazil",other,mid,0,0,0,,,https://careers.airbnb.com/positions/8131269?gh_jid=8131269
2026-08-18,ABNB,Airbnb,Market Manager ,Sales,"Berlin, Germany",other,mid,0,0,0,,,https://careers.airbnb.com/positions/7960390?gh_jid=7960390
2026-08-18,ABNB,Airbnb,"Market Manager, Japan - Hotels",Business Development,"Tokyo, Japan",other,mid,0,0,0,,,https://careers.airbnb.com/positions/7649950?gh_jid=7649950
2026-08-18,ABNB,Airbnb,Market Manager - Vacation Rental,Business Development,"Tokyo, Japan",other,mid,0,0,0,,,https://careers.airbnb.com/positions/8000413?gh_jid=8000413
2026-08-18,ABNB,Airbnb,"Office Manager, Mexico City",Administrative,"Mexico City, Mexico",nontech,mid,0,0,0,,58500,https://careers.airbnb.com/positions/8038161?gh_jid=8038161
2026-08-18,ABNB,Airbnb,"Office Manager, Montreal",Administrative,"Montreal, Canada",nontech,mid,0,0,0,,92500,https://careers.airbnb.com/positions/8038314?gh_jid=8038314
2026-08-18,ABNB,Airbnb,"Office Manager, Paris",Administrative,"Paris, France",nontech,mid,0,0,0,,,https://careers.airbnb.com/positions/8039417?gh_jid=8039417
2026-08-18,ABNB,Airbnb,"Office Manager, São Paulo",Administrative,"São Paulo, Brazil",nontech,mid,0,0,0,,,https://careers.airbnb.com/positions/8038264?gh_jid=8038264
2026-08-18,ABNB,Airbnb,"Office Manager, Tokyo ",Administrative,"Tokyo, Japan",nontech,mid,0,0,0,,,https://careers.airbnb.com/positions/8039271?gh_jid=8039271
2026-08-18,ABNB,Airbnb,"Operations Engineer, BizTech",Software Engineering,Remote- USA,product_eng,mid,0,7,1,application|buzz,148000,https://careers.airbnb.com/positions/8074955?gh_jid=8074955
2026-08-18,ABNB,Airbnb,"Payment Partner Lead, Bangalore",Community Support,"Bangalore, India",other,senior,0,0,0,,,https://careers.airbnb.com/positions/8127612?gh_jid=8127612
2026-08-18,ABNB,Airbnb,"Payments Partnerships Manager, Host Payouts",Partnerships,United States ,other,mid,0,0,0,,189000,https://careers.airbnb.com/positions/8075714?gh_jid=8075714
2026-08-18,ABNB,Airbnb,"Policy Manager, Korea",Public Policy,"Seoul, South Korea",other,mid,0,0,0,,,https://careers.airbnb.com/positions/7859539?gh_jid=7859539
2026-08-18,ABNB,Airbnb,Principal Machine Learning Engineer- LLM Fine-tuning and Optimization ,Software Engineering,United States,product_eng,staff_principal,1,32,1,application|buzz|data_ml_ops|general_medium|model_infra,328500,https://careers.airbnb.com/positions/7955579?gh_jid=7955579
2026-08-18,ABNB,Airbnb,"Principal, Strategic Finance, Community Support",Financial Planning and Analysis,United States ,nontech,staff_principal,0,1,0,buzz,187000,https://careers.airbnb.com/positions/7759059?gh_jid=7759059
2026-08-18,ABNB,Airbnb,Process Risk and Compliance Operations Manager,Community Support,United States ,nontech,mid,0,1,0,buzz,174500,https://careers.airbnb.com/positions/8003178?gh_jid=8003178
2026-08-18,ABNB,Airbnb,"Product Manager, Discounts & Promotions",Product Management,United States,product_eng,mid,0,0,0,,220000,https://careers.airbnb.com/positions/8096359?gh_jid=8096359
2026-08-18,ABNB,Airbnb,"Product Manager, Identity",Product Management,United States,product_eng,mid,0,0,0,,220000,https://careers.airbnb.com/positions/8055637?gh_jid=8055637
2026-08-18,ABNB,Airbnb,"Product Manager, Incubations",Product Management,"San Francisco, CA, New York, NY",product_eng,mid,0,1,0,buzz,257000,https://careers.airbnb.com/positions/8044715?gh_jid=8044715
2026-08-18,ABNB,Airbnb,"Product Manager, People to Meet",Product Management,"San Francisco, CA, Seattle, WA, New York, NY",product_eng,mid,0,0,0,,220000,https://careers.airbnb.com/positions/8112204?gh_jid=8112204
2026-08-18,ABNB,Airbnb,"Product Manager, Relevance and Personalization",Product Management,"San Francisco, United States",product_eng,mid,0,9,1,application|buzz|model_infra,257000,https://careers.airbnb.com/positions/7905365?gh_jid=7905365
2026-08-18,ABNB,Airbnb,"Product Manager, Search",Product Management,"San Francisco, United States",product_eng,mid,0,10,1,application|buzz|general_medium,257000,https://careers.airbnb.com/positions/8104444?gh_jid=8104444
2026-08-18,ABNB,Airbnb,"Product Manager, Services",Product Management,"San Francisco, CA, Seattle WA, New York, NY",product_eng,mid,0,1,0,buzz,257000,https://careers.airbnb.com/positions/8081925?gh_jid=8081925
2026-08-18,ABNB,Airbnb,"Product Manager, Tickets",Product Management,United States,product_eng,mid,0,0,0,,220000,https://careers.airbnb.com/positions/8082161?gh_jid=8082161
2026-08-18,ABNB,Airbnb,"Product Manager, Wallet",Product Management,United States,product_eng,mid,0,0,0,,220000,https://careers.airbnb.com/positions/8082854?gh_jid=8082854
2026-08-18,ABNB,Airbnb,"Product Program Manager, Roadmap Planning & Program Management",Financial Planning and Analysis,"San Francisco, United States ",other,mid,0,0,0,,201000,https://careers.airbnb.com/positions/8094412?gh_jid=8094412
2026-08-18,ABNB,Airbnb,"Program Manager, Community Support",Program Management,Canada,nontech,mid,0,0,0,,144000,https://careers.airbnb.com/positions/7927170?gh_jid=7927170
2026-08-18,ABNB,Airbnb,"Program Manager, Community Support",Program Management,Canada,nontech,mid,0,0,0,,144000,https://careers.airbnb.com/positions/7927169?gh_jid=7927169
2026-08-18,ABNB,Airbnb,Programs and Business Operations Lead,Operations,United States,nontech,senior,0,0,0,,185500,https://careers.airbnb.com/positions/8028783?gh_jid=8028783
2026-08-18,ABNB,Airbnb,Programs & Business Operations Lead,Business Operations/Analysis,United States,nontech,senior,0,0,0,,185500,https://careers.airbnb.com/positions/8095268?gh_jid=8095268
2026-08-18,ABNB,Airbnb,"Programs Operations Lead, Growth Levers",Operations,"San Francisco, California, United States ",nontech,senior,0,0,0,,174500,https://careers.airbnb.com/positions/8103590?gh_jid=8103590
2026-08-18,ABNB,Airbnb,"Quality Specialist, Hosting",Operations,"Gurugram, India",other,mid,0,1,0,buzz,,https://careers.airbnb.com/positions/8015163?gh_jid=8015163
2026-08-18,ABNB,Airbnb,"Regional Operations Manager, Premium Support",Community Support,Canada,nontech,mid,0,0,0,,129500,https://careers.airbnb.com/positions/8110189?gh_jid=8110189
2026-08-18,ABNB,Airbnb,Regional Workplace Operations Manager,Employee Experience,"Seattle, United States",nontech,mid,0,0,0,,143500,https://careers.airbnb.com/positions/8067929?gh_jid=8067929
2026-08-18,ABNB,Airbnb,"Responsable des opérations régionales, Support Premium",Community Support,Canada,nontech,mid,0,0,0,,129500,https://careers.airbnb.com/positions/8110190?gh_jid=8110190
2026-08-18,ABNB,Airbnb,"Responsable, Gestion des Effectifs, Opérations",Operations,Canada,other,mid,0,3,1,model_infra,144000,https://careers.airbnb.com/positions/8000973?gh_jid=8000973
2026-08-18,ABNB,Airbnb,Safety Specialist,Community Support,Korea,other,mid,0,0,0,,,https://careers.airbnb.com/positions/7964996?gh_jid=7964996
2026-08-18,ABNB,Airbnb,Safety Specialist,Community Support,Japan,other,mid,0,0,0,,,https://careers.airbnb.com/positions/7870802?gh_jid=7870802
2026-08-18,ABNB,Airbnb,"Senior Account Executive, Hotels (Milan-based)",Sales,"Milan, Italy",demand_validated,senior,0,0,0,,,https://careers.airbnb.com/positions/8046210?gh_jid=8046210
2026-08-18,ABNB,Airbnb,"Senior Brand Strategy Lead, APAC",Marketing,Singapore,nontech,senior,0,0,0,,,https://careers.airbnb.com/positions/8102461?gh_jid=8102461
2026-08-18,ABNB,Airbnb,"Senior Business Solutions Engineer, BizTech(LegalTech)",Engineering & Technology,"Bangalore, India",demand_validated,senior,0,14,1,application|buzz,,https://careers.airbnb.com/positions/8053132?gh_jid=8053132
2026-08-18,ABNB,Airbnb,"Senior Counsel, Commercial & Partnerships",Legal,United States,nontech,senior,0,0,0,,234000,https://careers.airbnb.com/positions/7978155?gh_jid=7978155
2026-08-18,ABNB,Airbnb,"Senior Data Engineer, BizTech",Software Engineering,"Bangalore, India",product_eng,senior,0,3,0,buzz|general_medium,,https://careers.airbnb.com/positions/7640881?gh_jid=7640881
2026-08-18,ABNB,Airbnb,Senior Data Scientist - Payments (Inference),Data Science,Remote - USA,product_eng,senior,0,12,1,application|buzz|general_medium,194500,https://careers.airbnb.com/positions/8123037?gh_jid=8123037
2026-08-18,ABNB,Airbnb,"Senior Data Scientist, Trust (Inference)",Data Science,Remote - USA,product_eng,senior,0,3,0,buzz|general_medium,194500,https://careers.airbnb.com/positions/8059216?gh_jid=8059216
2026-08-18,ABNB,Airbnb,"Senior Engineering Manager, Media Foundation",Software Engineering,United States,product_eng,senior,0,1,0,buzz,279000,https://careers.airbnb.com/positions/7968034?gh_jid=7968034
2026-08-18,ABNB,Airbnb,Senior Influencer and Social Manager,Communications,"San Francisco, United States ",other,senior,0,0,0,,151000,https://careers.airbnb.com/positions/8068640?gh_jid=8068640
2026-08-18,ABNB,Airbnb,Senior iOS Automation Engineer,Software Engineering,Brazil - Remote,product_eng,senior,0,1,0,buzz,,https://careers.airbnb.com/positions/7453190?gh_jid=7453190
2026-08-18,ABNB,Airbnb,"Senior iOS Engineer, Global Markets ",Software Engineering,China,product_eng,senior,0,2,0,buzz,,https://careers.airbnb.com/positions/7817040?gh_jid=7817040
2026-08-18,ABNB,Airbnb,Senior Key Accounts Manager,Sales,"Paris, France, Barcelona, Spain",other,senior,0,0,0,,,https://careers.airbnb.com/positions/7916840?gh_jid=7916840
2026-08-18,ABNB,Airbnb,"Senior Machine Learning Engineer, Customer Support Engineering",Software Engineering,Remote-USA,product_eng,senior,1,34,1,application|buzz|data_ml_ops|model_infra,211500,https://careers.airbnb.com/positions/8014904?gh_jid=8014904
2026-08-18,ABNB,Airbnb,"Senior Machine Learning Engineer, Customer Support Engineering",Software Engineering,China,product_eng,senior,1,16,1,application|buzz|model_infra,,https://careers.airbnb.com/positions/7975743?gh_jid=7975743
2026-08-18,ABNB,Airbnb,"Senior Machine Learning Engineer, Price Modeling",Software Engineering,United States,product_eng,senior,1,6,1,buzz|general_medium|model_infra,211500,https://careers.airbnb.com/positions/8070678?gh_jid=8070678
2026-08-18,ABNB,Airbnb,"Senior Machine Learning Engineer, Relevance and Personalization",Software Engineering,United States,product_eng,senior,1,21,1,application|buzz|general_medium|model_infra,208000,https://careers.airbnb.com/positions/7258033?gh_jid=7258033
2026-08-18,ABNB,Airbnb,"Senior Machine Learning Engineer, Relevance and Personalization (Query Intelligence)",Engineering & Technology,United States,product_eng,senior,1,28,1,application|buzz|general_medium|model_infra,217500,https://careers.airbnb.com/positions/8065789?gh_jid=8065789
2026-08-18,ABNB,Airbnb,"Senior Machine Learning Engineer, Trust",Software Engineering,"San Francisco, CA",product_eng,senior,1,30,1,application|buzz|data_ml_ops|general_medium|model_infra,217500,https://careers.airbnb.com/positions/8130355?gh_jid=8130355
2026-08-18,ABNB,Airbnb,"Senior Manager, Advanced Analytics, Fraud & Safety Operations",Analytics,United States,nontech,senior,0,2,0,data_ml_ops,238500,https://careers.airbnb.com/positions/7788160?gh_jid=7788160
2026-08-18,ABNB,Airbnb,"Senior Manager, Field Operations",Sales,"Mexico City, Mexico",nontech,senior,0,0,0,,214583,https://careers.airbnb.com/positions/8044801?gh_jid=8044801
2026-08-18,ABNB,Airbnb,"Senior Manager, Machine Learning Engineering - Communication & Connectivity",Software Engineering,Remote - US,product_eng,senior,1,5,0,buzz|general_medium,279000,https://careers.airbnb.com/positions/8070121?gh_jid=8070121
2026-08-18,ABNB,Airbnb,"Senior Manager, Public Policy, Texas ",Public Policy,"Texas, United States ",other,senior,0,0,0,,,https://careers.airbnb.com/positions/7736028?gh_jid=7736028
2026-08-18,ABNB,Airbnb,"Senior Manager, Technical Program Management (Search & AI Foundations)",Technical Program Management,United States,other,senior,1,11,1,application|buzz|data_ml_ops|general_medium,257000,https://careers.airbnb.com/positions/8077683?gh_jid=8077683
2026-08-18,ABNB,Airbnb,"Senior Market Manager, Hotels",Business Development,"Sydney, Australia",other,senior,0,0,0,,,https://careers.airbnb.com/positions/7587869?gh_jid=7587869
2026-08-18,ABNB,Airbnb,"Senior Market Manager, Luxe",Business Development,Italy or France or Germany,other,senior,0,0,0,,,https://careers.airbnb.com/positions/7921276?gh_jid=7921276
2026-08-18,ABNB,Airbnb,"Senior Operations Specialist, Hosting",Operations,"Gurugram, India",nontech,senior,0,0,0,,,https://careers.airbnb.com/positions/8015161?gh_jid=8015161
2026-08-18,ABNB,Airbnb,"Senior Platform Manager, Data Products, Finance Accounting",Product Management,United States,nontech,senior,0,1,0,buzz,193000,https://careers.airbnb.com/positions/8070705?gh_jid=8070705
2026-08-18,ABNB,Airbnb,"Senior Platform Manager, Payment Platform Accounts",Product Management,United States ,other,senior,0,1,0,buzz,193000,https://careers.airbnb.com/positions/8082863?gh_jid=8082863
2026-08-18,ABNB,Airbnb,"Senior Platform Manager, Trust and Safety",Product Management,United States ,other,senior,0,3,0,buzz|general_medium,193000,https://careers.airbnb.com/positions/8029984?gh_jid=8029984
2026-08-18,ABNB,Airbnb,Senior Policy Economist ,Data Science,United States ,other,senior,0,3,0,buzz|general_medium,194500,https://careers.airbnb.com/positions/7918327?gh_jid=7918327
2026-08-18,ABNB,Airbnb,"Senior Principal, Competitive Intelligence",Financial Planning and Analysis,United States ,other,staff_principal,0,1,0,buzz,224500,https://careers.airbnb.com/positions/8053756?gh_jid=8053756
2026-08-18,ABNB,Airbnb,"Senior Product Program Manager, Roadmap Planning & Program Management ",Financial Planning and Analysis,"San Francisco, United States ",other,senior,0,0,0,,238500,https://careers.airbnb.com/positions/8094462?gh_jid=8094462
2026-08-18,ABNB,Airbnb,"Senior Programs and Business Operations Lead, Monthly Stays",Business Operations/Analysis,United States ,nontech,senior,0,0,0,,223500,https://careers.airbnb.com/positions/7736820?gh_jid=7736820
2026-08-18,ABNB,Airbnb,"Senior Recruiter, Early Career & Emerging Talent",Employee Experience,United States,nontech,intern,0,1,0,buzz,151000,https://careers.airbnb.com/positions/7991769?gh_jid=7991769
2026-08-18,ABNB,Airbnb,"Senior Regulatory Operations Manager, Cities",Business Operations/Analysis,United States ,nontech,senior,0,0,0,,151000,https://careers.airbnb.com/positions/7944595?gh_jid=7944595
2026-08-18,ABNB,Airbnb,Senior Regulatory Products Lead,Business Operations/Analysis,United States ,other,senior,0,0,0,,220500,https://careers.airbnb.com/positions/8054361?gh_jid=8054361
2026-08-18,ABNB,Airbnb,Senior Sales Operations Lead,Business Operations/Analysis,United States,nontech,senior,0,0,0,,226500,https://careers.airbnb.com/positions/8083716?gh_jid=8083716
2026-08-18,ABNB,Airbnb,"Senior Security Engineer, Incident Response",Security,United States,product_eng,senior,0,0,0,,211500,https://careers.airbnb.com/positions/8107133?gh_jid=8107133
2026-08-18,ABNB,Airbnb,"Senior Social Content Operations Manager, China",Operations,China,nontech,senior,0,0,0,,,https://careers.airbnb.com/positions/8078406?gh_jid=8078406
2026-08-18,ABNB,Airbnb,"Senior Software Engineer, Reliability Engineering Team",Software Engineering,Brazil,product_eng,senior,0,0,0,,,https://careers.airbnb.com/positions/8026696?gh_jid=8026696
2026-08-18,ABNB,Airbnb,"Senior Software Engineer, Service Tools",Software Engineering,United States,product_eng,senior,0,1,0,buzz,213000,https://careers.airbnb.com/positions/8099292?gh_jid=8099292
2026-08-18,ABNB,Airbnb,"Senior Software Engineer, Service Tools   ",Software Engineering,Brazil,product_eng,senior,0,1,0,buzz,,https://careers.airbnb.com/positions/8024057?gh_jid=8024057
2026-08-18,ABNB,Airbnb,"Senior Specialist, Luxe",Operations,"Gurugram, India",other,senior,0,0,0,,,https://careers.airbnb.com/positions/7682735?gh_jid=7682735
2026-08-18,ABNB,Airbnb,"Senior Specialist, Premium Support",Community Support,Canada,nontech,senior,0,0,0,,85500,https://careers.airbnb.com/positions/8107160?gh_jid=8107160
2026-08-18,ABNB,Airbnb,"Senior Specialist, Premium Support (Portuguese/English)",Community Support,Canada,nontech,senior,0,0,0,,85500,https://careers.airbnb.com/positions/8091849?gh_jid=8091849
2026-08-18,ABNB,Airbnb,Senior Staff Data Engineer - Data Stewardship,Software Engineering,United States,product_eng,staff_principal,0,1,0,buzz,279000,https://careers.airbnb.com/positions/7998356?gh_jid=7998356
2026-08-18,ABNB,Airbnb,"Senior Staff Data Scientist, Guest & Host Marketplace AI",Data Science,Remote,product_eng,staff_principal,1,6,1,application|buzz|general_medium,252000,https://careers.airbnb.com/positions/7107054?gh_jid=7107054
2026-08-18,ABNB,Airbnb,"Senior Staff Engineer, Communication & Connectivity",Software Engineering,Remote - USA,product_eng,staff_principal,0,5,0,buzz|general_medium,279000,https://careers.airbnb.com/positions/8017277?gh_jid=8017277
2026-08-18,ABNB,Airbnb,"Senior Staff Machine Learning Engineer, Data & Eval",Software Engineering,United States,product_eng,staff_principal,1,15,1,application|buzz|data_ml_ops|model_infra,274500,https://careers.airbnb.com/positions/6757302?gh_jid=6757302
2026-08-18,ABNB,Airbnb,"Senior Staff Machine Learning Engineer, Growth Platform Engineering",Software Engineering,Remote - USA,product_eng,staff_principal,1,25,1,application|buzz|data_ml_ops|general_medium|model_infra,274500,https://careers.airbnb.com/positions/7747259?gh_jid=7747259
2026-08-18,ABNB,Airbnb,"Senior Staff Machine Learning Engineer, Guest & Host",Software Engineering,Remote - USA,product_eng,staff_principal,1,10,1,application|buzz|general_medium,274500,https://careers.airbnb.com/positions/7005605?gh_jid=7005605
2026-08-18,ABNB,Airbnb,"Senior Staff Machine Learning Engineer, Post Training",Software Engineering,Remote - USA,product_eng,staff_principal,1,32,1,application|buzz|data_ml_ops|general_medium|model_infra,279000,https://careers.airbnb.com/positions/7858738?gh_jid=7858738
2026-08-18,ABNB,Airbnb,"Senior Staff Machine Learning Engineer, Trust",Software Engineering,Remote - USA,product_eng,staff_principal,1,23,1,application|buzz|general_medium|model_infra,274500,https://careers.airbnb.com/positions/7592146?gh_jid=7592146
2026-08-18,ABNB,Airbnb,"Senior Staff Operations Engineer, AIOps",Engineering & Technology,Remote - United States,product_eng,staff_principal,0,1,0,buzz,238500,https://careers.airbnb.com/positions/7644921?gh_jid=7644921
2026-08-18,ABNB,Airbnb,"Senior Staff Software Engineer, Host Pricing & Settings",Software Engineering,Remote - USA,product_eng,staff_principal,0,4,0,data_ml_ops|general_medium,,https://careers.airbnb.com/positions/8039723?gh_jid=8039723
2026-08-18,ABNB,Airbnb,"Senior Staff Software Engineer, Marketing Technology",Software Engineering,"Remote, USA",product_eng,staff_principal,0,4,1,application|buzz,279000,https://careers.airbnb.com/positions/8095365?gh_jid=8095365
2026-08-18,ABNB,Airbnb,"Senior Staff Software Engineer, Payments",Software Engineering,"Remote - Bangalore, India",product_eng,staff_principal,0,1,0,buzz,,https://careers.airbnb.com/positions/7525479?gh_jid=7525479
2026-08-18,ABNB,Airbnb,"Senior Staff Software Engineer, Payments",Software Engineering,"Remote, USA",product_eng,staff_principal,0,0,0,,274500,https://careers.airbnb.com/positions/7688467?gh_jid=7688467
2026-08-18,ABNB,Airbnb,"Senior Staff Software Engineer, Trust",Software Engineering,Remote - US,product_eng,staff_principal,0,4,1,application|buzz,279000,https://careers.airbnb.com/positions/7818982?gh_jid=7818982
2026-08-18,ABNB,Airbnb,"Senior Staff UX Writer, International",Design,"London, United Kingdom",other,intern,0,0,0,,,https://careers.airbnb.com/positions/8007402?gh_jid=8007402
2026-08-18,ABNB,Airbnb,"Senior Web Automation Engineer, Quality Platform",Software Engineering,Brazil,product_eng,senior,0,1,0,buzz,,https://careers.airbnb.com/positions/7863467?gh_jid=7863467
2026-08-18,ABNB,Airbnb,"Software Engineer, Guest & Host - Notifications",Software Engineering,"Beijing, China",product_eng,mid,0,0,0,,,https://careers.airbnb.com/positions/7725256?gh_jid=7725256
2026-08-18,ABNB,Airbnb,"Software Engineer, Quality Platform",Software Engineering,Brazil,product_eng,mid,0,20,1,application|buzz,,https://careers.airbnb.com/positions/8077506?gh_jid=8077506
2026-08-18,ABNB,Airbnb,"Software Engineer, Secure Development Engineering",Security,United States,product_eng,mid,0,4,1,application|buzz,174000,https://careers.airbnb.com/positions/8127075?gh_jid=8127075
2026-08-18,ABNB,Airbnb,Spécialiste au Support Premium,Community Support,Canada,nontech,mid,0,0,0,,61000,https://careers.airbnb.com/positions/8080767?gh_jid=8080767
2026-08-18,ABNB,Airbnb,"Spécialiste principal(e), Soutien Premium",Community Support,Canada,other,staff_principal,0,0,0,,85500,https://careers.airbnb.com/positions/8107161?gh_jid=8107161
2026-08-18,ABNB,Airbnb,"Spécialiste, Sécurité",Community Support,Canada,other,mid,0,0,0,,63000,https://careers.airbnb.com/positions/7417294?gh_jid=7417294
2026-08-18,ABNB,Airbnb,"Specialist, Premium Support",Community Support,Canada,nontech,mid,0,0,0,,61000,https://careers.airbnb.com/positions/8080766?gh_jid=8080766
2026-08-18,ABNB,Airbnb,"Specialist, Premium Support",Community Support,Canada,nontech,mid,0,0,0,,60500,https://careers.airbnb.com/positions/7230257?gh_jid=7230257
2026-08-18,ABNB,Airbnb,"Specialist, Premium Support (French/English)",Community Support,Ireland,nontech,mid,0,0,0,,,https://careers.airbnb.com/positions/7946318?gh_jid=7946318
2026-08-18,ABNB,Airbnb,"Specialist, Safety",Community Support,Canada,other,mid,0,0,0,,63000,https://careers.airbnb.com/positions/7417293?gh_jid=7417293
2026-08-18,ABNB,Airbnb,Sr Social Measurement Lead,Marketing,"San Francisco, CA",other,senior,0,1,0,buzz,213500,https://careers.airbnb.com/positions/8042783?gh_jid=8042783
2026-08-18,ABNB,Airbnb,"Staff Advanced Analyst, Guest Engagement",Analytics,United States,other,staff_principal,0,0,0,,200500,https://careers.airbnb.com/positions/7927588?gh_jid=7927588
2026-08-18,ABNB,Airbnb,"Staff Advanced Analytics, Guest Product",Analytics,United States,other,staff_principal,0,1,0,buzz,200500,https://careers.airbnb.com/positions/7943874?gh_jid=7943874
2026-08-18,ABNB,Airbnb,"Staff, Advanced Analytics, Incubations",Analytics,United States,other,staff_principal,0,6,1,application|buzz|general_medium,200500,https://careers.airbnb.com/positions/7822824?gh_jid=7822824
2026-08-18,ABNB,Airbnb,"Staff Analyst, Advanced Analytics, Payments",Analytics,United States,other,staff_principal,0,6,0,buzz|general_medium,200500,https://careers.airbnb.com/positions/8003341?gh_jid=8003341
2026-08-18,ABNB,Airbnb,Staff Backend Engineer - Ads Platform,Software Engineering,Remote - USA,product_eng,staff_principal,0,5,1,application|buzz,238500,https://careers.airbnb.com/positions/8074897?gh_jid=8074897
2026-08-18,ABNB,Airbnb,"Staff Backend Engineer, Host Pricing & Availability",Software Engineering,Remote - USA,product_eng,staff_principal,0,0,0,,238500,https://careers.airbnb.com/positions/8078019?gh_jid=8078019
2026-08-18,ABNB,Airbnb,Staff Data Scientist - Long Term Impact,Data Science,Remote - USA,product_eng,staff_principal,0,2,0,general_medium,221000,https://careers.airbnb.com/positions/8042680?gh_jid=8042680
2026-08-18,ABNB,Airbnb,"Staff Experience Designer, International",Design,Singapore,product_eng,intern,0,1,0,buzz,,https://careers.airbnb.com/positions/8121074?gh_jid=8121074
2026-08-18,ABNB,Airbnb,"Staff Machine Learning Engineer, Community Support Engineering",Software Engineering,"San Francisco, CA",product_eng,staff_principal,1,16,1,application|buzz|model_infra,236000,https://careers.airbnb.com/positions/8024316?gh_jid=8024316
2026-08-18,ABNB,Airbnb,"Staff Machine Learning Engineer, Customer Support Engineering",Software Engineering,China,product_eng,staff_principal,1,18,1,application|buzz|general_medium|model_infra,,https://careers.airbnb.com/positions/7693033?gh_jid=7693033
2026-08-18,ABNB,Airbnb,"Staff Machine Learning Engineer, Traffic Intelligence",Software Engineering,United States,product_eng,staff_principal,1,12,1,application|buzz|data_ml_ops|general_medium,238500,https://careers.airbnb.com/positions/8129371?gh_jid=8129371
2026-08-18,ABNB,Airbnb,"Staff Platform Manager, Airfam Products",Product Management,United States,other,staff_principal,0,2,0,buzz,220000,https://careers.airbnb.com/positions/8077226?gh_jid=8077226
2026-08-18,ABNB,Airbnb,"Staff Platform Manager, Chargebacks and Disputes",Product Management,United States ,other,staff_principal,0,1,0,buzz,220000,https://careers.airbnb.com/positions/8003786?gh_jid=8003786
2026-08-18,ABNB,Airbnb,"Staff Platform Manager, Loyalty Platform Lead (Product Management)",Product Management,"Bangalore, India",other,staff_principal,0,1,0,buzz,,https://careers.airbnb.com/positions/8091831?gh_jid=8091831
2026-08-18,ABNB,Airbnb,"Staff Platform Manager, Payments Regional Growth",Product Management,Mexico,other,staff_principal,0,0,0,,172500,https://careers.airbnb.com/positions/8120721?gh_jid=8120721
2026-08-18,ABNB,Airbnb,"Staff Platform Manager, Payments Regional Growth",Product Management,Brazil,other,staff_principal,0,0,0,,,https://careers.airbnb.com/positions/8120611?gh_jid=8120611
2026-08-18,ABNB,Airbnb," Staff Product Manager, AI Personalization",Product Management,United States,product_eng,staff_principal,1,7,1,application|buzz,220000,https://careers.airbnb.com/positions/7834495?gh_jid=7834495
2026-08-18,ABNB,Airbnb,"Staff Program Manager, Technical Education",Technical Program Management,"San Francisco, California, United States",other,staff_principal,0,2,0,buzz,172750,https://careers.airbnb.com/positions/7698061?gh_jid=7698061
2026-08-18,ABNB,Airbnb,"Staff Software Engineer, Build (Bazel)",Software Engineering,Remote - USA,product_eng,staff_principal,0,4,1,application|buzz,229500,https://careers.airbnb.com/positions/7739337?gh_jid=7739337
2026-08-18,ABNB,Airbnb,"Staff Software Engineer, Community Support Engineering",Software Engineering,Remote - USA,product_eng,staff_principal,0,14,1,application|buzz|model_infra,229500,https://careers.airbnb.com/positions/7463421?gh_jid=7463421
2026-08-18,ABNB,Airbnb,"Staff Software Engineer, Community Support Engineering",Software Engineering,China,product_eng,staff_principal,0,3,1,application,,https://careers.airbnb.com/positions/6448191?gh_jid=6448191
2026-08-18,ABNB,Airbnb,"Staff Software Engineer, Global Markets (Backend)",Software Engineering,China,product_eng,staff_principal,0,0,0,,,https://careers.airbnb.com/positions/7768427?gh_jid=7768427
2026-08-18,ABNB,Airbnb,"Staff Software Engineer, Marketing technology ",Software Engineering,"Remote, USA",product_eng,staff_principal,0,4,1,application|buzz,238500,https://careers.airbnb.com/positions/8095436?gh_jid=8095436
2026-08-18,ABNB,Airbnb,"Staff Software Engineer, Passport & Commerce (Backend)",Software Engineering,United States,product_eng,staff_principal,0,0,0,,238500,https://careers.airbnb.com/positions/8130817?gh_jid=8130817
2026-08-18,ABNB,Airbnb,"Staff Software Engineer, Unified Data Store",Software Engineering,Brazil,product_eng,staff_principal,0,1,0,buzz,,https://careers.airbnb.com/positions/7867435?gh_jid=7867435
2026-08-18,ABNB,Airbnb,"Staff UX Researcher, Incubations (Mixed Methods)",Design & Research,United States,research,staff_principal,0,1,0,buzz,202000,https://careers.airbnb.com/positions/8112572?gh_jid=8112572
2026-08-18,ABNB,Airbnb,"Staff UX Researcher, Payments Growth (Mixed Methods)",Design & Research,United States,research,staff_principal,0,0,0,,202000,https://careers.airbnb.com/positions/8113284?gh_jid=8113284
2026-08-18,ABNB,Airbnb,"Staff Web Automation Engineer, Quality Engineering",Software Engineering,Brazil - Remote,product_eng,staff_principal,0,1,0,buzz,,https://careers.airbnb.com/positions/7380185?gh_jid=7380185
2026-08-18,ABNB,Airbnb,"Strategic Partnerships Lead, Central and Eastern Europe",Sales,"Berlin, Germany",other,senior,0,0,0,,,https://careers.airbnb.com/positions/7641058?gh_jid=7641058
2026-08-18,ABNB,Airbnb,"Strategic Sourcing, Manager - Engineering & Infrastructure",Financial Planning and Analysis,United States ,product_eng,mid,0,1,0,buzz,139000,https://careers.airbnb.com/positions/7736738?gh_jid=7736738
2026-08-18,ABNB,Airbnb,"Superviseur (-e), Soutien Premium Bilingue (français/anglais)",Community Support,Canada,other,mid,0,0,0,,86500,https://careers.airbnb.com/positions/8080626?gh_jid=8080626
2026-08-18,ABNB,Airbnb,"Supervisor, Hosting",Operations,"Gurugram, India",other,mid,0,1,0,buzz,,https://careers.airbnb.com/positions/8015149?gh_jid=8015149
2026-08-18,ABNB,Airbnb,"Supervisor, Luxe Operations",Operations,"Gurugram, India",nontech,mid,0,0,0,,,https://careers.airbnb.com/positions/7930032?gh_jid=7930032
2026-08-18,ABNB,Airbnb,"Supervisor, Premium Support (French/English)",Community Support,Canada,nontech,mid,0,0,0,,86500,https://careers.airbnb.com/positions/8080625?gh_jid=8080625
2026-08-18,ABNB,Airbnb,"Supply Category Lead, Airbnb Services ",Business Operations/Analysis,United States ,other,senior,0,0,0,,226500,https://careers.airbnb.com/positions/7822781?gh_jid=7822781
2026-08-18,ABNB,Airbnb,"Team Specialist, Premium Support",Community Support,"British Columbia, Canada",nontech,mid,0,0,0,,71000,https://careers.airbnb.com/positions/8084078?gh_jid=8084078
2026-08-18,ABNB,Airbnb,"Vendor Manager, Operational Vendor Support",Community Support,United States ,nontech,mid,0,0,0,,175500,https://careers.airbnb.com/positions/8120259?gh_jid=8120259
2026-08-18,ABNB,Airbnb,"Vendor Performance Manager, APAC",Operations,Remote-IND,other,mid,0,0,0,,,https://careers.airbnb.com/positions/8127647?gh_jid=8127647
2026-08-18,ABNB,Airbnb,"Vendor Performance Manager, Enterprise Operations",Operations,India,nontech,mid,0,1,0,buzz,,https://careers.airbnb.com/positions/8129728?gh_jid=8129728
2026-08-18,ABNB,Airbnb,WFM Analyst,Community Support,"Gurgaon, India",other,mid,0,0,0,,,https://careers.airbnb.com/positions/8074145?gh_jid=8074145
2026-08-18,ABNB,Airbnb,"Workforce Management Lead,  Enterprise Ops",Operations,Canada,other,senior,0,1,0,buzz,144000,https://careers.airbnb.com/positions/8000972?gh_jid=8000972
2026-08-18,ABNB,Airbnb,Workplace Operations Program Manager,Employee Experience,"San Francisco, United States",nontech,mid,0,1,0,buzz,174500,https://careers.airbnb.com/positions/8079378?gh_jid=8079378
2026-08-18,MTCH,Match Group,Android Engineer III,Engineering,"New York, New York",product_eng,mid,0,0,0,,,https://jobs.lever.co/matchgroup/3414ba28-35f7-45d3-8e13-35c883959635
2026-08-18,MTCH,Match Group,APAC Sr. Localization Program Manager (Tinder Korea),Product,"Seoul, South Korea",other,senior,0,0,0,,,https://jobs.lever.co/matchgroup/0152fd07-2715-4fe1-a208-af9d03c0b358
2026-08-18,MTCH,Match Group,Apprenticeship - Junior Traffic Manager,Marketing,"Paris, France",other,intern,0,4,1,application|buzz,,https://jobs.lever.co/matchgroup/1e93447f-dfcb-4e73-aed6-d62895a6d5db
2026-08-18,MTCH,Match Group,"Associate Manager, Culture & Content",Marketing & PR,"Los Angeles, California",other,mid,0,0,0,,,https://jobs.lever.co/matchgroup/e7ef5458-5ffb-4461-bb5e-28344a4e2e03
2026-08-18,MTCH,Match Group,"Back-end Engineer, Platform","Development, Technology",Tokyo,product_eng,mid,0,0,0,,,https://jobs.lever.co/matchgroup/1deea0b0-c0c9-4541-972e-2a437b64b023
2026-08-18,MTCH,Match Group,"Backend Engineer (Trust & Safety), Platform","Development, Technology",Tokyo,product_eng,mid,0,0,0,,,https://jobs.lever.co/matchgroup/750053cb-5ace-444a-9c64-070fb4d46439
2026-08-18,MTCH,Match Group,CRM Manager (Azar),Business,"Seoul, South Korea",other,mid,0,0,0,,,https://jobs.lever.co/matchgroup/74295d7a-31a8-4765-afef-9784e1950386
2026-08-18,MTCH,Match Group,Data Analyst (Azar),Engineering,"Seoul, South Korea",other,mid,0,0,0,,,https://jobs.lever.co/matchgroup/3c12c050-2719-43e6-a69e-fdb971f399a7
2026-08-18,MTCH,Match Group,Digital & Social Communications Manager (Americas),Communications,"Los Angeles, California",nontech,mid,0,0,0,,,https://jobs.lever.co/matchgroup/fba1fb55-a29f-47e8-93d1-b0c60993aff5
2026-08-18,MTCH,Match Group,"Director of UX Research, Dating Outcomes & Platform",Product,"New York, New York",other,director,0,2,0,buzz,,https://jobs.lever.co/matchgroup/9a8d4a8f-2880-4399-899b-5c1a20f1f9a4
2026-08-18,MTCH,Match Group,"Director, Brand, Communications & Partnerships",Marketing,Tokyo,nontech,director,0,0,0,,,https://jobs.lever.co/matchgroup/11cfd1b2-b47e-49a5-a349-93e14463ac18
2026-08-18,MTCH,Match Group,"Director, Equity Accounting",Finance,"Dallas, Texas",nontech,director,0,0,0,,,https://jobs.lever.co/matchgroup/8ce0fec6-bbaf-4cb6-bd34-0a4424e9c1ab
2026-08-18,MTCH,Match Group,"Director, Global Safety Regulatory Compliance",Trust and Safety,"Dublin, Ireland",other,director,0,0,0,,,https://jobs.lever.co/matchgroup/9b60866a-bc48-467a-8531-1a7717296ef5
2026-08-18,MTCH,Match Group,"Director, West Coast Sales",Ad Sales,"Los Angeles, California",nontech,director,0,0,0,,,https://jobs.lever.co/matchgroup/406499f8-1b35-48e6-87fa-353764909ca3
2026-08-18,MTCH,Match Group,"Founding Full Stack Engineer, AI Incubation",Engineering,"Los Angeles, California",product_eng,mid,1,4,0,buzz|general_medium,,https://jobs.lever.co/matchgroup/e9ebbab0-2428-4651-828e-8c3af0dec1bf
2026-08-18,MTCH,Match Group,"Full-stack Engineer, Trust & Safety","Development, Technology",Tokyo,product_eng,mid,0,0,0,,,https://jobs.lever.co/matchgroup/8edbdf5c-b22f-4449-9c68-08c86ed6dcdf
2026-08-18,MTCH,Match Group,Global Operations Specialist (6 month temp),Trust and Safety,"Vancouver, British Columbia",nontech,mid,0,0,0,,,https://jobs.lever.co/matchgroup/978161cd-f678-4968-990f-f8f9757a258a
2026-08-18,MTCH,Match Group,Knowledge Management Program Lead,Trust & Safety,"New York, New York",other,senior,0,1,0,buzz,,https://jobs.lever.co/matchgroup/2900bc00-e1f0-4611-a818-458cd7ba721a
2026-08-18,MTCH,Match Group,"Lead Researcher, Cultural & Consumer Insights",Marketing,"New York, New York",research,senior,0,3,1,application,,https://jobs.lever.co/matchgroup/66555915-0671-4679-82a0-aaddc8cb6585
2026-08-18,MTCH,Match Group,"Lead UX Researcher, Growth",Product,"New York, New York",research,senior,0,0,0,,,https://jobs.lever.co/matchgroup/302d967b-3cb3-47c2-9208-6d4e69a1b5b2
2026-08-18,MTCH,Match Group,Machine Learning Engineer (Match Group AI),Core,"Seoul, South Korea",product_eng,mid,1,15,1,application|buzz|general_medium|model_infra,,https://jobs.lever.co/matchgroup/2196948b-9338-4943-acba-cb529335ed16
2026-08-18,MTCH,Match Group,Machine Learning Software Engineer (Match Group AI),Core,"Seoul, South Korea",product_eng,mid,1,16,1,application|buzz|data_ml_ops|general_medium|model_infra,,https://jobs.lever.co/matchgroup/cb6122d7-9b0b-4e26-9f58-d6706f5cae66
2026-08-18,MTCH,Match Group,"Manager, Strategy",Strategy,"Dallas, Texas",other,mid,0,0,0,,,https://jobs.lever.co/matchgroup/fd38ac08-e085-4b7b-98bd-1f6a38484fb6
2026-08-18,MTCH,Match Group,"Mobile Engineering Manager, Trust & Safety",Engineering,"New York, New York",product_eng,mid,0,1,0,buzz,,https://jobs.lever.co/matchgroup/a7597ed4-44de-463f-9eb8-637b155fa866
2026-08-18,MTCH,Match Group,Operations Engineer - Systems Engineer / SysOps,Engineering,"Dallas, Texas",product_eng,mid,0,1,0,buzz,,https://jobs.lever.co/matchgroup/f5172470-df74-4291-94b1-8da411c0ec66
2026-08-18,MTCH,Match Group,Principal AI Learning & Enablement Partner,People,"Los Angeles, California",nontech,staff_principal,1,4,1,application|buzz,,https://jobs.lever.co/matchgroup/66815647-0c52-4780-9772-3ff00d5e06cb
2026-08-18,MTCH,Match Group,"Principal, Applied AI Enablement, Legal",Legal,"West Hollywood, California",nontech,staff_principal,1,14,1,application|buzz|model_infra,,https://jobs.lever.co/matchgroup/2cd2616d-a5b9-4514-961e-da95fb60112a
2026-08-18,MTCH,Match Group,Privacy Analyst,Legal,"New York, New York",other,mid,0,1,0,buzz,,https://jobs.lever.co/matchgroup/93d72b39-cb72-4885-94ad-162302b47d8f
2026-08-18,MTCH,Match Group,Product Back-end Engineer,"Development, Technology",Tokyo,product_eng,mid,0,0,0,,,https://jobs.lever.co/matchgroup/4f3e70ea-d843-4666-844a-c0ba07f2033f
2026-08-18,MTCH,Match Group,"Product Corporate Counsel, Hinge",Operations,"New York, New York",nontech,mid,0,1,0,buzz,,https://jobs.lever.co/matchgroup/28eedeae-2563-40c3-8156-97d0a5c62b33
2026-08-18,MTCH,Match Group,"Product Designer, International Growth (Tinder Seoul)",Product Design,"Seoul, South Korea",product_eng,intern,0,1,0,buzz,,https://jobs.lever.co/matchgroup/a1090777-a58d-4622-aa5f-b35f2f61b5f0
2026-08-18,MTCH,Match Group,Product Manager,Product,"New York, New York",product_eng,mid,0,0,0,,,https://jobs.lever.co/matchgroup/af478895-db01-4dbe-b394-54d58201b082
2026-08-18,MTCH,Match Group,Product Manager (Azar),Business,"Seoul, South Korea",product_eng,mid,0,1,0,buzz,,https://jobs.lever.co/matchgroup/a28b58c9-f90f-43ef-b5b2-46cf0b88ecd1
2026-08-18,MTCH,Match Group,Product Manager (Match Group AI),Core,"Seoul, South Korea",product_eng,mid,1,4,1,application|buzz,,https://jobs.lever.co/matchgroup/be908eda-1ae9-4563-9252-fe9b35df61d4
2026-08-18,MTCH,Match Group,Product Manager（プロダクトマネージャー）,Product,Tokyo,product_eng,mid,0,0,0,,,https://jobs.lever.co/matchgroup/dc1c554b-58ab-425d-880d-4d304ee20fc8
2026-08-18,MTCH,Match Group,"Product Marketing Lead, Growth",Marketing,"New York, New York",nontech,senior,0,4,1,application|buzz,,https://jobs.lever.co/matchgroup/fb436862-c9d3-4eb0-ad89-b70cad8a7480
2026-08-18,MTCH,Match Group,Quality Engineering Lead,"Development, Technology",Tokyo,product_eng,senior,0,0,0,,,https://jobs.lever.co/matchgroup/a7ed5a7e-d47a-4c87-80e7-0bfd7a446a59
2026-08-18,MTCH,Match Group,Senior Backend Engineer,Engineering,"New York, New York",product_eng,senior,0,0,0,,,https://jobs.lever.co/matchgroup/eee3f501-72ed-4d28-a25b-8a18288a60d6
2026-08-18,MTCH,Match Group,"Senior Backend Engineering Manager, Recommendations",Engineering,"New York, New York",product_eng,senior,0,15,1,buzz|data_ml_ops|general_medium|model_infra,,https://jobs.lever.co/matchgroup/553d4da2-ff94-4306-b985-2ea09bf48dca
2026-08-18,MTCH,Match Group,Senior Data & Analytics Engineer,Engineering,"Seoul, South Korea",product_eng,senior,0,3,0,buzz|data_ml_ops,,https://jobs.lever.co/matchgroup/e413396c-265b-4856-a83a-e217b4072af5
2026-08-18,MTCH,Match Group,"Senior Data Scientist, Recommendations",Engineering,"New York, New York",product_eng,senior,0,2,0,general_medium,,https://jobs.lever.co/matchgroup/1790127f-d74b-4bf8-bb34-4443f872391d
2026-08-18,MTCH,Match Group,"Senior Engineering Manager, Enablement",Engineering,"New York, New York",product_eng,senior,0,4,1,application|buzz,,https://jobs.lever.co/matchgroup/2695c869-f0d4-4d61-8522-716338cf9508
2026-08-18,MTCH,Match Group,"Senior Global Escalations Specialist, Member Experience (Singapore)",Community,Singapore,other,senior,0,0,0,,,https://jobs.lever.co/matchgroup/43a95371-d8d9-4dfe-a04b-7249adceee35
2026-08-18,MTCH,Match Group,Senior iOS Engineer,Engineering,"New York, New York",product_eng,senior,0,0,0,,,https://jobs.lever.co/matchgroup/81717593-d79d-4287-b5d6-6ad43a48bc4f
2026-08-18,MTCH,Match Group,Senior Machine Learning Engineer (Match Group AI),Core,"Seoul, South Korea",product_eng,senior,1,18,1,application|buzz|general_medium|model_infra,,https://jobs.lever.co/matchgroup/4eca7f77-c7f3-4225-bf81-6c409c25f66f
2026-08-18,MTCH,Match Group,Senior Machine Learning Platform Engineer,Engineering,"New York, New York",product_eng,senior,1,11,1,application|buzz|data_ml_ops,,https://jobs.lever.co/matchgroup/f6d1cdb5-efcd-4c13-bd51-570568138794
2026-08-18,MTCH,Match Group,"Senior Manager, Consumer Communications IMEA",Marketing & PR,"Gurgaon, India",nontech,senior,0,0,0,,,https://jobs.lever.co/matchgroup/f11bd452-cf32-4914-960d-26413890d2d3
2026-08-18,MTCH,Match Group,Senior Product Manager,Product,"Tokyo, Japan",product_eng,senior,0,0,0,,,https://jobs.lever.co/matchgroup/4b304f3c-a2fd-426c-8988-727a5e16bd26
2026-08-18,MTCH,Match Group,"Senior Product Manager, Recommendations",Product,"New York, New York",product_eng,senior,0,2,0,buzz,,https://jobs.lever.co/matchgroup/1b9394b5-cfea-4d10-961a-b3b7ab01f951
2026-08-18,MTCH,Match Group,Senior Recruiter,People,"Dallas, Texas",nontech,senior,0,1,0,buzz,,https://jobs.lever.co/matchgroup/0c028cfd-109d-4420-9663-d3663dad1f2c
2026-08-18,MTCH,Match Group,"Senior Software Engineer, Backend — Seoul Studios (Tinder Seoul)",Engineering,"Seoul, South Korea",product_eng,senior,0,1,0,buzz,,https://jobs.lever.co/matchgroup/ef27d211-c82d-4b28-acf4-b9154784a906
2026-08-18,MTCH,Match Group,"Senior Software Engineer, Machine Learning Infrastructure (Tinder LLC, West Hollywood, California)",Engineering,"West Hollywood, California",product_eng,senior,1,23,1,application|buzz|data_ml_ops|general_medium|model_infra,218000,https://jobs.lever.co/matchgroup/dcc0335f-d4bf-4919-bfab-490e8b3913f5
2026-08-18,MTCH,Match Group,Senior System Engineer (IT Support),Security,Tokyo,product_eng,senior,0,0,0,,,https://jobs.lever.co/matchgroup/c2cae6b4-2b36-4b50-81ea-e87c34c2b792
2026-08-18,MTCH,Match Group,Senior Traffic Manager,Marketing & PR,"Paris, France",other,senior,0,0,0,,,https://jobs.lever.co/matchgroup/36e10c24-6f52-4912-b633-87f7aa6fc795
2026-08-18,MTCH,Match Group,Senior Traffic Manager,Marketing & PR,"London, England",other,senior,0,0,0,,,https://jobs.lever.co/matchgroup/8402bdbc-eca7-4bf3-91b1-ac5d1462d1ff
2026-08-18,MTCH,Match Group,"Senior UX Researcher, Interaction",Product,"New York, New York",research,senior,0,2,0,buzz,,https://jobs.lever.co/matchgroup/e198b3f0-e8b0-4b31-898c-db115eeb9c88
2026-08-18,MTCH,Match Group,Social Content Lead,Marketing,"Los Angeles, California",other,senior,0,1,0,buzz,,https://jobs.lever.co/matchgroup/83ecb51f-033d-4c9b-8fcb-81a7052ff4dd
2026-08-18,MTCH,Match Group,"Software Engineer II, Backend",Engineering,"Los Angeles, California",product_eng,mid,0,1,0,buzz,,https://jobs.lever.co/matchgroup/990882fc-4d03-4a49-b16c-4af72b8a2094
2026-08-18,MTCH,Match Group,"Software Engineer, iOS",Engineering,"Los Angeles, California",product_eng,mid,0,1,0,buzz,,https://jobs.lever.co/matchgroup/61e35c3c-3156-4760-a088-4a3765e37f8e
2026-08-18,MTCH,Match Group,Sr. Communications Manager,Communications,"New York, New York",nontech,senior,0,1,0,buzz,,https://jobs.lever.co/matchgroup/1ecf3f1a-b5a8-42f9-a0e2-c9150d639ffe
2026-08-18,MTCH,Match Group,Sr. Director Brand Marketing - Europe,Marketing,"Paris, France",nontech,director,0,0,0,,,https://jobs.lever.co/matchgroup/5b175670-6a11-4d47-9760-1641d8988762
2026-08-18,MTCH,Match Group,"Sr. Director, Head of Consumer Communications APAC",Marketing & PR,Singapore,nontech,exec,0,0,0,,,https://jobs.lever.co/matchgroup/1eedad2c-15b0-4150-8e6d-15dccb26317d
2026-08-18,MTCH,Match Group,Sr. Integrated MarComms Manager AUS,Communications,Melbourne,other,senior,0,1,0,buzz,,https://jobs.lever.co/matchgroup/4f97f35d-9c74-42a2-92b7-fbfcaab5f122
2026-08-18,MTCH,Match Group,"Sr. Manager, Brand Marketing, E&E (Match)",Marketing & PR,"Los Angeles, California",nontech,senior,0,0,0,,,https://jobs.lever.co/matchgroup/542c9323-4516-43f7-ba58-ffe18814aff8
2026-08-18,MTCH,Match Group,"Sr. Manager, Brand Marketing, E&E (Match)",Marketing & PR,"Dallas, Texas",nontech,senior,0,0,0,,,https://jobs.lever.co/matchgroup/d2fb27c1-df00-46ff-9985-876f26d90d94
2026-08-18,MTCH,Match Group,Sr. People Business Partner,People,"Vancouver, British Columbia",other,senior,0,0,0,,,https://jobs.lever.co/matchgroup/c574dcac-346b-4d4a-bcf9-9f7512ccc29c
2026-08-18,MTCH,Match Group,Sr. Product Designer - HER,Product,"New York, New York",product_eng,senior,0,0,0,,,https://jobs.lever.co/matchgroup/cdf5fd69-ea82-48d3-b34c-2d138af73522
2026-08-18,MTCH,Match Group,Sr. Regional Business Analyst (Tinder Asia),Finance & Analytics,Singapore,other,senior,0,0,0,,,https://jobs.lever.co/matchgroup/73e359c8-8535-4db1-a3b1-81dfc26b4a3b
2026-08-18,MTCH,Match Group,"Sr. Software Engineer, MarTech",Marketing & PR,"Palo Alto, California",product_eng,senior,0,7,1,application|buzz,,https://jobs.lever.co/matchgroup/3e5e8627-40d0-4a8e-8543-2cf60148ee16
2026-08-18,MTCH,Match Group,Sr. Talent & Culture Business Partner,People,"Dallas, Texas",other,senior,0,0,0,,,https://jobs.lever.co/matchgroup/a2f6aae9-20e4-476d-857e-763e191cb982
2026-08-18,MTCH,Match Group,Sr. Talent Acquisition Partner (Technical),People,"New York, New York",other,senior,0,1,0,buzz,,https://jobs.lever.co/matchgroup/825cc934-7cd6-4462-a9a9-99a61558ebe1
2026-08-18,MTCH,Match Group,"Sr. Technical Program Manager, Events (IRL)",Program Management,"Los Angeles, California",other,senior,0,2,0,buzz,,https://jobs.lever.co/matchgroup/38a680c1-07a6-438e-9448-b677b5f044e0
2026-08-18,MTCH,Match Group,"Sr. Technical Program Manager, Trust & Safety",Program Management,"Los Angeles, California",other,senior,0,5,1,application|buzz,,https://jobs.lever.co/matchgroup/b263e3b8-adc5-4b7c-aceb-28aae688b9d3
2026-08-18,MTCH,Match Group,Sr. Workplace Experience & Events Coordinator,"Real Estate, IT, & Facilities","New York, New York",other,senior,0,0,0,,,https://jobs.lever.co/matchgroup/4020efa7-6c6c-4b75-8313-b5e2af09bdf5
2026-08-18,MTCH,Match Group,Staff Recruiter,People,"Dallas, Texas",nontech,staff_principal,0,1,0,buzz,,https://jobs.lever.co/matchgroup/e809d32c-e472-453c-96bc-6c5c59bb2a6c
2026-08-18,MTCH,Match Group,"Staff Software Engineer, iOS",Engineering,"New York, New York",product_eng,staff_principal,0,1,0,buzz,,https://jobs.lever.co/matchgroup/d209b937-de44-4e0b-a678-ea0815751448
2026-08-18,MTCH,Match Group,"Staff Software Engineer, MarTech",Marketing & PR,"Palo Alto, California",product_eng,staff_principal,0,7,1,application|buzz,,https://jobs.lever.co/matchgroup/d0bd4bda-8e48-4761-b795-206bcb6e3101
2026-08-18,MTCH,Match Group,"Staff Technical Program Manager, Marketing Technology",Marketing & PR,"Los Angeles, California",nontech,staff_principal,0,1,0,buzz,,https://jobs.lever.co/matchgroup/44f43bbf-9483-4a65-a738-5596f6770880
2026-08-18,MTCH,Match Group,Tinder Marketing Manager (2-year Contractor),Marketing,"Seoul, South Korea",nontech,mid,0,0,0,,,https://jobs.lever.co/matchgroup/ff728311-346b-4b7b-90b6-97fc9de9ca04
2026-08-18,MTCH,Match Group,"VP of Product Management, Trust & Safety, Match Group",Product,"West Hollywood, California",other,exec,0,8,1,application|buzz,,https://jobs.lever.co/matchgroup/759405d9-d142-40f6-a379-51f64366d812
2026-08-18,MTCH,Match Group,長期Internshipに直結！【9月9日(水)・9月10日(木)】Pairs 2 Days Internship Workshop,Unassigned,Tokyo,other,intern,0,0,0,,,https://jobs.lever.co/matchgroup/d74b426e-3da3-44e1-a510-76610d7a6df3
2026-08-18,COIN,Coinbase,"Accounting Manager, GL Operations & Intercompany",Finance & Accounting,Remote - USA,nontech,mid,0,0,0,,181022,https://www.coinbase.com/careers/positions/8093264?gh_jid=8093264
2026-08-18,COIN,Coinbase,"Accounting Manager, GL Operations & Intercompany",Finance & Accounting,Remote - Canada,nontech,mid,0,0,0,,170000,https://www.coinbase.com/careers/positions/7822885?gh_jid=7822885
2026-08-18,COIN,Coinbase,"Accounting Manager, Prime Financing",Finance & Accounting,Remote - USA,nontech,mid,0,0,0,,181022,https://www.coinbase.com/careers/positions/7532645?gh_jid=7532645
2026-08-18,COIN,Coinbase,AMLCO & Senior Compliance Associate,Legal & Compliance,Remote - Cyprus,other,senior,0,0,0,,,https://www.coinbase.com/careers/positions/7942306?gh_jid=7942306
2026-08-18,COIN,Coinbase,"Analyst, Business Controller",Finance & Accounting,Remote - EMEA,other,mid,0,0,0,,,https://www.coinbase.com/careers/positions/7875558?gh_jid=7875558
2026-08-18,COIN,Coinbase,"Associate Manager, Premium & Wealth",Customer Experience,"Hybrid - London, UK",other,mid,0,0,0,,,https://www.coinbase.com/careers/positions/8080028?gh_jid=8080028
2026-08-18,COIN,Coinbase,"Associate Manager, SAM",Customer Experience,"Charlotte, NC",other,mid,0,6,1,application,117385,https://www.coinbase.com/careers/positions/7985269?gh_jid=7985269
2026-08-18,COIN,Coinbase,"Business Operations Senior Associate, Institutional",Business Operations & Strategy,Remote - USA,nontech,senior,0,0,0,,161968,https://www.coinbase.com/careers/positions/7980600?gh_jid=7980600
2026-08-18,COIN,Coinbase,Capacity Planning Lead,Customer Experience,"Hybrid - Bangalore, India",other,senior,0,3,1,application,,https://www.coinbase.com/careers/positions/8013889?gh_jid=8013889
2026-08-18,COIN,Coinbase,Chief of Staff,HR & Recruiting,Remote - USA,other,exec,0,0,0,,231065,https://www.coinbase.com/careers/positions/8131316?gh_jid=8131316
2026-08-18,COIN,Coinbase,"Communications Manager, Policy & Public Affairs",Marketing & Communications,Remote - USA,nontech,mid,0,0,0,,185832,https://www.coinbase.com/careers/positions/7746572?gh_jid=7746572
2026-08-18,COIN,Coinbase,"Compliance, Threat & Risk Assessment Manager",Compliance & AML Operations,Remote - USA,other,mid,0,1,0,buzz,176305,https://www.coinbase.com/careers/positions/8064692?gh_jid=8064692
2026-08-18,COIN,Coinbase,Concierge Specialist IV,Customer Experience,Hybrid - Singapore,other,mid,0,0,0,,96900,https://www.coinbase.com/careers/positions/7994498?gh_jid=7994498
2026-08-18,COIN,Coinbase,Concierge Specialist IV,Customer Experience,Hybrid - Singapore,other,mid,0,0,0,,96900,https://www.coinbase.com/careers/positions/7994501?gh_jid=7994501
2026-08-18,COIN,Coinbase,Concierge Specialist IV,Customer Experience,"Hybrid - London, UK",other,mid,0,0,0,,,https://www.coinbase.com/careers/positions/8031308?gh_jid=8031308
2026-08-18,COIN,Coinbase,Concierge Specialist IV,Customer Experience,"Hybrid - London, UK",other,mid,0,0,0,,,https://www.coinbase.com/careers/positions/8031253?gh_jid=8031253
2026-08-18,COIN,Coinbase,"Counsel, Commercial",Legal & Compliance,Remote - USA,nontech,mid,0,0,0,,200078,https://www.coinbase.com/careers/positions/8030594?gh_jid=8030594
2026-08-18,COIN,Coinbase,Counsel - Financial Services,Legal & Compliance,Remote - UK,nontech,mid,0,0,0,,,https://www.coinbase.com/careers/positions/7602261?gh_jid=7602261
2026-08-18,COIN,Coinbase,"Country Director, India",International Expansion,Remote - India,other,director,0,0,0,,,https://www.coinbase.com/careers/positions/7606826?gh_jid=7606826
2026-08-18,COIN,Coinbase,Creative Director,Marketing & Communications,Remote - Canada,other,director,0,0,0,,216300,https://www.coinbase.com/careers/positions/8054862?gh_jid=8054862
2026-08-18,COIN,Coinbase,Credit Risk Analyst,Finance & Accounting,Remote - USA,other,mid,0,0,0,,103415,https://www.coinbase.com/careers/positions/8131356?gh_jid=8131356
2026-08-18,COIN,Coinbase,Derivative Sales Analyst,"Institutional Sales, Trading, and Prime Services",Remote - UK,nontech,mid,0,1,0,buzz,,https://www.coinbase.com/careers/positions/8097446?gh_jid=8097446
2026-08-18,COIN,Coinbase,Derivative Sales Analyst (Prosumer Sales),"Institutional Sales, Trading, and Prime Services",Remote - USA,nontech,mid,0,0,0,,138195,https://www.coinbase.com/careers/positions/8021857?gh_jid=8021857
2026-08-18,COIN,Coinbase,"Director, Premium & Wealth",Customer Experience,"Charlotte, NC",other,director,0,0,0,,232050,https://www.coinbase.com/careers/positions/8068385?gh_jid=8068385
2026-08-18,COIN,Coinbase,Engineering Manager - Customer Experience AI,Engineering - Managers,Remote - India,product_eng,mid,1,9,1,application,,https://www.coinbase.com/careers/positions/7741187?gh_jid=7741187
2026-08-18,COIN,Coinbase,"Forward Deployed Engineer, Compliance [Office of the CTO]",Engineering - Backend,Remote - USA,demand_validated,mid,0,6,1,application,237262,https://www.coinbase.com/careers/positions/8099099?gh_jid=8099099
2026-08-18,COIN,Coinbase,"Forward Deployed Engineer, Finance [Office of the CTO]",Engineering,Remote - USA,demand_validated,mid,0,6,1,application,237262,https://www.coinbase.com/careers/positions/8072932?gh_jid=8072932
2026-08-18,COIN,Coinbase,"Forward Deployed Engineer, Legal [Office of the CTO]",Legal & Compliance,Remote - USA,demand_validated,mid,0,6,1,application,237262,https://www.coinbase.com/careers/positions/8060884?gh_jid=8060884
2026-08-18,COIN,Coinbase,GFCO Program Manager,Customer Experience,Remote - USA,other,mid,0,0,0,,211085,https://www.coinbase.com/careers/positions/8070046?gh_jid=8070046
2026-08-18,COIN,Coinbase,Global Intelligence Analyst,Risk & Fraud,Remote - USA,other,mid,0,0,0,,127742,https://www.coinbase.com/careers/positions/8067617?gh_jid=8067617
2026-08-18,COIN,Coinbase,"Group Product Manager, Compliance Agent Experience",Product,Remote - USA,product_eng,mid,0,4,1,application|buzz,265382,https://www.coinbase.com/careers/positions/8060662?gh_jid=8060662
2026-08-18,COIN,Coinbase,"Group Product Manager, Compliance Automation",Product,Remote - USA,product_eng,mid,0,3,1,application,265382,https://www.coinbase.com/careers/positions/7701642?gh_jid=7701642
2026-08-18,COIN,Coinbase,"Group Product Manager, Core Infrastructure & Reliability",Product,Remote - USA,product_eng,mid,0,0,0,,265382,https://www.coinbase.com/careers/positions/7997785?gh_jid=7997785
2026-08-18,COIN,Coinbase,"Group Product Manager, Developer Infrastructure",Product,Remote - USA,product_eng,mid,0,1,0,buzz,265382,https://www.coinbase.com/careers/positions/8017607?gh_jid=8017607
2026-08-18,COIN,Coinbase,"Group Product Manager, Financial Engineering ",Product,Remote - USA,product_eng,mid,0,0,0,,265382,https://www.coinbase.com/careers/positions/7789404?gh_jid=7789404
2026-08-18,COIN,Coinbase,"Head of Finance, Canada",Finance & Accounting,Remote - Canada,nontech,exec,0,0,0,,212200,https://www.coinbase.com/careers/positions/7993445?gh_jid=7993445
2026-08-18,COIN,Coinbase,Head of Product Creative ,Product,Remote - USA,other,exec,0,0,0,,265382,https://www.coinbase.com/careers/positions/7304930?gh_jid=7304930
2026-08-18,COIN,Coinbase,HR Business Partner,Finance & Accounting,Remote - USA,nontech,mid,0,0,0,,191568,https://www.coinbase.com/careers/positions/7997879?gh_jid=7997879
2026-08-18,COIN,Coinbase,Internal Audit Analyst,Finance & Accounting,Remote - USA,other,intern,0,0,0,,103415,https://www.coinbase.com/careers/positions/8031603?gh_jid=8031603
2026-08-18,COIN,Coinbase,Internal Audit Analytics Associate,Finance & Accounting,Remote - USA,other,intern,0,0,0,,127742,https://www.coinbase.com/careers/positions/8109575?gh_jid=8109575
2026-08-18,COIN,Coinbase,Internal Audit IT Associate Manager,Finance & Accounting,Remote - USA,other,intern,0,0,0,,142450,https://www.coinbase.com/careers/positions/7365422?gh_jid=7365422
2026-08-18,COIN,Coinbase,Internal Audit IT Manager,Finance & Accounting,Remote - USA,other,intern,0,0,0,,181022,https://www.coinbase.com/careers/positions/7755116?gh_jid=7755116
2026-08-18,COIN,Coinbase,Internal Audit Manager,Finance & Accounting,Remote - Luxembourg,other,intern,0,0,0,,,https://www.coinbase.com/careers/positions/8097292?gh_jid=8097292
2026-08-18,COIN,Coinbase,"Internal Audit Senior Associate, Operations & Compliance",Finance & Accounting,Remote - USA,nontech,intern,0,0,0,,124605,https://www.coinbase.com/careers/positions/8114684?gh_jid=8114684
2026-08-18,COIN,Coinbase,IT Service Desk Engineer,IT,Remote - USA,product_eng,mid,0,0,0,,105082,https://www.coinbase.com/careers/positions/8097880?gh_jid=8097880
2026-08-18,COIN,Coinbase,"Legal Ops Associate, OC Management",Legal & Compliance,Remote - USA,nontech,mid,0,0,0,,108132,https://www.coinbase.com/careers/positions/8129321?gh_jid=8129321
2026-08-18,COIN,Coinbase,Litigation Paralegal,Legal & Compliance,Remote - USA,nontech,mid,0,0,0,,114330,https://www.coinbase.com/careers/positions/8030591?gh_jid=8030591
2026-08-18,COIN,Coinbase,M&A and Accounting Policy Manager,Finance & Accounting,Remote - USA,nontech,mid,0,0,0,,185832,https://www.coinbase.com/careers/positions/8072054?gh_jid=8072054
2026-08-18,COIN,Coinbase,Machine Learning Engineer,Machine Learning,Remote - India,product_eng,mid,1,13,1,application|buzz|general_medium,,https://www.coinbase.com/careers/positions/7985187?gh_jid=7985187
2026-08-18,COIN,Coinbase,"Machine Learning Engineer, CX Intelligence",Machine Learning,Remote - Brazil,product_eng,mid,1,25,1,application|buzz|general_medium|model_infra,,https://www.coinbase.com/careers/positions/8031260?gh_jid=8031260
2026-08-18,COIN,Coinbase,"Manager, Corporate Programs",Program Management,Remote - USA,other,mid,0,3,1,application,181022,https://www.coinbase.com/careers/positions/8069671?gh_jid=8069671
2026-08-18,COIN,Coinbase,"Manager, Derivatives Compliance",Legal & Compliance,Remote - USA,other,mid,0,0,0,,195360,https://www.coinbase.com/careers/positions/8001778?gh_jid=8001778
2026-08-18,COIN,Coinbase,Manager of Compliance Testing and Assurance,Legal & Compliance,Hybrid - Luxembourg,other,mid,0,0,0,,,https://www.coinbase.com/careers/positions/7286062?gh_jid=7286062
2026-08-18,COIN,Coinbase,"Manager, WFM Operations",Customer Experience,Remote - USA,nontech,mid,0,9,1,application,,https://www.coinbase.com/careers/positions/8089161?gh_jid=8089161
2026-08-18,COIN,Coinbase,"Operations Manager, Bermuda",Finance & Accounting,Remote - Bermuda,nontech,mid,0,0,0,,,https://www.coinbase.com/careers/positions/7927054?gh_jid=7927054
2026-08-18,COIN,Coinbase,"Operations Manager, Bermuda",Finance & Accounting,Remote - USA,nontech,mid,0,0,0,,191568,https://www.coinbase.com/careers/positions/8022718?gh_jid=8022718
2026-08-18,COIN,Coinbase,Operations Senior Associate,International Operations,Remote - Luxembourg,nontech,senior,0,0,0,,,https://www.coinbase.com/careers/positions/8013718?gh_jid=8013718
2026-08-18,COIN,Coinbase,"Paralegal, Litigation",Legal & Compliance,Remote - USA,nontech,mid,0,0,0,,114300,https://www.coinbase.com/careers/positions/7952032?gh_jid=7952032
2026-08-18,COIN,Coinbase,Payments Risk Analyst II,Risk & Fraud,Remote - USA,other,mid,0,0,0,,147260,https://www.coinbase.com/careers/positions/7984814?gh_jid=7984814
2026-08-18,COIN,Coinbase,"Performance Marketing Manager, Global",Marketing & Communications,Remote - USA,nontech,mid,0,3,1,application,170490,https://www.coinbase.com/careers/positions/8008372?gh_jid=8008372
2026-08-18,COIN,Coinbase,Prime Sales Trader,"Institutional Sales, Trading, and Prime Services",Remote - USA,nontech,mid,0,0,0,,171495,https://www.coinbase.com/careers/positions/8013951?gh_jid=8013951
2026-08-18,COIN,Coinbase,Principal Recruiter,HR & Recruiting,Remote - Singapore,nontech,staff_principal,0,0,0,,212200,https://www.coinbase.com/careers/positions/8106071?gh_jid=8106071
2026-08-18,COIN,Coinbase,"Product Designer II, Design Systems",Design,Remote - USA,product_eng,mid,0,0,0,,157250,https://www.coinbase.com/careers/positions/8126896?gh_jid=8126896
2026-08-18,COIN,Coinbase,"Product Marketing Manager, Prediction Markets",Marketing & Communications,Remote - USA,nontech,mid,0,0,0,,152440,https://www.coinbase.com/careers/positions/7982771?gh_jid=7982771
2026-08-18,COIN,Coinbase,"Product Marketing Manager, Prime & Markets",Marketing & Communications,Remote - USA,nontech,mid,0,0,0,,152440,https://www.coinbase.com/careers/positions/7572514?gh_jid=7572514
2026-08-18,COIN,Coinbase,Regional Threat Assessment Manager,Security & Privacy,Remote - EMEA,other,mid,0,0,0,,,https://www.coinbase.com/careers/positions/8021630?gh_jid=8021630
2026-08-18,COIN,Coinbase,Regional Threat Assessment Manager,Security & Privacy,Remote - Australia,other,mid,0,0,0,,200900,https://www.coinbase.com/careers/positions/8021644?gh_jid=8021644
2026-08-18,COIN,Coinbase,Regional Threat Assessment Manager,Security & Privacy,Remote - Singapore,other,mid,0,0,0,,212200,https://www.coinbase.com/careers/positions/8078239?gh_jid=8078239
2026-08-18,COIN,Coinbase,Risk Manager - Country & Operational Risk,Finance & Accounting,Remote - UK,other,mid,0,3,1,application,,https://www.coinbase.com/careers/positions/7774051?gh_jid=7774051
2026-08-18,COIN,Coinbase,Risk & Monitoring Analyst IV,Customer Experience,Remote - UK,other,mid,0,0,0,,,https://www.coinbase.com/careers/positions/8049976?gh_jid=8049976
2026-08-18,COIN,Coinbase,Risk & Monitoring Analyst IV,Customer Experience,"Dublin, Ireland",other,mid,0,0,0,,,https://www.coinbase.com/careers/positions/8030686?gh_jid=8030686
2026-08-18,COIN,Coinbase,SAM Compliance Lead Analyst,Customer Experience,Hybrid - Luxembourg,other,senior,0,0,0,,,https://www.coinbase.com/careers/positions/8052192?gh_jid=8052192
2026-08-18,COIN,Coinbase,"Senior Accountant, Capital Markets",Finance & Accounting,"New York City, NY",other,senior,0,0,0,,142450,https://www.coinbase.com/careers/positions/7445174?gh_jid=7445174
2026-08-18,COIN,Coinbase,"Senior Analyst, Compliance Technology",Compliance & AML Operations,Remote - USA,other,senior,0,0,0,,182040,https://www.coinbase.com/careers/positions/8067443?gh_jid=8067443
2026-08-18,COIN,Coinbase,"Senior Analytics Engineer, GFCO Analytics",Customer Experience,Remote - USA,product_eng,senior,0,0,0,,165852,https://www.coinbase.com/careers/positions/8024880?gh_jid=8024880
2026-08-18,COIN,Coinbase,Senior Analytics Engineer (Platform - Financial Analytics),Data Engineering,Remote - USA,product_eng,senior,0,6,1,application,196285,https://www.coinbase.com/careers/positions/7736521?gh_jid=7736521
2026-08-18,COIN,Coinbase,"Senior Associate, Business Development",Business Development & Partnerships,Remote - USA,other,senior,0,0,0,,174020,https://www.coinbase.com/careers/positions/8070386?gh_jid=8070386
2026-08-18,COIN,Coinbase,"Senior Associate, FCM",Finance & Accounting,Remote - USA,other,senior,0,0,0,,142450,https://www.coinbase.com/careers/positions/8060577?gh_jid=8060577
2026-08-18,COIN,Coinbase,Senior Business Controller,Finance & Accounting,Remote - USA,other,senior,0,0,0,,152440,https://www.coinbase.com/careers/positions/8096740?gh_jid=8096740
2026-08-18,COIN,Coinbase,Senior Compliance Associate,Legal & Compliance,Hybrid - Luxembourg,other,senior,0,0,0,,,https://www.coinbase.com/careers/positions/7611263?gh_jid=7611263
2026-08-18,COIN,Coinbase,"Senior Counsel, Product",Legal & Compliance,Remote - USA,nontech,senior,0,3,1,application,244848,https://www.coinbase.com/careers/positions/8069582?gh_jid=8069582
2026-08-18,COIN,Coinbase,"Senior Counsel, Shareholder Litigation",Legal & Compliance,Remote - USA,nontech,senior,0,0,0,,244848,https://www.coinbase.com/careers/positions/7994338?gh_jid=7994338
2026-08-18,COIN,Coinbase,"Senior Data Scientist, CX Analytics",Data Science,Remote - USA,product_eng,senior,0,7,1,application|general_medium,196185,https://www.coinbase.com/careers/positions/8009392?gh_jid=8009392
2026-08-18,COIN,Coinbase,"Senior Engineering Manager, Core Automation (Platform)",Engineering - Managers,Remote - USA,product_eng,senior,0,11,1,application|buzz,276298,https://www.coinbase.com/careers/positions/8124224?gh_jid=8124224
2026-08-18,COIN,Coinbase,Senior Enterprise Engineer - Salesforce Platform (EAA - STP),Enterprise Applications,Remote - USA,product_eng,senior,0,0,0,,191880,https://www.coinbase.com/careers/positions/7652048?gh_jid=7652048
2026-08-18,COIN,Coinbase,"Senior Enterprise Product  Marketing Manager, Base",Marketing & Communications,Remote - USA,nontech,senior,0,0,0,,185832,https://www.coinbase.com/careers/positions/8084049?gh_jid=8084049
2026-08-18,COIN,Coinbase,"Senior Finance & Strategy Analyst, Consumer",Finance & Accounting,Remote - USA,nontech,senior,0,0,0,,142450,https://www.coinbase.com/careers/positions/7993006?gh_jid=7993006
2026-08-18,COIN,Coinbase,Senior IT Automation Engineer,IT,Remote - USA,product_eng,senior,0,0,0,,123858,https://www.coinbase.com/careers/positions/8095207?gh_jid=8095207
2026-08-18,COIN,Coinbase,Senior IT Automation Engineer,IT,Remote - India,product_eng,senior,0,0,0,,,https://www.coinbase.com/careers/positions/8054055?gh_jid=8054055
2026-08-18,COIN,Coinbase,Senior Machine Learning Engineer,Enterprise Applications,Remote - India,product_eng,senior,1,13,1,application|buzz|general_medium,,https://www.coinbase.com/careers/positions/7739592?gh_jid=7739592
2026-08-18,COIN,Coinbase,"Senior Machine Learning Engineer, CX Intelligence ",Machine Learning,Remote - Brazil,product_eng,senior,1,13,1,application|buzz|general_medium,,https://www.coinbase.com/careers/positions/8008569?gh_jid=8008569
2026-08-18,COIN,Coinbase,"Senior Manager, Clearing Operations",Finance & Accounting,Remote - USA,nontech,senior,0,0,0,,247715,https://www.coinbase.com/careers/positions/7981394?gh_jid=7981394
2026-08-18,COIN,Coinbase,"Senior Manager, Finance & Strategy",Finance & Accounting,Remote - USA,nontech,senior,0,0,0,,219132,https://www.coinbase.com/careers/positions/7948222?gh_jid=7948222
2026-08-18,COIN,Coinbase,"Senior Manager, Institutional Sales","Institutional Sales, Trading, and Prime Services",Remote - UAE,nontech,senior,0,0,0,,,https://www.coinbase.com/careers/positions/8023815?gh_jid=8023815
2026-08-18,COIN,Coinbase,"Senior Manager Product Operations, FCM Ops",Finance & Accounting,Remote - USA,nontech,senior,0,0,0,,219132,https://www.coinbase.com/careers/positions/8110496?gh_jid=8110496
2026-08-18,COIN,Coinbase,"Senior Manager, Recruiting",HR & Recruiting,Remote - USA,nontech,senior,0,0,0,,219132,https://www.coinbase.com/careers/positions/8051630?gh_jid=8051630
2026-08-18,COIN,Coinbase,"Senior Manager, Security Audit",Finance & Accounting,Remote - USA,other,senior,0,0,0,,219132,https://www.coinbase.com/careers/positions/7997926?gh_jid=7997926
2026-08-18,COIN,Coinbase,Senior Payroll Specialist,HR & Recruiting,Remote - USA,nontech,senior,0,0,0,,135790,https://www.coinbase.com/careers/positions/8028180?gh_jid=8028180
2026-08-18,COIN,Coinbase,"Senior Product Designer, Coinbase One",Design,Remote - USA,product_eng,senior,0,0,0,,196285,https://www.coinbase.com/careers/positions/8114474?gh_jid=8114474
2026-08-18,COIN,Coinbase,"Senior Product Manager, CX & AI Tooling",Product,"Charlotte, NC",product_eng,senior,1,3,0,buzz|general_medium,180370,https://www.coinbase.com/careers/positions/8008033?gh_jid=8008033
2026-08-18,COIN,Coinbase,"Senior Product Manager, Help Center (CX Automation)",Enterprise Applications,Remote - India,product_eng,senior,0,7,1,application|buzz,,https://www.coinbase.com/careers/positions/8031208?gh_jid=8031208
2026-08-18,COIN,Coinbase,"Senior Product Marketing Manager, Trading ",Marketing & Communications,Remote - USA,nontech,senior,0,0,0,,185832,https://www.coinbase.com/careers/positions/8077090?gh_jid=8077090
2026-08-18,COIN,Coinbase,Senior Recruiter,HR & Recruiting,Remote - USA,nontech,senior,0,0,0,,142450,https://www.coinbase.com/careers/positions/8064788?gh_jid=8064788
2026-08-18,COIN,Coinbase,"Senior Researcher, Consumer (Advanced)",Design,Remote - USA,research,senior,0,0,0,,182040,https://www.coinbase.com/careers/positions/8095526?gh_jid=8095526
2026-08-18,COIN,Coinbase,Senior Software Engineer,Enterprise Applications,Remote - USA,product_eng,senior,0,0,0,,,https://www.coinbase.com/careers/positions/7961318?gh_jid=7961318
2026-08-18,COIN,Coinbase,Senior Software Engineer,Engineering - Security,Remote - USA,product_eng,senior,0,0,0,,202482,https://www.coinbase.com/careers/positions/8021647?gh_jid=8021647
2026-08-18,COIN,Coinbase,Senior Software Engineer - AI Platform Team,Engineering - Backend,Remote - USA,product_eng,senior,1,22,1,application|buzz|model_infra,202482,https://www.coinbase.com/careers/positions/7997420?gh_jid=7997420
2026-08-18,COIN,Coinbase,"Senior Software Engineer, Backend (Consumer - Growth Foundations)",Engineering - Backend,Remote - Canada,product_eng,senior,0,0,0,,191100,https://www.coinbase.com/careers/positions/8092651?gh_jid=8092651
2026-08-18,COIN,Coinbase,"Senior Software Engineer, Backend (Consumer - Prediction Markets)",Engineering - Backend,Remote - USA,product_eng,senior,0,0,0,,202482,https://www.coinbase.com/careers/positions/7997836?gh_jid=7997836
2026-08-18,COIN,Coinbase,"Senior Software Engineer, Backend (Consumer - Risk)",Engineering - Backend,Remote - Canada,product_eng,senior,0,0,0,,191100,https://www.coinbase.com/careers/positions/7930686?gh_jid=7930686
2026-08-18,COIN,Coinbase,"Senior Software Engineer, Backend - Platform (Core AI Automation)",Engineering - Backend,Remote - USA,product_eng,senior,1,17,1,application|buzz,202482,https://www.coinbase.com/careers/positions/8051871?gh_jid=8051871
2026-08-18,COIN,Coinbase,"Senior Software Engineer, Backend - Platform (Tokens & Wrapped Assets)",Engineering - Backend,Remote - USA,product_eng,senior,0,0,0,,202482,https://www.coinbase.com/careers/positions/8095252?gh_jid=8095252
2026-08-18,COIN,Coinbase,Senior Software Engineer - Blockchain Network,Engineering - Backend,Remote - USA,product_eng,senior,0,0,0,,202482,https://www.coinbase.com/careers/positions/7967649?gh_jid=7967649
2026-08-18,COIN,Coinbase,"Senior Software Engineer, CDP - Money Movement ",Engineering,Remote - Canada,product_eng,senior,0,0,0,,191100,https://www.coinbase.com/careers/positions/8013129?gh_jid=8013129
2026-08-18,COIN,Coinbase,"Senior Software Engineer, Compute Platform",Engineering - Infrastructure,Remote - Canada,product_eng,senior,0,0,0,,191100,https://www.coinbase.com/careers/positions/7701645?gh_jid=7701645
2026-08-18,COIN,Coinbase,"Senior Software Engineer, Compute Platform",Engineering - Infrastructure,Remote - USA,product_eng,senior,0,0,0,,202482,https://www.coinbase.com/careers/positions/7701651?gh_jid=7701651
2026-08-18,COIN,Coinbase,"Senior Software Engineer, Consumer",Engineering,Remote - Singapore,product_eng,senior,0,0,0,,191100,https://www.coinbase.com/careers/positions/8067033?gh_jid=8067033
2026-08-18,COIN,Coinbase,"Senior Software Engineer, Core AI Infrastructure",IT,Remote - USA,product_eng,senior,1,0,0,,202482,https://www.coinbase.com/careers/positions/7847431?gh_jid=7847431
2026-08-18,COIN,Coinbase,"Senior Software Engineer, Core Reliability",Engineering - Infrastructure,Remote - Canada,product_eng,senior,0,0,0,,191100,https://www.coinbase.com/careers/positions/8097944?gh_jid=8097944
2026-08-18,COIN,Coinbase,"Senior Software Engineer, Data Engineering Platform",Engineering - Backend,Remote - USA,product_eng,senior,0,1,0,buzz,202482,https://www.coinbase.com/careers/positions/8082199?gh_jid=8082199
2026-08-18,COIN,Coinbase,"Senior Software Engineer, Data Layer",Engineering - Backend,Remote - USA,product_eng,senior,0,0,0,,202482,https://www.coinbase.com/careers/positions/8064873?gh_jid=8064873
2026-08-18,COIN,Coinbase,"Senior Software Engineer, Developer Infrastructure",Engineering - Infrastructure,Remote - USA,product_eng,senior,0,0,0,,202482,https://www.coinbase.com/careers/positions/7964402?gh_jid=7964402
2026-08-18,COIN,Coinbase,Senior Software Engineer (EAA),Enterprise Applications,Remote - USA,product_eng,senior,0,0,0,,202482,https://www.coinbase.com/careers/positions/7483221?gh_jid=7483221
2026-08-18,COIN,Coinbase,"Senior Software Engineer, Frontend (Coinbase Advisor - Agentic Trading)",Engineering - Frontend,Remote - USA,product_eng,senior,0,9,1,application,202482,https://www.coinbase.com/careers/positions/8070574?gh_jid=8070574
2026-08-18,COIN,Coinbase,Senior Software Engineer - Frontend - Coinbase Card team,Engineering - Frontend,Remote - USA,product_eng,senior,0,0,0,,202482,https://www.coinbase.com/careers/positions/8088201?gh_jid=8088201
2026-08-18,COIN,Coinbase,"Senior Software Engineer, Frontend (Consumer - Payments)",Engineering - Frontend,Remote - USA,product_eng,senior,0,0,0,,202482,https://www.coinbase.com/careers/positions/8029035?gh_jid=8029035
2026-08-18,COIN,Coinbase,"Senior Software Engineer, Stablecoins",Engineering - Backend,Remote - USA,product_eng,senior,0,0,0,,202482,https://www.coinbase.com/careers/positions/8104873?gh_jid=8104873
2026-08-18,COIN,Coinbase,Senior Software Engineer - Trading,Engineering - Backend,Remote - Singapore,product_eng,senior,0,0,0,,191100,https://www.coinbase.com/careers/positions/7866674?gh_jid=7866674
2026-08-18,COIN,Coinbase,Senior Sourcing Analyst,Finance & Accounting,Remote - USA,other,senior,0,0,0,,142450,https://www.coinbase.com/careers/positions/8017697?gh_jid=8017697
2026-08-18,COIN,Coinbase,Senior Staff Software Engineer - Blockchain Platform,Engineering - Backend,Remote - USA,product_eng,staff_principal,0,0,0,,276298,https://www.coinbase.com/careers/positions/7366208?gh_jid=7366208
2026-08-18,COIN,Coinbase,"Senior Staff Software Engineer, Core Automation",Engineering - Backend,Remote - USA,product_eng,staff_principal,0,6,1,application,276298,https://www.coinbase.com/careers/positions/7580292?gh_jid=7580292
2026-08-18,COIN,Coinbase,"Senior Staff Software Engineer, Data Platform",Engineering,Remote - USA,product_eng,staff_principal,0,7,1,application|data_ml_ops|general_medium,276298,https://www.coinbase.com/careers/positions/7711287?gh_jid=7711287
2026-08-18,COIN,Coinbase,"Senior Staff Software Engineer, Payments",Engineering - Backend,Remote - USA,product_eng,staff_principal,0,0,0,,276298,https://www.coinbase.com/careers/positions/8056068?gh_jid=8056068
2026-08-18,COIN,Coinbase,"Senior Staff Software Engineer, Payments",Engineering - Backend,Remote - Canada,product_eng,staff_principal,0,0,0,,276298,https://www.coinbase.com/careers/positions/8060842?gh_jid=8060842
2026-08-18,COIN,Coinbase,Senior Talent Program Manager,HR & Recruiting,Remote - USA,other,senior,0,0,0,,181022,https://www.coinbase.com/careers/positions/8126484?gh_jid=8126484
2026-08-18,COIN,Coinbase,Social Support Senior Manager,Customer Experience,Remote - USA,nontech,senior,0,0,0,,219132,https://www.coinbase.com/careers/positions/8088912?gh_jid=8088912
2026-08-18,COIN,Coinbase,Software Engineer,Enterprise Applications,"Charlotte, NC",product_eng,mid,0,0,0,,165852,https://www.coinbase.com/careers/positions/8003605?gh_jid=8003605
2026-08-18,COIN,Coinbase,"Software Engineer, CDP - Stablecoin",Engineering - Backend,Remote - Canada,product_eng,mid,0,0,0,,150150,https://www.coinbase.com/careers/positions/8092485?gh_jid=8092485
2026-08-18,COIN,Coinbase,"Software Engineer, EAA ",Enterprise Applications,Remote - Brazil,product_eng,mid,0,0,0,,,https://www.coinbase.com/careers/positions/8100066?gh_jid=8100066
2026-08-18,COIN,Coinbase,"Software Engineer, EAA Integrations",Enterprise Applications,Remote - India,product_eng,mid,0,3,1,application,,https://www.coinbase.com/careers/positions/7558051?gh_jid=7558051
2026-08-18,COIN,Coinbase,"Software Engineer, Enterprise Apps",Engineering - Backend,Remote - Brazil,product_eng,mid,0,0,0,,,https://www.coinbase.com/careers/positions/8024814?gh_jid=8024814
2026-08-18,COIN,Coinbase,Solutions Architect,"Institutional Sales, Trading, and Prime Services","Hybrid - London, UK",demand_validated,mid,0,0,0,,,https://www.coinbase.com/careers/positions/8096720?gh_jid=8096720
2026-08-18,COIN,Coinbase,Solutions Architect,"Institutional Sales, Trading, and Prime Services","Hybrid - New York, NY",demand_validated,mid,0,0,0,,170000,https://www.coinbase.com/careers/positions/8056065?gh_jid=8056065
2026-08-18,COIN,Coinbase,"Specialist, CSIRT",Security & Privacy,Remote - India,other,mid,0,0,0,,,https://www.coinbase.com/careers/positions/8122777?gh_jid=8122777
2026-08-18,COIN,Coinbase,"Specialist, Treasury & Banking Operations",Finance & Accounting,Remote - USA,nontech,mid,0,0,0,,103415,https://www.coinbase.com/careers/positions/8126403?gh_jid=8126403
2026-08-18,COIN,Coinbase,Sr. Compensation Business Partner,HR & Recruiting,Remote - USA,other,senior,0,0,0,,231065,https://www.coinbase.com/careers/positions/8024968?gh_jid=8024968
2026-08-18,COIN,Coinbase,"Staff Accountant, Cyprus",Finance & Accounting,Remote - Cyprus,other,staff_principal,0,0,0,,,https://www.coinbase.com/careers/positions/8053751?gh_jid=8053751
2026-08-18,COIN,Coinbase,"Staff Analytics Engineer, Compliance Data",Data Science,Remote - USA,product_eng,staff_principal,0,3,1,application,225792,https://www.coinbase.com/careers/positions/8104148?gh_jid=8104148
2026-08-18,COIN,Coinbase,"Staff Applied Data Scientist, Pricing",Data Science,Remote - USA,product_eng,staff_principal,0,2,0,general_medium,225792,https://www.coinbase.com/careers/positions/8083051?gh_jid=8083051
2026-08-18,COIN,Coinbase,Staff Machine Learning Engineer(Platform - Identity),Machine Learning,Remote - USA,product_eng,staff_principal,1,21,1,application|buzz|data_ml_ops|general_medium|model_infra,237262,https://www.coinbase.com/careers/positions/7891045?gh_jid=7891045
2026-08-18,COIN,Coinbase,Staff Product Designer (Experience & Engagement),Design,Remote - USA,product_eng,staff_principal,0,1,0,buzz,225792,https://www.coinbase.com/careers/positions/8014564?gh_jid=8014564
2026-08-18,COIN,Coinbase,"Staff Product Designer, Financial Services Lead",Design,Remote - USA,product_eng,staff_principal,0,0,0,,225792,https://www.coinbase.com/careers/positions/8064324?gh_jid=8064324
2026-08-18,COIN,Coinbase,Staff Software Engineer,Engineering - Security,Remote - Israel,product_eng,staff_principal,0,0,0,,,https://www.coinbase.com/careers/positions/8021650?gh_jid=8021650
2026-08-18,COIN,Coinbase,"Staff Software Engineer, Backend (Consumer - Prediction Markets)",Engineering - Backend,Remote - USA,product_eng,staff_principal,0,0,0,,237262,https://www.coinbase.com/careers/positions/7997840?gh_jid=7997840
2026-08-18,COIN,Coinbase,"Staff Software Engineer, Backend - FinHub (Ledger)",Engineering - Backend,Remote - USA,product_eng,staff_principal,0,0,0,,237262,https://www.coinbase.com/careers/positions/8064916?gh_jid=8064916
2026-08-18,COIN,Coinbase,"Staff Software Engineer, Core AI Infrastructure",IT,Remote - USA,product_eng,staff_principal,1,0,0,,237262,https://www.coinbase.com/careers/positions/7991691?gh_jid=7991691
2026-08-18,COIN,Coinbase,"Staff Software Engineer, Customer Administration",Enterprise Applications,Remote - India,product_eng,staff_principal,0,12,1,application,,https://www.coinbase.com/careers/positions/8054153?gh_jid=8054153
2026-08-18,COIN,Coinbase,"Staff Software Engineer, Developer Infrastructure",Engineering - Infrastructure,Remote - USA,product_eng,staff_principal,0,0,0,,237262,https://www.coinbase.com/careers/positions/7964410?gh_jid=7964410
2026-08-18,COIN,Coinbase,"Staff Software Engineer, EAA CX",Enterprise Applications,Remote - USA,product_eng,staff_principal,0,12,1,application,237262,https://www.coinbase.com/careers/positions/6784618?gh_jid=6784618
2026-08-18,COIN,Coinbase,"Staff Software Engineer, Frontend (Consumer - Advanced Trading)",Engineering - Frontend,Remote - USA,product_eng,staff_principal,0,0,0,,237262,https://www.coinbase.com/careers/positions/7629141?gh_jid=7629141
2026-08-18,COIN,Coinbase,Staff Software Engineer (Platform - Access & Authorization),Engineering - Backend,Remote - USA,product_eng,staff_principal,0,0,0,,237262,https://www.coinbase.com/careers/positions/8114877?gh_jid=8114877
2026-08-18,COIN,Coinbase,Staff Software Engineer (Platform - Identity IDV),Engineering - Backend,Remote - USA,product_eng,staff_principal,0,0,0,,237262,https://www.coinbase.com/careers/positions/7773776?gh_jid=7773776
2026-08-18,COIN,Coinbase,"Staff Software Engineer, Solana Staking Protocol ",Engineering,Remote - USA,product_eng,staff_principal,0,0,0,,237262,https://www.coinbase.com/careers/positions/7684298?gh_jid=7684298
2026-08-18,COIN,Coinbase,"Staff Technical Program Manager, CX Agent Experience",Enterprise Applications,Remote - USA,other,staff_principal,0,0,0,,191568,https://www.coinbase.com/careers/positions/8047657?gh_jid=8047657
2026-08-18,COIN,Coinbase,"Strategic Intelligence Manager, Protective Intelligence",Security & Privacy,Remote - USA,other,mid,0,0,0,,181022,https://www.coinbase.com/careers/positions/8010600?gh_jid=8010600
2026-08-18,COIN,Coinbase,Strategic Program Lead,Customer Experience,Remote - USA,other,senior,0,0,0,,108630,https://www.coinbase.com/careers/positions/8083758?gh_jid=8083758
2026-08-18,COIN,Coinbase,"Supervisor, Customer Success Team",Customer Experience,Remote - Cyprus,demand_validated,mid,0,0,0,,,https://www.coinbase.com/careers/positions/8082829?gh_jid=8082829
2026-08-18,COIN,Coinbase,"Technical Program Manager, CX Intelligence & AI",Customer Experience,Remote - USA,other,mid,1,1,0,buzz,231065,https://www.coinbase.com/careers/positions/8013948?gh_jid=8013948
2026-08-18,COIN,Coinbase,"Technical Program Manager, Knowledge Systems",Customer Experience,Remote - USA,other,mid,0,21,1,application,161968,https://www.coinbase.com/careers/positions/8013892?gh_jid=8013892
2026-08-18,TOST,Toast,Android Software Engineer,R & D : Engineering : Guest,"Dublin, Ireland",product_eng,mid,0,9,1,application,,https://careers.toasttab.com/jobs?gh_jid=8038744
2026-08-18,TOST,Toast,BDR ,Sales : International,"London, UK ",other,mid,0,0,0,,,https://careers.toasttab.com/jobs?gh_jid=8118975
2026-08-18,TOST,Toast,Bilingual Growth Account Executive - Mandarin,Sales : Upsell Sales AEs,"Seattle, WA",demand_validated,mid,0,0,0,,176000,https://careers.toasttab.com/jobs?gh_jid=8046512
2026-08-18,TOST,Toast,Bilingual Growth Account Executive - Mandarin,Sales : Upsell Sales AEs,"New York, NY",demand_validated,mid,0,0,0,,176000,https://careers.toasttab.com/jobs?gh_jid=8046510
2026-08-18,TOST,Toast,Bilingual Hybrid Development Representative - Spanish,Sales : Sales Acceleration,"San Diego, CA",other,mid,0,0,0,,89500,https://careers.toasttab.com/jobs?gh_jid=7900522
2026-08-18,TOST,Toast,Bilingual Hybrid Development Representative - Spanish,Sales : Sales Acceleration,"San Antonio, TX",other,mid,0,0,0,,89500,https://careers.toasttab.com/jobs?gh_jid=7900528
2026-08-18,TOST,Toast,Bilingual Hybrid Development Representative - Spanish,Sales : Sales Acceleration,"Houston, TX",other,mid,0,0,0,,89500,https://careers.toasttab.com/jobs?gh_jid=7900529
2026-08-18,TOST,Toast,Bilingual Hybrid Development Representative - Spanish,Sales : Sales Acceleration,"Dallas, TX",other,mid,0,0,0,,89500,https://careers.toasttab.com/jobs?gh_jid=7900531
2026-08-18,TOST,Toast,Bilingual Hybrid Development Representative - Spanish,Sales : Sales Acceleration,"Oakland, CA",other,mid,0,0,0,,89500,https://careers.toasttab.com/jobs?gh_jid=8049744
2026-08-18,TOST,Toast,Bilingual Hybrid Development Representative - Spanish,Sales : Sales Acceleration,"Sacramento, CA",other,mid,0,0,0,,89500,https://careers.toasttab.com/jobs?gh_jid=8049743
2026-08-18,TOST,Toast,Bilingual Hybrid Development Representative - Spanish,Sales : Sales Acceleration,"Los Angeles, CA",other,mid,0,0,0,,89500,https://careers.toasttab.com/jobs?gh_jid=7900549
2026-08-18,TOST,Toast,Bilingual Hybrid Development Representative - Spanish,Sales : Sales Acceleration,"Phoenix, AZ",other,mid,0,0,0,,89500,https://careers.toasttab.com/jobs?gh_jid=8049739
2026-08-18,TOST,Toast,"Bilingual Strategic Cuisines Account Executive (Mandarin ) - Los Angeles, CA		",Sales : Strategic Cuisines Sales AEs,"Los Angeles, CA",demand_validated,mid,0,0,0,,166500,https://careers.toasttab.com/jobs?gh_jid=7094382
2026-08-18,TOST,Toast,Bilingual Strategic Cuisines Account Executive (Mandarin ) - West Coast 	,Sales : Strategic Cuisines Sales AEs,"San Francisco, CA ",demand_validated,mid,0,0,0,,176000,https://careers.toasttab.com/jobs?gh_jid=8109019
2026-08-18,TOST,Toast,Bilingual Strategic Cuisines Account Executive (Mandarin ) - West Coast 	,Sales : Strategic Cuisines Sales AEs,"Seattle, WA ",demand_validated,mid,0,0,0,,176000,https://careers.toasttab.com/jobs?gh_jid=7976926
2026-08-18,TOST,Toast,Bilingual Strategic Cuisines Account Executive (Mandarin ) - West Coast 	,Sales : Strategic Cuisines Sales AEs,"San Diego, CA ",demand_validated,mid,0,0,0,,176000,https://careers.toasttab.com/jobs?gh_jid=8109020
2026-08-18,TOST,Toast,Bilingual Strategic Cuisines Account Executive - Spanish,Sales : Strategic Cuisines Sales AEs,"East Houston, TX",demand_validated,mid,0,0,0,,150000,https://careers.toasttab.com/jobs?gh_jid=8106826
2026-08-18,TOST,Toast,Bilingual Strategic Cuisines Account Executive (Spanish),Sales : Strategic Cuisines Sales AEs,"South Houston, TX",demand_validated,mid,0,0,0,,150000,https://careers.toasttab.com/jobs?gh_jid=8096836
2026-08-18,TOST,Toast,"Bilingual Strategic Cuisines Account Executive (Spanish) - Albuquerque, NM",Sales : Strategic Cuisines Sales AEs,"Albuquerque, New Mexico ",demand_validated,mid,0,0,0,,150000,https://careers.toasttab.com/jobs?gh_jid=8031372
2026-08-18,TOST,Toast,"Bilingual Strategic Cuisines Account Executive (Spanish) - Fullerton, CA",Sales : Strategic Cuisines Sales AEs,"Fullerton, CA",demand_validated,mid,0,0,0,,166500,https://careers.toasttab.com/jobs?gh_jid=8094644
2026-08-18,TOST,Toast,"Bilingual Strategic Cuisines Account Executive (Spanish) - Los Angeles, CA		",Sales : Strategic Cuisines Sales AEs,"Los Angeles, CA ",demand_validated,mid,0,0,0,,166500,https://careers.toasttab.com/jobs?gh_jid=8046480
2026-08-18,TOST,Toast,"Bilingual Strategic Cuisines Account Executive (Spanish) - Newark/Elizabeth, NJ",Sales : Strategic Cuisines Sales AEs,"Newark/Elizabeth, NJ ",demand_validated,mid,0,0,0,,192500,https://careers.toasttab.com/jobs?gh_jid=8094648
2026-08-18,TOST,Toast,Bilingual Strategic Cuisines Account Executive (Spanish) - OKC/Tulsa,Sales : Strategic Cuisines Sales AEs,"OKC/Tulsa, OK",demand_validated,mid,0,0,0,,150000,https://careers.toasttab.com/jobs?gh_jid=8052229
2026-08-18,TOST,Toast,"Bilingual Strategic Cuisines Account Executive (Spanish) - Pomona, CA",Sales : Strategic Cuisines Sales AEs,"Pomona, CA",demand_validated,mid,0,0,0,,166500,https://careers.toasttab.com/jobs?gh_jid=8080096
2026-08-18,TOST,Toast,"Bilingual Strategic Cuisines Account Executive (Spanish) - Portland, OR",Sales : Strategic Cuisines Sales AEs,"Portland,OR",demand_validated,mid,0,0,0,,166500,https://careers.toasttab.com/jobs?gh_jid=8108742
2026-08-18,TOST,Toast,"Bilingual Strategic Cuisines Account Executive (Spanish) - Queens, NY",Sales : Strategic Cuisines Sales AEs,"Queens, NY ",demand_validated,mid,0,0,0,,192500,https://careers.toasttab.com/jobs?gh_jid=8052231
2026-08-18,TOST,Toast,"Bilingual Strategic Cuisines Account Executive (Spanish) - Santa Fe, NM",Sales : Strategic Cuisines Sales AEs,"Santa Fe, New Mexico ",demand_validated,mid,0,0,0,,150000,https://careers.toasttab.com/jobs?gh_jid=8031509
2026-08-18,TOST,Toast,"Bilingual Strategic Cuisines Account Executive (Spanish) - Santa Monica, CA ",Sales : Strategic Cuisines Sales AEs,"Santa Monica, CA ",demand_validated,mid,0,0,0,,166500,https://careers.toasttab.com/jobs?gh_jid=8060554
2026-08-18,TOST,Toast,"Bilingual Strategic Cuisines Account Executive (Spanish) - South Austin, TX",Sales : Strategic Cuisines Sales AEs,"Austin, TX",demand_validated,mid,0,0,0,,166500,https://careers.toasttab.com/jobs?gh_jid=8094646
2026-08-18,TOST,Toast,"Bilingual Strategic Cuisines Flex Account Executive - Boston, MA (Spanish)",Sales : Strategic Cuisines Sales AEs,"Boston, MA",demand_validated,mid,0,0,0,,166500,https://careers.toasttab.com/jobs?gh_jid=8096851
2026-08-18,TOST,Toast,Bilingual Strategic Cuisines Flex Account Executive - Brownsville TX (Spanish),Sales : Strategic Cuisines Sales AEs,"Brownsville, TX",demand_validated,mid,0,0,0,,150000,https://careers.toasttab.com/jobs?gh_jid=8109211
2026-08-18,TOST,Toast,"Bilingual Strategic Cuisines Flex Account Executive - Dallas, TX (Spanish)",Sales : Strategic Cuisines Sales AEs,"Dallas, TX",demand_validated,mid,0,0,0,,150000,https://careers.toasttab.com/jobs?gh_jid=8105159
2026-08-18,TOST,Toast,"Bilingual Strategic Cuisines Flex Account Executive - Houston, TX (Spanish)",Sales : Strategic Cuisines Sales AEs,"Houston, TX",demand_validated,mid,0,0,0,,150000,https://careers.toasttab.com/jobs?gh_jid=8096841
2026-08-18,TOST,Toast,"Bilingual Strategic Cuisines Flex Account Executive - New York, NY (Spanish)",Sales : Strategic Cuisines Sales AEs,"New York, NY",demand_validated,mid,0,0,0,,192500,https://careers.toasttab.com/jobs?gh_jid=8109314
2026-08-18,TOST,Toast,"Bilingual Strategic Cuisines Flex Account Executive - San Angelo, TX (Spanish)",Sales : Strategic Cuisines Sales AEs,"San Angelo, TX",demand_validated,mid,0,0,0,,150000,https://careers.toasttab.com/jobs?gh_jid=8109212
2026-08-18,TOST,Toast,Bilingual Strategic Cuisines Flex Account Executive (Spanish),Sales : Strategic Cuisines Sales AEs,"Los Angeles, CA",demand_validated,mid,0,0,0,,166500,https://careers.toasttab.com/jobs?gh_jid=8096843
2026-08-18,TOST,Toast,Bilingual Strategic Cuisines Flex Account Executive (Spanish),Sales : Strategic Cuisines Sales AEs,"Portland, OR",demand_validated,mid,0,0,0,,166500,https://careers.toasttab.com/jobs?gh_jid=8106365
2026-08-18,TOST,Toast,Bilingual Strategic Cuisines Flex Account Executive (Thai) ,Sales : Strategic Cuisines Sales AEs,"Atlanta, GA",demand_validated,mid,0,0,0,,150000,https://careers.toasttab.com/jobs?gh_jid=8113015
2026-08-18,TOST,Toast,Bilingual Strategic Cuisines Flex Account Executive (Thai) ,Sales : Strategic Cuisines Sales AEs,"Washington, D.C. ",demand_validated,mid,0,0,0,,166500,https://careers.toasttab.com/jobs?gh_jid=8131006
2026-08-18,TOST,Toast,Bilingual Strategic Cuisines Flex Account Executive (Thai) ,Sales : Strategic Cuisines Sales AEs,"Los Angeles, CA",demand_validated,mid,0,0,0,,166500,https://careers.toasttab.com/jobs?gh_jid=8112971
2026-08-18,TOST,Toast,Bilingual Strategic Cuisines Flex Account Executive (Thai) ,Sales : Strategic Cuisines Sales AEs,"Chicago, IL ",demand_validated,mid,0,0,0,,166500,https://careers.toasttab.com/jobs?gh_jid=8113001
2026-08-18,TOST,Toast,"Bilingual Strategic Cuisines Flex Account Executive - Washington, D.C. (Spanish)",Sales : Strategic Cuisines Sales AEs,"Washington, D.C.",demand_validated,mid,0,0,0,,166500,https://careers.toasttab.com/jobs?gh_jid=8109325
2026-08-18,TOST,Toast,"Bilingual Territory Account Executive , Retail (Spanish) - San Antonio: West",Sales : Retail Sales AEs,"San Antonio, TX ",demand_validated,mid,0,0,0,,166500,https://careers.toasttab.com/jobs?gh_jid=7851543
2026-08-18,TOST,Toast,Bookkeeper (Founding Member),Customer Success : Customer Care : Supplier & Accounting,"Boston, MA",other,mid,0,0,0,,102500,https://careers.toasttab.com/jobs?gh_jid=8079182
2026-08-18,TOST,Toast,Business Development Representative - International (UKI),Sales : International,"London, UK ",other,intern,0,0,0,,,https://careers.toasttab.com/jobs?gh_jid=7963056
2026-08-18,TOST,Toast,Business Development Representative - Retail,Sales : Retail Sales Acceleration,Remote,other,mid,0,0,0,,89500,https://careers.toasttab.com/jobs?gh_jid=8051420
2026-08-18,TOST,Toast,"Central Jersey Shore District Manager, SMB",Sales : SMB Field Sales DMs,"Lakewood, NJ",other,mid,0,0,0,,274500,https://careers.toasttab.com/jobs?gh_jid=8095392
2026-08-18,TOST,Toast,"Central Jersey Shore District Manager, SMB",Sales : SMB Field Sales DMs,"Trenton, NJ",other,mid,0,0,0,,274500,https://careers.toasttab.com/jobs?gh_jid=8108780
2026-08-18,TOST,Toast,Customer Care Manager,Customer Success : Customer Care : Retail,"Omaha, NE",other,mid,0,0,0,,89500,https://careers.toasttab.com/jobs?gh_jid=8105704
2026-08-18,TOST,Toast,Customer Care Manager II - US Payroll,Customer Success : Customer Care : Employee Cloud,Chennai,nontech,mid,0,0,0,,,https://careers.toasttab.com/jobs?gh_jid=8096113
2026-08-18,TOST,Toast,Customer Care Manager- Kitchen,Customer Success : Customer Care : POS,Chennai,other,mid,0,0,0,,,https://careers.toasttab.com/jobs?gh_jid=8104822
2026-08-18,TOST,Toast,Customer Care Manager - US Payroll,Customer Success : Customer Care : Employee Cloud,Chennai,nontech,mid,0,0,0,,,https://careers.toasttab.com/jobs?gh_jid=8096115
2026-08-18,TOST,Toast,"Customer Care Specialist, Retail",Customer Success : Customer Care : Retail,"Omaha, NE",other,mid,0,0,0,,,https://careers.toasttab.com/jobs?gh_jid=8105696
2026-08-18,TOST,Toast,Customer Care Specialist - US Payroll,Customer Success : Customer Care : Employee Cloud,Chennai,nontech,mid,0,0,0,,,https://careers.toasttab.com/jobs?gh_jid=8096111
2026-08-18,TOST,Toast,Customer Care Tax Expert,Customer Success : Customer Care : Employee Cloud,"Remote, United States",other,mid,0,0,0,,,https://careers.toasttab.com/jobs?gh_jid=8097331
2026-08-18,TOST,Toast,Customer Growth Account Executive,Sales : Upsell Sales AEs,"Jefferson City, MO",demand_validated,mid,0,0,0,,150000,https://careers.toasttab.com/jobs?gh_jid=8119955
2026-08-18,TOST,Toast,Customer Growth Account Executive,Sales : Upsell Sales AEs,"Columbia, MO",demand_validated,mid,0,0,0,,150000,https://careers.toasttab.com/jobs?gh_jid=8119933
2026-08-18,TOST,Toast,Customer Growth Account Executive,Sales : Upsell Sales AEs,"St Louis, MO",demand_validated,mid,0,0,0,,150000,https://careers.toasttab.com/jobs?gh_jid=8119408
2026-08-18,TOST,Toast,Customer Growth District Sales Manager - Mandarin,Sales : Upsell Sales Management,"New York, NY",nontech,mid,0,0,0,,251500,https://careers.toasttab.com/jobs?gh_jid=8094821
2026-08-18,TOST,Toast,Customer Growth District Sales Manager - Mandarin,Sales : Upsell Sales Management,"Boston, MA",nontech,mid,0,0,0,,251500,https://careers.toasttab.com/jobs?gh_jid=8049658
2026-08-18,TOST,Toast,Customer Growth Sales Account Executive,Sales : Upsell Sales AEs,"St. Charles, IL",demand_validated,mid,0,0,0,,166500,https://careers.toasttab.com/jobs?gh_jid=8120077
2026-08-18,TOST,Toast,Customer Growth Sales Account Executive,Sales : Upsell Sales AEs,"Geneva, IL",demand_validated,mid,0,0,0,,166500,https://careers.toasttab.com/jobs?gh_jid=8120072
2026-08-18,TOST,Toast,Customer Growth Sales Account Executive,Sales : Upsell Sales AEs,"Kansas City, MO",demand_validated,mid,0,0,0,,150000,https://careers.toasttab.com/jobs?gh_jid=8119410
2026-08-18,TOST,Toast,Customer Growth Sales Account Executive,Sales : Upsell Sales AEs,"Raleigh, NC",demand_validated,mid,0,0,0,,150000,https://careers.toasttab.com/jobs?gh_jid=8119412
2026-08-18,TOST,Toast,Customer Growth Sales Account Executive,Sales : Upsell Sales AEs,"Cary, NC",demand_validated,mid,0,0,0,,150000,https://careers.toasttab.com/jobs?gh_jid=8119947
2026-08-18,TOST,Toast,Customer Growth Sales Account Executive,Sales : Upsell Sales AEs,"Durham, NC",demand_validated,mid,0,0,0,,150000,https://careers.toasttab.com/jobs?gh_jid=8119950
2026-08-18,TOST,Toast,Customer Growth Sales Account Executive,Sales : Upsell Sales AEs,"Wake Forest, NC",demand_validated,mid,0,0,0,,150000,https://careers.toasttab.com/jobs?gh_jid=8119952
2026-08-18,TOST,Toast,Customer Growth Sales Account Executive,Sales : Upsell Sales AEs,"Morrisville, NC",demand_validated,mid,0,0,0,,150000,https://careers.toasttab.com/jobs?gh_jid=8119951
2026-08-18,TOST,Toast,Customer Growth Sales Account Executive,Sales : Upsell Sales AEs,"Columbus, OH",demand_validated,mid,0,0,0,,150000,https://careers.toasttab.com/jobs?gh_jid=8067675
2026-08-18,TOST,Toast,"Customer Success Manager II, Payroll",Customer Success : Customer Success & Services : Payroll,"Remote, US",demand_validated,mid,0,0,0,,90500,https://careers.toasttab.com/jobs?gh_jid=8126201
2026-08-18,TOST,Toast,"Customer Success Manager II, SMB - Dedicated",Customer Success : Customer Success & Services : SMB,"New York City, New York",demand_validated,mid,0,0,0,,85000,https://careers.toasttab.com/jobs?gh_jid=8096644
2026-08-18,TOST,Toast,Data Scientist II,R & D : Foundations : AI,"Remote, USA",product_eng,mid,0,24,1,application|buzz|data_ml_ops|general_medium|model_infra,133000,https://careers.toasttab.com/jobs?gh_jid=7984730
2026-08-18,TOST,Toast,Data Scientist II,R & D : Foundations : AI,Canada,product_eng,mid,0,24,1,application|buzz|data_ml_ops|general_medium|model_infra,123000,https://careers.toasttab.com/jobs?gh_jid=8052241
2026-08-18,TOST,Toast,Director of International Program Management,R & D : Product : International,"London, UK",other,intern,0,0,0,,,https://careers.toasttab.com/jobs?gh_jid=7777850
2026-08-18,TOST,Toast,Director of International Program Management,R & D : Product : International,"Dublin, IRE",other,intern,0,0,0,,,https://careers.toasttab.com/jobs?gh_jid=7743831
2026-08-18,TOST,Toast,"Director of Product Management, Enterprise",R & D : Product : Enterprise,"Bangalore, India",other,director,0,0,0,,,https://careers.toasttab.com/jobs?gh_jid=7996612
2026-08-18,TOST,Toast,"District Manager, SMB- Atlanta, GA",Sales : SMB Field Sales DMs,"Atlanta, GA",other,mid,0,0,0,,214500,https://careers.toasttab.com/jobs?gh_jid=7980033
2026-08-18,TOST,Toast,"Engineering Manager 2, Real-Time Analytics",R & D : Engineering : Commerce,"Dublin, Ireland ",product_eng,mid,0,3,1,application,,https://careers.toasttab.com/jobs?gh_jid=8129949
2026-08-18,TOST,Toast,Engineering Manager II - Internationalization ,R & D : Engineering : International,"Dublin, Ireland ",product_eng,intern,0,0,0,,,https://careers.toasttab.com/jobs?gh_jid=7988540
2026-08-18,TOST,Toast,Field Account Executive East London,Sales : International,"London, UK",demand_validated,mid,0,0,0,,,https://careers.toasttab.com/jobs?gh_jid=7981844
2026-08-18,TOST,Toast,Field Sales Account Executive,Sales : International,"London, UK",demand_validated,mid,0,0,0,,,https://careers.toasttab.com/jobs?gh_jid=7979311
2026-08-18,TOST,Toast,Field Sales Team Manager ( Retail SaaS ) ,Sales : Retail Sales Management,"Toronto, Canada ",nontech,mid,0,0,0,,260000,https://careers.toasttab.com/jobs?gh_jid=8030461
2026-08-18,TOST,Toast,"Flex Territory Account Executive, SMB - East Bay/Napa",Sales : SMB Field Sales AEs,"San Francisco, CA",demand_validated,mid,0,0,0,,176000,https://careers.toasttab.com/jobs?gh_jid=8125695
2026-08-18,TOST,Toast,Frontend Software Engineer II - Technical Operations,R & D : Cloud Service Infra : Infrastructure Services,"Dublin, Ireland",product_eng,mid,0,6,1,application,,https://careers.toasttab.com/jobs?gh_jid=8099332
2026-08-18,TOST,Toast,"GTM Engineer - Sales Workflow Automation, Revenue Intelligence",Sales : Growth Operations,"Remote, US",product_eng,mid,0,6,1,application,143000,https://careers.toasttab.com/jobs?gh_jid=7947082
2026-08-18,TOST,Toast,"Indianapolis, IN District Sales Manager ",Sales : SMB Field Sales DMs,"Indianapolis, IN",nontech,mid,0,0,0,,214500,https://careers.toasttab.com/jobs?gh_jid=8106828
2026-08-18,TOST,Toast,Inside Account Executive,Sales : International,"Waterloo, Ontario, Canada",demand_validated,mid,0,0,0,,170500,https://careers.toasttab.com/jobs?gh_jid=8093040
2026-08-18,TOST,Toast,Inside Account Executive,Sales : International,"Kitchener, Ontario, Canada",demand_validated,mid,0,0,0,,170500,https://careers.toasttab.com/jobs?gh_jid=8088325
2026-08-18,TOST,Toast,Inside Account Executive,Sales : International,"Guelph, Ontario, Canada",demand_validated,mid,0,0,0,,170500,https://careers.toasttab.com/jobs?gh_jid=8093044
2026-08-18,TOST,Toast,Lead Credit Underwriter - Retail,G & A : Fintech Risk,"Bengaluru , Karnataka , India",other,senior,0,0,0,,,https://careers.toasttab.com/jobs?gh_jid=7972183
2026-08-18,TOST,Toast,Lead Fraud Risk Analyst,G & A : Fintech Risk,Bangalore,other,senior,0,1,0,buzz,,https://careers.toasttab.com/jobs?gh_jid=8109032
2026-08-18,TOST,Toast,Lead Salesforce Developer,"R & D : BTT : Finance, Orders & Subscriptions Engineering","Bangalore , Karnataka , India",product_eng,senior,0,0,0,,,https://careers.toasttab.com/jobs?gh_jid=7795649
2026-08-18,TOST,Toast,Lead Salesforce Developer,"R & D : BTT : Operations, Sales & Marketing Engineering","Bangalore, India",product_eng,senior,0,3,1,application,,https://careers.toasttab.com/jobs?gh_jid=8079399
2026-08-18,TOST,Toast,"Los Angeles, CA Strategic Cuisines District Sales Manager (Mandarin Speaking) ",Sales : Strategic Cuisines Sales Management,"Los Angeles, CA",nontech,mid,0,0,0,,238000,https://careers.toasttab.com/jobs?gh_jid=7938821
2026-08-18,TOST,Toast,"Manager, Care Account Recovery",Customer Success : Customer Care : POS,"Bengaluru, Karnataka, India",other,mid,0,0,0,,,https://careers.toasttab.com/jobs?gh_jid=8072138
2026-08-18,TOST,Toast,"Manager, Hybrid Sales Development",Sales : Sales Acceleration Management,Remote - US,nontech,mid,0,0,0,,163000,https://careers.toasttab.com/jobs?gh_jid=8129964
2026-08-18,TOST,Toast,"Manager II, Software Engineering",R & D : Engineering : Payments,"Bangalore, India",product_eng,mid,0,0,0,,,https://careers.toasttab.com/jobs?gh_jid=8110866
2026-08-18,TOST,Toast,"Manager II, Software Engineering",R & D : Engineering : Commerce,"Bengaluru, Karnataka, India",product_eng,mid,0,0,0,,,https://careers.toasttab.com/jobs?gh_jid=8059342
2026-08-18,TOST,Toast,Manager - India Tax & Operations,G & A : Finance Tax & Accounting Executive,Bangalore,nontech,mid,0,0,0,,,https://careers.toasttab.com/jobs?gh_jid=8099054
2026-08-18,TOST,Toast,"Manager, UK Product Partnerships",Sales : Business Development,"London, UK",other,mid,0,0,0,,,https://careers.toasttab.com/jobs?gh_jid=8102938
2026-08-18,TOST,Toast,"(Mandarin) Sr. Customer Success Manager I, SMB - On Demand, MLO ",Customer Success : Customer Success & Services : SMB,"Remote, US",demand_validated,senior,0,0,0,,113500,https://careers.toasttab.com/jobs?gh_jid=8089678
2026-08-18,TOST,Toast,"Midland/Odessa, TX - Strategic Cuisines Account Executive - Spanish",Sales : Strategic Cuisines Sales AEs,"Midland/Odessa, TX",demand_validated,mid,0,0,0,,150000,https://careers.toasttab.com/jobs?gh_jid=8076756
2026-08-18,TOST,Toast,"Onboarding Consultant I, Guest - French Speaking",COGS : Services COGS : International,"Remote, Canada",other,mid,0,0,0,,70000,https://careers.toasttab.com/jobs?gh_jid=8060303
2026-08-18,TOST,Toast,Principal HR Business Partner (G&A),G & A : People Success,Remote - USA,nontech,staff_principal,0,0,0,,189500,https://careers.toasttab.com/jobs?gh_jid=8106205
2026-08-18,TOST,Toast,Principal HR Business Partner (R&D),G & A : People Success,"Toronto, ON",nontech,staff_principal,0,0,0,,165000,https://careers.toasttab.com/jobs?gh_jid=8001324
2026-08-18,TOST,Toast,Principal HR Business Partner (R&D),G & A : People Success,Remote - USA,nontech,staff_principal,0,0,0,,189500,https://careers.toasttab.com/jobs?gh_jid=7997177
2026-08-18,TOST,Toast,Principal HR Business Partner (Sales),G & A : People Success,Remote - USA,nontech,staff_principal,0,0,0,,189500,https://careers.toasttab.com/jobs?gh_jid=7782666
2026-08-18,TOST,Toast,Principal HR Business Partner (Sales),G & A : People Success,"Toronto, ON",nontech,staff_principal,0,0,0,,165000,https://careers.toasttab.com/jobs?gh_jid=8001323
2026-08-18,TOST,Toast,"Principal Product Designer, Toast IQ Core (AI Product Team)",R & D : UX : Customer Experience Platform,"Remote, USA",product_eng,staff_principal,1,9,1,application,226500,https://careers.toasttab.com/jobs?gh_jid=7908658
2026-08-18,TOST,Toast,"Principal Product Manager, Configuration Platform ",R & D : Product : Commerce,"Remote, US ",product_eng,staff_principal,0,3,1,application,226500,https://careers.toasttab.com/jobs?gh_jid=7733118
2026-08-18,TOST,Toast," Principal Product Manager, Kitchen Technology & Innovation",R & D : Product : Commerce,"Remote, US",product_eng,staff_principal,0,4,1,application|buzz,226500,https://careers.toasttab.com/jobs?gh_jid=7976242
2026-08-18,TOST,Toast,Principal Software Engineer,R & D : Engineering : Commerce,"Bengaluru, Karnataka, India",product_eng,staff_principal,0,0,0,,,https://careers.toasttab.com/jobs?gh_jid=7845688
2026-08-18,TOST,Toast,Principal Software Engineer,R & D : Engineering : Team,"Dublin, Ireland",product_eng,staff_principal,0,9,1,application,,https://careers.toasttab.com/jobs?gh_jid=8079612
2026-08-18,TOST,Toast,Principal Software Engineer - AI Foundations,R & D : Cloud Service Infra : AI Foundations,"Dublin, Ireland",product_eng,staff_principal,1,11,1,application|buzz|data_ml_ops,,https://careers.toasttab.com/jobs?gh_jid=7835829
2026-08-18,TOST,Toast,"Principal Software Engineer, Configuration Platform ",R & D : Engineering : Commerce,"Remote, US ",product_eng,staff_principal,0,0,0,,274000,https://careers.toasttab.com/jobs?gh_jid=8103307
2026-08-18,TOST,Toast,"Principal Software Engineer, Data Platform",R & D : Engineering : Commerce,"Dublin, Ireland",product_eng,staff_principal,0,2,0,data_ml_ops,,https://careers.toasttab.com/jobs?gh_jid=8048737
2026-08-18,TOST,Toast,"Principal Technical Program Manager, Toast IQ",R & D : Product : Customer Experience Platform,"Remote, US ",other,staff_principal,0,6,1,application,216000,https://careers.toasttab.com/jobs?gh_jid=8054004
2026-08-18,TOST,Toast,Procurement Process Manager,G & A : Finance Procurement & Strategic Sourcing,Chennai,other,mid,0,3,1,application,,https://careers.toasttab.com/jobs?gh_jid=8069747
2026-08-18,TOST,Toast,Program Manager - Fintech Payments,Sales : Fintech Strategic Alliances & Program Management,"Dublin, Ireland",other,mid,0,0,0,,,https://careers.toasttab.com/jobs?gh_jid=7960454
2026-08-18,TOST,Toast,Regional Hotel Enterprise Account Executive,Sales : Enterprise Hotels,"Boston, MA",demand_validated,mid,0,0,0,,258000,https://careers.toasttab.com/jobs?gh_jid=8122901
2026-08-18,TOST,Toast,"Regional Vice President, Retail Field Sales - Pacific Coast ",Sales : Retail Sales Management,"San Francisco, CA",nontech,exec,0,0,0,,198000,https://careers.toasttab.com/jobs?gh_jid=7641753
2026-08-18,TOST,Toast,Restaurant Accounting Lead,Customer Success : Customer Care : Supplier & Accounting,"Boston, MA",nontech,senior,0,0,0,,102500,https://careers.toasttab.com/jobs?gh_jid=8126429
2026-08-18,TOST,Toast,"Retail Account Executive (Calgary, AB)",Sales : International Retail,"Calgary, Alberta, Canada",demand_validated,mid,0,0,0,,165000,https://careers.toasttab.com/jobs?gh_jid=7982315
2026-08-18,TOST,Toast,Retail Sales District Manager,Sales : Retail Sales Management,"Toronto, Canada ",nontech,mid,0,0,0,,260000,https://careers.toasttab.com/jobs?gh_jid=8025810
2026-08-18,TOST,Toast,Risk Analyst - Strategy & Capabilities,G & A : Fintech Risk,Bangalore,other,mid,0,0,0,,,https://careers.toasttab.com/jobs?gh_jid=8078687
2026-08-18,TOST,Toast,Sales Account Executive ( Field ) ,Sales : International,"London, UK",demand_validated,mid,0,0,0,,,https://careers.toasttab.com/jobs?gh_jid=8038726
2026-08-18,TOST,Toast,"Seattle, WA Strategic Cuisines District Sales Manager (Mandarin Speaking) ",Sales : Strategic Cuisines Sales Management,"Seattle, WA",nontech,mid,0,0,0,,274500,https://careers.toasttab.com/jobs?gh_jid=8129991
2026-08-18,TOST,Toast,"Senior Android Engineer, International",R & D : Engineering : International,"Dublin, Ireland",product_eng,intern,0,0,0,,,https://careers.toasttab.com/jobs?gh_jid=8012759
2026-08-18,TOST,Toast,Senior Customer Care Tech Specialist,Customer Success : Customer Care : POS,"Bengaluru, Karnataka, India",other,senior,0,0,0,,,https://careers.toasttab.com/jobs?gh_jid=8103428
2026-08-18,TOST,Toast,"Senior Director, Revenue Accounting",G & A : Finance Revenue Accounting,"San Francisco, California, United States",nontech,director,0,0,0,,291000,https://careers.toasttab.com/jobs?gh_jid=8081588
2026-08-18,TOST,Toast,"Senior Director, Revenue Accounting",G & A : Finance Revenue Accounting,"New York, New York, United States",nontech,director,0,0,0,,291000,https://careers.toasttab.com/jobs?gh_jid=8069625
2026-08-18,TOST,Toast,"Senior Director, Revenue Accounting",G & A : Finance Revenue Accounting,"Boston, Massachusetts, United States",nontech,director,0,0,0,,253500,https://careers.toasttab.com/jobs?gh_jid=8081585
2026-08-18,TOST,Toast,"Senior Full Stack Engineer, Web & Ecommerce",Marketing : Web & eComm,Remote,product_eng,senior,0,0,0,,134500,https://careers.toasttab.com/jobs?gh_jid=8077263
2026-08-18,TOST,Toast,"Senior Manager, Customer Success Data and Analytics Engineering",Customer Success : Customer Success Operations : Customer Success Data,"Boston, MA",demand_validated,senior,0,3,1,application,219500,https://careers.toasttab.com/jobs?gh_jid=7951246
2026-08-18,TOST,Toast,"Senior Manager, GTM Sales Engineer & AI solutions",Sales : Retail Sales Enablement,Remote,demand_validated,senior,1,15,1,application|buzz|general_medium,205000,https://careers.toasttab.com/jobs?gh_jid=8029612
2026-08-18,TOST,Toast,"Senior Manager, International Partnerships ",Marketing : International,"Sydney, Australia",other,intern,0,0,0,,,https://careers.toasttab.com/jobs?gh_jid=8079451
2026-08-18,TOST,Toast,"Senior Principal Software Engineer, GTM",R & D : Engineering : Customer Experience Platform,"Remote, US",product_eng,staff_principal,0,1,0,buzz,320000,https://careers.toasttab.com/jobs?gh_jid=7791610
2026-08-18,TOST,Toast,"Senior Principal Software Engineer, Machine Learning",R & D : Foundations : AI,"Remote, US",product_eng,staff_principal,1,16,1,application|buzz|data_ml_ops|general_medium|model_infra,337500,https://careers.toasttab.com/jobs?gh_jid=8054326
2026-08-18,TOST,Toast,"Senior Product Manager, Toast Now",R & D : Product : Commerce,"Remote, US",product_eng,senior,0,0,0,,189500,https://careers.toasttab.com/jobs?gh_jid=7979861
2026-08-18,TOST,Toast,Senior ServiceNow Engineer,G & A : BTT : IT Operations,Bangalore,product_eng,senior,0,0,0,,,https://careers.toasttab.com/jobs?gh_jid=8044874
2026-08-18,TOST,Toast,Senior Software Engineer,R & D : Engineering : Commerce,"Dublin, Ireland",product_eng,senior,0,0,0,,,https://careers.toasttab.com/jobs?gh_jid=8104971
2026-08-18,TOST,Toast,Senior Software Engineer - AI Pod,R & D : Cloud Service Infra : AI Foundations,"Dublin, Ireland",product_eng,senior,1,18,1,application|buzz|data_ml_ops,,https://careers.toasttab.com/jobs?gh_jid=7982262
2026-08-18,TOST,Toast,"Senior Software Engineer, Analytics & Search (OLAP Platform)",R & D : Engineering : Commerce,"Dublin, Ireland",product_eng,senior,0,6,1,application,,https://careers.toasttab.com/jobs?gh_jid=8129966
2026-08-18,TOST,Toast,"Senior Software Engineer, Android",R & D : Engineering : Delphi,"California, USA",product_eng,senior,0,0,0,,179500,https://careers.toasttab.com/jobs?gh_jid=7550881
2026-08-18,TOST,Toast,"Senior Software Engineer, Care Experience",R & D : Engineering : Customer Experience Platform,"Remote, US",product_eng,senior,0,0,0,,,https://careers.toasttab.com/jobs?gh_jid=7590046
2026-08-18,TOST,Toast,"Senior Software Engineer, Enterprise",R & D : Engineering : Enterprise,"Remote, Canada",product_eng,senior,0,0,0,,140000,https://careers.toasttab.com/jobs?gh_jid=7587088
2026-08-18,TOST,Toast,"Senior Software Engineer (Fullstack), Digital Storefront",R & D : Product : Guest,"Remote, US",product_eng,senior,0,0,0,,189500,https://careers.toasttab.com/jobs?gh_jid=7819344
2026-08-18,TOST,Toast,"Senior Software Engineer, IAM",R & D : Engineering : Enterprise,"Dublin, Ireland",product_eng,senior,0,0,0,,,https://careers.toasttab.com/jobs?gh_jid=8099127
2026-08-18,TOST,Toast,Senior Software Engineer - Infrastructure,R & D : Cloud Service Infra : Platform Infrastructure,"Dublin, Ireland",product_eng,senior,0,0,0,,,https://careers.toasttab.com/jobs?gh_jid=7773180
2026-08-18,TOST,Toast,Senior Software  Engineer – (Java Full Stack),R & D : Engineering : Supplier & Accounting,Chennai,product_eng,senior,0,0,0,,,https://careers.toasttab.com/jobs?gh_jid=8022865
2026-08-18,TOST,Toast,"Senior Software Engineer, Retail Grocery",R & D : Engineering : Retail,"Remote, US",product_eng,senior,0,0,0,,189500,https://careers.toasttab.com/jobs?gh_jid=8065545
2026-08-18,TOST,Toast,"Senior Software Engineer, Scheduling ",R & D : Engineering : Team,"Toronto, Canada",product_eng,senior,0,0,0,,150000,https://careers.toasttab.com/jobs?gh_jid=7861725
2026-08-18,TOST,Toast,Senior Software Engineer - Technical Operations,R & D : Cloud Service Infra : Infrastructure Services,"Dublin, Ireland",product_eng,senior,0,6,1,application,,https://careers.toasttab.com/jobs?gh_jid=8099334
2026-08-18,TOST,Toast,Senior Solutions Consultant,Sales : Enterprise Solutions,Remote,other,senior,0,0,0,,169000,https://careers.toasttab.com/jobs?gh_jid=8097746
2026-08-18,TOST,Toast,"Senior/Staff Software Engineer, Care Experience",R & D : Engineering : Guest,"Toronto, ON",product_eng,staff_principal,0,0,0,,150000,https://careers.toasttab.com/jobs?gh_jid=7888090
2026-08-18,TOST,Toast,"Software Engineer, Orders API",R & D : Engineering : Commerce,"Boston, MA",product_eng,mid,0,0,0,,158500,https://careers.toasttab.com/jobs?gh_jid=8039434
2026-08-18,TOST,Toast,Staff Data Scientist,R & D : Engineering : Commerce,Canada,product_eng,staff_principal,0,27,1,application|buzz|data_ml_ops|general_medium|model_infra,165000,https://careers.toasttab.com/jobs?gh_jid=8052293
2026-08-18,TOST,Toast,Staff Data Scientist,R & D : Engineering : Commerce,"Remote, USA",product_eng,staff_principal,0,27,1,application|buzz|data_ml_ops|general_medium|model_infra,202500,https://careers.toasttab.com/jobs?gh_jid=8029049
2026-08-18,TOST,Toast,Staff Salesforce DevOps Engineer,"R & D : BTT : Finance, Orders & Subscriptions Engineering","Remote, USA",product_eng,staff_principal,0,1,0,buzz,185000,https://careers.toasttab.com/jobs?gh_jid=8092864
2026-08-18,TOST,Toast,Staff Software Engineer,R & D : Engineering : Payments,"Bangalore, india",product_eng,staff_principal,0,0,0,,,https://careers.toasttab.com/jobs?gh_jid=8045807
2026-08-18,TOST,Toast,Staff Software Engineer,R & D : Engineering : International,"Bengaluru, Karnataka, India",product_eng,staff_principal,0,0,0,,,https://careers.toasttab.com/jobs?gh_jid=7765503
2026-08-18,TOST,Toast,"Staff Software Engineer, AI Agent",R & D : Engineering : Team,Dublin,product_eng,staff_principal,1,9,1,application,,https://careers.toasttab.com/jobs?gh_jid=7742525
2026-08-18,TOST,Toast,"Staff Software Engineer, AI Pod ",R & D : Cloud Service Infra : AI Foundations,"Dublin, Ireland ",product_eng,staff_principal,1,18,1,application|buzz|data_ml_ops,,https://careers.toasttab.com/jobs?gh_jid=7838652
2026-08-18,TOST,Toast,"Staff Software Engineer, Android",R & D : Engineering : Delphi,Remote USA ,product_eng,staff_principal,0,0,0,,230000,https://careers.toasttab.com/jobs?gh_jid=7735338
2026-08-18,TOST,Toast,Staff Software Engineer- Backend,R & D : Engineering : Payments,"Dublin, Ireland",product_eng,staff_principal,0,6,1,application,,https://careers.toasttab.com/jobs?gh_jid=7985119
2026-08-18,TOST,Toast,"Staff Software Engineer, Backend ",R & D : Engineering : Hardware Device Software,"Remote, US ",product_eng,staff_principal,0,0,0,,230000,https://careers.toasttab.com/jobs?gh_jid=8046934
2026-08-18,TOST,Toast,"Staff Software Engineer, Catering & Events",R & D : Engineering : Retail,"Remote, US",product_eng,staff_principal,0,0,0,,230000,https://careers.toasttab.com/jobs?gh_jid=8083274
2026-08-18,TOST,Toast,Staff Software Engineer- FinTech,R & D : Engineering : Payments,Dublin,product_eng,staff_principal,0,6,1,application,,https://careers.toasttab.com/jobs?gh_jid=7760960
2026-08-18,TOST,Toast,Staff Software Engineer (Full Stack) - Guest ,R & D : Engineering : Guest,"Bengaluru, Karnataka ,India",product_eng,staff_principal,0,1,0,buzz,,https://careers.toasttab.com/jobs?gh_jid=7452007
2026-08-18,TOST,Toast,"Staff Software Engineer, Team Agent",R & D : Engineering : Team,Dublin,product_eng,staff_principal,0,9,1,application,,https://careers.toasttab.com/jobs?gh_jid=7846611
2026-08-18,TOST,Toast,"Staff Software Engineer, Tech Lead ",R & D : Engineering : Commerce,"Remote, US ",product_eng,staff_principal,0,0,0,,230000,https://careers.toasttab.com/jobs?gh_jid=8038159
2026-08-18,TOST,Toast,"Staff Software Engineer, Voice AI Platform",R & D : Engineering : Commerce,"Remote, US",product_eng,staff_principal,1,7,1,application|buzz,230000,https://careers.toasttab.com/jobs?gh_jid=8131117
2026-08-18,TOST,Toast,Strategic Cuisines Account Executive - Bilingual Spanish - Fresno CA,Sales : Strategic Cuisines Sales AEs,"Fresno, CA",demand_validated,mid,0,0,0,,176000,https://careers.toasttab.com/jobs?gh_jid=8099066
2026-08-18,TOST,Toast,"Strategic Cuisines Account Executive, Spanish - Central, CA",Sales : Strategic Cuisines Sales AEs,"San Luis Obispo, CA",demand_validated,mid,0,0,0,,176000,https://careers.toasttab.com/jobs?gh_jid=8122281
2026-08-18,TOST,Toast,"Strategic Cuisines Account Executive - Spanish - Central Valley, CA",Sales : Strategic Cuisines Sales AEs,"Monterey, CA",demand_validated,mid,0,0,0,,176000,https://careers.toasttab.com/jobs?gh_jid=8129211
2026-08-18,TOST,Toast,"Strategic Cuisines Account Executive - Spanish - Santa Rosa, CA",Sales : Strategic Cuisines Sales AEs,"Santa Rosa, CA",demand_validated,mid,0,0,0,,176000,https://careers.toasttab.com/jobs?gh_jid=8129217
2026-08-18,TOST,Toast,"Strategic Cuisines Account Executive - Spanish - Tri-Valley, CA",Sales : Strategic Cuisines Sales AEs,"Livermore, CA",demand_validated,mid,0,0,0,,176000,https://careers.toasttab.com/jobs?gh_jid=8129221
2026-08-18,TOST,Toast,"Strategic Cuisines Flex Account Executive, Korean - West Coast",Sales : Strategic Cuisines Sales AEs,"Los Angeles, CA",demand_validated,mid,0,0,0,,176000,https://careers.toasttab.com/jobs?gh_jid=8096822
2026-08-18,TOST,Toast,"Strategic Cuisines Flex Account Executive, Mandarin - Central",Sales : Strategic Cuisines Sales AEs,"Chicago, IL",demand_validated,mid,0,0,0,,176000,https://careers.toasttab.com/jobs?gh_jid=8106806
2026-08-18,TOST,Toast,"Strategic Cuisines Flex Account Executive, Mandarin - Florida",Sales : Strategic Cuisines Sales AEs,"Orlando, FL",demand_validated,mid,0,0,0,,176000,https://careers.toasttab.com/jobs?gh_jid=8106808
2026-08-18,TOST,Toast,"Strategic Cuisines Flex Account Executive, Mandarin - Florida",Sales : Strategic Cuisines Sales AEs,"Fort Lauderdale, FL",demand_validated,mid,0,0,0,,176000,https://careers.toasttab.com/jobs?gh_jid=8130801
2026-08-18,TOST,Toast,"Strategic Cuisines Flex Account Executive, Vietnamese - West Coast",Sales : Strategic Cuisines Sales AEs,"Los Angeles, CA",demand_validated,mid,0,0,0,,176000,https://careers.toasttab.com/jobs?gh_jid=8096834
2026-08-18,TOST,Toast,Strategic Cuisines - Korean AE (Central),Sales : Strategic Cuisines Sales AEs,"Chicago, IL",other,mid,0,0,0,,176000,https://careers.toasttab.com/jobs?gh_jid=8106800
2026-08-18,TOST,Toast,Strategic Cuisines - Korean AE (Central),Sales : Strategic Cuisines Sales AEs,"Atlanta, GA",other,mid,0,0,0,,176000,https://careers.toasttab.com/jobs?gh_jid=8110298
2026-08-18,TOST,Toast,"Strategic Finance Manager, Go-To-Market",G & A : Strategic Finance,San Francisco,nontech,mid,0,1,0,buzz,186000,https://careers.toasttab.com/jobs?gh_jid=7931720
2026-08-18,TOST,Toast,"Strategic Finance Manager, Go-To-Market",G & A : Strategic Finance,Boston,nontech,mid,0,1,0,buzz,162500,https://careers.toasttab.com/jobs?gh_jid=7917362
2026-08-18,TOST,Toast,"Strategic Finance Manager, Go-To-Market",G & A : Strategic Finance,New York City,nontech,mid,0,1,0,buzz,186000,https://careers.toasttab.com/jobs?gh_jid=7931717
2026-08-18,TOST,Toast,Strategic Finance Senior Associate ,G & A : Strategic Finance,San Francisco,nontech,senior,0,0,0,,152000,https://careers.toasttab.com/jobs?gh_jid=8105851
2026-08-18,TOST,Toast,Strategic Finance Senior Associate ,G & A : Strategic Finance,Boston,nontech,senior,0,0,0,,132500,https://careers.toasttab.com/jobs?gh_jid=8083373
2026-08-18,TOST,Toast,Strategic Finance Senior Associate ,G & A : Strategic Finance,New York City,nontech,senior,0,0,0,,152000,https://careers.toasttab.com/jobs?gh_jid=8105852
2026-08-18,TOST,Toast,"Strategic Markets Account Executive, SMB - Richmond, CA",Sales : SMB Field Sales AEs,"Richmond, CA",demand_validated,mid,0,0,0,,176000,https://careers.toasttab.com/jobs?gh_jid=8125697
2026-08-18,TOST,Toast,Territory Account Executive,Sales : International,"Manchester, UK",demand_validated,mid,0,0,0,,,https://careers.toasttab.com/jobs?gh_jid=7989239
2026-08-18,TOST,Toast,Territory Account Executive- Brampton/Mississauga,Sales : International,"Mississauga, Ontario, Canada",demand_validated,mid,0,0,0,,170500,https://careers.toasttab.com/jobs?gh_jid=8096162
2026-08-18,TOST,Toast,Territory Account Executive- East Ottawa,Sales : International,"Ottawa, Ontario, Canada",demand_validated,mid,0,0,0,,170500,https://careers.toasttab.com/jobs?gh_jid=8088329
2026-08-18,TOST,Toast,Territory Account Executive-Melbourne,Sales : International : Horizon 2,"Melbourne, Australia",demand_validated,mid,0,0,0,,,https://careers.toasttab.com/jobs?gh_jid=8122273
2026-08-18,TOST,Toast,Territory Account Executive-Oakville/Burlington,Sales : International,"Oakville, Ontario, Canada",demand_validated,mid,0,0,0,,170500,https://careers.toasttab.com/jobs?gh_jid=8102936
2026-08-18,TOST,Toast,"Territory Account Executive, Retail - Alaska",Sales : Retail Sales AEs,Alaska,demand_validated,mid,0,0,0,,150000,https://careers.toasttab.com/jobs?gh_jid=8047274
2026-08-18,TOST,Toast,"Territory Account Executive , Retail - Appleton, WI		",Sales : Retail Sales AEs,"Appleton, WI",demand_validated,mid,0,0,0,,150000,https://careers.toasttab.com/jobs?gh_jid=8070333
2026-08-18,TOST,Toast,"Territory Account Executive, Retail - Arlington Heights, IL",Sales : Retail Sales AEs,"Arlington Heights, IL",demand_validated,mid,0,0,0,,166500,https://careers.toasttab.com/jobs?gh_jid=8036903
2026-08-18,TOST,Toast,"Territory Account Executive, Retail - Baltimore",Sales : Retail Sales AEs,"Baltimore, MD",demand_validated,mid,0,0,0,,166500,https://careers.toasttab.com/jobs?gh_jid=8047291
2026-08-18,TOST,Toast,"Territory Account Executive, Retail - Bellevue, WA",Sales : Retail Sales AEs,"Bellevue, WA",demand_validated,mid,0,0,0,,192500,https://careers.toasttab.com/jobs?gh_jid=7507105
2026-08-18,TOST,Toast,"Territory Account Executive, Retail - Bentonville/Ft. Smith",Sales : Retail Sales AEs,"Bentonville, AR",demand_validated,mid,0,0,0,,150000,https://careers.toasttab.com/jobs?gh_jid=8067483
2026-08-18,TOST,Toast,"Territory Account Executive, Retail - Birmingham, AL",Sales : Retail Sales AEs,"Birmingham, AL",demand_validated,mid,0,0,0,,150000,https://careers.toasttab.com/jobs?gh_jid=8008575
2026-08-18,TOST,Toast,"Territory Account Executive, Retail - Brighton Beach, NY",Sales : Retail Sales AEs,"Brighton Beach, NY",demand_validated,mid,0,0,0,,192500,https://careers.toasttab.com/jobs?gh_jid=7843764
2026-08-18,TOST,Toast,"Territory Account Executive, Retail - Bronx, NY",Sales : Retail Sales AEs,"Bronx, NY",demand_validated,mid,0,0,0,,192500,https://careers.toasttab.com/jobs?gh_jid=7842808
2026-08-18,TOST,Toast,"Territory Account Executive, Retail - Burlington, VT",Sales : Retail Sales Management,"Burlington, VT",demand_validated,mid,0,0,0,,150000,https://careers.toasttab.com/jobs?gh_jid=7575004
2026-08-18,TOST,Toast,"Territory Account Executive, Retail - Cambridge/Somerville",Sales : Retail Sales AEs,"Cambridge, MA",demand_validated,mid,0,0,0,,166500,https://careers.toasttab.com/jobs?gh_jid=8047408
2026-08-18,TOST,Toast,"Territory Account Executive, Retail - Cambridge/Somerville",Sales : Retail Sales AEs,"Boston, MA",demand_validated,mid,0,0,0,,166500,https://careers.toasttab.com/jobs?gh_jid=8047293
2026-08-18,TOST,Toast,"Territory Account Executive, Retail - Cambridge/Somerville",Sales : Retail Sales AEs,"Salem, MA",demand_validated,mid,0,0,0,,166500,https://careers.toasttab.com/jobs?gh_jid=8047409
2026-08-18,TOST,Toast,"Territory Account Executive, Retail - Canton, OH",Sales : Retail Sales AEs,"Canton, OH",demand_validated,mid,0,0,0,,150000,https://careers.toasttab.com/jobs?gh_jid=8055258
2026-08-18,TOST,Toast,"Territory Account Executive, Retail  - Carmel, IN",Sales : Retail Sales AEs,"Carmel, IN",demand_validated,mid,0,0,0,,150000,https://careers.toasttab.com/jobs?gh_jid=8119854
2026-08-18,TOST,Toast,"Territory Account Executive, Retail - Cheyenne, WY",Sales : Retail Sales AEs,"Cheyenne, WY",demand_validated,mid,0,0,0,,150000,https://careers.toasttab.com/jobs?gh_jid=7812881
2026-08-18,TOST,Toast,"Territory Account Executive, Retail - Columbus, GA",Sales : Retail Sales AEs,"Columbus, GA",demand_validated,mid,0,0,0,,150000,https://careers.toasttab.com/jobs?gh_jid=7473660
2026-08-18,TOST,Toast,"Territory Account Executive, Retail - Columbus North ",Sales : Retail Sales AEs,"Columbus, OH",demand_validated,mid,0,0,0,,150000,https://careers.toasttab.com/jobs?gh_jid=8052380
2026-08-18,TOST,Toast,"Territory Account Executive, Retail - Columbus North ",Sales : Retail Sales AEs,"Westerville, OH",demand_validated,mid,0,0,0,,150000,https://careers.toasttab.com/jobs?gh_jid=8067601
2026-08-18,TOST,Toast,"Territory Account Executive, Retail - Columbus North ",Sales : Retail Sales AEs,"Dublin, OH",demand_validated,mid,0,0,0,,150000,https://careers.toasttab.com/jobs?gh_jid=8052453
2026-08-18,TOST,Toast,"Territory Account Executive, Retail - Columbus North ",Sales : Retail Sales AEs,"Newark, OH",demand_validated,mid,0,0,0,,150000,https://careers.toasttab.com/jobs?gh_jid=8067599
2026-08-18,TOST,Toast,"Territory Account Executive, Retail - Coney Island, NY",Sales : Retail Sales AEs,"Coney Island, NY",demand_validated,mid,0,0,0,,192500,https://careers.toasttab.com/jobs?gh_jid=7838921
2026-08-18,TOST,Toast,"Territory Account Executive , Retail - Conway, SC",Sales : Retail Sales AEs,"Conway, SC",demand_validated,mid,0,0,0,,150000,https://careers.toasttab.com/jobs?gh_jid=8060765
2026-08-18,TOST,Toast,"Territory Account Executive , Retail - Covington, GA",Sales : Retail Sales AEs,"Covington, GA",demand_validated,mid,0,0,0,,150000,https://careers.toasttab.com/jobs?gh_jid=8118757
2026-08-18,TOST,Toast,"Territory Account Executive , Retail - Decatur, GA",Sales : Retail Sales AEs,"Decatur, GA",demand_validated,mid,0,0,0,,150000,https://careers.toasttab.com/jobs?gh_jid=8109795
2026-08-18,TOST,Toast,"Territory Account Executive, Retail - Des Plaines, IL",Sales : Retail Sales AEs,"Des Plaines, IL",demand_validated,mid,0,0,0,,166500,https://careers.toasttab.com/jobs?gh_jid=8036907
2026-08-18,TOST,Toast,"Territory Account Executive, Retail - Detroit, MI",Sales : Retail Sales AEs,"Detroit, Michigan",demand_validated,mid,0,0,0,,150000,https://careers.toasttab.com/jobs?gh_jid=8049264
2026-08-18,TOST,Toast,"Territory Account Executive, Retail - Downers Grove, IL",Sales : Retail Sales AEs,"Downers Grove, IL",demand_validated,mid,0,0,0,,166500,https://careers.toasttab.com/jobs?gh_jid=7843880
2026-08-18,TOST,Toast,"Territory Account Executive, Retail - East Cleveland",Sales : Retail Sales AEs,"Cleveland, OH",demand_validated,mid,0,0,0,,150000,https://careers.toasttab.com/jobs?gh_jid=8055259
2026-08-18,TOST,Toast,"Territory Account Executive, Retail - Elmhurst, IL",Sales : Retail Sales AEs,"Elmhurst, IL",demand_validated,mid,0,0,0,,166500,https://careers.toasttab.com/jobs?gh_jid=7838923
2026-08-18,TOST,Toast,"Territory Account Executive, Retail - El Paso (Spanish/Bilingual)",Sales : Retail Sales AEs,"El Paso, TX",demand_validated,mid,0,0,0,,150000,https://careers.toasttab.com/jobs?gh_jid=8047287
2026-08-18,TOST,Toast,"Territory Account Executive, Retail - Erie, PA",Sales : Retail Sales AEs,"Erie, PA",demand_validated,mid,0,0,0,,166500,https://careers.toasttab.com/jobs?gh_jid=8094584
2026-08-18,TOST,Toast,"Territory Account Executive, Retail - Fairfield/Bridgeport/Danbury",Sales : Retail Sales AEs,"Fairfield, Connecticut",demand_validated,mid,0,0,0,,166500,https://careers.toasttab.com/jobs?gh_jid=7576807
2026-08-18,TOST,Toast,"Territory Account Executive, Retail - Fort Collins, CO",Sales : Retail Sales AEs,"Fort Collins, CO",demand_validated,mid,0,0,0,,166500,https://careers.toasttab.com/jobs?gh_jid=7901920
2026-08-18,TOST,Toast,"Territory Account Executive, Retail - Fort Worth",Sales : Retail Sales AEs,"Mansfield, TX",demand_validated,mid,0,0,0,,150000,https://careers.toasttab.com/jobs?gh_jid=7826544
2026-08-18,TOST,Toast,"Territory Account Executive, Retail - Fort Worth",Sales : Retail Sales AEs,"Colleyville, TX ",demand_validated,mid,0,0,0,,150000,https://careers.toasttab.com/jobs?gh_jid=7826547
2026-08-18,TOST,Toast,"Territory Account Executive, Retail - Fort Worth",Sales : Retail Sales AEs,"Arlington, TX ",demand_validated,mid,0,0,0,,150000,https://careers.toasttab.com/jobs?gh_jid=7826529
2026-08-18,TOST,Toast,"Territory Account Executive, Retail - Fort Worth",Sales : Retail Sales AEs,Fort Worth TX,demand_validated,mid,0,0,0,,150000,https://careers.toasttab.com/jobs?gh_jid=7815811
2026-08-18,TOST,Toast,"Territory Account Executive, Retail - Fort Worth",Sales : Retail Sales AEs,"Weatherford, TX ",demand_validated,mid,0,0,0,,150000,https://careers.toasttab.com/jobs?gh_jid=7826532
2026-08-18,TOST,Toast,"Territory Account Executive, Retail - Garden City, NY",Sales : Retail Sales AEs,"Garden City, NY",demand_validated,mid,0,0,0,,192500,https://careers.toasttab.com/jobs?gh_jid=7843098
2026-08-18,TOST,Toast,"Territory Account Executive, Retail - Greeley, CO",Sales : Retail Sales AEs,"Greeley, CO",demand_validated,mid,0,0,0,,166500,https://careers.toasttab.com/jobs?gh_jid=7812883
2026-08-18,TOST,Toast,"Territory Account Executive , Retail - Green Bay, WI		",Sales : Retail Sales AEs,"Green Bay, WI",demand_validated,mid,0,0,0,,150000,https://careers.toasttab.com/jobs?gh_jid=8049007
2026-08-18,TOST,Toast,"Territory Account Executive, Retail - Hempstead, NY",Sales : Retail Sales AEs,"Hempstead, NY",demand_validated,mid,0,0,0,,192500,https://careers.toasttab.com/jobs?gh_jid=7838917
2026-08-18,TOST,Toast,"Territory Account Executive, Retail - Hoover, AL",Sales : Retail Sales AEs,"Hoover, AL",demand_validated,mid,0,0,0,,150000,https://careers.toasttab.com/jobs?gh_jid=8036938
2026-08-18,TOST,Toast,"Territory Account Executive, Retail - Huntsville, AL",Sales : Retail Sales AEs,"Huntsville, AL",demand_validated,mid,0,0,0,,150000,https://careers.toasttab.com/jobs?gh_jid=7838947
2026-08-18,TOST,Toast,"Territory Account Executive, Retail- Indianapolis, IN",Sales : Retail Sales AEs,"Indianapolis, IN",demand_validated,mid,0,0,0,,150000,https://careers.toasttab.com/jobs?gh_jid=8031017
2026-08-18,TOST,Toast,"Territory Account Executive, Retail- Jeffersonville, IN",Sales : Retail Sales AEs,"Jeffersonville, IN",demand_validated,mid,0,0,0,,150000,https://careers.toasttab.com/jobs?gh_jid=8125655
2026-08-18,TOST,Toast,"Territory Account Executive, Retail - Kansas City East",Sales : Retail Sales AEs,"Kansas City, MO",demand_validated,mid,0,0,0,,150000,https://careers.toasttab.com/jobs?gh_jid=8053761
2026-08-18,TOST,Toast,"Territory Account Executive, Retail - Lafayette, IN",Sales : Retail Sales AEs,"Lafayette, IN",demand_validated,mid,0,0,0,,150000,https://careers.toasttab.com/jobs?gh_jid=8125778
2026-08-18,TOST,Toast,"Territory Account Executive, Retail - Levittown, NY",Sales : Retail Sales AEs,"Levittown, NY",demand_validated,mid,0,0,0,,192500,https://careers.toasttab.com/jobs?gh_jid=7843109
2026-08-18,TOST,Toast,"Territory Account Executive, Retail- Louisville, KY",Sales : Retail Sales AEs,"Louisville, KY",demand_validated,mid,0,0,0,,150000,https://careers.toasttab.com/jobs?gh_jid=8125515
2026-08-18,TOST,Toast,"Territory Account Executive, Retail - Loveland, CO",Sales : Retail Sales AEs,"Loveland, CO",demand_validated,mid,0,0,0,,166500,https://careers.toasttab.com/jobs?gh_jid=7812884
2026-08-18,TOST,Toast,"Territory Account Executive, Retail - Middlebury, VT",Sales : Retail Sales Management,"Middlebury, VT ",demand_validated,mid,0,0,0,,150000,https://careers.toasttab.com/jobs?gh_jid=7658165
2026-08-18,TOST,Toast,"Territory Account Executive , Retail - Minneapolis, MN",Sales : Retail Sales AEs,"Minneapolis, MN",demand_validated,mid,0,0,0,,150000,https://careers.toasttab.com/jobs?gh_jid=8065333
2026-08-18,TOST,Toast,"Territory Account Executive, Retail - Montgomery, AL",Sales : Retail Sales AEs,"Montgomery, AL",demand_validated,mid,0,0,0,,150000,https://careers.toasttab.com/jobs?gh_jid=7473217
2026-08-18,TOST,Toast,"Territory Account Executive, Retail - Mountain Brook, AL",Sales : Retail Sales AEs,"Mountain Brook, AL",demand_validated,mid,0,0,0,,150000,https://careers.toasttab.com/jobs?gh_jid=8036935
2026-08-18,TOST,Toast,"Territory Account Executive, Retail - Mount Prospect, IL",Sales : Retail Sales AEs,"Mount Prospect, IL",demand_validated,mid,0,0,0,,166500,https://careers.toasttab.com/jobs?gh_jid=8036894
2026-08-18,TOST,Toast,"Territory Account Executive , Retail - Myrtle Beach, SC",Sales : Retail Sales AEs,"Myrtle Beach, SC",demand_validated,mid,0,0,0,,150000,https://careers.toasttab.com/jobs?gh_jid=8047272
2026-08-18,TOST,Toast,"Territory Account Executive, Retail - Nashville: East",Sales : Retail Sales AEs,"Nashville, TN",demand_validated,mid,0,0,0,,150000,https://careers.toasttab.com/jobs?gh_jid=8026391
2026-08-18,TOST,Toast,"Territory Account Executive, Retail- New Albany, IN",Sales : Retail Sales AEs,"New Albany, IN",demand_validated,mid,0,0,0,,150000,https://careers.toasttab.com/jobs?gh_jid=8125653
2026-08-18,TOST,Toast,"Territory Account Executive, Retail - Newark, NJ",Sales : Retail Sales AEs,"Newark, NJ",demand_validated,mid,0,0,0,,192500,https://careers.toasttab.com/jobs?gh_jid=8047015
2026-08-18,TOST,Toast,"Territory Account Executive, Retail - New Haven, CT",Sales : Retail Sales AEs,"New Haven, CT ",demand_validated,mid,0,0,0,,166500,https://careers.toasttab.com/jobs?gh_jid=7536201
2026-08-18,TOST,Toast,"Territory Account Executive, Retail - North Evanston, IL",Sales : Retail Sales AEs,"Evanston, IL",demand_validated,mid,0,0,0,,166500,https://careers.toasttab.com/jobs?gh_jid=8031032
2026-08-18,TOST,Toast,"Territory Account Executive, Retail - North Jacksonville, FL",Sales : Retail Sales AEs,"Jacksonville, FL",demand_validated,mid,0,0,0,,150000,https://careers.toasttab.com/jobs?gh_jid=7822496
2026-08-18,TOST,Toast,"Territory Account Executive , Retail - North Myrtle Beach, SC",Sales : Retail Sales AEs,"North Myrtle Beach, SC",demand_validated,mid,0,0,0,,150000,https://careers.toasttab.com/jobs?gh_jid=8060766
2026-08-18,TOST,Toast,"Territory Account Executive, Retail - Oak Brook, IL",Sales : Retail Sales AEs,"Oak Brook, IL",demand_validated,mid,0,0,0,,166500,https://careers.toasttab.com/jobs?gh_jid=7843849
2026-08-18,TOST,Toast,"Territory Account Executive , Retail - Oshkosh, WI	",Sales : Retail Sales AEs,"Oshkosh, WI",demand_validated,mid,0,0,0,,150000,https://careers.toasttab.com/jobs?gh_jid=8070328
2026-08-18,TOST,Toast,"Territory Account Executive, Retail - Paterson, NJ",Sales : Retail Sales AEs,"Paterson, NJ",demand_validated,mid,0,0,0,,192500,https://careers.toasttab.com/jobs?gh_jid=7982317
2026-08-18,TOST,Toast,"Territory Account Executive, Retail - Pensacola",Sales : Retail Sales AEs,"Pensacola, FL",demand_validated,mid,0,0,0,,150000,https://careers.toasttab.com/jobs?gh_jid=8055429
2026-08-18,TOST,Toast,"Territory Account Executive, Retail - Phenix City, AL",Sales : Retail Sales AEs,"Phenix City, AL",demand_validated,mid,0,0,0,,150000,https://careers.toasttab.com/jobs?gh_jid=8042228
2026-08-18,TOST,Toast,"Territory Account Executive, Retail - Prattville, AL",Sales : Retail Sales AEs,"Prattville, AL",demand_validated,mid,0,0,0,,150000,https://careers.toasttab.com/jobs?gh_jid=8042243
2026-08-18,TOST,Toast,"Territory Account Executive, Retail - Queens, NY",Sales : Retail Sales AEs,"Queens, NY",demand_validated,mid,0,0,0,,192500,https://careers.toasttab.com/jobs?gh_jid=7842772
2026-08-18,TOST,Toast,"Territory Account Executive , Retail - Rochester, MN",Sales : Retail Sales AEs,"Rochester, MN",demand_validated,mid,0,0,0,,150000,https://careers.toasttab.com/jobs?gh_jid=8049221
2026-08-18,TOST,Toast,"Territory Account Executive , Retail - Saint Paul, MN",Sales : Retail Sales AEs,"Saint Paul, MN",demand_validated,mid,0,0,0,,150000,https://careers.toasttab.com/jobs?gh_jid=8049237
2026-08-18,TOST,Toast,"Territory Account Executive, Retail - Salt Lake City",Sales : Retail Sales AEs,"Salt Lake City, UT",demand_validated,mid,0,0,0,,150000,https://careers.toasttab.com/jobs?gh_jid=7842769
2026-08-18,TOST,Toast,"Territory Account Executive, Retail - Savannah, GA",Sales : Retail Sales AEs,"Savannah, GA",demand_validated,mid,0,0,0,,150000,https://careers.toasttab.com/jobs?gh_jid=8015634
2026-08-18,TOST,Toast,"Territory Account Executive, Retail - Scranton",Sales : Retail Sales AEs,"Scranton, PA",demand_validated,mid,0,0,0,,166500,https://careers.toasttab.com/jobs?gh_jid=8049262
2026-08-18,TOST,Toast,"Territory Account Executive, Retail - Seattle, WA",Sales : Retail Sales AEs,"Seattle, WA",demand_validated,mid,0,0,0,,192500,https://careers.toasttab.com/jobs?gh_jid=7506371
2026-08-18,TOST,Toast,"Territory Account Executive, Retail - Sheepshead Bay, NY",Sales : Retail Sales AEs,"Sheepshead Bay, NY",demand_validated,mid,0,0,0,,192500,https://careers.toasttab.com/jobs?gh_jid=7843767
2026-08-18,TOST,Toast,"Territory Account Executive, Retail - Sioux Falls",Sales : Retail Sales AEs,"Sioux Falls, SD",demand_validated,mid,0,0,0,,150000,https://careers.toasttab.com/jobs?gh_jid=7930749
2026-08-18,TOST,Toast,"Territory Account Executive, Retail - South Texas (Spanish/Bilingual)",Sales : Retail Sales AEs,"Edinburg, TX",demand_validated,mid,0,0,0,,150000,https://careers.toasttab.com/jobs?gh_jid=7708045
2026-08-18,TOST,Toast,"Territory Account Executive, Retail - South Texas (Spanish/Bilingual)",Sales : Retail Sales AEs,"Harlingen, TX",demand_validated,mid,0,0,0,,150000,https://careers.toasttab.com/jobs?gh_jid=7769055
2026-08-18,TOST,Toast,"Territory Account Executive, Retail - South Texas (Spanish/Bilingual)",Sales : Retail Sales AEs,"Brownsville, TX",demand_validated,mid,0,0,0,,150000,https://careers.toasttab.com/jobs?gh_jid=7708046
2026-08-18,TOST,Toast,"Territory Account Executive, Retail - South Texas (Spanish/Bilingual)",Sales : Retail Sales AEs,"McAllen, TX",demand_validated,mid,0,0,0,,150000,https://careers.toasttab.com/jobs?gh_jid=7705800
2026-08-18,TOST,Toast,"Territory Account Executive, Retail - Southwest St. Louis, MO",Sales : Retail Sales AEs,"Columbia, MO",demand_validated,mid,0,0,0,,150000,https://careers.toasttab.com/jobs?gh_jid=7926519
2026-08-18,TOST,Toast,"Territory Account Executive, Retail - Southwest St. Louis, MO",Sales : Retail Sales AEs,"St. Charles, MO",demand_validated,mid,0,0,0,,150000,https://careers.toasttab.com/jobs?gh_jid=7736066
2026-08-18,TOST,Toast,"Territory Account Executive, Retail - Tallahassee ",Sales : Retail Sales AEs,"Tallahassee, FL ",demand_validated,mid,0,0,0,,150000,https://careers.toasttab.com/jobs?gh_jid=8048977
2026-08-18,TOST,Toast,"Territory Account Executive, Retail - Tulsa",Sales : Retail Sales AEs,"Tulsa, OK",demand_validated,mid,0,0,0,,150000,https://careers.toasttab.com/jobs?gh_jid=8010230
2026-08-18,TOST,Toast,"Territory Account Executive, Retail - Youngstown, OH",Sales : Retail Sales AEs,"Youngstown, OH",demand_validated,mid,0,0,0,,150000,https://careers.toasttab.com/jobs?gh_jid=8094585
2026-08-18,TOST,Toast,"Territory Account Executive, SMB",Sales : SMB Field Sales AEs,"Freemont, OH ",demand_validated,mid,0,0,0,,150000,https://careers.toasttab.com/jobs?gh_jid=8129930
2026-08-18,TOST,Toast,"Territory Account Executive, SMB",Sales : SMB Field Sales AEs,"Huron, OH",demand_validated,mid,0,0,0,,150000,https://careers.toasttab.com/jobs?gh_jid=8113237
2026-08-18,TOST,Toast,"Territory Account Executive, SMB",Sales : SMB Field Sales AEs,"Lorain, OH",demand_validated,mid,0,0,0,,150000,https://careers.toasttab.com/jobs?gh_jid=8129932
2026-08-18,TOST,Toast,"Territory Account Executive , SMB - Brandon , FL",Sales : SMB Field Sales AEs,"Brandon, FL ",demand_validated,mid,0,0,0,,150000,https://careers.toasttab.com/jobs?gh_jid=7861784
2026-08-18,TOST,Toast,"Territory Account Executive, SMB - Fredericksburg, VA",Sales : SMB Field Sales AEs,"Fredericksburg, VA",demand_validated,mid,0,0,0,,150000,https://careers.toasttab.com/jobs?gh_jid=8111787
2026-08-18,TOST,Toast,"Territory Account Executive, SMB - Greenville, NC",Sales : SMB Field Sales AEs,"Greenville, NC",demand_validated,mid,0,0,0,,150000,https://careers.toasttab.com/jobs?gh_jid=8046283
2026-08-18,TOST,Toast,"Territory Account Executive, SMB - Jacksonville/Fernandina Beach, FL",Sales : SMB Field Sales AEs,"Jacksonville, FL ",demand_validated,mid,0,0,0,,150000,https://careers.toasttab.com/jobs?gh_jid=7781065
2026-08-18,TOST,Toast,"Territory Account Executive , SMB - Lancaster, PA ",Sales : SMB Field Sales AEs,"Lancaster, PA",demand_validated,mid,0,0,0,,166500,https://careers.toasttab.com/jobs?gh_jid=7815240
2026-08-18,TOST,Toast,"Territory Account Executive , SMB - Lancaster, PA ",Sales : SMB Field Sales AEs,"York, PA",demand_validated,mid,0,0,0,,166500,https://careers.toasttab.com/jobs?gh_jid=7815376
2026-08-18,TOST,Toast,"Territory Account Executive , SMB - Lincoln/West Omaha, NE ",Sales : SMB Field Sales AEs,"Omaha, NE",demand_validated,mid,0,0,0,,150000,https://careers.toasttab.com/jobs?gh_jid=8051490
2026-08-18,TOST,Toast,"Territory Account Executive, SMB - Long Beach Island, NJ",Sales : SMB Field Sales AEs,"Long Beach Island, NJ",demand_validated,mid,0,0,0,,166500,https://careers.toasttab.com/jobs?gh_jid=8129914
2026-08-18,TOST,Toast,"Territory Account Executive, SMB - Ocean City, NJ",Sales : SMB Field Sales AEs,"Ocean City, NJ",demand_validated,mid,0,0,0,,166500,https://careers.toasttab.com/jobs?gh_jid=8119701
2026-08-18,TOST,Toast,"Territory Account Executive , SMB - Oklahoma",Sales : SMB Field Sales AEs,Oklahoma City ,demand_validated,mid,0,0,0,,150000,https://careers.toasttab.com/jobs?gh_jid=8047394
2026-08-18,TOST,Toast,"Territory Account Executive , SMB - Oklahoma",Sales : SMB Field Sales AEs,"Tulsa, OK",demand_validated,mid,0,0,0,,150000,https://careers.toasttab.com/jobs?gh_jid=8106100
2026-08-18,TOST,Toast,"Territory Account Executive, SMB - Overland Park, KS",Sales : SMB Field Sales AEs,"Overland Park, KS",demand_validated,mid,0,0,0,,166500,https://careers.toasttab.com/jobs?gh_jid=8109622
2026-08-18,TOST,Toast,"Territory Account Executive , SMB - Pittsburgh, PA",Sales : SMB Field Sales AEs,"Pittsburgh, PA",demand_validated,mid,0,0,0,,166500,https://careers.toasttab.com/jobs?gh_jid=8121501
2026-08-18,TOST,Toast,"Territory Account Executive, SMB - Sandusky, OH",Sales : SMB Field Sales AEs,"Sandusky, OH",demand_validated,mid,0,0,0,,150000,https://careers.toasttab.com/jobs?gh_jid=8094810
2026-08-18,TOST,Toast,"Territory Account Executive , SMB - Sarasota, FL ",Sales : SMB Field Sales AEs,"Sarasota, FL",demand_validated,mid,0,0,0,,183500,https://careers.toasttab.com/jobs?gh_jid=7967404
2026-08-18,TOST,Toast,"Territory Account Executive , SMB - St. Pete Beach, FL",Sales : SMB Field Sales AEs,"St. Pete Beach, FL",demand_validated,mid,0,0,0,,150000,https://careers.toasttab.com/jobs?gh_jid=8039105
2026-08-18,TOST,Toast,"Territory Account Executive, SMB - Toms River, NJ",Sales : SMB Field Sales AEs,"Toms River, NJ",demand_validated,mid,0,0,0,,166500,https://careers.toasttab.com/jobs?gh_jid=8129913
2026-08-18,TOST,Toast,"Territory Account Executive, Strategic Markets - Seattle, WA",Sales : SMB Field Sales AEs,"Seattle, WA",demand_validated,mid,0,0,0,,192500,https://careers.toasttab.com/jobs?gh_jid=8084129
2026-08-18,TOST,Toast,Territory Account Executive-Sydney,Sales : International : Horizon 2,"Sydney, Australia",demand_validated,mid,0,0,0,,,https://careers.toasttab.com/jobs?gh_jid=8122276
2026-08-18,TOST,Toast,"Territory Account Executive - Tri-Cities (Coquitlam, Port Coquitlam, Port Moody)",Sales : International,"Tri-Cities, British Columbia",demand_validated,mid,0,0,0,,150000,https://careers.toasttab.com/jobs?gh_jid=8092815
2026-08-18,TOST,Toast,Territory Account Executive Vancouver,Sales : International,"Vancouver, BC",demand_validated,mid,0,0,0,,150000,https://careers.toasttab.com/jobs?gh_jid=8069221
2026-08-18,TOST,Toast,Territory Account Executive- Vaughan,Sales : International,"Vaughan, Ontario, Canada",demand_validated,mid,0,0,0,,170500,https://careers.toasttab.com/jobs?gh_jid=8088327
2026-08-18,TOST,Toast,Territory Account Executive- West Toronto,Sales : International,"Toronto, Ontario, Canada",demand_validated,mid,0,0,0,,170500,https://careers.toasttab.com/jobs?gh_jid=8098718
2026-08-18,TOST,Toast,"Vice President, Enterprise Sales",Sales : Enterprise Restaurants,"Remote, United States",nontech,exec,0,2,0,buzz,300500,https://careers.toasttab.com/jobs?gh_jid=7838464
2026-08-18,TOST,Toast,West Coast Strategic Cuisines Thai & Asian Cuisine District Manager,Sales : Strategic Cuisines Sales Management,Remote- US,other,mid,0,0,0,,251500,https://careers.toasttab.com/jobs?gh_jid=8028755
2026-08-18,IOT,Samsara,Accountant II,Corporate Accounting,Remote - Mexico,other,mid,0,1,0,buzz,,https://www.samsara.com/company/careers/roles/8024328?gh_jid=8024328
2026-08-18,IOT,Samsara,Account Development Representative - BeNeLux,Account Development Representative,Remote - Netherlands,other,mid,0,0,0,,,https://www.samsara.com/company/careers/roles/7617960?gh_jid=7617960
2026-08-18,IOT,Samsara,Account Development Representative - DACH,Account Development Representative,Remote - Germany,other,mid,0,0,0,,,https://www.samsara.com/company/careers/roles/7618026?gh_jid=7618026
2026-08-18,IOT,Samsara,Account Development Representative II,Account Development Representative,"Atlanta, Georgia, United States; Phoenix, Arizona, United States",other,mid,0,1,0,buzz,49205,https://www.samsara.com/company/careers/roles/8094367?gh_jid=8094367
2026-08-18,IOT,Samsara,Account Development Representative - UK,Account Development Representative,"London, England, United Kingdom",other,mid,0,0,0,,,https://www.samsara.com/company/careers/roles/7614550?gh_jid=7614550
2026-08-18,IOT,Samsara,"Account Executive, Commercial",US Commercial AE1,"Boston, MA",demand_validated,mid,0,0,0,,128775,https://www.samsara.com/company/careers/roles/6605604?gh_jid=6605604
2026-08-18,IOT,Samsara,"Account Executive, Commercial",US Commercial AE1,"Columbus, OH",demand_validated,mid,0,0,0,,128775,https://www.samsara.com/company/careers/roles/6605602?gh_jid=6605602
2026-08-18,IOT,Samsara,"Account Executive, Commercial",US Commercial AE1,"Atlanta, GA",demand_validated,mid,0,0,0,,128775,https://www.samsara.com/company/careers/roles/6605601?gh_jid=6605601
2026-08-18,IOT,Samsara,"Account Executive, Commercial",US Commercial AE1,Remote - US,demand_validated,mid,0,0,0,,128775,https://www.samsara.com/company/careers/roles/6605599?gh_jid=6605599
2026-08-18,IOT,Samsara,"Account Executive, Commercial ( West)",US Commercial AE1,Remote - US,demand_validated,mid,0,0,0,,128775,https://www.samsara.com/company/careers/roles/7612443?gh_jid=7612443
2026-08-18,IOT,Samsara,"Account Executive, Commercial ( West)",US Commercial AE1,Remote - US,demand_validated,mid,0,0,0,,128775,https://www.samsara.com/company/careers/roles/7612441?gh_jid=7612441
2026-08-18,IOT,Samsara,"Account Executive, Majors (Select) - UK&I",EU Sales,Remote - UK,demand_validated,mid,0,0,0,,,https://www.samsara.com/company/careers/roles/7266224?gh_jid=7266224
2026-08-18,IOT,Samsara,"Account Executive, Mid Market (Midwest)",US Mid Market AE2,Remote - US,demand_validated,mid,0,0,0,,145000,https://www.samsara.com/company/careers/roles/7609126?gh_jid=7609126
2026-08-18,IOT,Samsara,"Account Executive, Mid Market (Northeast)",US Mid Market AE2,Remote - US,demand_validated,mid,0,0,0,,145000,https://www.samsara.com/company/careers/roles/7609147?gh_jid=7609147
2026-08-18,IOT,Samsara,"Account Executive, Mid Market (Southeast)",US Mid Market AE2,Remote - US,demand_validated,mid,0,0,0,,145000,https://www.samsara.com/company/careers/roles/7609156?gh_jid=7609156
2026-08-18,IOT,Samsara,"Account Executive, Mid Market (TOLA)",US Mid Market AE2,Remote - US,demand_validated,mid,0,0,0,,145000,https://www.samsara.com/company/careers/roles/7608969?gh_jid=7608969
2026-08-18,IOT,Samsara,"Account Executive, Mid Market (West)",US Mid Market AE2,Remote - US,demand_validated,mid,0,0,0,,145000,https://www.samsara.com/company/careers/roles/7609057?gh_jid=7609057
2026-08-18,IOT,Samsara,Account Validation Specialist - MX,Account Development Representative,Mexico,other,mid,0,2,0,buzz,,https://www.samsara.com/company/careers/roles/7967689?gh_jid=7967689
2026-08-18,IOT,Samsara,AI Architect - GTM Systems,Business Systems,Remote - Canada,product_eng,mid,1,32,1,application|buzz,155512,https://www.samsara.com/company/careers/roles/8104166?gh_jid=8104166
2026-08-18,IOT,Samsara,AI Architect - GTM Systems,Business Systems,Remote - US,product_eng,mid,1,32,1,application|buzz,153799,https://www.samsara.com/company/careers/roles/7578952?gh_jid=7578952
2026-08-18,IOT,Samsara,AI Engineering Manager,Business Systems,Bengaluru - BLR1,product_eng,mid,1,10,1,application|buzz,,https://www.samsara.com/company/careers/roles/8020028?gh_jid=8020028
2026-08-18,IOT,Samsara,"Applied AI Specialist, Commercial Customer Success",Customer Success,Remote - US,demand_validated,mid,1,10,1,application|buzz,133055,https://www.samsara.com/company/careers/roles/8024110?gh_jid=8024110
2026-08-18,IOT,Samsara,"Associate Sales Engineer, SE Desk (French Bilingual)",Sales Engineering,Remote - US,demand_validated,mid,0,0,0,,90675,https://www.samsara.com/company/careers/roles/7624120?gh_jid=7624120
2026-08-18,IOT,Samsara,"Associate Sales Engineer, SE Desk - Mid West",Sales Engineering,Remote - US,demand_validated,mid,0,3,0,buzz|general_medium,90675,https://www.samsara.com/company/careers/roles/7311761?gh_jid=7311761
2026-08-18,IOT,Samsara,"Associate Sales Engineer, SE Desk - Northeast",Sales Engineering,Remote - US,demand_validated,mid,0,3,0,buzz|general_medium,90675,https://www.samsara.com/company/careers/roles/7311741?gh_jid=7311741
2026-08-18,IOT,Samsara,"Associate Sales Engineer, SE Desk - Southeast",Sales Engineering,Remote - US,demand_validated,mid,0,3,0,buzz|general_medium,90675,https://www.samsara.com/company/careers/roles/7848351?gh_jid=7848351
2026-08-18,IOT,Samsara,"Associate Sales Engineer, SE Desk - TOLA",Sales Engineering,Remote - US,demand_validated,mid,0,3,0,buzz|general_medium,90675,https://www.samsara.com/company/careers/roles/7848363?gh_jid=7848363
2026-08-18,IOT,Samsara,"Associate Sales Engineer, UK&I ",Sales Engineering,"London, England, United Kingdom; Remote - UK",demand_validated,mid,0,3,0,buzz|general_medium,,https://www.samsara.com/company/careers/roles/8083447?gh_jid=8083447
2026-08-18,IOT,Samsara,Associate Specialist Sales Engineer,Sales Engineering,Remote - US,demand_validated,mid,0,0,0,,120348,https://www.samsara.com/company/careers/roles/7717258?gh_jid=7717258
2026-08-18,IOT,Samsara,Bilingual Customer Support Specialist,Support,Remote - US,nontech,mid,0,0,0,,50918,https://www.samsara.com/company/careers/roles/8079873?gh_jid=8079873
2026-08-18,IOT,Samsara,"Business Operations Manager, Technical Support Ops",Support,Remote - US,nontech,mid,0,1,0,buzz,134176,https://www.samsara.com/company/careers/roles/7761103?gh_jid=7761103
2026-08-18,IOT,Samsara,"Business Operations Manager, Technical Support Ops",Support,Remote - Toronto,nontech,mid,0,1,0,buzz,123025,https://www.samsara.com/company/careers/roles/7852547?gh_jid=7852547
2026-08-18,IOT,Samsara,Business Technology Engineer II,Information Technology,Remote - Canada,product_eng,mid,0,2,0,buzz,116512,https://www.samsara.com/company/careers/roles/8031880?gh_jid=8031880
2026-08-18,IOT,Samsara,Business Technology Engineer II,Information Technology,Remote - US,product_eng,mid,0,2,0,buzz,139562,https://www.samsara.com/company/careers/roles/8022729?gh_jid=8022729
2026-08-18,IOT,Samsara,Commercial Account Executive ,Canada,Remote - Canada,demand_validated,mid,0,0,0,,147525,https://www.samsara.com/company/careers/roles/7612493?gh_jid=7612493
2026-08-18,IOT,Samsara,Core Enterprise Account Executive South East,US Core,Remote - US,demand_validated,mid,0,0,0,,300000,https://www.samsara.com/company/careers/roles/7679100?gh_jid=7679100
2026-08-18,IOT,Samsara,Core Enterprise Account Executive TOLA,US Core,Remote - US,demand_validated,mid,0,0,0,,300000,https://www.samsara.com/company/careers/roles/7679053?gh_jid=7679053
2026-08-18,IOT,Samsara,Customer Success Manager - Canada,Customer Success,Remote - Toronto,demand_validated,mid,0,0,0,,99938,https://www.samsara.com/company/careers/roles/7646124?gh_jid=7646124
2026-08-18,IOT,Samsara,Customer Success Manager - French Speaker,Customer Success,Remote - Canada,demand_validated,mid,0,0,0,,89944,https://www.samsara.com/company/careers/roles/8029097?gh_jid=8029097
2026-08-18,IOT,Samsara,Customer Success Manager II,Customer Success,Remote - US,demand_validated,mid,0,0,0,,76899,https://www.samsara.com/company/careers/roles/7580157?gh_jid=7580157
2026-08-18,IOT,Samsara,Customer Success Manager III,Customer Success,Remote - US,demand_validated,mid,0,1,0,buzz,114739,https://www.samsara.com/company/careers/roles/8013860?gh_jid=8013860
2026-08-18,IOT,Samsara,Customer Success Manager V,Customer Success,Remote - CA,demand_validated,mid,0,0,0,,158171,https://www.samsara.com/company/careers/roles/7487346?gh_jid=7487346
2026-08-18,IOT,Samsara,Data Annotator - Fresh Graduate,Safety Review,Bengaluru - BLR1,other,mid,0,0,0,,,https://www.samsara.com/company/careers/roles/8076414?gh_jid=8076414
2026-08-18,IOT,Samsara,"Director, Enablement - Skills and Leadership Excellence",Revenue Operations,Remote - US,nontech,director,0,1,0,buzz,155040,https://www.samsara.com/company/careers/roles/8041418?gh_jid=8041418
2026-08-18,IOT,Samsara,"Director, Field Onboarding",Revenue Operations,Remote - US,other,director,0,0,0,,158340,https://www.samsara.com/company/careers/roles/7283904?gh_jid=7283904
2026-08-18,IOT,Samsara,"Director, Field Sales Engineering",Sales Engineering,Remote - US,demand_validated,director,0,0,0,,215145,https://www.samsara.com/company/careers/roles/7695309?gh_jid=7695309
2026-08-18,IOT,Samsara,"Director, Global Service Partnerships",Customer Success,Remote - US,other,director,0,0,0,,184080,https://www.samsara.com/company/careers/roles/7530460?gh_jid=7530460
2026-08-18,IOT,Samsara,"Director, GTM Business Operations",Sales Business Operations,Remote - US,nontech,director,0,1,0,buzz,207090,https://www.samsara.com/company/careers/roles/7974118?gh_jid=7974118
2026-08-18,IOT,Samsara,"Director, Marketing - Mexico",Growth Marketing,Mexico,nontech,director,0,0,0,,1396000,https://www.samsara.com/company/careers/roles/8069516?gh_jid=8069516
2026-08-18,IOT,Samsara,"Director, Mid-Market Sales - Canada",Canada,Remote - Canada,nontech,director,0,0,0,,375100,https://www.samsara.com/company/careers/roles/7547204?gh_jid=7547204
2026-08-18,IOT,Samsara,"Director, Product Design",Product Design,Remote - US,other,director,0,0,0,,265050,https://www.samsara.com/company/careers/roles/7839138?gh_jid=7839138
2026-08-18,IOT,Samsara,"Director, Revenue Enablement EMEA",Revenue Operations,"London, England, United Kingdom",nontech,director,0,1,0,buzz,,https://www.samsara.com/company/careers/roles/7791232?gh_jid=7791232
2026-08-18,IOT,Samsara,Engagement Services Manager,Customer Success,Remote - US,other,mid,0,0,0,,127414,https://www.samsara.com/company/careers/roles/8064909?gh_jid=8064909
2026-08-18,IOT,Samsara,Engineering Manager II,Hardware Engineering,Remote - US,product_eng,mid,0,1,0,buzz,207350,https://www.samsara.com/company/careers/roles/7801077?gh_jid=7801077
2026-08-18,IOT,Samsara,Enterprise Account Executive,US Enterprise Sales,San Francisco - SF9,demand_validated,mid,0,0,0,,425000,https://www.samsara.com/company/careers/roles/8042135?gh_jid=8042135
2026-08-18,IOT,Samsara,"Enterprise Account Executive - Public Sector, West",US Public Sector,Remote - SF Bay Area,demand_validated,mid,0,0,0,,425000,https://www.samsara.com/company/careers/roles/7954575?gh_jid=7954575
2026-08-18,IOT,Samsara,Enterprise Core Account Executive - Public Sector,US Public Sector,Remote - US,demand_validated,mid,0,0,0,,361200,https://www.samsara.com/company/careers/roles/7423809?gh_jid=7423809
2026-08-18,IOT,Samsara,"Enterprise Core Account Executive, UK",EU Sales,London - UK2,demand_validated,mid,0,0,0,,300000,https://www.samsara.com/company/careers/roles/7759354?gh_jid=7759354
2026-08-18,IOT,Samsara,Enterprise Core Implementation Consultant,Customer Success,Remote - US,demand_validated,mid,0,0,0,,111784,https://www.samsara.com/company/careers/roles/8079982?gh_jid=8079982
2026-08-18,IOT,Samsara,Enterprise Core Implementation Consultant - East/Central,Customer Success,Remote - US,demand_validated,mid,0,0,0,,111785,https://www.samsara.com/company/careers/roles/8121318?gh_jid=8121318
2026-08-18,IOT,Samsara,Enterprise Core Implementation Consultant - West,Customer Success,Remote - US,demand_validated,mid,0,0,0,,111785,https://www.samsara.com/company/careers/roles/8121312?gh_jid=8121312
2026-08-18,IOT,Samsara,Enterprise Core Sales Engineer - Midwest,Sales Engineering,Remote - US,demand_validated,mid,0,0,0,,153238,https://www.samsara.com/company/careers/roles/7848518?gh_jid=7848518
2026-08-18,IOT,Samsara,Enterprise Core Sales Engineer - Northeast,Sales Engineering,Remote - US,demand_validated,mid,0,0,0,,153238,https://www.samsara.com/company/careers/roles/7848486?gh_jid=7848486
2026-08-18,IOT,Samsara,Enterprise Core Sales Engineer - Southeast,Sales Engineering,Remote - US,demand_validated,mid,0,0,0,,153238,https://www.samsara.com/company/careers/roles/7848497?gh_jid=7848497
2026-08-18,IOT,Samsara,Enterprise Core Sales Engineer - TOLA,Sales Engineering,Remote - US,demand_validated,mid,0,0,0,,153238,https://www.samsara.com/company/careers/roles/7848501?gh_jid=7848501
2026-08-18,IOT,Samsara,Enterprise Core Sales Engineer - West,Sales Engineering,Remote - US,demand_validated,mid,0,0,0,,153238,https://www.samsara.com/company/careers/roles/7848529?gh_jid=7848529
2026-08-18,IOT,Samsara,Enterprise Customer Success Manager,Customer Success,Remote - IL,demand_validated,mid,0,0,0,,114739,https://www.samsara.com/company/careers/roles/7625030?gh_jid=7625030
2026-08-18,IOT,Samsara,Enterprise Customer Success Manager,Customer Success,Remote - US,demand_validated,mid,0,0,0,,114739,https://www.samsara.com/company/careers/roles/7482459?gh_jid=7482459
2026-08-18,IOT,Samsara,Enterprise Customer Success Manager - Public Sector,Customer Success,Remote - US,demand_validated,mid,0,0,0,,114739,https://www.samsara.com/company/careers/roles/8029099?gh_jid=8029099
2026-08-18,IOT,Samsara,Enterprise Implementation Consultant,Customer Success,Remote - UK,demand_validated,mid,0,1,0,buzz,,https://www.samsara.com/company/careers/roles/8074109?gh_jid=8074109
2026-08-18,IOT,Samsara,Enterprise Implementation Consultant,Customer Success,Remote - US,demand_validated,mid,0,0,0,,111784,https://www.samsara.com/company/careers/roles/7852948?gh_jid=7852948
2026-08-18,IOT,Samsara,Enterprise Implementation Consultant,Customer Success,Remote - US,demand_validated,mid,0,0,0,,111784,https://www.samsara.com/company/careers/roles/8121332?gh_jid=8121332
2026-08-18,IOT,Samsara,Enterprise Implementation Consultant,Customer Success,Remote - Mexico,demand_validated,mid,0,0,0,,,https://www.samsara.com/company/careers/roles/8046973?gh_jid=8046973
2026-08-18,IOT,Samsara,Enterprise Sales Engineer - Public Sector - West,Sales Engineering,Remote - US,demand_validated,mid,0,0,0,,198050,https://www.samsara.com/company/careers/roles/8068209?gh_jid=8068209
2026-08-18,IOT,Samsara,Enterprise Sales Engineer - Toronto,Sales Engineering,Remote - Toronto,demand_validated,mid,0,3,0,buzz|general_medium,239112,https://www.samsara.com/company/careers/roles/7818569?gh_jid=7818569
2026-08-18,IOT,Samsara,Enterprise Select Implementation Consultant,Customer Success,Remote - US,demand_validated,mid,0,0,0,,127415,https://www.samsara.com/company/careers/roles/8001262?gh_jid=8001262
2026-08-18,IOT,Samsara,Enterprise Select Implementation Consultant East/Central,Customer Success,Remote - US,demand_validated,mid,0,0,0,,126140,https://www.samsara.com/company/careers/roles/8121329?gh_jid=8121329
2026-08-18,IOT,Samsara,Enterprise Select Implementation Consultant West/Central,Customer Success,Remote - US,demand_validated,mid,0,0,0,,126140,https://www.samsara.com/company/careers/roles/8121327?gh_jid=8121327
2026-08-18,IOT,Samsara,Entry Level Tech Sales - Benelux Market (Dutch speaking),Account Development Representative,Remote - Netherlands,nontech,mid,0,0,0,,,https://www.samsara.com/company/careers/roles/8095996?gh_jid=8095996
2026-08-18,IOT,Samsara,"Entry Level Tech Sales - Benelux Market (work from the UK, Netherlands, Germany or France - Dutch speaking role) ",Account Development Representative,Remote - France; Remote - Germany; Remote - Netherlands; Remote - UK,nontech,mid,0,0,0,,,https://www.samsara.com/company/careers/roles/8127985?gh_jid=8127985
2026-08-18,IOT,Samsara,Entry Level Tech Sales - UK&I Market,Account Development Representative,"London, England, United Kingdom",nontech,mid,0,0,0,,,https://www.samsara.com/company/careers/roles/8104994?gh_jid=8104994
2026-08-18,IOT,Samsara,Especialista en Instalación de Sistemas Vehiculares,Customer Success,Remote - Mexico,other,mid,0,1,0,buzz,,https://www.samsara.com/company/careers/roles/8073244?gh_jid=8073244
2026-08-18,IOT,Samsara,Especialista en Instalación de Sistemas Vehiculares,Customer Success,Remote - Mexico,other,mid,0,1,0,buzz,,https://www.samsara.com/company/careers/roles/8073243?gh_jid=8073243
2026-08-18,IOT,Samsara,Especialista en Instalación de Sistemas Vehiculares,Customer Success,Remote - Mexico,other,mid,0,1,0,buzz,,https://www.samsara.com/company/careers/roles/8073242?gh_jid=8073242
2026-08-18,IOT,Samsara,Especialista en Sistemas Telemáticos,Customer Success,Remote - Mexico,other,mid,0,1,0,buzz,,https://www.samsara.com/company/careers/roles/8073236?gh_jid=8073236
2026-08-18,IOT,Samsara,Especialista en Sistemas Telemáticos,Customer Success,Remote - Mexico,other,mid,0,1,0,buzz,,https://www.samsara.com/company/careers/roles/8073241?gh_jid=8073241
2026-08-18,IOT,Samsara,Especialista en Sistemas Telemáticos,Customer Success,Remote - Mexico,other,mid,0,1,0,buzz,,https://www.samsara.com/company/careers/roles/8073240?gh_jid=8073240
2026-08-18,IOT,Samsara,Field Service Engineer (Automotive),Customer Success,Remote - Mexico,product_eng,mid,0,1,0,buzz,,https://www.samsara.com/company/careers/roles/8073246?gh_jid=8073246
2026-08-18,IOT,Samsara,Field Service Engineer (Automotive),Customer Success,Remote - Mexico,product_eng,mid,0,1,0,buzz,,https://www.samsara.com/company/careers/roles/8073245?gh_jid=8073245
2026-08-18,IOT,Samsara,Field Service Engineer (Automotive),Customer Success,Remote - Mexico,product_eng,mid,0,1,0,buzz,,https://www.samsara.com/company/careers/roles/8073247?gh_jid=8073247
2026-08-18,IOT,Samsara,Finance & Strategy AI Engineer,Finance and Strategy,San Francisco - SF9,product_eng,mid,1,17,1,application|buzz,196185,https://www.samsara.com/company/careers/roles/8113356?gh_jid=8113356
2026-08-18,IOT,Samsara,Global Operations Rotation Program,Supply Chain,Remote - CA,nontech,mid,0,1,0,buzz,100165,https://www.samsara.com/company/careers/roles/7741190?gh_jid=7741190
2026-08-18,IOT,Samsara,GTM Business Operations Manager,Sales Business Operations,Remote - Houston,nontech,mid,0,1,0,buzz,134176,https://www.samsara.com/company/careers/roles/7942733?gh_jid=7942733
2026-08-18,IOT,Samsara,Implementation Consultant ,Customer Success,Remote - UK,demand_validated,mid,0,1,0,buzz,,https://www.samsara.com/company/careers/roles/8076689?gh_jid=8076689
2026-08-18,IOT,Samsara,Implementation Consultant ,Customer Success,Remote - Germany,demand_validated,mid,0,1,0,buzz,,https://www.samsara.com/company/careers/roles/8088205?gh_jid=8088205
2026-08-18,IOT,Samsara,Implementation Consultant ,Customer Success,Remote - UK,demand_validated,mid,0,1,0,buzz,,https://www.samsara.com/company/careers/roles/7961276?gh_jid=7961276
2026-08-18,IOT,Samsara,Implementation Consultant - German Fluency,Customer Success,"London, England, United Kingdom; Remote - Germany; Remote - UK",demand_validated,mid,0,1,0,buzz,,https://www.samsara.com/company/careers/roles/8076687?gh_jid=8076687
2026-08-18,IOT,Samsara,Installation Manager,Customer Success,London - UK2,other,mid,0,1,0,buzz,,https://www.samsara.com/company/careers/roles/8002357?gh_jid=8002357
2026-08-18,IOT,Samsara,Installation Specialist,Customer Success,Remote - Mexico,other,mid,0,1,0,buzz,,https://www.samsara.com/company/careers/roles/7950569?gh_jid=7950569
2026-08-18,IOT,Samsara,Lead Machine Learning Engineer - ML Infrastructure,Safety AI,Remote - Canada,product_eng,senior,1,14,1,application|buzz|data_ml_ops|general_medium|model_infra,232750,https://www.samsara.com/company/careers/roles/7746586?gh_jid=7746586
2026-08-18,IOT,Samsara,Lead Machine Learning Engineer - ML Infrastructure ,Safety AI,Remote - US,product_eng,senior,1,14,1,application|buzz|data_ml_ops|general_medium|model_infra,278850,https://www.samsara.com/company/careers/roles/7721193?gh_jid=7721193
2026-08-18,IOT,Samsara,Lead Product Designer,Product Design,Remote - Canada,product_eng,senior,0,1,0,buzz,173550,https://www.samsara.com/company/careers/roles/8018876?gh_jid=8018876
2026-08-18,IOT,Samsara,Lead Product Designer,Product Design,Remote - US,product_eng,senior,0,1,0,buzz,184222,https://www.samsara.com/company/careers/roles/8007939?gh_jid=8007939
2026-08-18,IOT,Samsara,Lead Video Producer,Corporate Marketing,San Francisco - SF9,other,senior,0,1,0,buzz,164650,https://www.samsara.com/company/careers/roles/7939301?gh_jid=7939301
2026-08-18,IOT,Samsara,Litigation and E-Discovery Counsel,Legal,Remote - US,nontech,mid,0,1,0,buzz,139849,https://www.samsara.com/company/careers/roles/8008896?gh_jid=8008896
2026-08-18,IOT,Samsara,"Manager, Enterprise Customer Success - Select",Customer Success,Remote - US,demand_validated,mid,0,0,0,,147591,https://www.samsara.com/company/careers/roles/7702368?gh_jid=7702368
2026-08-18,IOT,Samsara,"Manager I, Customer Success",Customer Success,Remote - Mexico,demand_validated,mid,0,0,0,,,https://www.samsara.com/company/careers/roles/7743690?gh_jid=7743690
2026-08-18,IOT,Samsara,"Manager I, Customer Success Manager",Customer Success,Remote - Canada,demand_validated,mid,0,0,0,,153904,https://www.samsara.com/company/careers/roles/8068523?gh_jid=8068523
2026-08-18,IOT,Samsara,"Manager II, Customer Success",Customer Success,Remote - US,demand_validated,mid,0,2,0,buzz,130781,https://www.samsara.com/company/careers/roles/7487344?gh_jid=7487344
2026-08-18,IOT,Samsara,"Manager II, Data Platform",Platform,Remote - US,other,mid,0,4,1,application|buzz,194350,https://www.samsara.com/company/careers/roles/7811931?gh_jid=7811931
2026-08-18,IOT,Samsara,"Manager, Operations Program Management",Global Ops Engineering,Remote - US,nontech,mid,0,0,0,,168272,https://www.samsara.com/company/careers/roles/7558150?gh_jid=7558150
2026-08-18,IOT,Samsara,"Manager, Sales Enablement - Learning Design",Revenue Operations,Remote - US,nontech,mid,0,1,0,buzz,112646,https://www.samsara.com/company/careers/roles/8041422?gh_jid=8041422
2026-08-18,IOT,Samsara,Mexico Major AE,Mexico,Remote - Mexico,other,mid,0,0,0,,500000,https://www.samsara.com/company/careers/roles/7618041?gh_jid=7618041
2026-08-18,IOT,Samsara,Mid-Market Account Executive - Canada,Canada,"Ottawa, Ontario",demand_validated,mid,0,0,0,,137450,https://www.samsara.com/company/careers/roles/7926756?gh_jid=7926756
2026-08-18,IOT,Samsara,Mid-Market Account Executive - Canada,Canada,Remote - Canada,demand_validated,mid,0,0,0,,144875,https://www.samsara.com/company/careers/roles/7612504?gh_jid=7612504
2026-08-18,IOT,Samsara,Mid-Market Account Executive - Canada,Canada,"Toronto, Canada",demand_validated,mid,0,0,0,,137450,https://www.samsara.com/company/careers/roles/7926757?gh_jid=7926757
2026-08-18,IOT,Samsara,Mid Market Account Executive - DACH,EU Sales,"London, England, United Kingdom; Remote - Germany",demand_validated,mid,0,0,0,,,https://www.samsara.com/company/careers/roles/7266176?gh_jid=7266176
2026-08-18,IOT,Samsara,Mid-Market Account Executive - France,EU Sales,Remote - France,demand_validated,mid,0,0,0,,,https://www.samsara.com/company/careers/roles/7571463?gh_jid=7571463
2026-08-18,IOT,Samsara,Mid-Market Account Executive -  French Fluent,Canada,Remote - Montreal,demand_validated,mid,0,0,0,,144875,https://www.samsara.com/company/careers/roles/7926750?gh_jid=7926750
2026-08-18,IOT,Samsara,Mid-Market Account Executive - Mexico,Mexico,Remote - Mexico,demand_validated,mid,0,0,0,,100000,https://www.samsara.com/company/careers/roles/5868615?gh_jid=5868615
2026-08-18,IOT,Samsara,Mid-Market Account Executive - Public Sector ,US Public Sector,Remote - US,demand_validated,mid,0,0,0,,201000,https://www.samsara.com/company/careers/roles/7612559?gh_jid=7612559
2026-08-18,IOT,Samsara,Mid-Market Account Executive - UK&I,EU Sales,"London - UK2; London, England, United Kingdom",demand_validated,mid,0,0,0,,,https://www.samsara.com/company/careers/roles/7613161?gh_jid=7613161
2026-08-18,IOT,Samsara,People Analytics AI Engineer,People Experience,Remote - Seattle,product_eng,mid,1,19,1,application|buzz|data_ml_ops|model_infra,183885,https://www.samsara.com/company/careers/roles/7858719?gh_jid=7858719
2026-08-18,IOT,Samsara,People Operations Specialist II,People Experience,Remote - US,nontech,mid,0,1,0,buzz,92663,https://www.samsara.com/company/careers/roles/8068005?gh_jid=8068005
2026-08-18,IOT,Samsara,Pre-Sales Services Consultant (Engagement Services Manager),Customer Success,Remote - US,demand_validated,mid,0,0,0,,127414,https://www.samsara.com/company/careers/roles/8070083?gh_jid=8070083
2026-08-18,IOT,Samsara,Pricing and Revenue Planner,Planning,Remote - Dallas,other,mid,0,0,0,,126540,https://www.samsara.com/company/careers/roles/7892020?gh_jid=7892020
2026-08-18,IOT,Samsara,Principal Business Technology Product Manager,Business Systems,Remote - TX,product_eng,staff_principal,0,4,1,application|buzz,153799,https://www.samsara.com/company/careers/roles/8060732?gh_jid=8060732
2026-08-18,IOT,Samsara,Principal Product Manager,STCE & Maintenance,Remote - SF Bay Area,product_eng,staff_principal,0,1,0,buzz,191100,https://www.samsara.com/company/careers/roles/7604461?gh_jid=7604461
2026-08-18,IOT,Samsara,Product Manager - Revenue Tools,Revenue Operations,Remote - US,product_eng,mid,0,1,0,buzz,146136,https://www.samsara.com/company/careers/roles/8042109?gh_jid=8042109
2026-08-18,IOT,Samsara,Product Operations Manager,R&D Ops,Remote - Canada; Remote - US,nontech,mid,0,1,0,buzz,143151,https://www.samsara.com/company/careers/roles/7729297?gh_jid=7729297
2026-08-18,IOT,Samsara,Product Support Engineer,Engineering Support,Remote - US,product_eng,mid,0,0,0,,113246,https://www.samsara.com/company/careers/roles/8016952?gh_jid=8016952
2026-08-18,IOT,Samsara,Product Support Engineer,Engineering Support,Bengaluru - BLR1,product_eng,mid,0,0,0,,,https://www.samsara.com/company/careers/roles/7782002?gh_jid=7782002
2026-08-18,IOT,Samsara,Product Support Engineer,Engineering Support,Remote - Canada,product_eng,mid,0,0,0,,116025,https://www.samsara.com/company/careers/roles/8060689?gh_jid=8060689
2026-08-18,IOT,Samsara,Product Support Engineer III,Engineering Support,Bengaluru - BLR1,product_eng,mid,0,0,0,,,https://www.samsara.com/company/careers/roles/7960367?gh_jid=7960367
2026-08-18,IOT,Samsara,"Public Policy and Government Affairs Manager, State/Local",Policy,Remote - US,other,mid,0,1,0,buzz,113994,https://www.samsara.com/company/careers/roles/7989914?gh_jid=7989914
2026-08-18,IOT,Samsara,Public Sector Major Account Executive,US Public Sector,Remote - US,demand_validated,mid,0,0,0,,275000,https://www.samsara.com/company/careers/roles/7612978?gh_jid=7612978
2026-08-18,IOT,Samsara,Renewal Account Executive - CML,Renewals,Remote - CA,demand_validated,mid,0,0,0,,77420,https://www.samsara.com/company/careers/roles/8096901?gh_jid=8096901
2026-08-18,IOT,Samsara,"Sales Engineer, Mid-Market Midwest",Sales Engineering,Remote - US,demand_validated,mid,0,3,0,buzz|general_medium,120348,https://www.samsara.com/company/careers/roles/7187197?gh_jid=7187197
2026-08-18,IOT,Samsara,"Sales Engineer, Mid Market - Northeast",Sales Engineering,Remote - US,demand_validated,mid,0,3,0,buzz|general_medium,120348,https://www.samsara.com/company/careers/roles/7848428?gh_jid=7848428
2026-08-18,IOT,Samsara,"Sales Engineer, Mid Market - Public Sector",Sales Engineering,Remote - US,demand_validated,mid,0,3,0,buzz|general_medium,128800,https://www.samsara.com/company/careers/roles/8036863?gh_jid=8036863
2026-08-18,IOT,Samsara,Sales Engineer - Mid-Market Southeast,Sales Engineering,Remote - US,demand_validated,mid,0,3,0,buzz|general_medium,120348,https://www.samsara.com/company/careers/roles/7187159?gh_jid=7187159
2026-08-18,IOT,Samsara,"Sales Engineer, Mid Market - TOLA",Sales Engineering,Remote - TX,demand_validated,mid,0,3,0,buzz|general_medium,120348,https://www.samsara.com/company/careers/roles/7848459?gh_jid=7848459
2026-08-18,IOT,Samsara,Sales Engineer - Mid-Market West,Sales Engineering,Remote - US,demand_validated,mid,0,3,0,buzz|general_medium,120348,https://www.samsara.com/company/careers/roles/7187219?gh_jid=7187219
2026-08-18,IOT,Samsara,Salesforce Developer-1,Business Systems,Bengaluru - BLR1,product_eng,mid,0,0,0,,,https://www.samsara.com/company/careers/roles/8068007?gh_jid=8068007
2026-08-18,IOT,Samsara,"Sales Manager, Mid-Market, France (Remote)",EU Sales,Remote - France,nontech,mid,0,0,0,,,https://www.samsara.com/company/careers/roles/8079877?gh_jid=8079877
2026-08-18,IOT,Samsara,"Sales Manager, Mid Market UKI",EU Sales,London - UK2,nontech,mid,0,0,0,,,https://www.samsara.com/company/careers/roles/8007727?gh_jid=8007727
2026-08-18,IOT,Samsara,Sales Operations Manager,Revenue Operations,Remote - Mexico,nontech,mid,0,0,0,,,https://www.samsara.com/company/careers/roles/8076592?gh_jid=8076592
2026-08-18,IOT,Samsara,Sales Operations Manager,Revenue Operations,Remote - US,nontech,mid,0,0,0,,111949,https://www.samsara.com/company/careers/roles/7555217?gh_jid=7555217
2026-08-18,IOT,Samsara,Sales Operations Manager - Enterprise,Revenue Operations,Remote - US,nontech,mid,0,0,0,,116082,https://www.samsara.com/company/careers/roles/7815804?gh_jid=7815804
2026-08-18,IOT,Samsara,Select Major Account Executive (CST),US Enterprise Sales,Remote - US,demand_validated,mid,0,0,0,,425000,https://www.samsara.com/company/careers/roles/8095469?gh_jid=8095469
2026-08-18,IOT,Samsara,Select Major Account Executive (CST),US Enterprise Sales,Remote - MI,demand_validated,mid,0,0,0,,425000,https://www.samsara.com/company/careers/roles/7818248?gh_jid=7818248
2026-08-18,IOT,Samsara,Select Major Account Executive (EST),US Enterprise Sales,Remote - US,demand_validated,mid,0,0,0,,425000,https://www.samsara.com/company/careers/roles/7663706?gh_jid=7663706
2026-08-18,IOT,Samsara,Senior AI Data Engineer,Marketing Systems & Intelligence,Remote - US,product_eng,senior,1,10,1,application|buzz,148379,https://www.samsara.com/company/careers/roles/8091855?gh_jid=8091855
2026-08-18,IOT,Samsara,Senior AI Data Engineer,Marketing Systems & Intelligence,Remote - Canada,product_eng,senior,1,10,1,application|buzz,136500,https://www.samsara.com/company/careers/roles/8126100?gh_jid=8126100
2026-08-18,IOT,Samsara,Senior AMS Field Enablement Activation Partner (Bilingual Spanish),Revenue Operations,Remote - US,nontech,senior,0,1,0,buzz,127294,https://www.samsara.com/company/careers/roles/8124366?gh_jid=8124366
2026-08-18,IOT,Samsara,"Senior Analyst, GTM Business Operations – Public Sector",Sales Business Operations,Remote - US,nontech,senior,0,1,0,buzz,115115,https://www.samsara.com/company/careers/roles/8115905?gh_jid=8115905
2026-08-18,IOT,Samsara,Senior Business Technology Product Manager- Supply Chain Planning,Business Systems,Remote - US,product_eng,senior,0,20,1,application|buzz,164824,https://www.samsara.com/company/careers/roles/8017174?gh_jid=8017174
2026-08-18,IOT,Samsara,Senior Category Manager,Procurement,Remote - Seattle,other,senior,0,1,0,buzz,118852,https://www.samsara.com/company/careers/roles/8044056?gh_jid=8044056
2026-08-18,IOT,Samsara,Senior Communications Manager - Mexico,Communications,Remote - Mexico,nontech,senior,0,0,0,,1350000,https://www.samsara.com/company/careers/roles/8052363?gh_jid=8052363
2026-08-18,IOT,Samsara,Senior Data Engineer,Platform,Remote - US,product_eng,senior,0,6,1,buzz|general_medium|model_infra,160298,https://www.samsara.com/company/careers/roles/7859702?gh_jid=7859702
2026-08-18,IOT,Samsara,Senior Data Engineer,Business Systems,Remote - Canada,product_eng,senior,0,10,1,application|buzz,136500,https://www.samsara.com/company/careers/roles/8025794?gh_jid=8025794
2026-08-18,IOT,Samsara,Senior Data Engineer,Platform,Remote - Canada,product_eng,senior,0,6,1,buzz|general_medium|model_infra,147538,https://www.samsara.com/company/careers/roles/7997311?gh_jid=7997311
2026-08-18,IOT,Samsara,Senior Data Engineer,Business Systems,Remote - US,product_eng,senior,0,10,1,application|buzz,148379,https://www.samsara.com/company/careers/roles/7964565?gh_jid=7964565
2026-08-18,IOT,Samsara,Senior Data Engineer II,Business Systems,Remote - US,product_eng,senior,0,10,1,application|buzz,168935,https://www.samsara.com/company/careers/roles/8039914?gh_jid=8039914
2026-08-18,IOT,Samsara,"Senior Director, Finance Operations",Executive,Remote - US,nontech,director,0,1,0,buzz,213330,https://www.samsara.com/company/careers/roles/7836977?gh_jid=7836977
2026-08-18,IOT,Samsara,Senior Employee Relations Partner (Contractor) ,People Experience,Remote - US,other,senior,0,0,0,,,https://www.samsara.com/company/careers/roles/8021946?gh_jid=8021946
2026-08-18,IOT,Samsara,Senior Enablement Specialist,Revenue Operations,Remote - US,nontech,senior,0,4,1,buzz|model_infra,101286,https://www.samsara.com/company/careers/roles/8053884?gh_jid=8053884
2026-08-18,IOT,Samsara,Senior Hardware Product Manager ,Hardware Product Management,Remote - US,product_eng,senior,0,1,0,buzz,192838,https://www.samsara.com/company/careers/roles/8036774?gh_jid=8036774
2026-08-18,IOT,Samsara,Senior Legal Analyst & Litigation Project Manager,Legal,Remote - US,nontech,senior,0,0,0,,108810,https://www.samsara.com/company/careers/roles/8029100?gh_jid=8029100
2026-08-18,IOT,Samsara,"Senior Manager, Deal Desk - EMEA & Mexico",Deal Desk,London - UK2; Mexico,other,senior,0,0,0,,,https://www.samsara.com/company/careers/roles/7974115?gh_jid=7974115
2026-08-18,IOT,Samsara,"Senior Manager, Finance and Strategy - R&D",Finance and Strategy,Remote - Canada,nontech,senior,0,1,0,buzz,141075,https://www.samsara.com/company/careers/roles/8108844?gh_jid=8108844
2026-08-18,IOT,Samsara,"Senior Manager, Finance and Strategy - R&D",Finance and Strategy,Remote - SF Bay Area,nontech,senior,0,1,0,buzz,165360,https://www.samsara.com/company/careers/roles/7932125?gh_jid=7932125
2026-08-18,IOT,Samsara,"Senior Manager, Safety AI",Safety AI,Remote - US,other,senior,1,4,0,buzz|general_medium,232870,https://www.samsara.com/company/careers/roles/7731751?gh_jid=7731751
2026-08-18,IOT,Samsara,Senior Marketing Analytics Manager - BI & Data Architecture,Marketing Systems & Intelligence,Remote - Toronto,product_eng,senior,0,12,1,application|buzz,159412,https://www.samsara.com/company/careers/roles/8099653?gh_jid=8099653
2026-08-18,IOT,Samsara,Senior Marketing Analytics Manager - BI & Data Architecture,Marketing Systems & Intelligence,Remote - US,product_eng,senior,0,12,1,application|buzz,149500,https://www.samsara.com/company/careers/roles/7917475?gh_jid=7917475
2026-08-18,IOT,Samsara,Senior People Technology Analyst - Workday,People Experience,Remote - Austin,other,senior,0,0,0,,120721,https://www.samsara.com/company/careers/roles/8083539?gh_jid=8083539
2026-08-18,IOT,Samsara,Senior Performance Marketing Manager - Paid Social,Growth Marketing,Remote - Canada,nontech,senior,0,0,0,,136012,https://www.samsara.com/company/careers/roles/7992926?gh_jid=7992926
2026-08-18,IOT,Samsara,Senior Performance Marketing Manager - Paid Social,Growth Marketing,Remote - CA,nontech,senior,0,0,0,,155911,https://www.samsara.com/company/careers/roles/7941390?gh_jid=7941390
2026-08-18,IOT,Samsara,Senior Performance Marketing Manager - Paid Social,Growth Marketing,Remote - Mexico,nontech,senior,0,0,0,,,https://www.samsara.com/company/careers/roles/7992933?gh_jid=7992933
2026-08-18,IOT,Samsara,Senior Pipeline Programs Manager,Account Development Representative,Remote - US,other,senior,0,2,0,buzz,139500,https://www.samsara.com/company/careers/roles/8022378?gh_jid=8022378
2026-08-18,IOT,Samsara,Senior Product Design Engineer (Mechanical),Hardware Engineering,Remote - Taiwan,product_eng,senior,0,0,0,,,https://www.samsara.com/company/careers/roles/7842530?gh_jid=7842530
2026-08-18,IOT,Samsara,Senior Product Manager,Telematics,Remote - Canada,product_eng,senior,0,2,0,buzz,138380,https://www.samsara.com/company/careers/roles/8039658?gh_jid=8039658
2026-08-18,IOT,Samsara,Senior Product Manager,Platform,Remote - US,product_eng,senior,0,0,0,,175051,https://www.samsara.com/company/careers/roles/8112836?gh_jid=8112836
2026-08-18,IOT,Samsara,Senior Product Manager,Telematics,Remote - US,product_eng,senior,0,2,0,buzz,155911,https://www.samsara.com/company/careers/roles/8035756?gh_jid=8035756
2026-08-18,IOT,Samsara,Senior Product Manager,Telematics,London - UK2; Remote - UK,product_eng,senior,0,2,0,buzz,,https://www.samsara.com/company/careers/roles/8039663?gh_jid=8039663
2026-08-18,IOT,Samsara,Senior Recruiting Manager,Recruiting,London - UK2,nontech,senior,0,0,0,,,https://www.samsara.com/company/careers/roles/8067829?gh_jid=8067829
2026-08-18,IOT,Samsara,Senior Sales Operations Analyst,Revenue Operations,Remote - US,nontech,senior,0,0,0,,99791,https://www.samsara.com/company/careers/roles/8103641?gh_jid=8103641
2026-08-18,IOT,Samsara,Senior Security Engineer,IT Security,Remote - UK,product_eng,senior,0,0,0,,,https://www.samsara.com/company/careers/roles/8038153?gh_jid=8038153
2026-08-18,IOT,Samsara,Senior Security Operations Engineer I,IT Security,Remote - Canada,product_eng,senior,0,0,0,,152100,https://www.samsara.com/company/careers/roles/8027084?gh_jid=8027084
2026-08-18,IOT,Samsara,Senior Security Operations Engineer I,IT Security,Remote - US,product_eng,senior,0,0,0,,181590,https://www.samsara.com/company/careers/roles/8021105?gh_jid=8021105
2026-08-18,IOT,Samsara,Senior Software Engineer,STCE & Maintenance,Remote - Canada,product_eng,senior,0,10,1,application|buzz|general_medium,163800,https://www.samsara.com/company/careers/roles/8130819?gh_jid=8130819
2026-08-18,IOT,Samsara,Senior Software Engineer,STCE & Maintenance,Remote - US,product_eng,senior,0,10,1,application|buzz|general_medium,207350,https://www.samsara.com/company/careers/roles/7266439?gh_jid=7266439
2026-08-18,IOT,Samsara,Senior Software Engineer- Agentic Platform & Integrations (Full Stack),Platform,Remote - Poland,product_eng,senior,0,10,1,application|buzz,,https://www.samsara.com/company/careers/roles/8052685?gh_jid=8052685
2026-08-18,IOT,Samsara,Senior Software Engineer - Connected Workflows,Platform,Remote - US,product_eng,senior,0,0,0,,153450,https://www.samsara.com/company/careers/roles/7847219?gh_jid=7847219
2026-08-18,IOT,Samsara,Senior Software Engineer - Data Platform,Platform,Remote - Canada,product_eng,senior,0,1,0,buzz,144788,https://www.samsara.com/company/careers/roles/7992889?gh_jid=7992889
2026-08-18,IOT,Samsara,Senior Software Engineer - Data Platform,Platform,Remote - US,product_eng,senior,0,1,0,buzz,175450,https://www.samsara.com/company/careers/roles/7922530?gh_jid=7922530
2026-08-18,IOT,Samsara,Senior Software Engineer I - Agent Foundations,Platform,Remote - Canada,product_eng,senior,0,3,1,application,144788,https://www.samsara.com/company/careers/roles/7558088?gh_jid=7558088
2026-08-18,IOT,Samsara,Senior Software Engineer II,Safety,Remote - US,product_eng,senior,0,10,1,application|buzz,207350,https://www.samsara.com/company/careers/roles/8063736?gh_jid=8063736
2026-08-18,IOT,Samsara,Senior Software Engineer II,Safety,Remote - Canada,product_eng,senior,0,10,1,application|buzz,163800,https://www.samsara.com/company/careers/roles/8083934?gh_jid=8083934
2026-08-18,IOT,Samsara,Senior Software Engineer II,Hardware Engineering,Remote - Canada,product_eng,senior,0,0,0,,155400,https://www.samsara.com/company/careers/roles/8129161?gh_jid=8129161
2026-08-18,IOT,Samsara,Senior Software Engineer II - Agent Foundations,Platform,Remote - US,product_eng,senior,0,3,1,application,223500,https://www.samsara.com/company/careers/roles/7356410?gh_jid=7356410
2026-08-18,IOT,Samsara,"Senior Software Engineer II, Developer Experience / Operational Excellence",Platform,Remote - UK,product_eng,senior,0,1,0,buzz,,https://www.samsara.com/company/careers/roles/7717540?gh_jid=7717540
2026-08-18,IOT,Samsara,"Senior Software Engineer II, DevEx, OPX",Platform,Remote - Canada; Remote - US,product_eng,senior,0,1,0,buzz,207350,https://www.samsara.com/company/careers/roles/8044126?gh_jid=8044126
2026-08-18,IOT,Samsara,Senior Software Engineer II - Web Experience,Platform,Remote - US,product_eng,senior,0,2,0,buzz,207350,https://www.samsara.com/company/careers/roles/8055217?gh_jid=8055217
2026-08-18,IOT,Samsara,Senior Software Engineer - Safety Detection Precision,Safety,London - UK2,product_eng,senior,0,1,0,buzz,,https://www.samsara.com/company/careers/roles/7966918?gh_jid=7966918
2026-08-18,IOT,Samsara,Senior Training Specialist,Customer Success,Remote - US,other,senior,0,1,0,buzz,94511,https://www.samsara.com/company/careers/roles/7822470?gh_jid=7822470
2026-08-18,IOT,Samsara,Senior Trial Success Manager ,Business Value & Strategy,Remote - US,other,senior,0,0,0,,141016,https://www.samsara.com/company/careers/roles/7993670?gh_jid=7993670
2026-08-18,IOT,Samsara,Software Engineer II,Safety,Remote - US,product_eng,mid,0,8,1,application|buzz,152322,https://www.samsara.com/company/careers/roles/8036387?gh_jid=8036387
2026-08-18,IOT,Samsara,Software Engineer I (New Grad),CTO,London - UK2,product_eng,intern,0,1,0,buzz,,https://www.samsara.com/company/careers/roles/8097345?gh_jid=8097345
2026-08-18,IOT,Samsara,"Software Engineer I - New Grad, SF",CTO,San Francisco - SF9,product_eng,intern,0,1,0,buzz,148925,https://www.samsara.com/company/careers/roles/8097343?gh_jid=8097343
2026-08-18,IOT,Samsara,Software Engineering Internship - San Francisco ,CTO,San Francisco - SF9,product_eng,intern,0,1,0,buzz,,https://www.samsara.com/company/careers/roles/8082091?gh_jid=8082091
2026-08-18,IOT,Samsara,Solutions Consultant (Engagement Services Manager),Customer Success,Remote - US,other,mid,0,0,0,,127414,https://www.samsara.com/company/careers/roles/8070084?gh_jid=8070084
2026-08-18,IOT,Samsara,Solutions Integration Engineer IV,Customer Success,Remote - US,product_eng,mid,0,7,1,application|buzz,133055,https://www.samsara.com/company/careers/roles/8094156?gh_jid=8094156
2026-08-18,IOT,Samsara,Specialist Sales Engineer,Sales Engineering,Remote - US,demand_validated,mid,0,0,0,,215525,https://www.samsara.com/company/careers/roles/8105738?gh_jid=8105738
2026-08-18,IOT,Samsara,Specialist Sales Engineer,Sales Engineering,Remote - NYC,demand_validated,mid,0,0,0,,215525,https://www.samsara.com/company/careers/roles/7341443?gh_jid=7341443
2026-08-18,IOT,Samsara,Specialist Seller - Connected Maintenance - Public Sector,Product Specialists,Remote - US,other,mid,0,0,0,,425000,https://www.samsara.com/company/careers/roles/7922805?gh_jid=7922805
2026-08-18,IOT,Samsara,Specialist Seller - Connected Maintenance - Public Sector,Product Specialists,Remote - NY,other,mid,0,0,0,,425000,https://www.samsara.com/company/careers/roles/7961186?gh_jid=7961186
2026-08-18,IOT,Samsara,Specialist Seller - Connected Maintenance - Public Sector,Product Specialists,Remote - MA,other,mid,0,0,0,,425000,https://www.samsara.com/company/careers/roles/7961449?gh_jid=7961449
2026-08-18,IOT,Samsara,Specialist Seller - Connected Maintenance - Public Sector,Product Specialists,"Atlanta, Georgia, United States",other,mid,0,0,0,,425000,https://www.samsara.com/company/careers/roles/7961458?gh_jid=7961458
2026-08-18,IOT,Samsara,Specialist Seller - Connected Maintenance - Public Sector,Product Specialists,Remote - TX,other,mid,0,0,0,,425000,https://www.samsara.com/company/careers/roles/7961459?gh_jid=7961459
2026-08-18,IOT,Samsara,Specialist Seller - Connected Maintenance - Public Sector,Product Specialists,Remote - Chicago,other,mid,0,0,0,,425000,https://www.samsara.com/company/careers/roles/7961462?gh_jid=7961462
2026-08-18,IOT,Samsara,Specialist Seller - Connected Maintenance - Public Sector,Product Specialists,Remote - SF Bay Area,other,mid,0,0,0,,425000,https://www.samsara.com/company/careers/roles/7961464?gh_jid=7961464
2026-08-18,IOT,Samsara,Specialist Seller - Connected Maintenance - Public Sector,Product Specialists,Remote - LA,other,mid,0,0,0,,425000,https://www.samsara.com/company/careers/roles/7961471?gh_jid=7961471
2026-08-18,IOT,Samsara,"Specialist Seller - Core, Enterprise",Product Specialists,Remote - US,other,mid,0,0,0,,189000,https://www.samsara.com/company/careers/roles/7449097?gh_jid=7449097
2026-08-18,IOT,Samsara,"Specialist Seller, EMEA Enterprise",Product Specialists,Remote - UK,other,mid,0,0,0,,,https://www.samsara.com/company/careers/roles/8103806?gh_jid=8103806
2026-08-18,IOT,Samsara,Specialist Seller - Enterprise,Product Specialists,Remote - US,other,mid,0,0,0,,425000,https://www.samsara.com/company/careers/roles/7292081?gh_jid=7292081
2026-08-18,IOT,Samsara,"Specialist Seller, Mid-Market",Product Specialists,Remote - US,other,mid,0,1,0,buzz,110500,https://www.samsara.com/company/careers/roles/8069598?gh_jid=8069598
2026-08-18,IOT,Samsara,"Specialist Seller, Mid-Market",Product Specialists,Remote - US,other,mid,0,1,0,buzz,110500,https://www.samsara.com/company/careers/roles/7409548?gh_jid=7409548
2026-08-18,IOT,Samsara,Sr. AI Engineer,Revenue Operations,Remote - CA,product_eng,senior,1,25,1,application|buzz|data_ml_ops,170665,https://www.samsara.com/company/careers/roles/8083352?gh_jid=8083352
2026-08-18,IOT,Samsara,Sr. Business Operations Analyst - Post Sales ,Sales Business Operations,Remote - US,nontech,senior,0,0,0,,115115,https://www.samsara.com/company/careers/roles/8084045?gh_jid=8084045
2026-08-18,IOT,Samsara,"Sr. Director, Enablement - Shared Services",Revenue Operations,Remote - US,nontech,director,0,0,0,,182920,https://www.samsara.com/company/careers/roles/8041428?gh_jid=8041428
2026-08-18,IOT,Samsara,"Sr. Director, Field Activation",Revenue Operations,Remote - US,other,director,0,0,0,,182920,https://www.samsara.com/company/careers/roles/8041424?gh_jid=8041424
2026-08-18,IOT,Samsara,Sr. Knowledge Developer,Support,Remote - Mexico,product_eng,senior,0,1,0,buzz,,https://www.samsara.com/company/careers/roles/7951885?gh_jid=7951885
2026-08-18,IOT,Samsara,"Sr. Manager, Customer Success",Customer Success,Remote - US,demand_validated,senior,0,2,0,buzz,186150,https://www.samsara.com/company/careers/roles/8066951?gh_jid=8066951
2026-08-18,IOT,Samsara,"Sr. Manager, Customer Success",Customer Success,Remote - US,demand_validated,senior,0,2,0,buzz,186150,https://www.samsara.com/company/careers/roles/7589195?gh_jid=7589195
2026-08-18,IOT,Samsara,"Sr. Manager, Finance & Strategy - Marketing",Finance and Strategy,"San Francisco, CA, United States",nontech,senior,0,1,0,buzz,165360,https://www.samsara.com/company/careers/roles/8092918?gh_jid=8092918
2026-08-18,IOT,Samsara,"Sr. Manager, Global Supply",Supply Chain,Remote - US,other,senior,0,1,0,buzz,175110,https://www.samsara.com/company/careers/roles/8064980?gh_jid=8064980
2026-08-18,IOT,Samsara,"Sr. Manager, New Products Strategy",Sales Business Operations,Remote - US,other,senior,0,1,0,buzz,175500,https://www.samsara.com/company/careers/roles/8065687?gh_jid=8065687
2026-08-18,IOT,Samsara,Sr. Marketing Operations Manager - Global Lead Flow,Marketing Systems & Intelligence,Remote - US,nontech,senior,0,2,0,buzz,132308,https://www.samsara.com/company/careers/roles/8053373?gh_jid=8053373
2026-08-18,IOT,Samsara,"Sr. Product Manager I, In-vehicle Experience",Safety,Remote - US,product_eng,senior,0,2,0,buzz,155911,https://www.samsara.com/company/careers/roles/7786156?gh_jid=7786156
2026-08-18,IOT,Samsara,Sr. Product Marketing AI & Operations Manager,Product Marketing,Remote - SF Bay Area,nontech,senior,1,2,0,buzz,159899,https://www.samsara.com/company/careers/roles/7864137?gh_jid=7864137
2026-08-18,IOT,Samsara,Sr. Security Engineer - Enterprise Security,IT Security,Remote - Vancouver,product_eng,senior,0,1,0,buzz,152100,https://www.samsara.com/company/careers/roles/7834975?gh_jid=7834975
2026-08-18,IOT,Samsara,Sr. Security Engineer - Enterprise Security,IT Security,Remote - CA,product_eng,senior,0,1,0,buzz,181591,https://www.samsara.com/company/careers/roles/7752492?gh_jid=7752492
2026-08-18,IOT,Samsara,"Sr. Software Engineer, Cloud Platform ",Platform,Remote - UK,product_eng,senior,0,0,0,,,https://www.samsara.com/company/careers/roles/8042387?gh_jid=8042387
2026-08-18,IOT,Samsara,"Sr. Software Engineer II, AI Platform",Revenue Operations,Remote - SF Bay Area,product_eng,senior,1,17,1,application|buzz|data_ml_ops,164450,https://www.samsara.com/company/careers/roles/8050373?gh_jid=8050373
2026-08-18,IOT,Samsara,"Sr. Support Product Manager, Tooling and Ops",Support,Remote - Toronto,product_eng,senior,0,4,1,application|buzz,140400,https://www.samsara.com/company/careers/roles/7583834?gh_jid=7583834
2026-08-18,IOT,Samsara,"Sr. Support Product Manager, Tooling and Ops",Support,Remote - US,product_eng,senior,0,4,1,application|buzz,145015,https://www.samsara.com/company/careers/roles/7621277?gh_jid=7621277
2026-08-18,IOT,Samsara,Staff Firmware Engineer,STCE & Maintenance,Remote - SF Bay Area,product_eng,staff_principal,0,1,0,buzz,226200,https://www.samsara.com/company/careers/roles/8074536?gh_jid=8074536
2026-08-18,IOT,Samsara,Staff Machine Learning Engineer - Edge AI,Safety AI,Remote - US,product_eng,staff_principal,1,11,1,buzz|data_ml_ops|general_medium|model_infra,248820,https://www.samsara.com/company/careers/roles/7266357?gh_jid=7266357
2026-08-18,IOT,Samsara,Staff Machine Learning Engineer - Edge AI,Safety AI,Remote - Canada,product_eng,staff_principal,1,11,1,buzz|data_ml_ops|general_medium|model_infra,202350,https://www.samsara.com/company/careers/roles/7431070?gh_jid=7431070
2026-08-18,IOT,Samsara,Staff Product Design Engineer,Hardware Engineering,San Francisco - SF9,product_eng,staff_principal,0,0,0,,247500,https://www.samsara.com/company/careers/roles/7525300?gh_jid=7525300
2026-08-18,IOT,Samsara,Staff Software Engineer,STCE & Maintenance,Remote - US,product_eng,staff_principal,0,10,1,application|buzz|general_medium,226200,https://www.samsara.com/company/careers/roles/7588828?gh_jid=7588828
2026-08-18,IOT,Samsara,Staff Software Engineer,STCE & Maintenance,Remote - Canada,product_eng,staff_principal,0,10,1,application|buzz|general_medium,183825,https://www.samsara.com/company/careers/roles/8115078?gh_jid=8115078
2026-08-18,IOT,Samsara,Staff Software Engineer,STCE & Maintenance,Remote - US,product_eng,staff_principal,0,10,1,application|buzz|general_medium,226200,https://www.samsara.com/company/careers/roles/8064742?gh_jid=8064742
2026-08-18,IOT,Samsara,Staff Software Engineer,STCE & Maintenance,Remote - Canada,product_eng,staff_principal,0,10,1,application|buzz|general_medium,183825,https://www.samsara.com/company/careers/roles/8115102?gh_jid=8115102
2026-08-18,IOT,Samsara,"Staff Software Engineer, DevEx",Platform,Remote - CA,product_eng,staff_principal,0,4,1,application|buzz,226200,https://www.samsara.com/company/careers/roles/7752678?gh_jid=7752678
2026-08-18,IOT,Samsara,"Staff Software Engineer, DevEx",Platform,Remote - Canada,product_eng,staff_principal,0,4,1,application|buzz,183825,https://www.samsara.com/company/careers/roles/8109358?gh_jid=8109358
2026-08-18,IOT,Samsara,Staff Software Engineer - Platform,Platform,Remote - SF Bay Area,product_eng,staff_principal,0,0,0,,226200,https://www.samsara.com/company/careers/roles/7266385?gh_jid=7266385
2026-08-18,IOT,Samsara,Staff Software Engineer - Platform and Infrastructure,Platform,Bengaluru - BLR1,product_eng,staff_principal,0,0,0,,,https://www.samsara.com/company/careers/roles/7266287?gh_jid=7266287
2026-08-18,IOT,Samsara,"Staff Software Engineer, Routing",Telematics,Remote - CA,product_eng,staff_principal,0,0,0,,290000,https://www.samsara.com/company/careers/roles/7892030?gh_jid=7892030
2026-08-18,IOT,Samsara,Strategic Customer Success Manager,Customer Success,Remote - US,demand_validated,mid,0,0,0,,140156,https://www.samsara.com/company/careers/roles/7398075?gh_jid=7398075
2026-08-18,IOT,Samsara,Strategic Customer Success Manager,Customer Success,Remote - Canada,demand_validated,mid,0,0,0,,138513,https://www.samsara.com/company/careers/roles/8010753?gh_jid=8010753
2026-08-18,IOT,Samsara,Strategic Implementation Consultant,Customer Success,Remote - US,demand_validated,mid,0,0,0,,126908,https://www.samsara.com/company/careers/roles/8039126?gh_jid=8039126
2026-08-18,IOT,Samsara,Strategic Implementation Consultant - German Fluency,Customer Success,Remote - UK,demand_validated,mid,0,1,0,buzz,,https://www.samsara.com/company/careers/roles/8074111?gh_jid=8074111
2026-08-18,IOT,Samsara,Strategic Implementation Consultant - Public Sector,Customer Success,Remote - US,demand_validated,mid,0,0,0,,126140,https://www.samsara.com/company/careers/roles/7950044?gh_jid=7950044
2026-08-18,IOT,Samsara,"Supervisor, Sales and Contract Administration",Revenue Operations,Remote - Mexico,nontech,mid,0,0,0,,,https://www.samsara.com/company/careers/roles/8079702?gh_jid=8079702
2026-08-18,IOT,Samsara,Tech Lead Applied Scientist,Safety AI,Remote - US,other,senior,0,8,1,buzz|general_medium|model_infra,278850,https://www.samsara.com/company/careers/roles/7266629?gh_jid=7266629
2026-08-18,IOT,Samsara,Technical Support Engineer,Support,Remote - Mexico,product_eng,mid,0,1,0,buzz,,https://www.samsara.com/company/careers/roles/8068215?gh_jid=8068215
2026-08-18,IOT,Samsara,Technical Support Engineer,Support,Remote - US,product_eng,mid,0,1,0,buzz,83351,https://www.samsara.com/company/careers/roles/8017146?gh_jid=8017146
2026-08-18,IOT,Samsara,Technical Support Engineer I - Mexico,Support,Remote - Mexico,product_eng,mid,0,1,0,buzz,,https://www.samsara.com/company/careers/roles/8112694?gh_jid=8112694
2026-08-18,DASH,DoorDash,Account Executive,532 Inside Sales,"Charlotte, NC; Raleigh, NC; Tampa, FL; Orlando, FL; Pittsburgh, PA; Richmond, VA; Jacksonville, FL; Columbus, OH; Dallas, TX; Houston, TX; Minneapolis, MN; Nashville, TN; Kansas City, MO; St. Louis, MO; Tempe, AZ; Indianapolis, IN; Oklahoma City, OK; New Orleans, LA; Charleston, SC; Atlanta, GA",demand_validated,mid,0,1,0,buzz,,https://job-boards.greenhouse.io/doordashusa/jobs/7858932
2026-08-18,DASH,DoorDash,"Account Executive, Emerging Markets",532 Inside Sales,"Atlanta, GA; Tempe, AZ; Tampa, FL; Raleigh, NC; Nashville, TN; Las Vegas, NV; Dallas, TX; Houston, TX",demand_validated,mid,0,0,0,,,https://job-boards.greenhouse.io/doordashusa/jobs/8068432
2026-08-18,DASH,DoorDash,Account Executive Enterprise - Ad Sales,531 Enterprise Outside Sales,"Los Angeles, CA; Atlanta, GA; Chicago, IL; Seattle, WA",demand_validated,mid,0,2,0,buzz,195700,https://job-boards.greenhouse.io/doordashusa/jobs/7954255
2026-08-18,DASH,DoorDash,"Account Manager, CPG",531 Enterprise Outside Sales,"San Francisco, CA; New York, NY; Chicago, IL;  Los Angeles, CA; Atlanta, GA",other,mid,0,2,0,buzz,121590,https://job-boards.greenhouse.io/doordashusa/jobs/7852785
2026-08-18,DASH,DoorDash,"Account Manager, CPG",531 Enterprise Outside Sales,"New York, NY; San Francisco, CA; Los Angeles, CA; Chicago, IL; Atlanta, GA",other,mid,0,2,0,buzz,121590,https://job-boards.greenhouse.io/doordashusa/jobs/8077011
2026-08-18,DASH,DoorDash,"Account Manager, CPG",531 Enterprise Outside Sales,"New York, NY; Los Angeles, CA; Atlanta, GA; Chicago, IL; San Francisco, CA",other,mid,0,2,0,buzz,121590,https://job-boards.greenhouse.io/doordashusa/jobs/7592588
2026-08-18,DASH,DoorDash,"Account Manager, CPG Enterprise Ad Sales",531 Enterprise Outside Sales,"Chicago, IL",nontech,mid,0,2,0,buzz,145940,https://job-boards.greenhouse.io/doordashusa/jobs/8114531
2026-08-18,DASH,DoorDash,"Account Manager, Enterprise Ad Sales",531 Enterprise Outside Sales,"New York, NY; San Francisco, CA; Los Angeles, CA; Atlanta, GA; Chicago, IL; United States - Remote",nontech,mid,0,2,0,buzz,121590,https://job-boards.greenhouse.io/doordashusa/jobs/8001716
2026-08-18,DASH,DoorDash,"Account Manager, Enterprise Ad Sales",531 Enterprise Outside Sales,"New York, NY; San Francisco, CA; Los Angeles, CA; Chicago, IL; Atlanta, GA",nontech,mid,0,2,0,buzz,121590,https://job-boards.greenhouse.io/doordashusa/jobs/7951406
2026-08-18,DASH,DoorDash,"Account Manager, Enterprise Ad Sales - Restaurants",531 Enterprise Outside Sales,"New York, NY",nontech,mid,0,2,0,buzz,145940,https://job-boards.greenhouse.io/doordashusa/jobs/7719034
2026-08-18,DASH,DoorDash,"Account Manager, Mid Market CPG Partnerships",531 Enterprise Outside Sales,"New York, NY; Los Angeles, CA; Atlanta, GA; Chicago, IL; San Francisco, CA",other,mid,0,2,0,buzz,121590,https://job-boards.greenhouse.io/doordashusa/jobs/7918661
2026-08-18,DASH,DoorDash,"Account Manager, New Verticals",531 Enterprise Outside Sales,"New York, NY; San Francisco, CA; Los Angeles, CA; Chicago, IL; Atlanta, GA",other,mid,0,2,0,buzz,121680,https://job-boards.greenhouse.io/doordashusa/jobs/8119389
2026-08-18,DASH,DoorDash,"Account Manager, Platform Innovation",613 Platform Operations,"Chicago, IL; Detroit, MI; New York, NY; Philadelphia, PA; Washington, DC",other,mid,0,4,1,application|buzz,126000,https://job-boards.greenhouse.io/doordashusa/jobs/7958917
2026-08-18,DASH,DoorDash,"Account Manager, Restaurants (Bilingual Spanish)",512 Inside Account Management,"Miami, FL;  Atlanta, GA",other,mid,0,1,0,buzz,,https://job-boards.greenhouse.io/doordashusa/jobs/7899497
2026-08-18,DASH,DoorDash,"Account Manager, SMB",512 Inside Account Management,"Austin, TX; Dallas, TX; Houston, TX; San Antonio, TX",other,mid,0,1,0,buzz,,https://job-boards.greenhouse.io/doordashusa/jobs/7797773
2026-08-18,DASH,DoorDash,"Account Manager, SMB",512 Inside Account Management,"Portland, OR; Seattle, WA",other,mid,0,1,0,buzz,,https://job-boards.greenhouse.io/doordashusa/jobs/8060841
2026-08-18,DASH,DoorDash,"Account Manager, SMB",512 Inside Account Management,"Philadelphia, PA",other,mid,0,1,0,buzz,,https://job-boards.greenhouse.io/doordashusa/jobs/8060846
2026-08-18,DASH,DoorDash,"Account Manager, SMB",512 Inside Account Management,"New York, NY",other,mid,0,1,0,buzz,,https://job-boards.greenhouse.io/doordashusa/jobs/7797778
2026-08-18,DASH,DoorDash,"Account Manager, SMB",512 Inside Account Management,"Los Angeles, CA",other,mid,0,1,0,buzz,,https://job-boards.greenhouse.io/doordashusa/jobs/8029215
2026-08-18,DASH,DoorDash,"Agency Sales Partner, Enterprise Ad Sales",531 Enterprise Outside Sales,"Chicago, IL; New York, NY",nontech,mid,0,2,0,buzz,190000,https://job-boards.greenhouse.io/doordashusa/jobs/7506876
2026-08-18,DASH,DoorDash,"Agent, Critical Incident Response Team - Chicago, IL",244 Global Safety and Security,"Chicago, IL",other,mid,0,0,0,,,https://job-boards.greenhouse.io/doordashusa/jobs/8093131
2026-08-18,DASH,DoorDash,"AI & Automation Partner, GTM",351 In-Store R&D,"New York, NY",other,mid,1,12,1,application|buzz,121800,https://job-boards.greenhouse.io/doordashusa/jobs/7991290
2026-08-18,DASH,DoorDash,"AI Research Fellowship, (Summer and Fall 2026)",348 University Recruiting Engineering,"San Francisco, CA",other,mid,1,16,1,application|buzz|data_ml_ops|general_medium|model_infra,,https://job-boards.greenhouse.io/doordashusa/jobs/7848317
2026-08-18,DASH,DoorDash,"Analyst, Global Operations Center",244 Global Safety and Security,"Tempe, AZ",nontech,mid,0,0,0,,92400,https://job-boards.greenhouse.io/doordashusa/jobs/7998312
2026-08-18,DASH,DoorDash,Analytics Engineer,318 Data,"San Francisco, CA; Sunnyvale, CA;Seattle, WA",product_eng,mid,0,0,0,,145150,https://job-boards.greenhouse.io/doordashusa/jobs/7028089
2026-08-18,DASH,DoorDash,"Analytics Engineer, Data Science",331 Analytics,"Austin, TX; Chicago, IL; New York, NY; San Francisco, CA; San Jose, CA; Seattle, WA; Los Angeles, CA; Washington D.C.",product_eng,mid,0,0,0,,187000,https://job-boards.greenhouse.io/doordashusa/jobs/7967918
2026-08-18,DASH,DoorDash,Assistant Site Manager,113 Order Fulfillment Management,"Garden City, ID",other,mid,0,0,0,,,https://job-boards.greenhouse.io/doordashusa/jobs/7983731
2026-08-18,DASH,DoorDash,Assistant Site Manager,113 Order Fulfillment Management,"Denver, CO",other,mid,0,0,0,,69450,https://job-boards.greenhouse.io/doordashusa/jobs/8046559
2026-08-18,DASH,DoorDash,Assistant Site Manager,113 Order Fulfillment Management,"Dallas, TX",other,mid,0,0,0,,,https://job-boards.greenhouse.io/doordashusa/jobs/8065673
2026-08-18,DASH,DoorDash,Assistant Site Manager,113 Order Fulfillment Management,"Atlanta, GA",other,mid,0,0,0,,,https://job-boards.greenhouse.io/doordashusa/jobs/7983727
2026-08-18,DASH,DoorDash,Assistant Site Manager,113 Order Fulfillment Management,"Baltimore, MD",other,mid,0,0,0,,69450,https://job-boards.greenhouse.io/doordashusa/jobs/7847229
2026-08-18,DASH,DoorDash,Assistant Site Manager,113 Order Fulfillment Management,"Roseville, MI",other,mid,0,0,0,,,https://job-boards.greenhouse.io/doordashusa/jobs/8093121
2026-08-18,DASH,DoorDash,"Associate, Convenience Partnerships",531 Enterprise Outside Sales,"New York, NY; San Francisco, CA; Los Angeles, CA; Atlanta, GA; Chicago, IL; Austin, TX; Miami, FL",other,mid,0,2,0,buzz,115800,https://job-boards.greenhouse.io/doordashusa/jobs/7985771
2026-08-18,DASH,DoorDash,"Associate, Cx Campaign Operations - Strategic Bets",412 Growth Marketing,"San Francisco, CA; New York, NY; Seattle, WA; Chicago, IL;  Los Angeles, CA; Tempe, AZ; Denver, CO; Boston, MA; Austin, TX; Washington D.C.",nontech,mid,0,0,0,,88200,https://job-boards.greenhouse.io/doordashusa/jobs/7985616
2026-08-18,DASH,DoorDash,"Associate, Drive",613 Platform Operations,"New York, NY; San Francisco, CA",other,mid,0,0,0,,92400,https://job-boards.greenhouse.io/doordashusa/jobs/7684729
2026-08-18,DASH,DoorDash,"Associate, Finance & Strategy - Corporate Finance",232 Finance & Strategy,"Austin, TX; Chicago, IL; Denver, CO; Los Angeles, LA; New York, NY; San Francisco, CA; Seattle, WA",nontech,mid,0,0,0,,107500,https://job-boards.greenhouse.io/doordashusa/jobs/6333525
2026-08-18,DASH,DoorDash,"Associate, Finance & Strategy - New Verticals",232 Finance & Strategy,"San Francisco, CA; Seattle, WA; Los Angeles, CA; Austin, TX; Chicago, IL; New York, NY",nontech,mid,0,0,0,,107500,https://job-boards.greenhouse.io/doordashusa/jobs/8053265
2026-08-18,DASH,DoorDash,"Associate Manager, AI Research Lab Strategy & Operations",314 AI Research Lab,"San Francisco, CA; Sunnyvale, CA; Los Angeles, CA; Seattle, WA; New York, NY",nontech,mid,1,7,1,application|buzz|data_ml_ops,139500,https://job-boards.greenhouse.io/doordashusa/jobs/7658934
2026-08-18,DASH,DoorDash,"Associate Manager, Consumer Integrated Marketing - New Verticals Habituation",412 Growth Marketing,"New York, NY; San Francisco, CA; Chicago, IL; Denver, CO; Boston, MA; Austin, TX; Atlanta, GA; Miami, FL; Seattle, WA; Washington D.C.; United States - Remote",nontech,mid,0,0,0,,134400,https://job-boards.greenhouse.io/doordashusa/jobs/7958799
2026-08-18,DASH,DoorDash,"Associate Manager, Consumer Lifecycle Marketing, New",412 Growth Marketing,United States - Remote,nontech,mid,0,0,0,,134400,https://job-boards.greenhouse.io/doordashusa/jobs/8035314
2026-08-18,DASH,DoorDash,"Associate Manager, DashMart - Grocery Strategy & Operations",633 DashMart Strategy & Operations,"San Francisco, CA; Los Angeles, CA; Seattle, WA; Chicago, IL; Phoenix, AZ; Washington D.C.; New York, NY",nontech,mid,0,1,0,buzz,130200,https://job-boards.greenhouse.io/doordashusa/jobs/8037031
2026-08-18,DASH,DoorDash,"Associate Manager, DashMart - Network Strategy & Analytics",633 DashMart Strategy & Operations,"San Francisco, CA; Los Angeles, CA; Seattle, WA; Denver, CO; Chicago, IL; Phoenix, AZ; Washington, DC; New York, NY",other,mid,0,1,0,buzz,130200,https://job-boards.greenhouse.io/doordashusa/jobs/7793527
2026-08-18,DASH,DoorDash,"Associate Manager, Integrated Marketing",412 Growth Marketing,"New York, NY; San Francisco, CA",nontech,mid,0,0,0,,134400,https://job-boards.greenhouse.io/doordashusa/jobs/7998424
2026-08-18,DASH,DoorDash,"Associate Manager, Integrated Marketing, Consumer - DashPass Benefits",412 Growth Marketing,"New York, NY; San Francisco, CA; Seattle, WA; Los Angeles, CA; Sunnyvale, CA; Chicago, IL; Austin, TX; Denver, CO; Atlanta, GA; Miami, FL; Boston, MA; Washington D.C.",nontech,mid,0,0,0,,134400,https://job-boards.greenhouse.io/doordashusa/jobs/8082760
2026-08-18,DASH,DoorDash,"Associate Manager, International Ads & Promotions",641 Ads & Promotions Strategy,"San Francisco, CA; Seattle, WA; Los Angeles, CA; New York, NY",other,intern,0,0,0,,130200,https://job-boards.greenhouse.io/doordashusa/jobs/7984761
2026-08-18,DASH,DoorDash,"Associate Manager, Marketplace - Restaurant Growth Strategy & Operations",614 Strategy & Operations,"New York, NY",nontech,mid,0,0,0,,130200,https://job-boards.greenhouse.io/doordashusa/jobs/7961650
2026-08-18,DASH,DoorDash,"Associate Manager, Merchant Strategy & Operations",541 Merchant Strategy and Operations,"New York, NY; San Francisco, CA; Seattle, WA; Chicago, IL; Austin, TX; Denver, CO; Atlanta, GA",nontech,mid,0,1,0,buzz,130200,https://job-boards.greenhouse.io/doordashusa/jobs/8052242
2026-08-18,DASH,DoorDash,"Associate Manager, New Verticals - Consumer Pricing & Affordability",632 New Business Verticals,"New York, NY; San Francisco, CA; Los Angeles, CA; Seattle, WA; Washington, DC; Tempe, AZ",other,mid,0,1,0,buzz,130200,https://job-boards.greenhouse.io/doordashusa/jobs/8092065
2026-08-18,DASH,DoorDash,"Associate Manager, New Verticals - Convenience Strategy & Operations",632 New Business Verticals,"New York, NY; San Francisco, CA; Seattle, WA; Los Angeles, CA; Washington D.C.; Tempe, AZ; Chicago, IL",nontech,mid,0,1,0,buzz,130200,https://job-boards.greenhouse.io/doordashusa/jobs/8004278
2026-08-18,DASH,DoorDash,"Associate Manager, New Verticals - Retail Strategy & Operations",632 New Business Verticals,"New York, NY; San Francisco, CA; Seattle, WA; Los Angeles, CA; Chicago, IL; Tempe, AZ; Denver, CO; Washington, DC",nontech,mid,0,1,0,buzz,130200,https://job-boards.greenhouse.io/doordashusa/jobs/8056158
2026-08-18,DASH,DoorDash,"Associate Manager, New Verticals Strategy & Operations - Merchant Finance",541 Merchant Strategy and Operations,"New York, NY; San Francisco, CA; United States - Remote",nontech,mid,0,1,0,buzz,130200,https://job-boards.greenhouse.io/doordashusa/jobs/7996665
2026-08-18,DASH,DoorDash,"Associate Manager Product Operations, Autonomy Commercialization - DoorDash Dot",631 Autonomy Operations,"San Francisco, CA",nontech,mid,0,0,0,,105450,https://job-boards.greenhouse.io/doordashusa/jobs/8079346
2026-08-18,DASH,DoorDash,"Associate Manager, Product Operations GTM - Strategy & Operations",613 Platform Operations,"Los Angeles, CA; New York, NY",nontech,mid,0,0,0,,130200,https://job-boards.greenhouse.io/doordashusa/jobs/7809178
2026-08-18,DASH,DoorDash,"Associate Manager, Restaurant Off Platform Measurement",641 Ads & Promotions Strategy,"New York, NY; Washington, DC; Atlanta, GA; Miami, FL; Boston, MA; Philadelphia, PA; Chicago, IL; Houston, TX; Dallas, TX; Austin, TX; Phoenix, AZ; Denver, CO; Seattle, WA; Portland, OR; San Francisco, CA; Los Angeles, CA; United States - Remote",other,mid,0,0,0,,130200,https://job-boards.greenhouse.io/doordashusa/jobs/8056412
2026-08-18,DASH,DoorDash,"Associate Manager, Retail Partnerships",531 Enterprise Outside Sales,"San Francisco, CA; New York, NY; Seattle, WA; Chicago, IL;  Los Angeles, CA",other,mid,0,2,0,buzz,136700,https://job-boards.greenhouse.io/doordashusa/jobs/7909102
2026-08-18,DASH,DoorDash,"Associate Manager, Sales Planning & Strategy",536 Sales S&O,"San Francisco, CA; New York, NY; Atlanta, GA; Chicago, IL; Denver, CO; Washington, DC; Austin, TX; Phoenix, AZ; Los Angeles, CA; Seattle, WA; Boston, MA",nontech,mid,0,1,0,buzz,130200,https://job-boards.greenhouse.io/doordashusa/jobs/7984827
2026-08-18,DASH,DoorDash,"Associate Manager, Sales Planning & Strategy, DoorDash for Business",635 DDfB,"New York, NY",nontech,mid,0,1,0,buzz,130200,https://job-boards.greenhouse.io/doordashusa/jobs/8039421
2026-08-18,DASH,DoorDash,"Associate Manager, - Strategy & Operations",613 Platform Operations,austin,nontech,mid,0,2,0,buzz,,https://job-boards.greenhouse.io/doordashusa/jobs/8131068
2026-08-18,DASH,DoorDash,"Associate Manager, Strategy & Operations",613 Platform Operations,"New York, NY; Washington, D.C,; San Francisco, CA",nontech,mid,0,1,0,buzz,130200,https://job-boards.greenhouse.io/doordashusa/jobs/7996727
2026-08-18,DASH,DoorDash,"Associate Manager, Strategy & Operations for Marketing Products, In-Store",636 In-Store S&O,"New York, NY; Miami, FL; Washington D.C.",nontech,mid,0,0,0,,130200,https://job-boards.greenhouse.io/doordashusa/jobs/8064747
2026-08-18,DASH,DoorDash,"Associate Manager, Strategy & Operations (In-Store)",636 In-Store S&O,"New York, NY",nontech,mid,0,0,0,,130200,https://job-boards.greenhouse.io/doordashusa/jobs/7819552
2026-08-18,DASH,DoorDash,"Associate, Marketplace, DashPass S&O",614 Strategy & Operations,"New York, NY",other,mid,0,0,0,,92400,https://job-boards.greenhouse.io/doordashusa/jobs/8096911
2026-08-18,DASH,DoorDash,"Associate, New Verticals - Catalog Strategy & Operations",632 New Business Verticals,"New York, NY; San Francisco, CA; Los Angeles, CA; Chicago, IL; Seattle, WA; Washington, DC; Tempe, AZ",nontech,mid,0,1,0,buzz,92400,https://job-boards.greenhouse.io/doordashusa/jobs/8021914
2026-08-18,DASH,DoorDash,"Associate, New Verticals - Convenience Strategy & Operations",632 New Business Verticals,"New York, NY; San Francisco, CA; Seattle, WA; Los Angeles, CA; Washington D.C.; Tempe, AZ; Mountain View, CA",nontech,mid,0,1,0,buzz,92400,https://job-boards.greenhouse.io/doordashusa/jobs/7980105
2026-08-18,DASH,DoorDash,"Associate, New Verticals - Flex Strategy & Operations",632 New Business Verticals,"New York, NY; San Francisco, CA",nontech,mid,0,1,0,buzz,92400,https://job-boards.greenhouse.io/doordashusa/jobs/8076068
2026-08-18,DASH,DoorDash,"Associate, New Verticals - Fulfillment Strategy & Operations",632 New Business Verticals,"San Francisco, CA; Los Angeles, CA; New York, NY; Chicago, IL; Seattle, WA; Washington D.C.",nontech,mid,0,1,0,buzz,92400,https://job-boards.greenhouse.io/doordashusa/jobs/7525219
2026-08-18,DASH,DoorDash,"Associate Operations Manager, Service, Labs (PM Shift) - DoorDash Dot",631 Autonomy Operations,"Phoenix, AZ; Mesa, AZ; Chandler, AZ; Gilbert, AZ; Maricopa, AZ; Casa Grande, AZ; Glendale, AZ; Scottsdale, AZ",product_eng,mid,0,0,0,,,https://job-boards.greenhouse.io/doordashusa/jobs/8096944
2026-08-18,DASH,DoorDash,"Associate Operations Manager, Service Operations, Labs - DoorDash Dot",631 Autonomy Operations,"Dublin, CA; Sunnyvale, CA; San Jose, CA",nontech,mid,0,0,0,,125200,https://job-boards.greenhouse.io/doordashusa/jobs/8055720
2026-08-18,DASH,DoorDash,"Associate Ops Manager, Robot - DoorDash Dot",631 Autonomy Operations,"Salt Lake City, UT",other,mid,0,0,0,,,https://job-boards.greenhouse.io/doordashusa/jobs/8072970
2026-08-18,DASH,DoorDash,Associate - Product Operations,613 Platform Operations,"Phoenix, AZ; Chicago, IL; San Francisco, CA; United States- Remote",nontech,mid,0,0,0,,92400,https://job-boards.greenhouse.io/doordashusa/jobs/7794002
2026-08-18,DASH,DoorDash,"Associate, Project Management, Asset Protection and Safety",244 Global Safety and Security,"San Francisco, CA; Los Angeles, CA; New York, NY; Tempe, AZ; Chicago, IL; Seattle, WA; United States - Remote",other,mid,0,0,0,,92400,https://job-boards.greenhouse.io/doordashusa/jobs/8028658
2026-08-18,DASH,DoorDash,"Associate, Retail Partnerships",531 Enterprise Outside Sales,United States - Remote,other,mid,0,2,0,buzz,110700,https://job-boards.greenhouse.io/doordashusa/jobs/7908380
2026-08-18,DASH,DoorDash,"Associate, Revenue Operations - Ads & Promotions",641 Ads & Promotions Strategy,"New York, NY; Washington, DC; Chicago, IL; Seattle, WA; San Francisco, CA; Los Angeles, CA; Phoenix, AZ",nontech,mid,0,1,0,buzz,92400,https://job-boards.greenhouse.io/doordashusa/jobs/8049270
2026-08-18,DASH,DoorDash,"Associate, Strategy and Operations - Dasher Fraud",621 Support Management,"New York, NY; Chicago, IL",nontech,mid,0,0,0,,92400,https://job-boards.greenhouse.io/doordashusa/jobs/8077587
2026-08-18,DASH,DoorDash,Business Development Lead - Digital Ordering Specialist,531 Enterprise Outside Sales,United States - Remote,other,senior,0,2,0,buzz,186560,https://job-boards.greenhouse.io/doordashusa/jobs/8017119
2026-08-18,DASH,DoorDash,Business Systems Product Owner,545 GTM Technology,"Chicago, IL; Los Angeles, CA; New York, NY; San Francisco, CA; Seattle, WA",other,mid,0,0,0,,150100,https://job-boards.greenhouse.io/doordashusa/jobs/6617009
2026-08-18,DASH,DoorDash,"Catering Concierge Specialist, DoorDash for Business",635 DDfB,"Chicago, IL",other,mid,0,1,0,buzz,,https://job-boards.greenhouse.io/doordashusa/jobs/8089963
2026-08-18,DASH,DoorDash,Client Success Manager,512 Inside Account Management,"San Francisco, CA",other,mid,0,1,0,buzz,,https://job-boards.greenhouse.io/doordashusa/jobs/8060832
2026-08-18,DASH,DoorDash,Corporate Development Manager,211 Corporate Development,"New York, NY; San Francisco, CA; Chicago, IL; Los Angeles, CA",other,mid,0,0,0,,189000,https://job-boards.greenhouse.io/doordashusa/jobs/7811761
2026-08-18,DASH,DoorDash,Customer Success Manager,613 Platform Operations,United States - Remote,demand_validated,mid,0,0,0,,92400,https://job-boards.greenhouse.io/doordashusa/jobs/8122489
2026-08-18,DASH,DoorDash,"Customer Success Manager, SMB",512 Inside Account Management,"Boston, MA",demand_validated,mid,0,1,0,buzz,,https://job-boards.greenhouse.io/doordashusa/jobs/7958977
2026-08-18,DASH,DoorDash,Dasher Marketing Manager - New Bets,412 Growth Marketing,"New York, NY; San Francisco, CA; Seattle, WA; Los Angeles, CA; Sunnyvale, CA; Chicago, IL; Austin, TX; Denver, CO; Atlanta, GA; Miami, FL; Boston, MA; Washington, DC",nontech,mid,0,1,0,buzz,176400,https://job-boards.greenhouse.io/doordashusa/jobs/8041387
2026-08-18,DASH,DoorDash,DashMart Team Member,112 Order Fulfillment,"Indianapolis, IN",other,mid,0,0,0,,,https://job-boards.greenhouse.io/doordashusa/jobs/7093699
2026-08-18,DASH,DoorDash,DashMart Team Member - Castleton,112 Order Fulfillment,"Indianapolis, IN",other,mid,0,0,0,,,https://job-boards.greenhouse.io/doordashusa/jobs/6132180
2026-08-18,DASH,DoorDash,DashMart Team Member - Deer Park,112 Order Fulfillment,"Newport News, VA",other,mid,0,0,0,,,https://job-boards.greenhouse.io/doordashusa/jobs/5593102
2026-08-18,DASH,DoorDash,DashMart Team Member - Downtown Oklahoma City,112 Order Fulfillment,"Oklahoma City, OK",other,mid,0,0,0,,,https://job-boards.greenhouse.io/doordashusa/jobs/6813470
2026-08-18,DASH,DoorDash,DashMart Team Member - East Memphis,112 Order Fulfillment,"Memphis, TN",other,mid,0,0,0,,,https://job-boards.greenhouse.io/doordashusa/jobs/7163454
2026-08-18,DASH,DoorDash,DashMart Team Member - Grandview,112 Order Fulfillment,"Columbus, OH",other,mid,0,0,0,,,https://job-boards.greenhouse.io/doordashusa/jobs/6133069
2026-08-18,DASH,DoorDash,DashMart Team Member - Jacksonville,112 Order Fulfillment,"Jacksonville, FL",other,mid,0,0,0,,,https://job-boards.greenhouse.io/doordashusa/jobs/6455300
2026-08-18,DASH,DoorDash,DashMart Team Member - Lexington,112 Order Fulfillment,"Lexington, KY",other,mid,0,0,0,,,https://job-boards.greenhouse.io/doordashusa/jobs/4522583
2026-08-18,DASH,DoorDash,DashMart Team Member - Morrow,112 Order Fulfillment,"Morrow, GA",other,mid,0,0,0,,,https://job-boards.greenhouse.io/doordashusa/jobs/7245979
2026-08-18,DASH,DoorDash,DashMart Team Member - North Sacramento,112 Order Fulfillment,"Sacramento, CA",other,mid,0,0,0,,,https://job-boards.greenhouse.io/doordashusa/jobs/7219523
2026-08-18,DASH,DoorDash,DashMart Team Member  - Sharon Hill,112 Order Fulfillment,"Sharon Hill, PA",other,mid,0,0,0,,,https://job-boards.greenhouse.io/doordashusa/jobs/6104302
2026-08-18,DASH,DoorDash,DashMart Team Member - Tallmadge,112 Order Fulfillment,"Akron, OH",other,mid,0,0,0,,,https://job-boards.greenhouse.io/doordashusa/jobs/6770099
2026-08-18,DASH,DoorDash,DashMart Team Member - University ,112 Order Fulfillment,"Charlotte, NC",other,mid,0,0,0,,,https://job-boards.greenhouse.io/doordashusa/jobs/5517406
2026-08-18,DASH,DoorDash,DashMart Team Member - Wick Field,112 Order Fulfillment,"Milwaukee, WI",other,mid,0,0,0,,,https://job-boards.greenhouse.io/doordashusa/jobs/7868745
2026-08-18,DASH,DoorDash,DashMart Variable Schedule Team Member,112 Order Fulfillment,"Tempe, AZ",other,mid,0,0,0,,,https://job-boards.greenhouse.io/doordashusa/jobs/7436104
2026-08-18,DASH,DoorDash,DashMart Variable Schedule Team Member,112 Order Fulfillment,"Morrow, GA",other,mid,0,0,0,,,https://job-boards.greenhouse.io/doordashusa/jobs/7616066
2026-08-18,DASH,DoorDash,DashMart Variable Schedule Team Member,112 Order Fulfillment,"St. Louis, MO",other,mid,0,0,0,,,https://job-boards.greenhouse.io/doordashusa/jobs/7616101
2026-08-18,DASH,DoorDash,"Data Analyst, In-Store",331 Analytics,"New York, NY; San Francisco, CA; San Jose, CA; Seattle, WA; Los Angeles, CA; Washington D.C.; Austin, TX; Chicago, IL",other,mid,0,2,0,buzz,121800,https://job-boards.greenhouse.io/doordashusa/jobs/7990832
2026-08-18,DASH,DoorDash,Data Scientist / Senior Data Scientist,331 Analytics,"San Francisco, CA; Seattle, WA; New York, NY; Los Angeles, CA; Chicago, IL; Austin, TX; Washington D.C.",product_eng,senior,0,1,0,buzz,197550,https://job-boards.greenhouse.io/doordashusa/jobs/6103225
2026-08-18,DASH,DoorDash,"Director, Analytics, Commerce Platform",331 Analytics,"New York,NY; San Francisco, CA; Sunnyvale, CA; Seattle, WA",other,director,0,2,0,general_medium,315000,https://job-boards.greenhouse.io/doordashusa/jobs/7822599
2026-08-18,DASH,DoorDash,"Director, Analytics, New Verticals Consumer",331 Analytics,"New York, NY; San Francisco, CA; Seattle, WA; Sunnyvale, CA",other,director,0,3,0,buzz|general_medium,315000,https://job-boards.greenhouse.io/doordashusa/jobs/8052254
2026-08-18,DASH,DoorDash,"Director, Customer Experience Strategy & Operations",621 Support Management,"San Francisco, CA; New York, NY; Tempe, AZ; Sunnyvale, CA; Ann Arbor, MI; Chicago, IL; Washington, DC; Seattle, WA; Los Angeles, CA",nontech,director,0,1,0,buzz,210000,https://job-boards.greenhouse.io/doordashusa/jobs/7983379
2026-08-18,DASH,DoorDash,"Director, Design for Brands",321 Product Design,"San Francisco, CA; New York, NY",nontech,director,0,0,0,,298200,https://job-boards.greenhouse.io/doordashusa/jobs/8106731
2026-08-18,DASH,DoorDash,"Director, Enterprise Sales & Strategic Partnerships",535 DDfB Sales,"New York, NY; Los Angeles, CA; San Francisco, CA; United States - Remote",nontech,director,0,0,0,,249370,https://job-boards.greenhouse.io/doordashusa/jobs/7895617
2026-08-18,DASH,DoorDash,"Director, Grocery & Retail Services",632 New Business Verticals,"San Francisco, CA; New York, NY; Seattle, WA; Denver, CO; Chicago, IL; Austin, TX; Atlanta, GA; Boston, MA; Miami, FL; United States - Remote",other,director,0,0,0,,243600,https://job-boards.greenhouse.io/doordashusa/jobs/7955008
2026-08-18,DASH,DoorDash,"Director of Engineering, Logistics",342 Logistics Engineering,"San Francisco, CA; Sunnyvale, CA",product_eng,director,0,12,1,application|buzz|data_ml_ops|general_medium|model_infra,331800,https://job-boards.greenhouse.io/doordashusa/jobs/7891795
2026-08-18,DASH,DoorDash,"Director of Sales Enablement, Training & Go-to-Market",536 Sales S&O,"San Francisco, CA; New York City, NY; Atlanta, GA; Chicago, IL; Denver, CO; Washington D.C.; Austin, TX; Phoenix, AZ; Los Angeles, CA; Seattle, WA; Boston, MA",nontech,director,0,11,1,application|buzz,231000,https://job-boards.greenhouse.io/doordashusa/jobs/7976504
2026-08-18,DASH,DoorDash,"Director, Restaurant Ads & Promotions - Strategy & Operations - SMB Growth",641 Ads & Promotions Strategy,"New York, NY; San Francisco, CA; Los Angeles, CA",nontech,director,0,0,0,,243600,https://job-boards.greenhouse.io/doordashusa/jobs/7844261
2026-08-18,DASH,DoorDash,"Director Strategy & Operations, Local Markets ",614 Strategy & Operations,"San Francisco, CA; New York, NY; Seattle, WA; Chicago, IL; Atlanta, GA; Denver, CO; Boston, MA; Austin, TX; Dallas, TX; Houston, TX; Miami, FL",nontech,director,0,1,0,buzz,243600,https://job-boards.greenhouse.io/doordashusa/jobs/7818935
2026-08-18,DASH,DoorDash,"Director, Strategy & Operations – New Business",614 Strategy & Operations,"New York, NY; Chicago, IL; San Francisco, CA; United States - Remote",nontech,director,0,1,0,buzz,243600,https://job-boards.greenhouse.io/doordashusa/jobs/8024630
2026-08-18,DASH,DoorDash,Electrical Engineer - Consumer Electronics,311 Autonomy,"San Francisco, CA",product_eng,mid,0,0,0,,210000,https://job-boards.greenhouse.io/doordashusa/jobs/7685075
2026-08-18,DASH,DoorDash,Electrical Engineer - DoorDash Air,311 Autonomy,"San Fransisco, CA ",product_eng,mid,0,0,0,,172200,https://job-boards.greenhouse.io/doordashusa/jobs/8103352
2026-08-18,DASH,DoorDash,Electrical Engineer - DoorDash Dot,311 Autonomy,"Oakland, CA",product_eng,mid,0,0,0,,210000,https://job-boards.greenhouse.io/doordashusa/jobs/7729872
2026-08-18,DASH,DoorDash,"Embedded Software Engineer - Labs, DoorDash Air",311 Autonomy,"San Francisco, CA",product_eng,mid,0,1,0,buzz,197400,https://job-boards.greenhouse.io/doordashusa/jobs/8122134
2026-08-18,DASH,DoorDash,"Engineering Manager, Backend Frameworks",313 Infrastructure Engineering,"San Francisco, CA; Sunnyvale, CA; Seattle, WA; Los Angeles, CA; New York, NY",product_eng,mid,0,1,0,buzz,239400,https://job-boards.greenhouse.io/doordashusa/jobs/7259738
2026-08-18,DASH,DoorDash,"Engineering Manager, Data",318 Data,"San Francisco, CA; Sunnyvale, CA; Seattle, WA",product_eng,mid,0,1,0,buzz,239400,https://job-boards.greenhouse.io/doordashusa/jobs/7580712
2026-08-18,DASH,DoorDash,"Engineering Manager, Discovery Experience",341 Executive Engineering,"San Francisco, CA; Sunnyvale, CA",product_eng,mid,0,3,1,application,239400,https://job-boards.greenhouse.io/doordashusa/jobs/8073192
2026-08-18,DASH,DoorDash,"Engineering Manager, Merchant, AI/ML",341 Executive Engineering,"San Francisco, CA; Sunnyvale, CA; Seattle, WA; New York, NY",product_eng,mid,1,17,1,application|buzz|general_medium,239400,https://job-boards.greenhouse.io/doordashusa/jobs/7456678
2026-08-18,DASH,DoorDash,"Engineering Manager, Merchant Tablet",341 Executive Engineering,"San Francisco, CA; Sunnyvale, CA",product_eng,mid,0,2,0,buzz,239400,https://job-boards.greenhouse.io/doordashusa/jobs/7974972
2026-08-18,DASH,DoorDash,"Engineering Manager, Mobile Developer Experience",313 Infrastructure Engineering,"San Francisco, CA; Sunnyvale, CA; Seattle, WA; Los Angeles, CA; New York, New York",product_eng,mid,0,0,0,,239400,https://job-boards.greenhouse.io/doordashusa/jobs/8119303
2026-08-18,DASH,DoorDash,"Engineering Manager, Parcel",341 Executive Engineering,"Sunnyvale, CA; San Francisco, CA; Seattle, WA",product_eng,mid,0,0,0,,239400,https://job-boards.greenhouse.io/doordashusa/jobs/7462896
2026-08-18,DASH,DoorDash,"Engineering Manager, People Applications",242 IT,"Washington D.C.; Austin, TX; Baltimore, MD; Chicago, IL; Hartford, CT; New Haven, CT; Philadelphia, PA; Miami, FL; Atlanta, GA",product_eng,mid,0,8,1,application|buzz|model_infra,201600,https://job-boards.greenhouse.io/doordashusa/jobs/8123086
2026-08-18,DASH,DoorDash,"Engineering Manager, Proactive Security",315 Security Engineering,"Los Angeles, CA; San Francisco, CA; New York, NY",product_eng,mid,0,4,1,application|buzz,239400,https://job-boards.greenhouse.io/doordashusa/jobs/7983489
2026-08-18,DASH,DoorDash,"Engineering Manager, Red Team",315 Security Engineering,United States - Remote,product_eng,mid,0,0,0,,239400,https://job-boards.greenhouse.io/doordashusa/jobs/7833708
2026-08-18,DASH,DoorDash,Enterprise Account Executive - Ad Sales,531 Enterprise Outside Sales,"Chicago, IL",demand_validated,mid,0,2,0,buzz,234710,https://job-boards.greenhouse.io/doordashusa/jobs/8036633
2026-08-18,DASH,DoorDash," Enterprise Account Executive, DoorDash for Business",535 DDfB Sales,"Los Angeles, CA",demand_validated,mid,0,1,0,buzz,165440,https://job-boards.greenhouse.io/doordashusa/jobs/8079888
2026-08-18,DASH,DoorDash,"Enterprise Account Executive, DoorDash for Business",535 DDfB Sales,United States - Remote,demand_validated,mid,0,1,0,buzz,137280,https://job-boards.greenhouse.io/doordashusa/jobs/8126607
2026-08-18,DASH,DoorDash,Enterprise Security Engineer,315 Security Engineering,United States - Remote,product_eng,mid,0,1,0,buzz,161300,https://job-boards.greenhouse.io/doordashusa/jobs/7983583
2026-08-18,DASH,DoorDash,Executive Assistant,341 Executive Engineering,"San Francisco, CA, Seattle, WA",other,mid,0,1,0,buzz,121800,https://job-boards.greenhouse.io/doordashusa/jobs/8108918
2026-08-18,DASH,DoorDash,Firmware Validation & Integration Engineer,311 Autonomy,"San Francisco, CA; Oakland, CA",product_eng,mid,0,0,0,,239400,https://job-boards.greenhouse.io/doordashusa/jobs/8010514
2026-08-18,DASH,DoorDash,"Flight Test Engineer, DoorDash Air",311 Autonomy,"San Francisco, CA",product_eng,mid,0,0,0,,197400,https://job-boards.greenhouse.io/doordashusa/jobs/8082005
2026-08-18,DASH,DoorDash,"FPV Pilot – Acro Line-of-Sight Specialist, DoorDash Air",631 Autonomy Operations,"Bay Point, CA",other,mid,0,0,0,,,https://job-boards.greenhouse.io/doordashusa/jobs/8068444
2026-08-18,DASH,DoorDash,"Franchise Account Executive, Ad Sales",531 Enterprise Outside Sales,"New York, NY; Atlanta, GA; Chicago, IL",demand_validated,mid,0,2,0,buzz,162680,https://job-boards.greenhouse.io/doordashusa/jobs/8069361
2026-08-18,DASH,DoorDash,"Franchise Account Executive, Enterprise Sales",515 Enterprise Account Management,United States - Remote,demand_validated,mid,0,2,0,buzz,,https://job-boards.greenhouse.io/doordashusa/jobs/8074438
2026-08-18,DASH,DoorDash,Franchise Strategic Account Development Executive,513 Outside Account Development,"Austin, TX; San Antonio, TX; Dallas, TX; New York, NY; Long Island, NY",other,mid,0,0,0,,161920,https://job-boards.greenhouse.io/doordashusa/jobs/7952020
2026-08-18,DASH,DoorDash,"Franchise Strategic Account Development Executive, Marketplace - Bilingual Spanish Required ",513 Outside Account Development,"Austin, TX; San Antonio, TX; Dallas, TX; New York, NY; Long Island, NY",other,mid,0,0,0,,161920,https://job-boards.greenhouse.io/doordashusa/jobs/8108542
2026-08-18,DASH,DoorDash,"Front-End Web Developer, B2B, Marketing Technology",412 Growth Marketing,"San Francisco, CA; New York, NY; Washington D.C.; United States - Remote",product_eng,mid,0,1,0,buzz,134400,https://job-boards.greenhouse.io/doordashusa/jobs/8028899
2026-08-18,DASH,DoorDash,Full-time Line Cook,114 Kitchen Ops,"Redwood City, CA",other,mid,0,0,0,,,https://job-boards.greenhouse.io/doordashusa/jobs/4820117
2026-08-18,DASH,DoorDash,"Ground Support Operators, Labs - DoorDash Air",631 Autonomy Operations,"Bay Point, CA; Oakland, CA",nontech,mid,0,0,0,,,https://job-boards.greenhouse.io/doordashusa/jobs/8048543
2026-08-18,DASH,DoorDash,Growth Merchant Lead - Emerging Markets (Boston),533 Outside Sales,"Boston, MA",other,senior,0,0,0,,161920,https://job-boards.greenhouse.io/doordashusa/jobs/8023389
2026-08-18,DASH,DoorDash,Growth Merchant Lead - Emerging Markets (Indiana),533 Outside Sales,"Indianapolis, IN",other,senior,0,0,0,,161920,https://job-boards.greenhouse.io/doordashusa/jobs/7983460
2026-08-18,DASH,DoorDash,Growth Merchant Lead - Emerging Markets (Montana),533 Outside Sales,"Missoula, MT; Helena, MT; Bozeman, MT",other,senior,0,0,0,,,https://job-boards.greenhouse.io/doordashusa/jobs/8023386
2026-08-18,DASH,DoorDash,Growth Merchant Lead - Emerging Markets (New York),533 Outside Sales,"Albany, NY",other,senior,0,0,0,,161920,https://job-boards.greenhouse.io/doordashusa/jobs/8051025
2026-08-18,DASH,DoorDash,Growth Merchant Lead - Emerging Markets (Ohio),533 Outside Sales,"Cincinatti, OH; Columbus, OH",other,senior,0,0,0,,161920,https://job-boards.greenhouse.io/doordashusa/jobs/8072202
2026-08-18,DASH,DoorDash,GTM Program Manager,536 Sales S&O,United States - Remote,other,mid,0,0,0,,155400,https://job-boards.greenhouse.io/doordashusa/jobs/8089089
2026-08-18,DASH,DoorDash,"Hardware Integration Engineer, DoorDash Air",631 Autonomy Operations,"Oakland, CA; San Francisco, CA",product_eng,mid,0,1,0,buzz,135250,https://job-boards.greenhouse.io/doordashusa/jobs/7947260
2026-08-18,DASH,DoorDash,Hardware Integration Engineer - DoorDash Dot,311 Autonomy,"Oakland, CA",product_eng,mid,0,0,0,,135250,https://job-boards.greenhouse.io/doordashusa/jobs/8070993
2026-08-18,DASH,DoorDash,Hardware Prototype Engineering Technician - DoorDash Air,631 Autonomy Operations,"San Francisco, CA",product_eng,mid,0,1,0,buzz,,https://job-boards.greenhouse.io/doordashusa/jobs/7272947
2026-08-18,DASH,DoorDash,Hardware Validation Engineer - DoorDash Dot,311 Autonomy,"Oakland, CA",product_eng,mid,0,1,0,buzz,172200,https://job-boards.greenhouse.io/doordashusa/jobs/8090031
2026-08-18,DASH,DoorDash,"Head of Global Revenue Operations, In-Store",413 In-Store Marketing,"New York, NY; Chicago, IL; San Francisco, CA; Washington D.C.; Tempe, AZ; Los Angeles, CA; Seattle, WA; Sunnyvale, CA",nontech,exec,0,0,0,,224550,https://job-boards.greenhouse.io/doordashusa/jobs/7449543
2026-08-18,DASH,DoorDash,"Head of Safety, Robot Operations",631 Autonomy Operations,"San Francisco, CA",nontech,exec,0,0,0,,192450,https://job-boards.greenhouse.io/doordashusa/jobs/8096956
2026-08-18,DASH,DoorDash,Industrial Designer - DoorDash Dot,311 Autonomy,"San Francisco, CA",product_eng,mid,0,0,0,,192250,https://job-boards.greenhouse.io/doordashusa/jobs/8021716
2026-08-18,DASH,DoorDash,"Infrastructure Supply Chain Manager, Autonomy & Robotics - DoorDash Dot",311 Autonomy,"Oakland, CA ",other,mid,0,1,0,buzz,161300,https://job-boards.greenhouse.io/doordashusa/jobs/8056130
2026-08-18,DASH,DoorDash,Inside Sales Team Lead - Vendor,514 Inside Account Development,"Tempe, AZ; United States - Remote",nontech,senior,0,0,0,,137170,https://job-boards.greenhouse.io/doordashusa/jobs/7394179
2026-08-18,DASH,DoorDash,IT Software Asset Management Analyst,242 IT,United States - Remote,other,mid,0,1,0,buzz,117600,https://job-boards.greenhouse.io/doordashusa/jobs/8001229
2026-08-18,DASH,DoorDash,IT Support Specialist II,242 IT,"New York, NY",nontech,mid,0,1,0,buzz,,https://job-boards.greenhouse.io/doordashusa/jobs/8119375
2026-08-18,DASH,DoorDash,"Kitchen Manager, DashMart",113 Order Fulfillment Management,"St. Louis, MO",other,mid,0,0,0,,69450,https://job-boards.greenhouse.io/doordashusa/jobs/8125496
2026-08-18,DASH,DoorDash,Kitchen Operations Associate,112 Order Fulfillment,"Aurora, CO",nontech,mid,0,0,0,,,https://job-boards.greenhouse.io/doordashusa/jobs/8055684
2026-08-18,DASH,DoorDash,"Kitchen Operations Associate, DashMart",112 Order Fulfillment,"Columbia, SC",nontech,mid,0,0,0,,,https://job-boards.greenhouse.io/doordashusa/jobs/8079777
2026-08-18,DASH,DoorDash,"Kitchen Operations Associate, DashMart",112 Order Fulfillment,"Morrow, GA",nontech,mid,0,0,0,,,https://job-boards.greenhouse.io/doordashusa/jobs/8070776
2026-08-18,DASH,DoorDash,"Kitchen Operations Associate, DashMart",112 Order Fulfillment,"Lexington, KY",nontech,mid,0,0,0,,,https://job-boards.greenhouse.io/doordashusa/jobs/8071680
2026-08-18,DASH,DoorDash,"Kitchen Operations Associate, DashMart",112 Order Fulfillment,"Norfolk, VA",nontech,mid,0,0,0,,,https://job-boards.greenhouse.io/doordashusa/jobs/8090100
2026-08-18,DASH,DoorDash,"Kitchen Operations Associate, DashMart",112 Order Fulfillment,"St Louis, MO",nontech,mid,0,0,0,,,https://job-boards.greenhouse.io/doordashusa/jobs/8079764
2026-08-18,DASH,DoorDash,"Kitchen Operations Associate, DashMart",112 Order Fulfillment,"Salt Lake City, UT",nontech,mid,0,0,0,,,https://job-boards.greenhouse.io/doordashusa/jobs/8090092
2026-08-18,DASH,DoorDash,"Kitchen Operations Associate, DashMart",112 Order Fulfillment,"Tucson, AZ",nontech,mid,0,0,0,,,https://job-boards.greenhouse.io/doordashusa/jobs/8079494
2026-08-18,DASH,DoorDash,"Kitchen Operations Associate, DashMart",112 Order Fulfillment,"Charlotte, NC",nontech,mid,0,0,0,,,https://job-boards.greenhouse.io/doordashusa/jobs/8080849
2026-08-18,DASH,DoorDash,"Kitchen Operations Associate, DashMart",112 Order Fulfillment,"Phoenix, AZ",nontech,mid,0,0,0,,,https://job-boards.greenhouse.io/doordashusa/jobs/8090089
2026-08-18,DASH,DoorDash,"Kitchen Operations Associate, DashMart",112 Order Fulfillment,"Huntsville, AL",nontech,mid,0,0,0,,,https://job-boards.greenhouse.io/doordashusa/jobs/8080871
2026-08-18,DASH,DoorDash,"Kitchen Operations Associate, DashMart - DET-6",112 Order Fulfillment,"Roseville, MI; Detroit, MI",nontech,mid,0,0,0,,,https://job-boards.greenhouse.io/doordashusa/jobs/8079773
2026-08-18,DASH,DoorDash,"Kitchen Shift Lead, DashMart",112 Order Fulfillment,"Morrow, GA",other,senior,0,0,0,,,https://job-boards.greenhouse.io/doordashusa/jobs/8070780
2026-08-18,DASH,DoorDash,"Kitchen Shift Lead, DashMart",112 Order Fulfillment,"Albuquerque, NM",other,senior,0,0,0,,,https://job-boards.greenhouse.io/doordashusa/jobs/8079479
2026-08-18,DASH,DoorDash,"Kitchen Shift Lead, DashMart",112 Order Fulfillment,"Charlotte, NC",other,senior,0,0,0,,,https://job-boards.greenhouse.io/doordashusa/jobs/8090114
2026-08-18,DASH,DoorDash,"Kitchen Shift Lead, DashMart",112 Order Fulfillment,"Salt Lake City, UT",other,senior,0,0,0,,,https://job-boards.greenhouse.io/doordashusa/jobs/8090184
2026-08-18,DASH,DoorDash,"Kitchen Shift Lead, DashMart",112 Order Fulfillment,"Tucson, AZ",other,senior,0,0,0,,,https://job-boards.greenhouse.io/doordashusa/jobs/8073148
2026-08-18,DASH,DoorDash,"Kitchen Team Member, DashMart - ABQ-1",112 Order Fulfillment,"Albuquerque, NM",other,mid,0,0,0,,,https://job-boards.greenhouse.io/doordashusa/jobs/8071755
2026-08-18,DASH,DoorDash,"Layout Engineer - Labs, DoorDash Air",311 Autonomy,"San Francisco, CA",product_eng,mid,0,0,0,,262100,https://job-boards.greenhouse.io/doordashusa/jobs/8067222
2026-08-18,DASH,DoorDash,Lead Account Executive,534 In-Store Sales,"Atlanta, GA; Austin, TX",demand_validated,senior,0,0,0,,170010,https://job-boards.greenhouse.io/doordashusa/jobs/8127037
2026-08-18,DASH,DoorDash,Lead Data Scientist,331 Analytics,"San Francisco, CA; Seattle, WA; New York, NY",product_eng,senior,0,0,0,,271350,https://job-boards.greenhouse.io/doordashusa/jobs/7380096
2026-08-18,DASH,DoorDash,"Lead, Enterprise Franchise Sales",515 Enterprise Account Management,"Chicago, IL; Tempe, AZ; United States - Remote",nontech,senior,0,2,0,buzz,121590,https://job-boards.greenhouse.io/doordashusa/jobs/7905980
2026-08-18,DASH,DoorDash,Lead Line Cook,114 Kitchen Ops,"Redwood CIty, CA",other,senior,0,0,0,,,https://job-boards.greenhouse.io/doordashusa/jobs/6722323
2026-08-18,DASH,DoorDash,Line Cook Development Kitchen,114 Kitchen Ops,"Redwood City, CA",other,mid,0,0,0,,,https://job-boards.greenhouse.io/doordashusa/jobs/5976796
2026-08-18,DASH,DoorDash,"Machine Learning Engineer, Drive",341 Executive Engineering,"San Francisco, CA; Sunnyvale, CA; Seattle, WA",product_eng,mid,1,21,1,application|buzz|data_ml_ops|general_medium|model_infra,218200,https://job-boards.greenhouse.io/doordashusa/jobs/8113186
2026-08-18,DASH,DoorDash,"Machine Learning Engineer, Marketplace Optimization",341 Executive Engineering,"San Francisco, CA; Sunnyvale, CA",product_eng,mid,1,15,1,buzz|data_ml_ops|general_medium|model_infra,218200,https://job-boards.greenhouse.io/doordashusa/jobs/7580407
2026-08-18,DASH,DoorDash,"Manager, Account Development",534 In-Store Sales,"Los Angeles, CA; Seattle, WA; Denver, CO",other,mid,0,1,0,buzz,214870,https://job-boards.greenhouse.io/doordashusa/jobs/8060855
2026-08-18,DASH,DoorDash,"Manager, B2B Retention, DoorDash for Business",412 Growth Marketing,"New York, NY; San Francisco, CA; Sunnyvale, CA; Los Angeles, CA; Chicago, IL; Denver, CO; Boston, MA; Austin, TX; Atlanta, GA; Miami, FL; Seattle, WA; Washington D.C.",other,mid,0,0,0,,176400,https://job-boards.greenhouse.io/doordashusa/jobs/8070981
2026-08-18,DASH,DoorDash,"Manager, Business Development",534 In-Store Sales,"New York, NY",other,mid,0,0,0,,176400,https://job-boards.greenhouse.io/doordashusa/jobs/8053241
2026-08-18,DASH,DoorDash,"Manager, Consumer Paid Marketing",412 Growth Marketing,"New York, NY; San Francisco, CA; Los Angeles, CA",nontech,mid,0,1,0,buzz,176400,https://job-boards.greenhouse.io/doordashusa/jobs/7797916
2026-08-18,DASH,DoorDash,"Manager, Consumer Promotions Strategy",412 Growth Marketing,"New York, NY; San Francisco, CA; Seattle, WA; Los Angeles, CA; Sunnyvale, CA; Chicago, IL; Austin, TX; Denver, CO; Atlanta, GA; Miami, FL; Boston, MA; Washington D.C.",other,mid,0,0,0,,176400,https://job-boards.greenhouse.io/doordashusa/jobs/7977989
2026-08-18,DASH,DoorDash,"Manager, CPG Off Platform Measurement",641 Ads & Promotions Strategy,"New York, NY; San Francisco, CA; Los Angeles, CA; Chicago, IL; Seattle, WA; Washington, DC; Tempe, AZ",other,mid,0,0,0,,168000,https://job-boards.greenhouse.io/doordashusa/jobs/8016044
2026-08-18,DASH,DoorDash,"Manager, Cyber Defense",315 Security Engineering,"New York, NY; Boston, MA; Washington D.C.",other,mid,0,1,0,buzz,239400,https://job-boards.greenhouse.io/doordashusa/jobs/8082737
2026-08-18,DASH,DoorDash,"Manager, Dasher & Logistics - Dasher Financial Strategy & Operations",618 Logistics,"New York, NY; Austin, TX; Washington D.C.; San Francisco, CA; Sunnyvale, CA; Seattle, WA; Los Angeles, CA; Chicago, IL",nontech,mid,0,0,0,,168000,https://job-boards.greenhouse.io/doordashusa/jobs/8065591
2026-08-18,DASH,DoorDash,"Manager, DashMart Fulfillment Services - Strategy & Operations",632 New Business Verticals,"New York, NY; San Francisco, CA; Seattle, WA; Chicago, IL;  Los Angeles, CA; Tempe, AZ; Washington D.C.",nontech,mid,0,1,0,buzz,168000,https://job-boards.greenhouse.io/doordashusa/jobs/7612469
2026-08-18,DASH,DoorDash,"Manager, Data & Analytics, In-Store",351 In-Store R&D,"New York, NY; San Francisco, CA; San Jose, CA; Seattle, WA; Los Angeles, CA; Washington D.C.; Austin, TX; Chicago, IL",other,mid,0,9,1,application|buzz,174700,https://job-boards.greenhouse.io/doordashusa/jobs/7967426
2026-08-18,DASH,DoorDash,"Manager, Data Science",331 Analytics,"San Francisco, CA; Sunnyvale, CA; Seattle, WA; New York, NY; Chicago, IL; Austin, TX",other,mid,0,0,0,,227650,https://job-boards.greenhouse.io/doordashusa/jobs/7812825
2026-08-18,DASH,DoorDash,"Manager, Ecosystem Partnerships & Business Development",531 Enterprise Outside Sales,"San Francisco, CA; Los Angeles, CA; New York, NY; United States - Remote",other,mid,0,2,0,buzz,176400,https://job-boards.greenhouse.io/doordashusa/jobs/8076663
2026-08-18,DASH,DoorDash,"Manager, Enterprise Strategy & Planning",537 Enterprise Strategy and Operations,"New York, NY",other,mid,0,2,0,buzz,168000,https://job-boards.greenhouse.io/doordashusa/jobs/7951521
2026-08-18,DASH,DoorDash,"Manager, Global Sourcing PMO and Transformation",233 Strategic Sourcing,United States,other,mid,0,0,0,,,https://job-boards.greenhouse.io/doordashusa/jobs/8121933
2026-08-18,DASH,DoorDash,"Manager, Government Relations - West Region",272 Public Policy,"Sacramento, CA",other,mid,0,0,0,,168000,https://job-boards.greenhouse.io/doordashusa/jobs/8084014
2026-08-18,DASH,DoorDash,"Manager, Inside Account Development",514 Inside Account Development,"Tempe, AZ; Phoenix, AZ; Chicago, IL",other,mid,0,0,0,,165980,https://job-boards.greenhouse.io/doordashusa/jobs/7912807
2026-08-18,DASH,DoorDash,"Manager, Insurance Claims Operations",116 Insurance Claim Operation,"Tempe, AZ",nontech,mid,0,2,0,buzz,,https://job-boards.greenhouse.io/doordashusa/jobs/8097952
2026-08-18,DASH,DoorDash,"Manager, Integrated Marketing, Consumer - DashPass Benefits",412 Growth Marketing,"New York, NY; San Francisco, CA; Seattle, WA; Los Angeles, CA; Sunnyvale, CA; Chicago, IL; Austin, TX; Denver, CO; Atlanta, GA; Miami, FL; Boston, MA; Washington D.C.",nontech,mid,0,1,0,buzz,176400,https://job-boards.greenhouse.io/doordashusa/jobs/8009912
2026-08-18,DASH,DoorDash,"Manager, Integrated Marketing, Consumer - DashPass Habituation",412 Growth Marketing,"New York, NY; San Francisco, CA; Seattle, WA; Los Angeles, CA; Sunnyvale, CA; Chicago, IL; Austin, TX; Denver, CO; Atlanta, GA; Miami, FL; Boston, MA; Washington, D.C. ",nontech,mid,0,1,0,buzz,176400,https://job-boards.greenhouse.io/doordashusa/jobs/8010609
2026-08-18,DASH,DoorDash,"Manager, Internal Audit",234 Internal Audit,"San Francisco, CA; Seattle, WA; Los Angeles, CA",other,intern,0,0,0,,153750,https://job-boards.greenhouse.io/doordashusa/jobs/7456766
2026-08-18,DASH,DoorDash,"Manager, Local Markets Growth ",614 Strategy & Operations,"Denver, CO, Seattle, WA; Phoenix, AZ ",other,mid,0,0,0,,168000,https://job-boards.greenhouse.io/doordashusa/jobs/8067442
2026-08-18,DASH,DoorDash,"Manager, Marketing AI Enablement",412 Growth Marketing,United States - Remote,nontech,mid,1,1,0,buzz,176400,https://job-boards.greenhouse.io/doordashusa/jobs/8027367
2026-08-18,DASH,DoorDash,"Manager, Merchant Partnership Marketing",411 Brand Marketing,"New York, NY; San Francisco, CA; Seattle, WA; Los Angeles, CA; Sunnyvale, CA; Chicago, IL; Austin, TX; Denver, CO; Atlanta, GA; Miami, FL; Boston, MA; Washington, DC",nontech,mid,0,0,0,,176400,https://job-boards.greenhouse.io/doordashusa/jobs/8083779
2026-08-18,DASH,DoorDash,"Manager, New Verticals Ads & Promotions",641 Ads & Promotions Strategy,"San Francisco, CA; Los Angeles, CA; New York, NY; Chicago, IL ",other,mid,0,0,0,,168000,https://job-boards.greenhouse.io/doordashusa/jobs/7778759
2026-08-18,DASH,DoorDash,"Manager, New Verticals Merchant Strategy & Operations - Merchant Experience ",541 Merchant Strategy and Operations,"New York, NY; Boston, MA; Washington, D.C.; Atlanta, GA",nontech,mid,0,1,0,buzz,168000,https://job-boards.greenhouse.io/doordashusa/jobs/8100044
2026-08-18,DASH,DoorDash,"Manager, Partner Integrations",542 Partner Integrations,"Atlanta, GA; New York, NY; Chicago, IL; Washington D.C.; Denver, CO; Seattle, WA; Los Angeles, CA; San Francisco, CA",other,mid,0,4,1,application|buzz,168000,https://job-boards.greenhouse.io/doordashusa/jobs/8126508
2026-08-18,DASH,DoorDash,"Manager, Product Marketing, Ads & Promotions",411 Brand Marketing,"New York, NY; San Francisco, CA; Los Angeles, CA; Seattle, WA; Chicago, IL; Austin, TX; Boston, MA",nontech,mid,0,0,0,,176400,https://job-boards.greenhouse.io/doordashusa/jobs/7977561
2026-08-18,DASH,DoorDash,"Manager, Quality Assurance",111 Support,"Tempe, AZ",other,mid,0,0,0,,,https://job-boards.greenhouse.io/doordashusa/jobs/7983501
2026-08-18,DASH,DoorDash,"Manager, Retail Partnerships",531 Enterprise Outside Sales,"New York, NY; San Francisco, CA",other,mid,0,5,1,application|buzz,204580,https://job-boards.greenhouse.io/doordashusa/jobs/8017132
2026-08-18,DASH,DoorDash,"Manager, Retention Marketing, Commerce Platform",412 Growth Marketing,"New York, NY; San Francisco, CA; Seattle, WA; Los Angeles, CA; Sunnyvale, CA; Chicago, IL; Austin, TX; Denver, CO; Atlanta, GA; Miami, FL; Boston, MA; Washington, DC",nontech,mid,0,0,0,,176400,https://job-boards.greenhouse.io/doordashusa/jobs/8046443
2026-08-18,DASH,DoorDash,"Manager, Sales Enablement",413 In-Store Marketing,United States - Remote,nontech,mid,0,0,0,,151200,https://job-boards.greenhouse.io/doordashusa/jobs/8076002
2026-08-18,DASH,DoorDash,"Manager, Sales Enablement, Commerce Platform",536 Sales S&O,United States - Remote,nontech,mid,0,1,0,buzz,151200,https://job-boards.greenhouse.io/doordashusa/jobs/7729150
2026-08-18,DASH,DoorDash,"Manager, Sales Strategy & Operations",536 Sales S&O,"San Francisco, CA; New York, NY; Atlanta, GA; Chicago, IL; Denver, CO; Washington, DC; Austin, TX; Phoenix, AZ; Los Angeles, CA; Seattle, WA; Boston, MA",nontech,mid,0,1,0,buzz,155400,https://job-boards.greenhouse.io/doordashusa/jobs/7875471
2026-08-18,DASH,DoorDash,"Manager, Sales Strategy & Operations, Commerce Platform",536 Sales S&O,"San Francisco, CA; New York, NY; Atlanta, GA; Chicago, IL; Denver, CO; Washington, DC; Austin, TX; Phoenix, AZ; Los Angeles, CA; Seattle, WA; Boston, MA",nontech,mid,0,1,0,buzz,155400,https://job-boards.greenhouse.io/doordashusa/jobs/8073126
2026-08-18,DASH,DoorDash,"Manager, Strategy & Operations - Core Consumer Experience",614 Strategy & Operations,"New York, NY",nontech,mid,0,6,1,application|buzz|data_ml_ops,168000,https://job-boards.greenhouse.io/doordashusa/jobs/8009023
2026-08-18,DASH,DoorDash,"Manager, Strategy & Operations, DoorDash for Business",635 DDfB,"New York, NY",nontech,mid,0,1,0,buzz,168000,https://job-boards.greenhouse.io/doordashusa/jobs/8048507
2026-08-18,DASH,DoorDash,"Manager, Strategy & Operations, DoorDash for Business",635 DDfB,"New York, NY; San Francisco, CA; Sunnyvale, CA; Chicago, IL; Seattle, WA",nontech,mid,0,0,0,,168000,https://job-boards.greenhouse.io/doordashusa/jobs/8078248
2026-08-18,DASH,DoorDash,Manufacturing Quality Engineer - DoorDash Dot,311 Autonomy,"Fremont, CA",product_eng,mid,0,0,0,,172200,https://job-boards.greenhouse.io/doordashusa/jobs/7490108
2026-08-18,DASH,DoorDash,Market Support Manager,113 Order Fulfillment Management,"Detroit, MI",nontech,mid,0,0,0,,100800,https://job-boards.greenhouse.io/doordashusa/jobs/7993370
2026-08-18,DASH,DoorDash,"Materials Program Manager, Autonomy & Robotics - DoorDash Dot",311 Autonomy,"Oakland, CA ",other,mid,0,1,0,buzz,161300,https://job-boards.greenhouse.io/doordashusa/jobs/8056142
2026-08-18,DASH,DoorDash,Member of Technical Staff - Applied AI,341 Executive Engineering,"San Francisco, CA; Sunnyvale, CA",other,staff_principal,1,7,1,application|buzz,251400,https://job-boards.greenhouse.io/doordashusa/jobs/8105894
2026-08-18,DASH,DoorDash,"Member of Technical Staff, Lead Researcher",341 Executive Engineering,"San Francisco, CA; Sunnyvale, CA",research,staff_principal,0,11,1,application|buzz|data_ml_ops|general_medium|model_infra,251400,https://job-boards.greenhouse.io/doordashusa/jobs/8105902
2026-08-18,DASH,DoorDash,Merchant Growth Executive,514 Inside Account Development,"Tempe, AZ; Chicago, IL; Atlanta, GA",other,mid,0,0,0,,,https://job-boards.greenhouse.io/doordashusa/jobs/7975028
2026-08-18,DASH,DoorDash,"New Verticals Business Development - Senior Associate, DFS Business Development",531 Enterprise Outside Sales,"New York, NY; San Francisco, CA; Chicago, IL; United States - Remote",other,senior,0,2,0,buzz,150540,https://job-boards.greenhouse.io/doordashusa/jobs/8097153
2026-08-18,DASH,DoorDash,"Operations Associate, Dashmart - TOL-2",112 Order Fulfillment,"Toledo, OH",nontech,mid,0,0,0,,,https://job-boards.greenhouse.io/doordashusa/jobs/7336554
2026-08-18,DASH,DoorDash,"Operations Specialist, Commercial Operations Specialist, DoorDash Air",631 Autonomy Operations,"Concord, CA",nontech,mid,0,0,0,,,https://job-boards.greenhouse.io/doordashusa/jobs/7967497
2026-08-18,DASH,DoorDash,"Operations Specialist, Robot - DoorDash Dot",631 Autonomy Operations,"Dublin, CA; San Francisco, CA",nontech,mid,0,0,0,,,https://job-boards.greenhouse.io/doordashusa/jobs/6813973
2026-08-18,DASH,DoorDash,"Operations Specialist, Support Vehicle Fleet - DoorDash Dot",631 Autonomy Operations,"Mesa, AZ; Chandler, AZ",nontech,mid,0,0,0,,,https://job-boards.greenhouse.io/doordashusa/jobs/7732483
2026-08-18,DASH,DoorDash,Outside Account Manager,511 Outside Account Management,"Los Angeles, CA",other,mid,0,0,0,,110720,https://job-boards.greenhouse.io/doordashusa/jobs/8049157
2026-08-18,DASH,DoorDash,Outside Account Manager,511 Outside Account Management,"Boston, MA; New York, NY",other,mid,0,0,0,,110720,https://job-boards.greenhouse.io/doordashusa/jobs/7948251
2026-08-18,DASH,DoorDash,PCB Layout Engineer - DoorDash Dot,311 Autonomy,"Oakland, CA",product_eng,mid,0,0,0,,210000,https://job-boards.greenhouse.io/doordashusa/jobs/8125396
2026-08-18,DASH,DoorDash,"Principal Machine Learning Engineer, Ads & Promos Delivery",347 Ads Engineering,"Sunnyvale, CA",product_eng,staff_principal,1,31,1,application|buzz|general_medium|model_infra,331800,https://job-boards.greenhouse.io/doordashusa/jobs/7760003
2026-08-18,DASH,DoorDash,"Principal Software Engineer, Ads",347 Ads Engineering,"New York, NY; San Francisco, CA; Sunnyvale, CA",product_eng,staff_principal,0,1,0,buzz,331800,https://job-boards.greenhouse.io/doordashusa/jobs/7947255
2026-08-18,DASH,DoorDash,Product Manager Airspace & Autonomy - DoorDash Air,311 Autonomy,"San Fransisco, CA ",product_eng,mid,0,0,0,,239400,https://job-boards.greenhouse.io/doordashusa/jobs/8129337
2026-08-18,DASH,DoorDash,"Product Manager, In-Store",351 In-Store R&D,"New York, NY",product_eng,mid,0,1,0,buzz,197400,https://job-boards.greenhouse.io/doordashusa/jobs/7993015
2026-08-18,DASH,DoorDash,Product Manager (Multiple Levels),322 Product Management,"San Francisco, CA; Seattle, WA; New York, NY",product_eng,mid,0,0,0,,207800,https://job-boards.greenhouse.io/doordashusa/jobs/5523275
2026-08-18,DASH,DoorDash,Prototype Machinist & Fabrication Specialist,631 Autonomy Operations,"San Francisco, CA",other,mid,0,1,0,buzz,,https://job-boards.greenhouse.io/doordashusa/jobs/7657430
2026-08-18,DASH,DoorDash,Radio Frequency Hardware Engineer - DoorDash Air,311 Autonomy,"San Francisco, CA",product_eng,mid,0,1,0,buzz,172200,https://job-boards.greenhouse.io/doordashusa/jobs/8046467
2026-08-18,DASH,DoorDash,Regional Merchant Lead,533 Outside Sales,"Hicksville, NY",other,senior,0,0,0,,,https://job-boards.greenhouse.io/doordashusa/jobs/8122209
2026-08-18,DASH,DoorDash,Regional Merchant Lead,533 Outside Sales,"Hartford, CT",other,senior,0,0,0,,,https://job-boards.greenhouse.io/doordashusa/jobs/7843302
2026-08-18,DASH,DoorDash,Regional Merchant Lead,533 Outside Sales,"Norfolk, VA",other,senior,0,0,0,,,https://job-boards.greenhouse.io/doordashusa/jobs/8122138
2026-08-18,DASH,DoorDash,Regional Merchant Lead,533 Outside Sales,"Boise, ID",other,senior,0,0,0,,,https://job-boards.greenhouse.io/doordashusa/jobs/8062841
2026-08-18,DASH,DoorDash,Regional Merchant Lead - Chicago,533 Outside Sales,"Chicago, IL",other,senior,0,0,0,,,https://job-boards.greenhouse.io/doordashusa/jobs/8046764
2026-08-18,DASH,DoorDash,Regional Merchant Lead - Indianapolis,533 Outside Sales,"Indianapolis, IN",other,senior,0,0,0,,,https://job-boards.greenhouse.io/doordashusa/jobs/7833913
2026-08-18,DASH,DoorDash,Regional Merchant Lead - Milwaukee,533 Outside Sales,"Milwaukee, WI",other,senior,0,0,0,,,https://job-boards.greenhouse.io/doordashusa/jobs/8094844
2026-08-18,DASH,DoorDash,"Reliability Test Engineer, DoorDash Air",311 Autonomy,"San Francisco, CA",product_eng,mid,0,0,0,,210000,https://job-boards.greenhouse.io/doordashusa/jobs/8017150
2026-08-18,DASH,DoorDash,"Representative, Voice Ordering Accessibility",111 Support,"Tempe, AZ",other,mid,0,0,0,,,https://job-boards.greenhouse.io/doordashusa/jobs/7517223
2026-08-18,DASH,DoorDash,"Robotics Software Engineer - Labs, DoorDash Air",311 Autonomy,"San Francisco, CA",product_eng,mid,0,0,0,,207800,https://job-boards.greenhouse.io/doordashusa/jobs/6682078
2026-08-18,DASH,DoorDash,Robot Operations Specialist - DoorDash Dot,631 Autonomy Operations,"Tempe, AZ; Mesa, AZ",nontech,mid,0,0,0,,,https://job-boards.greenhouse.io/doordashusa/jobs/7015062
2026-08-18,DASH,DoorDash,Sales Development Representative - Mandarin Speaking DR,533 Outside Sales,"Boston, MA; Washington, DC; Atlanta, GA; Austin, TX; Baltimore, MD; Hartford, CT; New Haven, CT; Philadelphia, PA; Miami, FL; Chicago, IL; Charlotte, NC; Raleigh-Durham, NC; Tampa, FL; Orlando, FL; Pittsburgh, PA; Richmond, VA; Jacksonville, FL; Columbus, OH; Dallas, TX; Houston, TX; Minneapolis, MN; Nashville, TN; Kansas City, MO; St. Louis, MO",nontech,mid,0,0,0,,,https://job-boards.greenhouse.io/doordashusa/jobs/7951899
2026-08-18,DASH,DoorDash,"Senior Analyst, Third-Party Risk Management (TPRM)",315 Security Engineering,"Milwaukee WI; Chicago, IL; New York, NY; San Francisco, CA; Phoenix, AZ; Austin, TX; United States - Remote",other,senior,0,12,1,application|buzz|model_infra,163800,https://job-boards.greenhouse.io/doordashusa/jobs/8056171
2026-08-18,DASH,DoorDash,"Senior Associate, B2B Performance Marketing",412 Growth Marketing,"New York, NY; San Francisco, CA; Seattle, WA; Los Angeles, CA; Sunnyvale, CA; Chicago, IL; Austin, TX; Denver, CO; Atlanta, GA; Miami, FL; Boston, MA; Washington, DC",nontech,senior,0,1,0,buzz,102500,https://job-boards.greenhouse.io/doordashusa/jobs/8121399
2026-08-18,DASH,DoorDash,"Senior Associate, Customer  Experience - Safety",621 Support Management,"San Francisco, CA; Seattle, WA; Los Angeles, CA; Chicago, IL; Washington, D.C.; New York, NY; Tempe, AZ",other,senior,0,0,0,,92400,https://job-boards.greenhouse.io/doordashusa/jobs/8110375
2026-08-18,DASH,DoorDash,"Senior Associate, Dasher Fleet Growth Strategy",412 Growth Marketing,"New York, NY",other,senior,0,0,0,,102500,https://job-boards.greenhouse.io/doordashusa/jobs/7747379
2026-08-18,DASH,DoorDash,"Senior Associate, Dasher & Logistics Strategy & Operations",618 Logistics,"New York City, NY; San Francisco, CA; Los Angeles, CA; Chicago, IL; Seattle, WA; Washington, DC",nontech,senior,0,0,0,,107500,https://job-boards.greenhouse.io/doordashusa/jobs/7913604
2026-08-18,DASH,DoorDash,"Senior Associate, DFS Business Development",531 Enterprise Outside Sales,"New York City, NY; San Francisco, CA; Chicago, IL; United States - Remote",other,senior,0,0,0,,103760,https://job-boards.greenhouse.io/doordashusa/jobs/8079749
2026-08-18,DASH,DoorDash,"Senior Associate, Finance & Strategy - New Verticals",232 Finance & Strategy,"San Francisco, CA: Seattle, WA; Los Angeles, CA; Austin, TX; Chicago, IL; New York, NY",nontech,senior,0,0,0,,129350,https://job-boards.greenhouse.io/doordashusa/jobs/8027044
2026-08-18,DASH,DoorDash,"Senior Associate, Growth Marketing Canada, Consumer",412 Growth Marketing,"Chicago, IL; Denver, CA; Los Angeles, CA; New York, NY; San Francisco, CA; Seattle, WA; Sunnyvale, CA; Tempe, AZ; Washington, DC, Atlanta, GA; Austin, TX; Boston, MA; Miami, FL",nontech,senior,0,0,0,,102500,https://job-boards.greenhouse.io/doordashusa/jobs/8128148
2026-08-18,DASH,DoorDash,"Senior Associate, GTM Systems - SevenRooms powered by DoorDash",413 In-Store Marketing,"Seattle, WA; Los Angeles, CA; Boston, MA; Washington, D.C.; United States - Remote",other,senior,0,2,0,buzz,152900,https://job-boards.greenhouse.io/doordashusa/jobs/8105742
2026-08-18,DASH,DoorDash,"Senior Associate, Innovation & New Bets - Strategy & Operations",613 Platform Operations,"New York, NY; Denver, CO; Los Angeles, CA; Chicago, IL; United States - Remote",nontech,senior,0,1,0,buzz,107500,https://job-boards.greenhouse.io/doordashusa/jobs/7654723
2026-08-18,DASH,DoorDash,"Senior Associate, Insights - Strategy & Operations",641 Ads & Promotions Strategy,"San Francisco, CA; New York, NY; Seattle, WA; Chicago, IL; Los Angeles, CA; Tempe, AZ; Washington D.C.",nontech,senior,0,0,0,,107500,https://job-boards.greenhouse.io/doordashusa/jobs/7804393
2026-08-18,DASH,DoorDash,"Senior Associate, Marketplace Audience Strategy & Operations",614 Strategy & Operations,"San Francisco, CA; New York, NY; Seattle, WA; Miami, FL; Los Angeles, CA; Denver, CO; Washington D.C.; Tempe, AZ; Chicago, IL; Austin, TX",nontech,senior,0,1,0,buzz,107500,https://job-boards.greenhouse.io/doordashusa/jobs/8103770
2026-08-18,DASH,DoorDash,"Senior Associate, Marketplace, DashPass Partnerships S&O",614 Strategy & Operations,"San Francisco, CA; Los Angeles, CA; Denver, CO",other,senior,0,1,0,buzz,107500,https://job-boards.greenhouse.io/doordashusa/jobs/7839448
2026-08-18,DASH,DoorDash,"Senior Associate, Marketplace - Restaurant Growth Strategy & Operations",614 Strategy & Operations,"New York, NY; San Francisco, CA",nontech,senior,0,0,0,,107500,https://job-boards.greenhouse.io/doordashusa/jobs/8026972
2026-08-18,DASH,DoorDash,"Senior Associate, Measurement & Ad Tech - Marketing Technology",412 Growth Marketing," New York, NY; San Francisco, CA; Seattle, WA; Los Angeles, CA; Sunnyvale, CA; Chicago, IL; Austin, TX; Denver, CO; Atlanta, GA; Miami, FL; Boston, MA; Washington, D.C. ",nontech,senior,0,10,1,application|buzz,102500,https://job-boards.greenhouse.io/doordashusa/jobs/8016056
2026-08-18,DASH,DoorDash,"Senior Associate, Merchant Live Order Experience",541 Merchant Strategy and Operations,"New York, NY; Chicago, IL; San Francisco, CA; Los Angeles, CA; Seattle, WA; Denver, CO",other,senior,0,0,0,,107500,https://job-boards.greenhouse.io/doordashusa/jobs/8091819
2026-08-18,DASH,DoorDash,"Senior Associate, Merchant Strategy & Operations",541 Merchant Strategy and Operations,"New York, NY; San Francisco, CA; Chicago, IL; Austin, TX; Denver, CO; Los Angeles, CA; Miami, FL; Seattle, WA",nontech,senior,0,1,0,buzz,107500,https://job-boards.greenhouse.io/doordashusa/jobs/8049483
2026-08-18,DASH,DoorDash,"Senior Associate, New Verticals - Grocery Merchant Strategy & Operations ",632 New Business Verticals,"New York, NY; San Francisco, CA; Seattle, WA; Los Angeles, CA; Washington D.C.; Tempe, AZ; Mountain View, CA",nontech,senior,0,1,0,buzz,107500,https://job-boards.greenhouse.io/doordashusa/jobs/7990850
2026-08-18,DASH,DoorDash,"Senior Associate, New Verticals - Grocery Strategy & Operations",632 New Business Verticals,"New York, NY; San Francisco, CA; Washington D.C.",nontech,senior,0,1,0,buzz,107500,https://job-boards.greenhouse.io/doordashusa/jobs/7859504
2026-08-18,DASH,DoorDash,"Senior Associate, Product Marketing",413 In-Store Marketing,United States - Remote,nontech,senior,0,0,0,,117600,https://job-boards.greenhouse.io/doordashusa/jobs/8091749
2026-08-18,DASH,DoorDash,"Senior Associate, Project Management, Asset Protection and Safety",244 Global Safety and Security,"Chicago, IL; Austin, TX; New York, NY; Tempe, AZ; Atlanta, GA; Miami, FL",other,senior,0,0,0,,101650,https://job-boards.greenhouse.io/doordashusa/jobs/7831489
2026-08-18,DASH,DoorDash,"Senior Associate, Risk Intelligence",244 Global Safety and Security,"Tempe, AZ",other,senior,0,1,0,buzz,,https://job-boards.greenhouse.io/doordashusa/jobs/8122222
2026-08-18,DASH,DoorDash,"Senior Associate, Sales Strategy & Operations",536 Sales S&O,"San Francisco, CA; New York, NY; Atlanta, GA; Chicago, IL; Denver, CO;  Washington D.C.; Austin, TX; Phoenix, AZ; Los Angeles, CA; Seattle, WA; Boston, MA",nontech,senior,0,1,0,buzz,107500,https://job-boards.greenhouse.io/doordashusa/jobs/8120833
2026-08-18,DASH,DoorDash,"Senior Associate, Sales Strategy & Operations, Commerce Platform",536 Sales S&O,"New York, NY; Washington D.C.; Los Angeles, CA; San Francisco, CA; Chicago, IL; Denver, CO; Seattle, WA; United States - Remote",nontech,senior,0,1,0,buzz,109200,https://job-boards.greenhouse.io/doordashusa/jobs/7980888
2026-08-18,DASH,DoorDash,"Senior Associate, Sales Strategy & Operations, Commercial Operations",536 Sales S&O,"San Francisco, New York City, NY; CA;Atlanta, GA; Chicago, IL; Denver, CO;  Washington D.C.; Austin, TX; Phoenix, AZ; Los Angeles, CA; Seattle, WA; Boston, MA",nontech,senior,0,1,0,buzz,109200,https://job-boards.greenhouse.io/doordashusa/jobs/8128136
2026-08-18,DASH,DoorDash,"Senior Associate, Strategic Retail Partnerships",531 Enterprise Outside Sales,"New York, NY; San Francisco, CA; Los Angeles, CA; Atlanta, GA; Chicago, IL; Miami, FL",other,senior,0,2,0,buzz,150540,https://job-boards.greenhouse.io/doordashusa/jobs/7557008
2026-08-18,DASH,DoorDash,"Senior Associate, Strategy & Operations - Commerce Platform Logistics - Delivery Cost",618 Logistics,"New York, NY; San Francisco, CA; Seattle, WA; Los Angeles, CA; Chicago, IL; Sunnyvale, CA; Austin, TX; Denver, CO; Atlanta, GA; Miami, FL; Boston, MA; Washington, DC; Phoenix, AZ",nontech,senior,0,0,0,,107500,https://job-boards.greenhouse.io/doordashusa/jobs/8071822
2026-08-18,DASH,DoorDash,"Senior Associate, Strategy & Operations, DoorDash for Business",635 DDfB,"New York, NY",nontech,senior,0,1,0,buzz,107500,https://job-boards.greenhouse.io/doordashusa/jobs/8067435
2026-08-18,DASH,DoorDash,"Senior Associate, Strategy & Operations, DoorDash for Business (Large Orders)",635 DDfB,"New York, NY",nontech,senior,0,1,0,buzz,107500,https://job-boards.greenhouse.io/doordashusa/jobs/8078242
2026-08-18,DASH,DoorDash,"Senior Associate, Strategy & Operations, DoorDash for Business (Logistics)",635 DDfB,"San Francisco, CA",nontech,senior,0,1,0,buzz,107500,https://job-boards.greenhouse.io/doordashusa/jobs/8028915
2026-08-18,DASH,DoorDash,"Senior Associate, Strategy & Operations, Regulatory Readiness",621 Support Management,"San Francisco, CA; Seattle, WA; Los Angeles, CA; Chicago, IL; Washington, DC; New York, NY; Tempe, AZ; United States - Remote",nontech,senior,0,0,0,,107500,https://job-boards.greenhouse.io/doordashusa/jobs/8108930
2026-08-18,DASH,DoorDash,Senior Data Scientist - Experimentation Platform,331 Analytics,"New York, NY",product_eng,senior,0,1,0,buzz,227650,https://job-boards.greenhouse.io/doordashusa/jobs/8125428
2026-08-18,DASH,DoorDash,"Senior Director, Hardware & Vehicle Development",311 Autonomy,"San Francisco, CA",other,director,0,0,0,,360000,https://job-boards.greenhouse.io/doordashusa/jobs/8020898
2026-08-18,DASH,DoorDash,"Senior Director, Internal Audit",234 Internal Audit,"San Francisco, CA; Seattle, WA; Los Angeles, CA; New York, NY",other,intern,0,6,1,application|buzz,280800,https://job-boards.greenhouse.io/doordashusa/jobs/7406475
2026-08-18,DASH,DoorDash,"Senior Enterprise Account Executive, DoorDash for Business",535 DDfB Sales,United States - Remote,demand_validated,senior,0,1,0,buzz,165440,https://job-boards.greenhouse.io/doordashusa/jobs/8126606
2026-08-18,DASH,DoorDash,Senior Implementation Associate,539 SMB New Verticals,"Chicago, IL",demand_validated,senior,0,0,0,,,https://job-boards.greenhouse.io/doordashusa/jobs/7729879
2026-08-18,DASH,DoorDash,"Senior Manager, Ads & Promotions Analytics",331 Analytics,"San Francisco, CA; Sunnyvale, CA; Seattle, WA; New York, NY; Los Angeles, CA; Chicago, IL",other,senior,0,0,0,,271350,https://job-boards.greenhouse.io/doordashusa/jobs/7454878
2026-08-18,DASH,DoorDash,"Senior Manager, Agency Partnerships Strategy & Operations",641 Ads & Promotions Strategy,"New York, NY; Chicago, IL; San Francisco, CA; Los Angeles, CA; Seattle, WA; Washington D.C.",nontech,senior,0,0,0,,210000,https://job-boards.greenhouse.io/doordashusa/jobs/8130417
2026-08-18,DASH,DoorDash,"Senior Manager, Analytics, Customer Experience",331 Analytics,"San Francisco, CA; Sunnyvale, CA; Seattle, WA; New York, NY; Los Angeles, CA; Chicago, IL",other,senior,0,4,1,application|buzz,271350,https://job-boards.greenhouse.io/doordashusa/jobs/8127960
2026-08-18,DASH,DoorDash,"Senior Manager, Core Consumer Analytics",331 Analytics,"San Francisco, CA; Sunnyvale, CA; Seattle, WA; New York, NY; Los Angeles, CA; Chicago, IL",other,senior,0,0,0,,271350,https://job-boards.greenhouse.io/doordashusa/jobs/8122187
2026-08-18,DASH,DoorDash,"Senior Manager, Customer Experience",621 Support Management,"New York, NY; San Francisco, CA; Seattle, WA; Los Angeles, CA; Chicago, IL; United States -Remote",other,senior,0,1,0,buzz,177150,https://job-boards.greenhouse.io/doordashusa/jobs/7961682
2026-08-18,DASH,DoorDash,"Senior Manager, DashMart Growth & Pricing - Strategy & Operations",633 DashMart Strategy & Operations,"New York, NY; San Francisco, CA; Chicago, IL; Seattle, WA; Los Angeles, CA; Washington, DC; Phoenix, AZ",nontech,senior,0,4,1,application|buzz,210000,https://job-boards.greenhouse.io/doordashusa/jobs/8098800
2026-08-18,DASH,DoorDash,"Senior Manager, DashPass Strategy & Operations",614 Strategy & Operations,"Los Angeles, CA; San Francisco, CA; Seattle, WA; New York, NY",nontech,senior,0,0,0,,210000,https://job-boards.greenhouse.io/doordashusa/jobs/7990133
2026-08-18,DASH,DoorDash,"Senior Manager, Enterprise Account Management - Restaurants",515 Enterprise Account Management,"New York, NY; Atlanta, GA; Chicago, IL; Boston, MA",other,senior,0,2,0,buzz,194560,https://job-boards.greenhouse.io/doordashusa/jobs/8070518
2026-08-18,DASH,DoorDash,"Senior Manager, Finance & Strategy - Digital Ordering - SaaS",232 Finance & Strategy,"San Francisco, CA; New York, NY; Los Angeles, CA; Seattle, WA; Chicago, IL; Boston, MA; United States - Remote",nontech,senior,0,1,0,buzz,201600,https://job-boards.greenhouse.io/doordashusa/jobs/7875403
2026-08-18,DASH,DoorDash,"Senior Manager, GTM Strategy & Operations, DoorDash for Business  ",635 DDfB,"New York, NY",nontech,senior,0,1,0,buzz,210000,https://job-boards.greenhouse.io/doordashusa/jobs/8049282
2026-08-18,DASH,DoorDash,"Senior Manager, Manufacturing Engineering - DoorDash Air",311 Autonomy,"San Francisco, CA",product_eng,senior,0,0,0,,285600,https://job-boards.greenhouse.io/doordashusa/jobs/8052692
2026-08-18,DASH,DoorDash,"Senior Manager, New Verticals - In Store Intelligence Strategy & Operations",632 New Business Verticals,"New York, NY",nontech,senior,0,4,0,buzz|general_medium,210000,https://job-boards.greenhouse.io/doordashusa/jobs/8030331
2026-08-18,DASH,DoorDash,"Senior Manager, Restaurant Ads & Promotions",641 Ads & Promotions Strategy,"San Francisco, CA; Los Angeles, CA; Seattle, WA; Chicago, IL; New York, NY; Tempe, AZ; Washington D.C.",other,senior,0,0,0,,210000,https://job-boards.greenhouse.io/doordashusa/jobs/8021901
2026-08-18,DASH,DoorDash,"Senior Manager, Sales Planning",536 Sales S&O,"San Francisco, CA; New York, NY",nontech,senior,0,0,0,,186550,https://job-boards.greenhouse.io/doordashusa/jobs/8098900
2026-08-18,DASH,DoorDash,"Senior Mechanical Design Engineer, Closures (City Hopper) - DoorDash Dot",311 Autonomy,"Oakland, CA",product_eng,senior,0,0,0,,172200,https://job-boards.greenhouse.io/doordashusa/jobs/8068491
2026-08-18,DASH,DoorDash,"Senior Mechanical Design Engineer — Electric Motors, DoorDash Air",311 Autonomy,"San Francisco, CA",product_eng,senior,0,0,0,,173750,https://job-boards.greenhouse.io/doordashusa/jobs/8122296
2026-08-18,DASH,DoorDash,Senior Mechanical Engineer (Robotics) - DoorDash Dot,311 Autonomy,"Oakland, CA",product_eng,senior,0,0,0,,210000,https://job-boards.greenhouse.io/doordashusa/jobs/7624598
2026-08-18,DASH,DoorDash,"Senior Merchant Success Manager (Drive), Enterprise Sales",515 Enterprise Account Management,"Tempe, AZ; Atlanta, GA; Austin, TX; Chicago, IL; Denver, CO; Philadelphia, PA; Miami, FL; United States - Remote",nontech,senior,0,2,0,buzz,,https://job-boards.greenhouse.io/doordashusa/jobs/8105649
2026-08-18,DASH,DoorDash,Senior Mixed-Signal / Analog Hardware Engineer - DoorDash Dot,311 Autonomy,"Oakland, CA",product_eng,senior,0,0,0,,210000,https://job-boards.greenhouse.io/doordashusa/jobs/8125398
2026-08-18,DASH,DoorDash,"Senior Operations Associate, Food Access",272 Public Policy,"Washington, DC; Atlanta, GA; Philadelphia, PA; Boston, MA; Raleigh-Durham, NC; Miami, FL; Los Angeles, CA; Seattle, WA; Chicago, IL; Austin, TX; Denver, CO; United States - Remote",nontech,senior,0,4,1,application|buzz,130200,https://job-boards.greenhouse.io/doordashusa/jobs/8081834
2026-08-18,DASH,DoorDash,"Senior Operations Associate, Robot - DoorDash Dot",631 Autonomy Operations,"Mesa, AZ",nontech,senior,0,0,0,,,https://job-boards.greenhouse.io/doordashusa/jobs/8073181
2026-08-18,DASH,DoorDash,"Senior Operations Specialist, Engineering Testing - DoorDash Dot",631 Autonomy Operations,"Oakland, CA",product_eng,senior,0,0,0,,,https://job-boards.greenhouse.io/doordashusa/jobs/8074768
2026-08-18,DASH,DoorDash,"Senior Operations Specialist, Robot - DoorDash Dot",631 Autonomy Operations,"Phoenix, AZ",nontech,senior,0,0,0,,,https://job-boards.greenhouse.io/doordashusa/jobs/7374376
2026-08-18,DASH,DoorDash,"Senior Operations Specialist, Robot - DoorDash Dot",631 Autonomy Operations,"Fremont, CA; Sunnyvale, CA; San Jose, CA; Dublin, CA",nontech,senior,0,0,0,,,https://job-boards.greenhouse.io/doordashusa/jobs/8089677
2026-08-18,DASH,DoorDash,Senior Payroll Analyst,231 Accounting,United States - Remote,nontech,senior,0,0,0,,117600,https://job-boards.greenhouse.io/doordashusa/jobs/8023474
2026-08-18,DASH,DoorDash,"Senior Product Counsel, AI Data Services & Dasher Tasks",255 Product Counsel,"San Francisco, CA; Los Angeles, CA; Seattle, WA; Chicago, IL; New York, NY; Washington D.C.; United States - Remote",nontech,senior,1,1,0,buzz,264600,https://job-boards.greenhouse.io/doordashusa/jobs/8014319
2026-08-18,DASH,DoorDash,"Senior Product Design Manager, Integrity",321 Product Design,"San Francisco, CA; New York, NY; Seattle, WA",other,senior,0,5,1,application|buzz,257900,https://job-boards.greenhouse.io/doordashusa/jobs/7863636
2026-08-18,DASH,DoorDash,"Senior Product Manager, Trust & Safety, Integrity and Fraud",322 Product Management,"San Francisco, CA; Seattle, WA; New York, NY; Chicago, IL",product_eng,senior,0,1,0,buzz,197400,https://job-boards.greenhouse.io/doordashusa/jobs/7071290
2026-08-18,DASH,DoorDash,Senior Reliability Engineer - DoorDash Dot,311 Autonomy,"San Francisco, CA; Oakland, CA",product_eng,senior,0,0,0,,172200,https://job-boards.greenhouse.io/doordashusa/jobs/8070723
2026-08-18,DASH,DoorDash,"Senior Security Engineer, Red Team",315 Security Engineering,United States - Remote,product_eng,senior,0,1,0,buzz,197400,https://job-boards.greenhouse.io/doordashusa/jobs/7732457
2026-08-18,DASH,DoorDash,"Senior Service Technician, Service Operations, Labs (AM Shift) - DoorDash Dot",631 Autonomy Operations,"Mesa, AZ",nontech,senior,0,0,0,,,https://job-boards.greenhouse.io/doordashusa/jobs/8030435
2026-08-18,DASH,DoorDash,"Senior Service Technician, Service Operations, Labs - DoorDash Dot",631 Autonomy Operations,"Dublin, CA",nontech,senior,0,0,0,,,https://job-boards.greenhouse.io/doordashusa/jobs/7891543
2026-08-18,DASH,DoorDash,"Senior Service Technician, Service Operations, Labs (PM Shift) - DoorDash Dot",631 Autonomy Operations,"Mesa, AZ",product_eng,senior,0,0,0,,,https://job-boards.greenhouse.io/doordashusa/jobs/7545753
2026-08-18,DASH,DoorDash,"Senior Software Engineer, Data Engineering",318 Data,"San Francisco, CA; Sunnyvale, CA, Seattle, WA",product_eng,senior,0,0,0,,207800,https://job-boards.greenhouse.io/doordashusa/jobs/6108388
2026-08-18,DASH,DoorDash,"Senior Software Engineer, iOS",341 Executive Engineering,"Sunnyvale, CA; San Francisco, CA",product_eng,senior,0,1,0,buzz,207800,https://job-boards.greenhouse.io/doordashusa/jobs/5516948
2026-08-18,DASH,DoorDash,"Senior Software Engineer, Machine Learning Infrastructure - Generative AI",313 Infrastructure Engineering,"San Francisco, CA; Sunnyvale, CA; Seattle, WA",product_eng,senior,1,38,1,application|buzz|data_ml_ops|general_medium|model_infra,218200,https://job-boards.greenhouse.io/doordashusa/jobs/8044246
2026-08-18,DASH,DoorDash,"Senior Software Engineer, Spark Platform",318 Data,"San Francisco, CA; Seattle, WA; Sunnyvale, CA; New York, NY",product_eng,senior,0,2,0,data_ml_ops,207800,https://job-boards.greenhouse.io/doordashusa/jobs/8044371
2026-08-18,DASH,DoorDash,Senior Specialist - Partner Integrations,542 Partner Integrations,"New York, NY; San Francisco, CA; Phoenix, AZ; Seattle, WA; Boston, MA",other,senior,0,1,0,buzz,119000,https://job-boards.greenhouse.io/doordashusa/jobs/8021654
2026-08-18,DASH,DoorDash,"Senior Specialist, Partner Integrations",542 Partner Integrations,"Atlanta, GA; New York, NY; San Francisco, CA; Chicago, IL; Washington, DC; Denver, CO",other,senior,0,1,0,buzz,119000,https://job-boards.greenhouse.io/doordashusa/jobs/6531299
2026-08-18,DASH,DoorDash,Senior/Staff Deep Reinforcement Learning Engineer - DoorDash Dot,311 Autonomy,"San Francisco, CA",product_eng,staff_principal,0,19,1,application|buzz|general_medium|model_infra,207500,https://job-boards.greenhouse.io/doordashusa/jobs/7750664
2026-08-18,DASH,DoorDash,Senior Staff Machine Learning Engineer,347 Ads Engineering,"San Francisco, CA; Sunnyvale, CA",product_eng,staff_principal,1,31,1,application|buzz|general_medium|model_infra,299900,https://job-boards.greenhouse.io/doordashusa/jobs/7980080
2026-08-18,DASH,DoorDash,"Senior Staff Machine Learning Engineer, Consumer",346 Consumer Engineering,"San Francisco, CA; Sunnyvale, CA; Seattle, WA",product_eng,staff_principal,1,17,1,application|buzz|general_medium|model_infra,299900,https://job-boards.greenhouse.io/doordashusa/jobs/7967848
2026-08-18,DASH,DoorDash,Senior Staff Software Engineer - Launchpad,341 Executive Engineering,"San Francisco, CA; Sunnyvale, CA;  New York, NY",product_eng,staff_principal,0,1,0,buzz,285600,https://job-boards.greenhouse.io/doordashusa/jobs/7637668
2026-08-18,DASH,DoorDash,Senior Systems Engineer - DoorDash Air,311 Autonomy,"San Francisco, CA; Oakland, CA",product_eng,senior,0,0,0,,207800,https://job-boards.greenhouse.io/doordashusa/jobs/7983534
2026-08-18,DASH,DoorDash,Senior Technical Program Manager - Foundations Engineering,317 Engineering Technical Program Management,"San Francisco, CA; Seattle, WA; Sunnyvale, CA",product_eng,senior,0,0,0,,207800,https://job-boards.greenhouse.io/doordashusa/jobs/8024176
2026-08-18,DASH,DoorDash,Senior Workplace Investigations Business Partner,256 International Legal,"San Francisco, CA; Tempe, AZ; Seattle, WA; Los Angeles, CA; New York, NY; Denver, CO; Chicago, IL; Austin, TX; United States - Remote",other,senior,0,0,0,,168000,https://job-boards.greenhouse.io/doordashusa/jobs/7951226
2026-08-18,DASH,DoorDash,"Service Technician, Labs - DoorDash Dot",631 Autonomy Operations,"Sunnyvale, CA",other,mid,0,0,0,,,https://job-boards.greenhouse.io/doordashusa/jobs/7894957
2026-08-18,DASH,DoorDash,"Service Technician, Service Operations, Labs (AM Shift) - DoorDash Dot",631 Autonomy Operations,"Mesa, AZ",nontech,mid,0,0,0,,,https://job-boards.greenhouse.io/doordashusa/jobs/8030446
2026-08-18,DASH,DoorDash,"Service Technician, Service Operations, Labs - DoorDash Dot",631 Autonomy Operations,"Sunnyvale, CA; Dublin, CA",nontech,mid,0,0,0,,,https://job-boards.greenhouse.io/doordashusa/jobs/7948401
2026-08-18,DASH,DoorDash,"Service Technician, Service Operations, Labs (PM Shift) - DoorDash Dot",631 Autonomy Operations,"Mesa, AZ",product_eng,mid,0,0,0,,,https://job-boards.greenhouse.io/doordashusa/jobs/7491310
2026-08-18,DASH,DoorDash,Shift Lead,112 Order Fulfillment,"Toledo, OH",other,senior,0,0,0,,,https://job-boards.greenhouse.io/doordashusa/jobs/7336853
2026-08-18,DASH,DoorDash,Shift Lead,112 Order Fulfillment,"Grand Rapids, MI",other,senior,0,0,0,,,https://job-boards.greenhouse.io/doordashusa/jobs/7983736
2026-08-18,DASH,DoorDash,Shift Lead,112 Order Fulfillment,"Cincinnati, OH",other,senior,0,0,0,,,https://job-boards.greenhouse.io/doordashusa/jobs/7905619
2026-08-18,DASH,DoorDash,Shift Lead,112 Order Fulfillment,"Sterling Heights, MI",other,senior,0,0,0,,,https://job-boards.greenhouse.io/doordashusa/jobs/7230365
2026-08-18,DASH,DoorDash,Shift Lead ,112 Order Fulfillment,"Raleigh, NC",other,senior,0,0,0,,,https://job-boards.greenhouse.io/doordashusa/jobs/6169266
2026-08-18,DASH,DoorDash,Shift Lead ,112 Order Fulfillment,"Louisville, KY",other,senior,0,0,0,,,https://job-boards.greenhouse.io/doordashusa/jobs/6631675
2026-08-18,DASH,DoorDash,Shift Lead - 11 Mile & Gratiot,112 Order Fulfillment,"Roseville, MI",other,senior,0,0,0,,,https://job-boards.greenhouse.io/doordashusa/jobs/8109766
2026-08-18,DASH,DoorDash,Shift Lead - Ardmore,112 Order Fulfillment,"Winston-Salem, NC",other,senior,0,0,0,,,https://job-boards.greenhouse.io/doordashusa/jobs/4441674
2026-08-18,DASH,DoorDash,Shift Lead - Aurora,112 Order Fulfillment,"Aurora, CO",other,senior,0,0,0,,,https://job-boards.greenhouse.io/doordashusa/jobs/6819210
2026-08-18,DASH,DoorDash,Shift Lead - Bayview,112 Order Fulfillment,"San Francisco, CA",other,senior,0,0,0,,,https://job-boards.greenhouse.io/doordashusa/jobs/6338457
2026-08-18,DASH,DoorDash,Shift Lead - Central Harlem,112 Order Fulfillment,"Philadelphia, PA",other,senior,0,0,0,,,https://job-boards.greenhouse.io/doordashusa/jobs/7368098
2026-08-18,DASH,DoorDash,Shift Lead - Central Harlem ,112 Order Fulfillment,"Central Harlem, NY",other,senior,0,0,0,,,https://job-boards.greenhouse.io/doordashusa/jobs/6603221
2026-08-18,DASH,DoorDash,Shift Lead - Cherry Hill,112 Order Fulfillment,"Cherry Hill, NJ",other,senior,0,0,0,,,https://job-boards.greenhouse.io/doordashusa/jobs/4441676
2026-08-18,DASH,DoorDash,"Shift Lead - Chicago, IL",112 Order Fulfillment,"Chicago, IL",other,senior,0,0,0,,,https://job-boards.greenhouse.io/doordashusa/jobs/7144500
2026-08-18,DASH,DoorDash,Shift Lead - Congaree Vista,112 Order Fulfillment,"Columbia, SC ",other,senior,0,0,0,,,https://job-boards.greenhouse.io/doordashusa/jobs/4441678
2026-08-18,DASH,DoorDash,"Shift Lead, Dashmart",112 Order Fulfillment,"Norfolk, VA",other,senior,0,0,0,,,https://job-boards.greenhouse.io/doordashusa/jobs/7517631
2026-08-18,DASH,DoorDash,"Shift Lead, Dashmart",112 Order Fulfillment,"Phoenix, AZ",other,senior,0,0,0,,,https://job-boards.greenhouse.io/doordashusa/jobs/7144702
2026-08-18,DASH,DoorDash,"Shift Lead, Dashmart",112 Order Fulfillment,"Garden City, ID",other,senior,0,0,0,,,https://job-boards.greenhouse.io/doordashusa/jobs/8110239
2026-08-18,DASH,DoorDash,"Shift Lead, Dashmart - Wick Field",112 Order Fulfillment,"Milwaukee, WI",other,senior,0,0,0,,,https://job-boards.greenhouse.io/doordashusa/jobs/8051915
2026-08-18,DASH,DoorDash,Shift Lead - Decatur,112 Order Fulfillment,"Decatur, GA",other,senior,0,0,0,,,https://job-boards.greenhouse.io/doordashusa/jobs/6821409
2026-08-18,DASH,DoorDash,Shift Lead - Deer Park,112 Order Fulfillment,"Newport News, VA",other,senior,0,0,0,,,https://job-boards.greenhouse.io/doordashusa/jobs/4940865
2026-08-18,DASH,DoorDash,Shift Lead - Downers Grove,112 Order Fulfillment,"Downers Grove, IL",other,senior,0,0,0,,,https://job-boards.greenhouse.io/doordashusa/jobs/8096521
2026-08-18,DASH,DoorDash,Shift Lead - Draper,112 Order Fulfillment,"Draper, UT",other,senior,0,0,0,,,https://job-boards.greenhouse.io/doordashusa/jobs/5834559
2026-08-18,DASH,DoorDash,Shift Lead - East Chattanooga,112 Order Fulfillment,"Chattanooga, TN",other,senior,0,0,0,,,https://job-boards.greenhouse.io/doordashusa/jobs/6973900
2026-08-18,DASH,DoorDash,Shift Lead - East Cobb,112 Order Fulfillment,"Marietta, GA",other,senior,0,0,0,,,https://job-boards.greenhouse.io/doordashusa/jobs/4441684
2026-08-18,DASH,DoorDash,Shift Lead - Eastside,112 Order Fulfillment,"Syracuse, New York",other,senior,0,0,0,,,https://job-boards.greenhouse.io/doordashusa/jobs/7683334
2026-08-18,DASH,DoorDash,Shift Lead - Edison,112 Order Fulfillment,"Kalamazoo, MI",other,senior,0,0,0,,,https://job-boards.greenhouse.io/doordashusa/jobs/7190936
2026-08-18,DASH,DoorDash,Shift Lead - Halethorpe,112 Order Fulfillment,"Baltimore, MD",other,senior,0,0,0,,,https://job-boards.greenhouse.io/doordashusa/jobs/5327650
2026-08-18,DASH,DoorDash,Shift Lead - Harrisburg,112 Order Fulfillment,"Harrisburg, PA",other,senior,0,0,0,,,https://job-boards.greenhouse.io/doordashusa/jobs/5328372
2026-08-18,DASH,DoorDash,Shift Lead - Huntsville,112 Order Fulfillment,"Huntsville, AL",other,senior,0,0,0,,,https://job-boards.greenhouse.io/doordashusa/jobs/6956796
2026-08-18,DASH,DoorDash,Shift Lead - Landmark,112 Order Fulfillment,"Alexandria, VA",other,senior,0,0,0,,,https://job-boards.greenhouse.io/doordashusa/jobs/3623888
2026-08-18,DASH,DoorDash,Shift Lead - Las Vegas,112 Order Fulfillment,"Las Vegas, NV",other,senior,0,0,0,,,https://job-boards.greenhouse.io/doordashusa/jobs/4885932
2026-08-18,DASH,DoorDash,Shift Lead - Laurel,112 Order Fulfillment,"Henrico, VA",other,senior,0,0,0,,,https://job-boards.greenhouse.io/doordashusa/jobs/7701395
2026-08-18,DASH,DoorDash,Shift Lead - Leon Valley,112 Order Fulfillment,"San Antonio, TX",other,senior,0,0,0,,,https://job-boards.greenhouse.io/doordashusa/jobs/5742879
2026-08-18,DASH,DoorDash,Shift Lead - Lexington,112 Order Fulfillment,"Lexington, KY",other,senior,0,0,0,,,https://job-boards.greenhouse.io/doordashusa/jobs/6960483
2026-08-18,DASH,DoorDash,Shift Lead - Lynnhaven,112 Order Fulfillment,"Virginia Beach, VA",other,senior,0,0,0,,,https://job-boards.greenhouse.io/doordashusa/jobs/4441698
2026-08-18,DASH,DoorDash,Shift Lead - Madison Park,112 Order Fulfillment,"Charlotte, NC",other,senior,0,0,0,,,https://job-boards.greenhouse.io/doordashusa/jobs/4441700
2026-08-18,DASH,DoorDash,Shift Lead - Mesa,112 Order Fulfillment,"Mesa, AZ",other,senior,0,0,0,,,https://job-boards.greenhouse.io/doordashusa/jobs/6900751
2026-08-18,DASH,DoorDash,Shift Lead - Millcreek,112 Order Fulfillment,"Millcreek, UT",other,senior,0,0,0,,,https://job-boards.greenhouse.io/doordashusa/jobs/5199080
2026-08-18,DASH,DoorDash,Shift Lead - Millcreek,112 Order Fulfillment,"Millcreek, UT",other,senior,0,0,0,,,https://job-boards.greenhouse.io/doordashusa/jobs/7838799
2026-08-18,DASH,DoorDash,Shift Lead - Morrow,112 Order Fulfillment,"Morrow, GA",other,senior,0,0,0,,,https://job-boards.greenhouse.io/doordashusa/jobs/7052530
2026-08-18,DASH,DoorDash,Shift Lead - Nashville,112 Order Fulfillment,"Nashville, TN",other,senior,0,0,0,,,https://job-boards.greenhouse.io/doordashusa/jobs/7216540
2026-08-18,DASH,DoorDash,Shift Lead - Newark,112 Order Fulfillment,"Newark, NJ",other,senior,0,0,0,,,https://job-boards.greenhouse.io/doordashusa/jobs/5683390
2026-08-18,DASH,DoorDash,Shift Lead - Northeast Minneapolis,112 Order Fulfillment,"Minneapolis, MN",other,senior,0,0,0,,,https://job-boards.greenhouse.io/doordashusa/jobs/7868724
2026-08-18,DASH,DoorDash,Shift Lead - North Valley,112 Order Fulfillment,"Albuquerque, NM",other,senior,0,0,0,,,https://job-boards.greenhouse.io/doordashusa/jobs/6394889
2026-08-18,DASH,DoorDash,Shift Lead - Pembroke Park,112 Order Fulfillment,"Tucson, AZ",other,senior,0,0,0,,,https://job-boards.greenhouse.io/doordashusa/jobs/7344739
2026-08-18,DASH,DoorDash,Shift Lead - Providence,112 Order Fulfillment,"Providence, RI",other,senior,0,0,0,,,https://job-boards.greenhouse.io/doordashusa/jobs/7825549
2026-08-18,DASH,DoorDash,Shift Lead - Roswell,112 Order Fulfillment,"Roswell, GA",other,senior,0,0,0,,,https://job-boards.greenhouse.io/doordashusa/jobs/6956069
2026-08-18,DASH,DoorDash,Shift Lead - Sharon Hill,112 Order Fulfillment,"Sharon Hill, PA",other,senior,0,0,0,,,https://job-boards.greenhouse.io/doordashusa/jobs/6166924
2026-08-18,DASH,DoorDash,Shift Lead - South Marketview Heights,112 Order Fulfillment,"Rochester, NY",other,senior,0,0,0,,,https://job-boards.greenhouse.io/doordashusa/jobs/5941044
2026-08-18,DASH,DoorDash,Shift Lead - South Tacoma,112 Order Fulfillment,"Tacoma, WA",other,senior,0,0,0,,,https://job-boards.greenhouse.io/doordashusa/jobs/8099935
2026-08-18,DASH,DoorDash,Shift Lead - Towson,112 Order Fulfillment,"Baltimore, MD",other,senior,0,0,0,,,https://job-boards.greenhouse.io/doordashusa/jobs/5643020
2026-08-18,DASH,DoorDash,Shift Lead - Turnersville,112 Order Fulfillment,"Turnersville, NJ",other,senior,0,0,0,,,https://job-boards.greenhouse.io/doordashusa/jobs/5677212
2026-08-18,DASH,DoorDash,Shift Lead - Underwood Hills,112 Order Fulfillment,"Atlanta, GA",other,senior,0,0,0,,,https://job-boards.greenhouse.io/doordashusa/jobs/7248556
2026-08-18,DASH,DoorDash,Shift Lead - Wellswood,112 Order Fulfillment,"Tampa, FL",other,senior,0,0,0,,,https://job-boards.greenhouse.io/doordashusa/jobs/6517257
2026-08-18,DASH,DoorDash,Shift Lead - Wildwood,112 Order Fulfillment,"Charleston, SC",other,senior,0,0,0,,,https://job-boards.greenhouse.io/doordashusa/jobs/5767461
2026-08-18,DASH,DoorDash,Shift Lead - Windcrest,112 Order Fulfillment,"San Antonio, TX",other,senior,0,0,0,,,https://job-boards.greenhouse.io/doordashusa/jobs/3547688
2026-08-18,DASH,DoorDash,Shift Lead - Woodbridge,112 Order Fulfillment,"Woodbridge, VA",other,senior,0,0,0,,,https://job-boards.greenhouse.io/doordashusa/jobs/5349772
2026-08-18,DASH,DoorDash,Shift Lead - Wynwood,112 Order Fulfillment,"Miami, FL",other,senior,0,0,0,,,https://job-boards.greenhouse.io/doordashusa/jobs/6746075
2026-08-18,DASH,DoorDash,Site Manager,113 Order Fulfillment Management,"Pittsburgh, PA",other,mid,0,0,0,,80050,https://job-boards.greenhouse.io/doordashusa/jobs/7960785
2026-08-18,DASH,DoorDash,Site Manager,113 Order Fulfillment Management,"Alexandria, VA",other,mid,0,0,0,,80050,https://job-boards.greenhouse.io/doordashusa/jobs/8093169
2026-08-18,DASH,DoorDash,"Site Manager, Dashmart",113 Order Fulfillment Management,"Atlanta, GA",other,mid,0,0,0,,80050,https://job-boards.greenhouse.io/doordashusa/jobs/8097006
2026-08-18,DASH,DoorDash,"Site Manager, DashMart - Nashville",113 Order Fulfillment Management,"Nashville, TN",other,mid,0,0,0,,,https://job-boards.greenhouse.io/doordashusa/jobs/8114384
2026-08-18,DASH,DoorDash,"SLAM Engineer, Calibration, Mapping & Localization - DoorDash Dot",311 Autonomy,"San Francisco, CA; Sunnyvale, CA; United States - Remote",product_eng,mid,0,2,0,general_medium,207500,https://job-boards.greenhouse.io/doordashusa/jobs/8041259
2026-08-18,DASH,DoorDash,"SMB, Customer Success Manager",413 In-Store Marketing,"Chicago, IL",demand_validated,mid,0,0,0,,90340,https://job-boards.greenhouse.io/doordashusa/jobs/7984775
2026-08-18,DASH,DoorDash,"Software Engineer, Android (All Teams)",341 Executive Engineering,"Sunnyvale, CA; San Francisco, CA; Seattle, WA",product_eng,mid,0,1,0,buzz,207800,https://job-boards.greenhouse.io/doordashusa/jobs/5630438
2026-08-18,DASH,DoorDash,"Software Engineer, Backend (All Teams)",341 Executive Engineering,"Sunnyvale, CA; San Francisco, CA; New York, NY; Seattle, WA; Ann Arbor, MI",product_eng,mid,0,1,0,buzz,207800,https://job-boards.greenhouse.io/doordashusa/jobs/5630445
2026-08-18,DASH,DoorDash,"Software Engineer, Backend - DoorDash Air",311 Autonomy,"San Francisco, CA",product_eng,mid,0,0,0,,207800,https://job-boards.greenhouse.io/doordashusa/jobs/6599474
2026-08-18,DASH,DoorDash,"Software Engineer, Data Platform (All Teams)",318 Data,"San Francisco, CA; Seattle, WA; Sunnyvale, CA; New York, NY",product_eng,mid,0,1,0,buzz,207800,https://job-boards.greenhouse.io/doordashusa/jobs/7577073
2026-08-18,DASH,DoorDash,"Software Engineer I, Entry-Level (Graduation Date: Fall 2025-Summer 2026)",348 University Recruiting Engineering,"New York, NY; San Francisco, CA; Los Angeles, CA; Seattle, WA; Sunnyvale, CA",product_eng,mid,0,1,0,buzz,132700,https://job-boards.greenhouse.io/doordashusa/jobs/7263610
2026-08-18,DASH,DoorDash,"Software Engineer II, Data Engineering",318 Data,"San Francisco, CA; Sunnyvale, CA",product_eng,mid,0,1,0,buzz,207800,https://job-boards.greenhouse.io/doordashusa/jobs/6458514
2026-08-18,DASH,DoorDash,"Software Engineer, iOS (All Teams)",341 Executive Engineering,"Sunnyvale, CA; San Francisco, CA; Seattle, WA; New York, NY",product_eng,mid,0,1,0,buzz,207800,https://job-boards.greenhouse.io/doordashusa/jobs/5630454
2026-08-18,DASH,DoorDash,"Software Engineer, Machine Learning Infrastructure - Generative AI",313 Infrastructure Engineering,"San Francisco, CA; Sunnyvale, CA; Seattle, WA",product_eng,mid,1,27,1,application|buzz|data_ml_ops|general_medium|model_infra,218200,https://job-boards.greenhouse.io/doordashusa/jobs/8013249
2026-08-18,DASH,DoorDash,"Software Engineer, Planning & Controls - Autonomy & Robotics, DoorDash Air",311 Autonomy,"San Francisco, CA",product_eng,mid,0,0,0,,245300,https://job-boards.greenhouse.io/doordashusa/jobs/8046982
2026-08-18,DASH,DoorDash,"Software Engineer, Robotics Infrastructure - Autonomy & Robotics, DoorDash Air",311 Autonomy,"San Francisco, CA",product_eng,mid,0,1,0,buzz,207500,https://job-boards.greenhouse.io/doordashusa/jobs/8046909
2026-08-18,DASH,DoorDash,"Software Engineer, Spark Platform",318 Data,"San Francisco, CA; Seattle, WA; Sunnyvale, CA; New York, NY",product_eng,mid,0,0,0,,207800,https://job-boards.greenhouse.io/doordashusa/jobs/8044370
2026-08-18,DASH,DoorDash,"Software Engineer, Storage",313 Infrastructure Engineering,"San Francisco, CA; Seattle, WA; New York, NY",product_eng,mid,0,0,0,,236300,https://job-boards.greenhouse.io/doordashusa/jobs/8024644
2026-08-18,DASH,DoorDash,"Software Engineer, Traffic",313 Infrastructure Engineering,"San Francisco, CA; New York, NY; Seattle, WA",product_eng,mid,0,1,0,buzz,207800,https://job-boards.greenhouse.io/doordashusa/jobs/8120763
2026-08-18,DASH,DoorDash,Software Integration Engineer - DoorDash Dot,311 Autonomy,"San Francisco, CA",product_eng,mid,0,0,0,,207500,https://job-boards.greenhouse.io/doordashusa/jobs/8070969
2026-08-18,DASH,DoorDash,"Solution Engineer, Symbiosys",641 Ads & Promotions Strategy,"Ann Arbor, MI; New York, NY",product_eng,mid,0,1,0,buzz,142000,https://job-boards.greenhouse.io/doordashusa/jobs/8046431
2026-08-18,DASH,DoorDash,"Sr. Associate, GTM Strategy & Operations",613 Platform Operations,"New York, NY; Los Angeles, CA",nontech,senior,0,2,0,buzz,107500,https://job-boards.greenhouse.io/doordashusa/jobs/8017176
2026-08-18,DASH,DoorDash,"Sr. Associate, Strategy and Operations, Fraud",621 Support Management,"San Francisco, CA; Seattle, WA; Tempe, AZ; Chicago, IL; New York, NY; Washington, DC; United States - Remote",nontech,senior,0,0,0,,107500,https://job-boards.greenhouse.io/doordashusa/jobs/8081294
2026-08-18,DASH,DoorDash,Sr. Business Intelligence Engineer,331 Analytics,"New York, NY; San Francisco, CA; San Jose, CA; Seattle, WA; Los Angeles, CA; Washington D.C.; Austin, TX; Chicago, IL",product_eng,senior,0,1,0,buzz,146150,https://job-boards.greenhouse.io/doordashusa/jobs/7905285
2026-08-18,DASH,DoorDash,"Sr. Manager, In-Store S&O",636 In-Store S&O,"New York, NY; Los Angeles, CA; San Francisco, CA; United States - Remote",other,senior,0,1,0,buzz,210000,https://job-boards.greenhouse.io/doordashusa/jobs/8119527
2026-08-18,DASH,DoorDash,Sr. Staff Technical Program Manager (Hardware) - DoorDash Dot,311 Autonomy,"San Francisco, CA; Oakland, CA",other,staff_principal,0,1,0,buzz,239400,https://job-boards.greenhouse.io/doordashusa/jobs/7611520
2026-08-18,DASH,DoorDash,Sr. UTM Engineer - DoorDash Air,311 Autonomy,"San Francisco, CA",product_eng,senior,0,0,0,,245300,https://job-boards.greenhouse.io/doordashusa/jobs/8110044
2026-08-18,DASH,DoorDash,Staff Machine Learning Engineer - DashPass,341 Executive Engineering,"San Francisco, CA; Sunnyvale, CA",product_eng,staff_principal,1,15,1,buzz|general_medium|model_infra,218200,https://job-boards.greenhouse.io/doordashusa/jobs/7488724
2026-08-18,DASH,DoorDash,"Staff Machine Learning Engineer, Fulfillment Planning",341 Executive Engineering,"San Francisco, CA; Sunnyvale, CA",product_eng,staff_principal,1,9,1,application|buzz|general_medium,218200,https://job-boards.greenhouse.io/doordashusa/jobs/7962110
2026-08-18,DASH,DoorDash,"Staff Product Designer, Merchant Marketing",321 Product Design,"New York, NY; San Francisco, CA; Seattle, WA",product_eng,staff_principal,0,4,1,application|buzz,192200,https://job-boards.greenhouse.io/doordashusa/jobs/7887341
2026-08-18,DASH,DoorDash,"Staff Security Engineer, Proactive Security",315 Security Engineering,United States - Remote,product_eng,staff_principal,0,3,1,application,239400,https://job-boards.greenhouse.io/doordashusa/jobs/8030575
2026-08-18,DASH,DoorDash,"Staff Simulation Engineer - Foundry, DoorDash Air",311 Autonomy,"San Francisco, CA",product_eng,staff_principal,0,0,0,,245300,https://job-boards.greenhouse.io/doordashusa/jobs/8046994
2026-08-18,DASH,DoorDash,"Staff Software Engineer, Backend",341 Executive Engineering,"New York, NY; Seattle, WA",product_eng,staff_principal,0,1,0,buzz,207800,https://job-boards.greenhouse.io/doordashusa/jobs/5630302
2026-08-18,DASH,DoorDash,"Staff Software Engineer, Data Engineering",318 Data,"San Francisco, CA; Sunnyvale, CA; Seattle, WA",product_eng,staff_principal,0,1,0,buzz,207800,https://job-boards.greenhouse.io/doordashusa/jobs/6107041
2026-08-18,DASH,DoorDash,"Staff Software Engineer, Event Streaming Systems",313 Infrastructure Engineering,"New York, NY",product_eng,staff_principal,0,1,0,buzz,239400,https://job-boards.greenhouse.io/doordashusa/jobs/8049133
2026-08-18,DASH,DoorDash,"Staff Software Engineer, Machine Learning - Personalization",341 Executive Engineering,"San Francisco, CA; Sunnyvale, CA",product_eng,staff_principal,1,19,1,application|buzz|general_medium|model_infra,218200,https://job-boards.greenhouse.io/doordashusa/jobs/5575224
2026-08-18,DASH,DoorDash,Staff Software Technical Program Manager - Autonomy & Robotics,311 Autonomy,"San Francisco, CA",other,staff_principal,0,0,0,,239400,https://job-boards.greenhouse.io/doordashusa/jobs/8008523
2026-08-18,DASH,DoorDash,"Staff Systems Engineer, DoorDash Air",311 Autonomy,"San Francisco, CA; Oakland, CA",product_eng,staff_principal,0,0,0,,207800,https://job-boards.greenhouse.io/doordashusa/jobs/7983537
2026-08-18,DASH,DoorDash,Strategic Account Development Executive,513 Outside Account Development,"New York, NY; Los Angeles, CA; Chicago, IL; Dallas, TX; Houston, TX; Atlanta, GA; Washington, DC; Philadelphia, PA; Miami, FL; Phoenix, AZ; Boston, MA; San Francisco, CA; Riverside, CA; Detroit, MI; Seattle, WA",other,mid,0,0,0,,170010,https://job-boards.greenhouse.io/doordashusa/jobs/7824602
2026-08-18,DASH,DoorDash,Strategic Account Development Executive - Marketplace,513 Outside Account Development,"Austin, TX; San Antonio, TX; Dallas, TX; Chicago, IL; Detroit, MI; Atlanta, GA; Miami, FL; Nashville, TN; Denver, CO; Tempe, AZ; Los Angeles, CA; San Diego, CA; San Francisco, CA",other,mid,0,0,0,,161920,https://job-boards.greenhouse.io/doordashusa/jobs/7516018
2026-08-18,DASH,DoorDash,"Strategic Account Development Executive, Marketplace - Bilingual Spanish Required",513 Outside Account Development,"Austin, TX; San Antonio, TX; Dallas, TX; Chicago, IL; Detroit, MI; Atlanta, GA; Miami, FL; Nashville, TN; Denver, CO; Tempe, AZ; Los Angeles, CA; San Diego, CA; San Francisco, CA",other,mid,0,0,0,,161920,https://job-boards.greenhouse.io/doordashusa/jobs/8108538
2026-08-18,DASH,DoorDash,"Strategic Account Development Executive, Platform Innovation",513 Outside Account Development,"New York, NY; Chicago, IL",other,mid,0,0,0,,170010,https://job-boards.greenhouse.io/doordashusa/jobs/7644701
2026-08-18,DASH,DoorDash,"Strategic Account Executive, DoorDash for Business ",535 DDfB Sales,"New York, NY",demand_validated,mid,0,1,0,buzz,165440,https://job-boards.greenhouse.io/doordashusa/jobs/8079886
2026-08-18,DASH,DoorDash,Strategic Customer Success Manager,511 Outside Account Management,"Philadelphia, PA",demand_validated,mid,0,0,0,,110720,https://job-boards.greenhouse.io/doordashusa/jobs/8082739
2026-08-18,DASH,DoorDash,Strategic Customer Success Manager,511 Outside Account Management,"Boston, MA; New York, NY",demand_validated,mid,0,0,0,,110720,https://job-boards.greenhouse.io/doordashusa/jobs/8081721
2026-08-18,DASH,DoorDash,Strategic Merchant Lead,533 Outside Sales,"Boston, MA",other,senior,0,0,0,,,https://job-boards.greenhouse.io/doordashusa/jobs/8105630
2026-08-18,DASH,DoorDash,Strategic Partner Manager II,511 Outside Account Management,"Boston, MA; New York, NY",other,mid,0,0,0,,110720,https://job-boards.greenhouse.io/doordashusa/jobs/7948250
2026-08-18,DASH,DoorDash,Strategic Partner Manager II,511 Outside Account Management,"Austin, TX; Houston, TX; Dallas, TX",other,mid,0,0,0,,110720,https://job-boards.greenhouse.io/doordashusa/jobs/8054613
2026-08-18,DASH,DoorDash,Strategic Partner Manager II,511 Outside Account Management,"Los Angeles, CA",other,mid,0,0,0,,110720,https://job-boards.greenhouse.io/doordashusa/jobs/8044721
2026-08-18,DASH,DoorDash,"Strategic Partnerships Sales Executive, DoorDash for Business",535 DDfB Sales,"New York, NY; Los Angeles, CA",nontech,mid,0,1,0,buzz,165440,https://job-boards.greenhouse.io/doordashusa/jobs/8079890
2026-08-18,DASH,DoorDash,"Strategic Sourcing Manager, Autonomy & Robotics - DoorDash Dot",631 Autonomy Operations,"Oakland, CA ",other,mid,0,1,0,buzz,161300,https://job-boards.greenhouse.io/doordashusa/jobs/8060470
2026-08-18,DASH,DoorDash,Strategy & Operations Manager-Ads & Promotions Monetization,641 Ads & Promotions Strategy,"San Francisco, CA; New York, NY; Seattle, WA; Chicago, IL; Los Angeles, CA",nontech,mid,0,0,0,,168000,https://job-boards.greenhouse.io/doordashusa/jobs/7819302
2026-08-18,DASH,DoorDash,"Supervisor, MXO  Drive Support (Mid Shift)",118 Merchant Support Management,"Tempe, AZ",nontech,mid,0,1,0,buzz,,https://job-boards.greenhouse.io/doordashusa/jobs/8107098
2026-08-18,DASH,DoorDash,Systems Integration Engineer - DoorDash Dot,311 Autonomy,"Oakland, CA",product_eng,mid,0,0,0,,210000,https://job-boards.greenhouse.io/doordashusa/jobs/8077028
2026-08-18,DASH,DoorDash,Team Member - Mahwah,112 Order Fulfillment,"Mahwah, NJ",other,mid,0,0,0,,,https://job-boards.greenhouse.io/doordashusa/jobs/7050131
2026-08-18,DASH,DoorDash,Technical Program Manager - Labs,311 Autonomy,"San Francisco, CA",other,mid,0,0,0,,197400,https://job-boards.greenhouse.io/doordashusa/jobs/6972095
2026-08-18,DASH,DoorDash,Technical Support Engineer,351 In-Store R&D,"London, UK",product_eng,mid,0,1,0,buzz,,https://job-boards.greenhouse.io/doordashusa/jobs/7996559
2026-08-18,DASH,DoorDash,"Technical Support Representative, In-Store",636 In-Store S&O,"Phoenix, AZ; Boston, MA; Philadelphia, PA",nontech,mid,0,0,0,,,https://job-boards.greenhouse.io/doordashusa/jobs/7984131
2026-08-18,DASH,DoorDash,"Technician Lead, Service Operations, Labs - DoorDash Dot",631 Autonomy Operations,"Mesa, AZ",nontech,senior,0,0,0,,,https://job-boards.greenhouse.io/doordashusa/jobs/8041960
2026-08-18,DASH,DoorDash,UAS Flight Test Operator (I&II) - DoorDash Air,631 Autonomy Operations,"Bay Point, CA; Petaluma, CA",other,mid,0,0,0,,,https://job-boards.greenhouse.io/doordashusa/jobs/7280136
2026-08-18,DASH,DoorDash,"UX Design Engineer, Content Tooling",321 Product Design,"San Francisco, CA; Sunnyvale, CA; Seattle, WA; New York, NY",product_eng,mid,0,4,1,application|buzz,192200,https://job-boards.greenhouse.io/doordashusa/jobs/7767373
2026-08-18,DASH,DoorDash,Variable Schedule Operations Associate,112 Order Fulfillment,"Columbus, OH",nontech,mid,0,0,0,,,https://job-boards.greenhouse.io/doordashusa/jobs/7624434
2026-08-18,DASH,DoorDash,Variable Schedule Operations Associate,112 Order Fulfillment,"Indianapolis, IN",nontech,mid,0,0,0,,,https://job-boards.greenhouse.io/doordashusa/jobs/7624348
2026-08-18,DASH,DoorDash,"Variable Schedule Operations Associate, Dashmart",112 Order Fulfillment,"Indianapolis, IN",nontech,mid,0,0,0,,,https://job-boards.greenhouse.io/doordashusa/jobs/7627134
2026-08-18,DASH,DoorDash,Warehouse Shift Lead,112 Order Fulfillment,"Mishawaka, IN",other,senior,0,0,0,,,https://job-boards.greenhouse.io/doordashusa/jobs/7056968
2026-08-18,DASH,DoorDash,Warehouse Shift Lead - Webster,112 Order Fulfillment,"Webster, TX",other,senior,0,0,0,,,https://job-boards.greenhouse.io/doordashusa/jobs/3547221
2026-08-18,CART,Instacart,Activation Sales Development Representative I,Ad Sales,United States - Remote,nontech,mid,0,0,0,,51500,https://instacart.careers/job/?gh_jid=7144697
2026-08-18,CART,Instacart,Ads AI Analytics Lead II,Commercial Excellence,"Canada - Remote (ON, AB, BC, or NS Only)",other,senior,1,9,1,application|buzz|general_medium,144000,https://instacart.careers/job/?gh_jid=7658241
2026-08-18,CART,Instacart,Ads AI Analytics Lead II,Commercial Excellence,United States - Remote,other,senior,1,10,1,application|buzz|general_medium,148000,https://instacart.careers/job/?gh_jid=7495338
2026-08-18,CART,Instacart,AI Engagement Manager ,Professional Services,United States - Remote,other,mid,1,10,1,application|buzz,202000,https://instacart.careers/job/?gh_jid=7994243
2026-08-18,CART,Instacart,AI Engagement Manager ,Professional Services,"Canada - Remote (ON, AB, BC, or NS Only)",other,mid,1,10,1,application|buzz,190000,https://instacart.careers/job/?gh_jid=7994245
2026-08-18,CART,Instacart,AI Solutions Architect,Professional Services,"Canada - Remote (ON, AB, BC, or NS Only)",demand_validated,mid,1,5,1,application|buzz,222000,https://instacart.careers/job/?gh_jid=7976932
2026-08-18,CART,Instacart,AI Solutions Architect,Professional Services,United States - Remote,demand_validated,mid,1,5,1,application|buzz,221000,https://instacart.careers/job/?gh_jid=7976934
2026-08-18,CART,Instacart,Catalog Operations Analyst II,Analytics ,"Canada - Remote (ON, AB, BC, or NS Only)",nontech,mid,0,4,1,application|buzz,106750,https://instacart.careers/job/?gh_jid=7967305
2026-08-18,CART,Instacart,"Chief of Staff, Online Grocery",Product,"Canada - Remote (ON, AB, BC, or NS Only)",other,exec,0,1,0,buzz,208500,https://instacart.careers/job/?gh_jid=8112138
2026-08-18,CART,Instacart,"Chief of Staff, Online Grocery",Product,United States - Remote,other,exec,0,1,0,buzz,225500,https://instacart.careers/job/?gh_jid=8112136
2026-08-18,CART,Instacart,Detection Engineer II,Security,"Canada - Remote (ON, AB, BC, or NS Only)",product_eng,mid,0,1,0,buzz,149000,https://instacart.careers/job/?gh_jid=8080532
2026-08-18,CART,Instacart,Detection Engineer II,Security,United States - Remote,product_eng,mid,0,1,0,buzz,161250,https://instacart.careers/job/?gh_jid=8080512
2026-08-18,CART,Instacart,"Director, Enterprise Product Marketing",Marketing ,United States - Remote,nontech,director,0,1,0,buzz,228750,https://instacart.careers/job/?gh_jid=7991597
2026-08-18,CART,Instacart,"Director, Enterprise Product Marketing",Marketing ,"Canada - Remote (ON, AB, BC, or NS Only)",nontech,director,0,1,0,buzz,208500,https://instacart.careers/job/?gh_jid=7991599
2026-08-18,CART,Instacart,"Director IT, Internal Audit",Accounting & Finance,United States - Remote,other,intern,0,5,1,application|buzz,231250,https://instacart.careers/job/?gh_jid=8120705
2026-08-18,CART,Instacart,Director of Customer Success,Professional Services,United States - Remote,demand_validated,director,0,1,0,buzz,217500,https://instacart.careers/job/?gh_jid=7871823
2026-08-18,CART,Instacart,"Engineering Manager, Service Platform",Leadership (Engineering),United States - Remote,product_eng,mid,0,0,0,,217250,https://instacart.careers/job/?gh_jid=7960958
2026-08-18,CART,Instacart,"Engineering Manager, Service Platform",Leadership (Engineering),"Canada - Remote (ON, AB, BC, or NS Only)",product_eng,mid,0,0,0,,201500,https://instacart.careers/job/?gh_jid=7960988
2026-08-18,CART,Instacart,"Engineering Manager, Software, Catalog Enrichment ",Leadership (Engineering),"Canada - Remote (ON, AB, BC, or NS Only)",product_eng,mid,0,11,1,application|buzz|data_ml_ops|general_medium,201500,https://instacart.careers/job/?gh_jid=7927378
2026-08-18,CART,Instacart,"Enterprise Sales Manager, Caper",Retail Business Development,"Canada - Remote (ON, AB, BC, or NS Only)",nontech,mid,0,0,0,,189072,https://instacart.careers/job/?gh_jid=7863631
2026-08-18,CART,Instacart,"Enterprise Sales Manager, Caper",Retail Business Development,United States - Remote,nontech,mid,0,0,0,,171072,https://instacart.careers/job/?gh_jid=7863629
2026-08-18,CART,Instacart,"Enterprise Sales Manager, StoreFront Pro",Retail Business Development,United States - Remote,nontech,mid,0,2,0,buzz,171072,https://instacart.careers/job/?gh_jid=7939636
2026-08-18,CART,Instacart,"Enterprise Sales Manager, StoreFront Pro",Retail Business Development,"Canada - Remote (ON, AB, BC, or NS Only)",nontech,mid,0,2,0,buzz,189072,https://instacart.careers/job/?gh_jid=7939638
2026-08-18,CART,Instacart,Field Sales Representative  (Contractor),Customer Experience & Operations,"North Stanhope, New Jersey; Sparta, New Jersey; Sussex, New Jersey",nontech,mid,0,4,0,general_medium,,https://instacart.careers/job/?gh_jid=7980000
2026-08-18,CART,Instacart,Field Sales Representative  (Contractor),Customer Experience & Operations,"Roxbury Township, New Jersey; Hackettstown, New Jersey; Flanders, New Jersey",nontech,mid,0,4,0,general_medium,,https://instacart.careers/job/?gh_jid=7980129
2026-08-18,CART,Instacart,Forward Deployed Engineer,Professional Services,"Canada - Remote (ON, AB, BC, or NS Only)",demand_validated,mid,0,14,1,application|buzz,190000,https://instacart.careers/job/?gh_jid=8097507
2026-08-18,CART,Instacart,Forward Deployed Engineer,Professional Services,United States - Remote,demand_validated,mid,0,14,1,application|buzz,191500,https://instacart.careers/job/?gh_jid=8097510
2026-08-18,CART,Instacart,Fraud & Identity Specialist (Contract),Customer Experience & Operations,United States - Remote,other,mid,0,0,0,,,https://instacart.careers/job/?gh_jid=4995818
2026-08-18,CART,Instacart,Implementation Specialist - Caper (Contractor),Customer Experience & Operations,"Elizabeth, NJ; Wayne, NJ; White Plains, NY",demand_validated,mid,0,0,0,,,https://instacart.careers/job/?gh_jid=8060210
2026-08-18,CART,Instacart,Implementation Specialist - Caper (Contractor),Customer Experience & Operations,"Allentown, PA; Harrisburg, PA; Scranton/Wilkes-Barre, PA; Selinsgrove, PA",demand_validated,mid,0,0,0,,,https://instacart.careers/job/?gh_jid=7976883
2026-08-18,CART,Instacart,"Insights Lead, Instacart Business",Health,United States - Remote,other,senior,0,0,0,,144750,https://instacart.careers/job/?gh_jid=8115834
2026-08-18,CART,Instacart,"Insights Lead, Instacart Business",Health,"Canada - Remote (ON, AB, BC, or NS Only)",other,senior,0,0,0,,136750,https://instacart.careers/job/?gh_jid=8115836
2026-08-18,CART,Instacart,"Knowledge Strategist Team Lead, Governance",Customer Experience & Operations,United States - Remote,other,senior,0,1,0,buzz,108250,https://instacart.careers/job/?gh_jid=7958561
2026-08-18,CART,Instacart,"Knowledge Strategist Team Lead, Governance",Customer Experience & Operations,"Canada - Remote (ON, AB, BC, or NS Only)",other,senior,0,1,0,buzz,102750,https://instacart.careers/job/?gh_jid=7958563
2026-08-18,CART,Instacart,"Manager, IT Operations",IT,"San Francisco, Bay Area - Remote",nontech,mid,0,0,0,,159250,https://instacart.careers/job/?gh_jid=8074453
2026-08-18,CART,Instacart,Product Counsel,Legal,United States - Remote,nontech,mid,0,1,0,buzz,218500,https://instacart.careers/job/?gh_jid=8047516
2026-08-18,CART,Instacart,"Retail Lead, Sales Development",Ad Sales,"Canada - Remote (ON, AB, BC, or NS Only)",nontech,senior,0,0,0,,135000,https://instacart.careers/job/?gh_jid=8123029
2026-08-18,CART,Instacart,"Retail Lead, Sales Development",Ad Sales,United States - Remote,nontech,senior,0,0,0,,122250,https://instacart.careers/job/?gh_jid=8122997
2026-08-18,CART,Instacart,Retail Partner Lead,Retail Business Development,United States - Remote,other,senior,0,0,0,,127750,https://instacart.careers/job/?gh_jid=8122970
2026-08-18,CART,Instacart,Retail Partner Lead,Retail Business Development,"Canada - Remote (ON, AB, BC, or NS Only)",other,senior,0,0,0,,138750,https://instacart.careers/job/?gh_jid=8122992
2026-08-18,CART,Instacart,Retention Sales Development Representative II,Ad Sales,United States - Remote,nontech,mid,0,1,0,buzz,61500,https://instacart.careers/job/?gh_jid=7712406
2026-08-18,CART,Instacart,"Sales Development Representative II, Local Independent Grocery - Boston",Ad Sales,"Boston, MA",nontech,mid,0,0,0,,,https://instacart.careers/job/?gh_jid=8069983
2026-08-18,CART,Instacart,"Sales Development Representative II, Local Independent Grocery - Chicago",Ad Sales,"Chicago, IL",nontech,mid,0,0,0,,,https://instacart.careers/job/?gh_jid=8069980
2026-08-18,CART,Instacart,"Sales Development Representative II, Local Independent Grocery - New York",Ad Sales,United States - Remote,nontech,mid,0,0,0,,,https://instacart.careers/job/?gh_jid=8029661
2026-08-18,CART,Instacart,"Sales Development Representative II, Local Independent Grocery - Toronto",Ad Sales,"Canada - Remote (ON, AB, BC, or NS Only)",nontech,mid,0,0,0,,,https://instacart.careers/job/?gh_jid=8029663
2026-08-18,CART,Instacart,Sales Executive,Ad Sales,"Canada - Remote (ON, AB, BC, or NS Only)",nontech,mid,0,1,0,buzz,175250,https://instacart.careers/job/?gh_jid=8080474
2026-08-18,CART,Instacart,"Sales Executive, Mid Market",Ad Sales,United States - Remote,nontech,mid,0,0,0,,138750,https://instacart.careers/job/?gh_jid=8093228
2026-08-18,CART,Instacart,"Senior Applied Scientist II, Ads Optimization",Machine Learning,United States - Remote,other,senior,0,2,0,general_medium,227250,https://instacart.careers/job/?gh_jid=7793391
2026-08-18,CART,Instacart,Senior Data Analyst,Accounting & Finance,United States - Remote,other,senior,0,4,1,application|buzz,148250,https://instacart.careers/job/?gh_jid=7783158
2026-08-18,CART,Instacart,Senior Data Analyst,Accounting & Finance,"Canada - Remote (ON, AB, BC, or NS Only)",other,senior,0,4,1,application|buzz,129500,https://instacart.careers/job/?gh_jid=7783160
2026-08-18,CART,Instacart,"Senior Data Engineer II, Finance",Data,United States - Remote,product_eng,senior,0,0,0,,207500,https://instacart.careers/job/?gh_jid=8132846
2026-08-18,CART,Instacart,"Senior Data Engineer II, Finance",Data,"Canada - Remote (ON, AB, BC, or NS Only)",product_eng,senior,0,0,0,,193250,https://instacart.careers/job/?gh_jid=8126023
2026-08-18,CART,Instacart,Senior Data Scientist (I & II),Data Science,"Canada - Remote (ON, AB, BC, or NS Only)",product_eng,senior,0,5,0,buzz|data_ml_ops|general_medium,181750,https://instacart.careers/job/?gh_jid=4949335
2026-08-18,CART,Instacart,Senior Data Scientist (I & II),Data Science,United States - Remote,product_eng,senior,0,5,0,buzz|data_ml_ops|general_medium,195500,https://instacart.careers/job/?gh_jid=4949339
2026-08-18,CART,Instacart,Senior Data Scientist - Shopping Experience (Search),Data Science,United States - Remote,product_eng,senior,0,14,1,application|buzz|data_ml_ops|general_medium,182750,https://instacart.careers/job/?gh_jid=7819163
2026-08-18,CART,Instacart,Senior Data Scientist - Shopping Experience (Search),Data Science,"Canada - Remote (ON, AB, BC, or NS Only)",product_eng,senior,0,14,1,application|buzz|data_ml_ops|general_medium,165500,https://instacart.careers/job/?gh_jid=7819293
2026-08-18,CART,Instacart,"Senior Director, Enterprise Delivery and Growth",Professional Services,"Canada - Remote (ON, AB, BC, or NS Only)",other,director,0,1,0,buzz,271250,https://instacart.careers/job/?gh_jid=7813002
2026-08-18,CART,Instacart,"Senior Director, Enterprise Delivery and Growth",Professional Services,United States - Remote,other,director,0,1,0,buzz,299250,https://instacart.careers/job/?gh_jid=7813000
2026-08-18,CART,Instacart,"Senior Engineering Manager, Activation & Engagement",Leadership (Engineering),"Canada - Remote (ON, AB, BC, or NS Only)",product_eng,senior,0,1,0,buzz,235250,https://instacart.careers/job/?gh_jid=8084166
2026-08-18,CART,Instacart,"Senior Engineering Manager, Enterprise Foundations",Leadership (Engineering),United States - Remote,product_eng,senior,0,3,1,model_infra,250250,https://instacart.careers/job/?gh_jid=7947506
2026-08-18,CART,Instacart,"Senior Financial Analyst, Retailer",Accounting & Finance,"Canada - Remote (ON, AB, BC, or NS Only)",other,senior,0,0,0,,129500,https://instacart.careers/job/?gh_jid=7958331
2026-08-18,CART,Instacart,"Senior Financial Analyst, Retailer",Accounting & Finance,United States - Remote,other,senior,0,0,0,,143750,https://instacart.careers/job/?gh_jid=7958329
2026-08-18,CART,Instacart,"Senior Machine Learning Engineer II, Ads Response Prediction",Machine Learning,United States - Remote,product_eng,senior,1,39,1,application|buzz|data_ml_ops|general_medium|model_infra,227250,https://instacart.careers/job/?gh_jid=7963838
2026-08-18,CART,Instacart,"Senior Machine Learning Engineer II, Search & Recommendations Ranking",Machine Learning,US - Remote,product_eng,senior,1,22,1,application|buzz|data_ml_ops|general_medium|model_infra,213250,https://instacart.careers/job/?gh_jid=7565508
2026-08-18,CART,Instacart,"Senior Machine Learning Engineer, Operations Research",Machine Learning,United States - Remote,product_eng,senior,1,9,1,buzz|general_medium|model_infra,195750,https://instacart.careers/job/?gh_jid=7793089
2026-08-18,CART,Instacart,"Senior Manager, Legal Technology, Operations & AI Enablement",Legal,United States - Remote,nontech,senior,1,5,1,application|buzz,188000,https://instacart.careers/job/?gh_jid=8122176
2026-08-18,CART,Instacart,"Senior Manager, Legal Technology, Operations & AI Enablement",Legal,"Canada - Remote (ON, AB, BC, or NS Only)",nontech,senior,1,5,1,application|buzz,153000,https://instacart.careers/job/?gh_jid=8122333
2026-08-18,CART,Instacart,"Senior Manager, Technical Account Management (Enterprise)",Professional Services,United States - Remote,other,senior,0,0,0,,172500,https://instacart.careers/job/?gh_jid=8077677
2026-08-18,CART,Instacart,"Senior Manager, Technical Account Management (Enterprise)",Professional Services,"Canada - Remote (ON, AB, BC, or NS Only)",other,senior,0,0,0,,166500,https://instacart.careers/job/?gh_jid=8077679
2026-08-18,CART,Instacart,Senior Marketing Decision Scientist II,Analytics ,United States - Remote,nontech,senior,0,2,0,general_medium,189500,https://instacart.careers/job/?gh_jid=7963779
2026-08-18,CART,Instacart,Senior Marketing Decision Scientist II,Analytics ,"Canada - Remote (ON, AB, BC, or NS Only)",nontech,senior,0,2,0,general_medium,172750,https://instacart.careers/job/?gh_jid=7963780
2026-08-18,CART,Instacart,Senior People Data Scientist,People,United States - Remote,product_eng,senior,0,6,1,application|buzz|general_medium,182750,https://instacart.careers/job/?gh_jid=7958121
2026-08-18,CART,Instacart,Senior People Data Scientist,People,"Canada - Remote (ON, AB, BC, or NS Only)",product_eng,senior,0,6,1,application|buzz|general_medium,165500,https://instacart.careers/job/?gh_jid=7958122
2026-08-18,CART,Instacart,"Senior Product Manager, Ads Quality",Product Management,United States - Remote,product_eng,senior,0,9,1,application|buzz|general_medium,178750,https://instacart.careers/job/?gh_jid=8077510
2026-08-18,CART,Instacart,"Senior Product Manager, Ads Quality",Product Management,"Canada - Remote (ON, AB, BC, or NS Only)",product_eng,senior,0,9,1,application|buzz|general_medium,169500,https://instacart.careers/job/?gh_jid=8077512
2026-08-18,CART,Instacart,"Senior Product Manager, AI",Product Management,United States - Remote,product_eng,senior,1,10,1,application|buzz,208500,https://instacart.careers/job/?gh_jid=8024428
2026-08-18,CART,Instacart,"Senior Product Manager, AI",Product Management,"Canada - Remote (ON, AB, BC, or NS Only)",product_eng,senior,1,10,1,application|buzz,199250,https://instacart.careers/job/?gh_jid=8024430
2026-08-18,CART,Instacart,"Senior Product Manager, Caper Recommendations & Personalization",Product Management,"Canada - Remote (ON, AB, BC, or NS Only)",product_eng,senior,0,7,1,application|buzz|general_medium,199250,https://instacart.careers/job/?gh_jid=8100150
2026-08-18,CART,Instacart,"Senior Product Manager, Caper Recommendations & Personalization",Product Management,United States - Remote,product_eng,senior,0,7,1,application|buzz|general_medium,208500,https://instacart.careers/job/?gh_jid=8100148
2026-08-18,CART,Instacart,"Senior Product Manager, Carrot Ads",Product Management,"Canada - Remote (ON, AB, BC, or NS Only)",product_eng,senior,0,0,0,,169500,https://instacart.careers/job/?gh_jid=8120471
2026-08-18,CART,Instacart,"Senior Product Manager, Carrot Ads",Product Management,United States - Remote,product_eng,senior,0,0,0,,178750,https://instacart.careers/job/?gh_jid=8120469
2026-08-18,CART,Instacart,"Senior Product Manager, In-Store Tasks",Product Management,"Canada - Remote (ON, AB, BC, or NS Only)",product_eng,senior,0,0,0,,199250,https://instacart.careers/job/?gh_jid=7963726
2026-08-18,CART,Instacart,"Senior Product Manager, In-Store Tasks",Product Management,United States - Remote,product_eng,senior,0,0,0,,208500,https://instacart.careers/job/?gh_jid=7963724
2026-08-18,CART,Instacart,"Senior Product Manager, Retailer Platform",Product Management,"Canada - Remote (ON, AB, BC, or NS Only)",product_eng,senior,0,1,0,buzz,199250,https://instacart.careers/job/?gh_jid=8014062
2026-08-18,CART,Instacart,"Senior Product Manager, Retailer Platform",Product Management,United States - Remote,product_eng,senior,0,1,0,buzz,208500,https://instacart.careers/job/?gh_jid=8014060
2026-08-18,CART,Instacart,"Senior Product Manager, Shopping Experience",Product Management,United States - Remote,product_eng,senior,0,2,0,general_medium,208500,https://instacart.careers/job/?gh_jid=7904851
2026-08-18,CART,Instacart,Senior Product Security Engineer II,Security,"Canada - Remote (ON, AB, BC, or NS Only)",product_eng,senior,0,1,0,buzz,201500,https://instacart.careers/job/?gh_jid=8017073
2026-08-18,CART,Instacart,Senior Product Security Engineer II,Security,United States - Remote,product_eng,senior,0,1,0,buzz,217250,https://instacart.careers/job/?gh_jid=8017071
2026-08-18,CART,Instacart,Senior Revenue Operations Manager - Eversight,Ad Sales,United States - Remote,nontech,senior,0,1,0,buzz,160750,https://instacart.careers/job/?gh_jid=8104341
2026-08-18,CART,Instacart,Senior Revenue Operations Manager - Eversight,Ad Sales,"Canada - Remote (ON, AB, BC, or NS Only)",nontech,senior,0,1,0,buzz,143750,https://instacart.careers/job/?gh_jid=8104343
2026-08-18,CART,Instacart,Senior Risk & Compliance Engineer - Data,Security,United States - Remote,product_eng,senior,0,1,0,buzz,193000,https://instacart.careers/job/?gh_jid=8091191
2026-08-18,CART,Instacart,Senior Risk & Compliance Engineer - Data,Security,"Canada - Remote (ON, AB, BC, or NS Only)",product_eng,senior,0,1,0,buzz,170000,https://instacart.careers/job/?gh_jid=8091193
2026-08-18,CART,Instacart,"Senior Software Engineer, Ads",Software Engineering,"Canada - Remote (ON, AB, BC, or NS Only)",product_eng,senior,0,3,0,buzz|general_medium,172750,https://instacart.careers/job/?gh_jid=7939947
2026-08-18,CART,Instacart,"Senior Software Engineer, AI Productivity",Software Engineering,"Canada - Remote (ON, AB, BC, or NS Only)",product_eng,senior,1,25,1,application|buzz|data_ml_ops|model_infra,172750,https://instacart.careers/job/?gh_jid=7974573
2026-08-18,CART,Instacart,"Senior Software Engineer, Core Experience",Software Engineering,"Canada - Remote (ON, AB, BC, or NS Only)",product_eng,senior,0,0,0,,172750,https://instacart.careers/job/?gh_jid=7951926
2026-08-18,CART,Instacart,"Senior Software Engineer - Core Experience, Growth",Software Engineering,"Canada - Remote (ON, AB, BC, or NS Only)",product_eng,senior,0,7,1,application|buzz|general_medium,172750,https://instacart.careers/job/?gh_jid=8113993
2026-08-18,CART,Instacart,Senior Software Engineer I — Agentic Analytics,Software Engineering,"Canada - Remote (ON, AB, BC, or NS Only)",product_eng,senior,0,19,1,application|buzz,172750,https://instacart.careers/job/?gh_jid=7979769
2026-08-18,CART,Instacart,"Senior Software Engineer II, Ads Data Solutions Engineering",Software Engineering,"Canada - Remote (ON, AB, BC, or NS Only)",demand_validated,senior,0,1,0,buzz,201500,https://instacart.careers/job/?gh_jid=7951938
2026-08-18,CART,Instacart,"Senior Software Engineer, Marketing Enablement & Technology",Marketing ,"Canada - Remote (ON, AB, BC, or NS Only)",product_eng,senior,0,1,0,buzz,172750,https://instacart.careers/job/?gh_jid=8089322
2026-08-18,CART,Instacart,"Senior Software Engineer, Marketing Platform Tooling",Software Engineering,"Canada - Remote (ON, AB, BC, or NS Only)",product_eng,senior,0,0,0,,172750,https://instacart.careers/job/?gh_jid=8119683
2026-08-18,CART,Instacart,Senior Solutions Architect II,Professional Services,"Canada - Remote (ON, AB, BC, or NS Only)",demand_validated,senior,0,3,0,buzz|general_medium,190000,https://instacart.careers/job/?gh_jid=8009366
2026-08-18,CART,Instacart,Senior SOX Manager,Accounting & Finance,United States - Remote,other,senior,0,0,0,,175250,https://instacart.careers/job/?gh_jid=8049868
2026-08-18,CART,Instacart,"Senior Technical Program Manager, Enterprise",Technical Program Management,United States - Remote,other,senior,0,1,0,buzz,202000,https://instacart.careers/job/?gh_jid=6932499
2026-08-18,CART,Instacart,Site Reliability Engineer II,Software Engineering,United States - Remote,product_eng,mid,0,0,0,,151000,https://instacart.careers/job/?gh_jid=8121910
2026-08-18,CART,Instacart,"Software Engineer II, Technical Search Visibility",Marketing ,"Canada - Remote (ON, AB, BC, or NS Only)",product_eng,mid,0,5,1,application|buzz,149000,https://instacart.careers/job/?gh_jid=7963661
2026-08-18,CART,Instacart,Staff Experience Designer,Content Design,United States - Remote,product_eng,staff_principal,0,4,1,application|buzz,220000,https://instacart.careers/job/?gh_jid=8084089
2026-08-18,CART,Instacart,Staff Experience Designer,Content Design,"Canada - Remote (ON, AB, BC, or NS Only)",product_eng,staff_principal,0,4,1,application|buzz,203500,https://instacart.careers/job/?gh_jid=8084090
2026-08-18,CART,Instacart,"Staff Software Engineer, Bazel & Go",Infrastructure,"Canada - Remote (ON, AB, BC, or NS Only)",product_eng,staff_principal,0,2,0,buzz,235000,https://instacart.careers/job/?gh_jid=8080312
2026-08-18,CART,Instacart,"Staff Software Engineer, Bazel & Go",Infrastructure,United States - Remote,product_eng,staff_principal,0,2,0,buzz,250250,https://instacart.careers/job/?gh_jid=8080310
2026-08-18,CART,Instacart,"Staff Software Engineer,  Data Governance & Foundations",Software Engineering,United States - Remote,product_eng,staff_principal,0,7,1,application|buzz|data_ml_ops,250250,https://instacart.careers/job/?gh_jid=7778693
2026-08-18,CART,Instacart,"Staff Software Engineer, Orders Platform",Software Engineering,United States - Remote,product_eng,staff_principal,0,4,1,application|buzz,250250,https://instacart.careers/job/?gh_jid=8110286
2026-08-18,CART,Instacart,Vendor Operations Senior Associate,Customer Experience & Operations,United States - Remote,nontech,senior,0,0,0,,88500,https://instacart.careers/job/?gh_jid=8130849
2026-08-18,CART,Instacart,Vendor Operations Senior Associate,Customer Experience & Operations,"Canada - Remote (ON, AB, BC, or NS Only)",nontech,senior,0,0,0,,84250,https://instacart.careers/job/?gh_jid=8131047
