date,ticker,company,title,department,location,role_bucket,seniority,ai_title,weighted_score,strong_hit,categories,salary_mid,url
2026-08-04,DDOG,Datadog,AI Research Engineer - Datadog AI Research (DAIR),Dev Eng,"Paris, France",research,mid,1,26,1,buzz|general_medium|model_infra,,https://careers.datadoghq.com/detail/7194969/?gh_jid=7194969
2026-08-04,DDOG,Datadog,AI Research Scientist - Datadog AI Research (DAIR),Dev Eng,"Paris, France",research,mid,1,24,1,application|buzz|general_medium|model_infra,,https://careers.datadoghq.com/detail/6652564/?gh_jid=6652564
2026-08-04,DDOG,Datadog,AI Research Scientist - Datadog AI Research (DAIR),Dev Eng,"New York, New York, USA",research,mid,1,24,1,application|buzz|general_medium|model_infra,360000,https://careers.datadoghq.com/detail/6572669/?gh_jid=6572669
2026-08-04,DDOG,Datadog,"Area Vice President, Enterprise Security Sales",Enterprise Sales,"New York, New York, USA; San Francisco, California, USA",nontech,exec,0,0,0,,242500,https://careers.datadoghq.com/detail/7508990/?gh_jid=7508990
2026-08-04,DDOG,Datadog,"Area Vice President, Sales Engineering",Enterprise Sales Engineering,"Boston, Massachusetts, USA; New York, New York, USA; San Francisco, California, USA",demand_validated,exec,0,0,0,,277500,https://careers.datadoghq.com/detail/7762722/?gh_jid=7762722
2026-08-04,DDOG,Datadog,Associate Field Marketing Manager,Field Marketing,"Bangalore, India",nontech,mid,0,0,0,,,https://careers.datadoghq.com/detail/8003073/?gh_jid=8003073
2026-08-04,DDOG,Datadog,Associate Growth Marketing Manager,Demand Generation,"New York, New York, USA; San Francisco, California, USA",nontech,mid,0,0,0,,85000,https://careers.datadoghq.com/detail/8059723/?gh_jid=8059723
2026-08-04,DDOG,Datadog,Commercial Account Executive,Commercial Sales,"Seoul, South Korea",demand_validated,mid,0,0,0,,,https://careers.datadoghq.com/detail/6512586/?gh_jid=6512586
2026-08-04,DDOG,Datadog,Commercial Account Executive,Commercial Sales,"Sydney, Australia",demand_validated,mid,0,0,0,,,https://careers.datadoghq.com/detail/7463765/?gh_jid=7463765
2026-08-04,DDOG,Datadog,Commercial Account Executive,Commercial Sales,"Denver, Colorado, USA",demand_validated,mid,0,0,0,,67500,https://careers.datadoghq.com/detail/1694375/?gh_jid=1694375
2026-08-04,DDOG,Datadog,Commercial Account Executive,Commercial Sales,"Bangalore, India",demand_validated,mid,0,0,0,,,https://careers.datadoghq.com/detail/6512321/?gh_jid=6512321
2026-08-04,DDOG,Datadog,Commercial Account Executive,Commercial Sales,"Tokyo, Japan",demand_validated,mid,0,0,0,,,https://careers.datadoghq.com/detail/6009777/?gh_jid=6009777
2026-08-04,DDOG,Datadog,Commercial Account Executive,Commercial Sales,"Seoul, South Korea",demand_validated,mid,0,0,0,,,https://careers.datadoghq.com/detail/6512326/?gh_jid=6512326
2026-08-04,DDOG,Datadog,Commercial Account Executive,Commercial Sales,"Tokyo, Japan",demand_validated,mid,0,0,0,,,https://careers.datadoghq.com/detail/5798241/?gh_jid=5798241
2026-08-04,DDOG,Datadog,Commercial Account Executive - Boston,Commercial Sales,"Boston, Massachusetts, USA",demand_validated,mid,0,0,0,,67500,https://careers.datadoghq.com/detail/1497543/?gh_jid=1497543
2026-08-04,DDOG,Datadog,Commercial Account Executive (DACH),Commercial Sales,"Amsterdam, The Netherlands; Dublin, Ireland",demand_validated,mid,0,0,0,,,https://careers.datadoghq.com/detail/5283132/?gh_jid=5283132
2026-08-04,DDOG,Datadog,Commercial Account Executive (France),Commercial Sales,"Amsterdam, The Netherlands; Dublin, Ireland",demand_validated,mid,0,0,0,,,https://careers.datadoghq.com/detail/7824375/?gh_jid=7824375
2026-08-04,DDOG,Datadog,Commercial Account Executive (Hong Kong Market),Commercial Sales,"Singapore, Singapore",demand_validated,mid,0,0,0,,,https://careers.datadoghq.com/detail/7919037/?gh_jid=7919037
2026-08-04,DDOG,Datadog,Commercial Account Executive (Indonesia Market),Commercial Sales,"Singapore, Singapore",demand_validated,mid,0,0,0,,,https://careers.datadoghq.com/detail/7463727/?gh_jid=7463727
2026-08-04,DDOG,Datadog,Commercial Account Executive - LATAM (Portuguese Speaking) - Denver,Commercial Sales,"Denver, Colorado, USA",demand_validated,mid,0,0,0,,67500,https://careers.datadoghq.com/detail/7858788/?gh_jid=7858788
2026-08-04,DDOG,Datadog,Commercial Account Executive - LATAM (Spanish Speaking) - Boston,Commercial Sales,"Boston, Massachusetts, USA",demand_validated,mid,0,0,0,,67500,https://careers.datadoghq.com/detail/7329207/?gh_jid=7329207
2026-08-04,DDOG,Datadog,Commercial Account Executive (Portugal),Commercial Sales,"Amsterdam, The Netherlands; Dublin, Ireland",demand_validated,mid,0,0,0,,,https://careers.datadoghq.com/detail/8078805/?gh_jid=8078805
2026-08-04,DDOG,Datadog,Commercial Account Executive - Sao Paulo (Portuguese Speaking),Commercial Sales,"Sao Paulo, Brazil",demand_validated,mid,0,0,0,,,https://careers.datadoghq.com/detail/7792997/?gh_jid=7792997
2026-08-04,DDOG,Datadog,Commercial Account Executive (Saudi Arabia),Commercial Sales,"Riyadh, Saudi Arabia",demand_validated,mid,0,0,0,,,https://careers.datadoghq.com/detail/7576831/?gh_jid=7576831
2026-08-04,DDOG,Datadog,Commercial Account Executive (Spanish Speaking) - Mexico City,Commercial Sales,"Mexico City, Mexico",demand_validated,mid,0,0,0,,,https://careers.datadoghq.com/detail/8022193/?gh_jid=8022193
2026-08-04,DDOG,Datadog,Commercial Account Executive UKI/Nordics,Commercial Sales,"Dublin, Ireland",demand_validated,mid,0,0,0,,,https://careers.datadoghq.com/detail/6427176/?gh_jid=6427176
2026-08-04,DDOG,Datadog,Commercial Customer Success Manager (DACH; German-Speaking),Commercial Customer Success,"Dublin, Ireland",demand_validated,mid,0,0,0,,,https://careers.datadoghq.com/detail/7180265/?gh_jid=7180265
2026-08-04,DDOG,Datadog,Commercial Sales Engineer 2 (AMER - West),Commercial & Mid-Market Sales Engineering,"Denver, Colorado, USA",demand_validated,mid,0,0,0,,107000,https://careers.datadoghq.com/detail/8053714/?gh_jid=8053714
2026-08-04,DDOG,Datadog,Commercial Sales Engineer 2 (Sao Paulo),Commercial & Mid-Market Sales Engineering,"Sao Paulo, Brazil",demand_validated,mid,0,0,0,,,https://careers.datadoghq.com/detail/8080601/?gh_jid=8080601
2026-08-04,DDOG,Datadog,Commercial Sales Engineer (AMER - West),Commercial & Mid-Market Sales Engineering,"Denver, Colorado, USA",demand_validated,mid,0,0,0,,93000,https://careers.datadoghq.com/detail/7683226/?gh_jid=7683226
2026-08-04,DDOG,Datadog,Commercial Sales Engineer - Amsterdam,Commercial & Mid-Market Sales Engineering,"Amsterdam, The Netherlands",demand_validated,mid,0,0,0,,,https://careers.datadoghq.com/detail/8074211/?gh_jid=8074211
2026-08-04,DDOG,Datadog,Commercial Sales Engineer - Boston,Commercial & Mid-Market Sales Engineering,"Boston, Massachusetts, USA",demand_validated,mid,0,0,0,,93000,https://careers.datadoghq.com/detail/7452669/?gh_jid=7452669
2026-08-04,DDOG,Datadog,Commercial Sales Engineer - Dublin,Commercial & Mid-Market Sales Engineering,"Dublin, Ireland",demand_validated,mid,0,0,0,,,https://careers.datadoghq.com/detail/8055109/?gh_jid=8055109
2026-08-04,DDOG,Datadog,Commercial Sales Engineer (Spanish-Speaking),Commercial & Mid-Market Sales Engineering,"Amsterdam, The Netherlands; Dublin, Ireland",demand_validated,mid,0,0,0,,,https://careers.datadoghq.com/detail/8080628/?gh_jid=8080628
2026-08-04,DDOG,Datadog,"Coordinator, Business Recruiting - Contract",People,"Boston, Massachusetts, USA; New York, New York, USA",nontech,mid,0,0,0,,57000,https://careers.datadoghq.com/detail/7950433/?gh_jid=7950433
2026-08-04,DDOG,Datadog,Country Manager,Enterprise Sales,"Tokyo, Japan",other,mid,0,1,0,buzz,,https://careers.datadoghq.com/detail/7975747/?gh_jid=7975747
2026-08-04,DDOG,Datadog,Customer Marketing Manager,Corporate Marketing & Comms,"New York, New York, USA; San Francisco, California, USA",nontech,mid,0,0,0,,109500,https://careers.datadoghq.com/detail/7967202/?gh_jid=7967202
2026-08-04,DDOG,Datadog,Customer Success Associate,Commercial Customer Success,"Tokyo, Japan",demand_validated,mid,0,0,0,,,https://careers.datadoghq.com/detail/5486716/?gh_jid=5486716
2026-08-04,DDOG,Datadog,Customer Success Associate,Commercial Customer Success,"Seoul, South Korea",demand_validated,mid,0,0,0,,,https://careers.datadoghq.com/detail/8012339/?gh_jid=8012339
2026-08-04,DDOG,Datadog,Customer Success Associate,Commercial Customer Success,"Tokyo, Japan",demand_validated,mid,0,0,0,,,https://careers.datadoghq.com/detail/6009779/?gh_jid=6009779
2026-08-04,DDOG,Datadog,Customer Success Associate - Boston,Commercial Customer Success,"Boston, Massachusetts, USA",demand_validated,mid,0,0,0,,63000,https://careers.datadoghq.com/detail/7172466/?gh_jid=7172466
2026-08-04,DDOG,Datadog,Customer Success Associate - Commercial Accounts,Commercial Customer Success,"Sydney, Australia",demand_validated,mid,0,0,0,,,https://careers.datadoghq.com/detail/7548129/?gh_jid=7548129
2026-08-04,DDOG,Datadog,Customer Success Manager,Commercial Customer Success,"Seoul, South Korea",demand_validated,mid,0,0,0,,,https://careers.datadoghq.com/detail/7790098/?gh_jid=7790098
2026-08-04,DDOG,Datadog,Customer Success Manager,Commercial Customer Success,"Seoul, South Korea",demand_validated,mid,0,0,0,,,https://careers.datadoghq.com/detail/7790048/?gh_jid=7790048
2026-08-04,DDOG,Datadog,Customer Success Manager - Boston,Commercial Customer Success,"Boston, Massachusetts, USA",demand_validated,mid,0,0,0,,103500,https://careers.datadoghq.com/detail/7128703/?gh_jid=7128703
2026-08-04,DDOG,Datadog,Customer Success Manager - Denver,Commercial Customer Success,"Denver, Colorado, USA",demand_validated,mid,0,0,0,,103500,https://careers.datadoghq.com/detail/7232590/?gh_jid=7232590
2026-08-04,DDOG,Datadog,Customer Success Manager - Key Accounts,Commercial Customer Success,"Bangalore, India",demand_validated,mid,0,0,0,,,https://careers.datadoghq.com/detail/7816557/?gh_jid=7816557
2026-08-04,DDOG,Datadog,Datadog for Startups - Forward Deployed Engineering Lead,Corporate Development,"San Francisco, California, USA",demand_validated,senior,0,3,1,application,216000,https://careers.datadoghq.com/detail/8003181/?gh_jid=8003181
2026-08-04,DDOG,Datadog,Datadog for Startups Founding Engineering Lead,Corporate Development,"San Francisco, California, USA",product_eng,senior,0,3,1,application,216000,https://careers.datadoghq.com/detail/7536402/?gh_jid=7536402
2026-08-04,DDOG,Datadog,Deal Desk Analyst,Deal Desk,"Singapore, Singapore",other,mid,0,0,0,,,https://careers.datadoghq.com/detail/8050644/?gh_jid=8050644
2026-08-04,DDOG,Datadog,Deal Desk Analyst - Boston,Deal Desk,"Boston, Massachusetts, USA",other,mid,0,1,0,buzz,81500,https://careers.datadoghq.com/detail/8029969/?gh_jid=8029969
2026-08-04,DDOG,Datadog,Deal Desk Analyst - Dublin,Deal Desk,"Dublin, Ireland",other,mid,0,0,0,,,https://careers.datadoghq.com/detail/7982644/?gh_jid=7982644
2026-08-04,DDOG,Datadog,Deal Desk Analyst - NYC,Deal Desk,"New York, New York, USA",other,mid,0,0,0,,79500,https://careers.datadoghq.com/detail/7993638/?gh_jid=7993638
2026-08-04,DDOG,Datadog,Deal Desk Analyst - US West,Deal Desk,"Denver, Colorado, USA",other,mid,0,0,0,,79500,https://careers.datadoghq.com/detail/8003080/?gh_jid=8003080
2026-08-04,DDOG,Datadog,"Director, Commercial Sales",Commercial Sales,"Tokyo, Japan",nontech,director,0,0,0,,,https://careers.datadoghq.com/detail/8059382/?gh_jid=8059382
2026-08-04,DDOG,Datadog,"Director, Engineering",Dev Eng,"Tel Aviv, Israel",product_eng,director,0,3,1,application,,https://careers.datadoghq.com/detail/8098863/?gh_jid=8098863
2026-08-04,DDOG,Datadog,"Director, Engineering - Cloud Observability",Leadership,"Boston, Massachusetts, USA; New York, New York, USA",product_eng,director,0,2,0,general_medium,333000,https://careers.datadoghq.com/detail/8069508/?gh_jid=8069508
2026-08-04,DDOG,Datadog,"Director, Engineering - Detection Platform ",Leadership,"New York, New York, USA",product_eng,director,0,2,0,buzz,315000,https://careers.datadoghq.com/detail/8026520/?gh_jid=8026520
2026-08-04,DDOG,Datadog,"Director, Engineering - Digital Experience Monitoring",Dev Eng,"Paris, France",product_eng,director,0,0,0,,,https://careers.datadoghq.com/detail/8050591/?gh_jid=8050591
2026-08-04,DDOG,Datadog,"Director, Enterprise Sales",Enterprise Sales,"Texas, USA, Remote",nontech,director,0,0,0,,175000,https://careers.datadoghq.com/detail/7773320/?gh_jid=7773320
2026-08-04,DDOG,Datadog,"Director, Product Management - AI Observability",Product Management,"New York, New York, USA",other,director,1,7,1,application|buzz|general_medium,315000,https://careers.datadoghq.com/detail/7798672/?gh_jid=7798672
2026-08-04,DDOG,Datadog,"Director, Product Management - Cloud Security and Shared Capabilities",Product Management,"Paris, France",other,director,0,0,0,,,https://careers.datadoghq.com/detail/8030324/?gh_jid=8030324
2026-08-04,DDOG,Datadog,"Director, Product Management - Core Platforms",Product Management,"New York, New York, USA",other,director,0,0,0,,315000,https://careers.datadoghq.com/detail/7583609/?gh_jid=7583609
2026-08-04,DDOG,Datadog,"Director, Security Channels (North America)",Channels & Alliances,"Colorado, USA, Remote; Illinois, USA, Remote; New York, New York, USA; New York, USA, Remote; San Francisco, California, USA; Texas, USA, Remote",other,director,0,0,0,,191000,https://careers.datadoghq.com/detail/7984985/?gh_jid=7984985
2026-08-04,DDOG,Datadog,"Director, Technical Account Management ",Technical Post Sales,"Dublin, Ireland; London, United Kingdom; Paris, France",other,director,0,0,0,,,https://careers.datadoghq.com/detail/7658810/?gh_jid=7658810
2026-08-04,DDOG,Datadog,"Director, Technical Program Management - Technical Solutions Operations",Technical Solutions Operations,"Boston, Massachusetts, USA; New York, New York, USA; San Francisco, California, USA",nontech,director,0,0,0,,252000,https://careers.datadoghq.com/detail/8010585/?gh_jid=8010585
2026-08-04,DDOG,Datadog,"Director, Technical Support Engineering",Support Engineering,"Sao Paulo, Brazil",product_eng,director,0,0,0,,,https://careers.datadoghq.com/detail/7707345/?gh_jid=7707345
2026-08-04,DDOG,Datadog,"Distinguished Architect, AI",Product Solutions Architecture,"New York, New York, USA; San Francisco, California, USA",product_eng,staff_principal,1,3,1,application,385000,https://careers.datadoghq.com/detail/7966795/?gh_jid=7966795
2026-08-04,DDOG,Datadog,Employment Counsel - AMER,Legal Operations,"New York, New York, USA",nontech,mid,0,0,0,,199500,https://careers.datadoghq.com/detail/8075664/?gh_jid=8075664
2026-08-04,DDOG,Datadog,Engineering Compensation Partner,People,"Boston, Massachusetts, USA; New York, New York, USA",product_eng,mid,0,0,0,,166500,https://careers.datadoghq.com/detail/8051616/?gh_jid=8051616
2026-08-04,DDOG,Datadog,"Engineering Manager I, Commercial Audit",Security,"New York, New York, USA",product_eng,mid,0,0,0,,216000,https://careers.datadoghq.com/detail/8098939/?gh_jid=8098939
2026-08-04,DDOG,Datadog,"Engineering Manager I, Threat Detection",Security,"New York, New York, USA",product_eng,mid,0,3,1,application,216000,https://careers.datadoghq.com/detail/7958663/?gh_jid=7958663
2026-08-04,DDOG,Datadog,Enterprise Account Executive - Denmark,Enterprise Sales,"Copenhagen, Denmark",demand_validated,mid,0,0,0,,100000,https://careers.datadoghq.com/detail/6677658/?gh_jid=6677658
2026-08-04,DDOG,Datadog,Enterprise Account Executive - UKI,Enterprise Sales,"London, United Kingdom",demand_validated,mid,0,0,0,,100000,https://careers.datadoghq.com/detail/6836442/?gh_jid=6836442
2026-08-04,DDOG,Datadog,Enterprise Account Executive (UKI) - Public Sector,Enterprise Sales,"London, United Kingdom",demand_validated,mid,0,0,0,,100000,https://careers.datadoghq.com/detail/7599334/?gh_jid=7599334
2026-08-04,DDOG,Datadog,Enterprise Customer Success Manager,Enterprise Customer Success,"Tokyo, Japan",demand_validated,mid,0,0,0,,,https://careers.datadoghq.com/detail/7436312/?gh_jid=7436312
2026-08-04,DDOG,Datadog,Enterprise Customer Success Manager,Enterprise Customer Success,"Thailand, Remote",demand_validated,mid,0,0,0,,,https://careers.datadoghq.com/detail/8027963/?gh_jid=8027963
2026-08-04,DDOG,Datadog,Enterprise Customer Success Manager,Enterprise Customer Success,"Delhi, India",demand_validated,mid,0,0,0,,,https://careers.datadoghq.com/detail/7650688/?gh_jid=7650688
2026-08-04,DDOG,Datadog,Enterprise Customer Success Manager,Enterprise Customer Success,"Singapore, Singapore",demand_validated,mid,0,0,0,,,https://careers.datadoghq.com/detail/7794029/?gh_jid=7794029
2026-08-04,DDOG,Datadog,Enterprise Customer Success Manager,Enterprise Customer Success,"Tokyo, Japan",demand_validated,mid,0,0,0,,,https://careers.datadoghq.com/detail/7435209/?gh_jid=7435209
2026-08-04,DDOG,Datadog,Enterprise Customer Success Manager,Enterprise Customer Success,"Jakarta, Indonesia",demand_validated,mid,0,0,0,,,https://careers.datadoghq.com/detail/7794297/?gh_jid=7794297
2026-08-04,DDOG,Datadog,Enterprise Customer Success Manager - Chicago,Enterprise Customer Success,"Chicago, Illinois, USA",demand_validated,mid,0,0,0,,118075,https://careers.datadoghq.com/detail/8052114/?gh_jid=8052114
2026-08-04,DDOG,Datadog,Enterprise Customer Success Manager - East,Enterprise Customer Success,"Boston, Massachusetts, USA; New York, New York, USA",demand_validated,mid,0,0,0,,118075,https://careers.datadoghq.com/detail/8077474/?gh_jid=8077474
2026-08-04,DDOG,Datadog,Enterprise Customer Success Manager (German Speaking),Enterprise Customer Success,"Dublin, Ireland",demand_validated,mid,0,0,0,,,https://careers.datadoghq.com/detail/8035351/?gh_jid=8035351
2026-08-04,DDOG,Datadog,Enterprise IT Support Technician I,Enterprise Technology,"Paris, France",nontech,mid,0,0,0,,,https://careers.datadoghq.com/detail/8035671/?gh_jid=8035671
2026-08-04,DDOG,Datadog,Enterprise Sales Engineer,Enterprise Sales Engineering,"Osaka, Japan",demand_validated,mid,0,0,0,,,https://careers.datadoghq.com/detail/6430289/?gh_jid=6430289
2026-08-04,DDOG,Datadog,Enterprise Sales Engineer,Enterprise Sales Engineering,"Osaka, Japan",demand_validated,mid,0,0,0,,,https://careers.datadoghq.com/detail/6703351/?gh_jid=6703351
2026-08-04,DDOG,Datadog,Enterprise Sales Engineer,Enterprise Sales Engineering,"Brisbane, Australia",demand_validated,mid,0,0,0,,,https://careers.datadoghq.com/detail/7721005/?gh_jid=7721005
2026-08-04,DDOG,Datadog,Enterprise Sales Engineer,Enterprise Sales Engineering,"Singapore, Singapore",demand_validated,mid,0,0,0,,,https://careers.datadoghq.com/detail/7868421/?gh_jid=7868421
2026-08-04,DDOG,Datadog,Enterprise Sales Engineer,Enterprise Sales Engineering,"Tokyo, Japan",demand_validated,mid,0,0,0,,,https://careers.datadoghq.com/detail/7811662/?gh_jid=7811662
2026-08-04,DDOG,Datadog,Enterprise Sales Engineer (Bahasa Indonesia Speaking),Enterprise Sales Engineering,"Jakarta, Indonesia",demand_validated,mid,0,0,0,,,https://careers.datadoghq.com/detail/6831903/?gh_jid=6831903
2026-08-04,DDOG,Datadog,Enterprise Sales Engineer (Bahasa Indonesia Speaking),Enterprise Sales Engineering,"Singapore, Singapore",demand_validated,mid,0,0,0,,,https://careers.datadoghq.com/detail/6832925/?gh_jid=6832925
2026-08-04,DDOG,Datadog,Enterprise Sales Engineer - Brazil,Enterprise Sales Engineering,"Sao Paulo, Brazil",demand_validated,mid,0,0,0,,,https://careers.datadoghq.com/detail/7255532/?gh_jid=7255532
2026-08-04,DDOG,Datadog,Enterprise Sales Engineer - Nordics,Enterprise Sales Engineering,"Copenhagen, Denmark; Stockholm, Sweden",demand_validated,mid,0,0,0,,,https://careers.datadoghq.com/detail/7101976/?gh_jid=7101976
2026-08-04,DDOG,Datadog,Enterprise Sales Engineer - Paris,Enterprise Sales Engineering,"Paris, France",demand_validated,mid,0,0,0,,,https://careers.datadoghq.com/detail/7661700/?gh_jid=7661700
2026-08-04,DDOG,Datadog,Enterprise Sales Engineer - Rockies,Enterprise Sales Engineering,"Colorado, USA, Remote",demand_validated,mid,0,0,0,,137500,https://careers.datadoghq.com/detail/7857714/?gh_jid=7857714
2026-08-04,DDOG,Datadog,Enterprise Sales Engineer - UK,Enterprise Sales Engineering,"United Kingdom, Remote",demand_validated,mid,0,0,0,,,https://careers.datadoghq.com/detail/7487353/?gh_jid=7487353
2026-08-04,DDOG,Datadog,Enterprise Sales Executive,Enterprise Sales,"North Carolina, USA, Remote; Tennessee, USA, Remote",nontech,mid,0,0,0,,110000,https://careers.datadoghq.com/detail/7465857/?gh_jid=7465857
2026-08-04,DDOG,Datadog,Enterprise Sales Executive,Enterprise Sales,"New York, New York, USA",nontech,mid,0,0,0,,105000,https://careers.datadoghq.com/detail/7405831/?gh_jid=7405831
2026-08-04,DDOG,Datadog,Enterprise Sales Executive,Enterprise Sales,"Georgia, USA, Remote",nontech,mid,0,0,0,,110000,https://careers.datadoghq.com/detail/7405822/?gh_jid=7405822
2026-08-04,DDOG,Datadog,Enterprise Sales Executive,Enterprise Sales,"Washington, District of Columbia, USA",nontech,mid,0,0,0,,110000,https://careers.datadoghq.com/detail/7426707/?gh_jid=7426707
2026-08-04,DDOG,Datadog,Enterprise Sales Executive,Enterprise Sales,"North Carolina, USA, Remote",nontech,mid,0,0,0,,110000,https://careers.datadoghq.com/detail/7421331/?gh_jid=7421331
2026-08-04,DDOG,Datadog,Enterprise Sales Executive,Enterprise Sales,"Montreal, Canada; Quebec City, Quebec, Canada",nontech,mid,0,0,0,,100000,https://careers.datadoghq.com/detail/4828332/?gh_jid=4828332
2026-08-04,DDOG,Datadog,Enterprise Sales Executive,Enterprise Sales,"Florida, USA, Remote",nontech,mid,0,0,0,,110000,https://careers.datadoghq.com/detail/7466155/?gh_jid=7466155
2026-08-04,DDOG,Datadog,Enterprise Sales Executive,Enterprise Sales,"Boston, Massachusetts, USA",nontech,mid,0,0,0,,110000,https://careers.datadoghq.com/detail/7410254/?gh_jid=7410254
2026-08-04,DDOG,Datadog,Enterprise Sales Executive (Benelux),Enterprise Sales,"Amsterdam, The Netherlands",nontech,mid,0,0,0,,100000,https://careers.datadoghq.com/detail/6185452/?gh_jid=6185452
2026-08-04,DDOG,Datadog,Enterprise Sales Executive (FED),Enterprise Sales,"Washington, District of Columbia, USA",nontech,mid,0,0,0,,125000,https://careers.datadoghq.com/detail/7426680/?gh_jid=7426680
2026-08-04,DDOG,Datadog,Enterprise Sales Executive (FED),Enterprise Sales,"Maryland, USA, Remote; Virginia, USA, Remote",nontech,mid,0,0,0,,125000,https://careers.datadoghq.com/detail/7421284/?gh_jid=7421284
2026-08-04,DDOG,Datadog,Enterprise Sales Executive (SLED),Enterprise Sales,"San Francisco, California, USA",nontech,mid,0,0,0,,85000,https://careers.datadoghq.com/detail/7426752/?gh_jid=7426752
2026-08-04,DDOG,Datadog,Enterprise Sales Executive (SLED),Enterprise Sales,"Illinois, USA, Remote; Michigan, USA, Remote; Texas, USA, Remote",nontech,mid,0,0,0,,85000,https://careers.datadoghq.com/detail/7453039/?gh_jid=7453039
2026-08-04,DDOG,Datadog,Enterprise Sales Executive (Sweden) ,Enterprise Sales,"Stockholm, Sweden",nontech,mid,0,0,0,,100000,https://careers.datadoghq.com/detail/5925905/?gh_jid=5925905
2026-08-04,DDOG,Datadog,Enterprise Sales Executive (Vietnam Market),Enterprise Sales,"Singapore, Singapore",nontech,mid,0,0,0,,100000,https://careers.datadoghq.com/detail/7590670/?gh_jid=7590670
2026-08-04,DDOG,Datadog,Enterprise Security Sales Specialist,Enterprise Sales,"Chicago, Illinois, USA; San Francisco, California, USA",nontech,mid,0,0,0,,131500,https://careers.datadoghq.com/detail/7129428/?gh_jid=7129428
2026-08-04,DDOG,Datadog,Federal Support Engineer 3,Support Engineering,"Denver, Colorado, USA",product_eng,mid,0,0,0,,107000,https://careers.datadoghq.com/detail/7997846/?gh_jid=7997846
2026-08-04,DDOG,Datadog,Field CTO (Japan),Product Solutions Architecture,"Tokyo, Japan",other,mid,0,0,0,,,https://careers.datadoghq.com/detail/7526356/?gh_jid=7526356
2026-08-04,DDOG,Datadog,Field CTO (Japan),Product Solutions Architecture,"Tokyo, Japan",other,mid,0,0,0,,,https://careers.datadoghq.com/detail/7703553/?gh_jid=7703553
2026-08-04,DDOG,Datadog,Field Marketing Manager (EMEA),Field Marketing,"London, United Kingdom",nontech,mid,0,0,0,,,https://careers.datadoghq.com/detail/8081939/?gh_jid=8081939
2026-08-04,DDOG,Datadog,FP&A Analyst - Data Insights,Finance,"New York, New York, USA",other,mid,0,0,0,,115500,https://careers.datadoghq.com/detail/7964916/?gh_jid=7964916
2026-08-04,DDOG,Datadog,Group Product Manager - Bring Your Own Cloud,Product Management,"New York, New York, USA",product_eng,mid,0,6,1,application,274500,https://careers.datadoghq.com/detail/8024863/?gh_jid=8024863
2026-08-04,DDOG,Datadog,"Group Product Manager, Cloud Security",Product Management,"New York, New York, USA",product_eng,mid,0,0,0,,274500,https://careers.datadoghq.com/detail/8029539/?gh_jid=8029539
2026-08-04,DDOG,Datadog,Group Product Manager - Code Security,Product Management,"New York, New York, USA",product_eng,mid,0,0,0,,274500,https://careers.datadoghq.com/detail/8023763/?gh_jid=8023763
2026-08-04,DDOG,Datadog,Group Product Manager - Threat Detection and Incident Response (Cloud SIEM),Product Management,"New York, New York, USA",product_eng,mid,0,0,0,,274500,https://careers.datadoghq.com/detail/7608826/?gh_jid=7608826
2026-08-04,DDOG,Datadog,GTM Operations Associate,Sales Strategy,"New York, New York, USA",nontech,mid,0,3,1,application,116500,https://careers.datadoghq.com/detail/8049521/?gh_jid=8049521
2026-08-04,DDOG,Datadog,GTM Strategy and Operations Associate,Sales Strategy,"New York, New York, USA",nontech,mid,0,1,0,buzz,116500,https://careers.datadoghq.com/detail/7843331/?gh_jid=7843331
2026-08-04,DDOG,Datadog,GTM Strategy & Operations Senior Associate (Marketing),Sales Strategy,"New York, New York, USA",nontech,senior,0,0,0,,144500,https://careers.datadoghq.com/detail/8023435/?gh_jid=8023435
2026-08-04,DDOG,Datadog,Head of Channels & Alliances,Channels & Alliances,"Seoul, South Korea",other,exec,0,0,0,,,https://careers.datadoghq.com/detail/7687552/?gh_jid=7687552
2026-08-04,DDOG,Datadog,"Head of Enterprise Sales, Japan",Enterprise Sales,"Tokyo, Japan",nontech,exec,0,0,0,,,https://careers.datadoghq.com/detail/7729887/?gh_jid=7729887
2026-08-04,DDOG,Datadog,"Head of Enterprise Sales, Japan",Enterprise Sales,"Tokyo, Japan",nontech,exec,0,0,0,,,https://careers.datadoghq.com/detail/7730200/?gh_jid=7730200
2026-08-04,DDOG,Datadog,"Head of Executive Search, Business Recruiting",Business Recruiting,"Boston, Massachusetts, USA; Denver, Colorado, USA; New York, New York, USA; San Francisco, California, USA",nontech,exec,0,0,0,,201500,https://careers.datadoghq.com/detail/7961311/?gh_jid=7961311
2026-08-04,DDOG,Datadog,HRIS Manager,People,"New York, New York, USA",other,mid,0,0,0,,161000,https://careers.datadoghq.com/detail/8024708/?gh_jid=8024708
2026-08-04,DDOG,Datadog,Implementation Services Project Manager,Technical Post Sales,"Singapore, Singapore",demand_validated,mid,0,0,0,,,https://careers.datadoghq.com/detail/7809909/?gh_jid=7809909
2026-08-04,DDOG,Datadog,Indirect Tax Manager,Finance,"New York, New York, USA",other,mid,0,0,0,,140000,https://careers.datadoghq.com/detail/8091967/?gh_jid=8091967
2026-08-04,DDOG,Datadog,Key Accounts Executive,Enterprise Sales,"Boston, Massachusetts, USA; New York, New York, USA",other,mid,0,0,0,,125000,https://careers.datadoghq.com/detail/7409236/?gh_jid=7409236
2026-08-04,DDOG,Datadog,Major Account Manager,Enterprise Sales,"California, USA, Remote; Colorado, USA, Remote; Washington, USA, Remote",other,mid,0,0,0,,157500,https://careers.datadoghq.com/detail/7630041/?gh_jid=7630041
2026-08-04,DDOG,Datadog,Major Account Manager,Enterprise Sales,"Boston, Massachusetts, USA; New York, New York, USA",other,mid,0,0,0,,172500,https://careers.datadoghq.com/detail/7409198/?gh_jid=7409198
2026-08-04,DDOG,Datadog,Major Account Manager (EMEA),Enterprise Sales,"Paris, France; Switzerland, Remote",other,mid,0,0,0,,,https://careers.datadoghq.com/detail/7409175/?gh_jid=7409175
2026-08-04,DDOG,Datadog,"Manager 1, Premier Support Engineering - Denver",Support Engineering,"Denver, Colorado, USA",product_eng,mid,0,0,0,,126000,https://careers.datadoghq.com/detail/8083563/?gh_jid=8083563
2026-08-04,DDOG,Datadog,"Manager 2, Premier Support Engineering",Support Engineering,"Tokyo, Japan",product_eng,mid,0,0,0,,,https://careers.datadoghq.com/detail/7894188/?gh_jid=7894188
2026-08-04,DDOG,Datadog,"Manager, Commercial Sales",Commercial Sales,"Tokyo, Japan",nontech,mid,0,0,0,,,https://careers.datadoghq.com/detail/7463989/?gh_jid=7463989
2026-08-04,DDOG,Datadog,"Manager, Commercial Sales",Commercial Sales,"Tokyo, Japan",nontech,mid,0,0,0,,,https://careers.datadoghq.com/detail/7463769/?gh_jid=7463769
2026-08-04,DDOG,Datadog,"Manager, Customer Success - LATAM (Portuguese-Speaking)",Commercial Customer Success,"Sao Paulo, Brazil",demand_validated,mid,0,0,0,,,https://careers.datadoghq.com/detail/8041622/?gh_jid=8041622
2026-08-04,DDOG,Datadog,"Manager I, Applied AI - Distilled Models",Leadership,"Paris, France",other,mid,1,21,1,application|buzz|general_medium,,https://careers.datadoghq.com/detail/8030598/?gh_jid=8030598
2026-08-04,DDOG,Datadog,"Manager I, Documentation",Community,"California, USA, Remote; Colorado, USA, Remote; Illinois, USA, Remote; New York, USA, Remote; Washington, USA, Remote",other,mid,0,0,0,,162000,https://careers.datadoghq.com/detail/7974666/?gh_jid=7974666
2026-08-04,DDOG,Datadog,"Manager I, Engineering - AI Platform - Evaluation & Annotation",Leadership,"Paris, France",product_eng,mid,1,4,0,data_ml_ops|general_medium,,https://careers.datadoghq.com/detail/7965428/?gh_jid=7965428
2026-08-04,DDOG,Datadog,"Manager I, Engineering - AI Platform - Training & Serving",Leadership,"Paris, France",product_eng,mid,1,5,1,general_medium|model_infra,,https://careers.datadoghq.com/detail/7529852/?gh_jid=7529852
2026-08-04,DDOG,Datadog,"Manager I, Engineering - APM Serverless",Leadership,"New York, New York, USA",product_eng,mid,0,0,0,,216000,https://careers.datadoghq.com/detail/8060821/?gh_jid=8060821
2026-08-04,DDOG,Datadog,"Manager I, Engineering - Applied AI/ML Product Analytics Suite",Dev Eng,"Paris, France",product_eng,mid,1,5,1,application|general_medium,,https://careers.datadoghq.com/detail/8081251/?gh_jid=8081251
2026-08-04,DDOG,Datadog,"Manager I, Engineering - Applied AI - Natural Language & Conversational Interfaces",Leadership,"New York, New York, USA",product_eng,mid,1,21,1,application|buzz|general_medium,216000,https://careers.datadoghq.com/detail/7560494/?gh_jid=7560494
2026-08-04,DDOG,Datadog,"Manager I, Engineering - Change Experience Platform",Leadership,"New York, New York, USA",product_eng,mid,0,0,0,,216000,https://careers.datadoghq.com/detail/8031007/?gh_jid=8031007
2026-08-04,DDOG,Datadog,"Manager I, Engineering - Code Coverage",Leadership,"Madrid, Spain",product_eng,mid,0,7,1,application|buzz,,https://careers.datadoghq.com/detail/8048588/?gh_jid=8048588
2026-08-04,DDOG,Datadog,"Manager I, Engineering - Core Analytics",Leadership,"New York, New York, USA",product_eng,mid,0,6,1,application|model_infra,216000,https://careers.datadoghq.com/detail/7696093/?gh_jid=7696093
2026-08-04,DDOG,Datadog,"Manager I, Engineering - Data Visualization Explorations",Leadership,"New York, New York, USA",product_eng,mid,0,0,0,,216000,https://careers.datadoghq.com/detail/7947742/?gh_jid=7947742
2026-08-04,DDOG,Datadog,"Manager I, Engineering - Experiments",Leadership,"New York, New York, USA",product_eng,mid,0,0,0,,216000,https://careers.datadoghq.com/detail/8060788/?gh_jid=8060788
2026-08-04,DDOG,Datadog,"Manager I, Engineering - Husky",Leadership,"Paris, France",product_eng,mid,0,0,0,,,https://careers.datadoghq.com/detail/7959705/?gh_jid=7959705
2026-08-04,DDOG,Datadog,"Manager I, Engineering - Observability Pipelines (OP)",Dev Eng,"Paris, France",product_eng,mid,0,0,0,,,https://careers.datadoghq.com/detail/8074318/?gh_jid=8074318
2026-08-04,DDOG,Datadog,"Manager I, Engineering - Onboarding Growth",Leadership,"New York, New York, USA",product_eng,mid,0,0,0,,216000,https://careers.datadoghq.com/detail/8041594/?gh_jid=8041594
2026-08-04,DDOG,Datadog,"Manager I, Engineering - OrgStore Blueprint",Leadership,"Madrid, Spain",product_eng,mid,0,0,0,,,https://careers.datadoghq.com/detail/7586019/?gh_jid=7586019
2026-08-04,DDOG,Datadog,"Manager I, Engineering - Sensitive Data Scanner",Leadership,"Paris, France",product_eng,mid,0,0,0,,,https://careers.datadoghq.com/detail/8102794/?gh_jid=8102794
2026-08-04,DDOG,Datadog,"Manager I, Engineering - Source Code Integration",Leadership,"Paris, France",product_eng,mid,0,3,1,application,,https://careers.datadoghq.com/detail/8051068/?gh_jid=8051068
2026-08-04,DDOG,Datadog,"Manager II, Engineering - Logs",Leadership,"New York, New York, USA",product_eng,mid,0,0,0,,267000,https://careers.datadoghq.com/detail/8031320/?gh_jid=8031320
2026-08-04,DDOG,Datadog,"Manager II, Implementation Services Project Manager - Denver",Technical Post Sales,"Denver, Colorado, USA",demand_validated,mid,0,0,0,,197000,https://careers.datadoghq.com/detail/8028917/?gh_jid=8028917
2026-08-04,DDOG,Datadog,"Manager II, Premier Support Engineering",Support Engineering,"Bangalore, India",product_eng,mid,0,0,0,,,https://careers.datadoghq.com/detail/7992945/?gh_jid=7992945
2026-08-04,DDOG,Datadog,"Manager II, Premier Support Engineering",Support Engineering,"Sao Paulo, Brazil",product_eng,mid,0,0,0,,,https://careers.datadoghq.com/detail/8083978/?gh_jid=8083978
2026-08-04,DDOG,Datadog,"Manager II, Premier Support Engineering - EMEA",Support Engineering,"Paris, France",product_eng,mid,0,0,0,,,https://careers.datadoghq.com/detail/7496237/?gh_jid=7496237
2026-08-04,DDOG,Datadog,"Manager II, Services Architect",Technical Post Sales,"Singapore, Singapore",product_eng,mid,0,0,0,,,https://careers.datadoghq.com/detail/7939294/?gh_jid=7939294
2026-08-04,DDOG,Datadog,"Manager II, Technical Escalations Engineering",Support Engineering,"Sydney, Australia",product_eng,mid,0,0,0,,,https://careers.datadoghq.com/detail/7946547/?gh_jid=7946547
2026-08-04,DDOG,Datadog,"Manager I, Technical Account Management",Technical Post Sales,"Denver, Colorado, USA; San Francisco, California, USA",other,mid,0,0,0,,170000,https://careers.datadoghq.com/detail/7787709/?gh_jid=7787709
2026-08-04,DDOG,Datadog,"Manager I, Technical Account Management - Chicago/Denver",Technical Post Sales,"Chicago, Illinois, USA; Denver, Colorado, USA",other,mid,0,0,0,,170000,https://careers.datadoghq.com/detail/7787715/?gh_jid=7787715
2026-08-04,DDOG,Datadog,"Manager I, Technical Escalations Engineering - Paris",Support Engineering,"Paris, France",product_eng,mid,0,0,0,,,https://careers.datadoghq.com/detail/8013353/?gh_jid=8013353
2026-08-04,DDOG,Datadog,"Manager I, Technical Support Engineering",Support Engineering,"Tokyo, Japan",product_eng,mid,0,0,0,,,https://careers.datadoghq.com/detail/7343626/?gh_jid=7343626
2026-08-04,DDOG,Datadog,"Manager I, Technical Support Engineering",Support Engineering,"Seoul, South Korea",product_eng,mid,0,0,0,,,https://careers.datadoghq.com/detail/8014851/?gh_jid=8014851
2026-08-04,DDOG,Datadog,"Manager, Mid Market - Brazil",Mid-Market Sales,"Sao Paulo, Brazil",other,mid,0,0,0,,,https://careers.datadoghq.com/detail/7800409/?gh_jid=7800409
2026-08-04,DDOG,Datadog,"Manager, Mid-Market Sales - San Francisco",Mid-Market Sales,"San Francisco, California, USA",nontech,mid,0,0,0,,127500,https://careers.datadoghq.com/detail/7913641/?gh_jid=7913641
2026-08-04,DDOG,Datadog,"Manager, Networking",Enterprise Technology,"Boston, Massachusetts, USA; Denver, Colorado, USA; New York, New York, USA",other,mid,0,0,0,,166000,https://careers.datadoghq.com/detail/6632056/?gh_jid=6632056
2026-08-04,DDOG,Datadog,"Manager, Sales Field Enablement, APJ",GTM Enablement,"Singapore, Singapore",nontech,mid,0,0,0,,,https://careers.datadoghq.com/detail/8047666/?gh_jid=8047666
2026-08-04,DDOG,Datadog,"Manager, Strategic Sourcing, AI Infrastructure & Services",Finance,"New York, New York, USA",other,mid,1,4,0,general_medium,149000,https://careers.datadoghq.com/detail/8024670/?gh_jid=8024670
2026-08-04,DDOG,Datadog,Mid Market Account Executive,Mid-Market Sales,"Tokyo, Japan",demand_validated,mid,0,0,0,,,https://careers.datadoghq.com/detail/6522009/?gh_jid=6522009
2026-08-04,DDOG,Datadog,Mid Market Account Executive,Mid-Market Sales,"New York, New York, USA",demand_validated,mid,0,0,0,,92500,https://careers.datadoghq.com/detail/6665385/?gh_jid=6665385
2026-08-04,DDOG,Datadog,Mid Market Account Executive,Mid-Market Sales,"Denver, Colorado, USA",demand_validated,mid,0,0,0,,92500,https://careers.datadoghq.com/detail/6163246/?gh_jid=6163246
2026-08-04,DDOG,Datadog,Mid Market Account Executive,Mid-Market Sales,"Tokyo, Japan",demand_validated,mid,0,0,0,,,https://careers.datadoghq.com/detail/6523631/?gh_jid=6523631
2026-08-04,DDOG,Datadog,Mid Market Account Executive,Mid-Market Sales,"Bangalore, India",demand_validated,mid,0,0,0,,,https://careers.datadoghq.com/detail/7785319/?gh_jid=7785319
2026-08-04,DDOG,Datadog,Mid-Market Account Executive - Boston,Mid-Market Sales,"Boston, Massachusetts, USA",demand_validated,mid,0,0,0,,92500,https://careers.datadoghq.com/detail/6798820/?gh_jid=6798820
2026-08-04,DDOG,Datadog,Mid-Market Account Executive (DACH),Mid-Market Sales,"Amsterdam, The Netherlands; Dublin, Ireland",demand_validated,mid,0,0,0,,,https://careers.datadoghq.com/detail/7476847/?gh_jid=7476847
2026-08-04,DDOG,Datadog,Mid-Market Account Executive - San Francisco,Mid-Market Sales,"San Francisco, California, USA",demand_validated,mid,0,0,0,,92500,https://careers.datadoghq.com/detail/7082012/?gh_jid=7082012
2026-08-04,DDOG,Datadog,Mid-Market Account Executive - (Turkey),Mid-Market Sales,"Amsterdam, The Netherlands",demand_validated,mid,0,0,0,,,https://careers.datadoghq.com/detail/8030635/?gh_jid=8030635
2026-08-04,DDOG,Datadog,Mid-Market Sales Engineer (AMER - East),Commercial & Mid-Market Sales Engineering,"Boston, Massachusetts, USA",demand_validated,mid,0,0,0,,137500,https://careers.datadoghq.com/detail/8088995/?gh_jid=8088995
2026-08-04,DDOG,Datadog,Mid-Market Sales Engineer (Sao Paulo),Commercial & Mid-Market Sales Engineering,"Sao Paulo, Brazil",demand_validated,mid,0,0,0,,,https://careers.datadoghq.com/detail/8080606/?gh_jid=8080606
2026-08-04,DDOG,Datadog,Mid-Market Sales (Italy/Spain),Mid-Market Sales,"Amsterdam, The Netherlands",nontech,mid,0,0,0,,,https://careers.datadoghq.com/detail/7530418/?gh_jid=7530418
2026-08-04,DDOG,Datadog,Network Engineer II,Enterprise Technology,"Paris, France",product_eng,mid,0,0,0,,,https://careers.datadoghq.com/detail/8028254/?gh_jid=8028254
2026-08-04,DDOG,Datadog,Office Operations Associate - NYC,Business Operations,"New York, New York, USA",nontech,mid,0,0,0,,59500,https://careers.datadoghq.com/detail/8046660/?gh_jid=8046660
2026-08-04,DDOG,Datadog,Order Operations Analyst,Sales Operations,"Singapore, Singapore",nontech,mid,0,0,0,,,https://careers.datadoghq.com/detail/8034852/?gh_jid=8034852
2026-08-04,DDOG,Datadog,Partner Enablement Manager,Channels & Alliances,"Sydney, Australia",nontech,mid,0,0,0,,,https://careers.datadoghq.com/detail/7979307/?gh_jid=7979307
2026-08-04,DDOG,Datadog,Partner Enablement Manager,Channels & Alliances,"Singapore, Singapore",nontech,mid,0,0,0,,,https://careers.datadoghq.com/detail/7991863/?gh_jid=7991863
2026-08-04,DDOG,Datadog,Partner Manager - Channels,Channels & Alliances,"Illinois, USA, Remote; Michigan, USA, Remote; Minnesota, USA, Remote; Ohio, USA, Remote; Texas, USA, Remote",other,mid,0,0,0,,95500,https://careers.datadoghq.com/detail/7872382/?gh_jid=7872382
2026-08-04,DDOG,Datadog,Partner Manager - Channels ,Channels & Alliances,"Mexico City, Mexico",other,mid,0,0,0,,,https://careers.datadoghq.com/detail/7868711/?gh_jid=7868711
2026-08-04,DDOG,Datadog,Partner Marketing Manager - Cloud & Channel (EMEA),Partner Marketing,"London, United Kingdom",nontech,mid,0,0,0,,,https://careers.datadoghq.com/detail/8003183/?gh_jid=8003183
2026-08-04,DDOG,Datadog,Partner Solutions Architect (ANZ),Channels & Alliances,"Sydney, Australia",demand_validated,mid,0,0,0,,,https://careers.datadoghq.com/detail/7922975/?gh_jid=7922975
2026-08-04,DDOG,Datadog,Partner Solutions Architect (Brazil),Channels & Alliances,"Sao Paulo, Brazil",demand_validated,mid,0,0,0,,,https://careers.datadoghq.com/detail/7967871/?gh_jid=7967871
2026-08-04,DDOG,Datadog,Partner Solutions Architect (Colombia),Channels & Alliances,"Colombia, Remote",demand_validated,mid,0,0,0,,,https://careers.datadoghq.com/detail/7977644/?gh_jid=7977644
2026-08-04,DDOG,Datadog,Partner Solutions Architect (EMEA),Channels & Alliances,"Amsterdam, The Netherlands; Germany, Remote",demand_validated,mid,0,0,0,,,https://careers.datadoghq.com/detail/8094179/?gh_jid=8094179
2026-08-04,DDOG,Datadog,Partner Solutions Architect (EMEA),Channels & Alliances,"Italy, Remote; Paris, France; Portugal, Remote; Spain, Remote",demand_validated,mid,0,0,0,,,https://careers.datadoghq.com/detail/7683726/?gh_jid=7683726
2026-08-04,DDOG,Datadog,Partner Solutions Architect (GSI) - AMER East,Channels & Alliances,"Boston, Massachusetts, USA; New York, New York, USA",demand_validated,mid,0,0,0,,166700,https://careers.datadoghq.com/detail/8003977/?gh_jid=8003977
2026-08-04,DDOG,Datadog,Partner Solutions Architect (GSI) - AMER West,Channels & Alliances,"Denver, Colorado, USA; San Francisco, California, USA",demand_validated,mid,0,0,0,,166700,https://careers.datadoghq.com/detail/8010455/?gh_jid=8010455
2026-08-04,DDOG,Datadog,Partner Solutions Architect (GSI) - AMER West,Channels & Alliances,"California, USA, Remote; Illinois, USA, Remote; Texas, USA, Remote; Washington, USA, Remote",demand_validated,mid,0,0,0,,166700,https://careers.datadoghq.com/detail/8015631/?gh_jid=8015631
2026-08-04,DDOG,Datadog,Partner Solutions Architect (India GSI),Channels & Alliances,"Bangalore, India",demand_validated,mid,0,0,0,,,https://careers.datadoghq.com/detail/7984988/?gh_jid=7984988
2026-08-04,DDOG,Datadog,Partner Solutions Architect (Pan-EMEA GSI),Channels & Alliances,"Lisbon, Portugal",demand_validated,mid,0,0,0,,,https://careers.datadoghq.com/detail/8095963/?gh_jid=8095963
2026-08-04,DDOG,Datadog,Partner Solutions Architect (Pan-EMEA GSI),Channels & Alliances,"Amsterdam, The Netherlands; Germany, Remote; Italy, Remote; London, United Kingdom; Madrid, Spain; Stockholm, Sweden",demand_validated,mid,0,0,0,,,https://careers.datadoghq.com/detail/7997198/?gh_jid=7997198
2026-08-04,DDOG,Datadog,Partner Technology Solutions Engineer,Product Management,"New York, New York, USA",demand_validated,mid,0,0,0,,175500,https://careers.datadoghq.com/detail/7961297/?gh_jid=7961297
2026-08-04,DDOG,Datadog,Payroll Specialist,People,"Boston, Massachusetts, USA; Denver, Colorado, USA; New York, New York, USA",nontech,mid,0,0,0,,93000,https://careers.datadoghq.com/detail/8028508/?gh_jid=8028508
2026-08-04,DDOG,Datadog,People Business Partner - EMEA,People,"Amsterdam, The Netherlands; Dublin, Ireland",other,mid,0,0,0,,,https://careers.datadoghq.com/detail/8096140/?gh_jid=8096140
2026-08-04,DDOG,Datadog,"People Strategy, Engineering",People,"New York, New York, USA",product_eng,mid,0,1,0,buzz,189000,https://careers.datadoghq.com/detail/8098833/?gh_jid=8098833
2026-08-04,DDOG,Datadog,People Systems Developer,People,"Boston, Massachusetts, USA; Denver, Colorado, USA; New York, New York, USA",product_eng,mid,0,3,1,application,175500,https://careers.datadoghq.com/detail/7874990/?gh_jid=7874990
2026-08-04,DDOG,Datadog,Principal Analyst Relations Manager,Corporate Marketing & Comms,"Boston, Massachusetts, USA; New York, New York, USA; San Francisco, California, USA",other,staff_principal,0,0,0,,184000,https://careers.datadoghq.com/detail/7905494/?gh_jid=7905494
2026-08-04,DDOG,Datadog,Principal Partner Manager - Channels (GSI),Channels & Alliances,"Boston, Massachusetts, USA; Denver, Colorado, USA; Florida, USA, Remote; Illinois, USA, Remote; New Jersey, USA, Remote; New York, New York, USA; San Francisco, California, USA; Texas, USA, Remote; Washington, USA, Remote",other,staff_principal,0,0,0,,161000,https://careers.datadoghq.com/detail/7584250/?gh_jid=7584250
2026-08-04,DDOG,Datadog,Principal Partner Manager - Channels (GSI),Channels & Alliances,"Boston, Massachusetts, USA; Denver, Colorado, USA; Florida, USA, Remote; Illinois, USA, Remote; New Jersey, USA, Remote; New York, New York, USA; San Francisco, California, USA; Texas, USA, Remote; Washington, USA, Remote",other,staff_principal,0,0,0,,161000,https://careers.datadoghq.com/detail/7582679/?gh_jid=7582679
2026-08-04,DDOG,Datadog,Principal Partner Manager - Channels (Middle East GSI),Channels & Alliances,"Dubai, United Arab Emirates",other,staff_principal,0,0,0,,,https://careers.datadoghq.com/detail/8076595/?gh_jid=8076595
2026-08-04,DDOG,Datadog,Principal Partner Manager - Channels (South Europe GSI),Channels & Alliances,"Paris, France",other,staff_principal,0,0,0,,,https://careers.datadoghq.com/detail/7747026/?gh_jid=7747026
2026-08-04,DDOG,Datadog,Principal Partner Manager - Channels (UKI Security),Channels & Alliances,"London, United Kingdom; United Kingdom, Remote",other,staff_principal,0,0,0,,,https://careers.datadoghq.com/detail/7747740/?gh_jid=7747740
2026-08-04,DDOG,Datadog,Principal Partner Manager - Technology Alliances,Channels & Alliances,"California, USA, Remote; Massachusetts, USA, Remote; New York, New York, USA; New York, USA, Remote; Texas, USA, Remote; Washington, USA, Remote",other,staff_principal,0,0,0,,227500,https://careers.datadoghq.com/detail/7976823/?gh_jid=7976823
2026-08-04,DDOG,Datadog,Principal Partner Solutions Architect (Public Sector - Fed),Channels & Alliances,"District of Columbia, USA, Remote; Maryland, USA, Remote; Virginia, USA, Remote",demand_validated,staff_principal,0,0,0,,234800,https://careers.datadoghq.com/detail/7943824/?gh_jid=7943824
2026-08-04,DDOG,Datadog,"Product Manager II, AI & Data Security",Product Management,"Paris, France",product_eng,mid,1,8,1,application|buzz|model_infra,,https://careers.datadoghq.com/detail/8012549/?gh_jid=8012549
2026-08-04,DDOG,Datadog,"Product Manager II, AI & Data Security",Product Management,"Boston, Massachusetts, USA; New York, New York, USA",product_eng,mid,1,8,1,application|buzz|model_infra,175500,https://careers.datadoghq.com/detail/7982288/?gh_jid=7982288
2026-08-04,DDOG,Datadog,Product Manager II - Alerting,Product Management,"New York, New York, USA",product_eng,mid,0,1,0,buzz,175000,https://careers.datadoghq.com/detail/8076871/?gh_jid=8076871
2026-08-04,DDOG,Datadog,Product Manager II - Application Performance Monitoring,Product Management,"New York, New York, USA",product_eng,mid,0,3,1,application,175500,https://careers.datadoghq.com/detail/8021327/?gh_jid=8021327
2026-08-04,DDOG,Datadog,Product Manager II - Application Performance Monitoring,Product Management,"Paris, France",product_eng,mid,0,3,1,application,,https://careers.datadoghq.com/detail/8028422/?gh_jid=8028422
2026-08-04,DDOG,Datadog,Product Manager II - Developer Engagement,Product Management,"New York, New York, USA",product_eng,mid,0,1,0,buzz,175500,https://careers.datadoghq.com/detail/8064898/?gh_jid=8064898
2026-08-04,DDOG,Datadog,Product Manager II - Model Lab,Product Management,"New York, New York, USA",product_eng,mid,0,25,1,application|data_ml_ops|model_infra,175500,https://careers.datadoghq.com/detail/7144556/?gh_jid=7144556
2026-08-04,DDOG,Datadog,Product Marketing Manager - APM,Product Marketing,"New York, New York, USA; San Francisco, California, USA",nontech,mid,0,0,0,,143500,https://careers.datadoghq.com/detail/8002922/?gh_jid=8002922
2026-08-04,DDOG,Datadog,Product Marketing Manager - Infrastructure Monitoring (AI and Containers),Product Marketing,"New York, New York, USA",nontech,mid,1,5,1,application|general_medium,143500,https://careers.datadoghq.com/detail/8035530/?gh_jid=8035530
2026-08-04,DDOG,Datadog,Product Operations Manager,Product Management,"New York, New York, USA",nontech,mid,0,7,1,application|buzz,147500,https://careers.datadoghq.com/detail/7991343/?gh_jid=7991343
2026-08-04,DDOG,Datadog,"Product Strategy and Corporate Development Lead, AI",Corporate Development,"New York, New York, USA",other,senior,1,0,0,,210000,https://careers.datadoghq.com/detail/8011158/?gh_jid=8011158
2026-08-04,DDOG,Datadog,Product Strategy and Corporate Development Lead (EMEA),Corporate Development,"Paris, France",other,senior,0,5,1,application|data_ml_ops,,https://careers.datadoghq.com/detail/7413847/?gh_jid=7413847
2026-08-04,DDOG,Datadog,"Program Manager, AI and Developer Community Content and Events",Community,"San Francisco, California, USA",product_eng,mid,1,0,0,,163500,https://careers.datadoghq.com/detail/8094924/?gh_jid=8094924
2026-08-04,DDOG,Datadog,Program Manager - Community Content and Events (EMEA),Community,"Paris, France",other,mid,0,0,0,,,https://careers.datadoghq.com/detail/8091868/?gh_jid=8091868
2026-08-04,DDOG,Datadog,Real Estate Associate Project Manager,Business Operations,"Amsterdam, The Netherlands; London, United Kingdom; Paris, France",other,mid,0,0,0,,,https://careers.datadoghq.com/detail/7732564/?gh_jid=7732564
2026-08-04,DDOG,Datadog,"Recruiter, GTM",Business Recruiting,"Boston, Massachusetts, USA; New York, New York, USA",nontech,mid,0,0,0,,114000,https://careers.datadoghq.com/detail/7927485/?gh_jid=7927485
2026-08-04,DDOG,Datadog,"Recruiter II, Business Recruiting",Business Recruiting,"Singapore, Singapore",nontech,mid,0,0,0,,,https://careers.datadoghq.com/detail/8041182/?gh_jid=8041182
2026-08-04,DDOG,Datadog,"Recruiter II, Business Recruiting",Business Recruiting,"Tokyo, Japan",nontech,mid,0,0,0,,,https://careers.datadoghq.com/detail/7650367/?gh_jid=7650367
2026-08-04,DDOG,Datadog,Regional Director - Enterprise Sales (Saudi Arabia) ,Enterprise Sales,"Riyadh, Saudi Arabia",nontech,director,0,0,0,,,https://careers.datadoghq.com/detail/7338847/?gh_jid=7338847
2026-08-04,DDOG,Datadog,"Regional Manager, Sales Engineering - Public Sector",Enterprise Sales Engineering,"Tokyo, Japan",demand_validated,mid,0,0,0,,,https://careers.datadoghq.com/detail/8003531/?gh_jid=8003531
2026-08-04,DDOG,Datadog,"Regional Manager, Sales Engineering - Security (NORAM)",Enterprise Sales Engineering,"Maryland, USA, Remote; Massachusetts, USA, Remote; New Jersey, USA, Remote; New York, New York, USA; Virginia, USA, Remote",demand_validated,mid,0,0,0,,175000,https://careers.datadoghq.com/detail/8016279/?gh_jid=8016279
2026-08-04,DDOG,Datadog,"Regional Manager, Sales Engineering - UK",Enterprise Sales Engineering,"London, United Kingdom",demand_validated,mid,0,0,0,,,https://careers.datadoghq.com/detail/8048106/?gh_jid=8048106
2026-08-04,DDOG,Datadog,Sales Development Representative,Sales Development,"Bangalore, India",nontech,mid,0,0,0,,,https://careers.datadoghq.com/detail/7531575/?gh_jid=7531575
2026-08-04,DDOG,Datadog,Sales Development Representative,Sales Development,"Tokyo, Japan",nontech,mid,0,0,0,,,https://careers.datadoghq.com/detail/7806043/?gh_jid=7806043
2026-08-04,DDOG,Datadog,Sales Development Representative,Sales Development,"Tokyo, Japan",nontech,mid,0,0,0,,,https://careers.datadoghq.com/detail/7806117/?gh_jid=7806117
2026-08-04,DDOG,Datadog,Sales Development Representative,Sales Development,"Seoul, South Korea",nontech,mid,0,0,0,,,https://careers.datadoghq.com/detail/6686710/?gh_jid=6686710
2026-08-04,DDOG,Datadog,Sales Development Representative,Sales Development,"Seoul, South Korea",nontech,mid,0,0,0,,,https://careers.datadoghq.com/detail/6690499/?gh_jid=6690499
2026-08-04,DDOG,Datadog,Sales Development Representative,Sales Development,"Sydney, Australia",nontech,mid,0,0,0,,,https://careers.datadoghq.com/detail/8042600/?gh_jid=8042600
2026-08-04,DDOG,Datadog,Sales Development Representative (Benelux),Sales Development,"Dublin, Ireland",nontech,mid,0,0,0,,,https://careers.datadoghq.com/detail/7180254/?gh_jid=7180254
2026-08-04,DDOG,Datadog,Sales Development Representative (DACH) ,Sales Development,"Amsterdam, The Netherlands",nontech,mid,0,0,0,,,https://careers.datadoghq.com/detail/6307160/?gh_jid=6307160
2026-08-04,DDOG,Datadog,Sales Development Representative (France),Sales Development,"Dublin, Ireland",nontech,mid,0,0,0,,,https://careers.datadoghq.com/detail/7034798/?gh_jid=7034798
2026-08-04,DDOG,Datadog,Sales Development Representative (Indonesia Market),Sales Development,"Singapore, Singapore",nontech,mid,0,0,0,,,https://careers.datadoghq.com/detail/8042602/?gh_jid=8042602
2026-08-04,DDOG,Datadog,Sales Development Representative (LATAM - Portuguese Speaking),Sales Development,"Boston, Massachusetts, USA",nontech,mid,0,0,0,,50000,https://careers.datadoghq.com/detail/6685931/?gh_jid=6685931
2026-08-04,DDOG,Datadog,Sales Development Representative (LATAM - Spanish Speaking),Sales Development,"Boston, Massachusetts, USA",nontech,mid,0,0,0,,50000,https://careers.datadoghq.com/detail/7003239/?gh_jid=7003239
2026-08-04,DDOG,Datadog,Sales Development Representative (Nordics) - Dublin,Sales Development,"Dublin, Ireland",nontech,mid,0,0,0,,,https://careers.datadoghq.com/detail/6857395/?gh_jid=6857395
2026-08-04,DDOG,Datadog,Sales Development Representative (UKI),Sales Development,"Dublin, Ireland",nontech,mid,0,0,0,,,https://careers.datadoghq.com/detail/7016097/?gh_jid=7016097
2026-08-04,DDOG,Datadog,Sales Engineer (Customer Success),Commercial & Mid-Market Sales Engineering,"Boston, Massachusetts, USA",demand_validated,mid,0,0,0,,93000,https://careers.datadoghq.com/detail/8045678/?gh_jid=8045678
2026-08-04,DDOG,Datadog,Sales Revenue Analyst - Boston,Sales Operations,"Boston, Massachusetts, USA",nontech,mid,0,0,0,,92500,https://careers.datadoghq.com/detail/7587086/?gh_jid=7587086
2026-08-04,DDOG,Datadog,Security Engineer 2 - Cyber Threat Intelligence,Security,"New York, New York, USA",product_eng,mid,0,0,0,,175500,https://careers.datadoghq.com/detail/7982345/?gh_jid=7982345
2026-08-04,DDOG,Datadog,Security Sales Engineer,Enterprise Sales Engineering,"Florida, USA, Remote; Massachusetts, USA, Remote; New York, USA, Remote",demand_validated,mid,0,0,0,,137500,https://careers.datadoghq.com/detail/7554877/?gh_jid=7554877
2026-08-04,DDOG,Datadog,Senior Accountant,Finance,"New York, New York, USA",other,senior,0,0,0,,99000,https://careers.datadoghq.com/detail/7921854/?gh_jid=7921854
2026-08-04,DDOG,Datadog,Senior Applied Scientist,Dev Eng,"Paris, France",other,senior,0,1,0,buzz,,https://careers.datadoghq.com/detail/6781197/?gh_jid=6781197
2026-08-04,DDOG,Datadog,Senior Applied Scientist - Behavior AI,Dev Eng,"Paris, France",other,senior,1,9,1,application|buzz|general_medium|model_infra,,https://careers.datadoghq.com/detail/8045964/?gh_jid=8045964
2026-08-04,DDOG,Datadog,Senior Cloud Security Engineer - K8s,Security,"New York, New York, USA",product_eng,senior,0,0,0,,213500,https://careers.datadoghq.com/detail/7815616/?gh_jid=7815616
2026-08-04,DDOG,Datadog,Senior Commercial Counsel,Legal Operations,"Singapore, Singapore",nontech,senior,0,3,1,application,,https://careers.datadoghq.com/detail/7905276/?gh_jid=7905276
2026-08-04,DDOG,Datadog,"Senior Corporate Development Lead, AI",Corporate Development,"San Francisco, California, USA",other,senior,1,0,0,,262500,https://careers.datadoghq.com/detail/7555575/?gh_jid=7555575
2026-08-04,DDOG,Datadog,Senior Deal Desk Analyst,Deal Desk,"Singapore, Singapore",other,senior,0,0,0,,,https://careers.datadoghq.com/detail/7906615/?gh_jid=7906615
2026-08-04,DDOG,Datadog,Senior Developer Advocate - Data Observability,Community,"California, USA, Remote; Colorado, USA, Remote; Illinois, USA, Remote; New York, USA, Remote; Washington, USA, Remote",product_eng,senior,0,0,0,,193500,https://careers.datadoghq.com/detail/7555520/?gh_jid=7555520
2026-08-04,DDOG,Datadog,Senior Developer Advocate - Modern App Development,Community,"California, USA, Remote; Nevada, USA, Remote; Texas, USA, Remote; Washington, USA, Remote",product_eng,senior,0,0,0,,193500,https://careers.datadoghq.com/detail/7985840/?gh_jid=7985840
2026-08-04,DDOG,Datadog,"Senior Director, Growth Marketing - Organic Growth (SEO/GEO)",Demand Generation,"San Francisco, California, USA",nontech,director,0,3,1,application,249375,https://careers.datadoghq.com/detail/8036385/?gh_jid=8036385
2026-08-04,DDOG,Datadog,Senior Enterprise Customer Success Manager,Enterprise Customer Success,"Tokyo, Japan",demand_validated,senior,0,0,0,,,https://careers.datadoghq.com/detail/8054774/?gh_jid=8054774
2026-08-04,DDOG,Datadog,Senior Enterprise Customer Success Manager,Enterprise Customer Success,"Tokyo, Japan",demand_validated,senior,0,0,0,,,https://careers.datadoghq.com/detail/8054902/?gh_jid=8054902
2026-08-04,DDOG,Datadog,Senior Field Marketing Manager - Public Sector (EMEA),Field Marketing,"Amsterdam, The Netherlands; London, United Kingdom",nontech,senior,0,0,0,,,https://careers.datadoghq.com/detail/8039342/?gh_jid=8039342
2026-08-04,DDOG,Datadog,Senior Financial Systems Analyst,Finance,"New York, New York, USA",other,senior,0,0,0,,110000,https://careers.datadoghq.com/detail/8002771/?gh_jid=8002771
2026-08-04,DDOG,Datadog,"Senior Manager, Product Solutions Architecture",Product Solutions Architecture,"Boston, Massachusetts, USA; Denver, Colorado, USA; New York, New York, USA; San Francisco, California, USA",demand_validated,senior,0,0,0,,246000,https://careers.datadoghq.com/detail/7960450/?gh_jid=7960450
2026-08-04,DDOG,Datadog,Senior Mid Market Account Executive - San Francisco,Mid-Market Sales,"San Francisco, California, USA",demand_validated,senior,0,0,0,,105000,https://careers.datadoghq.com/detail/7831520/?gh_jid=7831520
2026-08-04,DDOG,Datadog,Senior Partner Enablement Manager,Channels & Alliances,"Tokyo, Japan",nontech,senior,0,0,0,,,https://careers.datadoghq.com/detail/8003723/?gh_jid=8003723
2026-08-04,DDOG,Datadog,Senior Partner Enablement Manager,Channels & Alliances,"Tokyo, Japan",nontech,senior,0,0,0,,,https://careers.datadoghq.com/detail/8007394/?gh_jid=8007394
2026-08-04,DDOG,Datadog,Senior Partner Manager - Channels,Channels & Alliances,"Tokyo, Japan",other,senior,0,0,0,,,https://careers.datadoghq.com/detail/7984184/?gh_jid=7984184
2026-08-04,DDOG,Datadog,Senior Partner Manager - Channels,Channels & Alliances,"Tokyo, Japan",other,senior,0,0,0,,,https://careers.datadoghq.com/detail/7982373/?gh_jid=7982373
2026-08-04,DDOG,Datadog,Senior Partner Manager - Channels (Indian GSI),Channels & Alliances,"Bangalore, India",other,senior,0,3,1,application,,https://careers.datadoghq.com/detail/8074700/?gh_jid=8074700
2026-08-04,DDOG,Datadog,Senior Partner Manager - Channels (Nordics),Channels & Alliances,"Copenhagen, Denmark; Stockholm, Sweden",other,senior,0,0,0,,,https://careers.datadoghq.com/detail/7580196/?gh_jid=7580196
2026-08-04,DDOG,Datadog,Senior Partner Manager - Channels (Security),Channels & Alliances,"Sao Paulo, Brazil",other,senior,0,0,0,,,https://careers.datadoghq.com/detail/7582681/?gh_jid=7582681
2026-08-04,DDOG,Datadog,Senior Partner Manager - Channels (UKI),Channels & Alliances,"London, United Kingdom; United Kingdom, Remote",other,senior,0,0,0,,,https://careers.datadoghq.com/detail/8082007/?gh_jid=8082007
2026-08-04,DDOG,Datadog,"Senior Partner Marketing Manager, North America",Partner Marketing,"Boston, Massachusetts, USA; New York, New York, USA",nontech,senior,0,1,0,buzz,139000,https://careers.datadoghq.com/detail/7779207/?gh_jid=7779207
2026-08-04,DDOG,Datadog,Senior Partner Program Manager - Datadog Reseller Program,Channels & Alliances,"Boston, Massachusetts, USA; New York, New York, USA",other,senior,0,0,0,,147500,https://careers.datadoghq.com/detail/7984983/?gh_jid=7984983
2026-08-04,DDOG,Datadog,Senior Partner Program Manager - Strategic Initiatives,Channels & Alliances,"California, USA, Remote; Colorado, USA, Remote; Massachusetts, USA, Remote; New York, New York, USA; New York, USA, Remote",other,senior,0,0,0,,183500,https://careers.datadoghq.com/detail/7977339/?gh_jid=7977339
2026-08-04,DDOG,Datadog,Senior Payroll Specialist,People,"Boston, Massachusetts, USA; Denver, Colorado, USA; New York, New York, USA",nontech,senior,0,0,0,,128500,https://careers.datadoghq.com/detail/8030851/?gh_jid=8030851
2026-08-04,DDOG,Datadog,Senior People Business Partner,People,"Tokyo, Japan",other,senior,0,0,0,,,https://careers.datadoghq.com/detail/7461043/?gh_jid=7461043
2026-08-04,DDOG,Datadog,Senior Platform Product Manager - AI SDLC Trusted Throughput,Product Management,"New York, New York, USA",product_eng,senior,1,4,1,application|buzz,216000,https://careers.datadoghq.com/detail/7947683/?gh_jid=7947683
2026-08-04,DDOG,Datadog,Senior Platform Security Engineer,Security,"Paris, France",product_eng,senior,0,0,0,,,https://careers.datadoghq.com/detail/8094188/?gh_jid=8094188
2026-08-04,DDOG,Datadog,Senior Procurement Analyst,Finance,"New York, New York, USA",other,senior,0,0,0,,103500,https://careers.datadoghq.com/detail/7977425/?gh_jid=7977425
2026-08-04,DDOG,Datadog,Senior Product Designer - AAA,Product Design,"New York, New York, USA",product_eng,senior,0,0,0,,182000,https://careers.datadoghq.com/detail/8002906/?gh_jid=8002906
2026-08-04,DDOG,Datadog,"Senior Product Manager, AAA/Enterprise Growth",Product Management,"New York, New York, USA",product_eng,senior,0,0,0,,216000,https://careers.datadoghq.com/detail/7983465/?gh_jid=7983465
2026-08-04,DDOG,Datadog,Senior Product Manager - Agent Integrations,Product Management,"New York, New York, USA",product_eng,senior,0,10,1,application|general_medium,175500,https://careers.datadoghq.com/detail/8030599/?gh_jid=8030599
2026-08-04,DDOG,Datadog,Senior Product Manager - Bits Agent Builder,Product Management,"New York, New York, USA",product_eng,senior,0,10,1,application|buzz,216000,https://careers.datadoghq.com/detail/8092004/?gh_jid=8092004
2026-08-04,DDOG,Datadog,Senior Product Manager - Data Agent,Product Management,"New York, New York, USA",product_eng,senior,0,7,1,application|buzz,216000,https://careers.datadoghq.com/detail/7785350/?gh_jid=7785350
2026-08-04,DDOG,Datadog,Senior Product Manager - Database AI Optimization,Product Management,"New York, New York, USA",product_eng,senior,1,3,1,application,216000,https://careers.datadoghq.com/detail/7065807/?gh_jid=7065807
2026-08-04,DDOG,Datadog,Senior Product Manager - Data Security,Product Management,"Paris, France",product_eng,senior,0,3,0,buzz,,https://careers.datadoghq.com/detail/7808839/?gh_jid=7808839
2026-08-04,DDOG,Datadog,"Senior Product Manager, Data Visualization",Product Management,"New York, New York, USA",product_eng,senior,0,1,0,buzz,216000,https://careers.datadoghq.com/detail/7560326/?gh_jid=7560326
2026-08-04,DDOG,Datadog,Senior Product Manager - Fleet and Lifecycle Management,Product Management,"Boston, Massachusetts, USA; New York, New York, USA",product_eng,senior,0,3,1,application,216000,https://careers.datadoghq.com/detail/8077142/?gh_jid=8077142
2026-08-04,DDOG,Datadog,Senior Product Manager - Network Path,Product Management,"New York, New York, USA",product_eng,senior,0,0,0,,216000,https://careers.datadoghq.com/detail/7763117/?gh_jid=7763117
2026-08-04,DDOG,Datadog,Senior Product Manager – Observability Data Platform,Product Management,"New York, New York, USA",product_eng,senior,0,0,0,,216000,https://careers.datadoghq.com/detail/8065192/?gh_jid=8065192
2026-08-04,DDOG,Datadog,"Senior Product Manager - Regulated Industries, Data Center and New Market Expansions",Product Management,"New York, New York, USA",product_eng,senior,0,0,0,,216000,https://careers.datadoghq.com/detail/8069340/?gh_jid=8069340
2026-08-04,DDOG,Datadog,Senior Product Manager - Search,Product Management,"Boston, Massachusetts, USA; New York, New York, USA",product_eng,senior,0,14,1,application|buzz|general_medium,216000,https://careers.datadoghq.com/detail/7974481/?gh_jid=7974481
2026-08-04,DDOG,Datadog,Senior Product Manager - Serverless,Product Management,"Boston, Massachusetts, USA; New York, New York, USA",product_eng,senior,0,1,0,buzz,216000,https://careers.datadoghq.com/detail/7905006/?gh_jid=7905006
2026-08-04,DDOG,Datadog,Senior Product Marketing Manager - Observability Pipelines,Product Marketing,"New York, New York, USA; San Francisco, California, USA",nontech,senior,0,0,0,,179500,https://careers.datadoghq.com/detail/8041598/?gh_jid=8041598
2026-08-04,DDOG,Datadog,Senior Product Solutions Architect - LLM Observability,Product Solutions Architecture,"Boston, Massachusetts, USA; Denver, Colorado, USA; New York, New York, USA; San Francisco, California, USA",demand_validated,senior,1,3,1,application,194500,https://careers.datadoghq.com/detail/7627531/?gh_jid=7627531
2026-08-04,DDOG,Datadog,"Senior Program Manager, People Team (NYC)",People,"New York, New York, USA",other,senior,0,0,0,,210000,https://careers.datadoghq.com/detail/7958756/?gh_jid=7958756
2026-08-04,DDOG,Datadog,"Senior Program Manager, Sales Enablement",GTM Enablement,"New York, New York, USA",nontech,senior,0,0,0,,143000,https://careers.datadoghq.com/detail/8067190/?gh_jid=8067190
2026-08-04,DDOG,Datadog,Senior Regional Content Manager (APJ),Field Marketing,"Singapore, Singapore",other,senior,0,2,0,buzz,,https://careers.datadoghq.com/detail/8035726/?gh_jid=8035726
2026-08-04,DDOG,Datadog,Senior Revenue Accountant,Finance,"New York, New York, USA",other,senior,0,0,0,,105000,https://careers.datadoghq.com/detail/8075583/?gh_jid=8075583
2026-08-04,DDOG,Datadog,Senior Sales Engineer - Brazil,Enterprise Sales Engineering,"Sao Paulo, Brazil",demand_validated,senior,0,0,0,,,https://careers.datadoghq.com/detail/7792033/?gh_jid=7792033
2026-08-04,DDOG,Datadog,Senior Sales Engineer - Italy,Enterprise Sales Engineering,"Rome, Italy",demand_validated,senior,0,0,0,,,https://careers.datadoghq.com/detail/7843333/?gh_jid=7843333
2026-08-04,DDOG,Datadog,Senior Sales Engineer - Key Accounts,Enterprise Sales Engineering,"California, USA, Remote; Oregon, USA, Remote; Washington, USA, Remote",demand_validated,senior,0,0,0,,173500,https://careers.datadoghq.com/detail/7516279/?gh_jid=7516279
2026-08-04,DDOG,Datadog,Senior Sales Engineer - Key Accounts (Central),Enterprise Sales Engineering,"Texas, USA, Remote",demand_validated,senior,0,0,0,,173500,https://careers.datadoghq.com/detail/7961222/?gh_jid=7961222
2026-08-04,DDOG,Datadog,Senior Sales Engineer - Majors (East),Enterprise Sales Engineering,"New York, USA, Remote",demand_validated,senior,0,0,0,,173500,https://careers.datadoghq.com/detail/7917340/?gh_jid=7917340
2026-08-04,DDOG,Datadog,Senior Sales Engineer - Majors (France),Enterprise Sales Engineering,"France, Remote",demand_validated,senior,0,0,0,,,https://careers.datadoghq.com/detail/7791296/?gh_jid=7791296
2026-08-04,DDOG,Datadog,Senior Sales Engineer - Majors (UK/Nordics/Netherlands),Enterprise Sales Engineering,"Denmark, Remote; Sweden, Remote; The Netherlands, Remote; United Kingdom, Remote",demand_validated,senior,0,0,0,,,https://careers.datadoghq.com/detail/7904634/?gh_jid=7904634
2026-08-04,DDOG,Datadog,Senior Sales Engineer - Ohio Valley,Enterprise Sales Engineering,"Ohio, USA, Remote",demand_validated,senior,0,0,0,,173500,https://careers.datadoghq.com/detail/8027427/?gh_jid=8027427
2026-08-04,DDOG,Datadog,Senior Sales Engineer - Public Sector (UK),Enterprise Sales Engineering,"London, United Kingdom",demand_validated,senior,0,0,0,,,https://careers.datadoghq.com/detail/8030214/?gh_jid=8030214
2026-08-04,DDOG,Datadog,Senior Security Engineer - Cloud SIEM,Security,"Lisbon, Portugal",product_eng,senior,0,4,1,application|buzz,,https://careers.datadoghq.com/detail/8000258/?gh_jid=8000258
2026-08-04,DDOG,Datadog,Senior Security Engineer - Cloud SIEM,Security,"Dublin, Ireland; Madrid, Spain; Paris, France",product_eng,senior,0,4,1,application|buzz,,https://careers.datadoghq.com/detail/7996898/?gh_jid=7996898
2026-08-04,DDOG,Datadog,"Senior Security Engineer, Offensive Security",Security,"New York, New York, USA",product_eng,senior,0,0,0,,217500,https://careers.datadoghq.com/detail/7871543/?gh_jid=7871543
2026-08-04,DDOG,Datadog,Senior Security Sales Engineer (LATAM),Enterprise Sales Engineering,"Sao Paulo, Brazil",demand_validated,senior,0,0,0,,,https://careers.datadoghq.com/detail/7985276/?gh_jid=7985276
2026-08-04,DDOG,Datadog,"Senior Services Architect, Security-Cloud SIEM",Technical Post Sales,"New York, New York, USA",product_eng,senior,0,0,0,,170000,https://careers.datadoghq.com/detail/7996907/?gh_jid=7996907
2026-08-04,DDOG,Datadog,Senior Software Engineer ,Dev Eng,"Boston, Massachusetts, USA; New York, New York, USA",product_eng,senior,0,0,0,,216000,https://careers.datadoghq.com/detail/3851935/?gh_jid=3851935
2026-08-04,DDOG,Datadog,Senior Software Engineer - Action Platform,Dev Eng,"Paris, France",product_eng,senior,0,3,1,application,,https://careers.datadoghq.com/detail/8102624/?gh_jid=8102624
2026-08-04,DDOG,Datadog,Senior Software Engineer (AI),Dev Eng,"Paris, France",product_eng,senior,1,8,1,application|buzz,,https://careers.datadoghq.com/detail/7731292/?gh_jid=7731292
2026-08-04,DDOG,Datadog,Senior Software Engineer (AI),Dev Eng,"Madrid, Spain",product_eng,senior,1,9,1,application,,https://careers.datadoghq.com/detail/7566827/?gh_jid=7566827
2026-08-04,DDOG,Datadog,Senior Software Engineer (AI) ,Dev Eng,"Tel Aviv, Israel",product_eng,senior,1,14,1,application|buzz,,https://careers.datadoghq.com/detail/8023250/?gh_jid=8023250
2026-08-04,DDOG,Datadog,Senior Software Engineer - AI (EMEA),Dev Eng,"Bordeaux, France; Grenoble, France; Lyon, France; Madrid, Spain; Montpellier, France; Nantes, France; Nice, France; Paris, France; Sophia Antipolis, France",product_eng,senior,1,10,1,application|buzz,,https://careers.datadoghq.com/detail/8015588/?gh_jid=8015588
2026-08-04,DDOG,Datadog,Senior Software Engineer - Backend ,Dev Eng,"Bordeaux, France; Paris, France",product_eng,senior,0,0,0,,,https://careers.datadoghq.com/detail/4599148/?gh_jid=4599148
2026-08-04,DDOG,Datadog,Senior Software Engineer - Bazel Tools,Dev Eng,"Atlanta, Georgia, USA; Boston, Massachusetts, USA; New York, New York, USA",product_eng,senior,0,0,0,,274500,https://careers.datadoghq.com/detail/8095166/?gh_jid=8095166
2026-08-04,DDOG,Datadog,Senior Software Engineer - Distributed Systems,Dev Eng,"Boston, Massachusetts, USA; New York, New York, USA",product_eng,senior,0,0,0,,216000,https://careers.datadoghq.com/detail/3851927/?gh_jid=3851927
2026-08-04,DDOG,Datadog,Senior Software Engineer - Incident Insights & Readiness,Security,"Paris, France",product_eng,senior,0,3,1,application,,https://careers.datadoghq.com/detail/8094111/?gh_jid=8094111
2026-08-04,DDOG,Datadog,Senior Software Engineer - Linux,Dev Eng,"Tel Aviv, Israel",product_eng,senior,0,0,0,,,https://careers.datadoghq.com/detail/8038652/?gh_jid=8038652
2026-08-04,DDOG,Datadog,Senior Software Engineer - REDAPL Graph Engine,Dev Eng,"France, Remote; Germany, Remote; Italy, Remote; Spain, Remote; Switzerland, Remote; United Kingdom, Remote",product_eng,senior,0,0,0,,,https://careers.datadoghq.com/detail/7959966/?gh_jid=7959966
2026-08-04,DDOG,Datadog,Senior Software Engineer - REDAPL Graph Engine,Dev Eng,"Dublin, Ireland; Madrid, Spain; Paris, France",product_eng,senior,0,0,0,,,https://careers.datadoghq.com/detail/7959962/?gh_jid=7959962
2026-08-04,DDOG,Datadog,Senior Software Engineer - REDAPL Graph Engine,Dev Eng,"Lisbon, Portugal",product_eng,senior,0,0,0,,,https://careers.datadoghq.com/detail/7959967/?gh_jid=7959967
2026-08-04,DDOG,Datadog,Senior Software Engineer - Security Libraries,Dev Eng,"Lisbon, Portugal",product_eng,senior,0,3,1,application,,https://careers.datadoghq.com/detail/8088590/?gh_jid=8088590
2026-08-04,DDOG,Datadog,Senior Software Engineer - Security Libraries,Dev Eng,"Bordeaux, France; Lyon, France; Madrid, Spain; Nantes, France; Paris, France; Sophia Antipolis, France",product_eng,senior,0,3,1,application,,https://careers.datadoghq.com/detail/8081477/?gh_jid=8081477
2026-08-04,DDOG,Datadog,Senior Software Engineer - Security Libraries,Dev Eng,"France, Remote; Germany, Remote; Italy, Remote; Spain, Remote",product_eng,senior,0,3,1,application,,https://careers.datadoghq.com/detail/8088589/?gh_jid=8088589
2026-08-04,DDOG,Datadog,Senior Software Engineer - Streaming Platform ,Dev Eng,"New York, New York, USA",product_eng,senior,0,0,0,,216000,https://careers.datadoghq.com/detail/7993551/?gh_jid=7993551
2026-08-04,DDOG,Datadog,Senior Software Engineer - Streaming Platform Client,Dev Eng,"New York, New York, USA",product_eng,senior,0,0,0,,216000,https://careers.datadoghq.com/detail/8035492/?gh_jid=8035492
2026-08-04,DDOG,Datadog,Senior Software Engineer - Synthetics Platform,Dev Eng,"New York, New York, USA",product_eng,senior,0,0,0,,216000,https://careers.datadoghq.com/detail/7950090/?gh_jid=7950090
2026-08-04,DDOG,Datadog,Senior Staff GenAI Engineer - Application Performance Monitoring (APM),Dev Eng,"New York, New York, USA",product_eng,staff_principal,1,5,1,application|buzz,306000,https://careers.datadoghq.com/detail/6960503/?gh_jid=6960503
2026-08-04,DDOG,Datadog,"Senior Staff Product Designer, Design Lab",Product Design,"New York, New York, USA",product_eng,staff_principal,0,0,0,,229500,https://careers.datadoghq.com/detail/8100001/?gh_jid=8100001
2026-08-04,DDOG,Datadog,Senior Staff Software Engineer ,Dev Eng,"New York, New York, USA",product_eng,staff_principal,0,0,0,,306000,https://careers.datadoghq.com/detail/5608424/?gh_jid=5608424
2026-08-04,DDOG,Datadog,"Senior Staff Visual Designer, Design Lab",Product Design,"New York, New York, USA",product_eng,staff_principal,0,0,0,,261000,https://careers.datadoghq.com/detail/7793359/?gh_jid=7793359
2026-08-04,DDOG,Datadog,Senior Talent Manager (Talent Partner),People,"New York, New York, USA",other,senior,0,1,0,buzz,189000,https://careers.datadoghq.com/detail/8049232/?gh_jid=8049232
2026-08-04,DDOG,Datadog,Senior Technical Product Marketing Manager - Security,Product Marketing,"New York, New York, USA; San Francisco, California, USA",nontech,senior,0,0,0,,179500,https://careers.datadoghq.com/detail/7695546/?gh_jid=7695546
2026-08-04,DDOG,Datadog,Services Architect 3 - Denver,Technical Post Sales,"Denver, Colorado, USA",product_eng,mid,0,0,0,,144500,https://careers.datadoghq.com/detail/7807783/?gh_jid=7807783
2026-08-04,DDOG,Datadog,"Social Media Lead, Developer Audience",Community,"New York, New York, USA",product_eng,senior,0,0,0,,151500,https://careers.datadoghq.com/detail/8103045/?gh_jid=8103045
2026-08-04,DDOG,Datadog,"Sourcer II, Business Recruiting",Business Recruiting,"Tokyo, Japan",nontech,mid,0,0,0,,,https://careers.datadoghq.com/detail/7811537/?gh_jid=7811537
2026-08-04,DDOG,Datadog,Staff Application Security Engineer,Security,"Boston, Massachusetts, USA; Connecticut, USA, Remote; Delaware, USA, Remote; District of Columbia, USA, Remote; Maryland, USA, Remote; Massachusetts, USA, Remote; New Jersey, USA, Remote; New York, New York, USA; New York, USA, Remote; Rhode Island, USA, Remote",product_eng,staff_principal,0,4,1,application|buzz,274500,https://careers.datadoghq.com/detail/7777798/?gh_jid=7777798
2026-08-04,DDOG,Datadog,Staff Applied Scientist - Agentic Interfaces,Dev Eng,"New York, New York, USA",other,staff_principal,0,7,1,application|buzz,310500,https://careers.datadoghq.com/detail/7964141/?gh_jid=7964141
2026-08-04,DDOG,Datadog,Staff Applied Scientist - Dashboards,Dev Eng,"New York, New York, USA",other,staff_principal,0,1,0,buzz,310500,https://careers.datadoghq.com/detail/7984962/?gh_jid=7984962
2026-08-04,DDOG,Datadog,Staff Competitive Intelligence Analyst,Community,"New York, New York, USA; San Francisco, California, USA",other,staff_principal,0,0,0,,245000,https://careers.datadoghq.com/detail/8054420/?gh_jid=8054420
2026-08-04,DDOG,Datadog,Staff Developer Advocate - Asia Pacific & Japan Lead,Community,"Singapore, Singapore",product_eng,staff_principal,0,0,0,,,https://careers.datadoghq.com/detail/8081537/?gh_jid=8081537
2026-08-04,DDOG,Datadog,Staff Engineer - Data Semantics,Dev Eng,"Madrid, Spain; Paris, France",product_eng,staff_principal,0,1,0,buzz,,https://careers.datadoghq.com/detail/8043560/?gh_jid=8043560
2026-08-04,DDOG,Datadog,Staff GenAI Engineer - Application Performance Monitoring (APM),Dev Eng,"New York, New York, USA",product_eng,staff_principal,1,8,1,application|buzz|model_infra,234000,https://careers.datadoghq.com/detail/7974511/?gh_jid=7974511
2026-08-04,DDOG,Datadog,"Staff Product Designer, APM",Product Design,"New York, New York, USA",product_eng,staff_principal,0,3,1,application,229500,https://careers.datadoghq.com/detail/7989348/?gh_jid=7989348
2026-08-04,DDOG,Datadog,"Staff Product Designer, Modern Compute",Product Design,"New York, New York, USA",product_eng,staff_principal,0,0,0,,229500,https://careers.datadoghq.com/detail/8094854/?gh_jid=8094854
2026-08-04,DDOG,Datadog,"Staff Product Manager, Observability Data Platforms",Product Management,"New York, New York, USA",product_eng,staff_principal,0,3,1,application,274500,https://careers.datadoghq.com/detail/8065187/?gh_jid=8065187
2026-08-04,DDOG,Datadog,Staff Software Engineer,Dev Eng,"New York, New York, USA",product_eng,staff_principal,0,0,0,,274500,https://careers.datadoghq.com/detail/3210217/?gh_jid=3210217
2026-08-04,DDOG,Datadog,Staff Software Engineer - Corporate Development,Corporate Development,"San Francisco, California, USA",product_eng,staff_principal,0,0,0,,216000,https://careers.datadoghq.com/detail/8094106/?gh_jid=8094106
2026-08-04,DDOG,Datadog,Staff Software Engineer - Logs Management,Dev Eng,"New York, New York, USA",product_eng,staff_principal,0,4,1,application|buzz,274500,https://careers.datadoghq.com/detail/7635298/?gh_jid=7635298
2026-08-04,DDOG,Datadog,Staff Software Engineer - Logs Observability Pipelines ,Dev Eng,"New York, New York, USA",product_eng,staff_principal,0,0,0,,274500,https://careers.datadoghq.com/detail/7743369/?gh_jid=7743369
2026-08-04,DDOG,Datadog,Staff Software Engineer - ML Observability,Dev Eng,"Boston, Massachusetts, USA; New York, New York, USA",product_eng,staff_principal,1,16,1,application|buzz|data_ml_ops|general_medium,267000,https://careers.datadoghq.com/detail/7107437/?gh_jid=7107437
2026-08-04,DDOG,Datadog,Staff Software Engineer - Security Agent,Dev Eng,"Portugal, Remote",product_eng,staff_principal,0,0,0,,,https://careers.datadoghq.com/detail/8007606/?gh_jid=8007606
2026-08-04,DDOG,Datadog,Staff Software Engineer - Security Agent,Dev Eng,"Paris, France",product_eng,staff_principal,0,0,0,,,https://careers.datadoghq.com/detail/8007589/?gh_jid=8007589
2026-08-04,DDOG,Datadog,Staff Software Engineer - Security Agent,Dev Eng,"France, Remote; Germany, Remote; Ireland, Remote; Italy, Remote; Spain, Remote",product_eng,staff_principal,0,0,0,,,https://careers.datadoghq.com/detail/8007598/?gh_jid=8007598
2026-08-04,DDOG,Datadog,"Staff Visual Designer, Design Lab",Product Design,"New York, New York, USA",product_eng,staff_principal,0,0,0,,261000,https://careers.datadoghq.com/detail/7496207/?gh_jid=7496207
2026-08-04,DDOG,Datadog,Strategic Account Executive,Enterprise Sales,"District of Columbia, USA, Remote; Maryland, USA, Remote; Virginia, USA, Remote",demand_validated,mid,0,0,0,,125000,https://careers.datadoghq.com/detail/7057036/?gh_jid=7057036
2026-08-04,DDOG,Datadog,Strategic Account Executive,Enterprise Sales,"Mexico City, Mexico",demand_validated,mid,0,0,0,,100000,https://careers.datadoghq.com/detail/7131396/?gh_jid=7131396
2026-08-04,DDOG,Datadog,Strategic Account Executive,Enterprise Sales,"North Carolina, USA, Remote; South Carolina, USA, Remote",demand_validated,mid,0,0,0,,125000,https://careers.datadoghq.com/detail/7131363/?gh_jid=7131363
2026-08-04,DDOG,Datadog,Strategic Account Executive,Enterprise Sales,"Chile, Remote",demand_validated,mid,0,0,0,,100000,https://careers.datadoghq.com/detail/7131404/?gh_jid=7131404
2026-08-04,DDOG,Datadog,Strategic Account Executive,Enterprise Sales,"Boston, Massachusetts, USA",demand_validated,mid,0,0,0,,125000,https://careers.datadoghq.com/detail/7117086/?gh_jid=7117086
2026-08-04,DDOG,Datadog,Strategic Account Executive,Enterprise Sales,"Jakarta, Indonesia",demand_validated,mid,0,0,0,,100000,https://careers.datadoghq.com/detail/7131726/?gh_jid=7131726
2026-08-04,DDOG,Datadog,Strategic Account Executive,Enterprise Sales,"Seoul, South Korea",demand_validated,mid,0,0,0,,100000,https://careers.datadoghq.com/detail/7142205/?gh_jid=7142205
2026-08-04,DDOG,Datadog,Strategic Account Executive,Enterprise Sales,"Singapore, Singapore",demand_validated,mid,0,0,0,,100000,https://careers.datadoghq.com/detail/7439145/?gh_jid=7439145
2026-08-04,DDOG,Datadog,Strategic Account Executive,Enterprise Sales,"New York, New York, USA",demand_validated,mid,0,0,0,,105000,https://careers.datadoghq.com/detail/7131386/?gh_jid=7131386
2026-08-04,DDOG,Datadog,Strategic Account Executive,Enterprise Sales,"Sao Paulo, Brazil",demand_validated,mid,0,0,0,,100000,https://careers.datadoghq.com/detail/7055008/?gh_jid=7055008
2026-08-04,DDOG,Datadog,Strategic Account Executive,Enterprise Sales,"Canada, Remote",demand_validated,mid,0,0,0,,100000,https://careers.datadoghq.com/detail/6522865/?gh_jid=6522865
2026-08-04,DDOG,Datadog,Strategic Account Executive,Enterprise Sales,"Michigan, USA, Remote; Ohio, USA, Remote; Pennsylvania, USA, Remote",demand_validated,mid,0,0,0,,125000,https://careers.datadoghq.com/detail/6522736/?gh_jid=6522736
2026-08-04,DDOG,Datadog,Strategic Account Executive,Enterprise Sales,"Georgia, USA, Remote; Tennessee, USA, Remote",demand_validated,mid,0,0,0,,125000,https://careers.datadoghq.com/detail/6522720/?gh_jid=6522720
2026-08-04,DDOG,Datadog,Strategic Account Executive,Enterprise Sales,"Florida, USA, Remote",demand_validated,mid,0,0,0,,125000,https://careers.datadoghq.com/detail/6242929/?gh_jid=6242929
2026-08-04,DDOG,Datadog,Strategic Account Executive (FED),Enterprise Sales,"Canberra, Australia",demand_validated,mid,0,0,0,,50000,https://careers.datadoghq.com/detail/7645709/?gh_jid=7645709
2026-08-04,DDOG,Datadog,Strategic Account Executive (Hong Kong Market),Enterprise Sales,"Singapore, Singapore",demand_validated,mid,0,0,0,,100000,https://careers.datadoghq.com/detail/7442122/?gh_jid=7442122
2026-08-04,DDOG,Datadog,Strategic Account Executive (Iberia),Enterprise Sales,"Madrid, Spain",demand_validated,mid,0,0,0,,100000,https://careers.datadoghq.com/detail/6572400/?gh_jid=6572400
2026-08-04,DDOG,Datadog,Strategic Account Executive - Paris,Enterprise Sales,"Paris, France",demand_validated,mid,0,0,0,,100000,https://careers.datadoghq.com/detail/7101117/?gh_jid=7101117
2026-08-04,DDOG,Datadog,"Strategic Account Executive, Public Sector Japan, FED",Enterprise Sales,"Tokyo, Japan",demand_validated,mid,0,0,0,,,https://careers.datadoghq.com/detail/7439569/?gh_jid=7439569
2026-08-04,DDOG,Datadog,"Strategic Account Executive, Public Sector Japan, FED",Enterprise Sales,"Tokyo, Japan",demand_validated,mid,0,0,0,,100000,https://careers.datadoghq.com/detail/7439149/?gh_jid=7439149
2026-08-04,DDOG,Datadog,"Strategic Account Executive, Public Sector Japan, SLED",Enterprise Sales,"Tokyo, Japan",demand_validated,mid,0,0,0,,100000,https://careers.datadoghq.com/detail/7439152/?gh_jid=7439152
2026-08-04,DDOG,Datadog,"Strategic Account Executive, Public Sector Japan, SLED",Enterprise Sales,"Tokyo, Japan",demand_validated,mid,0,0,0,,,https://careers.datadoghq.com/detail/7439573/?gh_jid=7439573
2026-08-04,DDOG,Datadog,Strategic Account Executive (Rome - Italy) ,Enterprise Sales,"Rome, Italy",demand_validated,mid,0,0,0,,100000,https://careers.datadoghq.com/detail/5742916/?gh_jid=5742916
2026-08-04,DDOG,Datadog,Strategic Account Executive (Saudi Arabia),Enterprise Sales,"Riyadh, Saudi Arabia",demand_validated,mid,0,0,0,,100000,https://careers.datadoghq.com/detail/7338800/?gh_jid=7338800
2026-08-04,DDOG,Datadog,Strategic Account Executive (SLED),Enterprise Sales,"Texas, USA, Remote",demand_validated,mid,0,0,0,,125000,https://careers.datadoghq.com/detail/7453034/?gh_jid=7453034
2026-08-04,DDOG,Datadog,Strategic Account Executive (SLED),Enterprise Sales,"Boston, Massachusetts, USA; New York, New York, USA",demand_validated,mid,0,0,0,,125000,https://careers.datadoghq.com/detail/7314667/?gh_jid=7314667
2026-08-04,DDOG,Datadog,Strategic Account Executive (SLED),Enterprise Sales,"Sydney, Australia",demand_validated,mid,0,0,0,,50000,https://careers.datadoghq.com/detail/8043036/?gh_jid=8043036
2026-08-04,DDOG,Datadog,Strategic Account Executive (SLED),Enterprise Sales,"Kansas, USA, Remote; Missouri, USA, Remote; Washington, USA, Remote",demand_validated,mid,0,0,0,,125000,https://careers.datadoghq.com/detail/6430945/?gh_jid=6430945
2026-08-04,DDOG,Datadog,Strategic Account Executive (UKI),Enterprise Sales,"London, United Kingdom",demand_validated,mid,0,0,0,,100000,https://careers.datadoghq.com/detail/5622381/?gh_jid=5622381
2026-08-04,DDOG,Datadog,Strategic Account Executive (UKI) - Public Sector,Enterprise Sales,"London, United Kingdom",demand_validated,mid,0,0,0,,100000,https://careers.datadoghq.com/detail/7591735/?gh_jid=7591735
2026-08-04,DDOG,Datadog,Strategic Account Executive (Vietnam Market),Enterprise Sales,"Singapore, Singapore",demand_validated,mid,0,0,0,,100000,https://careers.datadoghq.com/detail/7515110/?gh_jid=7515110
2026-08-04,DDOG,Datadog,"Systems Engineer 2, Technical Solutions (US-East)",Technical Solutions Operations,"New York, New York, USA",product_eng,mid,0,10,1,application|buzz,100500,https://careers.datadoghq.com/detail/8092973/?gh_jid=8092973
2026-08-04,DDOG,Datadog,"Team Lead, Strategic Sourcing (IT, SaaS, Hardware)",Finance,"New York, New York, USA",other,senior,0,0,0,,135000,https://careers.datadoghq.com/detail/8082391/?gh_jid=8082391
2026-08-04,DDOG,Datadog,Technical Account Manager,Technical Post Sales,"Tokyo, Japan",demand_validated,mid,0,0,0,,,https://careers.datadoghq.com/detail/8018694/?gh_jid=8018694
2026-08-04,DDOG,Datadog,Technical Account Manager,Technical Post Sales,"Tokyo, Japan",demand_validated,mid,0,0,0,,,https://careers.datadoghq.com/detail/8020530/?gh_jid=8020530
2026-08-04,DDOG,Datadog,Technical Account Manager 2,Technical Post Sales,"Bangalore, India",demand_validated,mid,0,0,0,,,https://careers.datadoghq.com/detail/8017906/?gh_jid=8017906
2026-08-04,DDOG,Datadog,Technical Account Manager 2 - Boston,Technical Post Sales,"Boston, Massachusetts, USA",demand_validated,mid,0,0,0,,117500,https://careers.datadoghq.com/detail/8026835/?gh_jid=8026835
2026-08-04,DDOG,Datadog,Technical Account Manager 2 - EMEA,Technical Post Sales,"Amsterdam, The Netherlands; Dublin, Ireland; London, United Kingdom",demand_validated,mid,0,0,0,,,https://careers.datadoghq.com/detail/7862489/?gh_jid=7862489
2026-08-04,DDOG,Datadog,Technical Account Manager 2 - San Francisco,Technical Post Sales,"San Francisco, California, USA",demand_validated,mid,0,0,0,,117500,https://careers.datadoghq.com/detail/7989146/?gh_jid=7989146
2026-08-04,DDOG,Datadog,Technical Account Manager 2 - São Paulo,Technical Post Sales,"Sao Paulo, Brazil",demand_validated,mid,0,0,0,,,https://careers.datadoghq.com/detail/7834545/?gh_jid=7834545
2026-08-04,DDOG,Datadog,Technical Account Manager 2 - South Africa,Technical Post Sales,"South Africa, Remote",demand_validated,mid,0,0,0,,,https://careers.datadoghq.com/detail/8018696/?gh_jid=8018696
2026-08-04,DDOG,Datadog,Technical Account Manager 2 - West,Technical Post Sales,"Chicago, Illinois, USA; Denver, Colorado, USA",demand_validated,mid,0,0,0,,117500,https://careers.datadoghq.com/detail/8026831/?gh_jid=8026831
2026-08-04,DDOG,Datadog,Technical Account Manager 3 - East,Technical Post Sales,"Boston, Massachusetts, USA; New York, New York, USA",demand_validated,mid,0,0,0,,144500,https://careers.datadoghq.com/detail/8046392/?gh_jid=8046392
2026-08-04,DDOG,Datadog,Technical Account Manager 3 - Madrid,Technical Post Sales,"Madrid, Spain",demand_validated,mid,0,0,0,,,https://careers.datadoghq.com/detail/7982225/?gh_jid=7982225
2026-08-04,DDOG,Datadog,Technical Enablement Manager 3 (Italian Speaking),Technical Post Sales,"Amsterdam, The Netherlands; Dublin, Ireland; Paris, France",nontech,mid,0,0,0,,,https://careers.datadoghq.com/detail/8046399/?gh_jid=8046399
2026-08-04,DDOG,Datadog,Technical Escalations Engineer 2 (Logs) - US-East,Support Engineering,"Boston, Massachusetts, USA; New York, New York, USA",product_eng,mid,0,0,0,,99000,https://careers.datadoghq.com/detail/8050684/?gh_jid=8050684
2026-08-04,DDOG,Datadog,Technical Escalations Engineer 2 (Revenue and Cost Management) - APJ,Support Engineering,"Seoul, South Korea; Sydney, Australia; Tokyo, Japan",product_eng,mid,0,0,0,,,https://careers.datadoghq.com/detail/8095826/?gh_jid=8095826
2026-08-04,DDOG,Datadog,"Technical Program Manager 2, Technical Solutions",Technical Solutions Operations,"Boston, Massachusetts, USA; New York, New York, USA; San Francisco, California, USA",other,mid,0,0,0,,130500,https://careers.datadoghq.com/detail/8030837/?gh_jid=8030837
2026-08-04,DDOG,Datadog,Technical Support Engineer 1 - 2,Support Engineering,"Seoul, South Korea",product_eng,mid,0,0,0,,,https://careers.datadoghq.com/detail/6883301/?gh_jid=6883301
2026-08-04,DDOG,Datadog,Technical Support Engineer 1 - 2,Support Engineering,"Seoul, South Korea",product_eng,mid,0,0,0,,,https://careers.datadoghq.com/detail/6882229/?gh_jid=6882229
2026-08-04,DDOG,Datadog,"Technical Support Engineer 1, Premier - USA",Support Engineering,"Denver, Colorado, USA; New York, New York, USA; San Francisco, California, USA",product_eng,mid,0,0,0,,77000,https://careers.datadoghq.com/detail/7449072/?gh_jid=7449072
2026-08-04,DDOG,Datadog,Technical Support Engineer 2,Support Engineering,"Seoul, South Korea",product_eng,mid,0,0,0,,,https://careers.datadoghq.com/detail/7477573/?gh_jid=7477573
2026-08-04,DDOG,Datadog,Technical Support Engineer 2,Support Engineering,"Tokyo, Japan",product_eng,mid,0,0,0,,,https://careers.datadoghq.com/detail/6761448/?gh_jid=6761448
2026-08-04,DDOG,Datadog,Technical Support Engineer 2,Support Engineering,"Tokyo, Japan",product_eng,mid,0,0,0,,,https://careers.datadoghq.com/detail/6759702/?gh_jid=6759702
2026-08-04,DDOG,Datadog,"Technical Support Engineer 2, Premier - EMEA",Support Engineering,"Dublin, Ireland; Paris, France",product_eng,mid,0,0,0,,,https://careers.datadoghq.com/detail/7496253/?gh_jid=7496253
2026-08-04,DDOG,Datadog,"Technical Support Engineer 2, Premier - USA",Support Engineering,"Denver, Colorado, USA; New York, New York, USA; San Francisco, California, USA",product_eng,mid,0,0,0,,94500,https://careers.datadoghq.com/detail/7997872/?gh_jid=7997872
2026-08-04,DDOG,Datadog,"Technical Support Engineer 3, Premier - EMEA",Support Engineering,"Dublin, Ireland; Paris, France",product_eng,mid,0,0,0,,,https://careers.datadoghq.com/detail/8083128/?gh_jid=8083128
2026-08-04,DDOG,Datadog,"Technical Support Engineer 3, Premier - US-West",Support Engineering,"Denver, Colorado, USA; San Francisco, California, USA",product_eng,mid,0,0,0,,112000,https://careers.datadoghq.com/detail/7758574/?gh_jid=7758574
2026-08-04,MDB,MongoDB,Account Development Representative,Sales Development,Gurugram,other,mid,0,0,0,,,https://www.mongodb.com/careers/job/?gh_jid=7318558
2026-08-04,MDB,MongoDB,Account Development Representative,Sales Development,Mexico City,other,mid,0,0,0,,,https://www.mongodb.com/careers/job/?gh_jid=7318049
2026-08-04,MDB,MongoDB,Account Development Representative,Sales Development,"Dublin, Ireland",other,mid,0,0,0,,,https://www.mongodb.com/careers/job/?gh_jid=8081378
2026-08-04,MDB,MongoDB,Account Development Representative,Sales Development,Bengaluru,other,mid,0,0,0,,,https://www.mongodb.com/careers/job/?gh_jid=7318466
2026-08-04,MDB,MongoDB,"Account Development Representative, Arabic Speaking",Sales Development,Dublin,other,mid,0,0,0,,,https://www.mongodb.com/careers/job/?gh_jid=7334950
2026-08-04,MDB,MongoDB,Account Development Representative - English Speaking,Sales Development,Dublin,other,mid,0,0,0,,,https://www.mongodb.com/careers/job/?gh_jid=7334895
2026-08-04,MDB,MongoDB,Account Development Representative - English Speaking,Sales Development,Kuala Lumpur,other,mid,0,0,0,,,https://www.mongodb.com/careers/job/?gh_jid=8079914
2026-08-04,MDB,MongoDB,"Account Development Representative, French Speaking",Sales Development,Dublin,other,mid,0,0,0,,,https://www.mongodb.com/careers/job/?gh_jid=7335567
2026-08-04,MDB,MongoDB,"Account Development Representative, German Speaking",Sales Development,Dublin,other,mid,0,0,0,,,https://www.mongodb.com/careers/job/?gh_jid=7337287
2026-08-04,MDB,MongoDB,"Account Development Representative, Hebrew Speaking",Sales Development,Tel Aviv,other,mid,0,0,0,,,https://www.mongodb.com/careers/job/?gh_jid=7334938
2026-08-04,MDB,MongoDB,"Account Development Representative, Italian Speaking",Sales Development,Dublin,other,mid,0,1,0,buzz,,https://www.mongodb.com/careers/job/?gh_jid=7338090
2026-08-04,MDB,MongoDB,Account Development Representative - Mandarin Speaking,Sales Development,Kuala Lumpur,other,mid,0,0,0,,,https://www.mongodb.com/careers/job/?gh_jid=7566671
2026-08-04,MDB,MongoDB,Account Development Representative - Thai Speaking,Sales Development,Malaysia,other,mid,0,0,0,,,https://www.mongodb.com/careers/job/?gh_jid=7746436
2026-08-04,MDB,MongoDB,"Account Executive, Acquisition",Sales Greater China,Hong Kong,demand_validated,mid,0,0,0,,,https://www.mongodb.com/careers/job/?gh_jid=7154017
2026-08-04,MDB,MongoDB,"Account Executive, Acquisition/Growth",Sales APAC (India),Bengaluru; Gurugram; Mumbai,demand_validated,mid,0,0,0,,,https://www.mongodb.com/careers/job/?gh_jid=7870623
2026-08-04,MDB,MongoDB,"Account Executive ( Bahasa, Thai or Vietnamese Speaker)",Sales APAC (ASEAN),Singapore,demand_validated,mid,0,0,0,,,https://www.mongodb.com/careers/job/?gh_jid=7211619
2026-08-04,MDB,MongoDB,"Account Executive, Growth",Sales Growth EMEA,Zurich,demand_validated,mid,0,0,0,,,https://www.mongodb.com/careers/job/?gh_jid=7217822
2026-08-04,MDB,MongoDB,"Account Executive, Growth",Sales LatAm,São Paulo,demand_validated,mid,0,1,0,buzz,,https://www.mongodb.com/careers/job/?gh_jid=6531094
2026-08-04,MDB,MongoDB,Advisory Partner Solutions Architect,"Solutions Consulting, Partners",India,demand_validated,mid,0,10,1,application|buzz,,https://www.mongodb.com/careers/job/?gh_jid=8050418
2026-08-04,MDB,MongoDB,Advisory Solutions Architect,"Solutions Consulting, LATAM",Mexico City,demand_validated,mid,0,8,1,application|buzz,,https://www.mongodb.com/careers/job/?gh_jid=7997764
2026-08-04,MDB,MongoDB,Advisory Solutions Architect,"Solutions Consulting, APAC",Singapore,demand_validated,mid,0,7,1,application|buzz,,https://www.mongodb.com/careers/job/?gh_jid=8023912
2026-08-04,MDB,MongoDB,Answer Engine Optimization (AEO) Lead,Global Demand Center,United States,other,senior,0,18,1,application,154000,https://www.mongodb.com/careers/job/?gh_jid=8067253
2026-08-04,MDB,MongoDB,Associate Account Executive (Abu Dhabi Public Sector),Sales Growth EMEA,Dubai,demand_validated,mid,0,1,0,buzz,,https://www.mongodb.com/careers/job/?gh_jid=8066869
2026-08-04,MDB,MongoDB,Associate Commercial Growth Account Executive,Commercial Growth,Austin,demand_validated,mid,0,0,0,,60008,https://www.mongodb.com/careers/job/?gh_jid=7615794
2026-08-04,MDB,MongoDB,Associate HR Shared Services,HR Operations,Gurugram,nontech,mid,0,0,0,,,https://www.mongodb.com/careers/job/?gh_jid=7861788
2026-08-04,MDB,MongoDB,Associate Technical Services Engineer II,Technical Support AMER,Austin,product_eng,mid,0,0,0,,112500,https://www.mongodb.com/careers/job/?gh_jid=8044218
2026-08-04,MDB,MongoDB,Associate Technical Services Engineer II,Technical Support AMER,Brazil; São Paulo,product_eng,mid,0,0,0,,,https://www.mongodb.com/careers/job/?gh_jid=8054311
2026-08-04,MDB,MongoDB,Associate TSE I,Technical Support APAC,Bengaluru,other,mid,0,0,0,,,https://www.mongodb.com/careers/job/?gh_jid=8097618
2026-08-04,MDB,MongoDB,Associate TSE II,Technical Support APAC,Bengaluru,other,mid,0,0,0,,,https://www.mongodb.com/careers/job/?gh_jid=8089399
2026-08-04,MDB,MongoDB,Associate TSE II,Technical Support APAC,Gurugram,other,mid,0,0,0,,,https://www.mongodb.com/careers/job/?gh_jid=8076090
2026-08-04,MDB,MongoDB,Associate TSE II,Technical Support APAC,Gurugram,other,mid,0,0,0,,,https://www.mongodb.com/careers/job/?gh_jid=8089396
2026-08-04,MDB,MongoDB,Associate TSE II,Technical Support EMEA,"Dublin, Ireland",other,mid,0,0,0,,,https://www.mongodb.com/careers/job/?gh_jid=8041640
2026-08-04,MDB,MongoDB,Associate TSE II,Technical Support APAC,Bengaluru; Gurugram,other,mid,0,0,0,,,https://www.mongodb.com/careers/job/?gh_jid=7898756
2026-08-04,MDB,MongoDB,Cloud Operations Engineer,Cloud Operations,"Cork, Ireland; Dublin, Ireland",product_eng,mid,0,0,0,,,https://www.mongodb.com/careers/job/?gh_jid=8025827
2026-08-04,MDB,MongoDB,Cloud Operations Engineer,Cloud Operations,"Cork, Ireland; Dublin, Ireland",product_eng,mid,0,0,0,,,https://www.mongodb.com/careers/job/?gh_jid=7453323
2026-08-04,MDB,MongoDB,Cloud Operations Engineer,Cloud Operations,"Cork, Ireland; Dublin, Ireland",product_eng,mid,0,0,0,,,https://www.mongodb.com/careers/job/?gh_jid=8025824
2026-08-04,MDB,MongoDB,"Cloud Operations Engineer (2nd Shift, Weekend)",Cloud Operations,United States,product_eng,mid,0,0,0,,133000,https://www.mongodb.com/careers/job/?gh_jid=8045688
2026-08-04,MDB,MongoDB,Commercial Growth Account Executive (Arabic Speaker),Commercial Growth,"Cork, Ireland; Dublin, Ireland",demand_validated,mid,0,1,0,buzz,,https://www.mongodb.com/careers/job/?gh_jid=7056256
2026-08-04,MDB,MongoDB,Commercial Growth Account Executive (German Speaker),Commercial Growth,"Cork, Ireland; Dublin, Ireland",demand_validated,mid,0,0,0,,,https://www.mongodb.com/careers/job/?gh_jid=7276216
2026-08-04,MDB,MongoDB,Commercial Growth Account Executive - Turkish Speaker,Commercial Growth,"Dublin, Ireland",demand_validated,mid,0,1,0,buzz,,https://www.mongodb.com/careers/job/?gh_jid=8074863
2026-08-04,MDB,MongoDB,Contract Sourcer,Early Talent Recruiting,Gurugram,other,mid,0,0,0,,,https://www.mongodb.com/careers/job/?gh_jid=8099122
2026-08-04,MDB,MongoDB,"Contract Sourcer, Talent Discovery",Early Talent Recruiting,United States,other,mid,0,1,0,buzz,114400,https://www.mongodb.com/careers/job/?gh_jid=7738964
2026-08-04,MDB,MongoDB,Customer Experience Manager,Customer Success Center of Excellence,Austin; Boston; Denver; New York City,other,mid,0,5,0,buzz|general_medium,157000,https://www.mongodb.com/careers/job/?gh_jid=8067706
2026-08-04,MDB,MongoDB,Customer Success Manager,Customer Success EMEA,Amsterdam,demand_validated,mid,0,0,0,,,https://www.mongodb.com/careers/job/?gh_jid=7941923
2026-08-04,MDB,MongoDB,Customer Success Manager,Customer Success APAC,Japan,demand_validated,mid,0,0,0,,,https://www.mongodb.com/careers/job/?gh_jid=7640985
2026-08-04,MDB,MongoDB,Customer Success Manager,Customer Success Americas,New York City,demand_validated,mid,0,0,0,,120500,https://www.mongodb.com/careers/job/?gh_jid=8060800
2026-08-04,MDB,MongoDB,Customer Success Manager,Customer Success Americas,Boston,demand_validated,mid,0,0,0,,120500,https://www.mongodb.com/careers/job/?gh_jid=8000743
2026-08-04,MDB,MongoDB,"Director, Business Product Manager - PRM",Partner Enablement,United States,product_eng,director,0,0,0,,166000,https://www.mongodb.com/careers/job/?gh_jid=8079816
2026-08-04,MDB,MongoDB,"Director, Credit & Accounts Receivable","Revenue, OTC & QTC",Austin,other,director,0,0,0,,,https://www.mongodb.com/careers/job/?gh_jid=8028218
2026-08-04,MDB,MongoDB,"Director, Global Quote-to-Cash Operations (India COE)",Global Accounting ,Gurugram,nontech,director,0,0,0,,,https://www.mongodb.com/careers/job/?gh_jid=7662222
2026-08-04,MDB,MongoDB,"Director, International Financial Compliance",Controllership,Dublin,other,intern,0,0,0,,,https://www.mongodb.com/careers/job/?gh_jid=7811458
2026-08-04,MDB,MongoDB,"Director, ISV Partnerships",Partner Programs,United States,other,director,0,0,0,,216900,https://www.mongodb.com/careers/job/?gh_jid=7942142
2026-08-04,MDB,MongoDB,"Director, Partner Programs",Partner Programs,United States,other,director,0,0,0,,166000,https://www.mongodb.com/careers/job/?gh_jid=8077491
2026-08-04,MDB,MongoDB,"Director, Solutions Architecture","Solutions Consulting, Partners",Bengaluru,demand_validated,director,0,0,0,,,https://www.mongodb.com/careers/job/?gh_jid=8066684
2026-08-04,MDB,MongoDB,"Director, Strategic Events",Strategic Events,United States,other,director,0,3,1,application,170500,https://www.mongodb.com/careers/job/?gh_jid=8069976
2026-08-04,MDB,MongoDB,"Director, Web Platform & Technology",Website,"Cork, Ireland; Dublin, Ireland",other,director,0,4,1,application|buzz,,https://www.mongodb.com/careers/job/?gh_jid=8009965
2026-08-04,MDB,MongoDB,Early Talent Program Coordinator,Early Talent Recruiting,Gurugram,other,mid,0,0,0,,,https://www.mongodb.com/careers/job/?gh_jid=8076452
2026-08-04,MDB,MongoDB,Enablement Delivery Specialist,GTM Enablement,Singapore,nontech,mid,0,0,0,,,https://www.mongodb.com/careers/job/?gh_jid=7974991
2026-08-04,MDB,MongoDB,Enablement Delivery Specialist,GTM Enablement,Chicago,nontech,mid,0,0,0,,74500,https://www.mongodb.com/careers/job/?gh_jid=8013287
2026-08-04,MDB,MongoDB,Engagement Manager,PS Engagement Management,Seoul,other,mid,0,0,0,,,https://www.mongodb.com/careers/job/?gh_jid=7861722
2026-08-04,MDB,MongoDB,Engagement Manager,PS Engagement Management,São Paulo,other,mid,0,0,0,,,https://www.mongodb.com/careers/job/?gh_jid=7997003
2026-08-04,MDB,MongoDB,Engagement Manager (Services Sales),PS Engagement Management,Frankfurt,nontech,mid,0,1,0,buzz,,https://www.mongodb.com/careers/job/?gh_jid=7996557
2026-08-04,MDB,MongoDB,Engagement Manager (Services Sales),PS Engagement Management,Rome,nontech,mid,0,1,0,buzz,,https://www.mongodb.com/careers/job/?gh_jid=7982616
2026-08-04,MDB,MongoDB,"Engineer 3, Business Systems (CPQ) ",GTM Tech,United States,product_eng,mid,0,4,1,application|buzz,149500,https://www.mongodb.com/careers/job/?gh_jid=7991444
2026-08-04,MDB,MongoDB,Engineer 3 - GTM Tech,GTM Tech,Gurugram,product_eng,mid,0,4,1,application|buzz,,https://www.mongodb.com/careers/job/?gh_jid=7943868
2026-08-04,MDB,MongoDB,"Engineering Manager, Atlas Clusters Fleet Signal Management",Atlas Core Data Services,Dublin,product_eng,mid,0,0,0,,,https://www.mongodb.com/careers/job/?gh_jid=7711872
2026-08-04,MDB,MongoDB,"Engineering Manager, Query Integration",Query,Austin; New York City; Palo Alto; San Francisco; United States,product_eng,mid,0,3,1,application,203500,https://www.mongodb.com/careers/job/?gh_jid=8049512
2026-08-04,MDB,MongoDB,"Engineering Manager, Server Networking Security (Rust)",Clusters & Interfaces,"Cork, Ireland; Dublin, Ireland",product_eng,mid,0,0,0,,,https://www.mongodb.com/careers/job/?gh_jid=7698054
2026-08-04,MDB,MongoDB,Enterprise Account Executive,Sales Growth EMEA,Madrid,demand_validated,mid,0,0,0,,,https://www.mongodb.com/careers/job/?gh_jid=7257330
2026-08-04,MDB,MongoDB,Enterprise Account Executive,Sales Growth EMEA,Paris,demand_validated,mid,0,0,0,,,https://www.mongodb.com/careers/job/?gh_jid=7256839
2026-08-04,MDB,MongoDB,Enterprise Account Executive,Sales APAC (ASEAN),Singapore,demand_validated,mid,0,0,0,,,https://www.mongodb.com/careers/job/?gh_jid=8074220
2026-08-04,MDB,MongoDB,Enterprise Account Executive,Sales Growth EMEA,Frankfurt,demand_validated,mid,0,0,0,,,https://www.mongodb.com/careers/job/?gh_jid=7160353
2026-08-04,MDB,MongoDB,Enterprise Account Executive,Sales Growth EMEA,Amsterdam,demand_validated,mid,0,0,0,,,https://www.mongodb.com/careers/job/?gh_jid=7721659
2026-08-04,MDB,MongoDB,Enterprise Account Executive,Sales Growth EMEA,London,demand_validated,mid,0,0,0,,,https://www.mongodb.com/careers/job/?gh_jid=7607210
2026-08-04,MDB,MongoDB,Enterprise Account Executive,Sales Growth EMEA,Dubai,demand_validated,mid,0,0,0,,,https://www.mongodb.com/careers/job/?gh_jid=7578590
2026-08-04,MDB,MongoDB,Enterprise Account Executive,Sales Growth EMEA,Barcelona,demand_validated,mid,0,0,0,,,https://www.mongodb.com/careers/job/?gh_jid=7921450
2026-08-04,MDB,MongoDB,Enterprise Account Executive,Sales Growth EMEA,Germany,demand_validated,mid,0,0,0,,,https://www.mongodb.com/careers/job/?gh_jid=7996801
2026-08-04,MDB,MongoDB,Enterprise Account Executive,Sales Growth EMEA,Munich,demand_validated,mid,0,0,0,,,https://www.mongodb.com/careers/job/?gh_jid=7979277
2026-08-04,MDB,MongoDB,Enterprise Account Executive	,Sales Growth EMEA,London,demand_validated,mid,0,0,0,,,https://www.mongodb.com/careers/job/?gh_jid=7219459
2026-08-04,MDB,MongoDB,Enterprise Account Executive	,Sales Growth NAMER,Los Angeles,demand_validated,mid,0,0,0,,150000,https://www.mongodb.com/careers/job/?gh_jid=6587328
2026-08-04,MDB,MongoDB,"Enterprise Account Executive, Acquisition",Sales APAC (ANZ),Melbourne,demand_validated,mid,0,0,0,,,https://www.mongodb.com/careers/job/?gh_jid=8079676
2026-08-04,MDB,MongoDB,Enterprise Account Executive - Bahasa Speaker,Sales APAC (ASEAN),Singapore,demand_validated,mid,0,0,0,,,https://www.mongodb.com/careers/job/?gh_jid=7955987
2026-08-04,MDB,MongoDB,"Enterprise Account Executive (Bahasa, Vietnamese and Thai speaker)",Sales APAC (ASEAN),Singapore,demand_validated,mid,0,0,0,,,https://www.mongodb.com/careers/job/?gh_jid=7211805
2026-08-04,MDB,MongoDB,Enterprise Account Executive (Cyber),Sales Growth EMEA,Tel Aviv,demand_validated,mid,0,0,0,,,https://www.mongodb.com/careers/job/?gh_jid=7628750
2026-08-04,MDB,MongoDB,"Enterprise Account Executive, Federal",Sales US Public Sector,Tysons,demand_validated,mid,0,0,0,,148500,https://www.mongodb.com/careers/job/?gh_jid=7028355
2026-08-04,MDB,MongoDB,"Enterprise Account Executive, Growth",Sales Growth EMEA,Rome,demand_validated,mid,0,0,0,,,https://www.mongodb.com/careers/job/?gh_jid=6275509
2026-08-04,MDB,MongoDB,"Enterprise Account Executive, Growth",Sales Greater China,Taipei,demand_validated,mid,0,0,0,,,https://www.mongodb.com/careers/job/?gh_jid=6688075
2026-08-04,MDB,MongoDB,"Enterprise Account Executive, Growth",Sales Greater China,Beijing; Shanghai; Shenzhen,demand_validated,mid,0,0,0,,,https://www.mongodb.com/careers/job/?gh_jid=6740470
2026-08-04,MDB,MongoDB,"Enterprise Account Executive, Growth",Sales Growth EMEA,Frankfurt,demand_validated,mid,0,0,0,,,https://www.mongodb.com/careers/job/?gh_jid=6848268
2026-08-04,MDB,MongoDB,"Enterprise Account Executive, Growth",Sales Growth EMEA,Paris,demand_validated,mid,0,1,0,buzz,,https://www.mongodb.com/careers/job/?gh_jid=6949764
2026-08-04,MDB,MongoDB,"Enterprise Account Executive, Growth",Sales Growth EMEA,Poland,demand_validated,mid,0,0,0,,,https://www.mongodb.com/careers/job/?gh_jid=6987968
2026-08-04,MDB,MongoDB,"Enterprise Account Executive, Growth",Sales Growth NAMER,Austin,demand_validated,mid,0,0,0,,150000,https://www.mongodb.com/careers/job/?gh_jid=7027846
2026-08-04,MDB,MongoDB,"Enterprise Account Executive, Growth",Sales Growth NAMER,New York City,demand_validated,mid,0,0,0,,150000,https://www.mongodb.com/careers/job/?gh_jid=7032023
2026-08-04,MDB,MongoDB,"Enterprise Account Executive, Growth",Sales Growth NAMER,Toronto,demand_validated,mid,0,1,0,buzz,170000,https://www.mongodb.com/careers/job/?gh_jid=7141759
2026-08-04,MDB,MongoDB,"Enterprise Account Executive, Growth",Sales Growth NAMER,Chicago,demand_validated,mid,0,0,0,,150000,https://www.mongodb.com/careers/job/?gh_jid=7191603
2026-08-04,MDB,MongoDB,"Enterprise Account Executive, Growth",Sales Growth EMEA,Zurich,demand_validated,mid,0,0,0,,,https://www.mongodb.com/careers/job/?gh_jid=7217805
2026-08-04,MDB,MongoDB,"Enterprise Account Executive, Growth",Sales Growth EMEA,Berlin; Frankfurt; Munich,demand_validated,mid,0,0,0,,,https://www.mongodb.com/careers/job/?gh_jid=7219021
2026-08-04,MDB,MongoDB,"Enterprise Account Executive, Growth",Sales Growth EMEA,Paris,demand_validated,mid,0,0,0,,,https://www.mongodb.com/careers/job/?gh_jid=7256796
2026-08-04,MDB,MongoDB,"Enterprise Account Executive, Growth",Sales Growth EMEA,Madrid,demand_validated,mid,0,0,0,,,https://www.mongodb.com/careers/job/?gh_jid=7257122
2026-08-04,MDB,MongoDB,"Enterprise Account Executive, Growth",Sales Growth NAMER,Montreal,demand_validated,mid,0,0,0,,170000,https://www.mongodb.com/careers/job/?gh_jid=7269518
2026-08-04,MDB,MongoDB,"Enterprise Account Executive, Growth",Sales Growth NAMER,Ohio,demand_validated,mid,0,0,0,,150000,https://www.mongodb.com/careers/job/?gh_jid=7362411
2026-08-04,MDB,MongoDB,"Enterprise Account Executive, Growth",Sales Growth NAMER,Boston; New York City; Pennsylvania,demand_validated,mid,0,0,0,,150000,https://www.mongodb.com/careers/job/?gh_jid=7362626
2026-08-04,MDB,MongoDB,"Enterprise Account Executive, Growth",Sales APAC (ANZ),Melbourne,demand_validated,mid,0,0,0,,,https://www.mongodb.com/careers/job/?gh_jid=7403891
2026-08-04,MDB,MongoDB,"Enterprise Account Executive, Growth",Sales Korea,Seoul,demand_validated,mid,0,0,0,,,https://www.mongodb.com/careers/job/?gh_jid=7912343
2026-08-04,MDB,MongoDB,"Enterprise Account Executive, Growth",Sales Korea,Seoul,demand_validated,mid,0,0,0,,,https://www.mongodb.com/careers/job/?gh_jid=7944663
2026-08-04,MDB,MongoDB,"Enterprise Account Executive, Growth",Sales Growth EMEA,Israel,demand_validated,mid,0,1,0,buzz,,https://www.mongodb.com/careers/job/?gh_jid=7996805
2026-08-04,MDB,MongoDB,"Enterprise Account Executive, Growth",Sales Growth EMEA,Dubai,demand_validated,mid,0,0,0,,,https://www.mongodb.com/careers/job/?gh_jid=8051197
2026-08-04,MDB,MongoDB,"Enterprise Account Executive, Growth",Sales APAC (ANZ),Auckland; Melbourne,demand_validated,mid,0,0,0,,,https://www.mongodb.com/careers/job/?gh_jid=8066559
2026-08-04,MDB,MongoDB,"Enterprise Account Executive, Growth ( Bahasa Speaker)",Sales APAC (ASEAN),Singapore,demand_validated,mid,0,0,0,,,https://www.mongodb.com/careers/job/?gh_jid=7552596
2026-08-04,MDB,MongoDB,"Enterprise Account Executive, Growth (Defence & MHA)",Sales APAC (India),Gurugram,demand_validated,mid,0,0,0,,,https://www.mongodb.com/careers/job/?gh_jid=7363143
2026-08-04,MDB,MongoDB,"Enterprise Account Executive, Growth (Digital Native)",Sales Growth EMEA,Tel Aviv,demand_validated,mid,0,1,0,buzz,,https://www.mongodb.com/careers/job/?gh_jid=6640101
2026-08-04,MDB,MongoDB,"Enterprise Account Executive, Growth (FSI)",Sales Growth EMEA,Tel Aviv,demand_validated,mid,0,0,0,,,https://www.mongodb.com/careers/job/?gh_jid=6601414
2026-08-04,MDB,MongoDB,"Enterprise Account Executive, KSA Public Sector (Arabic Speaker)",Sales Growth EMEA,Dubai,demand_validated,mid,0,0,0,,,https://www.mongodb.com/careers/job/?gh_jid=7429695
2026-08-04,MDB,MongoDB,Enterprise Account Manager - OEM,Sales Greater China,Beijing; Shanghai; Shenzhen,other,mid,0,0,0,,,https://www.mongodb.com/careers/job/?gh_jid=6829771
2026-08-04,MDB,MongoDB,Enterprise Sales Development Representative,Sales Development,Austin,nontech,mid,0,0,0,,50003,https://www.mongodb.com/careers/job/?gh_jid=7311204
2026-08-04,MDB,MongoDB,Escalation Manager,Technical Support Escalation Management,"Dublin, Ireland",other,mid,0,1,0,buzz,,https://www.mongodb.com/careers/job/?gh_jid=8073670
2026-08-04,MDB,MongoDB,Escalation Manager - EST hours,Technical Support Escalation Management,United States,other,mid,0,0,0,,149500,https://www.mongodb.com/careers/job/?gh_jid=8036085
2026-08-04,MDB,MongoDB,Global Payroll Transformation Senior Manager,Controllership,Austin; United States,nontech,senior,0,0,0,,149500,https://www.mongodb.com/careers/job/?gh_jid=7983618
2026-08-04,MDB,MongoDB,Growth Marketing Manager,Growth Marketing,New York City; Tysons,nontech,mid,0,0,0,,109500,https://www.mongodb.com/careers/job/?gh_jid=7950458
2026-08-04,MDB,MongoDB,"Head of Global Sales Strategy, Planning & Operations",GTM Operations,Palo Alto,nontech,exec,0,0,0,,249000,https://www.mongodb.com/careers/job/?gh_jid=8070484
2026-08-04,MDB,MongoDB,Head of Partner Enablement,Partner Enablement,"Dublin, Ireland; London",nontech,exec,0,0,0,,,https://www.mongodb.com/careers/job/?gh_jid=8077499
2026-08-04,MDB,MongoDB,Head of Revenue Accounting & Order to Cash,"Revenue, OTC & QTC",Palo Alto; San Francisco,nontech,exec,0,0,0,,203500,https://www.mongodb.com/careers/job/?gh_jid=8072501
2026-08-04,MDB,MongoDB,Inside Account Executive,Sales Development,United States,demand_validated,mid,0,0,0,,75004,https://www.mongodb.com/careers/job/?gh_jid=7695258
2026-08-04,MDB,MongoDB,Inside Account Executive,Inside Sales NAMER,Toronto,demand_validated,mid,0,0,0,,90000,https://www.mongodb.com/careers/job/?gh_jid=8021118
2026-08-04,MDB,MongoDB,International Tax Director,Tax & Treasury,Atlanta; Austin; Baltimore; Charlotte; Chicago; Florida; Houston; Nashville; Raleigh,other,intern,0,3,1,application,191000,https://www.mongodb.com/careers/job/?gh_jid=7843814
2026-08-04,MDB,MongoDB,"Lead, Bus Sys Engineering - PS + CSM + TS",GTM Tech,Gurugram,product_eng,senior,0,1,0,buzz,,https://www.mongodb.com/careers/job/?gh_jid=8018420
2026-08-04,MDB,MongoDB,"Lead, Cloud Operations Engineering",Cloud Operations,"Dublin, Ireland",product_eng,senior,0,0,0,,,https://www.mongodb.com/careers/job/?gh_jid=8060943
2026-08-04,MDB,MongoDB,"Lead, Engineering",Magenta,Gurugram,product_eng,senior,0,0,0,,,https://www.mongodb.com/careers/job/?gh_jid=7590547
2026-08-04,MDB,MongoDB,"Lead Engineer, Internal Engineering",Internal Engineering,Gurugram,product_eng,intern,0,0,0,,,https://www.mongodb.com/careers/job/?gh_jid=7541875
2026-08-04,MDB,MongoDB,"Lead, Platform Engineering",Data & Platform,Gurugram,product_eng,senior,0,0,0,,,https://www.mongodb.com/careers/job/?gh_jid=8071475
2026-08-04,MDB,MongoDB,"Lead, Revenue","Revenue, OTC & QTC",Gurugram,other,senior,0,0,0,,,https://www.mongodb.com/careers/job/?gh_jid=7736169
2026-08-04,MDB,MongoDB,"Manager, Candidate Experience",Recruiting ,United States,other,mid,0,0,0,,108000,https://www.mongodb.com/careers/job/?gh_jid=7946916
2026-08-04,MDB,MongoDB,"Manager, Candidate Experience",Recruiting ,Austin; New York City,other,mid,0,0,0,,108000,https://www.mongodb.com/careers/job/?gh_jid=7936032
2026-08-04,MDB,MongoDB,"Manager, Customer Success",Customer Success APAC,Seoul,demand_validated,mid,0,0,0,,,https://www.mongodb.com/careers/job/?gh_jid=7375469
2026-08-04,MDB,MongoDB,"Manager, Customer Success Management",Customer Success EMEA,Milan; Rome,demand_validated,mid,0,0,0,,,https://www.mongodb.com/careers/job/?gh_jid=8074078
2026-08-04,MDB,MongoDB,"Manager, Engineering",Magenta,Bengaluru,product_eng,mid,0,0,0,,,https://www.mongodb.com/careers/job/?gh_jid=8076975
2026-08-04,MDB,MongoDB,"Manager, Engineering",Observability & Adoption Engineering,"Dublin, Ireland",product_eng,mid,0,0,0,,,https://www.mongodb.com/careers/job/?gh_jid=8066812
2026-08-04,MDB,MongoDB," Manager, Executive Experiences & Operations ",Strategic Events,"Cork, Ireland; Dublin, Ireland",nontech,mid,0,0,0,,,https://www.mongodb.com/careers/job/?gh_jid=8026163
2026-08-04,MDB,MongoDB,"Manager, Sales Development",Sales Development,Boston,nontech,mid,0,0,0,,110000,https://www.mongodb.com/careers/job/?gh_jid=8014384
2026-08-04,MDB,MongoDB,"Manager, Sales Development - French",Sales Development,"Dublin, Ireland",nontech,mid,0,0,0,,,https://www.mongodb.com/careers/job/?gh_jid=8069203
2026-08-04,MDB,MongoDB,"Manager, Sales Development (Kuala Lumpur Based)",Sales Development,Malaysia,nontech,mid,0,0,0,,,https://www.mongodb.com/careers/job/?gh_jid=7732991
2026-08-04,MDB,MongoDB,"Manager, Sales Strategy & Planning",GTM Operations,San Francisco,nontech,mid,0,0,0,,145500,https://www.mongodb.com/careers/job/?gh_jid=8049846
2026-08-04,MDB,MongoDB,"Manager, Site Reliability Engineering - Storage Layer Service",Site Reliability Engineering,Cork,product_eng,mid,0,0,0,,,https://www.mongodb.com/careers/job/?gh_jid=7957589
2026-08-04,MDB,MongoDB,"Manager, Site Reliability Engineering - Storage Layer Service",Site Reliability Engineering,New York City,product_eng,mid,0,0,0,,213500,https://www.mongodb.com/careers/job/?gh_jid=7743304
2026-08-04,MDB,MongoDB,"Manager, Site Reliability Engineering - Storage Layer Service",Site Reliability Engineering,Dublin,product_eng,mid,0,0,0,,,https://www.mongodb.com/careers/job/?gh_jid=7818635
2026-08-04,MDB,MongoDB,"Manager, Solutions Architecture","Solutions Consulting, LATAM",Mexico City,demand_validated,mid,0,0,0,,,https://www.mongodb.com/careers/job/?gh_jid=7728309
2026-08-04,MDB,MongoDB,"Manager, Technical Services",Technical Support Partners & Migrations,Austin,other,mid,0,0,0,,197000,https://www.mongodb.com/careers/job/?gh_jid=8053153
2026-08-04,MDB,MongoDB,"Manager, Travel",Controllership,United States,other,mid,0,0,0,,102000,https://www.mongodb.com/careers/job/?gh_jid=8083437
2026-08-04,MDB,MongoDB,Marketing Operations Manager,Marketing Operations,"Cork, Ireland; Dublin, Ireland",nontech,mid,0,0,0,,,https://www.mongodb.com/careers/job/?gh_jid=7967759
2026-08-04,MDB,MongoDB,Partner Specialist,APAC Partner Specialists,Japan,other,mid,0,0,0,,,https://www.mongodb.com/careers/job/?gh_jid=8020464
2026-08-04,MDB,MongoDB,Payroll Tax Analyst,Controllership,Austin,nontech,mid,0,0,0,,95500,https://www.mongodb.com/careers/job/?gh_jid=7980606
2026-08-04,MDB,MongoDB,Pre-Sales Solutions Architect,Solutions Consulting,Mexico City,demand_validated,mid,0,7,1,application|buzz,,https://www.mongodb.com/careers/job/?gh_jid=7843982
2026-08-04,MDB,MongoDB,Pre-Sales Solutions Architect,Solutions Consulting,São Paulo,demand_validated,mid,0,7,1,application|buzz,,https://www.mongodb.com/careers/job/?gh_jid=7847296
2026-08-04,MDB,MongoDB,"Principal Business Development Manager, Frontier AI Labs",Partner Programs,San Francisco,other,staff_principal,1,0,0,,182700,https://www.mongodb.com/careers/job/?gh_jid=7942148
2026-08-04,MDB,MongoDB,"Principal Partner Development Manager, Technology Partnerships",Partner Programs,United States,other,staff_principal,0,0,0,,182700,https://www.mongodb.com/careers/job/?gh_jid=7942154
2026-08-04,MDB,MongoDB,Principal Partner Programs Lead,Partner Programs,London,other,staff_principal,0,0,0,,,https://www.mongodb.com/careers/job/?gh_jid=7942147
2026-08-04,MDB,MongoDB,Principal Partner Specialist,SI Partners,Frankfurt,other,staff_principal,0,0,0,,,https://www.mongodb.com/careers/job/?gh_jid=7887608
2026-08-04,MDB,MongoDB,"Principal Partner Specialist, Google Cloud",Cloud Partners,Austin; New York City,other,staff_principal,0,0,0,,162000,https://www.mongodb.com/careers/job/?gh_jid=7818327
2026-08-04,MDB,MongoDB,"Principal Research Scientist, Database Systems",Research,New York City; Palo Alto,research,staff_principal,0,2,0,general_medium,301000,https://www.mongodb.com/careers/job/?gh_jid=6819978
2026-08-04,MDB,MongoDB,Principal Solutions Architect,"AMP, Sales",France,demand_validated,staff_principal,0,1,0,buzz,,https://www.mongodb.com/careers/job/?gh_jid=7564234
2026-08-04,MDB,MongoDB,Principal Solutions Architect,"AMP, Sales",Great Britain,demand_validated,staff_principal,0,1,0,buzz,,https://www.mongodb.com/careers/job/?gh_jid=7657688
2026-08-04,MDB,MongoDB,Principal Solutions Architect,"AMP, Sales",Ireland,demand_validated,staff_principal,0,1,0,buzz,,https://www.mongodb.com/careers/job/?gh_jid=7657684
2026-08-04,MDB,MongoDB,Principal Technologist / Field CTO,Strategic Developer Relations,India,other,staff_principal,0,0,0,,,https://www.mongodb.com/careers/job/?gh_jid=6381035
2026-08-04,MDB,MongoDB,Product Communications Manager,Global Communications,United States,nontech,mid,0,3,1,application,104000,https://www.mongodb.com/careers/job/?gh_jid=8091841
2026-08-04,MDB,MongoDB,"Product Manager, Internal Financial Data",Data & Platform,Austin; New York City; Palo Alto; San Francisco; United States,product_eng,intern,0,0,0,,160000,https://www.mongodb.com/careers/job/?gh_jid=7908293
2026-08-04,MDB,MongoDB, Product Marketing Manager,"AMP, NA Delivery ",Austin; New York City; San Francisco; Seattle,nontech,mid,0,4,1,application|buzz,120500,https://www.mongodb.com/careers/job/?gh_jid=8014547
2026-08-04,MDB,MongoDB,Product Pricing & Monetization Strategy - Associate,Product Management,New York City,other,mid,0,0,0,,124500,https://www.mongodb.com/careers/job/?gh_jid=7523751
2026-08-04,MDB,MongoDB,"Public Sector Enterprise Account Executive, Growth",Sales Growth EMEA,Amsterdam,demand_validated,mid,0,0,0,,,https://www.mongodb.com/careers/job/?gh_jid=6633264
2026-08-04,MDB,MongoDB,"Regional Vice President, Enterprise, Acquisition",Sales APAC (ASEAN),Japan,other,exec,0,0,0,,,https://www.mongodb.com/careers/job/?gh_jid=8090745
2026-08-04,MDB,MongoDB,"Regional Vice President, Enterprise, Growth",Sales APAC (India),Gurugram,other,exec,0,0,0,,,https://www.mongodb.com/careers/job/?gh_jid=8079967
2026-08-04,MDB,MongoDB,Relationship Account Manager,Relationship Account Management,Singapore,other,mid,0,0,0,,,https://www.mongodb.com/careers/job/?gh_jid=8073907
2026-08-04,MDB,MongoDB,Relationship Account Manager - Mandarin Speaker,Relationship Account Management,Singapore,other,mid,0,0,0,,,https://www.mongodb.com/careers/job/?gh_jid=8076599
2026-08-04,MDB,MongoDB,Relationship Account Manager (Middle East market),Sales Growth EMEA,"Cork, Ireland; Dublin, Ireland",other,mid,0,0,0,,,https://www.mongodb.com/careers/job/?gh_jid=7904974
2026-08-04,MDB,MongoDB,Renewals Manager,Renewals,"Cork, Ireland; Dublin, Ireland",other,mid,0,0,0,,,https://www.mongodb.com/careers/job/?gh_jid=8013315
2026-08-04,MDB,MongoDB,Renewals Specialist,Renewals,Toronto,other,mid,0,0,0,,90300,https://www.mongodb.com/careers/job/?gh_jid=7966786
2026-08-04,MDB,MongoDB,Renewals Specialist,Renewals,Austin; Boston,other,mid,0,0,0,,66560,https://www.mongodb.com/careers/job/?gh_jid=7966785
2026-08-04,MDB,MongoDB,Salesforce CPQ engineer 3,GTM Tech,Gurugram,product_eng,mid,0,4,1,application|buzz,,https://www.mongodb.com/careers/job/?gh_jid=7779016
2026-08-04,MDB,MongoDB,"Salesforce Engineer III, FedRAMP",GTM Tech,United States,product_eng,mid,0,1,0,buzz,149500,https://www.mongodb.com/careers/job/?gh_jid=7948530
2026-08-04,MDB,MongoDB,Sales Operations Analyst,Sales Data Strategy & Insights,Gurugram,nontech,mid,0,0,0,,,https://www.mongodb.com/careers/job/?gh_jid=8015833
2026-08-04,MDB,MongoDB,Sales Support Associate,Sales Data Strategy & Insights,Gurugram,nontech,mid,0,0,0,,,https://www.mongodb.com/careers/job/?gh_jid=7110155
2026-08-04,MDB,MongoDB,"Security Software Engineer, Infrastructure Security (Staff or Senior)",Site Reliability Engineering,Austin; New York City; San Francisco; Seattle; United States,product_eng,staff_principal,0,0,0,,188000,https://www.mongodb.com/careers/job/?gh_jid=7727896
2026-08-04,MDB,MongoDB,"Security Software Engineer, Infrastructure Security (Staff or Senior)",Site Reliability Engineering,Dublin; Ireland,product_eng,staff_principal,0,0,0,,,https://www.mongodb.com/careers/job/?gh_jid=7727899
2026-08-04,MDB,MongoDB,"Senior Accountant, Technical Revenue",Global Accounting ,Austin; New York City; Palo Alto,other,senior,0,0,0,,99500,https://www.mongodb.com/careers/job/?gh_jid=7557741
2026-08-04,MDB,MongoDB,"Senior Account Executive, Acquisition - Digital Native",Sales APAC (ANZ),Sydney,demand_validated,senior,0,1,0,buzz,,https://www.mongodb.com/careers/job/?gh_jid=6586315
2026-08-04,MDB,MongoDB,"Senior Account Executive, Acquisition ( Digital Native)",Sales APAC (ANZ),Sydney,demand_validated,senior,0,1,0,buzz,,https://www.mongodb.com/careers/job/?gh_jid=8003451
2026-08-04,MDB,MongoDB,Senior Administrator - Business Systems,GTM Tech,Gurugram,other,senior,0,4,1,application|buzz,,https://www.mongodb.com/careers/job/?gh_jid=8036348
2026-08-04,MDB,MongoDB,Senior Administrator - Business Systems,GTM Tech,Gurugram,other,senior,0,4,1,application|buzz,,https://www.mongodb.com/careers/job/?gh_jid=7778975
2026-08-04,MDB,MongoDB,Senior Business Operations & Strategy Analyst,FP&A - G&A & Corporate,New York City,nontech,senior,0,0,0,,122500,https://www.mongodb.com/careers/job/?gh_jid=7760222
2026-08-04,MDB,MongoDB,Senior Business Operations & Strategy Analyst,FP&A - G&A & Corporate,New York City,nontech,senior,0,0,0,,122500,https://www.mongodb.com/careers/job/?gh_jid=7760225
2026-08-04,MDB,MongoDB,"Senior Commercial Growth Account Executive, Acquisition",Sales APAC (ASEAN),Singapore,demand_validated,senior,0,0,0,,,https://www.mongodb.com/careers/job/?gh_jid=7841358
2026-08-04,MDB,MongoDB,"Senior Commercial Growth Account Executive, Acquisition ( Bahasa Speaker)",Sales APAC (ASEAN),Singapore,demand_validated,senior,0,0,0,,,https://www.mongodb.com/careers/job/?gh_jid=7759971
2026-08-04,MDB,MongoDB,Senior Compensation Manager,Total Rewards,Atlanta; Austin; Baltimore; Boston; Chicago; Houston; Minneapolis; New York City; Philadelphia; Pittsburgh; Washington DC,other,senior,0,0,0,,145500,https://www.mongodb.com/careers/job/?gh_jid=8055126
2026-08-04,MDB,MongoDB,Senior Consulting Engineer,PS Field Delivery,Tel Aviv,product_eng,senior,0,0,0,,,https://www.mongodb.com/careers/job/?gh_jid=7925284
2026-08-04,MDB,MongoDB,Senior Contract Recruiter,People Team,Austin; Chicago; Dallas; Denver; Los Angeles,nontech,senior,0,0,0,,74250,https://www.mongodb.com/careers/job/?gh_jid=8092135
2026-08-04,MDB,MongoDB,Senior Customer Success Manager,Customer Success Americas,San Francisco,demand_validated,senior,0,1,0,buzz,143500,https://www.mongodb.com/careers/job/?gh_jid=7530648
2026-08-04,MDB,MongoDB,Senior Customer Success Manager,Customer Success Americas,Mexico City,demand_validated,senior,0,0,0,,,https://www.mongodb.com/careers/job/?gh_jid=7955362
2026-08-04,MDB,MongoDB,Senior Customer Success Manager,Customer Success EMEA,Madrid,demand_validated,senior,0,0,0,,,https://www.mongodb.com/careers/job/?gh_jid=8071152
2026-08-04,MDB,MongoDB,Senior Customer Success Manager,Customer Success Americas,Chicago,demand_validated,senior,0,0,0,,143500,https://www.mongodb.com/careers/job/?gh_jid=8053367
2026-08-04,MDB,MongoDB,Senior Customer Success Manager,Customer Success EMEA,Berlin; Frankfurt; Hamburg; Munich,demand_validated,senior,0,0,0,,,https://www.mongodb.com/careers/job/?gh_jid=7906059
2026-08-04,MDB,MongoDB,Senior Customer Success Manager,Customer Success Americas,Atlanta; Austin; Dallas; Denver,demand_validated,senior,0,1,0,buzz,143500,https://www.mongodb.com/careers/job/?gh_jid=8059729
2026-08-04,MDB,MongoDB,Senior Customer Success Manager,Customer Success Americas,Montreal,demand_validated,senior,0,0,0,,127500,https://www.mongodb.com/careers/job/?gh_jid=7944089
2026-08-04,MDB,MongoDB,Senior Customer Success Manager,Customer Success,Washington DC,demand_validated,senior,0,1,0,buzz,143500,https://www.mongodb.com/careers/job/?gh_jid=8044497
2026-08-04,MDB,MongoDB,Senior Data Analyst,Analytics,United States,other,senior,0,0,0,,122500,https://www.mongodb.com/careers/job/?gh_jid=7696633
2026-08-04,MDB,MongoDB,"Senior Data Product Manager, Product Telemetry",Data & Platform,New York City; Palo Alto; San Francisco,product_eng,senior,0,3,1,application,243500,https://www.mongodb.com/careers/job/?gh_jid=7428476
2026-08-04,MDB,MongoDB,Senior Developer Advocate,Developer Advocacy,Dublin,product_eng,senior,0,3,1,application,,https://www.mongodb.com/careers/job/?gh_jid=7950357
2026-08-04,MDB,MongoDB,"Senior Director, Customer Health & Critical Accounts",Customer Success Center of Excellence,Austin; Boston; Chicago; Denver; Los Angeles; New York City; United States,other,director,0,1,0,buzz,300500,https://www.mongodb.com/careers/job/?gh_jid=8088171
2026-08-04,MDB,MongoDB,"Senior Director, Global AI Native & POD Program",GTM Operations,Austin; New York City; San Francisco,other,director,1,0,0,,190000,https://www.mongodb.com/careers/job/?gh_jid=8092253
2026-08-04,MDB,MongoDB,"Senior Director, HR Business Partnering",HR Business Partners,Atlanta; Austin; Baltimore; Boston; Chicago; Dallas; Houston; Minneapolis; Nashville; New York City; Palo Alto; Raleigh; San Francisco; Seattle; St. Louis,nontech,director,0,3,1,application,224000,https://www.mongodb.com/careers/job/?gh_jid=7858876
2026-08-04,MDB,MongoDB,"Senior Director of Engineering, Developer Productivity",R&D Developer Productivity,United States,product_eng,director,0,0,0,,249000,https://www.mongodb.com/careers/job/?gh_jid=8052615
2026-08-04,MDB,MongoDB,"Senior Director of Engineering, Developer Productivity",R&D Developer Productivity,Alberta; British Columbia; Manitoba; Nova Scotia; Ontario; Quebec,product_eng,director,0,0,0,,255000,https://www.mongodb.com/careers/job/?gh_jid=8052617
2026-08-04,MDB,MongoDB,"Senior Director, Partner Specialists",Cloud Partners,London,other,director,0,0,0,,,https://www.mongodb.com/careers/job/?gh_jid=8029188
2026-08-04,MDB,MongoDB,"Senior Director, Partner Specialists",APAC Partner Specialists,Gurugram,other,director,0,0,0,,,https://www.mongodb.com/careers/job/?gh_jid=8020483
2026-08-04,MDB,MongoDB,Senior Engineer,Internal Engineering,Gurugram,product_eng,senior,0,0,0,,,https://www.mongodb.com/careers/job/?gh_jid=7993981
2026-08-04,MDB,MongoDB,Senior Engineer - Business Systems (FP&A),FIN Tech,Bengaluru; Gurugram,product_eng,senior,0,0,0,,,https://www.mongodb.com/careers/job/?gh_jid=7942613
2026-08-04,MDB,MongoDB,Senior Engineer - Business Systems (Integrations),GTM Tech,Gurugram,product_eng,senior,0,3,1,application,,https://www.mongodb.com/careers/job/?gh_jid=7778978
2026-08-04,MDB,MongoDB,Senior Engineer - GTM Tech,GTM Tech,Gurugram,product_eng,senior,0,4,1,application|buzz,,https://www.mongodb.com/careers/job/?gh_jid=8008794
2026-08-04,MDB,MongoDB,"Senior Engineering Manager, Code Generation",App Modernization ENG,California; Oregon; Washington,product_eng,senior,0,2,0,buzz,224000,https://www.mongodb.com/careers/job/?gh_jid=7616246
2026-08-04,MDB,MongoDB,"Senior Engineering Manager, Code Generation",App Modernization ENG,British Columbia,product_eng,senior,0,2,0,buzz,228000,https://www.mongodb.com/careers/job/?gh_jid=7616248
2026-08-04,MDB,MongoDB,"Senior Engineering Manager, Developer Productivity",R&D Developer Productivity,United States,product_eng,senior,0,3,1,application,224000,https://www.mongodb.com/careers/job/?gh_jid=8052618
2026-08-04,MDB,MongoDB,"Senior Engineering Manager, Developer Productivity",R&D Developer Productivity,Alberta; British Columbia; Manitoba; Nova Scotia; Ontario; Quebec,product_eng,senior,0,3,1,application,228000,https://www.mongodb.com/careers/job/?gh_jid=8052620
2026-08-04,MDB,MongoDB,Senior Enterprise Account Executive,Sales Growth EMEA,London,demand_validated,senior,0,0,0,,,https://www.mongodb.com/careers/job/?gh_jid=7227836
2026-08-04,MDB,MongoDB,"Senior Enterprise Account Executive, Acquisition",Sales APAC (India),Mumbai,demand_validated,senior,0,0,0,,,https://www.mongodb.com/careers/job/?gh_jid=8081026
2026-08-04,MDB,MongoDB,"Senior Enterprise Account Executive, Growth",Sales APAC (ASEAN),Singapore,demand_validated,senior,0,0,0,,,https://www.mongodb.com/careers/job/?gh_jid=8050026
2026-08-04,MDB,MongoDB,"Senior Enterprise Account Executive, Growth",Sales Growth NAMER,Denver,demand_validated,senior,0,0,0,,160000,https://www.mongodb.com/careers/job/?gh_jid=7687359
2026-08-04,MDB,MongoDB,"Senior Enterprise Account Executive, Growth",Sales Growth NAMER,St. Louis,demand_validated,senior,0,0,0,,160000,https://www.mongodb.com/careers/job/?gh_jid=8039113
2026-08-04,MDB,MongoDB,"Senior Enterprise Account Executive, Growth",Sales Growth NAMER,Austin; Dallas; Houston,demand_validated,senior,0,0,0,,160000,https://www.mongodb.com/careers/job/?gh_jid=7998023
2026-08-04,MDB,MongoDB,Senior/ Enterprise Account Executive - Strategic Account,Sales APAC (ASEAN),Singapore,demand_validated,senior,0,0,0,,,https://www.mongodb.com/careers/job/?gh_jid=7490900
2026-08-04,MDB,MongoDB,Senior Executive Assistant,Executive Support - Sales,Los Angeles; Palo Alto; San Francisco,other,senior,0,0,0,,100500,https://www.mongodb.com/careers/job/?gh_jid=8060719
2026-08-04,MDB,MongoDB,Senior Forward Deployed Engineer,Magenta,Tysons,demand_validated,senior,0,6,1,application,187000,https://www.mongodb.com/careers/job/?gh_jid=8094523
2026-08-04,MDB,MongoDB,Senior IT VIP Support Specialist,Global Enterprise Technology (GET),Palo Alto,nontech,senior,0,3,1,application,140000,https://www.mongodb.com/careers/job/?gh_jid=8046751
2026-08-04,MDB,MongoDB,"Senior Legal Counsel, Public Sector",Legal & Risk Mgmt,United States,nontech,senior,0,0,0,,207500,https://www.mongodb.com/careers/job/?gh_jid=7950376
2026-08-04,MDB,MongoDB,"Senior Manager, EMEA Payroll",Controllership,"Cork, Ireland; Dublin, Ireland",nontech,senior,0,0,0,,,https://www.mongodb.com/careers/job/?gh_jid=8003632
2026-08-04,MDB,MongoDB,"Senior Manager, Financial Planning & Analysis",FP&A - G&A & Corporate,Dublin,other,senior,0,0,0,,,https://www.mongodb.com/careers/job/?gh_jid=8072506
2026-08-04,MDB,MongoDB,"Senior Manager, Financial Planning & Analysis",FP&A - G&A & Corporate,Austin; New York City,other,senior,0,0,0,,149500,https://www.mongodb.com/careers/job/?gh_jid=8072504
2026-08-04,MDB,MongoDB,"Senior Manager, HR Compliance - Americas",Employee Experience AMER,United States,nontech,senior,0,0,0,,120500,https://www.mongodb.com/careers/job/?gh_jid=7835609
2026-08-04,MDB,MongoDB,"Senior Manager, Martech Transformation",Marketing Operations,"Cork, Ireland; Dublin, Ireland",other,senior,0,0,0,,,https://www.mongodb.com/careers/job/?gh_jid=7527949
2026-08-04,MDB,MongoDB,"Senior Manager (or Manager), Premium Services",Technical Support Premium Services,Palo Alto,other,senior,0,3,1,application,207500,https://www.mongodb.com/careers/job/?gh_jid=7983071
2026-08-04,MDB,MongoDB,"Senior Manager, Policy and Controls Governance","Assurance, Risk & Compliance",United States,other,senior,0,0,0,,169000,https://www.mongodb.com/careers/job/?gh_jid=8089892
2026-08-04,MDB,MongoDB,"Senior Manager, Revenue",Global Accounting ,Austin; New York City; Palo Alto,other,senior,0,0,0,,157500,https://www.mongodb.com/careers/job/?gh_jid=7736164
2026-08-04,MDB,MongoDB,"Senior Manager, Sales Operations",GTM Operations,"Dublin, Ireland",nontech,senior,0,0,0,,,https://www.mongodb.com/careers/job/?gh_jid=8056742
2026-08-04,MDB,MongoDB,"Senior Manager, Sales Plays & Offerings",Partner Enablement,United States,nontech,senior,0,0,0,,145500,https://www.mongodb.com/careers/job/?gh_jid=8077495
2026-08-04,MDB,MongoDB,"Senior Marketing Manager, U.S. Public Sector",Americas Marketing,United States,nontech,senior,0,0,0,,124500,https://www.mongodb.com/careers/job/?gh_jid=8035641
2026-08-04,MDB,MongoDB,Senior Partner Solutions Architect,"Solutions Consulting, Partners",São Paulo,demand_validated,senior,0,0,0,,,https://www.mongodb.com/careers/job/?gh_jid=7700740
2026-08-04,MDB,MongoDB,Senior Partner Solutions Architect,"Solutions Consulting, Partners",Atlanta; Austin; Dallas; Florida; Miami,demand_validated,senior,0,0,0,,154000,https://www.mongodb.com/careers/job/?gh_jid=7683484
2026-08-04,MDB,MongoDB,Senior Partner Solutions Architect,"Solutions Consulting, APAC",Sydney,demand_validated,senior,0,0,0,,,https://www.mongodb.com/careers/job/?gh_jid=7952245
2026-08-04,MDB,MongoDB,Senior Partner Solutions Architect,"Solutions Consulting, Partners",India,demand_validated,senior,0,6,1,application,,https://www.mongodb.com/careers/job/?gh_jid=7997737
2026-08-04,MDB,MongoDB,Senior Platform Engineer,Data & Platform,Gurugram,product_eng,senior,0,0,0,,,https://www.mongodb.com/careers/job/?gh_jid=7924987
2026-08-04,MDB,MongoDB,Senior Pre-Sales Solutions Architect,Solutions Consulting Scaled Services,Mexico City,demand_validated,senior,0,7,1,application|buzz,,https://www.mongodb.com/careers/job/?gh_jid=7719062
2026-08-04,MDB,MongoDB,Senior Pre-Sales Solutions Architect,Solutions Consulting Scaled Services,São Paulo,demand_validated,senior,0,7,1,application|buzz,,https://www.mongodb.com/careers/job/?gh_jid=7658084
2026-08-04,MDB,MongoDB,Senior Product Manager,Magenta,Gurugram,product_eng,senior,0,11,1,application|data_ml_ops|model_infra,,https://www.mongodb.com/careers/job/?gh_jid=7851080
2026-08-04,MDB,MongoDB,"Senior Product Manager, Post Sales",GTM Tech,Palo Alto,product_eng,senior,0,1,0,buzz,201000,https://www.mongodb.com/careers/job/?gh_jid=7975695
2026-08-04,MDB,MongoDB,"Senior Product Manager, Security and Threat Management",Identity and Access Management,Alberta; British Columbia; Ontario; Quebec; Toronto,product_eng,senior,0,0,0,,155000,https://www.mongodb.com/careers/job/?gh_jid=7523959
2026-08-04,MDB,MongoDB,"Senior Product Security Engineer, Server",Product Security,"Cork, Ireland",product_eng,senior,0,0,0,,,https://www.mongodb.com/careers/job/?gh_jid=7956226
2026-08-04,MDB,MongoDB,"Senior Product Security Engineer, Server",Product Security,"Dublin, Ireland",product_eng,senior,0,0,0,,,https://www.mongodb.com/careers/job/?gh_jid=7484909
2026-08-04,MDB,MongoDB,Senior Python Engineer,Database Experience,United States,product_eng,senior,0,9,1,application,187000,https://www.mongodb.com/careers/job/?gh_jid=7742875
2026-08-04,MDB,MongoDB,Senior Python Engineer,Database Experience,British Columbia; Ontario,product_eng,senior,0,9,1,application,163000,https://www.mongodb.com/careers/job/?gh_jid=7742877
2026-08-04,MDB,MongoDB,Senior Relationship Account Manager,Relationship Account Management,Austin; Boston; New York City,other,senior,0,0,0,,118997,https://www.mongodb.com/careers/job/?gh_jid=7803601
2026-08-04,MDB,MongoDB,Senior Relationship Account Manager,Relationship Account Management,Bengaluru; Gurugram,other,senior,0,0,0,,,https://www.mongodb.com/careers/job/?gh_jid=8083346
2026-08-04,MDB,MongoDB,Senior Research Scientist,Voyage AI Research,Palo Alto,research,senior,0,24,1,application|buzz|general_medium|model_infra,187000,https://www.mongodb.com/careers/job/?gh_jid=7891161
2026-08-04,MDB,MongoDB,Senior Salesforce Engineer,GTM Tech,New York City,product_eng,senior,0,4,1,application|buzz,174500,https://www.mongodb.com/careers/job/?gh_jid=7991447
2026-08-04,MDB,MongoDB,Senior Salesforce Engineer,GTM Tech,Gurugram,product_eng,senior,0,4,1,application|buzz,,https://www.mongodb.com/careers/job/?gh_jid=8018423
2026-08-04,MDB,MongoDB,Senior Site Reliability Engineer,Magenta,Gurugram,product_eng,senior,0,0,0,,,https://www.mongodb.com/careers/job/?gh_jid=8051379
2026-08-04,MDB,MongoDB,"Senior Site Reliability Engineer,  Fleet Management",Site Reliability Engineering,Austin; Boston; Chicago; Denver; Miami; New York City; San Francisco; Seattle; United States,product_eng,senior,0,0,0,,188000,https://www.mongodb.com/careers/job/?gh_jid=7727873
2026-08-04,MDB,MongoDB,"Senior Software Engineer, App Analysis & Modelling",App Modernization ENG,Sydney,product_eng,senior,0,12,1,application|buzz|general_medium,,https://www.mongodb.com/careers/job/?gh_jid=7523872
2026-08-04,MDB,MongoDB,"Senior Software Engineer, Application Migration",App Modernization ENG,Sydney,product_eng,senior,0,4,0,buzz|general_medium,,https://www.mongodb.com/careers/job/?gh_jid=7838287
2026-08-04,MDB,MongoDB,"Senior Software Engineer, Atlas API Experience",Atlas Core Data Services,Dublin,product_eng,senior,0,0,0,,,https://www.mongodb.com/careers/job/?gh_jid=8035228
2026-08-04,MDB,MongoDB,"Senior Software Engineer, Atlas Clusters",Atlas Core Data Services,Dublin,product_eng,senior,0,0,0,,,https://www.mongodb.com/careers/job/?gh_jid=7588895
2026-08-04,MDB,MongoDB,"Senior Software Engineer, Atlas Search Query",Atlas Search,San Francisco,product_eng,senior,0,3,1,application,187000,https://www.mongodb.com/careers/job/?gh_jid=7940512
2026-08-04,MDB,MongoDB,"Senior Software Engineer, C2C Services",Clusters & Interfaces,"Dublin, Ireland",product_eng,senior,0,0,0,,,https://www.mongodb.com/careers/job/?gh_jid=7378959
2026-08-04,MDB,MongoDB,"Senior Software Engineer, C2C Services",Clusters & Interfaces,"Cork, Ireland",product_eng,senior,0,0,0,,,https://www.mongodb.com/careers/job/?gh_jid=7960501
2026-08-04,MDB,MongoDB,"Senior Software Engineer, Forward Deployed AI Engineer",App Modernization PM,"Cork, Ireland; Dublin, Ireland",demand_validated,senior,1,1,0,buzz,,https://www.mongodb.com/careers/job/?gh_jid=7392902
2026-08-04,MDB,MongoDB,"Senior Software Engineer, Forward Deployed AI Engineer",App Modernization PM,Ireland,demand_validated,senior,1,1,0,buzz,,https://www.mongodb.com/careers/job/?gh_jid=7590735
2026-08-04,MDB,MongoDB,"Senior Software Engineer, Observability",Product & Technology,Dublin,product_eng,senior,0,0,0,,,https://www.mongodb.com/careers/job/?gh_jid=7695616
2026-08-04,MDB,MongoDB,"Senior Software Engineer, Public Backup",Durable TXs & Availability,New York City,product_eng,senior,0,0,0,,187000,https://www.mongodb.com/careers/job/?gh_jid=7975692
2026-08-04,MDB,MongoDB,"Senior Software Engineer, Query Execution",Query,Ireland,product_eng,senior,0,0,0,,,https://www.mongodb.com/careers/job/?gh_jid=8055471
2026-08-04,MDB,MongoDB,"Senior Software Engineer, Server Networking Security (Rust)",Clusters & Interfaces,"Cork, Ireland; Dublin, Ireland",product_eng,senior,0,0,0,,,https://www.mongodb.com/careers/job/?gh_jid=7653008
2026-08-04,MDB,MongoDB,"Senior Software Engineer, Server Security",Clusters & Interfaces,Toronto,product_eng,senior,0,0,0,,163000,https://www.mongodb.com/careers/job/?gh_jid=7815679
2026-08-04,MDB,MongoDB,"Senior Software Engineer, Server Security",Clusters & Interfaces,New York City,product_eng,senior,0,0,0,,187000,https://www.mongodb.com/careers/job/?gh_jid=7815677
2026-08-04,MDB,MongoDB,"Senior Software Engineer, Storage Layer Services",Durable TXs & Availability,New York City; United States,product_eng,senior,0,0,0,,187000,https://www.mongodb.com/careers/job/?gh_jid=7947560
2026-08-04,MDB,MongoDB,Senior Solutions Architect,"Solutions Consulting, APAC",Bengaluru,demand_validated,senior,0,7,1,application|buzz,,https://www.mongodb.com/careers/job/?gh_jid=8055422
2026-08-04,MDB,MongoDB,Senior Solutions Architect,"Solutions Consulting, APAC",Mumbai,demand_validated,senior,0,7,1,application|buzz,,https://www.mongodb.com/careers/job/?gh_jid=7621450
2026-08-04,MDB,MongoDB,Senior Solutions Architect,"Solutions Consulting, Growth EMEA",Paris,demand_validated,senior,0,7,1,application|buzz,,https://www.mongodb.com/careers/job/?gh_jid=7806547
2026-08-04,MDB,MongoDB,Senior Solutions Architect,Solutions Consulting,Amsterdam,demand_validated,senior,0,7,1,application|buzz,,https://www.mongodb.com/careers/job/?gh_jid=7560436
2026-08-04,MDB,MongoDB,Senior Solutions Architect,"Solutions Consulting, Growth EMEA",London,demand_validated,senior,0,7,1,application|buzz,,https://www.mongodb.com/careers/job/?gh_jid=7942609
2026-08-04,MDB,MongoDB,Senior Solutions Architect,"Solutions Consulting, APAC",Shenzhen,demand_validated,senior,0,7,1,application|buzz,,https://www.mongodb.com/careers/job/?gh_jid=7157100
2026-08-04,MDB,MongoDB,Senior Solutions Architect,"Solutions Consulting, Growth EMEA",Warsaw,demand_validated,senior,0,7,1,application|buzz,,https://www.mongodb.com/careers/job/?gh_jid=8053142
2026-08-04,MDB,MongoDB,Senior Solutions Architect (Pre-Sales),Solutions Consulting,Montreal; Toronto,demand_validated,senior,0,8,1,application|buzz,155000,https://www.mongodb.com/careers/job/?gh_jid=8054272
2026-08-04,MDB,MongoDB,Senior Solutions Architect (Pre-Sales),"Solutions Consulting, LATAM",São Paulo,demand_validated,senior,0,8,1,application|buzz,,https://www.mongodb.com/careers/job/?gh_jid=8050412
2026-08-04,MDB,MongoDB,Senior Solutions Architect (Thai Speaking),"Solutions Consulting, APAC",Singapore,demand_validated,senior,0,7,1,application|buzz,,https://www.mongodb.com/careers/job/?gh_jid=8012626
2026-08-04,MDB,MongoDB,"Senior Specialist 2, Revenue","Revenue, OTC & QTC",Gurugram,other,senior,0,0,0,,,https://www.mongodb.com/careers/job/?gh_jid=7736180
2026-08-04,MDB,MongoDB,"Senior Specialist 2, Tax",Tax & Treasury,Gurugram,other,senior,0,0,0,,,https://www.mongodb.com/careers/job/?gh_jid=7951947
2026-08-04,MDB,MongoDB,"Senior Specialist, Industry Solutions",Industry Solutions,Barcelona,other,senior,0,0,0,,,https://www.mongodb.com/careers/job/?gh_jid=8045879
2026-08-04,MDB,MongoDB,Senior Staff Engineer,Atlas Core Data Services,Dublin,product_eng,staff_principal,0,0,0,,,https://www.mongodb.com/careers/job/?gh_jid=7711840
2026-08-04,MDB,MongoDB,"Senior Staff Engineer, AMP",App Modernization ENG,California; Oregon; Washington,product_eng,staff_principal,0,2,0,buzz,287000,https://www.mongodb.com/careers/job/?gh_jid=7617019
2026-08-04,MDB,MongoDB,"Senior Staff Engineer, AMP",App Modernization ENG,British Columbia,product_eng,staff_principal,0,2,0,buzz,249500,https://www.mongodb.com/careers/job/?gh_jid=7678147
2026-08-04,MDB,MongoDB,"Senior Staff Enterprise Architect, Data",Enterprise Architecture,Palo Alto,product_eng,staff_principal,0,7,1,application|buzz,263000,https://www.mongodb.com/careers/job/?gh_jid=7644002
2026-08-04,MDB,MongoDB,"Senior Staff Product Manager, Query",Product Management,Alberta; British Columbia; Manitoba; Nova Scotia; Quebec,product_eng,staff_principal,0,3,1,application,206500,https://www.mongodb.com/careers/job/?gh_jid=8028593
2026-08-04,MDB,MongoDB,"Senior Staff Product Manager, Query",Product Management,United States,product_eng,staff_principal,0,3,1,application,274000,https://www.mongodb.com/careers/job/?gh_jid=7993419
2026-08-04,MDB,MongoDB,"Senior Staff Product Manager, Query",Product Management,Ontario,product_eng,staff_principal,0,3,1,application,206500,https://www.mongodb.com/careers/job/?gh_jid=8028587
2026-08-04,MDB,MongoDB,Senior Technical Product Marketing Manager,Product Marketing,United States,nontech,senior,0,13,1,application|buzz,137000,https://www.mongodb.com/careers/job/?gh_jid=7942539
2026-08-04,MDB,MongoDB,Senior Technical Program Manager Atlas Clusters,Atlas Core Data Services,"Cork, Ireland; Dublin, Ireland",other,senior,0,0,0,,,https://www.mongodb.com/careers/job/?gh_jid=7672303
2026-08-04,MDB,MongoDB,Senior Workplace Coordinator,Workplace,Austin,other,senior,0,0,0,,66500,https://www.mongodb.com/careers/job/?gh_jid=8075787
2026-08-04,MDB,MongoDB,Services Sales (Engagement Manager),PS Engagement Management,San Francisco,nontech,mid,0,0,0,,155500,https://www.mongodb.com/careers/job/?gh_jid=7599693
2026-08-04,MDB,MongoDB,Site Reliability Engineer 3,Site Reliability Engineering,New York City,product_eng,mid,0,0,0,,164500,https://www.mongodb.com/careers/job/?gh_jid=7821316
2026-08-04,MDB,MongoDB,"Site Reliability Engineering, Fabric (Mid, Senior, or Staff)",Site Reliability Engineering,Toronto; Vancouver,product_eng,staff_principal,0,0,0,,172000,https://www.mongodb.com/careers/job/?gh_jid=7727923
2026-08-04,MDB,MongoDB,"Site Reliability Engineering, Fabric (Mid, Senior, or Staff)",Site Reliability Engineering,United States,product_eng,staff_principal,0,0,0,,188000,https://www.mongodb.com/careers/job/?gh_jid=7727920
2026-08-04,MDB,MongoDB,"Site Reliability Engineer (Senior or Staff), Atlas",Site Reliability Engineering,Austin; Boston; Chicago; Miami; New York City; Philadelphia; Pittsburgh; Raleigh; United States; Washington DC,product_eng,staff_principal,0,0,0,,188000,https://www.mongodb.com/careers/job/?gh_jid=7727964
2026-08-04,MDB,MongoDB,"Site Reliability Engineer (Senior or Staff), Deployments",Site Reliability Engineering,Toronto,product_eng,staff_principal,0,0,0,,172000,https://www.mongodb.com/careers/job/?gh_jid=7727913
2026-08-04,MDB,MongoDB,"Site Reliability Engineer (Senior or Staff), Deployments",Site Reliability Engineering,Boston; Miami; New Jersey; New York City; Princeton; Raleigh; Washington DC,product_eng,staff_principal,0,0,0,,188000,https://www.mongodb.com/careers/job/?gh_jid=7727910
2026-08-04,MDB,MongoDB,"Site Reliability Engineer (Senior or Staff), Infrastructure Security",Site Reliability Engineering,Austin; New York City; San Francisco; Seattle; United States,product_eng,staff_principal,0,0,0,,188000,https://www.mongodb.com/careers/job/?gh_jid=7758610
2026-08-04,MDB,MongoDB,"Site Reliability Engineer (Senior or Staff), Storage Layer Services (SLS)",Site Reliability Engineering,Montreal; Toronto,product_eng,staff_principal,0,0,0,,172000,https://www.mongodb.com/careers/job/?gh_jid=7793634
2026-08-04,MDB,MongoDB,"Site Reliability Engineer (Senior or Staff), Storage Layer Services (SLS)",Site Reliability Engineering,Boston; Miami; New York City; Pittsburgh; Raleigh; United States,product_eng,staff_principal,0,0,0,,187000,https://www.mongodb.com/careers/job/?gh_jid=7743366
2026-08-04,MDB,MongoDB,"Site Reliability Engineer (Senior or Staff), Storage Layer Services (SLS) ",Site Reliability Engineering,"Cork, Ireland; Dublin, Ireland",product_eng,staff_principal,0,0,0,,,https://www.mongodb.com/careers/job/?gh_jid=6984814
2026-08-04,MDB,MongoDB,Software Engineer 2,Office of the CTO,Dublin,product_eng,mid,0,0,0,,,https://www.mongodb.com/careers/job/?gh_jid=7613695
2026-08-04,MDB,MongoDB,Software Engineer 3,Database Experience,Dublin,product_eng,mid,0,0,0,,,https://www.mongodb.com/careers/job/?gh_jid=7939397
2026-08-04,MDB,MongoDB,Software Engineer 3,Core Platforms,"Cork, Ireland; Dublin, Ireland",product_eng,mid,0,0,0,,,https://www.mongodb.com/careers/job/?gh_jid=7581876
2026-08-04,MDB,MongoDB,Software Engineer 3,Data & Platform,Gurugram,product_eng,mid,0,7,1,application|buzz,,https://www.mongodb.com/careers/job/?gh_jid=7908785
2026-08-04,MDB,MongoDB,Software Engineer 3,Query,"Cork, Ireland; Dublin, Ireland",product_eng,mid,0,0,0,,,https://www.mongodb.com/careers/job/?gh_jid=7859378
2026-08-04,MDB,MongoDB,Software Engineer 3,Website,Gurugram,product_eng,mid,0,1,0,buzz,,https://www.mongodb.com/careers/job/?gh_jid=8083366
2026-08-04,MDB,MongoDB,Software Engineer 3,Atlas Core Data Services,New York City,product_eng,mid,0,1,0,buzz,157500,https://www.mongodb.com/careers/job/?gh_jid=8083761
2026-08-04,MDB,MongoDB,Software Engineer 3,Durable TXs & Availability,Sydney,product_eng,mid,0,0,0,,,https://www.mongodb.com/careers/job/?gh_jid=7744404
2026-08-04,MDB,MongoDB,Software Engineer 3,Internal Engineering,Gurugram,product_eng,mid,0,0,0,,,https://www.mongodb.com/careers/job/?gh_jid=7993984
2026-08-04,MDB,MongoDB,Software Engineer 3,Stream Processing,New York City,product_eng,mid,0,0,0,,157500,https://www.mongodb.com/careers/job/?gh_jid=8015792
2026-08-04,MDB,MongoDB,"Software Engineer 3, App Analysis & Modelling",App Modernization ENG,Sydney,product_eng,mid,0,12,1,application|buzz|general_medium,,https://www.mongodb.com/careers/job/?gh_jid=7523878
2026-08-04,MDB,MongoDB,"Software Engineer 3, Atlas Growth 2",Observability & Adoption Engineering,"Cork, Ireland; Dublin, Ireland",product_eng,mid,0,2,0,general_medium,,https://www.mongodb.com/careers/job/?gh_jid=8064448
2026-08-04,MDB,MongoDB,"Software Engineer 3, Atlas Identity and Access Management",Identity and Access Management,New York City,product_eng,mid,0,0,0,,157500,https://www.mongodb.com/careers/job/?gh_jid=8069776
2026-08-04,MDB,MongoDB,"Software Engineer 3, Atlas Search Systems",Atlas Search,Toronto,product_eng,mid,0,3,1,application,128500,https://www.mongodb.com/careers/job/?gh_jid=7662950
2026-08-04,MDB,MongoDB,"Software Engineer 3, Atlas Search Systems",Atlas Search,San Francisco,product_eng,mid,0,4,1,application|buzz,165500,https://www.mongodb.com/careers/job/?gh_jid=7523920
2026-08-04,MDB,MongoDB,"Software Engineer 3, Atlas Vector Search",Atlas Search,San Francisco,product_eng,mid,0,3,1,application,157500,https://www.mongodb.com/careers/job/?gh_jid=7523911
2026-08-04,MDB,MongoDB,"Software Engineer 3, Documentation Platform",Observability & Adoption Engineering,Toronto,product_eng,mid,0,0,0,,,https://www.mongodb.com/careers/job/?gh_jid=8054993
2026-08-04,MDB,MongoDB,"Software Engineer 3, Documentation Platform",Observability & Adoption Engineering,New York City; Palo Alto; Seattle,product_eng,mid,0,0,0,,157500,https://www.mongodb.com/careers/job/?gh_jid=8054991
2026-08-04,MDB,MongoDB,"Software Engineer 3, Query Execution",Query,"Cork, Ireland; Dublin, Ireland",product_eng,mid,0,0,0,,,https://www.mongodb.com/careers/job/?gh_jid=7699932
2026-08-04,MDB,MongoDB,"Software Engineer 3, Query Integration",Query,Austin; New York; New York City; San Francisco; United States,product_eng,mid,0,3,1,application,157500,https://www.mongodb.com/careers/job/?gh_jid=8010102
2026-08-04,MDB,MongoDB,"Software Engineer 3, Search Systems Replication & Routing",Atlas Search,San Francisco,product_eng,mid,0,3,1,application,157500,https://www.mongodb.com/careers/job/?gh_jid=7235322
2026-08-04,MDB,MongoDB,"Software Engineer 3, Voyage Control Plane",Atlas Search,Palo Alto; Seattle,product_eng,mid,0,6,1,application|buzz|general_medium,157500,https://www.mongodb.com/careers/job/?gh_jid=8041664
2026-08-04,MDB,MongoDB,"Software Engineer, Code Generation",App Modernization ENG,California; Colorado; Montana; Nevada; New Mexico; Oregon; Utah; Washington,product_eng,mid,0,5,1,application|buzz,162000,https://www.mongodb.com/careers/job/?gh_jid=7311666
2026-08-04,MDB,MongoDB,"Software Engineer, Code Generation",App Modernization ENG,British Columbia; Calgary,product_eng,mid,0,5,1,application|buzz,128500,https://www.mongodb.com/careers/job/?gh_jid=7311708
2026-08-04,MDB,MongoDB,"Software Engineer, Data Migration",App Modernization ENG,California; Oregon; Washington,product_eng,mid,0,4,0,buzz|general_medium,157500,https://www.mongodb.com/careers/job/?gh_jid=7523834
2026-08-04,MDB,MongoDB,Solutions Architect,"Solutions Consulting, Growth EMEA",Berlin; Cologne; Frankfurt; Hamburg; Munich; Stuttgart,demand_validated,mid,0,7,1,application|buzz,,https://www.mongodb.com/careers/job/?gh_jid=8066544
2026-08-04,MDB,MongoDB,Solutions Architect,Solutions Consulting Scaled Services,Singapore,demand_validated,mid,0,7,1,application|buzz,,https://www.mongodb.com/careers/job/?gh_jid=7795864
2026-08-04,MDB,MongoDB,Solutions Architect,"Solutions Consulting, Growth EMEA",Germany,demand_validated,mid,0,7,1,application|buzz,,https://www.mongodb.com/careers/job/?gh_jid=8066560
2026-08-04,MDB,MongoDB,"Solutions Architect, German speaker",Solutions Consulting,Poland,demand_validated,mid,0,7,1,application|buzz,,https://www.mongodb.com/careers/job/?gh_jid=7557618
2026-08-04,MDB,MongoDB,Solutions Architect - Italian Speaker,Solutions Consulting,"Dublin, Ireland",demand_validated,mid,0,7,1,application|buzz,,https://www.mongodb.com/careers/job/?gh_jid=8077145
2026-08-04,MDB,MongoDB,"Specialist, Sales Compensation",Controllership,Gurugram,nontech,mid,0,0,0,,,https://www.mongodb.com/careers/job/?gh_jid=7558720
2026-08-04,MDB,MongoDB,"Specialist, Strategic Events Operations",Strategic Events,"Cork, Ireland; Dublin, Ireland",nontech,mid,0,0,0,,,https://www.mongodb.com/careers/job/?gh_jid=8025549
2026-08-04,MDB,MongoDB,"Sr. Director, IT Product Management – Post Sales and Partner Technology",GTM Tech,Palo Alto,nontech,director,0,12,1,application,249000,https://www.mongodb.com/careers/job/?gh_jid=8003065
2026-08-04,MDB,MongoDB,"Sr. Executive Assistant, Chief Legal Officer",Legal & Risk Mgmt,Palo Alto,nontech,exec,0,0,0,,100500,https://www.mongodb.com/careers/job/?gh_jid=7961719
2026-08-04,MDB,MongoDB,Sr Finance Systems Admin (L1 Support & Admin),FIN Tech,Gurugram,nontech,senior,0,0,0,,,https://www.mongodb.com/careers/job/?gh_jid=8017380
2026-08-04,MDB,MongoDB,Sr. Strategic Engagement Manager,"AMP, NA Delivery ",United States,other,senior,0,1,0,buzz,170500,https://www.mongodb.com/careers/job/?gh_jid=8071805
2026-08-04,MDB,MongoDB,"Sr. Technical Program Manager, FDE Engagements",Magenta,Mexico City,other,senior,0,6,1,application,,https://www.mongodb.com/careers/job/?gh_jid=8065459
2026-08-04,MDB,MongoDB,Staff Analyst,Analytics,Gurugram,other,staff_principal,0,1,0,buzz,,https://www.mongodb.com/careers/job/?gh_jid=8077182
2026-08-04,MDB,MongoDB,Staff Data Engineer,Data & Platform,Gurugram,product_eng,staff_principal,0,6,1,application,,https://www.mongodb.com/careers/job/?gh_jid=7858063
2026-08-04,MDB,MongoDB,Staff Engineer,Magenta,Gurugram,product_eng,staff_principal,0,0,0,,,https://www.mongodb.com/careers/job/?gh_jid=7590587
2026-08-04,MDB,MongoDB,Staff Engineer,Observability & Adoption Engineering,"Cork, Ireland",product_eng,staff_principal,0,0,0,,,https://www.mongodb.com/careers/job/?gh_jid=8045017
2026-08-04,MDB,MongoDB,Staff Engineer,Observability & Adoption Engineering,"Dublin, Ireland",product_eng,staff_principal,0,0,0,,,https://www.mongodb.com/careers/job/?gh_jid=7613562
2026-08-04,MDB,MongoDB,Staff Engineer,Atlas Core Data Services,Dublin,product_eng,staff_principal,0,0,0,,,https://www.mongodb.com/careers/job/?gh_jid=8003635
2026-08-04,MDB,MongoDB,"Staff Engineer, AMP",App Modernization ENG,Gurugram,product_eng,staff_principal,0,5,1,application|buzz,,https://www.mongodb.com/careers/job/?gh_jid=7583617
2026-08-04,MDB,MongoDB,"Staff Engineer, AMP",App Modernization ENG,India,product_eng,staff_principal,0,5,1,application|buzz,,https://www.mongodb.com/careers/job/?gh_jid=7773411
2026-08-04,MDB,MongoDB,Staff Engineer - Business Systems (Integrations),GTM Tech,Gurugram,product_eng,staff_principal,0,0,0,,,https://www.mongodb.com/careers/job/?gh_jid=7778981
2026-08-04,MDB,MongoDB,"Staff Engineer, Code Generation",Product & Technology,Alberta; British Columbia; Manitoba; Nova Scotia; Ontario; Quebec,product_eng,staff_principal,0,5,1,application|buzz,190000,https://www.mongodb.com/careers/job/?gh_jid=7210819
2026-08-04,MDB,MongoDB,"Staff Engineer, Code Generation",Product & Technology,United States,product_eng,staff_principal,0,5,1,application|buzz,203500,https://www.mongodb.com/careers/job/?gh_jid=7210817
2026-08-04,MDB,MongoDB,"Staff Engineer, Observability",Observability & Adoption Engineering,"Dublin, Ireland",product_eng,staff_principal,0,0,0,,,https://www.mongodb.com/careers/job/?gh_jid=7613587
2026-08-04,MDB,MongoDB,Staff Forward Deployed Engineer,Magenta,New York City,demand_validated,staff_principal,0,3,1,application,224000,https://www.mongodb.com/careers/job/?gh_jid=8089185
2026-08-04,MDB,MongoDB,Staff Product Manager - Internal AI,Internal AI,Palo Alto,product_eng,intern,1,4,1,application|buzz,243500,https://www.mongodb.com/careers/job/?gh_jid=7781724
2026-08-04,MDB,MongoDB,"Staff Product Manager, Security and Compliance (Public Sector)",Security Product Management,United States,product_eng,staff_principal,0,0,0,,224000,https://www.mongodb.com/careers/job/?gh_jid=8054250
2026-08-04,MDB,MongoDB,Staff Product Marketing Manager,Product Marketing,United States,nontech,staff_principal,0,3,1,application,154000,https://www.mongodb.com/careers/job/?gh_jid=8072861
2026-08-04,MDB,MongoDB,Staff Research Scientist,Voyage AI Research,Palo Alto,research,staff_principal,0,21,1,application|buzz|general_medium|model_infra,224000,https://www.mongodb.com/careers/job/?gh_jid=7956670
2026-08-04,MDB,MongoDB,Staff Site Reliability Engineer,Magenta,Bengaluru,product_eng,staff_principal,0,0,0,,,https://www.mongodb.com/careers/job/?gh_jid=8051387
2026-08-04,MDB,MongoDB,Staff Software Engineer - Query Execution,Query,United States,product_eng,staff_principal,0,3,1,application,224000,https://www.mongodb.com/careers/job/?gh_jid=7915330
2026-08-04,MDB,MongoDB,"Staff Software Engineer, Query (Optimization)",Query,United States,product_eng,staff_principal,0,0,0,,187000,https://www.mongodb.com/careers/job/?gh_jid=7602834
2026-08-04,MDB,MongoDB,"Staff Software Engineer, Query (Optimization)",Query,Alberta; British Columbia; Manitoba; Nova Scotia; Ontario; Quebec,product_eng,staff_principal,0,0,0,,190000,https://www.mongodb.com/careers/job/?gh_jid=7646261
2026-08-04,MDB,MongoDB,"Staff Software Engineer, Server Networking Security (Rust)",Clusters & Interfaces,"Cork, Ireland; Dublin, Ireland",product_eng,staff_principal,0,0,0,,,https://www.mongodb.com/careers/job/?gh_jid=7696228
2026-08-04,MDB,MongoDB,Staff Technical Program Manager,Observability & Adoption Engineering,"Dublin, Ireland",other,staff_principal,0,0,0,,,https://www.mongodb.com/careers/job/?gh_jid=8044870
2026-08-04,MDB,MongoDB,Staff Technical Program Manager,Atlas Core Data Services,"Cork, Ireland; Dublin, Ireland",other,staff_principal,0,0,0,,,https://www.mongodb.com/careers/job/?gh_jid=7465124
2026-08-04,MDB,MongoDB,"Staff Technical Program Manager, Site Reliability Engineering",Site Reliability Engineering,Atlanta; Boston; Florida; Georgia; Maine; Miami; New Hampshire; New Jersey; New York; New York City; Pennsylvania; Philadelphia; Pittsburgh; Raleigh; Vermont; Virginia; Washington DC,product_eng,staff_principal,0,0,0,,187000,https://www.mongodb.com/careers/job/?gh_jid=7555398
2026-08-04,MDB,MongoDB,"Staff Technical Program Manager, Site Reliability Engineering",Site Reliability Engineering,"Cork, Ireland; Dublin, Ireland; Ireland",product_eng,staff_principal,0,0,0,,,https://www.mongodb.com/careers/job/?gh_jid=7831454
2026-08-04,MDB,MongoDB,Startup & Venture Ecosystem Lead,Marketing Management,San Francisco,other,senior,0,0,0,,149500,https://www.mongodb.com/careers/job/?gh_jid=7779540
2026-08-04,MDB,MongoDB,Strategic Customer Success Manager - French Speaking,Customer Success EMEA,"Dublin, Ireland; Paris",demand_validated,mid,0,0,0,,,https://www.mongodb.com/careers/job/?gh_jid=8091796
2026-08-04,MDB,MongoDB,"Technical Director, Builder Relations",Developer Advocacy,India,other,director,0,0,0,,,https://www.mongodb.com/careers/job/?gh_jid=7993078
2026-08-04,MDB,MongoDB,Technical Lead Manager,Atlas Core Data Services,"Cork, Ireland",other,senior,0,0,0,,,https://www.mongodb.com/careers/job/?gh_jid=8045345
2026-08-04,MDB,MongoDB,Technical Lead Manager,Atlas Core Data Services,"Dublin, Ireland",other,senior,0,0,0,,,https://www.mongodb.com/careers/job/?gh_jid=7711876
2026-08-04,MDB,MongoDB,Technical Services Curriculum Engineer,Technical Support Operations,Vancouver,product_eng,mid,0,4,1,application|buzz,137500,https://www.mongodb.com/careers/job/?gh_jid=7968777
2026-08-04,MDB,MongoDB,Technical Services Engineer,Technical Support EMEA,Dublin,product_eng,mid,0,0,0,,,https://www.mongodb.com/careers/job/?gh_jid=7948529
2026-08-04,MDB,MongoDB,Technical Services Engineer,Technical Support APAC,Kuala Lumpur,product_eng,mid,0,0,0,,,https://www.mongodb.com/careers/job/?gh_jid=7919314
2026-08-04,MDB,MongoDB,Technical Services Engineer,Technical Support APAC,Kuala Lumpur,product_eng,mid,0,0,0,,,https://www.mongodb.com/careers/job/?gh_jid=7919311
2026-08-04,MDB,MongoDB,Technical Services Engineer,Technical Support APAC,Bengaluru,product_eng,mid,0,0,0,,,https://www.mongodb.com/careers/job/?gh_jid=8007613
2026-08-04,MDB,MongoDB,Technical Services Engineer,Technical Support APAC,Sydney,product_eng,mid,0,9,1,application,,https://www.mongodb.com/careers/job/?gh_jid=8070880
2026-08-04,MDB,MongoDB,Technical Services Engineer,Technical Support EMEA,Dublin,product_eng,mid,0,3,1,application,,https://www.mongodb.com/careers/job/?gh_jid=8043909
2026-08-04,MDB,MongoDB,Technical Services Engineer,Technical Support AMER,Palo Alto,product_eng,mid,0,3,1,application,133000,https://www.mongodb.com/careers/job/?gh_jid=8065812
2026-08-04,MDB,MongoDB,"Technical Services Engineer, 1st shift (Weekend)",Technical Support AMER Public Sector,United States,product_eng,mid,0,0,0,,133000,https://www.mongodb.com/careers/job/?gh_jid=8030936
2026-08-04,MDB,MongoDB,"Technical Services Engineer, 2nd Shift",Technical Support AMER Public Sector,California; Hawaii; Nevada; Oregon; Washington,product_eng,mid,0,0,0,,133000,https://www.mongodb.com/careers/job/?gh_jid=7665958
2026-08-04,MDB,MongoDB,"Technical Services Engineer, Infrastructure - Weekend",Technical Support AMER,Palo Alto,product_eng,mid,0,3,1,application,133000,https://www.mongodb.com/careers/job/?gh_jid=7460019
2026-08-04,MDB,MongoDB,"Technical Services Engineer, Named Accounts",Technical Support Premium Services,Palo Alto; San Francisco,product_eng,mid,0,0,0,,133000,https://www.mongodb.com/careers/job/?gh_jid=8041641
2026-08-04,MDB,MongoDB,Technical Services Engineer - Partners,Technical Support Partners & Migrations,"Dublin, Ireland",product_eng,mid,0,1,0,buzz,,https://www.mongodb.com/careers/job/?gh_jid=8053152
2026-08-04,MDB,MongoDB,"Technical Services Engineer, Partners",Technical Support Partners & Migrations,Bengaluru,product_eng,mid,0,0,0,,,https://www.mongodb.com/careers/job/?gh_jid=7957794
2026-08-04,MDB,MongoDB,"Vice President, Solutions Architecture - EMEA","Solutions Consulting, Leadership",Dublin; London,demand_validated,exec,0,0,0,,,https://www.mongodb.com/careers/job/?gh_jid=8056751
2026-08-04,MDB,MongoDB,"VP, AI Marketing Strategy",Marketing Management,Palo Alto; San Francisco,nontech,exec,1,6,1,application,215000,https://www.mongodb.com/careers/job/?gh_jid=8072839
2026-08-04,MDB,MongoDB,"VP, Global Specialist Sales",Sales Growth NAMER,Austin; New York City; Palo Alto; San Francisco,nontech,exec,0,12,1,application,270000,https://www.mongodb.com/careers/job/?gh_jid=8077553
2026-08-04,MDB,MongoDB,"VP, Modernization Services","AMP, NA Delivery ",United States,other,exec,0,1,0,buzz,289500,https://www.mongodb.com/careers/job/?gh_jid=7993342
2026-08-04,ESTC,Elastic,"ABM Manager, Global Public Sector",Product Marketing,United States,other,mid,0,0,0,,154800,https://jobs.elastic.co/jobs?gh_jid=7968189&gh_jid=7968189
2026-08-04,ESTC,Elastic,"ABM Regional Manager, AMER",Regional Marketing - AMER,United States,other,mid,0,0,0,,154800,https://jobs.elastic.co/jobs?gh_jid=8001092&gh_jid=8001092
2026-08-04,ESTC,Elastic,Account Executive (Czech Republic),Sales - EMEA - Emerging,Poland,demand_validated,mid,0,1,0,buzz,,https://jobs.elastic.co/jobs?gh_jid=8047185&gh_jid=8047185
2026-08-04,ESTC,Elastic,Account Executive Public Sector,Sales - EMEA - North,Belgium,demand_validated,mid,0,1,0,buzz,,https://jobs.elastic.co/jobs?gh_jid=7768040&gh_jid=7768040
2026-08-04,ESTC,Elastic,Agentic AI Engineer,IT,United States,product_eng,mid,1,22,1,application|buzz|model_infra,136750,https://jobs.elastic.co/jobs?gh_jid=8079636&gh_jid=8079636
2026-08-04,ESTC,Elastic,AI Security - Principal Security Research Engineer I,Security - Protections,United States,research,staff_principal,1,4,1,application|buzz,231650,https://jobs.elastic.co/jobs?gh_jid=8079640&gh_jid=8079640
2026-08-04,ESTC,Elastic,Associate Creative Director, Brand and Creative,United States,other,director,0,1,0,buzz,185750,https://jobs.elastic.co/jobs?gh_jid=8035673&gh_jid=8035673
2026-08-04,ESTC,Elastic,AWS Alliance Director — EMEA,Partners - EMEA,United Kingdom,other,director,0,3,1,application,,https://jobs.elastic.co/jobs?gh_jid=8090553&gh_jid=8090553
2026-08-04,ESTC,Elastic,Business Strategy Developer - International,Field Leadership,The Netherlands,product_eng,intern,0,0,0,,,https://jobs.elastic.co/jobs?gh_jid=8023745&gh_jid=8023745
2026-08-04,ESTC,Elastic,Business Strategy Developer - International,Field Leadership,Spain,product_eng,intern,0,0,0,,,https://jobs.elastic.co/jobs?gh_jid=8050495&gh_jid=8050495
2026-08-04,ESTC,Elastic,Business Strategy Developer - International,Field Leadership,United Kingdom,product_eng,intern,0,0,0,,,https://jobs.elastic.co/jobs?gh_jid=8050499&gh_jid=8050499
2026-08-04,ESTC,Elastic,Business Strategy Developer - International,Field Leadership,Germany,product_eng,intern,0,0,0,,,https://jobs.elastic.co/jobs?gh_jid=8050489&gh_jid=8050489
2026-08-04,ESTC,Elastic,"Channel and Alliances Manager - Austin, TX",Partners - AMER,United States,other,mid,0,0,0,,120400,https://jobs.elastic.co/jobs?gh_jid=8079441&gh_jid=8079441
2026-08-04,ESTC,Elastic,Channel and Alliances Manager - Brazil,Partners - AMER,Brazil,other,mid,0,0,0,,,https://jobs.elastic.co/jobs?gh_jid=8079448&gh_jid=8079448
2026-08-04,ESTC,Elastic,Channel and Alliances Manager - Canada,Partners - AMER,Canada,other,mid,0,0,0,,125700,https://jobs.elastic.co/jobs?gh_jid=8079412&gh_jid=8079412
2026-08-04,ESTC,Elastic,Cloud Billing Associate,Accounting,"Bangalore, India",other,mid,0,0,0,,,https://jobs.elastic.co/jobs?gh_jid=7991494&gh_jid=7991494
2026-08-04,ESTC,Elastic,Content Producer,Content Marketing,Canada,other,mid,0,4,1,application|buzz,88050,https://jobs.elastic.co/jobs?gh_jid=8078791&gh_jid=8078791
2026-08-04,ESTC,Elastic,"Corporate Counsel - Legal Product, IP, and Marketing",Legal - Corporate,United States,nontech,mid,0,1,0,buzz,154750,https://jobs.elastic.co/jobs?gh_jid=8093273&gh_jid=8093273
2026-08-04,ESTC,Elastic,Customer Architect,Customer Architects - EMEA,"Barcelona, Spain",product_eng,mid,0,0,0,,,https://jobs.elastic.co/jobs?gh_jid=8059843&gh_jid=8059843
2026-08-04,ESTC,Elastic,Customer Architect - EMEA Central ,Customer Architects - EMEA,Germany,product_eng,mid,0,0,0,,,https://jobs.elastic.co/jobs?gh_jid=7798319&gh_jid=7798319
2026-08-04,ESTC,Elastic,Deal Desk Analyst (EMEA),Deal Desk,Spain,other,mid,0,0,0,,,https://jobs.elastic.co/jobs?gh_jid=8037181&gh_jid=8037181
2026-08-04,ESTC,Elastic,Delivery Manager,Consulting - AMER,Brazil,other,mid,0,0,0,,164100,https://jobs.elastic.co/jobs?gh_jid=8001576&gh_jid=8001576
2026-08-04,ESTC,Elastic,"Director, Solutions Architecture (Technical Sales)",SA - AMER - Strategic,United States,demand_validated,director,0,0,0,,216650,https://jobs.elastic.co/jobs?gh_jid=7972639&gh_jid=7972639
2026-08-04,ESTC,Elastic,Elastic Consultant - Public Sector ,Consulting - EMEA,Germany,other,mid,0,0,0,,,https://jobs.elastic.co/jobs?gh_jid=8045331&gh_jid=8045331
2026-08-04,ESTC,Elastic,Enterprise Account Executive,Sales - EMEA - Emerging,"Dubai, United Arab Emirates",demand_validated,mid,0,1,0,buzz,,https://jobs.elastic.co/jobs?gh_jid=8059520&gh_jid=8059520
2026-08-04,ESTC,Elastic,Enterprise Account Executive,Sales - EMEA - UKI,United Kingdom,demand_validated,mid,0,1,0,buzz,,https://jobs.elastic.co/jobs?gh_jid=8035004&gh_jid=8035004
2026-08-04,ESTC,Elastic,Enterprise Account Executive (FSI) - Mumbai,Sales - APJ - India,"Mumbai, India",demand_validated,mid,0,0,0,,,https://jobs.elastic.co/jobs?gh_jid=7821378&gh_jid=7821378
2026-08-04,ESTC,Elastic,Enterprise Account Executive - FSI Strategic Accounts,Sales - AMER LATAM,Brazil,demand_validated,mid,0,0,0,,,https://jobs.elastic.co/jobs?gh_jid=8080867&gh_jid=8080867
2026-08-04,ESTC,Elastic,"Enterprise Account Executive, Malaysia",Sales - APJ - ASEAN,Singapore,demand_validated,mid,0,1,0,buzz,,https://jobs.elastic.co/jobs?gh_jid=7957677&gh_jid=7957677
2026-08-04,ESTC,Elastic,Enterprise Account Executive - Midwest,Sales - AMER East,"Chicago, IL",demand_validated,mid,0,0,0,,196550,https://jobs.elastic.co/jobs?gh_jid=8065886&gh_jid=8065886
2026-08-04,ESTC,Elastic,Enterprise Account Executive Retail Market,Sales - APJ - Japan,"Tokyo, Japan",demand_validated,mid,0,1,0,buzz,,https://jobs.elastic.co/jobs?gh_jid=7882324&gh_jid=7882324
2026-08-04,ESTC,Elastic,FedCiv Account Executive - Dept of Treasury ,Sales - USPS CIV,"Arlington, VA",demand_validated,mid,0,1,0,buzz,235750,https://jobs.elastic.co/jobs?gh_jid=7802531&gh_jid=7802531
2026-08-04,ESTC,Elastic,FedCiv Account Executive - Financial Regulatory & SSA,Sales - USPS CIV,United States,demand_validated,mid,0,0,0,,196550,https://jobs.elastic.co/jobs?gh_jid=8089209&gh_jid=8089209
2026-08-04,ESTC,Elastic,Federal Account Executive -  Dept of Commerce,Sales - USPS CIV,"Arlington, VA",demand_validated,mid,0,1,0,buzz,235750,https://jobs.elastic.co/jobs?gh_jid=7812397&gh_jid=7812397
2026-08-04,ESTC,Elastic,Federal Account Executive - NIH / CDC,Sales - USPS CIV,"Arlington, VA",demand_validated,mid,0,1,0,buzz,235750,https://jobs.elastic.co/jobs?gh_jid=7769639&gh_jid=7769639
2026-08-04,ESTC,Elastic,"Federal Account Executive - UN, World Bank, NARA",Sales - USPS CIV,"Arlington, VA",demand_validated,mid,0,1,0,buzz,235750,https://jobs.elastic.co/jobs?gh_jid=7769649&gh_jid=7769649
2026-08-04,ESTC,Elastic,"Federal Sales Development Representative - Arlington, VA ",SDR - USPS,"Arlington, VA",nontech,mid,0,0,0,,67700,https://jobs.elastic.co/jobs?gh_jid=8065898&gh_jid=8065898
2026-08-04,ESTC,Elastic,Financial Planning and Analysis Manager -Professional Services and Partner Support ,Finance Team,United States,demand_validated,mid,0,0,0,,154800,https://jobs.elastic.co/jobs?gh_jid=8068807&gh_jid=8068807
2026-08-04,ESTC,Elastic,Fullstack Software Engineer II - Admin UX - Platform Applications,Platform - Application Experience,United States,product_eng,mid,0,0,0,,160450,https://jobs.elastic.co/jobs?gh_jid=8077634&gh_jid=8077634
2026-08-04,ESTC,Elastic,German Commercial Counsel,Legal - Commercial,Germany,nontech,mid,0,0,0,,,https://jobs.elastic.co/jobs?gh_jid=8028548&gh_jid=8028548
2026-08-04,ESTC,Elastic,"Global PR Director, US ",Corporate Communications,United States,other,director,0,0,0,,232250,https://jobs.elastic.co/jobs?gh_jid=7885940&gh_jid=7885940
2026-08-04,ESTC,Elastic,"Help Desk Operations Manager, Partner Revenue Strategy & Operations",Sales Strategy & Operations,India,nontech,mid,0,0,0,,,https://jobs.elastic.co/jobs?gh_jid=8059813&gh_jid=8059813
2026-08-04,ESTC,Elastic,Inside Account Executive (Arabic & French speaking),Sales - EMEA - Emerging,"Barcelona, Spain",demand_validated,mid,0,0,0,,,https://jobs.elastic.co/jobs?gh_jid=8067205&gh_jid=8067205
2026-08-04,ESTC,Elastic,Inside Account Executive (French speaking),Sales - EMEA - North,"Barcelona, Spain",demand_validated,mid,0,0,0,,,https://jobs.elastic.co/jobs?gh_jid=8067200&gh_jid=8067200
2026-08-04,ESTC,Elastic,Inside Account Executive (Hunter),Sales - AMER General Business,"New York City, NY",demand_validated,mid,0,0,0,,136400,https://jobs.elastic.co/jobs?gh_jid=7997314&gh_jid=7997314
2026-08-04,ESTC,Elastic,Inside Account Executive (Hunter),Sales - AMER General Business,"Arlington, VA",demand_validated,mid,0,0,0,,136400,https://jobs.elastic.co/jobs?gh_jid=7993839&gh_jid=7993839
2026-08-04,ESTC,Elastic,Inside Account Executive (Hunter),Sales - AMER General Business,"Austin, TX",demand_validated,mid,0,0,0,,136400,https://jobs.elastic.co/jobs?gh_jid=7997315&gh_jid=7997315
2026-08-04,ESTC,Elastic,Inside Account Executive - UKI (English speaking),Sales - EMEA - UKI,"Barcelona, Spain",demand_validated,mid,0,0,0,,,https://jobs.elastic.co/jobs?gh_jid=8091978&gh_jid=8091978
2026-08-04,ESTC,Elastic,Inside Channel & Alliances Representative - Federal Civilian,Partners - USPS,United States,other,mid,0,0,0,,120400,https://jobs.elastic.co/jobs?gh_jid=8089274&gh_jid=8089274
2026-08-04,ESTC,Elastic,Inside Channel & Alliances Representative - National Security,Partners - USPS,United States,other,mid,0,0,0,,120400,https://jobs.elastic.co/jobs?gh_jid=8089245&gh_jid=8089245
2026-08-04,ESTC,Elastic,Inside Channel & Alliances Representative - Public Sector East,Partners - USPS,United States,other,mid,0,0,0,,120400,https://jobs.elastic.co/jobs?gh_jid=8089240&gh_jid=8089240
2026-08-04,ESTC,Elastic,Inside Channel & Alliances Representative - Public Sector West,Partners - USPS,United States,other,mid,0,0,0,,120400,https://jobs.elastic.co/jobs?gh_jid=8089242&gh_jid=8089242
2026-08-04,ESTC,Elastic,International Revenue Strategy & Operations Manager,Sales Strategy & Operations,Singapore,nontech,intern,0,0,0,,,https://jobs.elastic.co/jobs?gh_jid=8045062&gh_jid=8045062
2026-08-04,ESTC,Elastic,Legal Ops/Trade Compliance Coordinator,Legal - Corporate,"Bangalore, India",nontech,mid,0,0,0,,,https://jobs.elastic.co/jobs?gh_jid=8027434&gh_jid=8027434
2026-08-04,ESTC,Elastic,Lifecycle Marketing Manager - Self Service Cloud,Web and Localization,Canada,nontech,mid,0,0,0,,123200,https://jobs.elastic.co/jobs?gh_jid=8002710&gh_jid=8002710
2026-08-04,ESTC,Elastic,Lifecycle Marketing Manager - Self Service Cloud,Web and Localization,United Kingdom,nontech,mid,0,0,0,,,https://jobs.elastic.co/jobs?gh_jid=8022946&gh_jid=8022946
2026-08-04,ESTC,Elastic,Lifecycle Marketing Manager - Self Service Cloud,Web and Localization,Ireland,nontech,mid,0,0,0,,,https://jobs.elastic.co/jobs?gh_jid=8022947&gh_jid=8022947
2026-08-04,ESTC,Elastic,macOS / Container Security - Senior Security Research Engineer,Security - Protections,United States,research,senior,0,0,0,,,https://jobs.elastic.co/jobs?gh_jid=8079634&gh_jid=8079634
2026-08-04,ESTC,Elastic,"Manager, Global Events (AMER)",Global Events,United States,other,mid,0,0,0,,154800,https://jobs.elastic.co/jobs?gh_jid=8042302&gh_jid=8042302
2026-08-04,ESTC,Elastic,"Marketing Program Manager, France",Regional Marketing - EMEA,"Paris, France",nontech,mid,0,0,0,,,https://jobs.elastic.co/jobs?gh_jid=8089443&gh_jid=8089443
2026-08-04,ESTC,Elastic,Mid Market Account Executive,Sales - EMEA - Emerging,Saudi Arabia,demand_validated,mid,0,1,0,buzz,,https://jobs.elastic.co/jobs?gh_jid=7061643&gh_jid=7061643
2026-08-04,ESTC,Elastic,Mid Market Account Executive,Sales - EMEA - Emerging,Saudi Arabia,demand_validated,mid,0,1,0,buzz,,https://jobs.elastic.co/jobs?gh_jid=7578418&gh_jid=7578418
2026-08-04,ESTC,Elastic,Mid-Market Account Executive,Sales - EMEA - Central,Germany,demand_validated,mid,0,1,0,buzz,,https://jobs.elastic.co/jobs?gh_jid=7995012&gh_jid=7995012
2026-08-04,ESTC,Elastic,Mid Market Account Executive - Bay Area,Sales - AMER MidMarket,"San Francisco, CA",demand_validated,mid,0,1,0,buzz,196550,https://jobs.elastic.co/jobs?gh_jid=8048350&gh_jid=8048350
2026-08-04,ESTC,Elastic,Mid-Market Account Executive - Expand - Bay Area,Sales - AMER West,"San Francisco, CA",demand_validated,mid,0,0,0,,196550,https://jobs.elastic.co/jobs?gh_jid=8054612&gh_jid=8054612
2026-08-04,ESTC,Elastic,Mid Market Account Executive - Indonesia,Sales - APJ - ASEAN,Singapore,demand_validated,mid,0,1,0,buzz,,https://jobs.elastic.co/jobs?gh_jid=8092159&gh_jid=8092159
2026-08-04,ESTC,Elastic,Mid Market Account Executive (New Logo),Sales - EMEA - UKI,United Kingdom,demand_validated,mid,0,0,0,,,https://jobs.elastic.co/jobs?gh_jid=7764822&gh_jid=7764822
2026-08-04,ESTC,Elastic,"Mid Market Account Executive, Pursuit",Sales - AMER MidMarket,United States,demand_validated,mid,0,0,0,,163750,https://jobs.elastic.co/jobs?gh_jid=8048319&gh_jid=8048319
2026-08-04,ESTC,Elastic,Mid-Market Account Executive - Pursuit/Hunter (Northeast),Sales - AMER MidMarket,"New York, United States",demand_validated,mid,0,0,0,,196550,https://jobs.elastic.co/jobs?gh_jid=8048317&gh_jid=8048317
2026-08-04,ESTC,Elastic,Mid-Market Account Executive - Pursuit/Hunter (Southeast),Sales - AMER MidMarket,"Florida, United States",demand_validated,mid,0,0,0,,196550,https://jobs.elastic.co/jobs?gh_jid=8080011&gh_jid=8080011
2026-08-04,ESTC,Elastic,Okta Identity Engineer,IT,United States,product_eng,mid,0,1,0,buzz,136750,https://jobs.elastic.co/jobs?gh_jid=8093275&gh_jid=8093275
2026-08-04,ESTC,Elastic,Paid Social Analyst,Campaigns and Digital Marketing,Costa Rica,other,mid,0,0,0,,,https://jobs.elastic.co/jobs?gh_jid=8065315&gh_jid=8065315
2026-08-04,ESTC,Elastic,Partner Solution Architect - LATAM (Portuguese/Spanish/English-speaking),SA - Partner SA - AMER,Mexico,product_eng,mid,0,18,1,application,,https://jobs.elastic.co/jobs?gh_jid=8080862&gh_jid=8080862
2026-08-04,ESTC,Elastic,Partner Solutions Architect,SA - Partner SA - AMER,"Colorado, United States",demand_validated,mid,0,18,1,application,144450,https://jobs.elastic.co/jobs?gh_jid=8080876&gh_jid=8080876
2026-08-04,ESTC,Elastic,Platform Engineer - Kubernetes,IT,United States,product_eng,mid,0,0,0,,136750,https://jobs.elastic.co/jobs?gh_jid=8047349&gh_jid=8047349
2026-08-04,ESTC,Elastic,Principal AI Ecosystem Architect - OpenAI/Anthropic,SA - Partner SA - AMER,"San Francisco, CA",product_eng,staff_principal,1,7,1,application|buzz,237800,https://jobs.elastic.co/jobs?gh_jid=8047165&gh_jid=8047165
2026-08-04,ESTC,Elastic,Principal AI Ecosystem Architect - OpenAI/Anthropic,SA - Partner SA - AMER,"Washington, United States",product_eng,staff_principal,1,7,1,application|buzz,237800,https://jobs.elastic.co/jobs?gh_jid=8065489&gh_jid=8065489
2026-08-04,ESTC,Elastic,"Principal Java Developer - Distributed Systems, Serverless - Elasticsearch",Platform - Elasticsearch,Canada,product_eng,staff_principal,0,0,0,,165650,https://jobs.elastic.co/jobs?gh_jid=7982102&gh_jid=7982102
2026-08-04,ESTC,Elastic,"Principal Java Engineer - Distributed Systems, Serverless - Elasticsearch",Platform - Elasticsearch,United States,product_eng,staff_principal,0,0,0,,193000,https://jobs.elastic.co/jobs?gh_jid=7982100&gh_jid=7982100
2026-08-04,ESTC,Elastic,"Principal Java Engineer - Distributed Systems, Serverless - Elasticsearch",Platform - Elasticsearch,Romania,product_eng,staff_principal,0,0,0,,,https://jobs.elastic.co/jobs?gh_jid=8002561&gh_jid=8002561
2026-08-04,ESTC,Elastic,"Principal Java Engineer - Distributed Systems, Serverless - Elasticsearch",Platform - Elasticsearch,Portugal,product_eng,staff_principal,0,0,0,,,https://jobs.elastic.co/jobs?gh_jid=8002560&gh_jid=8002560
2026-08-04,ESTC,Elastic,"Principal Java Engineer - Distributed Systems, Serverless - Elasticsearch",Platform - Elasticsearch,Norway,product_eng,staff_principal,0,0,0,,,https://jobs.elastic.co/jobs?gh_jid=8002559&gh_jid=8002559
2026-08-04,ESTC,Elastic,"Principal Java Engineer - Distributed Systems, Serverless - Elasticsearch",Platform - Elasticsearch,Ireland,product_eng,staff_principal,0,0,0,,,https://jobs.elastic.co/jobs?gh_jid=8002558&gh_jid=8002558
2026-08-04,ESTC,Elastic,"Principal Java Engineer - Distributed Systems, Serverless - Elasticsearch",Platform - Elasticsearch,Greece,product_eng,staff_principal,0,0,0,,,https://jobs.elastic.co/jobs?gh_jid=8002555&gh_jid=8002555
2026-08-04,ESTC,Elastic,"Principal Java Engineer - Distributed Systems, Serverless - Elasticsearch",Platform - Elasticsearch,Spain,product_eng,staff_principal,0,0,0,,,https://jobs.elastic.co/jobs?gh_jid=8002562&gh_jid=8002562
2026-08-04,ESTC,Elastic,Principal Product Manager Agents and Context - Elasticsearch,Enterprise Search - Product Management,United States,product_eng,staff_principal,0,15,1,application,231650,https://jobs.elastic.co/jobs?gh_jid=7602101&gh_jid=7602101
2026-08-04,ESTC,Elastic,Principal Product Manager Agents and Context - Elasticsearch,Enterprise Search - Product Management,Canada,product_eng,staff_principal,0,15,1,application,198800,https://jobs.elastic.co/jobs?gh_jid=8070011&gh_jid=8070011
2026-08-04,ESTC,Elastic,Principal Search Consulting Architect,Consulting - AMER,United States,product_eng,staff_principal,0,19,1,application|buzz|general_medium,231650,https://jobs.elastic.co/jobs?gh_jid=7988387&gh_jid=7988387
2026-08-04,ESTC,Elastic,Principal Search Consulting Architect,Consulting - AMER,Brazil,product_eng,staff_principal,0,19,1,application|buzz|general_medium,,https://jobs.elastic.co/jobs?gh_jid=7991482&gh_jid=7991482
2026-08-04,ESTC,Elastic,Principal Security ML Research Engineer,Security - Protections,United States,research,staff_principal,1,23,1,application|buzz|general_medium|model_infra,,https://jobs.elastic.co/jobs?gh_jid=8079632&gh_jid=8079632
2026-08-04,ESTC,Elastic,Principal Software Developer - Security - Elasticsearch,Platform - Data and Compute,Canada,product_eng,staff_principal,0,0,0,,198800,https://jobs.elastic.co/jobs?gh_jid=8082617&gh_jid=8082617
2026-08-04,ESTC,Elastic,Principal Software Developer - Storage Engine - Elasticsearch,Platform - Elasticsearch,Canada,product_eng,staff_principal,0,3,1,application,198800,https://jobs.elastic.co/jobs?gh_jid=8074820&gh_jid=8074820
2026-08-04,ESTC,Elastic,Principal Software Engineer - Relevance in ES|QL - Elasticsearch,Platform - Elasticsearch,United States,product_eng,staff_principal,0,3,1,application,231650,https://jobs.elastic.co/jobs?gh_jid=8066479&gh_jid=8066479
2026-08-04,ESTC,Elastic,Principal Software Engineer - Relevance in ES|QL - Elasticsearch,Platform - Elasticsearch,United Kingdom,product_eng,staff_principal,0,3,1,application,,https://jobs.elastic.co/jobs?gh_jid=8098418&gh_jid=8098418
2026-08-04,ESTC,Elastic,Principal Software Engineer - Relevance in ES|QL - Elasticsearch,Platform - Elasticsearch,Greece,product_eng,staff_principal,0,3,1,application,,https://jobs.elastic.co/jobs?gh_jid=8098422&gh_jid=8098422
2026-08-04,ESTC,Elastic,Principal Software Engineer - Relevance in ES|QL - Elasticsearch,Platform - Elasticsearch,Canada,product_eng,staff_principal,0,3,1,application,198800,https://jobs.elastic.co/jobs?gh_jid=8098417&gh_jid=8098417
2026-08-04,ESTC,Elastic,Principal Software Engineer - Relevance in ES|QL - Elasticsearch,Platform - Elasticsearch,Spain,product_eng,staff_principal,0,3,1,application,,https://jobs.elastic.co/jobs?gh_jid=8098420&gh_jid=8098420
2026-08-04,ESTC,Elastic,Principal Software Engineer  - Search Infra - Elasticsearch - ,Platform - Elasticsearch,United States,product_eng,staff_principal,0,0,0,,231650,https://jobs.elastic.co/jobs?gh_jid=8067100&gh_jid=8067100
2026-08-04,ESTC,Elastic,Principal Software Engineer - Search Infra - Elasticsearch,Platform - Elasticsearch,Ireland,product_eng,staff_principal,0,0,0,,,https://jobs.elastic.co/jobs?gh_jid=8020854&gh_jid=8020854
2026-08-04,ESTC,Elastic,Principal Software Engineer - Search Infra - Elasticsearch,Platform - Elasticsearch,Spain,product_eng,staff_principal,0,0,0,,,https://jobs.elastic.co/jobs?gh_jid=8020857&gh_jid=8020857
2026-08-04,ESTC,Elastic,Principal Software Engineer - Search Infra - Elasticsearch,Platform - Elasticsearch,Canada,product_eng,staff_principal,0,0,0,,198800,https://jobs.elastic.co/jobs?gh_jid=8067101&gh_jid=8067101
2026-08-04,ESTC,Elastic,Principal Software Engineer - Search Infra - Elasticsearch,Platform - Elasticsearch,Greece,product_eng,staff_principal,0,0,0,,,https://jobs.elastic.co/jobs?gh_jid=8020864&gh_jid=8020864
2026-08-04,ESTC,Elastic,Principal Software Engineer - Security - Elasticsearch,Platform - Data and Compute,United States,product_eng,staff_principal,0,0,0,,231650,https://jobs.elastic.co/jobs?gh_jid=8082612&gh_jid=8082612
2026-08-04,ESTC,Elastic,Principal Software Engineer - Storage Engine - Elasticsearch,Platform - Elasticsearch,United States,product_eng,staff_principal,0,3,1,application,231650,https://jobs.elastic.co/jobs?gh_jid=8074819&gh_jid=8074819
2026-08-04,ESTC,Elastic,Principal Software Engineer - Vector Search - Elasticsearch,Platform - Elasticsearch,Greece,product_eng,staff_principal,0,3,1,application,,https://jobs.elastic.co/jobs?gh_jid=8020845&gh_jid=8020845
2026-08-04,ESTC,Elastic,Principal Software Engineer - Vector Search - Elasticsearch,Platform - Elasticsearch,United States,product_eng,staff_principal,0,3,1,application,231650,https://jobs.elastic.co/jobs?gh_jid=7843348&gh_jid=7843348
2026-08-04,ESTC,Elastic,Principal Software Engineer - Vector Search - Elasticsearch,Platform - Elasticsearch,Canada,product_eng,staff_principal,0,3,1,application,198800,https://jobs.elastic.co/jobs?gh_jid=7903238&gh_jid=7903238
2026-08-04,ESTC,Elastic,Principal Software Engineer - Vector Search - Elasticsearch,Platform - Elasticsearch,Ireland,product_eng,staff_principal,0,3,1,application,,https://jobs.elastic.co/jobs?gh_jid=8020842&gh_jid=8020842
2026-08-04,ESTC,Elastic,Principal Software Engineer - Vector Search - Elasticsearch,Platform - Elasticsearch,Spain,product_eng,staff_principal,0,3,1,application,,https://jobs.elastic.co/jobs?gh_jid=8020844&gh_jid=8020844
2026-08-04,ESTC,Elastic,"Principal Solutions Architect, Security Specialist",SA - AMER - SIEM,Brazil,demand_validated,staff_principal,0,0,0,,,https://jobs.elastic.co/jobs?gh_jid=8011801&gh_jid=8011801
2026-08-04,ESTC,Elastic,"Principal Solutions Architect, Security Specialist",SA - AMER - SIEM,Mexico,demand_validated,staff_principal,0,0,0,,,https://jobs.elastic.co/jobs?gh_jid=8040943&gh_jid=8040943
2026-08-04,ESTC,Elastic,Procurement Operations Manager,Strategic Sourcing,"Bangalore, India",nontech,mid,0,3,1,application,,https://jobs.elastic.co/jobs?gh_jid=8028992&gh_jid=8028992
2026-08-04,ESTC,Elastic,"Program Manager, Revenue Journey Office",Sales Strategy & Operations,United States,nontech,mid,0,0,0,,164100,https://jobs.elastic.co/jobs?gh_jid=8068467&gh_jid=8068467
2026-08-04,ESTC,Elastic,"Program Manager, Revenue Journey Office",Sales Strategy & Operations,United States,nontech,mid,0,0,0,,154800,https://jobs.elastic.co/jobs?gh_jid=8047187&gh_jid=8047187
2026-08-04,ESTC,Elastic,Public Sector Account Executive (DWP) ,Sales - Public Sector - UKI,United Kingdom,demand_validated,mid,0,0,0,,,https://jobs.elastic.co/jobs?gh_jid=7728182&gh_jid=7728182
2026-08-04,ESTC,Elastic,Public Sector Account Executive (Education),Sales - Public Sector - UKI,"London, United Kingdom",demand_validated,mid,0,1,0,buzz,,https://jobs.elastic.co/jobs?gh_jid=8045325&gh_jid=8045325
2026-08-04,ESTC,Elastic,Public Sector Account Executive (NHS),Sales - Public Sector - UKI,United Kingdom,demand_validated,mid,0,1,0,buzz,,https://jobs.elastic.co/jobs?gh_jid=8026177&gh_jid=8026177
2026-08-04,ESTC,Elastic,Public Sector Account Executive - SLED Tennessee / Mississippi,Sales - USPS SLED,"Tennessee, United States",demand_validated,mid,0,1,0,buzz,235750,https://jobs.elastic.co/jobs?gh_jid=8080858&gh_jid=8080858
2026-08-04,ESTC,Elastic,Public Sector Marketing Manager (SLED),Regional Marketing - USPS,United States,nontech,mid,0,0,0,,154800,https://jobs.elastic.co/jobs?gh_jid=8044137&gh_jid=8044137
2026-08-04,ESTC,Elastic,Public Sector Partner Manager,Sales - Public Sector - UKI,United Kingdom,other,mid,0,0,0,,,https://jobs.elastic.co/jobs?gh_jid=8026175&gh_jid=8026175
2026-08-04,ESTC,Elastic,Regional Vice President ,Sales - EMEA - UKI,"London, United Kingdom",other,exec,0,0,0,,,https://jobs.elastic.co/jobs?gh_jid=8103077&gh_jid=8103077
2026-08-04,ESTC,Elastic,Regional Vice President - Enterprise Expand East,Sales - AMER East,"New Jersey, United States",other,exec,0,0,0,,280550,https://jobs.elastic.co/jobs?gh_jid=8008459&gh_jid=8008459
2026-08-04,ESTC,Elastic,Regional Vice President - West,Sales - AMER West,"San Francisco, CA",other,exec,0,0,0,,280550,https://jobs.elastic.co/jobs?gh_jid=8084261&gh_jid=8084261
2026-08-04,ESTC,Elastic,Revenue Analyst,Accounting,"Bangalore, India",other,mid,0,0,0,,,https://jobs.elastic.co/jobs?gh_jid=8054405&gh_jid=8054405
2026-08-04,ESTC,Elastic,Revenue Manager,Accounting,"Bangalore, India",other,mid,0,0,0,,,https://jobs.elastic.co/jobs?gh_jid=8041466&gh_jid=8041466
2026-08-04,ESTC,Elastic,"RFP Proposal Analyst, AMER",Renewals -  AMER,United States,other,mid,0,0,0,,89600,https://jobs.elastic.co/jobs?gh_jid=8092122&gh_jid=8092122
2026-08-04,ESTC,Elastic,RVP - Search ,Sales - AMER - Security Specialists,United States,other,mid,0,5,1,application|buzz,224450,https://jobs.elastic.co/jobs?gh_jid=8068060&gh_jid=8068060
2026-08-04,ESTC,Elastic,Sales Compensation Manager,Accounting,Costa Rica,nontech,mid,0,0,0,,,https://jobs.elastic.co/jobs?gh_jid=8031519&gh_jid=8031519
2026-08-04,ESTC,Elastic,Sales Development Representative - Barcelona (Hybrid),0000: Pipeline,"Barcelona, Spain",nontech,mid,0,1,0,buzz,,https://jobs.elastic.co/jobs?gh_jid=8055111&gh_jid=8055111
2026-08-04,ESTC,Elastic,"Sales Development Representative Emerging Talent - Austin, TX On-Site",SDR - AMER,"Austin, TX",nontech,mid,0,0,0,,67700,https://jobs.elastic.co/jobs?gh_jid=6907907&gh_jid=6907907
2026-08-04,ESTC,Elastic,Sales Development Representative UK&I (English speaking),SDR - EMEA,"Barcelona, Spain",nontech,mid,0,1,0,buzz,,https://jobs.elastic.co/jobs?gh_jid=8035491&gh_jid=8035491
2026-08-04,ESTC,Elastic,Sales Sector Lead - Public Sector,Sales - Public Sector - UKI,United Kingdom,nontech,senior,0,0,0,,,https://jobs.elastic.co/jobs?gh_jid=8026173&gh_jid=8026173
2026-08-04,ESTC,Elastic,Sales Strategy & Operations Specialist,Sales Strategy & Operations,"Barcelona, Spain",nontech,mid,0,0,0,,,https://jobs.elastic.co/jobs?gh_jid=8046246&gh_jid=8046246
2026-08-04,ESTC,Elastic,Senior Account Executive | Canada Ministry of National Defence,Sales - USPS DOD,Canada,demand_validated,senior,0,0,0,,,https://jobs.elastic.co/jobs?gh_jid=7866561&gh_jid=7866561
2026-08-04,ESTC,Elastic,"Senior Analyst, Business Transformation Office",Sales Strategy & Operations,United States,nontech,senior,0,0,0,,129000,https://jobs.elastic.co/jobs?gh_jid=8047191&gh_jid=8047191
2026-08-04,ESTC,Elastic,"Senior Analyst, Sales Strategy & Operations - Public Sector",Sales Strategy & Operations,"London, United Kingdom",nontech,senior,0,0,0,,,https://jobs.elastic.co/jobs?gh_jid=8053074&gh_jid=8053074
2026-08-04,ESTC,Elastic,Senior Customer Architect,Customer Architects - EMEA,Belgium,product_eng,senior,0,0,0,,,https://jobs.elastic.co/jobs?gh_jid=8088272&gh_jid=8088272
2026-08-04,ESTC,Elastic,Senior Go To Market Recruiter,Recruiters,United Kingdom,nontech,senior,0,0,0,,,https://jobs.elastic.co/jobs?gh_jid=8009973&gh_jid=8009973
2026-08-04,ESTC,Elastic,Senior Information Security Engineer - Security Architecture - InfoSec,InfoSec,United States,product_eng,senior,0,0,0,,193000,https://jobs.elastic.co/jobs?gh_jid=8066505&gh_jid=8066505
2026-08-04,ESTC,Elastic,Senior Java Developer - Core/Infra - Elasticsearch,Platform - Elasticsearch,Canada,product_eng,senior,0,3,1,application,165650,https://jobs.elastic.co/jobs?gh_jid=8074285&gh_jid=8074285
2026-08-04,ESTC,Elastic,"Senior Java Developer - Distributed Systems, Serverless - Elasticsearch",Platform - Elasticsearch,Canada,product_eng,senior,0,0,0,,165650,https://jobs.elastic.co/jobs?gh_jid=7734579&gh_jid=7734579
2026-08-04,ESTC,Elastic,Senior Java Engineer - Core/Infra - Elasticsearch,Platform - Elasticsearch,United States,product_eng,senior,0,3,1,application,193000,https://jobs.elastic.co/jobs?gh_jid=8053886&gh_jid=8053886
2026-08-04,ESTC,Elastic,"Senior Java Engineer - Distributed Systems, Serverless - Elasticsearch",Platform - Elasticsearch,Norway,product_eng,senior,0,0,0,,,https://jobs.elastic.co/jobs?gh_jid=8001189&gh_jid=8001189
2026-08-04,ESTC,Elastic,"Senior Java Engineer - Distributed Systems, Serverless - Elasticsearch",Platform - Elasticsearch,Portugal,product_eng,senior,0,0,0,,,https://jobs.elastic.co/jobs?gh_jid=8001190&gh_jid=8001190
2026-08-04,ESTC,Elastic,"Senior Java Engineer - Distributed Systems, Serverless - Elasticsearch",Platform - Elasticsearch,Romania,product_eng,senior,0,0,0,,,https://jobs.elastic.co/jobs?gh_jid=8001191&gh_jid=8001191
2026-08-04,ESTC,Elastic,"Senior Java Engineer - Distributed Systems, Serverless - Elasticsearch",Platform - Elasticsearch,Spain,product_eng,senior,0,0,0,,,https://jobs.elastic.co/jobs?gh_jid=8001192&gh_jid=8001192
2026-08-04,ESTC,Elastic,"Senior Java Engineer - Distributed Systems, Serverless - Elasticsearch",Platform - Elasticsearch,United States,product_eng,senior,0,0,0,,193000,https://jobs.elastic.co/jobs?gh_jid=7734567&gh_jid=7734567
2026-08-04,ESTC,Elastic,"Senior Java Engineer - Distributed Systems, Serverless - Elasticsearch",Platform - Elasticsearch,Greece,product_eng,senior,0,0,0,,,https://jobs.elastic.co/jobs?gh_jid=8001166&gh_jid=8001166
2026-08-04,ESTC,Elastic,"Senior Java Engineer - Distributed Systems, Serverless - Elasticsearch",Platform - Elasticsearch,Ireland,product_eng,senior,0,0,0,,,https://jobs.elastic.co/jobs?gh_jid=8001186&gh_jid=8001186
2026-08-04,ESTC,Elastic,"Senior Lead, Cloud Billing Operations",Accounting,"Bangalore, India",nontech,senior,0,0,0,,,https://jobs.elastic.co/jobs?gh_jid=8030473&gh_jid=8030473
2026-08-04,ESTC,Elastic,"Senior Manager, Finance Transformation (Cloud & Marketplaces)",Data Mgmt & Finance Operations,Costa Rica,nontech,senior,0,0,0,,,https://jobs.elastic.co/jobs?gh_jid=8080932&gh_jid=8080932
2026-08-04,ESTC,Elastic,Senior Mid Market Account Executive,Sales - EMEA - UKI,United Kingdom,demand_validated,senior,0,1,0,buzz,,https://jobs.elastic.co/jobs?gh_jid=7988380&gh_jid=7988380
2026-08-04,ESTC,Elastic,Senior Partner Manager ANZ,Partners - APJ,"Sydney, Australia",other,senior,0,0,0,,,https://jobs.elastic.co/jobs?gh_jid=7732514&gh_jid=7732514
2026-08-04,ESTC,Elastic,"Senior Partner Manager, Korea",Partners - APJ,South Korea,other,senior,0,0,0,,,https://jobs.elastic.co/jobs?gh_jid=7995010&gh_jid=7995010
2026-08-04,ESTC,Elastic,Senior Partner Solutions Architect ,SA - Partner SA - EMEA,France,demand_validated,senior,0,11,1,application|general_medium,,https://jobs.elastic.co/jobs?gh_jid=7995008&gh_jid=7995008
2026-08-04,ESTC,Elastic,"Senior Product Manager, Control Plane - Platform",Platform - Data and Compute,United States,product_eng,senior,0,0,0,,193000,https://jobs.elastic.co/jobs?gh_jid=8088818&gh_jid=8088818
2026-08-04,ESTC,Elastic,"Senior Product Manager, Control Plane - Platform",Platform - Data and Compute,Canada,product_eng,senior,0,0,0,,165650,https://jobs.elastic.co/jobs?gh_jid=8093933&gh_jid=8093933
2026-08-04,ESTC,Elastic,"Senior Product Manager, Logs - Observability",Obs - Application Observability,Spain,product_eng,senior,0,4,1,application|buzz,,https://jobs.elastic.co/jobs?gh_jid=8066508&gh_jid=8066508
2026-08-04,ESTC,Elastic,"Senior Product Manager, Logs - Observability",Obs - Application Observability,Portugal,product_eng,senior,0,4,1,application|buzz,,https://jobs.elastic.co/jobs?gh_jid=8066512&gh_jid=8066512
2026-08-04,ESTC,Elastic,"Senior Product Manager, Logs - Observability",Obs - Application Observability,Ireland,product_eng,senior,0,4,1,application|buzz,,https://jobs.elastic.co/jobs?gh_jid=8066516&gh_jid=8066516
2026-08-04,ESTC,Elastic,"Senior Product Manager, Logs - Observability",Obs - Application Observability,Canada,product_eng,senior,0,4,1,application|buzz,165650,https://jobs.elastic.co/jobs?gh_jid=8066646&gh_jid=8066646
2026-08-04,ESTC,Elastic,"Senior Product Manager, Logs - Observability",Obs - Application Observability,United States,product_eng,senior,0,4,1,application|buzz,193000,https://jobs.elastic.co/jobs?gh_jid=8053907&gh_jid=8053907
2026-08-04,ESTC,Elastic,"Senior Product Manager, Logs - Observability",Obs - Application Observability,Greece,product_eng,senior,0,4,1,application|buzz,,https://jobs.elastic.co/jobs?gh_jid=8066510&gh_jid=8066510
2026-08-04,ESTC,Elastic,Senior Product Manager - Self service cloud,SSC,Greece,product_eng,senior,0,0,0,,,https://jobs.elastic.co/jobs?gh_jid=8041202&gh_jid=8041202
2026-08-04,ESTC,Elastic,Senior Product Manager - Self service cloud,SSC,Norway,product_eng,senior,0,0,0,,,https://jobs.elastic.co/jobs?gh_jid=8041211&gh_jid=8041211
2026-08-04,ESTC,Elastic,Senior Product Manager - Self service cloud,SSC,Hungary,product_eng,senior,0,0,0,,,https://jobs.elastic.co/jobs?gh_jid=8041209&gh_jid=8041209
2026-08-04,ESTC,Elastic,Senior Product Manager - Self service cloud,SSC,Portugal,product_eng,senior,0,0,0,,,https://jobs.elastic.co/jobs?gh_jid=8041208&gh_jid=8041208
2026-08-04,ESTC,Elastic,Senior Product Manager - Self service cloud,SSC,Ireland,product_eng,senior,0,0,0,,,https://jobs.elastic.co/jobs?gh_jid=8041203&gh_jid=8041203
2026-08-04,ESTC,Elastic,Senior Product Manager - Self service cloud,SSC,Spain,product_eng,senior,0,0,0,,,https://jobs.elastic.co/jobs?gh_jid=8028261&gh_jid=8028261
2026-08-04,ESTC,Elastic,"Senior Program Manager, Revenue Operations",Sales Strategy & Operations,Canada,nontech,senior,0,0,0,,142800,https://jobs.elastic.co/jobs?gh_jid=8047231&gh_jid=8047231
2026-08-04,ESTC,Elastic,Senior Software Developer - Security - Elasticsearch,Platform - Data and Compute,Canada,product_eng,senior,0,0,0,,165650,https://jobs.elastic.co/jobs?gh_jid=8082602&gh_jid=8082602
2026-08-04,ESTC,Elastic,Senior Software Developer - Storage Engine - Elasticsearch,Platform - Elasticsearch,Canada,product_eng,senior,0,3,1,application,165650,https://jobs.elastic.co/jobs?gh_jid=8074844&gh_jid=8074844
2026-08-04,ESTC,Elastic,Senior Software Engineer - Search Relevance in ES|QL - Elasticsearch,Platform - Elasticsearch,Switzerland,product_eng,senior,0,3,1,application,,https://jobs.elastic.co/jobs?gh_jid=8091748&gh_jid=8091748
2026-08-04,ESTC,Elastic,Senior Software Engineer - Search Relevance in ES|QL - Elasticsearch,Platform - Elasticsearch,Ireland,product_eng,senior,0,3,1,application,,https://jobs.elastic.co/jobs?gh_jid=8091613&gh_jid=8091613
2026-08-04,ESTC,Elastic,Senior Software Engineer - Search Relevance in ES|QL - Elasticsearch,Platform - Elasticsearch,Greece,product_eng,senior,0,3,1,application,,https://jobs.elastic.co/jobs?gh_jid=8091674&gh_jid=8091674
2026-08-04,ESTC,Elastic,Senior Software Engineer - Search Relevance in ES|QL - Elasticsearch,Platform - Elasticsearch,United States,product_eng,senior,0,3,1,application,193000,https://jobs.elastic.co/jobs?gh_jid=8066481&gh_jid=8066481
2026-08-04,ESTC,Elastic,Senior Software Engineer - Search Relevance in ES|QL - Elasticsearch,Platform - Elasticsearch,Canada,product_eng,senior,0,3,1,application,165650,https://jobs.elastic.co/jobs?gh_jid=8091367&gh_jid=8091367
2026-08-04,ESTC,Elastic,Senior Software Engineer - Search Relevance in ES|QL - Elasticsearch,Platform - Elasticsearch,United Kingdom,product_eng,senior,0,3,1,application,,https://jobs.elastic.co/jobs?gh_jid=8091449&gh_jid=8091449
2026-08-04,ESTC,Elastic,Senior Software Engineer - Search Relevance in ES|QL - Elasticsearch,Platform - Elasticsearch,Spain,product_eng,senior,0,3,1,application,,https://jobs.elastic.co/jobs?gh_jid=8091526&gh_jid=8091526
2026-08-04,ESTC,Elastic,Senior Software Engineer - Security - Elasticsearch,Platform - Data and Compute,United States,product_eng,senior,0,0,0,,193000,https://jobs.elastic.co/jobs?gh_jid=8082598&gh_jid=8082598
2026-08-04,ESTC,Elastic,Senior Software Engineer - Storage Engine - Elasticsearch,Platform - Elasticsearch,Spain,product_eng,senior,0,3,1,application,,https://jobs.elastic.co/jobs?gh_jid=8074855&gh_jid=8074855
2026-08-04,ESTC,Elastic,Senior Software Engineer - Storage Engine - Elasticsearch,Platform - Elasticsearch,United States,product_eng,senior,0,3,1,application,193000,https://jobs.elastic.co/jobs?gh_jid=8066491&gh_jid=8066491
2026-08-04,ESTC,Elastic,Senior Software Engineer - Storage Engine - Elasticsearch,Platform - Elasticsearch,Greece,product_eng,senior,0,3,1,application,,https://jobs.elastic.co/jobs?gh_jid=8074886&gh_jid=8074886
2026-08-04,ESTC,Elastic,Senior Software Engineer - Storage Engine - Elasticsearch,Platform - Elasticsearch,Portugal,product_eng,senior,0,3,1,application,,https://jobs.elastic.co/jobs?gh_jid=8074889&gh_jid=8074889
2026-08-04,ESTC,Elastic,Senior Software Engineer - Storage Engine - Elasticsearch,Platform - Elasticsearch,Romania,product_eng,senior,0,3,1,application,,https://jobs.elastic.co/jobs?gh_jid=8074894&gh_jid=8074894
2026-08-04,ESTC,Elastic,Senior Software Engineer - Storage Engine - Elasticsearch,Platform - Elasticsearch,Norway,product_eng,senior,0,3,1,application,,https://jobs.elastic.co/jobs?gh_jid=8074895&gh_jid=8074895
2026-08-04,ESTC,Elastic,Senior Software Engineer - Storage Engine - Elasticsearch,Platform - Elasticsearch,Ireland,product_eng,senior,0,3,1,application,,https://jobs.elastic.co/jobs?gh_jid=8074854&gh_jid=8074854
2026-08-04,ESTC,Elastic,Senior Solution Architect,SA - EMEA - North,Denmark,product_eng,senior,0,0,0,,,https://jobs.elastic.co/jobs?gh_jid=7817941&gh_jid=7817941
2026-08-04,ESTC,Elastic,"Senior Solution Architect, Mumbai",SA - APJ - India,"Mumbai, India",product_eng,senior,0,0,0,,,https://jobs.elastic.co/jobs?gh_jid=7817945&gh_jid=7817945
2026-08-04,ESTC,Elastic,Senior Solution Architect (Pre-sales),SA - EMEA - UKI,"London, United Kingdom",demand_validated,senior,0,0,0,,,https://jobs.elastic.co/jobs?gh_jid=7960049&gh_jid=7960049
2026-08-04,ESTC,Elastic,Senior Solution Architect - Public Sector,SA - EMEA - North,The Netherlands,product_eng,senior,0,0,0,,,https://jobs.elastic.co/jobs?gh_jid=7811848&gh_jid=7811848
2026-08-04,ESTC,Elastic,"Senior Solution Architect, Thailand",SA - APJ - ASEAN,Singapore,product_eng,senior,0,0,0,,,https://jobs.elastic.co/jobs?gh_jid=7817931&gh_jid=7817931
2026-08-04,ESTC,Elastic,Senior Solutions Architect - Federal Civilian,SA - USPS - Management and Support,"Arlington, VA",demand_validated,senior,0,0,0,,144450,https://jobs.elastic.co/jobs?gh_jid=8068023&gh_jid=8068023
2026-08-04,ESTC,Elastic,Senior Solutions Architect (NATO),SA - EMEA - UKI,Belgium,demand_validated,senior,0,0,0,,,https://jobs.elastic.co/jobs?gh_jid=7349982&gh_jid=7349982
2026-08-04,ESTC,Elastic,Senior Solutions Architect - Public Sector,SA - EMEA - North,Belgium,demand_validated,senior,0,0,0,,,https://jobs.elastic.co/jobs?gh_jid=7635520&gh_jid=7635520
2026-08-04,ESTC,Elastic,Senior Solutions Architect - Security Specialist,SA - EMEA - SIEM,Germany,demand_validated,senior,0,1,0,buzz,,https://jobs.elastic.co/jobs?gh_jid=7995039&gh_jid=7995039
2026-08-04,ESTC,Elastic,Senior Solutions Architect - SLED,SA - USPS SLED,"Massachusetts, United States",demand_validated,senior,0,0,0,,144450,https://jobs.elastic.co/jobs?gh_jid=7747631&gh_jid=7747631
2026-08-04,ESTC,Elastic,Senior Solutions Architect - SLED,SA - USPS SLED,"New York, United States",demand_validated,senior,0,0,0,,144450,https://jobs.elastic.co/jobs?gh_jid=7747112&gh_jid=7747112
2026-08-04,ESTC,Elastic,Senior Value Engineer,Sales Enablement,Germany,product_eng,senior,0,0,0,,,https://jobs.elastic.co/jobs?gh_jid=8092029&gh_jid=8092029
2026-08-04,ESTC,Elastic,Software Engineer II - Full Stack - Web Engineering,Web and Localization,Greece,product_eng,mid,0,0,0,,,https://jobs.elastic.co/jobs?gh_jid=8080264&gh_jid=8080264
2026-08-04,ESTC,Elastic,Software Engineer II - Full Stack - Web Engineering,Web and Localization,Ireland,product_eng,mid,0,0,0,,,https://jobs.elastic.co/jobs?gh_jid=8097064&gh_jid=8097064
2026-08-04,ESTC,Elastic,Software Engineer II - Full Stack - Web Engineering,Web and Localization,Portugal,product_eng,mid,0,0,0,,,https://jobs.elastic.co/jobs?gh_jid=8080260&gh_jid=8080260
2026-08-04,ESTC,Elastic,Software Engineer II - Full Stack - Web Engineering,Web and Localization,Spain,product_eng,mid,0,0,0,,,https://jobs.elastic.co/jobs?gh_jid=8080263&gh_jid=8080263
2026-08-04,ESTC,Elastic,Solution Architect (Pre-sales),SA - EMEA - North,"Barcelona, Spain",demand_validated,mid,0,0,0,,,https://jobs.elastic.co/jobs?gh_jid=7811850&gh_jid=7811850
2026-08-04,ESTC,Elastic,Solutions Architect,SA - AMER - Canada,"Toronto, Canada",demand_validated,mid,0,0,0,,150900,https://jobs.elastic.co/jobs?gh_jid=8011777&gh_jid=8011777
2026-08-04,ESTC,Elastic,"Solutions Architect -  General Business, East (Presales)",SA - AMER - General Business,"Georgia, United States",demand_validated,mid,0,0,0,,120400,https://jobs.elastic.co/jobs?gh_jid=7939709&gh_jid=7939709
2026-08-04,ESTC,Elastic,"Solutions Architect - General Business, East (Presales)",SA - AMER - General Business,"Texas, United States",demand_validated,mid,0,0,0,,120400,https://jobs.elastic.co/jobs?gh_jid=7944199&gh_jid=7944199
2026-08-04,ESTC,Elastic,Solutions Architect - PreSales ,SA - EMEA - Central,Germany,demand_validated,mid,0,0,0,,,https://jobs.elastic.co/jobs?gh_jid=8035002&gh_jid=8035002
2026-08-04,ESTC,Elastic,"Sr Analyst, FP&A",Finance Team,"Bangalore, India",other,senior,0,1,0,buzz,,https://jobs.elastic.co/jobs?gh_jid=8034945&gh_jid=8034945
2026-08-04,ESTC,Elastic,Sr Analyst Indirect tax,Accounting,"Bangalore, India",other,senior,0,0,0,,,https://jobs.elastic.co/jobs?gh_jid=8031516&gh_jid=8031516
2026-08-04,ESTC,Elastic,"Sr. Director, Enablement, Strategy & Partner Operations",Sales Strategy & Operations,United States,nontech,director,0,0,0,,290300,https://jobs.elastic.co/jobs?gh_jid=8068458&gh_jid=8068458
2026-08-04,ESTC,Elastic,"Sr. Director, Field Technology and AI",Sales Strategy & Operations,United States,other,director,1,16,1,application|buzz,307650,https://jobs.elastic.co/jobs?gh_jid=7954418&gh_jid=7954418
2026-08-04,ESTC,Elastic,"Sr. Director, Global Public Sector Marketing",Regional Marketing - USPS,United States,nontech,director,0,1,0,buzz,290300,https://jobs.elastic.co/jobs?gh_jid=8013219&gh_jid=8013219
2026-08-04,ESTC,Elastic,"Sr. Manager, ABM (Team Lead)",Regional Marketing - AMER,United States,other,senior,0,0,0,,154800,https://jobs.elastic.co/jobs?gh_jid=8067211&gh_jid=8067211
2026-08-04,ESTC,Elastic,"Sr. Manager, ABM (Team Lead)",Regional Marketing - AMER,Canada,other,senior,0,0,0,,123200,https://jobs.elastic.co/jobs?gh_jid=8009085&gh_jid=8009085
2026-08-04,ESTC,Elastic,"Sr. Solutions Architect - Enterprise Expand, West Coast (Presales)",SA - AMER - Enterprise West,"California, United States",demand_validated,senior,0,0,0,,144450,https://jobs.elastic.co/jobs?gh_jid=7663327&gh_jid=7663327
2026-08-04,ESTC,Elastic,Tax Manager,Accounting,United States,other,mid,0,0,0,,154800,https://jobs.elastic.co/jobs?gh_jid=7789289&gh_jid=7789289
2026-08-04,ESTC,Elastic,Tax Manager (EMEA & APJ) ,Accounting,The Netherlands,other,mid,0,0,0,,,https://jobs.elastic.co/jobs?gh_jid=8002122&gh_jid=8002122
2026-08-04,ESTC,Elastic,Tax Manager (EMEA & APJ) ,Accounting,Ireland,other,mid,0,0,0,,,https://jobs.elastic.co/jobs?gh_jid=7988325&gh_jid=7988325
2026-08-04,ESTC,Elastic,Tax Manager (EMEA & APJ) ,Accounting,Hungary,other,mid,0,0,0,,,https://jobs.elastic.co/jobs?gh_jid=7991247&gh_jid=7991247
2026-08-04,ESTC,Elastic,Tax Manager (EMEA & APJ) ,Accounting,Spain,other,mid,0,0,0,,,https://jobs.elastic.co/jobs?gh_jid=7991248&gh_jid=7991248
2026-08-04,ESTC,Elastic,Tax Manager (EMEA & APJ) ,Accounting,United Kingdom,other,mid,0,0,0,,,https://jobs.elastic.co/jobs?gh_jid=7991552&gh_jid=7991552
2026-08-04,ESTC,Elastic,"Tech Lead, Agent Framework - Observability",Obs - Logs,Ireland,other,senior,0,0,0,,,https://jobs.elastic.co/jobs?gh_jid=8071620&gh_jid=8071620
2026-08-04,ESTC,Elastic,"Tech Lead, Agent Framework - Observability",Obs - Logs,United States,other,senior,0,0,0,,231650,https://jobs.elastic.co/jobs?gh_jid=8071641&gh_jid=8071641
2026-08-04,ESTC,Elastic,"Tech Lead, Agent Framework - Observability",Obs - Logs,Spain,other,senior,0,0,0,,,https://jobs.elastic.co/jobs?gh_jid=8059920&gh_jid=8059920
2026-08-04,ESTC,Elastic,"Tech Lead, Agent Framework - Observability",Obs - Logs,Portugal,other,senior,0,0,0,,,https://jobs.elastic.co/jobs?gh_jid=8071582&gh_jid=8071582
2026-08-04,ESTC,Elastic,UK Commercial Counsel Public Sector,Legal - Corporate,United Kingdom,nontech,mid,0,0,0,,,https://jobs.elastic.co/jobs?gh_jid=8044321&gh_jid=8044321
2026-08-04,ESTC,Elastic,Video Creative Lead, Brand and Creative,United States,other,senior,0,1,0,buzz,154800,https://jobs.elastic.co/jobs?gh_jid=8035675&gh_jid=8035675
2026-08-04,ESTC,Elastic,"VP, Threat Research - Security Intelligence",Security - Cross Team,United States,other,exec,0,0,0,,452300,https://jobs.elastic.co/jobs?gh_jid=8083459&gh_jid=8083459
2026-08-04,ESTC,Elastic,"VP, Threat Research - Security Intelligence",Security - Cross Team,Canada,other,exec,0,0,0,,388350,https://jobs.elastic.co/jobs?gh_jid=8093637&gh_jid=8093637
2026-08-04,ESTC,Elastic,法人営業,Sales - APJ - Japan,"Tokyo, Japan",other,mid,0,3,1,application,,https://jobs.elastic.co/jobs?gh_jid=8090490&gh_jid=8090490
2026-08-04,FSLY,Fastly,"Architect, Office of the CTO",OCA,"San Francisco, CA",product_eng,mid,0,0,0,,329493,https://www.fastly.com/about/jobs/apply?gh_jid=8036829
2026-08-04,FSLY,Fastly,Business Systems Analyst,Finance Systems,"Pune, India",other,mid,0,1,0,buzz,,https://www.fastly.com/about/jobs/apply?gh_jid=7912529
2026-08-04,FSLY,Fastly,CSOC Engineer - Security Automation,Customer Security - CSOC,"Pune, India",product_eng,mid,0,0,0,,,https://www.fastly.com/about/jobs/apply?gh_jid=7774594
2026-08-04,FSLY,Fastly,Deal Desk Manager,CFO,"San Francisco, CA",other,mid,0,0,0,,146520,https://www.fastly.com/about/jobs/apply?gh_jid=8041932
2026-08-04,FSLY,Fastly,"Director, APJ Field Marketing  ",Corporate Marketing,"Singapore, Singapore",nontech,director,0,0,0,,,https://www.fastly.com/about/jobs/apply?gh_jid=7916520
2026-08-04,FSLY,Fastly,"Director, Deal Desk & Strategy",CFO,"San Francisco, CA",other,director,0,1,0,buzz,215292,https://www.fastly.com/about/jobs/apply?gh_jid=7990049
2026-08-04,FSLY,Fastly,Finance Systems Analyst,Finance Systems,"Denver, CO; New York City, NY",nontech,mid,0,1,0,buzz,117055,https://www.fastly.com/about/jobs/apply?gh_jid=7744225
2026-08-04,FSLY,Fastly,"Head of PR, APJ",Field Marketing,"Singapore, Singapore",other,exec,0,0,0,,,https://www.fastly.com/about/jobs/apply?gh_jid=8028501
2026-08-04,FSLY,Fastly,Manager - Customer Solutions Engineering,Cloud Engineering - COR,"Denver, CO; New York City, NY; San Francisco, CA",demand_validated,mid,0,0,0,,171989,https://www.fastly.com/about/jobs/apply?gh_jid=7980055
2026-08-04,FSLY,Fastly,Network Support Engineer,Service Delivery - CSE,"Singapore, Singapore",product_eng,mid,0,0,0,,,https://www.fastly.com/about/jobs/apply?gh_jid=7738594
2026-08-04,FSLY,Fastly,Order Management Analyst,CFO,"Pune, India",other,mid,0,0,0,,,https://www.fastly.com/about/jobs/apply?gh_jid=7748851
2026-08-04,FSLY,Fastly,Principal Engineer - Customer Identity Access Management (CIAM),Core Systems Engineering,"Denver, CO; New York City, NY; San Francisco, CA",product_eng,staff_principal,0,0,0,,270775,https://www.fastly.com/about/jobs/apply?gh_jid=7843882
2026-08-04,FSLY,Fastly,Program Manager,Program Management,"Denver, CO; New York City, NY; San Francisco, CA",other,mid,0,0,0,,151051,https://www.fastly.com/about/jobs/apply?gh_jid=8017302
2026-08-04,FSLY,Fastly,Sales Development Representative,Inside Sales,"Denver, CO",nontech,mid,0,0,0,,85000,https://www.fastly.com/about/jobs/apply?gh_jid=8010411
2026-08-04,FSLY,Fastly,Salesforce Systems Administrator - Business Systems,Go-To-Market Systems,"Pune, India",nontech,mid,0,0,0,,,https://www.fastly.com/about/jobs/apply?gh_jid=8041120
2026-08-04,FSLY,Fastly,Security Risk Lead,Security Architecture,"Denver, CO; New York City, NY; San Francisco, CA",other,senior,0,3,1,application,159252,https://www.fastly.com/about/jobs/apply?gh_jid=7615779
2026-08-04,FSLY,Fastly,Senior Account Executive,APJ Sales,"Tokyo, Japan",demand_validated,senior,0,0,0,,,https://www.fastly.com/about/jobs/apply?gh_jid=6873321
2026-08-04,FSLY,Fastly,"Senior Account Executive, Commercial",Commercial Sales,"New York City, NY",demand_validated,senior,0,0,0,,239122,https://www.fastly.com/about/jobs/apply?gh_jid=7889308
2026-08-04,FSLY,Fastly,"Senior Account Executive, Enterprise (SoCal)",Enterprise Sales,"Los Angeles, CA",demand_validated,senior,0,0,0,,276123,https://www.fastly.com/about/jobs/apply?gh_jid=8013533
2026-08-04,FSLY,Fastly,Senior Analyst - Pricing & Packaging,CFO,"San Francisco, CA",other,senior,0,0,0,,158246,https://www.fastly.com/about/jobs/apply?gh_jid=8081734
2026-08-04,FSLY,Fastly,Senior Channel Account Manager,Partner & Indirect Sales,"Tokyo, Japan",other,senior,0,0,0,,,https://www.fastly.com/about/jobs/apply?gh_jid=8025172
2026-08-04,FSLY,Fastly,Senior Cloud Engineer,Cloud Engineering - COR,"San Francisco, CA",product_eng,senior,0,0,0,,147456,https://www.fastly.com/about/jobs/apply?gh_jid=8082266
2026-08-04,FSLY,Fastly,"Senior Counsel, Privacy and Regulatory",Legal,"New York City, NY; San Francisco, CA",nontech,senior,0,5,1,application|buzz,232507,https://www.fastly.com/about/jobs/apply?gh_jid=8017300
2026-08-04,FSLY,Fastly,Senior Customer Solutions Engineer,Cloud Engineering - COR,"Denver, CO; San Francisco, CA",demand_validated,senior,0,0,0,,159252,https://www.fastly.com/about/jobs/apply?gh_jid=7733190
2026-08-04,FSLY,Fastly,"Senior Data Analyst, Sales Analytics",Sales Ops & Enablement,"Pune, India",nontech,senior,0,4,1,application|buzz,,https://www.fastly.com/about/jobs/apply?gh_jid=7858388
2026-08-04,FSLY,Fastly,Senior Data Engineer,Business Analytics,"San Francisco, CA",product_eng,senior,0,0,0,,170907,https://www.fastly.com/about/jobs/apply?gh_jid=8060158
2026-08-04,FSLY,Fastly,Senior Data Security Architect,Security Architecture,"San Francisco, CA",product_eng,senior,0,0,0,,199342,https://www.fastly.com/about/jobs/apply?gh_jid=8089506
2026-08-04,FSLY,Fastly,"Senior Deal Strategy Manager, APJ",CFO,"Singapore, Singapore",other,senior,0,0,0,,,https://www.fastly.com/about/jobs/apply?gh_jid=8064565
2026-08-04,FSLY,Fastly,Senior Engineer - Developer Experience,Security Engineering,"New York City, NY",product_eng,senior,0,0,0,,199342,https://www.fastly.com/about/jobs/apply?gh_jid=7979875
2026-08-04,FSLY,Fastly,Senior Engineer - Growth,Core Systems Engineering,"Denver, CO; San Francisco, CA",product_eng,senior,0,6,1,application|buzz|general_medium,199342,https://www.fastly.com/about/jobs/apply?gh_jid=7964149
2026-08-04,FSLY,Fastly,Senior Engineer - Network Management Platform,Production Engineering,"Denver, CO; New York City, NY; San Francisco, CA",product_eng,senior,0,0,0,,199342,https://www.fastly.com/about/jobs/apply?gh_jid=7858609
2026-08-04,FSLY,Fastly,Senior Engineer - Security Products (Backend APIs),Core Systems Engineering,"San Francisco, CA",product_eng,senior,0,1,0,buzz,,https://www.fastly.com/about/jobs/apply?gh_jid=8011076
2026-08-04,FSLY,Fastly,Senior Enterprise Account Executive,EMEA Sales,"London, United Kingdom",demand_validated,senior,0,0,0,,,https://www.fastly.com/about/jobs/apply?gh_jid=7954066
2026-08-04,FSLY,Fastly,Senior Enterprise Account Executive (NYC),Enterprise Sales,"New York City, NY",demand_validated,senior,0,0,0,,306803,https://www.fastly.com/about/jobs/apply?gh_jid=8089199
2026-08-04,FSLY,Fastly,Senior Executive Assistant,Human Resources,"San Francisco, CA",other,senior,0,2,0,buzz,,https://www.fastly.com/about/jobs/apply?gh_jid=8097890
2026-08-04,FSLY,Fastly,Senior Executive Assistant,EMEA Sales,"London, United Kingdom",other,senior,0,0,0,,,https://www.fastly.com/about/jobs/apply?gh_jid=8077339
2026-08-04,FSLY,Fastly,Senior Infrastructure Engineer — Certification Authority,Content Delivery Systems,"San Francisco, CA",product_eng,senior,0,0,0,,184569,https://www.fastly.com/about/jobs/apply?gh_jid=8011032
2026-08-04,FSLY,Fastly,Senior Logistics & Procurement Analyst,Global Network Infrastructure,"Atlanta, GA; Austin, TX; Boston, MA; Chicago, IL; Dallas, TX; Denver, CO; Detroit, MI; Houston, TX; Las Vegas, NV; Los Angeles, CA; Minneapolis, MN; Newark, NJ; Philadelphia, PA; Phoenix, AZ; Portland, OR; Richmond, VA; Sacramento, CA; Salt Lake City, UT; San Diego, CA; San Francisco, CA; Seattle, WA; St. Louis, MO; Washington, D.C.",other,senior,0,0,0,,136530,https://www.fastly.com/about/jobs/apply?gh_jid=8029666
2026-08-04,FSLY,Fastly,"Senior Manager, Engineering - Platform Security",Platform Engineering,"Denver, CO; New York City, NY; San Francisco, CA",product_eng,senior,0,0,0,,251108,https://www.fastly.com/about/jobs/apply?gh_jid=7901940
2026-08-04,FSLY,Fastly,Senior Partnerships Lead,Partner & Indirect Sales,"New York City, NY",other,senior,0,0,0,,202958,https://www.fastly.com/about/jobs/apply?gh_jid=8027022
2026-08-04,FSLY,Fastly,Senior Sales Process & System Lead,Sales Ops & Enablement,"Portland, OR",nontech,senior,0,1,0,buzz,145266,https://www.fastly.com/about/jobs/apply?gh_jid=8077129
2026-08-04,FSLY,Fastly,Senior SRE - Networks,Technical Operations,"London, United Kingdom",product_eng,senior,0,0,0,,,https://www.fastly.com/about/jobs/apply?gh_jid=8045052
2026-08-04,FSLY,Fastly,Senior Support Engineer - Security Products,Service Delivery - CSE,"Pune, India",product_eng,senior,0,0,0,,,https://www.fastly.com/about/jobs/apply?gh_jid=8012702
2026-08-04,FSLY,Fastly,Staff Engineer - Edge Protocols,Content Delivery Systems,"Denver, CO; New York City, NY; San Francisco, CA",product_eng,staff_principal,0,0,0,,211370,https://www.fastly.com/about/jobs/apply?gh_jid=8010849
2026-08-04,FSLY,Fastly,Staff Engineer - Monetization,Core Systems Engineering,"San Francisco, CA",product_eng,staff_principal,0,1,0,buzz,211370,https://www.fastly.com/about/jobs/apply?gh_jid=8046788
2026-08-04,FSLY,Fastly,Staff Hardware Design Engineer,Infrastructure Engineering,"Denver, CO; New York City, NY; San Francisco, CA",product_eng,staff_principal,0,0,0,,215292,https://www.fastly.com/about/jobs/apply?gh_jid=7815617
2026-08-04,FSLY,Fastly,"Staff Product Manager, Metacognition",Product Management,"San Francisco, CA",product_eng,staff_principal,0,0,0,,232507,https://www.fastly.com/about/jobs/apply?gh_jid=7781874
2026-08-04,FSLY,Fastly,"Staff Strategic Operations Lead, Performance Center",OCA,"Denver, CO; New York City, NY; San Francisco, CA",nontech,staff_principal,0,0,0,,200612,https://www.fastly.com/about/jobs/apply?gh_jid=7858457
2026-08-04,FSLY,Fastly,"Staff Technical Product Manager, Runtimes",Product Management,"New York City, NY",product_eng,staff_principal,0,1,0,buzz,232507,https://www.fastly.com/about/jobs/apply?gh_jid=8079946
2026-08-04,FSLY,Fastly,Technical Consultant  (Sales Engineer) (Pune Based),Sales Engineering,"Pune, India",demand_validated,mid,0,0,0,,,https://www.fastly.com/about/jobs/apply?gh_jid=7814181
2026-08-04,FSLY,Fastly,Threat Detection Analyst (Japanese & English speaking),Customer Security - CSOC,"Singapore, Singapore",other,mid,0,0,0,,,https://www.fastly.com/about/jobs/apply?gh_jid=7912475
2026-08-04,FSLY,Fastly,Threat Detection Analyst (Japanese & English speaking),Customer Security - CSOC,Australia (Remote),other,mid,0,0,0,,,https://www.fastly.com/about/jobs/apply?gh_jid=7912473
2026-08-04,FSLY,Fastly,Threat Detection Analyst (Japanese Speaking) ,Customer Security - CSOC,"Tokyo, Japan",other,mid,0,0,0,,,https://www.fastly.com/about/jobs/apply?gh_jid=7641510
2026-08-04,FIG,Figma,"Account Executive, Emerging Enterprise (Berlin, Germany)",Sales,"Berlin, Germany",demand_validated,mid,0,0,0,,,https://boards.greenhouse.io/figma/jobs/5364702004?gh_jid=5364702004
2026-08-04,FIG,Figma,"Account Executive, Enterprise",Sales,"San Francisco, CA • New York, NY • United States",demand_validated,mid,0,0,0,,177500,https://boards.greenhouse.io/figma/jobs/5426468004?gh_jid=5426468004
2026-08-04,FIG,Figma,"Account Executive, Enterprise (Bengaluru, India)",Sales,"Bengaluru, India",demand_validated,mid,0,0,0,,,https://boards.greenhouse.io/figma/jobs/5579204004?gh_jid=5579204004
2026-08-04,FIG,Figma,"Account Executive, Enterprise (Berlin, Germany)",Sales,"Berlin, Germany",demand_validated,mid,0,0,0,,,https://boards.greenhouse.io/figma/jobs/5783812004?gh_jid=5783812004
2026-08-04,FIG,Figma,"Account Executive, Enterprise (Paris, France) ",Sales,"Paris, France",demand_validated,mid,0,0,0,,,https://boards.greenhouse.io/figma/jobs/5428656004?gh_jid=5428656004
2026-08-04,FIG,Figma,"Account Executive, Enterprise (Singapore)",Sales,Singapore,demand_validated,mid,0,0,0,,,https://boards.greenhouse.io/figma/jobs/5753209004?gh_jid=5753209004
2026-08-04,FIG,Figma,"Account Executive, Enterprise (Sydney or Melbourne, Australia)",Sales,"Sydney, Australia • Melbourne, Australia",demand_validated,mid,0,0,0,,,https://boards.greenhouse.io/figma/jobs/5803515004?gh_jid=5803515004
2026-08-04,FIG,Figma,"Account Executive, Enterprise (Tokyo, Japan) ",Sales,"Tokyo, Japan",demand_validated,mid,0,0,0,,,https://boards.greenhouse.io/figma/jobs/5806875004?gh_jid=5806875004
2026-08-04,FIG,Figma,"Account Executive, Mid-Market",Sales,"San Francisco, CA • New York, NY • United States",demand_validated,mid,0,0,0,,110000,https://boards.greenhouse.io/figma/jobs/5422236004?gh_jid=5422236004
2026-08-04,FIG,Figma,"Account Executive, Mid-Market (London, United Kingdom)",Sales,"London, England",demand_validated,mid,0,0,0,,,https://boards.greenhouse.io/figma/jobs/5415515004?gh_jid=5415515004
2026-08-04,FIG,Figma,"Account Executive, Mid-Market (Paris, France)",Sales,"Paris, France",demand_validated,mid,0,0,0,,,https://boards.greenhouse.io/figma/jobs/5844225004?gh_jid=5844225004
2026-08-04,FIG,Figma,"Account Executive, Mid-Market (Sydney, Australia)",Sales,"Sydney, Australia",demand_validated,mid,0,0,0,,,https://boards.greenhouse.io/figma/jobs/6117206004?gh_jid=6117206004
2026-08-04,FIG,Figma,"Account Executive, SMB ",Sales,"San Francisco, CA • New York, NY",demand_validated,mid,0,0,0,,70500,https://boards.greenhouse.io/figma/jobs/5694259004?gh_jid=5694259004
2026-08-04,FIG,Figma,"Account Executive, SMB (Berlin, Germany)",Sales,"Berlin, Germany",demand_validated,mid,0,0,0,,,https://boards.greenhouse.io/figma/jobs/5985397004?gh_jid=5985397004
2026-08-04,FIG,Figma,"Account Executive, SMB (London, United Kingdom)",Sales,"London, England",demand_validated,mid,0,0,0,,,https://boards.greenhouse.io/figma/jobs/5647851004?gh_jid=5647851004
2026-08-04,FIG,Figma,"Account Executive, SMB (Paris, France)",Sales,"Paris, France",demand_validated,mid,0,0,0,,,https://boards.greenhouse.io/figma/jobs/5675771004?gh_jid=5675771004
2026-08-04,FIG,Figma,"Account Executive, SMB (Tokyo, Japan) ",Sales,"Tokyo, Japan",demand_validated,mid,0,0,0,,,https://boards.greenhouse.io/figma/jobs/5729844004?gh_jid=5729844004
2026-08-04,FIG,Figma,"Account Executive, Strategic",Sales,"San Francisco, CA • New York, NY • United States",demand_validated,mid,0,0,0,,200000,https://boards.greenhouse.io/figma/jobs/5558737004?gh_jid=5558737004
2026-08-04,FIG,Figma,"Account Executive, Strategic (Paris, France) ",Sales,"Paris, France",demand_validated,mid,0,0,0,,,https://boards.greenhouse.io/figma/jobs/5565921004?gh_jid=5565921004
2026-08-04,FIG,Figma,"Account Executive, Strategic (Tokyo, Japan)",Sales,"Tokyo, Japan",demand_validated,mid,0,0,0,,,https://boards.greenhouse.io/figma/jobs/5756182004?gh_jid=5756182004
2026-08-04,FIG,Figma,AI Applied Scientist,Engineering,"San Francisco, CA • New York, NY • United States",other,mid,1,30,1,application|buzz|general_medium|model_infra,264500,https://boards.greenhouse.io/figma/jobs/5707966004?gh_jid=5707966004
2026-08-04,FIG,Figma,Associate Solutions Consultant,Sales,"San Francisco, CA • New York, NY",other,mid,0,0,0,,168400,https://boards.greenhouse.io/figma/jobs/5633324004?gh_jid=5633324004
2026-08-04,FIG,Figma,Business Operations,Business Operations,"San Francisco, CA • New York, NY • United States",nontech,mid,0,0,0,,218000,https://boards.greenhouse.io/figma/jobs/6119180004?gh_jid=6119180004
2026-08-04,FIG,Figma,"Business Recruiter (São Paulo, Brazil)",Talent,"São Paulo, Brazil",nontech,mid,0,0,0,,,https://boards.greenhouse.io/figma/jobs/5832782004?gh_jid=5832782004
2026-08-04,FIG,Figma,"Community Support Specialist (Tokyo, Japan)",Customer Operations and Support,"Tokyo, Japan",nontech,mid,0,0,0,,,https://boards.greenhouse.io/figma/jobs/6123890004?gh_jid=6123890004
2026-08-04,FIG,Figma,Compensation Partner (Engineering),People,"San Francisco, CA • New York, NY • United States",product_eng,mid,0,0,0,,219000,https://boards.greenhouse.io/figma/jobs/6014642004?gh_jid=6014642004
2026-08-04,FIG,Figma,Corporate Counsel,Legal,"San Francisco, CA • New York, NY • United States",nontech,mid,0,0,0,,224500,https://boards.greenhouse.io/figma/jobs/6018708004?gh_jid=6018708004
2026-08-04,FIG,Figma,Customer Enablement Manager,Sales,"San Francisco, CA • New York, NY • United States",nontech,mid,0,0,0,,198000,https://boards.greenhouse.io/figma/jobs/5817899004?gh_jid=5817899004
2026-08-04,FIG,Figma,"Customer Enablement Manager - Figma Weave (New York, United States)",Weavy - Figma Weave,"New York, NY",nontech,mid,0,0,0,,198000,https://boards.greenhouse.io/figma/jobs/5765928004?gh_jid=5765928004
2026-08-04,FIG,Figma,"Customer Enablement Manager - French Speaker (London, United Kingdom)",Sales,"London, England",nontech,mid,0,0,0,,,https://boards.greenhouse.io/figma/jobs/6102903004?gh_jid=6102903004
2026-08-04,FIG,Figma,"Customer Enablement Manager (London, United Kingdom)",Sales,"London, England",nontech,mid,0,0,0,,,https://boards.greenhouse.io/figma/jobs/6130557004?gh_jid=6130557004
2026-08-04,FIG,Figma,"Customer Enablement Manager (Paris, France)   ",Sales,"Paris, France",nontech,mid,0,0,0,,,https://boards.greenhouse.io/figma/jobs/5976498004?gh_jid=5976498004
2026-08-04,FIG,Figma,"Customer Enablement Manager (Tokyo, Japan)",Sales,"Tokyo, Japan",nontech,mid,0,0,0,,,https://boards.greenhouse.io/figma/jobs/6099277004?gh_jid=6099277004
2026-08-04,FIG,Figma,"Customer Success Manager (São Paulo, Brazil)",Sales,"São Paulo, Brazil",demand_validated,mid,0,0,0,,,https://boards.greenhouse.io/figma/jobs/6104028004?gh_jid=6104028004
2026-08-04,FIG,Figma,Data Engineer,Engineering,"San Francisco, CA • New York, NY • United States",product_eng,mid,0,0,0,,244000,https://boards.greenhouse.io/figma/jobs/5220003004?gh_jid=5220003004
2026-08-04,FIG,Figma,"Data Scientist, Core Data -  PhD (2026)",Early Career,"San Francisco, CA • New York, NY",product_eng,mid,0,7,1,application|buzz|general_medium,174000,https://boards.greenhouse.io/figma/jobs/5976930004?gh_jid=5976930004
2026-08-04,FIG,Figma,"Data Scientist, Finance",Engineering,"San Francisco, CA • New York, NY • United States",product_eng,mid,0,1,0,buzz,244000,https://boards.greenhouse.io/figma/jobs/6013304004?gh_jid=6013304004
2026-08-04,FIG,Figma,Designer Advocate,Marketing,"San Francisco, CA",product_eng,mid,0,0,0,,235000,https://boards.greenhouse.io/figma/jobs/6014530004?gh_jid=6014530004
2026-08-04,FIG,Figma,"Designer Advocate - Figma Weave (New York, United States)",Weavy - Figma Weave,"New York, NY",product_eng,mid,0,0,0,,235000,https://boards.greenhouse.io/figma/jobs/5692764004?gh_jid=5692764004
2026-08-04,FIG,Figma,"Designer Advocate (London, United Kingdom)",Marketing,"London, England",product_eng,mid,0,0,0,,,https://boards.greenhouse.io/figma/jobs/6122399004?gh_jid=6122399004
2026-08-04,FIG,Figma,"Designer Advocate, Partnerships",Marketing,"San Francisco, CA",product_eng,mid,0,3,1,application,235000,https://boards.greenhouse.io/figma/jobs/6114301004?gh_jid=6114301004
2026-08-04,FIG,Figma,"Designer Advocate (São Paulo, Brazil)",Marketing,"São Paulo, Brazil",product_eng,mid,0,0,0,,,https://boards.greenhouse.io/figma/jobs/6022151004?gh_jid=6022151004
2026-08-04,FIG,Figma,"Developer Advocate (Tokyo, Japan)",Marketing,"Tokyo, Japan",product_eng,mid,0,0,0,,,https://boards.greenhouse.io/figma/jobs/5969647004?gh_jid=5969647004
2026-08-04,FIG,Figma,"Director, Business Operations",Business Operations,"San Francisco, CA • New York, NY • United States",nontech,director,0,0,0,,303000,https://boards.greenhouse.io/figma/jobs/6092343004?gh_jid=6092343004
2026-08-04,FIG,Figma,"Director, Business Systems",Business Operations,"San Francisco, CA • New York, NY • United States",other,director,0,0,0,,303000,https://boards.greenhouse.io/figma/jobs/6019394004?gh_jid=6019394004
2026-08-04,FIG,Figma,"Director, Communications ",Marketing,"San Francisco, CA • New York, NY",nontech,director,0,0,0,,276000,https://boards.greenhouse.io/figma/jobs/5841222004?gh_jid=5841222004
2026-08-04,FIG,Figma,"Director, Data Science",Engineering,"San Francisco, CA • New York, NY • United States",other,director,0,3,1,application,333000,https://boards.greenhouse.io/figma/jobs/6130865004?gh_jid=6130865004
2026-08-04,FIG,Figma,"Director, Enterprise Sales",Sales,"San Francisco, CA • United States",nontech,director,0,0,0,,237500,https://boards.greenhouse.io/figma/jobs/5996614004?gh_jid=5996614004
2026-08-04,FIG,Figma,"Director, Enterprise Sales (London, United Kingdom)",Sales,"London, England",nontech,director,0,0,0,,,https://boards.greenhouse.io/figma/jobs/6130524004?gh_jid=6130524004
2026-08-04,FIG,Figma,"Director, Federal Sales",Sales,"San Francisco, CA • New York, NY • United States",nontech,director,0,0,0,,237500,https://boards.greenhouse.io/figma/jobs/5728495004?gh_jid=5728495004
2026-08-04,FIG,Figma,"Director, Growth Marketing",Marketing,"San Francisco, CA • New York, NY • United States",nontech,director,0,0,0,,276000,https://boards.greenhouse.io/figma/jobs/5998147004?gh_jid=5998147004
2026-08-04,FIG,Figma,"Director, IT",Business Operations,"San Francisco, CA • New York, NY • United States",other,director,0,1,0,buzz,303000,https://boards.greenhouse.io/figma/jobs/5850497004?gh_jid=5850497004
2026-08-04,FIG,Figma,"Director, Mid-Market Sales",Sales,"New York, NY; San Francisco, CA • New York, NY • United States",nontech,director,0,0,0,,180000,https://boards.greenhouse.io/figma/jobs/6018024004?gh_jid=6018024004
2026-08-04,FIG,Figma,"Director, Product - Enterprise ",Product,"San Francisco, CA • New York, NY • United States",other,director,0,1,0,buzz,333000,https://boards.greenhouse.io/figma/jobs/6002024004?gh_jid=6002024004
2026-08-04,FIG,Figma,"Director, Research - AI Evals",Design,"San Francisco, CA • New York, NY • United States",other,director,1,4,1,application|buzz,303000,https://boards.greenhouse.io/figma/jobs/6112112004?gh_jid=6112112004
2026-08-04,FIG,Figma,"Director, Solutions Consulting",Sales,"San Francisco, CA • New York, NY • United States",other,director,0,0,0,,303200,https://boards.greenhouse.io/figma/jobs/5820284004?gh_jid=5820284004
2026-08-04,FIG,Figma,"Director, Technical Revenue Accounting",Business Operations,"San Francisco, CA • New York, NY • United States",nontech,director,0,0,0,,276000,https://boards.greenhouse.io/figma/jobs/5835172004?gh_jid=5835172004
2026-08-04,FIG,Figma,Distribution Partner Manager,Business Development,"San Francisco, CA • New York, NY • United States",other,mid,0,0,0,,218000,https://boards.greenhouse.io/figma/jobs/5813967004?gh_jid=5813967004
2026-08-04,FIG,Figma,"Employment Counsel (London, United Kingdom) ",Legal,"London, England",nontech,mid,0,0,0,,,https://boards.greenhouse.io/figma/jobs/6100732004?gh_jid=6100732004
2026-08-04,FIG,Figma,"Enterprise Solutions Consultant (Bengaluru, India)",Sales,"Bengaluru, India",other,mid,0,0,0,,,https://boards.greenhouse.io/figma/jobs/5615966004?gh_jid=5615966004
2026-08-04,FIG,Figma,"Enterprise Support Specialist, Korean Speaking (London, United Kingdom)",Customer Operations and Support,"London, England",nontech,mid,0,2,0,buzz,,https://boards.greenhouse.io/figma/jobs/6105678004?gh_jid=6105678004
2026-08-04,FIG,Figma,"Enterprise Support Specialist, Korean Speaking (Singapore)",Customer Operations and Support,Singapore,nontech,mid,0,2,0,buzz,,https://boards.greenhouse.io/figma/jobs/6010954004?gh_jid=6010954004
2026-08-04,FIG,Figma,"Enterprise Support Specialist (London, United Kingdom)",Customer Operations and Support,"London, England",nontech,mid,0,2,0,buzz,,https://boards.greenhouse.io/figma/jobs/6116486004?gh_jid=6116486004
2026-08-04,FIG,Figma,"Events Manager - Figma Weave (New York, United States)",Weavy - Figma Weave,"New York, NY",other,mid,0,0,0,,192000,https://boards.greenhouse.io/figma/jobs/6126728004?gh_jid=6126728004
2026-08-04,FIG,Figma,"Executive Assistant, Chief People Officer",People,"San Francisco, CA",nontech,exec,0,0,0,,211000,https://boards.greenhouse.io/figma/jobs/6132356004?gh_jid=6132356004
2026-08-04,FIG,Figma,"Executive Assistant, Design ",Design,"San Francisco, CA • New York, NY • United States",other,mid,0,0,0,,174000,https://boards.greenhouse.io/figma/jobs/6115082004?gh_jid=6115082004
2026-08-04,FIG,Figma,"Executive Assistant, Engineering",Engineering,"San Francisco, CA",product_eng,mid,0,0,0,,174000,https://boards.greenhouse.io/figma/jobs/6009197004?gh_jid=6009197004
2026-08-04,FIG,Figma,"Executive Assistant, People",Talent,"San Francisco, CA",other,mid,0,0,0,,198000,https://boards.greenhouse.io/figma/jobs/5969046004?gh_jid=5969046004
2026-08-04,FIG,Figma,Field Enablement Manager,Sales,"San Francisco, CA • New York, NY • United States",nontech,mid,0,0,0,,198000,https://boards.greenhouse.io/figma/jobs/6007619004?gh_jid=6007619004
2026-08-04,FIG,Figma,Forward Deployed Engineer ,Sales,"San Francisco, CA • New York, NY • United States",demand_validated,mid,0,0,0,,224400,https://boards.greenhouse.io/figma/jobs/6110219004?gh_jid=6110219004
2026-08-04,FIG,Figma,Governance Risk and Compliance,Business Operations,"San Francisco, CA • New York, NY • United States",other,mid,0,0,0,,224500,https://boards.greenhouse.io/figma/jobs/6015630004?gh_jid=6015630004
2026-08-04,FIG,Figma,"Head of Marketing, LATAM (São Paulo, Brazil)",Marketing,"São Paulo, Brazil",nontech,exec,0,0,0,,,https://boards.greenhouse.io/figma/jobs/5810842004?gh_jid=5810842004
2026-08-04,FIG,Figma,"Inside Sales Representative - French/German Speaker (London, United Kingdom) ",Sales,"London, England",nontech,mid,0,0,0,,,https://boards.greenhouse.io/figma/jobs/6122269004?gh_jid=6122269004
2026-08-04,FIG,Figma,"Manager, Data Science - AI Product",Engineering,"San Francisco, CA • New York, NY • United States",other,mid,1,0,0,,291500,https://boards.greenhouse.io/figma/jobs/5983820004?gh_jid=5983820004
2026-08-04,FIG,Figma,"Manager, Distribution Partnerships",Business Development,"San Francisco, CA • New York, NY • United States",other,mid,0,0,0,,251000,https://boards.greenhouse.io/figma/jobs/6118332004?gh_jid=6118332004
2026-08-04,FIG,Figma,"Manager, Enterprise Sales",Sales,"San Francisco, CA • New York, NY • United States",nontech,mid,0,0,0,,193000,https://boards.greenhouse.io/figma/jobs/5996930004?gh_jid=5996930004
2026-08-04,FIG,Figma,"Manager, Enterprise Support (Singapore)",Customer Operations and Support,Singapore,nontech,mid,0,0,0,,,https://boards.greenhouse.io/figma/jobs/6104574004?gh_jid=6104574004
2026-08-04,FIG,Figma,"Manager, Figma for Education (International)",Marketing,"San Francisco, CA • New York, NY • United States",other,intern,0,0,0,,251000,https://boards.greenhouse.io/figma/jobs/6004606004?gh_jid=6004606004
2026-08-04,FIG,Figma,"Manager, HRIS",People,"San Francisco, CA • New York, NY • United States",other,mid,0,0,0,,232500,https://boards.greenhouse.io/figma/jobs/6132269004?gh_jid=6132269004
2026-08-04,FIG,Figma,"Manager, Inside Sales (London, United Kingdom)",Sales,"London, England",nontech,mid,0,0,0,,,https://boards.greenhouse.io/figma/jobs/6010992004?gh_jid=6010992004
2026-08-04,FIG,Figma,"Manager, IT Operations",Business Operations,"New York, NY",nontech,mid,0,0,0,,211000,https://boards.greenhouse.io/figma/jobs/6104563004?gh_jid=6104563004
2026-08-04,FIG,Figma,"Manager, Mid-Market Sales (Berlin, Germany)",Sales,"Berlin, Germany",nontech,mid,0,0,0,,,https://boards.greenhouse.io/figma/jobs/6110744004?gh_jid=6110744004
2026-08-04,FIG,Figma,"Manager, Product - Code",Product,"New York, NY • United States",other,mid,0,3,1,application,276000,https://boards.greenhouse.io/figma/jobs/6104919004?gh_jid=6104919004
2026-08-04,FIG,Figma,"Manager, Product Design",Design,"San Francisco, CA • New York, NY • United States",other,mid,0,3,1,application,276000,https://boards.greenhouse.io/figma/jobs/5790585004?gh_jid=5790585004
2026-08-04,FIG,Figma,"Manager, Security Operations",Business Operations,"San Francisco, CA • New York, NY • United States",nontech,mid,0,1,0,buzz,240500,https://boards.greenhouse.io/figma/jobs/6015609004?gh_jid=6015609004
2026-08-04,FIG,Figma,"Manager, Software Engineering - AI Product ",Engineering,"San Francisco, CA • New York, NY • United States",product_eng,mid,1,8,1,application|buzz|model_infra,317000,https://boards.greenhouse.io/figma/jobs/5838098004?gh_jid=5838098004
2026-08-04,FIG,Figma,"Manager, Software Engineering - AI Product (London, United Kingdom)",Engineering,"London, England",product_eng,mid,1,8,1,application|buzz|model_infra,,https://boards.greenhouse.io/figma/jobs/6099616004?gh_jid=6099616004
2026-08-04,FIG,Figma,"Manager, Software Engineering - Billing",Engineering,"San Francisco, CA • New York, NY • United States",product_eng,mid,0,0,0,,317000,https://boards.greenhouse.io/figma/jobs/5722244004?gh_jid=5722244004
2026-08-04,FIG,Figma,"Manager, Software Engineering - DevEx AI Tools",Engineering,"San Francisco, CA • New York, NY • United States",product_eng,mid,1,7,1,application|buzz,317000,https://boards.greenhouse.io/figma/jobs/6008752004?gh_jid=6008752004
2026-08-04,FIG,Figma,"Manager, Software Engineering - Figma Weave (Tel Aviv, Israel)",Weavy - Figma Weave,"Tel Aviv, Israel",product_eng,mid,0,0,0,,,https://boards.greenhouse.io/figma/jobs/6105734004?gh_jid=6105734004
2026-08-04,FIG,Figma,"Manager, Software Engineering - Growth Platform ",Engineering,"San Francisco, CA • New York, NY • United States",product_eng,mid,0,2,0,general_medium,317000,https://boards.greenhouse.io/figma/jobs/6010279004?gh_jid=6010279004
2026-08-04,FIG,Figma,"Manager, Software Engineering - Interaction Design",Engineering,"San Francisco, CA • New York, NY • United States",product_eng,mid,0,0,0,,317000,https://boards.greenhouse.io/figma/jobs/5778796004?gh_jid=5778796004
2026-08-04,FIG,Figma,"Manager, Software Engineering - Observability",Engineering,"San Francisco, CA • New York, NY • United States",product_eng,mid,0,4,1,application|buzz,317000,https://boards.greenhouse.io/figma/jobs/5807963004?gh_jid=5807963004
2026-08-04,FIG,Figma,"Manager, Software Engineering - Payload",Engineering,"San Francisco, CA • New York, NY • United States",product_eng,mid,0,3,1,application,317000,https://boards.greenhouse.io/figma/jobs/6092906004?gh_jid=6092906004
2026-08-04,FIG,Figma,"Manager, Software Engineering - Storage Platform",Engineering,"San Francisco, CA • New York, NY • United States",product_eng,mid,0,3,1,application,317000,https://boards.greenhouse.io/figma/jobs/6084344004?gh_jid=6084344004
2026-08-04,FIG,Figma,"Manager, Solutions Consultant (London, United Kingdom)",Sales,"London, England",other,mid,0,0,0,,,https://boards.greenhouse.io/figma/jobs/6111591004?gh_jid=6111591004
2026-08-04,FIG,Figma,"Manager, Solutions Consulting",Sales,"San Francisco, CA • New York, NY • United States",other,mid,0,0,0,,251200,https://boards.greenhouse.io/figma/jobs/5697641004?gh_jid=5697641004
2026-08-04,FIG,Figma,"Manager, Strategic Sales",Sales,"San Francisco, CA • New York, NY",nontech,mid,0,0,0,,193000,https://boards.greenhouse.io/figma/jobs/5620034004?gh_jid=5620034004
2026-08-04,FIG,Figma,Marketing Engineer,Marketing,"San Francisco, CA • New York, NY • United States",product_eng,mid,0,8,1,application|buzz,211500,https://boards.greenhouse.io/figma/jobs/6013495004?gh_jid=6013495004
2026-08-04,FIG,Figma,Motion Designer ,Customer Operations and Support,"San Francisco, CA • New York, NY • United States",product_eng,mid,0,0,0,,144000,https://boards.greenhouse.io/figma/jobs/6117563004?gh_jid=6117563004
2026-08-04,FIG,Figma,"Onboarding Manager, Customer Experience (Tokyo, Japan)",Sales,"Tokyo, Japan",other,mid,0,0,0,,,https://boards.greenhouse.io/figma/jobs/6051050004?gh_jid=6051050004
2026-08-04,FIG,Figma,People Operations Coordinator,People,"San Francisco, CA",nontech,mid,0,0,0,,,https://boards.greenhouse.io/figma/jobs/6104568004?gh_jid=6104568004
2026-08-04,FIG,Figma,"People Partner, Japan & APAC (Singapore)",People,Singapore,other,mid,0,0,0,,,https://boards.greenhouse.io/figma/jobs/5978282004?gh_jid=5978282004
2026-08-04,FIG,Figma,"Product Designer, AI Models",Design,"San Francisco, CA • New York, NY • United States",product_eng,mid,1,0,0,,236000,https://boards.greenhouse.io/figma/jobs/5711913004?gh_jid=5711913004
2026-08-04,FIG,Figma,"Product Designer, CMS",Design,"San Francisco, CA • New York, NY • United States",product_eng,mid,0,0,0,,236000,https://boards.greenhouse.io/figma/jobs/6126976004?gh_jid=6126976004
2026-08-04,FIG,Figma,"Product Designer, Design, Dev, & AI Tools",Design,"San Francisco, CA • New York, NY • United States",product_eng,mid,1,0,0,,236000,https://boards.greenhouse.io/figma/jobs/5711468004?gh_jid=5711468004
2026-08-04,FIG,Figma,"Product Designer - Figma Weave (Tel Aviv, Israel)",Weavy - Figma Weave,"Tel Aviv, Israel",product_eng,mid,0,1,0,buzz,,https://boards.greenhouse.io/figma/jobs/5991320004?gh_jid=5991320004
2026-08-04,FIG,Figma,"Product Designer, Growth & Monetization",Design,"San Francisco, CA • New York, NY • United States",product_eng,mid,0,0,0,,236000,https://boards.greenhouse.io/figma/jobs/5711595004?gh_jid=5711595004
2026-08-04,FIG,Figma,"Product Manager, Acquisition",Product,"San Francisco, CA • New York, NY • United States",product_eng,mid,0,1,0,buzz,236000,https://boards.greenhouse.io/figma/jobs/6119781004?gh_jid=6119781004
2026-08-04,FIG,Figma,"Product Manager, AI Growth",Product,"San Francisco, CA • New York, NY • United States",product_eng,mid,1,1,0,buzz,255000,https://boards.greenhouse.io/figma/jobs/5989185004?gh_jid=5989185004
2026-08-04,FIG,Figma,"Product Manager, AI Platform",Product,"San Francisco, CA • New York, NY • United States",product_eng,mid,1,4,1,application|buzz,236000,https://boards.greenhouse.io/figma/jobs/5830640004?gh_jid=5830640004
2026-08-04,FIG,Figma,"Product Manager, CMS",Product,"San Francisco, CA • New York, NY • United States",product_eng,mid,0,0,0,,236000,https://boards.greenhouse.io/figma/jobs/6092802004?gh_jid=6092802004
2026-08-04,FIG,Figma,"Product Manager, Code",Product,"San Francisco, CA • New York, NY • United States",product_eng,mid,0,4,1,application|buzz,236000,https://boards.greenhouse.io/figma/jobs/6100482004?gh_jid=6100482004
2026-08-04,FIG,Figma,"Product Manager, Design Tools",Product,"San Francisco, CA • New York, NY • United States",product_eng,mid,0,3,1,application,236000,https://boards.greenhouse.io/figma/jobs/5505263004?gh_jid=5505263004
2026-08-04,FIG,Figma,"Product Manager - Figma Weave (Tel-Aviv, Israel)",Weavy - Figma Weave,"Tel Aviv, Israel",product_eng,mid,0,1,0,buzz,,https://boards.greenhouse.io/figma/jobs/5991338004?gh_jid=5991338004
2026-08-04,FIG,Figma,"Product Marketing Manager, Audience and Messaging",Marketing,"San Francisco, CA • New York, NY • United States",nontech,mid,0,0,0,,235000,https://boards.greenhouse.io/figma/jobs/6009558004?gh_jid=6009558004
2026-08-04,FIG,Figma,"Product Marketing Manager - Figma Weave (Tel Aviv, Israel) ",Weavy - Figma Weave,"Tel Aviv, Israel",nontech,mid,0,0,0,,,https://boards.greenhouse.io/figma/jobs/6105673004?gh_jid=6105673004
2026-08-04,FIG,Figma,"Product Marketing Manager, Monetization",Marketing,"San Francisco, CA • New York, NY • United States",nontech,mid,0,1,0,buzz,235000,https://boards.greenhouse.io/figma/jobs/5989134004?gh_jid=5989134004
2026-08-04,FIG,Figma,Product Partner Manager ,Business Development,"San Francisco, CA • New York, NY • United States",other,mid,0,0,0,,218000,https://boards.greenhouse.io/figma/jobs/5822583004?gh_jid=5822583004
2026-08-04,FIG,Figma,"Recruiter (Bengaluru, India)",Talent,"Bengaluru, India",nontech,mid,0,0,0,,,https://boards.greenhouse.io/figma/jobs/5993654004?gh_jid=5993654004
2026-08-04,FIG,Figma,"Recruiter (Berlin, Germany)",Talent,"Berlin, Germany",nontech,mid,0,0,0,,,https://boards.greenhouse.io/figma/jobs/6014235004?gh_jid=6014235004
2026-08-04,FIG,Figma,"Recruiter (Paris, France)",Talent,"Paris, France",nontech,mid,0,0,0,,,https://boards.greenhouse.io/figma/jobs/6019700004?gh_jid=6019700004
2026-08-04,FIG,Figma,"Researcher, Core Product Strategy",Design,"San Francisco, CA • New York, NY • United States",research,mid,0,1,0,buzz,209500,https://boards.greenhouse.io/figma/jobs/5651744004?gh_jid=5651744004
2026-08-04,FIG,Figma,"Sales Operations Manager, New Business",Sales,"San Francisco, CA • New York, NY • United States",nontech,mid,0,0,0,,192500,https://boards.greenhouse.io/figma/jobs/5998224004?gh_jid=5998224004
2026-08-04,FIG,Figma,Sales Operations Manager (Singapore),Sales,Singapore,nontech,mid,0,0,0,,,https://boards.greenhouse.io/figma/jobs/6123146004?gh_jid=6123146004
2026-08-04,FIG,Figma,Security Engineer,Engineering,"San Francisco, CA • New York, NY • United States",product_eng,mid,0,1,0,buzz,264500,https://boards.greenhouse.io/figma/jobs/5829751004?gh_jid=5829751004
2026-08-04,FIG,Figma,Senior Accountant,Business Operations,"San Francisco, CA • New York, NY • United States",other,senior,0,0,0,,141000,https://boards.greenhouse.io/figma/jobs/6119198004?gh_jid=6119198004
2026-08-04,FIG,Figma,"Senior Account Executive, SMB",Sales,"San Francisco, CA • New York, NY • United States",demand_validated,senior,0,0,0,,82500,https://boards.greenhouse.io/figma/jobs/5565447004?gh_jid=5565447004
2026-08-04,FIG,Figma,"Senior Account Executive, UK Government (London, United Kingdom)",Sales,"London, England",demand_validated,senior,0,0,0,,,https://boards.greenhouse.io/figma/jobs/5988684004?gh_jid=5988684004
2026-08-04,FIG,Figma,"Senior Analyst, SEC Reporting & Technical Accounting",Business Operations,"San Francisco, CA • New York, NY • United States",nontech,senior,0,0,0,,174000,https://boards.greenhouse.io/figma/jobs/6105538004?gh_jid=6105538004
2026-08-04,FIG,Figma,Senior Credit & Collections Analyst,Business Operations,"San Francisco, CA • New York, NY • United States",other,senior,0,0,0,,,https://boards.greenhouse.io/figma/jobs/5995850004?gh_jid=5995850004
2026-08-04,FIG,Figma,"Senior Manager, Customer Experience & Solutions (Tokyo, Japan)",Sales,"Tokyo, Japan",other,senior,0,0,0,,,https://boards.greenhouse.io/figma/jobs/5856821004?gh_jid=5856821004
2026-08-04,FIG,Figma,"Senior Manager, Enterprise Sales (London, United Kingdom)",Sales,"London, England",nontech,senior,0,0,0,,,https://boards.greenhouse.io/figma/jobs/6124232004?gh_jid=6124232004
2026-08-04,FIG,Figma,"Senior Manager, Enterprise Sales (Tokyo, Japan)",Sales,"Tokyo, Japan",nontech,senior,0,0,0,,,https://boards.greenhouse.io/figma/jobs/5753194004?gh_jid=5753194004
2026-08-04,FIG,Figma,"Senior Manager, Payroll Compliance & International Operations (Sydney, Australia)",Business Operations,"Sydney, Australia",nontech,intern,0,0,0,,,https://boards.greenhouse.io/figma/jobs/6013144004?gh_jid=6013144004
2026-08-04,FIG,Figma,Senior Product Counsel,Legal,"San Francisco, CA • New York, NY • United States",nontech,senior,0,1,0,buzz,260500,https://boards.greenhouse.io/figma/jobs/6104505004?gh_jid=6104505004
2026-08-04,FIG,Figma,Senior Sales Enablement Manager (Singapore),Sales,Singapore,nontech,senior,0,0,0,,,https://boards.greenhouse.io/figma/jobs/6005428004?gh_jid=6005428004
2026-08-04,FIG,Figma,"Senior Sales Enablement Manager (Tokyo, Japan) ",Sales,"Tokyo, Japan",nontech,senior,0,0,0,,,https://boards.greenhouse.io/figma/jobs/6003308004?gh_jid=6003308004
2026-08-04,FIG,Figma,Senior Solutions Consultant (Singapore),Sales,Singapore,other,senior,0,0,0,,,https://boards.greenhouse.io/figma/jobs/6050054004?gh_jid=6050054004
2026-08-04,FIG,Figma,"Senior Technical Revenue Analyst (Dublin, Ireland) ",Business Operations,"Dublin, Ireland",other,senior,0,0,0,,,https://boards.greenhouse.io/figma/jobs/5835673004?gh_jid=5835673004
2026-08-04,FIG,Figma,"Software Engineer, AI Platforms",Engineering,"San Francisco, CA • New York, NY • United States",product_eng,mid,1,6,1,application|model_infra,264500,https://boards.greenhouse.io/figma/jobs/5691886004?gh_jid=5691886004
2026-08-04,FIG,Figma,"Software Engineer, AI Product",Engineering,"San Francisco, CA • New York, NY • United States",product_eng,mid,1,5,0,buzz|general_medium,264500,https://boards.greenhouse.io/figma/jobs/5551730004?gh_jid=5551730004
2026-08-04,FIG,Figma,"Software Engineer, AI Product (London, United Kingdom)",Engineering,"London, England",product_eng,mid,1,10,1,application|buzz,,https://boards.greenhouse.io/figma/jobs/5551697004?gh_jid=5551697004
2026-08-04,FIG,Figma,"Software Engineer, C++",Engineering,"San Francisco, CA • New York, NY • United States",product_eng,mid,0,0,0,,264500,https://boards.greenhouse.io/figma/jobs/5552530004?gh_jid=5552530004
2026-08-04,FIG,Figma,"Software Engineer, Data Infrastructure",Engineering,"San Francisco, CA • New York, NY • United States",product_eng,mid,0,8,0,buzz|data_ml_ops|general_medium,264500,https://boards.greenhouse.io/figma/jobs/5551686004?gh_jid=5551686004
2026-08-04,FIG,Figma,"Software Engineer, Developer Experience",Engineering,"San Francisco, CA • New York, NY • United States",product_eng,mid,0,0,0,,280500,https://boards.greenhouse.io/figma/jobs/5790627004?gh_jid=5790627004
2026-08-04,FIG,Figma,"Software Engineer, Distributed Systems",Engineering,"San Francisco, CA • New York, NY • United States",product_eng,mid,0,0,0,,264500,https://boards.greenhouse.io/figma/jobs/5552549004?gh_jid=5552549004
2026-08-04,FIG,Figma,"Software Engineer - Figma Weave (Tel Aviv, Israel) ",Weavy - Figma Weave,"Tel Aviv, Israel",product_eng,mid,0,0,0,,,https://boards.greenhouse.io/figma/jobs/6073106004?gh_jid=6073106004
2026-08-04,FIG,Figma,"Software Engineer, Full Stack",Engineering,"San Francisco, CA • New York, NY • United States",product_eng,mid,0,0,0,,264500,https://boards.greenhouse.io/figma/jobs/5691911004?gh_jid=5691911004
2026-08-04,FIG,Figma,"Software Engineer, Graphics & Media",Engineering,"San Francisco, CA • New York, NY • United States",product_eng,mid,0,0,0,,264500,https://boards.greenhouse.io/figma/jobs/5552522004?gh_jid=5552522004
2026-08-04,FIG,Figma,"Software Engineer, Growth & Monetization",Engineering,"San Francisco, CA • New York, NY • United States",product_eng,mid,0,0,0,,264500,https://boards.greenhouse.io/figma/jobs/5552560004?gh_jid=5552560004
2026-08-04,FIG,Figma,"Software Engineer, Machine Learning",Engineering,"San Francisco, CA • New York, NY • United States",product_eng,mid,1,24,1,application|buzz|data_ml_ops|general_medium|model_infra,264500,https://boards.greenhouse.io/figma/jobs/5551532004?gh_jid=5551532004
2026-08-04,FIG,Figma,"Software Engineer, Mobile Web",Engineering,"San Francisco, CA • New York, NY • United States",product_eng,mid,0,0,0,,264500,https://boards.greenhouse.io/figma/jobs/6100023004?gh_jid=6100023004
2026-08-04,FIG,Figma,"Software Engineer, Production Engineering",Engineering,"San Francisco, CA • New York, NY • United States",product_eng,mid,0,0,0,,264500,https://boards.greenhouse.io/figma/jobs/5551649004?gh_jid=5551649004
2026-08-04,FIG,Figma,"Software Engineer, Production Engineering  (London, United Kingdom)",Engineering,"London, England",product_eng,mid,0,0,0,,,https://boards.greenhouse.io/figma/jobs/5781928004?gh_jid=5781928004
2026-08-04,FIG,Figma,"Software Engineer, Traffic",Engineering,"San Francisco, CA • New York, NY • United States",product_eng,mid,0,0,0,,264500,https://boards.greenhouse.io/figma/jobs/6102379004?gh_jid=6102379004
2026-08-04,FIG,Figma,Solutions Consultant,Sales,"San Francisco, CA • New York, NY • United States",other,mid,0,0,0,,224400,https://boards.greenhouse.io/figma/jobs/5783377004?gh_jid=5783377004
2026-08-04,FIG,Figma,"Solutions Consultant (Berlin, Germany)",Sales,"Berlin, Germany",other,mid,0,0,0,,,https://boards.greenhouse.io/figma/jobs/5735853004?gh_jid=5735853004
2026-08-04,FIG,Figma,"Solutions Consultant, Federal",Sales,"New York, NY; Washington, DC",other,mid,0,0,0,,180400,https://boards.greenhouse.io/figma/jobs/5981822004?gh_jid=5981822004
2026-08-04,FIG,Figma,"Solutions Consultant (London, United Kingdom)",Sales,"London, England",other,mid,0,0,0,,,https://boards.greenhouse.io/figma/jobs/5735493004?gh_jid=5735493004
2026-08-04,FIG,Figma,"Solutions Consultant, Payload",Sales,"San Francisco, CA • New York, NY • United States",other,mid,0,0,0,,224400,https://boards.greenhouse.io/figma/jobs/6111166004?gh_jid=6111166004
2026-08-04,FIG,Figma,"Solutions Consultant (Sydney, Australia)",Sales,"Sydney, Australia",other,mid,0,0,0,,,https://boards.greenhouse.io/figma/jobs/5993635004?gh_jid=5993635004
2026-08-04,FIG,Figma,Strategic Finance,Business Operations,"San Francisco, CA • New York, NY • United States",nontech,mid,0,0,0,,180000,https://boards.greenhouse.io/figma/jobs/5792631004?gh_jid=5792631004
2026-08-04,FIG,Figma,"Strategic Finance, AI Innovation",Business Operations,"San Francisco, CA • New York, NY • United States",nontech,mid,1,3,1,application,207000,https://boards.greenhouse.io/figma/jobs/6112961004?gh_jid=6112961004
2026-08-04,FIG,Figma,"Strategic Finance, Planning Systems",Business Operations,"San Francisco, CA • New York, NY • United States",nontech,mid,0,3,1,application,207000,https://boards.greenhouse.io/figma/jobs/5998049004?gh_jid=5998049004
2026-08-04,FIG,Figma,"Strategic Program Manager - Figma Weave (New York, United States)",Weavy - Figma Weave,"New York, NY",other,mid,0,4,1,application|buzz,211000,https://boards.greenhouse.io/figma/jobs/6123582004?gh_jid=6123582004
2026-08-04,FIG,Figma,Support Content Engineer,Customer Operations and Support,"San Francisco, CA • New York, NY • United States",product_eng,mid,0,4,1,application|buzz,186000,https://boards.greenhouse.io/figma/jobs/6037719004?gh_jid=6037719004
2026-08-04,FIG,Figma,"Support Engineer, AI Infrastructure",Customer Operations and Support,"San Francisco, CA • New York, NY • United States",product_eng,mid,1,7,1,application|buzz,207000,https://boards.greenhouse.io/figma/jobs/5802956004?gh_jid=5802956004
2026-08-04,FIG,Figma,"Technical Account Manager (London, United Kingdom)",Sales,"London, England",demand_validated,mid,0,4,1,application|buzz,,https://boards.greenhouse.io/figma/jobs/6098063004?gh_jid=6098063004
2026-08-04,FIG,Figma,"Technical Account Manager, Spanish & Portuguese Speaking (São Paulo, Brazil)",Sales,"São Paulo, Brazil",demand_validated,mid,0,4,1,application|buzz,,https://boards.greenhouse.io/figma/jobs/5817394004?gh_jid=5817394004
2026-08-04,FIG,Figma,"Technical Account Manager (Tokyo, Japan)",Sales,"Tokyo, Japan",demand_validated,mid,0,4,1,application|buzz,,https://boards.greenhouse.io/figma/jobs/6006175004?gh_jid=6006175004
2026-08-04,FIG,Figma,"Technical Program Manager, AI Performance",Engineering,"San Francisco, CA • New York, NY • United States",other,mid,1,12,1,application|data_ml_ops|general_medium,251000,https://boards.greenhouse.io/figma/jobs/5837760004?gh_jid=5837760004
2026-08-04,FIG,Figma,"Technical Program Manager, Data",Engineering,"San Francisco, CA • New York, NY • United States",other,mid,0,7,1,application|buzz,251000,https://boards.greenhouse.io/figma/jobs/6009613004?gh_jid=6009613004
2026-08-04,FIG,Figma,"Technical Program Manager, Infrastructure",Engineering,"San Francisco, CA • New York, NY • United States",other,mid,0,0,0,,251000,https://boards.greenhouse.io/figma/jobs/6020719004?gh_jid=6020719004
2026-08-04,FIG,Figma,"Technical Program Manager, Security",Business Operations,"San Francisco, CA • New York, NY • United States",other,mid,0,0,0,,192500,https://boards.greenhouse.io/figma/jobs/5982942004?gh_jid=5982942004
2026-08-04,FIG,Figma,Technical Quality Specialist ,Customer Operations and Support,"San Francisco, CA • New York, NY • United States",other,mid,0,0,0,,,https://boards.greenhouse.io/figma/jobs/6111625004?gh_jid=6111625004
2026-08-04,FIG,Figma,Voice of the Customer Program Manager,Customer Operations and Support,"San Francisco, CA • New York, NY • United States",other,mid,0,0,0,,198000,https://boards.greenhouse.io/figma/jobs/6008343004?gh_jid=6008343004
2026-08-04,FIG,Figma,Workforce Management Analyst,Customer Operations and Support,"San Francisco, CA • New York, NY • United States",other,mid,0,0,0,,158500,https://boards.greenhouse.io/figma/jobs/6099183004?gh_jid=6099183004
2026-08-04,DBX,Dropbox,Account Executive,Direct Sales - AMER (Sub Team),Remote - US: Select locations,demand_validated,mid,0,0,0,,164250,https://jobs.dropbox.com/listing/7908701?gh_jid=7908701
2026-08-04,DBX,Dropbox,Account Executive UKI ,"Direct & Channel Sales, UKI (Sub Team)",Remote - Ireland; Remote - United Kingdom,demand_validated,mid,0,0,0,,,https://jobs.dropbox.com/listing/8051403?gh_jid=8051403
2026-08-04,DBX,Dropbox,"Business Development Manager, Strategic Partnerships",Partnership Management (Sub Team),Remote - Canada: Select locations,other,mid,0,3,1,application,178000,https://jobs.dropbox.com/listing/8048848?gh_jid=8048848
2026-08-04,DBX,Dropbox,"Business Development Manager, Strategic Partnerships",Partnership Management (Sub Team),Remote - US: Select locations,other,mid,0,3,1,application,181800,https://jobs.dropbox.com/listing/8048847?gh_jid=8048847
2026-08-04,DBX,Dropbox,"Director, Head of Scaled Sales",CSO Projects & Vendor Management (Sub Team),Remote - Canada: Select locations,nontech,exec,0,0,0,,,https://jobs.dropbox.com/listing/7848539?gh_jid=7848539
2026-08-04,DBX,Dropbox,"Director, Head of Scaled Sales",CSO Projects & Vendor Management (Sub Team),Remote - US: All locations,nontech,exec,0,0,0,,252050,https://jobs.dropbox.com/listing/7848536?gh_jid=7848536
2026-08-04,DBX,Dropbox,"Director, Product Design",Design Systems (Sub Team),Remote - US: Select locations,other,director,0,0,0,,264100,https://jobs.dropbox.com/listing/7822804?gh_jid=7822804
2026-08-04,DBX,Dropbox,"Director, Product Design",Design Systems (Sub Team),Remote - Canada: Select locations,other,director,0,0,0,,255050,https://jobs.dropbox.com/listing/7822807?gh_jid=7822807
2026-08-04,DBX,Dropbox,Enterprise Context Architect,HR Ops and Technology (Sub Team),Remote - Canada: Select locations,product_eng,mid,0,10,1,application|buzz,152000,https://jobs.dropbox.com/listing/8036650?gh_jid=8036650
2026-08-04,DBX,Dropbox,Enterprise Context Architect,HR Ops and Technology (Sub Team),Remote - US: Select locations,product_eng,mid,0,10,1,application|buzz,178350,https://jobs.dropbox.com/listing/8036649?gh_jid=8036649
2026-08-04,DBX,Dropbox,"Frontend Product Software Engineer, Design Systems",Design Systems (Sub Team),Remote - Mexico,product_eng,mid,0,13,1,application|buzz,,https://jobs.dropbox.com/listing/7862086?gh_jid=7862086
2026-08-04,DBX,Dropbox,Head of Field and Partner Marketing ,Marketing Strategy and Operations (Sub Team),Remote - US: Select locations,nontech,exec,0,0,0,,277800,https://jobs.dropbox.com/listing/8038750?gh_jid=8038750
2026-08-04,DBX,Dropbox,Infrastructure Software Engineer,EPD,Remote - Poland,product_eng,mid,0,0,0,,,https://jobs.dropbox.com/listing/6330377?gh_jid=6330377
2026-08-04,DBX,Dropbox,Principal Product Designer,Design Portfolio (Sub Team),Remote - Canada: Select locations,product_eng,staff_principal,0,4,1,application|buzz,255050,https://jobs.dropbox.com/listing/8003390?gh_jid=8003390
2026-08-04,DBX,Dropbox,Principal Product Designer,Design Portfolio (Sub Team),Remote - US: Select locations,product_eng,staff_principal,0,4,1,application|buzz,264100,https://jobs.dropbox.com/listing/8003387?gh_jid=8003387
2026-08-04,DBX,Dropbox,"Principal Software Engineer, Core Sharing & Collaboration",Eng - Teams and Collab (Sub Team),Remote - Canada: Select locations,product_eng,staff_principal,0,7,1,application|buzz,293800,https://jobs.dropbox.com/listing/8006977?gh_jid=8006977
2026-08-04,DBX,Dropbox,"Principal Software Engineer, Core Sharing & Collaboration",Eng - Teams and Collab (Sub Team),Remote - US: All locations,product_eng,staff_principal,0,7,1,application|buzz,306500,https://jobs.dropbox.com/listing/8006972?gh_jid=8006972
2026-08-04,DBX,Dropbox,"Program Manager, Workforce Planning",Workforce Planning (Sub Team),Remote - Canada: Select locations,other,mid,0,0,0,,151050,https://jobs.dropbox.com/listing/8092225?gh_jid=8092225
2026-08-04,DBX,Dropbox,"Program Manager, Workforce Planning",Workforce Planning (Sub Team),Remote - US: Select locations,other,mid,0,0,0,,161200,https://jobs.dropbox.com/listing/8092224?gh_jid=8092224
2026-08-04,DBX,Dropbox,Senior Compensation Business Partner,Rewards (Sub Team),Remote - US: Select locations,other,senior,0,0,0,,168500,https://jobs.dropbox.com/listing/8050990?gh_jid=8050990
2026-08-04,DBX,Dropbox,Senior Compensation Business Partner,Rewards (Sub Team),Remote - Canada: Select locations,other,senior,0,0,0,,153500,https://jobs.dropbox.com/listing/8050991?gh_jid=8050991
2026-08-04,DBX,Dropbox,"Senior Director, Revenue Operations",GCO Office (Sub Team),Remote - US: All locations,nontech,director,0,0,0,,319300,https://jobs.dropbox.com/listing/8067362?gh_jid=8067362
2026-08-04,DBX,Dropbox,"Senior Director, Revenue Operations",GCO Office (Sub Team),Remote - Canada: Select locations,nontech,director,0,0,0,,,https://jobs.dropbox.com/listing/8067367?gh_jid=8067367
2026-08-04,DBX,Dropbox,"Senior Fullstack Product Software Engineer, Web Experience",Eng - Core Experience (Sub Team),Remote - Canada: Select locations,product_eng,senior,0,2,0,general_medium,224000,https://jobs.dropbox.com/listing/8074707?gh_jid=8074707
2026-08-04,DBX,Dropbox,"Senior Fullstack Product Software Engineer, Web Experience",Eng - Core Experience (Sub Team),Remote - US: Select locations,product_eng,senior,0,2,0,general_medium,227250,https://jobs.dropbox.com/listing/8074704?gh_jid=8074704
2026-08-04,DBX,Dropbox,"Senior Fullstack Product Software Engineer, Web Experience",Eng - Core Experience (Sub Team),Remote - Mexico,product_eng,senior,0,2,0,general_medium,,https://jobs.dropbox.com/listing/8074709?gh_jid=8074709
2026-08-04,DBX,Dropbox,Senior Infrastructure Software Engineer,EPD,Remote - Poland,product_eng,senior,0,0,0,,,https://jobs.dropbox.com/listing/6333181?gh_jid=6333181
2026-08-04,DBX,Dropbox,"Senior Manager, Data Engineering","CTO-Data Science, AI Platform & Eng (Sub Team)",Remote - US: Select locations,product_eng,senior,0,3,1,application,227250,https://jobs.dropbox.com/listing/8090062?gh_jid=8090062
2026-08-04,DBX,Dropbox,Senior Product Marketing Operations Manager,Core PMM (Sub Team),Remote - US: Select locations,nontech,senior,0,0,0,,207550,https://jobs.dropbox.com/listing/8070685?gh_jid=8070685
2026-08-04,DBX,Dropbox,Senior Product Marketing Operations Manager,Core PMM (Sub Team),Remote - Canada: Select locations,nontech,senior,0,0,0,,,https://jobs.dropbox.com/listing/8070686?gh_jid=8070686
2026-08-04,DBX,Dropbox,Senior Sales Strategy & Operations Manager - APJ (Remote),CSO Projects & Vendor Management (Sub Team),Remote - Japan,nontech,senior,0,0,0,,,https://jobs.dropbox.com/listing/8075225?gh_jid=8075225
2026-08-04,DBX,Dropbox,"Staff Fullstack Software Engineer, Core Performance",Eng - Growth (Sub Team),Remote - US: All locations,product_eng,staff_principal,0,3,1,application,267200,https://jobs.dropbox.com/listing/7421149?gh_jid=7421149
2026-08-04,DBX,Dropbox,"Staff Fullstack Software Engineer, Core Performance",Eng - Growth (Sub Team),Remote - Canada: Select locations,product_eng,staff_principal,0,3,1,application,241050,https://jobs.dropbox.com/listing/7421153?gh_jid=7421153
2026-08-04,DBX,Dropbox,Staff Product Designer,Design - Core Experience (Sub Team),Remote - US: Select locations,product_eng,staff_principal,0,1,0,buzz,224700,https://jobs.dropbox.com/listing/8092712?gh_jid=8092712
2026-08-04,DBX,Dropbox,Staff Product Designer,Design - Core Experience (Sub Team),Remote - Canada: Select locations,product_eng,staff_principal,0,1,0,buzz,210000,https://jobs.dropbox.com/listing/8092715?gh_jid=8092715
2026-08-04,HUBS,HubSpot,Account Executive- Corporate/Enterprise,Sales,"Office - Bengaluru, India",demand_validated,mid,0,0,0,,,https://www.hubspot.com/careers/jobs/7005836?gh_jid=7005836
2026-08-04,HUBS,HubSpot,Account Executive (English and Portuguese Fluency Required),Sales,"Bogotá, Colombia",demand_validated,mid,0,0,0,,,https://www.hubspot.com/careers/jobs/5988684?gh_jid=5988684
2026-08-04,HUBS,HubSpot,Account Executive - Enterprise,Sales,Remote - USA,demand_validated,mid,0,0,0,,264000,https://www.hubspot.com/careers/jobs/5990250?gh_jid=5990250
2026-08-04,HUBS,HubSpot,Account Executive - Latin America,Sales,"Bogotá, Colombia",demand_validated,mid,0,0,0,,,https://www.hubspot.com/careers/jobs/5988680?gh_jid=5988680
2026-08-04,HUBS,HubSpot,"Account Executive (Mexican territory, Colombia based)",Sales,Remote - Colombia,demand_validated,mid,0,0,0,,,https://www.hubspot.com/careers/jobs/7137634?gh_jid=7137634
2026-08-04,HUBS,HubSpot,Account Executive - Mid-Market,Sales,Remote - USA,demand_validated,mid,0,0,0,,122500,https://www.hubspot.com/careers/jobs/5990166?gh_jid=5990166
2026-08-04,HUBS,HubSpot,"Account Executive, Mid Market",Sales,"Office - Bengaluru, India",demand_validated,mid,0,0,0,,,https://www.hubspot.com/careers/jobs/5990863?gh_jid=5990863
2026-08-04,HUBS,HubSpot,"Account Executive - Mid Market, DACH",Sales,"Berlin, Germany",demand_validated,mid,0,0,0,,,https://www.hubspot.com/careers/jobs/5986425?gh_jid=5986425
2026-08-04,HUBS,HubSpot,"Account Executive - Mid Market, DACH (Remote)",Sales,Remote - Germany,demand_validated,mid,0,0,0,,,https://www.hubspot.com/careers/jobs/5986426?gh_jid=5986426
2026-08-04,HUBS,HubSpot,Account Executive - Mid-Market (Ontario & Quebec ONLY),Sales,"Remote - Ontario, Canada",demand_validated,mid,0,0,0,,190000,https://www.hubspot.com/careers/jobs/5988617?gh_jid=5988617
2026-08-04,HUBS,HubSpot,"Account Executive, Mid Market - Sub Saharan Africa",Sales,Remote - Ireland,demand_validated,mid,0,0,0,,,https://www.hubspot.com/careers/jobs/5986400?gh_jid=5986400
2026-08-04,HUBS,HubSpot,"Account Executive, Mid Market - Sub Saharan Africa",Sales,Remote - United Kingdom,demand_validated,mid,0,0,0,,,https://www.hubspot.com/careers/jobs/6024525?gh_jid=6024525
2026-08-04,HUBS,HubSpot,Account Executive - Small Business,Sales,"Sydney, Australia",demand_validated,mid,0,0,0,,,https://www.hubspot.com/careers/jobs/7660473?gh_jid=7660473
2026-08-04,HUBS,HubSpot,Account Executive - Small Business,Sales,Remote - Australia,demand_validated,mid,0,0,0,,,https://www.hubspot.com/careers/jobs/7660474?gh_jid=7660474
2026-08-04,HUBS,HubSpot,Account Executive - Small Business,Sales,"Remote - Ontario, Canada",demand_validated,mid,0,0,0,,139300,https://www.hubspot.com/careers/jobs/5988676?gh_jid=5988676
2026-08-04,HUBS,HubSpot,Account Executive - Small Business ,Sales,Remote - USA,demand_validated,mid,0,0,0,,137000,https://www.hubspot.com/careers/jobs/5990225?gh_jid=5990225
2026-08-04,HUBS,HubSpot,"Account Executive, Small Business",Sales,"Office - Bengaluru, India",demand_validated,mid,0,0,0,,,https://www.hubspot.com/careers/jobs/5990860?gh_jid=5990860
2026-08-04,HUBS,HubSpot,"Account Executive, Small Business ",Sales,Singapore,demand_validated,mid,0,0,0,,,https://www.hubspot.com/careers/jobs/5990854?gh_jid=5990854
2026-08-04,HUBS,HubSpot,"Account Executive, Small Business - Benelux (English Speaking)",Sales,"Dublin, Ireland",demand_validated,mid,0,0,0,,,https://www.hubspot.com/careers/jobs/7120217?gh_jid=7120217
2026-08-04,HUBS,HubSpot,"Account Executive, Small Business - Benelux (English Speaking)",Sales,"London, United Kingdom",demand_validated,mid,0,0,0,,,https://www.hubspot.com/careers/jobs/7120216?gh_jid=7120216
2026-08-04,HUBS,HubSpot,"Account Executive, Small Business - Central & East Europe ",Sales,Remote - Ireland,demand_validated,mid,0,0,0,,,https://www.hubspot.com/careers/jobs/5986171?gh_jid=5986171
2026-08-04,HUBS,HubSpot,"Account Executive, Small Business - Central & East Europe ",Sales,Remote - Germany,demand_validated,mid,0,0,0,,,https://www.hubspot.com/careers/jobs/5986173?gh_jid=5986173
2026-08-04,HUBS,HubSpot,"Account Executive - Small Business - Ireland OR UK Based (Office, Flex or Remote)",Sales,"Dublin, Ireland",demand_validated,mid,0,0,0,,,https://www.hubspot.com/careers/jobs/5986251?gh_jid=5986251
2026-08-04,HUBS,HubSpot, Account Executive Small Business Italy ,Sales,"Dublin, Ireland",demand_validated,mid,0,0,0,,,https://www.hubspot.com/careers/jobs/6382666?gh_jid=6382666
2026-08-04,HUBS,HubSpot,Account Executive (Small Business) - Middle East & Africa ,Sales,"Dublin, Ireland",demand_validated,mid,0,0,0,,,https://www.hubspot.com/careers/jobs/5986944?gh_jid=5986944
2026-08-04,HUBS,HubSpot,Account Executive (Small Business) - Middle East & Africa ,Sales,"Flex - London, United Kingdom",demand_validated,mid,0,0,0,,,https://www.hubspot.com/careers/jobs/5986953?gh_jid=5986953
2026-08-04,HUBS,HubSpot,"Account Executive, Small Business - Nordics & Benelux (English Speaking)",Sales,"Flex - London, United Kingdom",demand_validated,mid,0,0,0,,,https://www.hubspot.com/careers/jobs/6158968?gh_jid=6158968
2026-08-04,HUBS,HubSpot,"Account Executive, Small Business - Nordics & Benelux (English Speaking)",Sales,"Flex - Dublin, Ireland",demand_validated,mid,0,0,0,,,https://www.hubspot.com/careers/jobs/5986964?gh_jid=5986964
2026-08-04,HUBS,HubSpot,"Account Executive, Small Business - Nordics (English Speaking)",Sales,"Flex - Dublin, Ireland",demand_validated,mid,0,0,0,,,https://www.hubspot.com/careers/jobs/7292159?gh_jid=7292159
2026-08-04,HUBS,HubSpot,"Account Executive, Small Business - Nordics (English Speaking)",Sales,"Flex - London, United Kingdom",demand_validated,mid,0,0,0,,,https://www.hubspot.com/careers/jobs/7292157?gh_jid=7292157
2026-08-04,HUBS,HubSpot,"Account Executive, Small Business - Nordics (English Speaking)",Sales,"London, United Kingdom",demand_validated,mid,0,0,0,,,https://www.hubspot.com/careers/jobs/5986372?gh_jid=5986372
2026-08-04,HUBS,HubSpot,"Account Executive, Small Business - Nordics (English Speaking)",Sales,"Dublin, Ireland",demand_validated,mid,0,0,0,,,https://www.hubspot.com/careers/jobs/5986374?gh_jid=5986374
2026-08-04,HUBS,HubSpot,"Account Executive, Small Business - Nordics (English Speaking)",Sales,Remote - Ireland,demand_validated,mid,0,0,0,,,https://www.hubspot.com/careers/jobs/7292163?gh_jid=7292163
2026-08-04,HUBS,HubSpot,"Account Executive, Small Business - Nordics (English Speaking)",Sales,Remote - United Kingdom,demand_validated,mid,0,0,0,,,https://www.hubspot.com/careers/jobs/7292158?gh_jid=7292158
2026-08-04,HUBS,HubSpot,"Account Executive - Small Business - UK Based (Office, Flex or Remote)",Sales,"London, United Kingdom",demand_validated,mid,0,0,0,,,https://www.hubspot.com/careers/jobs/5986253?gh_jid=5986253
2026-08-04,HUBS,HubSpot,Account Executive SMB -France  ,Sales,"Flex - Paris, France",demand_validated,mid,0,0,0,,,https://www.hubspot.com/careers/jobs/5985924?gh_jid=5985924
2026-08-04,HUBS,HubSpot,Account Executive SMB -France  ,Sales,Remote - France,demand_validated,mid,0,0,0,,,https://www.hubspot.com/careers/jobs/5985923?gh_jid=5985923
2026-08-04,HUBS,HubSpot,Associate Contract Manager (Renewal Specialist) NAM Accounts ,Scaled CS,Remote - Colombia,other,mid,0,0,0,,,https://www.hubspot.com/careers/jobs/6361650?gh_jid=6361650
2026-08-04,HUBS,HubSpot,Associate Inbound Sales Representative,Marketing,"Sydney, Australia",nontech,mid,0,0,0,,,https://www.hubspot.com/careers/jobs/8098031?gh_jid=8098031
2026-08-04,HUBS,HubSpot,BDR Manager ,Sales,"Dublin, Ireland",other,mid,0,0,0,,,https://www.hubspot.com/careers/jobs/7777236?gh_jid=7777236
2026-08-04,HUBS,HubSpot,	インサイドセールス / Business Development Rep (BDR),Sales,"Tokyo, Japan",other,mid,0,0,0,,,https://www.hubspot.com/careers/jobs/7083778?gh_jid=7083778
2026-08-04,HUBS,HubSpot,Business Development Representative - Benelux,Sales,"Flex - Dublin, Ireland",other,mid,0,0,0,,,https://www.hubspot.com/careers/jobs/8038109?gh_jid=8038109
2026-08-04,HUBS,HubSpot,Business Development Representative - CEE region,Sales,"Dublin, Ireland",other,mid,0,0,0,,,https://www.hubspot.com/careers/jobs/8043166?gh_jid=8043166
2026-08-04,HUBS,HubSpot,Business Development Representative - CEE region ,Sales,Remote - Ireland,other,mid,0,0,0,,,https://www.hubspot.com/careers/jobs/8036256?gh_jid=8036256
2026-08-04,HUBS,HubSpot,Business Development Representative - DACH,Sales,Remote - Germany,other,mid,0,0,0,,,https://www.hubspot.com/careers/jobs/8044985?gh_jid=8044985
2026-08-04,HUBS,HubSpot,Business Development Representative - DACH,Sales,"Berlin, Germany",other,mid,0,0,0,,,https://www.hubspot.com/careers/jobs/8035828?gh_jid=8035828
2026-08-04,HUBS,HubSpot,Business Development Representative  - French,Sales,"Flex - Paris, France",other,mid,0,0,0,,,https://www.hubspot.com/careers/jobs/7032040?gh_jid=7032040
2026-08-04,HUBS,HubSpot,Business Development Representative  - French,Sales,"Paris, France",other,mid,0,0,0,,,https://www.hubspot.com/careers/jobs/4930713?gh_jid=4930713
2026-08-04,HUBS,HubSpot,Business Development Representative  - French,Sales,Remote - France,other,mid,0,0,0,,,https://www.hubspot.com/careers/jobs/4930715?gh_jid=4930715
2026-08-04,HUBS,HubSpot,Business Development Representative - Nordics,Sales,"Flex - Dublin, Ireland",other,mid,0,0,0,,,https://www.hubspot.com/careers/jobs/8038107?gh_jid=8038107
2026-08-04,HUBS,HubSpot,Business Development Representative - UKI,Sales,"Flex - Dublin, Ireland",other,mid,0,0,0,,,https://www.hubspot.com/careers/jobs/8038099?gh_jid=8038099
2026-08-04,HUBS,HubSpot,"Contract Renewals Manager, Upmarket - Dutch Speaking",Account Management,Remote - United Kingdom,other,mid,0,0,0,,,https://www.hubspot.com/careers/jobs/7610302?gh_jid=7610302
2026-08-04,HUBS,HubSpot,"Contract Renewals Manager, Upmarket - Dutch Speaking",Account Management,Remote - Belgium,other,mid,0,0,0,,,https://www.hubspot.com/careers/jobs/6883510?gh_jid=6883510
2026-08-04,HUBS,HubSpot,"Contract Renewals Manager, Upmarket - Dutch Speaking",Account Management,Remote - Ireland,other,mid,0,0,0,,,https://www.hubspot.com/careers/jobs/6871271?gh_jid=6871271
2026-08-04,HUBS,HubSpot,Corporate Account Executive (Based in Colombia),Sales,Remote - Colombia,demand_validated,mid,0,0,0,,,https://www.hubspot.com/careers/jobs/5990858?gh_jid=5990858
2026-08-04,HUBS,HubSpot,"Corporate Account Executive (Mexican territory, Colombia based)",Sales,Remote - Colombia,demand_validated,mid,0,0,0,,,https://www.hubspot.com/careers/jobs/7194406?gh_jid=7194406
2026-08-04,HUBS,HubSpot,"Customer Success Manager, 1:Few (Trilingual in English, Spanish & Portuguese)",Account Management,Remote - Colombia,demand_validated,mid,0,0,0,,,https://www.hubspot.com/careers/jobs/7095005?gh_jid=7095005
2026-08-04,HUBS,HubSpot,"Customer Success Manager, Small Business | ANZ ",Account Management,Remote - Australia,demand_validated,mid,0,0,0,,,https://www.hubspot.com/careers/jobs/7691174?gh_jid=7691174
2026-08-04,HUBS,HubSpot,"Customer Success Manager, Small Business | ANZ ",Account Management,"Sydney, Australia",demand_validated,mid,0,0,0,,,https://www.hubspot.com/careers/jobs/6306075?gh_jid=6306075
2026-08-04,HUBS,HubSpot,Customer Support Specialist,Customer Support,"Office - Bengaluru, India",nontech,mid,0,0,0,,,https://www.hubspot.com/careers/jobs/5913304?gh_jid=5913304
2026-08-04,HUBS,HubSpot,DACH Customer Onboarding Specialist - OPEN UNTIL 17th July,Services,Remote - United Kingdom,other,mid,0,0,0,,,https://www.hubspot.com/careers/jobs/8059479?gh_jid=8059479
2026-08-04,HUBS,HubSpot,DACH Senior Customer Onboarding Specialist,Services,"Berlin, Germany",other,senior,0,0,0,,,https://www.hubspot.com/careers/jobs/8059437?gh_jid=8059437
2026-08-04,HUBS,HubSpot,DACH Senior Customer Onboarding Specialist,Services,"Dublin, Ireland",other,senior,0,0,0,,,https://www.hubspot.com/careers/jobs/8008050?gh_jid=8008050
2026-08-04,HUBS,HubSpot,Deal Desk Analyst,Operations,"Office - Bengaluru, India",other,mid,0,0,0,,,https://www.hubspot.com/careers/jobs/8002751?gh_jid=8002751
2026-08-04,HUBS,HubSpot,Director Legal Strategic Partnerships,Legal,Remote - USA,nontech,director,0,0,0,,319055,https://www.hubspot.com/careers/jobs/7459598?gh_jid=7459598
2026-08-04,HUBS,HubSpot,Field Marketer,Marketing,"Tokyo, Japan",other,mid,0,0,0,,,https://www.hubspot.com/careers/jobs/7453017?gh_jid=7453017
2026-08-04,HUBS,HubSpot,French Associate Contract Manager ,Scaled CS,Remote - France,other,mid,0,0,0,,,https://www.hubspot.com/careers/jobs/8090666?gh_jid=8090666
2026-08-04,HUBS,HubSpot,French Associate Contract Manager ,Scaled CS,Remote - Ireland,other,mid,0,0,0,,,https://www.hubspot.com/careers/jobs/8090664?gh_jid=8090664
2026-08-04,HUBS,HubSpot,German Customer Support Specialist,Customer Support,Remote - Ireland,nontech,mid,0,0,0,,,https://www.hubspot.com/careers/jobs/5097150?gh_jid=5097150
2026-08-04,HUBS,HubSpot,German Customer Support Specialist,Customer Support,"Dublin, Ireland",nontech,mid,0,0,0,,,https://www.hubspot.com/careers/jobs/5094673?gh_jid=5094673
2026-08-04,HUBS,HubSpot,"German Lead Customer Success Manager, Strategic Accounts",Account Management,"Berlin, Germany",demand_validated,senior,0,0,0,,,https://www.hubspot.com/careers/jobs/7807288?gh_jid=7807288
2026-08-04,HUBS,HubSpot,"German Lead Customer Success Manager, Strategic Accounts",Account Management,"Dublin, Ireland",demand_validated,senior,0,0,0,,,https://www.hubspot.com/careers/jobs/7795461?gh_jid=7795461
2026-08-04,HUBS,HubSpot,JAPAC Lead Partner Solutions Architect,Account Management,"Flex - Sydney, Australia",demand_validated,senior,0,0,0,,,https://www.hubspot.com/careers/jobs/7661444?gh_jid=7661444
2026-08-04,HUBS,HubSpot,"Lead Account Executive, Corporate ANZ",Sales,"Sydney, Australia",demand_validated,senior,0,0,0,,,https://www.hubspot.com/careers/jobs/7605755?gh_jid=7605755
2026-08-04,HUBS,HubSpot,"Lead Account Executive, Corporate ANZ",Sales,Remote - Australia,demand_validated,senior,0,0,0,,,https://www.hubspot.com/careers/jobs/7597504?gh_jid=7597504
2026-08-04,HUBS,HubSpot,"Lead Account Executive, Corporate - UKI",Sales,"Dublin, Ireland",demand_validated,senior,0,0,0,,,https://www.hubspot.com/careers/jobs/5986931?gh_jid=5986931
2026-08-04,HUBS,HubSpot,"Lead Account Executive, Corporate - UKI",Sales,"London, United Kingdom",demand_validated,senior,0,0,0,,,https://www.hubspot.com/careers/jobs/5986933?gh_jid=5986933
2026-08-04,HUBS,HubSpot,"  Lead Account Executive, Specialisation - Corporate - DACH (Germany Based)",Sales,Remote - Germany,demand_validated,senior,0,0,0,,,https://www.hubspot.com/careers/jobs/8030169?gh_jid=8030169
2026-08-04,HUBS,HubSpot," Lead Account Executive, Specialisation - Corporate - DACH (Ireland Based)",Sales,"Flex - Dublin, Ireland",demand_validated,senior,0,0,0,,,https://www.hubspot.com/careers/jobs/8030166?gh_jid=8030166
2026-08-04,HUBS,HubSpot,"Lead Account Executive, Specialisation - Corporate - UKI (Ireland Based)",Sales,"Flex - Dublin, Ireland",demand_validated,senior,0,0,0,,,https://www.hubspot.com/careers/jobs/8030158?gh_jid=8030158
2026-08-04,HUBS,HubSpot," Lead Account Executive, Specialisation - Corporate - UKI (UK Based)",Sales,"Flex - London, United Kingdom",demand_validated,senior,0,0,0,,,https://www.hubspot.com/careers/jobs/8030159?gh_jid=8030159
2026-08-04,HUBS,HubSpot,"Lead Account Executive, Specialization",Sales,Remote - USA,demand_validated,senior,0,0,0,,214500,https://www.hubspot.com/careers/jobs/8060346?gh_jid=8060346
2026-08-04,HUBS,HubSpot,"Lead Account Executive, Specialization ",Sales,Remote - Australia,demand_validated,senior,0,0,0,,,https://www.hubspot.com/careers/jobs/8087837?gh_jid=8087837
2026-08-04,HUBS,HubSpot,"Lead Account Executive, Specialization ",Sales,"Sydney, Australia",demand_validated,senior,0,0,0,,,https://www.hubspot.com/careers/jobs/8087838?gh_jid=8087838
2026-08-04,HUBS,HubSpot,Lead Compensation Analyst,People Team,Remote - USA,other,senior,0,0,0,,156150,https://www.hubspot.com/careers/jobs/8075674?gh_jid=8075674
2026-08-04,HUBS,HubSpot,Lead PreSales Engineer - German Speaking,Sales,Remote - Germany,demand_validated,senior,0,0,0,,,https://www.hubspot.com/careers/jobs/6887348?gh_jid=6887348
2026-08-04,HUBS,HubSpot,"Lead Product Marketer, Developer Products",Marketing,Remote - USA,product_eng,senior,0,0,0,,180000,https://www.hubspot.com/careers/jobs/7656911?gh_jid=7656911
2026-08-04,HUBS,HubSpot,"Lead Product Marketer, Marketplace & Builder Products",Marketing,Remote - USA,other,senior,0,0,0,,180000,https://www.hubspot.com/careers/jobs/7982144?gh_jid=7982144
2026-08-04,HUBS,HubSpot,Lead Services Consultant,Account Management,Remote - Ireland,other,senior,0,0,0,,,https://www.hubspot.com/careers/jobs/8064920?gh_jid=8064920
2026-08-04,HUBS,HubSpot,Lead Services Consultant,Account Management,Remote - United Kingdom,other,senior,0,0,0,,,https://www.hubspot.com/careers/jobs/8083294?gh_jid=8083294
2026-08-04,HUBS,HubSpot,"Lead Solutions Engineer (IC), Japan (P)",Sales,"Tokyo, Japan",demand_validated,senior,0,0,0,,,https://www.hubspot.com/careers/jobs/7953436?gh_jid=7953436
2026-08-04,HUBS,HubSpot,"Manager, Mid-Market Sales",Sales,Remote - USA,nontech,mid,0,0,0,,,https://www.hubspot.com/careers/jobs/7973938?gh_jid=7973938
2026-08-04,HUBS,HubSpot,Manager - Mid Market Sales - Japan,Sales,"Tokyo, Japan",nontech,mid,0,0,0,,,https://www.hubspot.com/careers/jobs/6207751?gh_jid=6207751
2026-08-04,HUBS,HubSpot,"Manager, Security GRC - Compliance Onboarding & Readiness",Security,Remote - USA,other,mid,0,0,0,,170950,https://www.hubspot.com/careers/jobs/7988025?gh_jid=7988025
2026-08-04,HUBS,HubSpot,Mid-Market Account Executive - Central & East Europe,Sales,Remote - Ireland,demand_validated,mid,0,0,0,,,https://www.hubspot.com/careers/jobs/5986419?gh_jid=5986419
2026-08-04,HUBS,HubSpot,Mid-Market Account Executive - Central & East Europe ,Sales,Remote - Germany,demand_validated,mid,0,0,0,,,https://www.hubspot.com/careers/jobs/5986418?gh_jid=5986418
2026-08-04,HUBS,HubSpot,"Mid-Market Account Executive, DACH (German Speaker - Ireland Based)",Sales,"Dublin, Ireland",demand_validated,mid,0,0,0,,,https://www.hubspot.com/careers/jobs/5986430?gh_jid=5986430
2026-08-04,HUBS,HubSpot,"Mid-Market Account Executive, DACH (German Speaker - Remote, Ireland Based)",Sales,Remote - Ireland,demand_validated,mid,0,0,0,,,https://www.hubspot.com/careers/jobs/5986433?gh_jid=5986433
2026-08-04,HUBS,HubSpot,Outbound Business Development Representative - ANZ,Sales,"Flex - Sydney, Australia",other,mid,0,0,0,,,https://www.hubspot.com/careers/jobs/8034906?gh_jid=8034906
2026-08-04,HUBS,HubSpot,Outbound Business Development Representative - ANZ,Sales,"Sydney, Australia",other,mid,0,0,0,,,https://www.hubspot.com/careers/jobs/8040674?gh_jid=8040674
2026-08-04,HUBS,HubSpot,Outbound Business Development Representative (BDR),Sales,Remote - USA,other,mid,0,0,0,,71900,https://www.hubspot.com/careers/jobs/8031160?gh_jid=8031160
2026-08-04,HUBS,HubSpot,Outbound Business Development Representative (BDR),Sales,"Cambridge, MA, USA",other,mid,0,0,0,,71900,https://www.hubspot.com/careers/jobs/8035238?gh_jid=8035238
2026-08-04,HUBS,HubSpot,Principal Machine Learning Engineer- AI Context ,Engineering,Remote - USA,product_eng,staff_principal,1,30,1,application|buzz|general_medium|model_infra,,https://www.hubspot.com/careers/jobs/8064342?gh_jid=8064342
2026-08-04,HUBS,HubSpot,"Principal Software Engineer, Developer Acceleration (Release Engineering)",Engineering,"Cambridge, MA, USA",product_eng,staff_principal,0,6,1,application,346050,https://www.hubspot.com/careers/jobs/8046596?gh_jid=8046596
2026-08-04,HUBS,HubSpot,"Principal Software Engineer, Developer Acceleration (Release Engineering)",Engineering,Remote - USA,product_eng,staff_principal,0,6,1,application,346050,https://www.hubspot.com/careers/jobs/7988809?gh_jid=7988809
2026-08-04,HUBS,HubSpot,"Principal Software Engineer, Frontend - Design Systems",Engineering,Remote - USA,product_eng,staff_principal,0,3,1,application,346050,https://www.hubspot.com/careers/jobs/8027643?gh_jid=8027643
2026-08-04,HUBS,HubSpot,Principal Software Engineer - Revenue Hub,Engineering,Remote - USA,product_eng,staff_principal,0,6,1,application,346050,https://www.hubspot.com/careers/jobs/8071689?gh_jid=8071689
2026-08-04,HUBS,HubSpot,Principal Software Engineer - Revenue Hub,Engineering,"Cambridge, MA, USA",product_eng,staff_principal,0,6,1,application,346050,https://www.hubspot.com/careers/jobs/6740377?gh_jid=6740377
2026-08-04,HUBS,HubSpot,"Principal Software Engineer, Security",Engineering,Remote - USA,product_eng,staff_principal,0,1,0,buzz,346050,https://www.hubspot.com/careers/jobs/7210131?gh_jid=7210131
2026-08-04,HUBS,HubSpot,"Principal Software Engineer, Security, Detection & Response",Engineering,Remote - USA,product_eng,staff_principal,0,0,0,,346050,https://www.hubspot.com/careers/jobs/7621322?gh_jid=7621322
2026-08-04,HUBS,HubSpot,Principal Systems Engineer,Business Technology,Remote - USA,product_eng,staff_principal,0,0,0,,202800,https://www.hubspot.com/careers/jobs/7962567?gh_jid=7962567
2026-08-04,HUBS,HubSpot,Sales Development Representative - EMEA France,Sales,"Flex - Paris, France",nontech,mid,0,0,0,,,https://www.hubspot.com/careers/jobs/8044930?gh_jid=8044930
2026-08-04,HUBS,HubSpot,Sales Development Representative - EMEA UKI ,Sales,"Flex - Dublin, Ireland",nontech,mid,0,0,0,,,https://www.hubspot.com/careers/jobs/8043834?gh_jid=8043834
2026-08-04,HUBS,HubSpot,"Sales Manager, Corporate ",Account Management,Remote - USA,nontech,mid,0,0,0,,314000,https://www.hubspot.com/careers/jobs/8079407?gh_jid=8079407
2026-08-04,HUBS,HubSpot,"Sales Manager, Small Business",Sales,Remote - USA,nontech,mid,0,0,0,,,https://www.hubspot.com/careers/jobs/5831802?gh_jid=5831802
2026-08-04,HUBS,HubSpot,SDR Manager (Sales Development Manager),Marketing,"Dublin, Ireland",nontech,mid,0,0,0,,,https://www.hubspot.com/careers/jobs/8059477?gh_jid=8059477
2026-08-04,HUBS,HubSpot,Senior Account Executive - Mid-Market,Sales,Remote - Australia,demand_validated,senior,0,0,0,,,https://www.hubspot.com/careers/jobs/6860840?gh_jid=6860840
2026-08-04,HUBS,HubSpot,Senior Account Executive - Mid-Market,Sales,"Sydney, Australia",demand_validated,senior,0,0,0,,,https://www.hubspot.com/careers/jobs/5990867?gh_jid=5990867
2026-08-04,HUBS,HubSpot,"Senior Account Executive,  Mid Market  - Benelux (English Speaking)",Sales,Remote - Ireland,demand_validated,senior,0,0,0,,,https://www.hubspot.com/careers/jobs/5983376?gh_jid=5983376
2026-08-04,HUBS,HubSpot,"Senior Account Executive,  Mid Market  - Benelux (English Speaking)",Sales,"Flex - London, United Kingdom",demand_validated,senior,0,0,0,,,https://www.hubspot.com/careers/jobs/5983374?gh_jid=5983374
2026-08-04,HUBS,HubSpot,"Senior Account Executive, Mid-Market -France",Sales,"Flex - Paris, France",demand_validated,senior,0,0,0,,,https://www.hubspot.com/careers/jobs/6668357?gh_jid=6668357
2026-08-04,HUBS,HubSpot,"Senior Account Executive, Mid-Market -France",Sales,Remote - France,demand_validated,senior,0,0,0,,,https://www.hubspot.com/careers/jobs/5986119?gh_jid=5986119
2026-08-04,HUBS,HubSpot,"Senior Account Executive, Mid-Market -France",Sales,"Paris, France",demand_validated,senior,0,0,0,,,https://www.hubspot.com/careers/jobs/5986120?gh_jid=5986120
2026-08-04,HUBS,HubSpot,"Senior Account Executive, Mid-Market -France",Sales,"Dublin, Ireland",demand_validated,senior,0,0,0,,,https://www.hubspot.com/careers/jobs/5986122?gh_jid=5986122
2026-08-04,HUBS,HubSpot,"Senior Account Executive, Mid-Market -France",Sales,"Flex - Paris, France",demand_validated,senior,0,0,0,,,https://www.hubspot.com/careers/jobs/6649361?gh_jid=6649361
2026-08-04,HUBS,HubSpot,"Senior Account Executive, Mid Market - Nordics (English Speaking)",Sales,"Dublin, Ireland",demand_validated,senior,0,0,0,,,https://www.hubspot.com/careers/jobs/5986345?gh_jid=5986345
2026-08-04,HUBS,HubSpot,"Senior Account Executive, Mid Market - Nordics (English Speaking)",Sales,"London, United Kingdom",demand_validated,senior,0,0,0,,,https://www.hubspot.com/careers/jobs/5986346?gh_jid=5986346
2026-08-04,HUBS,HubSpot,"Senior Account Executive, Mid-Market UKI",Sales,"Dublin, Ireland",demand_validated,senior,0,0,0,,,https://www.hubspot.com/careers/jobs/6879961?gh_jid=6879961
2026-08-04,HUBS,HubSpot,"Senior Account Executive, Mid-Market UKI",Sales,Remote - United Kingdom,demand_validated,senior,0,0,0,,,https://www.hubspot.com/careers/jobs/6879960?gh_jid=6879960
2026-08-04,HUBS,HubSpot,Senior Account Executive - Small Business,Sales,"Sydney, Australia",demand_validated,senior,0,0,0,,,https://www.hubspot.com/careers/jobs/7965189?gh_jid=7965189
2026-08-04,HUBS,HubSpot,Senior Account Executive - Small Business,Sales,Remote - Australia,demand_validated,senior,0,0,0,,,https://www.hubspot.com/careers/jobs/7965207?gh_jid=7965207
2026-08-04,HUBS,HubSpot,Senior Account Executive - Specialisation -  UKI - (Ireland Based),Sales,"Flex - Dublin, Ireland",demand_validated,senior,0,0,0,,,https://www.hubspot.com/careers/jobs/8030171?gh_jid=8030171
2026-08-04,HUBS,HubSpot, Senior Account Executive - Specialisation -  UKI (UK Based),Sales,Remote - United Kingdom,demand_validated,senior,0,0,0,,,https://www.hubspot.com/careers/jobs/8030173?gh_jid=8030173
2026-08-04,HUBS,HubSpot,"Senior Account Executive, Specialization",Sales,Remote - USA,demand_validated,senior,0,0,0,,175000,https://www.hubspot.com/careers/jobs/7411473?gh_jid=7411473
2026-08-04,HUBS,HubSpot,"Senior Business Systems Analyst, Legal Technology",Business Technology,Remote - USA,nontech,senior,0,9,1,application,138650,https://www.hubspot.com/careers/jobs/8092504?gh_jid=8092504
2026-08-04,HUBS,HubSpot,Senior Corporate Strategy Manager - Pricing,Operations,Remote - USA,other,senior,0,0,0,,144000,https://www.hubspot.com/careers/jobs/7774503?gh_jid=7774503
2026-08-04,HUBS,HubSpot,Senior Customer Success Manager | Corporate ANZ,Account Management,Remote - Australia,demand_validated,senior,0,0,0,,,https://www.hubspot.com/careers/jobs/8082849?gh_jid=8082849
2026-08-04,HUBS,HubSpot,Senior Customer Success Manager | Corporate ANZ,Account Management,"Sydney, Australia",demand_validated,senior,0,0,0,,,https://www.hubspot.com/careers/jobs/5898882?gh_jid=5898882
2026-08-04,HUBS,HubSpot,Senior Engineering Manager,Engineering,Remote - USA,product_eng,senior,0,3,1,application,336890,https://www.hubspot.com/careers/jobs/7906651?gh_jid=7906651
2026-08-04,HUBS,HubSpot,Senior Growth Marketer,Marketing,Remote - USA,other,senior,0,0,0,,118500,https://www.hubspot.com/careers/jobs/8013715?gh_jid=8013715
2026-08-04,HUBS,HubSpot,Senior Growth Marketer,Marketing,Remote - USA,other,senior,0,0,0,,159100,https://www.hubspot.com/careers/jobs/8044154?gh_jid=8044154
2026-08-04,HUBS,HubSpot,"Senior Producer, YouTube - The Science of Scaling",Marketing,Remote - USA,other,senior,0,0,0,,110000,https://www.hubspot.com/careers/jobs/8007516?gh_jid=8007516
2026-08-04,HUBS,HubSpot,"Senior Product Manager, Events Data Platform",Product,Remote - USA,product_eng,senior,0,0,0,,157500,https://www.hubspot.com/careers/jobs/7741756?gh_jid=7741756
2026-08-04,HUBS,HubSpot,"Senior Product Manager I, Data Setup",Product,Remote - USA,product_eng,senior,0,6,1,application,157500,https://www.hubspot.com/careers/jobs/7988027?gh_jid=7988027
2026-08-04,HUBS,HubSpot,"Senior Product Marketer, Pricing Strategy & Monetization",Marketing,Remote - USA,other,senior,0,0,0,,134650,https://www.hubspot.com/careers/jobs/7906029?gh_jid=7906029
2026-08-04,HUBS,HubSpot,Senior Services Consultant,Account Management,"Cambridge, MA, USA",other,senior,0,0,0,,125000,https://www.hubspot.com/careers/jobs/8089278?gh_jid=8089278
2026-08-04,HUBS,HubSpot,Senior Software Engineer I - Financial Systems,Engineering,Remote - USA,product_eng,senior,0,0,0,,197000,https://www.hubspot.com/careers/jobs/7780040?gh_jid=7780040
2026-08-04,HUBS,HubSpot,Senior Solutions Engineer - Polish speaking ,Sales,"Flex - Dublin, Ireland",demand_validated,senior,0,0,0,,,https://www.hubspot.com/careers/jobs/7741758?gh_jid=7741758
2026-08-04,HUBS,HubSpot,Senior Solutions Engineer - Polish speaking ,Sales,Remote - Spain,demand_validated,senior,0,0,0,,,https://www.hubspot.com/careers/jobs/8066767?gh_jid=8066767
2026-08-04,HUBS,HubSpot,"Senior Workday Business Systems Analyst, Compensation",Business Technology,Remote - USA,other,senior,0,0,0,,138650,https://www.hubspot.com/careers/jobs/7645438?gh_jid=7645438
2026-08-04,HUBS,HubSpot,Small Business Account Executive DACH (German speaker),Sales,Remote - Ireland,demand_validated,mid,0,0,0,,,https://www.hubspot.com/careers/jobs/5986990?gh_jid=5986990
2026-08-04,HUBS,HubSpot,Small Business Account Executive DACH (German speaker),Sales,"Dublin, Ireland",demand_validated,mid,0,0,0,,,https://www.hubspot.com/careers/jobs/5986989?gh_jid=5986989
2026-08-04,HUBS,HubSpot,"Small Business Account Executive - DACH, Remote",Sales,Remote - Germany,demand_validated,mid,0,0,0,,,https://www.hubspot.com/careers/jobs/5986981?gh_jid=5986981
2026-08-04,HUBS,HubSpot,Small Business Growth Specialist - DACH,Sales,"Berlin, Germany",other,mid,0,0,0,,,https://www.hubspot.com/careers/jobs/5986980?gh_jid=5986980
2026-08-04,HUBS,HubSpot,Staff Analytics Engineer,Operations,Remote - USA,product_eng,staff_principal,0,6,1,application,180050,https://www.hubspot.com/careers/jobs/7988079?gh_jid=7988079
2026-08-04,HUBS,HubSpot,"Staff Product Manager, Ads",Product,Remote - USA,product_eng,staff_principal,0,0,0,,267150,https://www.hubspot.com/careers/jobs/8042918?gh_jid=8042918
2026-08-04,HUBS,HubSpot,"Vertriebsmitarbeiter/in | Sales Manager - Mittelstand, DACH",Sales,"Berlin, Germany",nontech,mid,0,0,0,,,https://www.hubspot.com/careers/jobs/5986427?gh_jid=5986427
2026-08-04,HUBS,HubSpot,"Vertriebsmitarbeiter/in | Sales Manager - Mittelstand, DACH (Ireland Basierend)",Sales,Remote - Ireland,nontech,mid,0,0,0,,,https://www.hubspot.com/careers/jobs/6046168?gh_jid=6046168
2026-08-04,HUBS,HubSpot,"Vertriebsmitarbeiter/in | Sales Manager - Mittelstand, DACH (Ireland Basierend)",Sales,"Dublin, Ireland",nontech,mid,0,0,0,,,https://www.hubspot.com/careers/jobs/6046172?gh_jid=6046172
2026-08-04,HUBS,HubSpot,"Vertriebsmitarbeiter/in | Sales Manager - Mittelstand, DACH (Remote)",Sales,Remote - Germany,nontech,mid,0,0,0,,,https://www.hubspot.com/careers/jobs/5986428?gh_jid=5986428
2026-08-04,HUBS,HubSpot,"Vertriebsmitarbeiter/in | Sales Manager - SMB, DACH",Sales,"Berlin, Germany",nontech,mid,0,0,0,,,https://www.hubspot.com/careers/jobs/5986982?gh_jid=5986982
2026-08-04,HUBS,HubSpot,"直販営業 (~100名規模企業担当) / Account Executive, Small Business (Direct Sales)",Sales,"Tokyo, Japan",demand_validated,mid,0,0,0,,,https://www.hubspot.com/careers/jobs/5990435?gh_jid=5990435
2026-08-04,HUBS,HubSpot,"直販営業 (101名~500名規模企業担当) / Senior Account Executive, Mid Market (Direct Sales)",Sales,"Tokyo, Japan",demand_validated,senior,0,0,0,,,https://www.hubspot.com/careers/jobs/5990448?gh_jid=5990448
2026-08-04,HUBS,HubSpot,"直販営業 (500名〜規模企業担当) / Lead Account Executive, Corporate (Direct Sales)",Sales,"Tokyo, Japan",demand_validated,senior,0,0,0,,,https://www.hubspot.com/careers/jobs/6225701?gh_jid=6225701
2026-08-04,BRZE,Braze,"Account Executive, Central America LATAM",Sales,Mexico City,demand_validated,mid,0,0,0,,,https://boards.greenhouse.io/braze/jobs/7793490?gh_jid=7793490
2026-08-04,BRZE,Braze,"Account Executive, Commercial",Sales,Tokyo,demand_validated,mid,0,0,0,,,https://boards.greenhouse.io/braze/jobs/8002284?gh_jid=8002284
2026-08-04,BRZE,Braze,"Account Executive, Emerging Enterprise, Financial Services",Sales,Chicago,demand_validated,mid,0,0,0,,228750,https://boards.greenhouse.io/braze/jobs/8013294?gh_jid=8013294
2026-08-04,BRZE,Braze,"Account Executive, Emerging Enterprise, Financial Services",Sales,San Francisco,demand_validated,mid,0,0,0,,228750,https://boards.greenhouse.io/braze/jobs/8013433?gh_jid=8013433
2026-08-04,BRZE,Braze,"Account Executive, Emerging Enterprise, Financial Services",Sales,New York City,demand_validated,mid,0,0,0,,228750,https://boards.greenhouse.io/braze/jobs/8013411?gh_jid=8013411
2026-08-04,BRZE,Braze,"Account Executive, Emerging Enterprise, Financial Services",Sales,Austin,demand_validated,mid,0,0,0,,228750,https://boards.greenhouse.io/braze/jobs/8013410?gh_jid=8013410
2026-08-04,BRZE,Braze,Account Executive Enterprise,Sales,Berlin,demand_validated,mid,0,0,0,,200000,https://boards.greenhouse.io/braze/jobs/8088286?gh_jid=8088286
2026-08-04,BRZE,Braze,"Account Executive, Enterprise",Sales,Austin,demand_validated,mid,0,0,0,,238500,https://boards.greenhouse.io/braze/jobs/8078036?gh_jid=8078036
2026-08-04,BRZE,Braze,"Account Executive, Enterprise",Sales,San Francisco,demand_validated,mid,0,0,0,,256000,https://boards.greenhouse.io/braze/jobs/8078042?gh_jid=8078042
2026-08-04,BRZE,Braze,"Account Executive, Enterprise",Sales,Sydney,demand_validated,mid,0,0,0,,100000,https://boards.greenhouse.io/braze/jobs/7794066?gh_jid=7794066
2026-08-04,BRZE,Braze,"Account Executive, Enterprise",Sales,New York City,demand_validated,mid,0,0,0,,242500,https://boards.greenhouse.io/braze/jobs/8072802?gh_jid=8072802
2026-08-04,BRZE,Braze,"Account Executive, Enterprise",Sales,London,demand_validated,mid,0,0,0,,200000,https://boards.greenhouse.io/braze/jobs/7995162?gh_jid=7995162
2026-08-04,BRZE,Braze,"Account Executive, Enterprise",Sales,Tokyo,demand_validated,mid,0,0,0,,,https://boards.greenhouse.io/braze/jobs/7984560?gh_jid=7984560
2026-08-04,BRZE,Braze,"Account Executive, Enterprise",Sales,Chicago,demand_validated,mid,0,0,0,,246500,https://boards.greenhouse.io/braze/jobs/8073084?gh_jid=8073084
2026-08-04,BRZE,Braze,"Account Executive, Enterprise",Sales,San Francisco,demand_validated,mid,0,0,0,,242500,https://boards.greenhouse.io/braze/jobs/8079453?gh_jid=8079453
2026-08-04,BRZE,Braze,"Account Executive, Enterprise",Sales,New York City,demand_validated,mid,0,0,0,,256000,https://boards.greenhouse.io/braze/jobs/8078035?gh_jid=8078035
2026-08-04,BRZE,Braze,"Account Executive, Enterprise",Sales,Austin,demand_validated,mid,0,0,0,,229500,https://boards.greenhouse.io/braze/jobs/8079491?gh_jid=8079491
2026-08-04,BRZE,Braze,"Account Executive, Enterprise",Sales,Chicago,demand_validated,mid,0,0,0,,229500,https://boards.greenhouse.io/braze/jobs/8079476?gh_jid=8079476
2026-08-04,BRZE,Braze,Account Executive - Open Application,Sales,New York City,demand_validated,mid,0,0,0,,,https://boards.greenhouse.io/braze/jobs/7954008?gh_jid=7954008
2026-08-04,BRZE,Braze,Account Executive - Open Application,Sales,London,demand_validated,mid,0,0,0,,,https://boards.greenhouse.io/braze/jobs/7954015?gh_jid=7954015
2026-08-04,BRZE,Braze," Account Executive, Retail Scale",Sales,Austin,demand_validated,mid,0,0,0,,137500,https://boards.greenhouse.io/braze/jobs/8097434?gh_jid=8097434
2026-08-04,BRZE,Braze,"Account Executive, Retail Scale",Sales,New York City,demand_validated,mid,0,0,0,,153000,https://boards.greenhouse.io/braze/jobs/8097447?gh_jid=8097447
2026-08-04,BRZE,Braze,"Account Executive, Retail Scale",Sales,San Francisco,demand_validated,mid,0,0,0,,153000,https://boards.greenhouse.io/braze/jobs/8097449?gh_jid=8097449
2026-08-04,BRZE,Braze,"Account Executive, Retail Scale",Sales,Chicago,demand_validated,mid,0,0,0,,146000,https://boards.greenhouse.io/braze/jobs/8075042?gh_jid=8075042
2026-08-04,BRZE,Braze,"Account Executive, Scale",Sales,San Francisco,demand_validated,mid,0,0,0,,148500,https://boards.greenhouse.io/braze/jobs/8070238?gh_jid=8070238
2026-08-04,BRZE,Braze,"Account Executive, Scale",Sales,Austin,demand_validated,mid,0,0,0,,137500,https://boards.greenhouse.io/braze/jobs/8095300?gh_jid=8095300
2026-08-04,BRZE,Braze,"Account Executive, Scale",Sales,Chicago,demand_validated,mid,0,0,0,,146000,https://boards.greenhouse.io/braze/jobs/8095299?gh_jid=8095299
2026-08-04,BRZE,Braze,"Account Executive, Scale",Sales,New York City,demand_validated,mid,0,0,0,,153000,https://boards.greenhouse.io/braze/jobs/8095298?gh_jid=8095298
2026-08-04,BRZE,Braze,"Account Executive, Scale",Sales,Chicago,demand_validated,mid,0,0,0,,141500,https://boards.greenhouse.io/braze/jobs/8039118?gh_jid=8039118
2026-08-04,BRZE,Braze,"Account Executive, Scale",Sales,San Francisco,demand_validated,mid,0,0,0,,153000,https://boards.greenhouse.io/braze/jobs/8082124?gh_jid=8082124
2026-08-04,BRZE,Braze,"Account Executive, Scale",Sales,Sydney,demand_validated,mid,0,0,0,,,https://boards.greenhouse.io/braze/jobs/8013208?gh_jid=8013208
2026-08-04,BRZE,Braze,"Account Executive, Scale",Sales,Austin,demand_validated,mid,0,0,0,,133500,https://boards.greenhouse.io/braze/jobs/8039620?gh_jid=8039620
2026-08-04,BRZE,Braze,"Account Executive, Scale",Sales,New York City,demand_validated,mid,0,0,0,,148500,https://boards.greenhouse.io/braze/jobs/8039626?gh_jid=8039626
2026-08-04,BRZE,Braze,"Account Executive, Scale",Sales,San Francisco,demand_validated,mid,0,0,0,,148500,https://boards.greenhouse.io/braze/jobs/8039627?gh_jid=8039627
2026-08-04,BRZE,Braze,"Account Executive, Scale",Sales,New York City,demand_validated,mid,0,0,0,,148500,https://boards.greenhouse.io/braze/jobs/8049784?gh_jid=8049784
2026-08-04,BRZE,Braze,"Account Executive, Scale",Sales,Austin,demand_validated,mid,0,0,0,,133500,https://boards.greenhouse.io/braze/jobs/8070244?gh_jid=8070244
2026-08-04,BRZE,Braze,"Account Executive, Scale",Sales,Chicago,demand_validated,mid,0,0,0,,141500,https://boards.greenhouse.io/braze/jobs/8070251?gh_jid=8070251
2026-08-04,BRZE,Braze,"Account Executive, Scale (Thailand, Vietnam)",Sales,Singapore,demand_validated,mid,0,0,0,,,https://boards.greenhouse.io/braze/jobs/8079466?gh_jid=8079466
2026-08-04,BRZE,Braze,"Account Manager, Commercial",Sales,London,other,mid,0,0,0,,262500,https://boards.greenhouse.io/braze/jobs/8013154?gh_jid=8013154
2026-08-04,BRZE,Braze,"Account Manager, Commercial",Sales,New York City,other,mid,0,0,0,,262500,https://boards.greenhouse.io/braze/jobs/7899402?gh_jid=7899402
2026-08-04,BRZE,Braze,"Account Manager, Commercial",Sales,Chicago,other,mid,0,0,0,,262500,https://boards.greenhouse.io/braze/jobs/7902065?gh_jid=7902065
2026-08-04,BRZE,Braze,"Account Manager, Commercial",Sales,San Francisco,other,mid,0,0,0,,262500,https://boards.greenhouse.io/braze/jobs/7902068?gh_jid=7902068
2026-08-04,BRZE,Braze,"Account Manager, Commercial",Sales,Austin,other,mid,0,0,0,,262500,https://boards.greenhouse.io/braze/jobs/7902064?gh_jid=7902064
2026-08-04,BRZE,Braze,"Account Manager, Enterprise",Sales,London,other,mid,0,0,0,,100000,https://boards.greenhouse.io/braze/jobs/8027914?gh_jid=8027914
2026-08-04,BRZE,Braze,"Account Manager, Enterprise",Sales,New York City,other,mid,0,0,0,,145000,https://boards.greenhouse.io/braze/jobs/7979691?gh_jid=7979691
2026-08-04,BRZE,Braze,"Account Manager, Enterprise",Sales,Austin,other,mid,0,0,0,,145000,https://boards.greenhouse.io/braze/jobs/7847359?gh_jid=7847359
2026-08-04,BRZE,Braze,"Account Manager, Enterprise",Sales,San Francisco,other,mid,0,0,0,,145000,https://boards.greenhouse.io/braze/jobs/7847350?gh_jid=7847350
2026-08-04,BRZE,Braze,"Account Manager, Enterprise",Sales,Chicago,other,mid,0,0,0,,145000,https://boards.greenhouse.io/braze/jobs/7847338?gh_jid=7847338
2026-08-04,BRZE,Braze,AE - Emerging Enterprise - MEGS,Sales,New York City,other,mid,0,0,0,,214000,https://boards.greenhouse.io/braze/jobs/8082433?gh_jid=8082433
2026-08-04,BRZE,Braze,AI Decisioning Technical Lead,Customer Experience,Tokyo,other,senior,1,2,0,buzz,,https://boards.greenhouse.io/braze/jobs/7959885?gh_jid=7959885
2026-08-04,BRZE,Braze,APAC Communications Manager,Marketing,Singapore,nontech,mid,0,0,0,,,https://boards.greenhouse.io/braze/jobs/8034867?gh_jid=8034867
2026-08-04,BRZE,Braze,Applications and Integrations Lead,Growth,Toronto,other,senior,0,0,0,,159500,https://boards.greenhouse.io/braze/jobs/8083557?gh_jid=8083557
2026-08-04,BRZE,Braze,Applications and Integrations Lead,Growth,Chicago,other,senior,0,0,0,,147000,https://boards.greenhouse.io/braze/jobs/8083535?gh_jid=8083535
2026-08-04,BRZE,Braze,"Applied AI Architect, GTM",Growth,Chicago,product_eng,mid,1,2,0,general_medium,161500,https://boards.greenhouse.io/braze/jobs/8044123?gh_jid=8044123
2026-08-04,BRZE,Braze,"Applied AI Architect, GTM ",Growth,Austin,product_eng,mid,1,2,0,general_medium,153000,https://boards.greenhouse.io/braze/jobs/8044130?gh_jid=8044130
2026-08-04,BRZE,Braze,"Applied AI Architect, GTM ",Growth,New York City,product_eng,mid,1,2,0,general_medium,170000,https://boards.greenhouse.io/braze/jobs/8024690?gh_jid=8024690
2026-08-04,BRZE,Braze,"Applied AI Architect, GTM ",Growth,San Francisco,product_eng,mid,1,2,0,general_medium,170000,https://boards.greenhouse.io/braze/jobs/8029319?gh_jid=8029319
2026-08-04,BRZE,Braze,BDR Enablement Manager,GTM Strategy,London,nontech,mid,0,0,0,,,https://boards.greenhouse.io/braze/jobs/8030174?gh_jid=8030174
2026-08-04,BRZE,Braze,Business Development Representative,Sales,Austin,other,mid,0,0,0,,67500,https://boards.greenhouse.io/braze/jobs/8021977?gh_jid=8021977
2026-08-04,BRZE,Braze,Business Development Representative,Sales,London,other,mid,0,0,0,,,https://boards.greenhouse.io/braze/jobs/8078885?gh_jid=8078885
2026-08-04,BRZE,Braze,Business Development Representative,Sales,Dubai,other,mid,0,0,0,,,https://boards.greenhouse.io/braze/jobs/8040133?gh_jid=8040133
2026-08-04,BRZE,Braze,Business Development Representative,Sales,Chicago,other,mid,0,0,0,,67500,https://boards.greenhouse.io/braze/jobs/8026505?gh_jid=8026505
2026-08-04,BRZE,Braze,Business Development Representative Intern,Sales,London,other,intern,0,0,0,,,https://boards.greenhouse.io/braze/jobs/7963295?gh_jid=7963295
2026-08-04,BRZE,Braze,Cloud Security Engineer,Engineering,São Paulo,product_eng,mid,0,0,0,,,https://boards.greenhouse.io/braze/jobs/8075825?gh_jid=8075825
2026-08-04,BRZE,Braze,CPaaS FinOps Lead,Engineering,New York City,other,senior,0,0,0,,157500,https://boards.greenhouse.io/braze/jobs/7858203?gh_jid=7858203
2026-08-04,BRZE,Braze,"Customer Success Manager, Global SMB",Customer Experience,Jakarta,demand_validated,mid,0,0,0,,,https://boards.greenhouse.io/braze/jobs/8025153?gh_jid=8025153
2026-08-04,BRZE,Braze,Customer Success Manager II,Customer Experience,Remote - Spain,demand_validated,mid,0,0,0,,,https://boards.greenhouse.io/braze/jobs/8074870?gh_jid=8074870
2026-08-04,BRZE,Braze,"Customer Success Manager II, Retail",Customer Experience,São Paulo,demand_validated,mid,0,0,0,,,https://boards.greenhouse.io/braze/jobs/7918224?gh_jid=7918224
2026-08-04,BRZE,Braze,Data Scientist II (AI Deployment),Customer Experience,São Paulo,product_eng,mid,1,9,1,buzz|general_medium|model_infra,,https://boards.greenhouse.io/braze/jobs/7668561?gh_jid=7668561
2026-08-04,BRZE,Braze,Deal Execution Analyst,Finance,London,other,mid,0,0,0,,,https://boards.greenhouse.io/braze/jobs/8081182?gh_jid=8081182
2026-08-04,BRZE,Braze,"Director, CX Business Systems ",Growth,San Francisco,other,director,0,3,1,application,229500,https://boards.greenhouse.io/braze/jobs/8049472?gh_jid=8049472
2026-08-04,BRZE,Braze,"Director, CX Business Systems ",Growth,Austin,other,director,0,3,1,application,229500,https://boards.greenhouse.io/braze/jobs/8060682?gh_jid=8060682
2026-08-04,BRZE,Braze,"Director, CX Business Systems ",Growth,Toronto,other,director,0,3,1,application,236000,https://boards.greenhouse.io/braze/jobs/8060694?gh_jid=8060694
2026-08-04,BRZE,Braze,"Director, CX Business Systems ",Growth,New York City,other,director,0,3,1,application,229500,https://boards.greenhouse.io/braze/jobs/8052420?gh_jid=8052420
2026-08-04,BRZE,Braze,"Director, CX Business Systems ",Growth,Chicago,other,director,0,3,1,application,229500,https://boards.greenhouse.io/braze/jobs/8060685?gh_jid=8060685
2026-08-04,BRZE,Braze,"Director of Sales, Scale for Media, Entertainment, Gaming and Sports",Sales,New York City,nontech,director,0,0,0,,242000,https://boards.greenhouse.io/braze/jobs/8092357?gh_jid=8092357
2026-08-04,BRZE,Braze,"Director of Sales, Scale for Media, Entertainment, Gaming and Sports",Sales,Austin,nontech,director,0,0,0,,221500,https://boards.greenhouse.io/braze/jobs/8095314?gh_jid=8095314
2026-08-04,BRZE,Braze,"Director of Sales, Scale for Media, Entertainment, Gaming and Sports",Sales,Chicago,nontech,director,0,0,0,,232000,https://boards.greenhouse.io/braze/jobs/8095311?gh_jid=8095311
2026-08-04,BRZE,Braze,"Director of Sales, Scale for Media, Entertainment, Gaming and Sports",Sales,San Francisco,nontech,director,0,0,0,,242000,https://boards.greenhouse.io/braze/jobs/8095308?gh_jid=8095308
2026-08-04,BRZE,Braze,Email Operations Specialist,Customer Experience,Bucharest,nontech,mid,0,0,0,,,https://boards.greenhouse.io/braze/jobs/8066966?gh_jid=8066966
2026-08-04,BRZE,Braze,Email Operations Specialist,Customer Experience,São Paulo,nontech,mid,0,0,0,,,https://boards.greenhouse.io/braze/jobs/8000621?gh_jid=8000621
2026-08-04,BRZE,Braze,"Emerging Enterprise Account Executive, Retail",Sales,New York City,demand_validated,mid,0,0,0,,193750,https://boards.greenhouse.io/braze/jobs/8027072?gh_jid=8027072
2026-08-04,BRZE,Braze,"Emerging Enterprise Account Executive, Retail",Sales,San Francisco,demand_validated,mid,0,0,0,,193750,https://boards.greenhouse.io/braze/jobs/8027079?gh_jid=8027079
2026-08-04,BRZE,Braze,"Emerging Enterprise Account Executive, Retail",Sales,Austin,demand_validated,mid,0,0,0,,181000,https://boards.greenhouse.io/braze/jobs/8027078?gh_jid=8027078
2026-08-04,BRZE,Braze,"Emerging Enterprise Account Executive, Retail",Sales,Chicago,demand_validated,mid,0,0,0,,181000,https://boards.greenhouse.io/braze/jobs/8017210?gh_jid=8017210
2026-08-04,BRZE,Braze,Engagement Manager II,Customer Experience,São Paulo,other,mid,0,1,0,buzz,,https://boards.greenhouse.io/braze/jobs/7615648?gh_jid=7615648
2026-08-04,BRZE,Braze,"Engineering Manager, Data Streaming",Engineering,New York City,product_eng,mid,0,0,0,,239081,https://boards.greenhouse.io/braze/jobs/7788980?gh_jid=7788980
2026-08-04,BRZE,Braze,"Engineering Manager, Email",Engineering,Chicago,product_eng,mid,0,0,0,,239081,https://boards.greenhouse.io/braze/jobs/7954218?gh_jid=7954218
2026-08-04,BRZE,Braze,"Engineering Manager, Email",Engineering,New York City,product_eng,mid,0,0,0,,239081,https://boards.greenhouse.io/braze/jobs/7954214?gh_jid=7954214
2026-08-04,BRZE,Braze,"Engineering Manager, Email",Engineering,San Francisco,product_eng,mid,0,0,0,,239081,https://boards.greenhouse.io/braze/jobs/7954221?gh_jid=7954221
2026-08-04,BRZE,Braze,"Engineering Manager, Email",Engineering,Toronto,product_eng,mid,0,0,0,,285930,https://boards.greenhouse.io/braze/jobs/7939042?gh_jid=7939042
2026-08-04,BRZE,Braze,"Engineering Manager, Email",Engineering,Austin,product_eng,mid,0,0,0,,239081,https://boards.greenhouse.io/braze/jobs/7954220?gh_jid=7954220
2026-08-04,BRZE,Braze,Enterprise Business Development Representative,Sales,Austin,other,mid,0,0,0,,67500,https://boards.greenhouse.io/braze/jobs/8052314?gh_jid=8052314
2026-08-04,BRZE,Braze,"Executive Assistant, Technology Services",Engineering,São Paulo,other,mid,0,0,0,,,https://boards.greenhouse.io/braze/jobs/8039467?gh_jid=8039467
2026-08-04,BRZE,Braze,Field Marketing Lead (12 Month Fixed Term),Marketing,Berlin,nontech,senior,0,0,0,,,https://boards.greenhouse.io/braze/jobs/8045174?gh_jid=8045174
2026-08-04,BRZE,Braze,Financial Analyst II,Finance,Chicago,other,mid,0,0,0,,84000,https://boards.greenhouse.io/braze/jobs/8080351?gh_jid=8080351
2026-08-04,BRZE,Braze,Financial Analyst II,Finance,Austin,other,mid,0,0,0,,85000,https://boards.greenhouse.io/braze/jobs/8071592?gh_jid=8071592
2026-08-04,BRZE,Braze,Forward Deployed AI Accelerator,Growth,New York City,demand_validated,mid,1,6,1,application,170000,https://boards.greenhouse.io/braze/jobs/8013239?gh_jid=8013239
2026-08-04,BRZE,Braze,Forward Deployed AI Accelerator,Growth,Austin,demand_validated,mid,1,6,1,application,152500,https://boards.greenhouse.io/braze/jobs/8055716?gh_jid=8055716
2026-08-04,BRZE,Braze,Forward Deployed AI Accelerator,Growth,Chicago,demand_validated,mid,1,6,1,application,161500,https://boards.greenhouse.io/braze/jobs/8055714?gh_jid=8055714
2026-08-04,BRZE,Braze,Forward-Deployed Data Scientist ,Customer Experience,Tokyo,product_eng,mid,0,14,1,buzz|data_ml_ops|general_medium|model_infra,,https://boards.greenhouse.io/braze/jobs/8001117?gh_jid=8001117
2026-08-04,BRZE,Braze,Forward-Deployed Data Scientist II,Customer Experience,London,product_eng,mid,0,14,1,buzz|data_ml_ops|general_medium|model_infra,,https://boards.greenhouse.io/braze/jobs/7976105?gh_jid=7976105
2026-08-04,BRZE,Braze," Industry Marketing Lead, Media, Entertainment, Sports & Gaming",Marketing,Austin,nontech,senior,0,0,0,,159000,https://boards.greenhouse.io/braze/jobs/8075013?gh_jid=8075013
2026-08-04,BRZE,Braze,"Industry Marketing Lead, Media, Entertainment, Sports & Gaming",Marketing,San Francisco,nontech,senior,0,0,0,,157000,https://boards.greenhouse.io/braze/jobs/8049451?gh_jid=8049451
2026-08-04,BRZE,Braze,"Industry Marketing Lead, Media, Entertainment, Sports & Gaming",Marketing,New York City,nontech,senior,0,0,0,,157000,https://boards.greenhouse.io/braze/jobs/8011124?gh_jid=8011124
2026-08-04,BRZE,Braze,"Industry Marketing Lead, Media, Entertainment, Sports & Gaming",Marketing,Chicago,nontech,senior,0,0,0,,149500,https://boards.greenhouse.io/braze/jobs/8049454?gh_jid=8049454
2026-08-04,BRZE,Braze,IT Associate,Engineering,New York City,other,mid,0,0,0,,81500,https://boards.greenhouse.io/braze/jobs/7980202?gh_jid=7980202
2026-08-04,BRZE,Braze,IT Associate,Engineering,Sydney,other,mid,0,0,0,,,https://boards.greenhouse.io/braze/jobs/8010460?gh_jid=8010460
2026-08-04,BRZE,Braze,Lead People Business Partner,People,Chicago,other,senior,0,0,0,,145500,https://boards.greenhouse.io/braze/jobs/7983336?gh_jid=7983336
2026-08-04,BRZE,Braze,Lead People Business Partner,People,New York City,other,senior,0,0,0,,145500,https://boards.greenhouse.io/braze/jobs/7985946?gh_jid=7985946
2026-08-04,BRZE,Braze,Lead Solutions Consultant,Sales,London,other,senior,0,0,0,,,https://boards.greenhouse.io/braze/jobs/7926881?gh_jid=7926881
2026-08-04,BRZE,Braze,"Lead, Technology Partners Product Marketing Manager",Marketing,Austin,nontech,senior,0,0,0,,151000,https://boards.greenhouse.io/braze/jobs/8089838?gh_jid=8089838
2026-08-04,BRZE,Braze,"Lead, Technology Partners Product Marketing Manager",Marketing,Chicago,nontech,senior,0,0,0,,158500,https://boards.greenhouse.io/braze/jobs/8084140?gh_jid=8084140
2026-08-04,BRZE,Braze,"Lead, Technology Partners Product Marketing Manager",Marketing,New York City,nontech,senior,0,0,0,,167000,https://boards.greenhouse.io/braze/jobs/8089841?gh_jid=8089841
2026-08-04,BRZE,Braze,"Manager, Business Development",Sales,Tokyo,other,mid,0,0,0,,,https://boards.greenhouse.io/braze/jobs/7966816?gh_jid=7966816
2026-08-04,BRZE,Braze,"Manager, Services Consulting",Sales,Chicago,other,mid,0,0,0,,186700,https://boards.greenhouse.io/braze/jobs/8031544?gh_jid=8031544
2026-08-04,BRZE,Braze,"Manager, Services Consulting",Sales,New York City,other,mid,0,0,0,,196400,https://boards.greenhouse.io/braze/jobs/8026991?gh_jid=8026991
2026-08-04,BRZE,Braze,"Manager, Services Consulting",Sales,Austin,other,mid,0,0,0,,177100,https://boards.greenhouse.io/braze/jobs/8031547?gh_jid=8031547
2026-08-04,BRZE,Braze,"Manager, Services Consulting",Sales,San Francisco,other,mid,0,0,0,,196400,https://boards.greenhouse.io/braze/jobs/8031535?gh_jid=8031535
2026-08-04,BRZE,Braze,Network Engineer,Engineering,São Paulo,product_eng,mid,0,0,0,,,https://boards.greenhouse.io/braze/jobs/7926875?gh_jid=7926875
2026-08-04,BRZE,Braze,Partner Enablement Manager,GTM Strategy,London,nontech,mid,0,0,0,,,https://boards.greenhouse.io/braze/jobs/8007347?gh_jid=8007347
2026-08-04,BRZE,Braze,Partner Sales Manager,Partnerships,London,nontech,mid,0,0,0,,,https://boards.greenhouse.io/braze/jobs/8069151?gh_jid=8069151
2026-08-04,BRZE,Braze,People Business Partner,People,New York City,other,mid,0,0,0,,114500,https://boards.greenhouse.io/braze/jobs/8047193?gh_jid=8047193
2026-08-04,BRZE,Braze,People Solutions Coordinator (fixed term),People,São Paulo,other,mid,0,0,0,,,https://boards.greenhouse.io/braze/jobs/7997454?gh_jid=7997454
2026-08-04,BRZE,Braze,Proposal Writer,Sales,London,other,mid,0,0,0,,,https://boards.greenhouse.io/braze/jobs/8000133?gh_jid=8000133
2026-08-04,BRZE,Braze,Recruiter II - Contract Role,People,Austin,nontech,mid,0,0,0,,50000,https://boards.greenhouse.io/braze/jobs/8097756?gh_jid=8097756
2026-08-04,BRZE,Braze,Recruiter II - Contract Role,People,New York City,nontech,mid,0,0,0,,50000,https://boards.greenhouse.io/braze/jobs/8095242?gh_jid=8095242
2026-08-04,BRZE,Braze,Recruiter II - Contract Role,People,Chicago,nontech,mid,0,0,0,,50000,https://boards.greenhouse.io/braze/jobs/8097754?gh_jid=8097754
2026-08-04,BRZE,Braze,Recruiter II (Fixed-Term Employee),People,London,nontech,mid,0,0,0,,,https://boards.greenhouse.io/braze/jobs/8079531?gh_jid=8079531
2026-08-04,BRZE,Braze,Recruitment Coordinator,People,Bucharest,other,mid,0,0,0,,,https://boards.greenhouse.io/braze/jobs/8074874?gh_jid=8074874
2026-08-04,BRZE,Braze,Sales Compensation Analyst,Finance,São Paulo,nontech,mid,0,0,0,,,https://boards.greenhouse.io/braze/jobs/8060328?gh_jid=8060328
2026-08-04,BRZE,Braze,"Sales Director, Enterprise",Sales,Tokyo,nontech,director,0,0,0,,,https://boards.greenhouse.io/braze/jobs/7984582?gh_jid=7984582
2026-08-04,BRZE,Braze,"Sales Director, Scale Retail",Sales,Chicago,nontech,director,0,0,0,,227500,https://boards.greenhouse.io/braze/jobs/8017115?gh_jid=8017115
2026-08-04,BRZE,Braze,"Sales Director, Scale Retail",Sales,San Francisco,nontech,director,0,0,0,,240000,https://boards.greenhouse.io/braze/jobs/8017228?gh_jid=8017228
2026-08-04,BRZE,Braze,"Sales Director, Scale Retail",Sales,Austin,nontech,director,0,0,0,,216500,https://boards.greenhouse.io/braze/jobs/8017215?gh_jid=8017215
2026-08-04,BRZE,Braze,"Sales Director, Scale Retail",Sales,New York City,nontech,director,0,0,0,,240000,https://boards.greenhouse.io/braze/jobs/8017222?gh_jid=8017222
2026-08-04,BRZE,Braze,Sales Operations Lead,GTM Operations,New York City,nontech,senior,0,0,0,,130500,https://boards.greenhouse.io/braze/jobs/7943440?gh_jid=7943440
2026-08-04,BRZE,Braze,Sales Operations Lead,GTM Operations,Chicago,nontech,senior,0,0,0,,116000,https://boards.greenhouse.io/braze/jobs/8073087?gh_jid=8073087
2026-08-04,BRZE,Braze,Sales Operations Lead,GTM Operations,New York City,nontech,senior,0,0,0,,121500,https://boards.greenhouse.io/braze/jobs/8084192?gh_jid=8084192
2026-08-04,BRZE,Braze,Sales Operations Lead ,GTM Operations,Chicago,nontech,senior,0,0,0,,130500,https://boards.greenhouse.io/braze/jobs/7960559?gh_jid=7960559
2026-08-04,BRZE,Braze,"Senior Account Executive, Emerging Enterprise",Sales,Chicago,demand_validated,senior,0,0,0,,213000,https://boards.greenhouse.io/braze/jobs/8069434?gh_jid=8069434
2026-08-04,BRZE,Braze,"Senior Account Executive, Emerging Enterprise",Sales,New York City,demand_validated,senior,0,0,0,,213000,https://boards.greenhouse.io/braze/jobs/8074838?gh_jid=8074838
2026-08-04,BRZE,Braze,"Senior Account Executive, Scale",Sales,London,demand_validated,senior,0,0,0,,,https://boards.greenhouse.io/braze/jobs/8025693?gh_jid=8025693
2026-08-04,BRZE,Braze,"Senior Account Executive, Strategic Enterprise",Sales,New York City,demand_validated,senior,0,0,0,,274000,https://boards.greenhouse.io/braze/jobs/8010543?gh_jid=8010543
2026-08-04,BRZE,Braze,"Senior Account Executive, Strategic Enterprise",Sales,Austin,demand_validated,senior,0,0,0,,,https://boards.greenhouse.io/braze/jobs/8014514?gh_jid=8014514
2026-08-04,BRZE,Braze,"Senior Account Executive, Strategic Enterprise",Sales,Chicago,demand_validated,senior,0,0,0,,265000,https://boards.greenhouse.io/braze/jobs/8014513?gh_jid=8014513
2026-08-04,BRZE,Braze,Senior AI Success Manager,Customer Experience,San Francisco,other,senior,1,1,0,buzz,190200,https://boards.greenhouse.io/braze/jobs/7769085?gh_jid=7769085
2026-08-04,BRZE,Braze,Senior AI Success Manager,Customer Experience,Austin,other,senior,1,1,0,buzz,190200,https://boards.greenhouse.io/braze/jobs/7752250?gh_jid=7752250
2026-08-04,BRZE,Braze,Senior AI Success Manager,Customer Experience,Denver,other,senior,1,1,0,buzz,190200,https://boards.greenhouse.io/braze/jobs/7769077?gh_jid=7769077
2026-08-04,BRZE,Braze,Senior AI Success Manager,Customer Experience,Chicago,other,senior,1,1,0,buzz,190200,https://boards.greenhouse.io/braze/jobs/7769071?gh_jid=7769071
2026-08-04,BRZE,Braze,Senior Business Development Representative,Sales,Berlin,other,senior,0,0,0,,,https://boards.greenhouse.io/braze/jobs/7818850?gh_jid=7818850
2026-08-04,BRZE,Braze,Senior Business Development Representative,Sales,Berlin,other,senior,0,0,0,,,https://boards.greenhouse.io/braze/jobs/7981993?gh_jid=7981993
2026-08-04,BRZE,Braze,Senior Business Operations Manager,Marketing,Chicago,nontech,senior,0,0,0,,164000,https://boards.greenhouse.io/braze/jobs/8081873?gh_jid=8081873
2026-08-04,BRZE,Braze,Senior Business Operations Manager,Marketing,São Paulo,nontech,senior,0,1,0,buzz,,https://boards.greenhouse.io/braze/jobs/7842456?gh_jid=7842456
2026-08-04,BRZE,Braze,"Senior Creative Operations Lead, Brand",Marketing,New York City,nontech,senior,0,0,0,,174000,https://boards.greenhouse.io/braze/jobs/8082501?gh_jid=8082501
2026-08-04,BRZE,Braze,"Senior Creative Operations Lead, Brand",Marketing,Austin,nontech,senior,0,0,0,,156000,https://boards.greenhouse.io/braze/jobs/8103618?gh_jid=8103618
2026-08-04,BRZE,Braze,"Senior Creative Operations Lead, Brand",Marketing,Chicago,nontech,senior,0,0,0,,167000,https://boards.greenhouse.io/braze/jobs/8103588?gh_jid=8103588
2026-08-04,BRZE,Braze,"Senior Creative Operations Lead, Brand",Marketing,San Francisco,nontech,senior,0,0,0,,174000,https://boards.greenhouse.io/braze/jobs/8103616?gh_jid=8103616
2026-08-04,BRZE,Braze,Senior Data Scientist (AI Deployment),Customer Experience,São Paulo,product_eng,senior,1,9,1,buzz|general_medium|model_infra,,https://boards.greenhouse.io/braze/jobs/7956629?gh_jid=7956629
2026-08-04,BRZE,Braze,"Senior Director, Creative",Marketing,Austin,other,director,0,0,0,,181000,https://boards.greenhouse.io/braze/jobs/7993317?gh_jid=7993317
2026-08-04,BRZE,Braze,"Senior Director, Creative",Marketing,Chicago,other,director,0,0,0,,191000,https://boards.greenhouse.io/braze/jobs/7997900?gh_jid=7997900
2026-08-04,BRZE,Braze,"Senior Director, Creative",Marketing,San Francisco,other,director,0,0,0,,200000,https://boards.greenhouse.io/braze/jobs/7997909?gh_jid=7997909
2026-08-04,BRZE,Braze,"Senior Director, Creative",Marketing,New York City,other,director,0,0,0,,200000,https://boards.greenhouse.io/braze/jobs/7997907?gh_jid=7997907
2026-08-04,BRZE,Braze,"Senior Director, GTM Product Marketing",Marketing,Chicago,nontech,director,0,0,0,,215000,https://boards.greenhouse.io/braze/jobs/8089828?gh_jid=8089828
2026-08-04,BRZE,Braze,"Senior Director, GTM Product Marketing",Marketing,San Francisco,nontech,director,0,0,0,,226500,https://boards.greenhouse.io/braze/jobs/8089829?gh_jid=8089829
2026-08-04,BRZE,Braze,"Senior Director, GTM Product Marketing",Marketing,Austin,nontech,director,0,0,0,,203000,https://boards.greenhouse.io/braze/jobs/8089827?gh_jid=8089827
2026-08-04,BRZE,Braze,"Senior Director, GTM Product Marketing",Marketing,New York City,nontech,director,0,0,0,,226500,https://boards.greenhouse.io/braze/jobs/8089479?gh_jid=8089479
2026-08-04,BRZE,Braze,Senior Email Deliverability Consultant,Customer Experience,Chicago,other,senior,0,0,0,,126750,https://boards.greenhouse.io/braze/jobs/8072850?gh_jid=8072850
2026-08-04,BRZE,Braze,Senior Email Deliverability Consultant,Customer Experience,New York City,other,senior,0,0,0,,131500,https://boards.greenhouse.io/braze/jobs/8051169?gh_jid=8051169
2026-08-04,BRZE,Braze,Senior Email Deliverability Consultant,Customer Experience,San Francisco,other,senior,0,0,0,,131500,https://boards.greenhouse.io/braze/jobs/8072853?gh_jid=8072853
2026-08-04,BRZE,Braze,Senior Email Deliverability Consultant,Customer Experience,Austin,other,senior,0,0,0,,122000,https://boards.greenhouse.io/braze/jobs/8072852?gh_jid=8072852
2026-08-04,BRZE,Braze,Senior Global Event Marketing Manager,Marketing,San Francisco,nontech,senior,0,0,0,,138000,https://boards.greenhouse.io/braze/jobs/8013477?gh_jid=8013477
2026-08-04,BRZE,Braze,Senior Lead Field Architect,Sales,New York City,product_eng,senior,0,0,0,,238000,https://boards.greenhouse.io/braze/jobs/8039731?gh_jid=8039731
2026-08-04,BRZE,Braze,Senior Lead Field Architect,Sales,San Francisco,product_eng,senior,0,0,0,,238000,https://boards.greenhouse.io/braze/jobs/8039735?gh_jid=8039735
2026-08-04,BRZE,Braze,Senior Lead Field Architect,Sales,Austin,product_eng,senior,0,0,0,,213500,https://boards.greenhouse.io/braze/jobs/8039727?gh_jid=8039727
2026-08-04,BRZE,Braze,Senior Lead Field Architect,Sales,Chicago,product_eng,senior,0,0,0,,226500,https://boards.greenhouse.io/braze/jobs/8039383?gh_jid=8039383
2026-08-04,BRZE,Braze,"Senior Lead Systems Engineer, AI & Automation",Engineering,New York City,product_eng,senior,1,9,1,application,159000,https://boards.greenhouse.io/braze/jobs/8082030?gh_jid=8082030
2026-08-04,BRZE,Braze,Senior Marketing Data Analyst,GTM Operations,São Paulo,nontech,senior,0,0,0,,,https://boards.greenhouse.io/braze/jobs/8002934?gh_jid=8002934
2026-08-04,BRZE,Braze,Senior Platform Software Engineer II,Engineering,New York City,product_eng,senior,0,0,0,,216182,https://boards.greenhouse.io/braze/jobs/8039381?gh_jid=8039381
2026-08-04,BRZE,Braze,"Senior Product Marketing Manager, Orchestration",Marketing,Chicago,nontech,senior,0,3,1,application,140000,https://boards.greenhouse.io/braze/jobs/8052484?gh_jid=8052484
2026-08-04,BRZE,Braze,"Senior Product Marketing Manager, Orchestration",Marketing,New York City,nontech,senior,0,3,1,application,148000,https://boards.greenhouse.io/braze/jobs/8052239?gh_jid=8052239
2026-08-04,BRZE,Braze,"Senior Product Marketing Manager, Orchestration",Marketing,San Francisco,nontech,senior,0,3,1,application,148000,https://boards.greenhouse.io/braze/jobs/8052481?gh_jid=8052481
2026-08-04,BRZE,Braze,"Senior Product Marketing Manager, Orchestration",Marketing,Austin,nontech,senior,0,3,1,application,133500,https://boards.greenhouse.io/braze/jobs/8052486?gh_jid=8052486
2026-08-04,BRZE,Braze,Senior Sales Data Analyst,GTM Operations,São Paulo,nontech,senior,0,0,0,,,https://boards.greenhouse.io/braze/jobs/7896284?gh_jid=7896284
2026-08-04,BRZE,Braze,"Senior Sales Director, Enterprise",Sales,London,nontech,director,0,0,0,,,https://boards.greenhouse.io/braze/jobs/8048689?gh_jid=8048689
2026-08-04,BRZE,Braze,"Senior Security Engineer, Enterprise Security",Engineering,Austin,product_eng,senior,0,0,0,,164450,https://boards.greenhouse.io/braze/jobs/8077456?gh_jid=8077456
2026-08-04,BRZE,Braze,"Senior Security Engineer, Enterprise Security",Engineering,San Francisco,product_eng,senior,0,0,0,,164450,https://boards.greenhouse.io/braze/jobs/8077458?gh_jid=8077458
2026-08-04,BRZE,Braze,"Senior Security Engineer, Enterprise Security",Engineering,Toronto,product_eng,senior,0,0,0,,182500,https://boards.greenhouse.io/braze/jobs/8083534?gh_jid=8083534
2026-08-04,BRZE,Braze,"Senior Security Engineer, Enterprise Security",Engineering,New York City,product_eng,senior,0,0,0,,164450,https://boards.greenhouse.io/braze/jobs/8071700?gh_jid=8071700
2026-08-04,BRZE,Braze,"Senior Security Engineer, Enterprise Security",Engineering,São Paulo,product_eng,senior,0,0,0,,,https://boards.greenhouse.io/braze/jobs/7963381?gh_jid=7963381
2026-08-04,BRZE,Braze,"Senior Security Engineer, Enterprise Security",Engineering,Chicago,product_eng,senior,0,0,0,,164450,https://boards.greenhouse.io/braze/jobs/8077454?gh_jid=8077454
2026-08-04,BRZE,Braze,Senior Security Engineer II,Engineering,San Francisco,product_eng,senior,0,0,0,,205000,https://boards.greenhouse.io/braze/jobs/8084144?gh_jid=8084144
2026-08-04,BRZE,Braze,Senior Security Engineer II,Engineering,New York City,product_eng,senior,0,0,0,,205000,https://boards.greenhouse.io/braze/jobs/8080170?gh_jid=8080170
2026-08-04,BRZE,Braze,Senior Security Engineer II,Engineering,Austin,product_eng,senior,0,0,0,,205000,https://boards.greenhouse.io/braze/jobs/8084146?gh_jid=8084146
2026-08-04,BRZE,Braze,Senior Security Engineer II,Engineering,Chicago,product_eng,senior,0,0,0,,205000,https://boards.greenhouse.io/braze/jobs/8084145?gh_jid=8084145
2026-08-04,BRZE,Braze,Senior Site Reliability Engineer,Engineering,São Paulo,product_eng,senior,0,0,0,,,https://boards.greenhouse.io/braze/jobs/7980448?gh_jid=7980448
2026-08-04,BRZE,Braze,"Senior Software Engineer, Content Cards",Engineering,Toronto,product_eng,senior,0,0,0,,231108,https://boards.greenhouse.io/braze/jobs/7683714?gh_jid=7683714
2026-08-04,BRZE,Braze,"Senior Software Engineer I, Frontend Infrastructure & Experience",Engineering,New York City,product_eng,senior,0,0,0,,181421,https://boards.greenhouse.io/braze/jobs/7946769?gh_jid=7946769
2026-08-04,BRZE,Braze,"Senior Software Engineer I, Frontend Infrasturcture & Experience",Engineering,Chicago,product_eng,senior,0,0,0,,181421,https://boards.greenhouse.io/braze/jobs/7954594?gh_jid=7954594
2026-08-04,BRZE,Braze,"Senior Software Engineer II, BrazeAI Operator",Engineering,São Paulo,product_eng,senior,0,9,1,application,,https://boards.greenhouse.io/braze/jobs/7947577?gh_jid=7947577
2026-08-04,BRZE,Braze,"Senior Software Engineer II, Full-Stack",Engineering,Toronto,product_eng,senior,0,0,0,,258419,https://boards.greenhouse.io/braze/jobs/8030572?gh_jid=8030572
2026-08-04,BRZE,Braze,"Senior Software Engineer I, ML",Engineering,Toronto,product_eng,senior,1,4,1,buzz|model_infra,216708,https://boards.greenhouse.io/braze/jobs/8028504?gh_jid=8028504
2026-08-04,BRZE,Braze,"Senior Software Engineer I, Reporting",Engineering,Toronto,product_eng,senior,0,0,0,,216708,https://boards.greenhouse.io/braze/jobs/8027184?gh_jid=8027184
2026-08-04,BRZE,Braze,Senior Solutions Consultant,Sales,San Francisco,other,senior,0,0,0,,163500,https://boards.greenhouse.io/braze/jobs/8081975?gh_jid=8081975
2026-08-04,BRZE,Braze,Senior Solutions Consultant,Sales,Chicago,other,senior,0,0,0,,155500,https://boards.greenhouse.io/braze/jobs/8081875?gh_jid=8081875
2026-08-04,BRZE,Braze,Senior Solutions Consultant,Sales,New York City,other,senior,0,0,0,,163500,https://boards.greenhouse.io/braze/jobs/8081972?gh_jid=8081972
2026-08-04,BRZE,Braze,Senior Solutions Consultant,Sales,Austin,other,senior,0,0,0,,152500,https://boards.greenhouse.io/braze/jobs/8081973?gh_jid=8081973
2026-08-04,BRZE,Braze,Senior Staff Engineer,Engineering,New York City,product_eng,staff_principal,0,0,0,,299000,https://boards.greenhouse.io/braze/jobs/7905995?gh_jid=7905995
2026-08-04,BRZE,Braze,Senior Staff Engineer,Engineering,Chicago,product_eng,staff_principal,0,0,0,,299000,https://boards.greenhouse.io/braze/jobs/7914087?gh_jid=7914087
2026-08-04,BRZE,Braze,Senior Staff Engineer,Engineering,Austin,product_eng,staff_principal,0,0,0,,299000,https://boards.greenhouse.io/braze/jobs/7914090?gh_jid=7914090
2026-08-04,BRZE,Braze,Senior Staff Engineer,Engineering,San Francisco,product_eng,staff_principal,0,0,0,,299000,https://boards.greenhouse.io/braze/jobs/7914092?gh_jid=7914092
2026-08-04,BRZE,Braze,"Senior Technical Product Manager, Content Platforms (AI Content Operations) ",Growth,New York City,product_eng,senior,1,3,1,application,185000,https://boards.greenhouse.io/braze/jobs/8000775?gh_jid=8000775
2026-08-04,BRZE,Braze,"Senior Technical Product Manager, Content Platforms (Localization)",Growth,New York City,product_eng,senior,0,0,0,,185000,https://boards.greenhouse.io/braze/jobs/8027701?gh_jid=8027701
2026-08-04,BRZE,Braze,Solutions Architect,Customer Experience,Sydney,demand_validated,mid,0,1,0,buzz,,https://boards.greenhouse.io/braze/jobs/7899151?gh_jid=7899151
2026-08-04,BRZE,Braze,"Solutions Consultant, Emerging Enterprise, General Business",Sales,Chicago,other,mid,0,0,0,,119550,https://boards.greenhouse.io/braze/jobs/7993319?gh_jid=7993319
2026-08-04,BRZE,Braze,"Solutions Consultant, Emerging Enterprise, General Business",Sales,Toronto,other,mid,0,0,0,,132000,https://boards.greenhouse.io/braze/jobs/8014600?gh_jid=8014600
2026-08-04,BRZE,Braze,"Solutions Consultant, Emerging Enterprise, General Business",Sales,New York City,other,mid,0,0,0,,126650,https://boards.greenhouse.io/braze/jobs/7997848?gh_jid=7997848
2026-08-04,BRZE,Braze,"Solutions Consultant, Emerging Enterprise, General Business",Sales,San Francisco,other,mid,0,0,0,,126650,https://boards.greenhouse.io/braze/jobs/7997849?gh_jid=7997849
2026-08-04,BRZE,Braze,"Solutions Consultant, Emerging Enterprise, General Business",Sales,Austin,other,mid,0,0,0,,115300,https://boards.greenhouse.io/braze/jobs/7997850?gh_jid=7997850
2026-08-04,BRZE,Braze,Staff Accountant II,Finance,New York City,other,staff_principal,0,0,0,,84000,https://boards.greenhouse.io/braze/jobs/8013237?gh_jid=8013237
2026-08-04,BRZE,Braze,Support Engagement Lead,Customer Experience,Austin,nontech,senior,0,0,0,,105000,https://boards.greenhouse.io/braze/jobs/8007443?gh_jid=8007443
2026-08-04,BRZE,Braze,Support Engagement Lead,Customer Experience,San Francisco,nontech,senior,0,0,0,,105000,https://boards.greenhouse.io/braze/jobs/8010946?gh_jid=8010946
2026-08-04,BRZE,Braze,Support Engagement Lead,Customer Experience,Denver,nontech,senior,0,0,0,,105000,https://boards.greenhouse.io/braze/jobs/8010978?gh_jid=8010978
2026-08-04,BRZE,Braze,Support Engagement Lead,Customer Experience,Chicago,nontech,senior,0,0,0,,105000,https://boards.greenhouse.io/braze/jobs/8010941?gh_jid=8010941
2026-08-04,BRZE,Braze,Support Engagement Lead,Customer Experience,New York City,nontech,senior,0,0,0,,105000,https://boards.greenhouse.io/braze/jobs/8010975?gh_jid=8010975
2026-08-04,BRZE,Braze,"Team Lead, Email Deliverability",Customer Experience,Chicago,other,senior,0,0,0,,129500,https://boards.greenhouse.io/braze/jobs/7963459?gh_jid=7963459
2026-08-04,BRZE,Braze,"Team Lead, Email Deliverability",Customer Experience,San Francisco,other,senior,0,0,0,,129500,https://boards.greenhouse.io/braze/jobs/7983204?gh_jid=7983204
2026-08-04,BRZE,Braze,"Team Lead, Email Deliverability",Customer Experience,New York City,other,senior,0,0,0,,129500,https://boards.greenhouse.io/braze/jobs/7983203?gh_jid=7983203
2026-08-04,BRZE,Braze,"Team Lead, Email Deliverability",Customer Experience,Austin,other,senior,0,0,0,,129500,https://boards.greenhouse.io/braze/jobs/7983202?gh_jid=7983202
2026-08-04,BRZE,Braze,"Team Lead Solutions Consultant, Financial Services",Sales,Chicago,other,senior,0,0,0,,179050,https://boards.greenhouse.io/braze/jobs/8008686?gh_jid=8008686
2026-08-04,BRZE,Braze,"Team Lead Solutions Consultant, Financial Services",Sales,New York City,other,senior,0,0,0,,187500,https://boards.greenhouse.io/braze/jobs/8017295?gh_jid=8017295
2026-08-04,BRZE,Braze,"Team Lead Solutions Consultant, Financial Services",Sales,Austin,other,senior,0,0,0,,174000,https://boards.greenhouse.io/braze/jobs/8017298?gh_jid=8017298
2026-08-04,BRZE,Braze,Technical Account Manager,Customer Experience,Chicago,demand_validated,mid,0,0,0,,112225,https://boards.greenhouse.io/braze/jobs/7872122?gh_jid=7872122
2026-08-04,BRZE,Braze,Technical Account Manager,Customer Experience,Austin,demand_validated,mid,0,0,0,,112225,https://boards.greenhouse.io/braze/jobs/7872119?gh_jid=7872119
2026-08-04,BRZE,Braze,Technical Account Manager,Customer Experience,San Francisco,demand_validated,mid,0,0,0,,112225,https://boards.greenhouse.io/braze/jobs/7872124?gh_jid=7872124
2026-08-04,BRZE,Braze,Technical Account Manager,Customer Experience,Toronto,demand_validated,mid,0,0,0,,126750,https://boards.greenhouse.io/braze/jobs/8067160?gh_jid=8067160
2026-08-04,BRZE,Braze,Technical Account Manager,Customer Experience,New York City,demand_validated,mid,0,0,0,,112225,https://boards.greenhouse.io/braze/jobs/7851375?gh_jid=7851375
2026-08-04,BRZE,Braze,Technical Architect,Customer Experience,São Paulo,product_eng,mid,0,1,0,buzz,,https://boards.greenhouse.io/braze/jobs/8055926?gh_jid=8055926
2026-08-04,BRZE,Braze,Technical Support Specialist,Customer Experience,San Francisco,nontech,mid,0,0,0,,88000,https://boards.greenhouse.io/braze/jobs/8099312?gh_jid=8099312
2026-08-04,BRZE,Braze,Technical Support Specialist,Customer Experience,Austin,nontech,mid,0,0,0,,79000,https://boards.greenhouse.io/braze/jobs/8099327?gh_jid=8099327
2026-08-04,BRZE,Braze,Technical Support Specialist,Customer Experience,Chicago,nontech,mid,0,0,0,,83000,https://boards.greenhouse.io/braze/jobs/8099717?gh_jid=8099717
2026-08-04,BRZE,Braze,Technical Support Specialist,Customer Experience,São Paulo,nontech,mid,0,0,0,,,https://boards.greenhouse.io/braze/jobs/7696789?gh_jid=7696789
2026-08-04,BRZE,Braze,Technical Support Specialist,Customer Experience,New York City,nontech,mid,0,0,0,,88000,https://boards.greenhouse.io/braze/jobs/8095130?gh_jid=8095130
2026-08-04,BRZE,Braze,Technology Partners Product Marketing Manager,Marketing,San Francisco,nontech,mid,0,0,0,,167000,https://boards.greenhouse.io/braze/jobs/8089842?gh_jid=8089842
2026-08-04,KVYO,Klaviyo,"Account Executive Commercial, Italian Speaker",Sales,"Dublin, IE",demand_validated,mid,0,0,0,,,https://www.klaviyo.com/careers/jobs/7776856003?gh_jid=7776856003
2026-08-04,KVYO,Klaviyo,"Account Executive Commercial, Spanish Speaker",Sales,"Dublin, IE",demand_validated,mid,0,0,0,,,https://www.klaviyo.com/careers/jobs/7776857003?gh_jid=7776857003
2026-08-04,KVYO,Klaviyo," Account Executive, Large Enterprise ",Sales,"Los Angeles, CA",demand_validated,mid,0,0,0,,160000,https://www.klaviyo.com/careers/jobs/7602229003?gh_jid=7602229003
2026-08-04,KVYO,Klaviyo," Account Executive, Large Enterprise ",Sales,"San Diego, CA",demand_validated,mid,0,0,0,,160000,https://www.klaviyo.com/careers/jobs/7602227003?gh_jid=7602227003
2026-08-04,KVYO,Klaviyo," Account Executive, Large Enterprise ",Sales,"Boston, MA",demand_validated,mid,0,0,0,,160000,https://www.klaviyo.com/careers/jobs/7588382003?gh_jid=7588382003
2026-08-04,KVYO,Klaviyo," Account Executive, Large Enterprise ",Sales,"Boston, MA",demand_validated,mid,0,0,0,,160000,https://www.klaviyo.com/careers/jobs/7519959003?gh_jid=7519959003
2026-08-04,KVYO,Klaviyo," Account Executive, Large Enterprise ",Sales,"New York, NY",demand_validated,mid,0,0,0,,160000,https://www.klaviyo.com/careers/jobs/7529251003?gh_jid=7529251003
2026-08-04,KVYO,Klaviyo," Account Executive, Large Enterprise ",Sales,"San Francisco, CA",demand_validated,mid,0,0,0,,160000,https://www.klaviyo.com/careers/jobs/7602220003?gh_jid=7602220003
2026-08-04,KVYO,Klaviyo," Account Executive, Large Enterprise ",Sales,"Denver, CO",demand_validated,mid,0,0,0,,160000,https://www.klaviyo.com/careers/jobs/7602221003?gh_jid=7602221003
2026-08-04,KVYO,Klaviyo," Account Executive, Large Enterprise ",Sales,"Austin, TX",demand_validated,mid,0,0,0,,160000,https://www.klaviyo.com/careers/jobs/7602247003?gh_jid=7602247003
2026-08-04,KVYO,Klaviyo,"Account Executive, Mid-Enterprise",Sales,"New York, NY",demand_validated,mid,0,0,0,,115000,https://www.klaviyo.com/careers/jobs/7720001003?gh_jid=7720001003
2026-08-04,KVYO,Klaviyo,"Account Executive, Mid-Enterprise",Sales,"Miami, FL",demand_validated,mid,0,0,0,,115000,https://www.klaviyo.com/careers/jobs/7817729003?gh_jid=7817729003
2026-08-04,KVYO,Klaviyo,"Account Executive, Mid-Enterprise",Sales,"Boston, MA",demand_validated,mid,0,0,0,,115000,https://www.klaviyo.com/careers/jobs/7624146003?gh_jid=7624146003
2026-08-04,KVYO,Klaviyo,"Account Executive, Mid-Enterprise",Sales,"Denver, CO",demand_validated,mid,0,0,0,,115000,https://www.klaviyo.com/careers/jobs/7624149003?gh_jid=7624149003
2026-08-04,KVYO,Klaviyo,AI Enablement Program Manager,Engineering,"Boston, MA",nontech,mid,1,3,1,application,200000,https://www.klaviyo.com/careers/jobs/7801432003?gh_jid=7801432003
2026-08-04,KVYO,Klaviyo,Analytics Engineer,Administrative,"Boston, MA",product_eng,mid,0,0,0,,140000,https://www.klaviyo.com/careers/jobs/7737707003?gh_jid=7737707003
2026-08-04,KVYO,Klaviyo,Business Development Representative,Sales,"Sydney, AU",other,mid,0,0,0,,70000,https://www.klaviyo.com/careers/jobs/7742938003?gh_jid=7742938003
2026-08-04,KVYO,Klaviyo,Commercial Account Executive,Sales,"Denver, CO",demand_validated,mid,0,0,0,,65000,https://www.klaviyo.com/careers/jobs/7577985003?gh_jid=7577985003
2026-08-04,KVYO,Klaviyo,Commercial Account Executive,Sales,"Boston, MA",demand_validated,mid,0,0,0,,65000,https://www.klaviyo.com/careers/jobs/7577984003?gh_jid=7577984003
2026-08-04,KVYO,Klaviyo,Commercial Account Executive - Greater China Region,Sales,Singapore,demand_validated,mid,0,0,0,,,https://www.klaviyo.com/careers/jobs/7807681003?gh_jid=7807681003
2026-08-04,KVYO,Klaviyo,Commercial Account Executive (Spanish and/or Portuguese Speaking),Sales,"Boston, MA; Denver, CO",demand_validated,mid,0,0,0,,65000,https://www.klaviyo.com/careers/jobs/7776017003?gh_jid=7776017003
2026-08-04,KVYO,Klaviyo,Commercial Manager,Sales,"Sydney, AU",other,mid,0,0,0,,198000,https://www.klaviyo.com/careers/jobs/7728408003?gh_jid=7728408003
2026-08-04,KVYO,Klaviyo,"Customer Support Specialist, Bilingual English & Japanese",Customer Support,"Sydney, AU",nontech,mid,0,0,0,,100000,https://www.klaviyo.com/careers/jobs/7798572003?gh_jid=7798572003
2026-08-04,KVYO,Klaviyo,"Customer Support Specialist, German (Weekend Shift)",Customer Support,"Dublin, IE",nontech,mid,0,0,0,,,https://www.klaviyo.com/careers/jobs/7785582003?gh_jid=7785582003
2026-08-04,KVYO,Klaviyo,"Demand Generation Manager,Asia",Marketing,Singapore,other,mid,0,0,0,,,https://www.klaviyo.com/careers/jobs/7818147003?gh_jid=7818147003
2026-08-04,KVYO,Klaviyo,"Director, Events",Marketing,"Boston, MA",other,director,0,0,0,,205000,https://www.klaviyo.com/careers/jobs/7806128003?gh_jid=7806128003
2026-08-04,KVYO,Klaviyo,"Director, Events",Marketing,"San Francisco, CA",other,director,0,0,0,,205000,https://www.klaviyo.com/careers/jobs/7806434003?gh_jid=7806434003
2026-08-04,KVYO,Klaviyo,"Director of Engineering, Infrastructure",Engineering,"Boston, MA",product_eng,director,0,0,0,,305000,https://www.klaviyo.com/careers/jobs/7768263003?gh_jid=7768263003
2026-08-04,KVYO,Klaviyo,"Director of Sales, Commercial (Europe)",Sales,"Dublin, IE",nontech,director,0,0,0,,,https://www.klaviyo.com/careers/jobs/7762361003?gh_jid=7762361003
2026-08-04,KVYO,Klaviyo,"Director of Sales, Commercial (Europe)",Sales,"London, UK",nontech,director,0,0,0,,,https://www.klaviyo.com/careers/jobs/7797878003?gh_jid=7797878003
2026-08-04,KVYO,Klaviyo,"Director, Product Management - Channel Infrastructure & Mobile",Product,"Boston, MA",other,director,0,1,0,buzz,280000,https://www.klaviyo.com/careers/jobs/7766942003?gh_jid=7766942003
2026-08-04,KVYO,Klaviyo,"Director, Professional Services, EMEA",Customer Success,"London, UK",demand_validated,director,0,0,0,,,https://www.klaviyo.com/careers/jobs/7746935003?gh_jid=7746935003
2026-08-04,KVYO,Klaviyo,"Engineering Manager, Customer Agent",Engineering,"Boston, MA",product_eng,mid,0,13,1,application|buzz|general_medium,220000,https://www.klaviyo.com/careers/jobs/7453448003?gh_jid=7453448003
2026-08-04,KVYO,Klaviyo,Engineering Manager - Data Automation,Engineering,"Boston, MA",product_eng,mid,0,0,0,,220000,https://www.klaviyo.com/careers/jobs/7570250003?gh_jid=7570250003
2026-08-04,KVYO,Klaviyo,"Enterprise Enablement Partner, EMEA",Marketing,"London, UK",nontech,mid,0,0,0,,,https://www.klaviyo.com/careers/jobs/7807934003?gh_jid=7807934003
2026-08-04,KVYO,Klaviyo,Executive Business Partner,People,"San Francisco, CA",other,mid,0,0,0,,105000,https://www.klaviyo.com/careers/jobs/7790310003?gh_jid=7790310003
2026-08-04,KVYO,Klaviyo,Finance Deal Desk Manager,Finance & Accounting,"Sydney, AU",nontech,mid,0,0,0,,160000,https://www.klaviyo.com/careers/jobs/7806991003?gh_jid=7806991003
2026-08-04,KVYO,Klaviyo,Global Onboarding Lead,People,"Boston, MA",other,senior,0,0,0,,155000,https://www.klaviyo.com/careers/jobs/7808689003?gh_jid=7808689003
2026-08-04,KVYO,Klaviyo,"Head of Engineering, Finance Systems",IT & Security,"Boston, MA",product_eng,exec,0,0,0,,180000,https://www.klaviyo.com/careers/jobs/7670555003?gh_jid=7670555003
2026-08-04,KVYO,Klaviyo,"Hospitality Partner Account Manager, Mid-Enterprise",Sales,"Boston, MA",other,mid,0,0,0,,154000,https://www.klaviyo.com/careers/jobs/7709951003?gh_jid=7709951003
2026-08-04,KVYO,Klaviyo,"Hospitality Partner Account Manager, Mid-Enterprise",Sales,"San Francisco, CA",other,mid,0,0,0,,154000,https://www.klaviyo.com/careers/jobs/7710839003?gh_jid=7710839003
2026-08-04,KVYO,Klaviyo,"Hospitality Partner Account Manager, Mid-Enterprise",Sales,"Denver, CO",other,mid,0,0,0,,154000,https://www.klaviyo.com/careers/jobs/7710838003?gh_jid=7710838003
2026-08-04,KVYO,Klaviyo,HRIS Manager (Workday),IT & Security,"Boston, MA",other,mid,0,0,0,,160000,https://www.klaviyo.com/careers/jobs/7684381003?gh_jid=7684381003
2026-08-04,KVYO,Klaviyo,Inbound Growth Specialist,Marketing,"Boston, MA",other,mid,0,0,0,,,https://www.klaviyo.com/careers/jobs/7685123003?gh_jid=7685123003
2026-08-04,KVYO,Klaviyo,Integrated Marketing Lead - K:Service,Marketing,"San Francisco, CA",nontech,senior,0,0,0,,155000,https://www.klaviyo.com/careers/jobs/7635994003?gh_jid=7635994003
2026-08-04,KVYO,Klaviyo,Integrated Marketing Lead - K:Service,Marketing,"Boston, MA",nontech,senior,0,0,0,,155000,https://www.klaviyo.com/careers/jobs/7635660003?gh_jid=7635660003
2026-08-04,KVYO,Klaviyo,"Lead Data Science Analyst, GTM Strategic Analytics and Insights",Go-To-Market Operations,"Denver, CO",other,senior,0,26,1,application|buzz|general_medium|model_infra,150000,https://www.klaviyo.com/careers/jobs/7702330003?gh_jid=7702330003
2026-08-04,KVYO,Klaviyo,"Lead Data Science Analyst, GTM Strategic Analytics and Insights",Go-To-Market Operations,"Boston, MA",other,senior,0,26,1,application|buzz|general_medium|model_infra,150000,https://www.klaviyo.com/careers/jobs/7687789003?gh_jid=7687789003
2026-08-04,KVYO,Klaviyo," Lead GTM Data Operations Analyst, AI Workflows",Go-To-Market Operations,"Denver, CO",nontech,senior,1,9,1,application,155000,https://www.klaviyo.com/careers/jobs/7724065003?gh_jid=7724065003
2026-08-04,KVYO,Klaviyo,"Lead GTM Data Operations Analyst, AI Workflows",Go-To-Market Operations,"San Francisco, CA",nontech,senior,1,9,1,application,155000,https://www.klaviyo.com/careers/jobs/7724068003?gh_jid=7724068003
2026-08-04,KVYO,Klaviyo,"Lead GTM Data Operations Analyst, AI Workflows",Go-To-Market Operations,"Boston, MA",nontech,senior,1,9,1,application,155000,https://www.klaviyo.com/careers/jobs/7718967003?gh_jid=7718967003
2026-08-04,KVYO,Klaviyo,Lead People Systems Engineer,IT & Security,"San Francisco, CA",product_eng,senior,0,10,1,application|buzz,175000,https://www.klaviyo.com/careers/jobs/7822352003?gh_jid=7822352003
2026-08-04,KVYO,Klaviyo,Lead People Systems Engineer,IT & Security,"Boston, MA",product_eng,senior,0,10,1,application|buzz,175000,https://www.klaviyo.com/careers/jobs/7727703003?gh_jid=7727703003
2026-08-04,KVYO,Klaviyo,"Lead Product Manager, Core Data",Product,"Boston, MA",product_eng,senior,0,0,0,,210000,https://www.klaviyo.com/careers/jobs/7728815003?gh_jid=7728815003
2026-08-04,KVYO,Klaviyo,"Lead Security Engineer, Enterprise Security",IT & Security,"Denver, CO",product_eng,senior,0,3,1,application,219000,https://www.klaviyo.com/careers/jobs/7742054003?gh_jid=7742054003
2026-08-04,KVYO,Klaviyo,"Lead Security Engineer, Enterprise Security",IT & Security,"Boston, MA",product_eng,senior,0,3,1,application,219000,https://www.klaviyo.com/careers/jobs/7740028003?gh_jid=7740028003
2026-08-04,KVYO,Klaviyo,Lead Security Governance & Risk Engineer,IT & Security,"Boston, MA",product_eng,senior,0,0,0,,195000,https://www.klaviyo.com/careers/jobs/7783906003?gh_jid=7783906003
2026-08-04,KVYO,Klaviyo,"Lead Software Engineer, Messaging Infrastructure",Engineering,"Dublin, IE",product_eng,senior,0,0,0,,,https://www.klaviyo.com/careers/jobs/7774822003?gh_jid=7774822003
2026-08-04,KVYO,Klaviyo,"Manager, Customer Success - Mid-Enterprise (Northern) ",Customer Success,"London, UK",demand_validated,mid,0,0,0,,,https://www.klaviyo.com/careers/jobs/7800316003?gh_jid=7800316003
2026-08-04,KVYO,Klaviyo,"Manager, Workplace Experience",People,"Dublin, IE",other,mid,0,0,0,,,https://www.klaviyo.com/careers/jobs/7802659003?gh_jid=7802659003
2026-08-04,KVYO,Klaviyo,"Marketing Manager Emerging Markets,Asia",Marketing,Singapore,nontech,mid,0,0,0,,,https://www.klaviyo.com/careers/jobs/7818148003?gh_jid=7818148003
2026-08-04,KVYO,Klaviyo,Marketing Operations Lead,Marketing,"San Francisco, CA",nontech,senior,0,1,0,buzz,165000,https://www.klaviyo.com/careers/jobs/7617363003?gh_jid=7617363003
2026-08-04,KVYO,Klaviyo,Marketing Operations Lead,Marketing,"Boston, MA",nontech,senior,0,1,0,buzz,165000,https://www.klaviyo.com/careers/jobs/7608379003?gh_jid=7608379003
2026-08-04,KVYO,Klaviyo,Mid Enterprise Account Executive,Sales,"Sydney, AU",demand_validated,mid,0,0,0,,160000,https://www.klaviyo.com/careers/jobs/7728381003?gh_jid=7728381003
2026-08-04,KVYO,Klaviyo,MM Account Executive,Sales,Singapore,demand_validated,mid,0,0,0,,,https://www.klaviyo.com/careers/jobs/7718462003?gh_jid=7718462003
2026-08-04,KVYO,Klaviyo,Onboarding Specialist (Italian Speaking),Customer Success,"Dublin, IE",other,mid,0,0,0,,,https://www.klaviyo.com/careers/jobs/7799563003?gh_jid=7799563003
2026-08-04,KVYO,Klaviyo,"Order to Cash Track Lead, Finance Engineering",IT & Security,"Boston, MA",product_eng,senior,0,0,0,,175000,https://www.klaviyo.com/careers/jobs/7802850003?gh_jid=7802850003
2026-08-04,KVYO,Klaviyo,Outbound BDR Manager - Southern Europe,Sales,"Dublin, IE",other,mid,0,0,0,,,https://www.klaviyo.com/careers/jobs/7737859003?gh_jid=7737859003
2026-08-04,KVYO,Klaviyo,Outbound Business Development Representative,Sales,"Boston, MA",other,mid,0,0,0,,,https://www.klaviyo.com/careers/jobs/7641196003?gh_jid=7641196003
2026-08-04,KVYO,Klaviyo,Outbound Business Development Representative - Central (German speaking),Sales,"Dublin, IE",other,mid,0,0,0,,,https://www.klaviyo.com/careers/jobs/7748290003?gh_jid=7748290003
2026-08-04,KVYO,Klaviyo,"Partner Account Manager, Commercial",Sales,"Denver, CO",other,mid,0,0,0,,110600,https://www.klaviyo.com/careers/jobs/7803031003?gh_jid=7803031003
2026-08-04,KVYO,Klaviyo,"Partner Account Manager, Commercial",Sales,"Boston, MA",other,mid,0,0,0,,110600,https://www.klaviyo.com/careers/jobs/7802896003?gh_jid=7802896003
2026-08-04,KVYO,Klaviyo,"Partner Account Manager, Commercial",Sales,Singapore,other,mid,0,0,0,,,https://www.klaviyo.com/careers/jobs/7817694003?gh_jid=7817694003
2026-08-04,KVYO,Klaviyo,"Partner Account Manager (Mid-Enterprise), Northern Europe",Sales,"London, UK",other,mid,0,0,0,,,https://www.klaviyo.com/careers/jobs/7821524003?gh_jid=7821524003
2026-08-04,KVYO,Klaviyo,"Partner Account Manager, Mid-Enterprise - Southern Europe",Sales,"Paris, FR",other,mid,0,0,0,,,https://www.klaviyo.com/careers/jobs/7811983003?gh_jid=7811983003
2026-08-04,KVYO,Klaviyo,Presales Project Manager - AI Strategy,Sales,"London, UK",demand_validated,mid,1,0,0,,,https://www.klaviyo.com/careers/jobs/7662735003?gh_jid=7662735003
2026-08-04,KVYO,Klaviyo,"Principal, APAC Partner Enablement",Sales,"Sydney, AU",nontech,staff_principal,0,0,0,,185000,https://www.klaviyo.com/careers/jobs/7728345003?gh_jid=7728345003
2026-08-04,KVYO,Klaviyo,"Principal Commercial Sales Enablement Partner, EMEA",Marketing,"Dublin, IE",nontech,staff_principal,0,0,0,,,https://www.klaviyo.com/careers/jobs/7777760003?gh_jid=7777760003
2026-08-04,KVYO,Klaviyo,"Principal Enablement Partner, BDR",Marketing,"Boston, MA",nontech,staff_principal,0,0,0,,190000,https://www.klaviyo.com/careers/jobs/7678193003?gh_jid=7678193003
2026-08-04,KVYO,Klaviyo,"Principal Enablement Partner, BDR",Marketing,"Denver, CO",nontech,staff_principal,0,0,0,,190000,https://www.klaviyo.com/careers/jobs/7780642003?gh_jid=7780642003
2026-08-04,KVYO,Klaviyo,"Principal Engineer, Core Infrastructure",Engineering,"Boston, MA",product_eng,staff_principal,0,0,0,,305000,https://www.klaviyo.com/careers/jobs/7559750003?gh_jid=7559750003
2026-08-04,KVYO,Klaviyo,"Principal Engineer, Data Infrastructure",Engineering,"Boston, MA",product_eng,staff_principal,0,4,1,application|buzz,305000,https://www.klaviyo.com/careers/jobs/7559751003?gh_jid=7559751003
2026-08-04,KVYO,Klaviyo,"Principal Engineer, Security",Engineering,"Boston, MA",product_eng,staff_principal,0,6,1,application,305000,https://www.klaviyo.com/careers/jobs/7774157003?gh_jid=7774157003
2026-08-04,KVYO,Klaviyo,"Principal Software Engineer, Enterprise Scalability",Engineering,"Boston, MA",product_eng,staff_principal,0,0,0,,305000,https://www.klaviyo.com/careers/jobs/7554273003?gh_jid=7554273003
2026-08-04,KVYO,Klaviyo,Product Designer,Design,"Boston, MA",product_eng,mid,0,0,0,,130000,https://www.klaviyo.com/careers/jobs/7503712003?gh_jid=7503712003
2026-08-04,KVYO,Klaviyo,"Product Leader, Finance Engineering",IT & Security,"Boston, MA",product_eng,mid,0,0,0,,205000,https://www.klaviyo.com/careers/jobs/7802849003?gh_jid=7802849003
2026-08-04,KVYO,Klaviyo,"Product Manager, Checkout Experience",Product,"Boston, MA",product_eng,mid,0,0,0,,130000,https://www.klaviyo.com/careers/jobs/7798763003?gh_jid=7798763003
2026-08-04,KVYO,Klaviyo,Renewal Specialist,Customer Success,"Dublin, IE",other,mid,0,0,0,,,https://www.klaviyo.com/careers/jobs/7738446003?gh_jid=7738446003
2026-08-04,KVYO,Klaviyo,Senior AI Engineer - Customer Agent,Engineering,"Boston, MA",product_eng,senior,1,19,1,application|buzz|general_medium|model_infra,185000,https://www.klaviyo.com/careers/jobs/7502768003?gh_jid=7502768003
2026-08-04,KVYO,Klaviyo,"Senior Brand Designer, EMEA",Marketing,"London, UK",product_eng,senior,0,0,0,,,https://www.klaviyo.com/careers/jobs/7812185003?gh_jid=7812185003
2026-08-04,KVYO,Klaviyo,Senior Customer Success Manager - Commercial,Customer Success,Singapore,demand_validated,senior,0,0,0,,,https://www.klaviyo.com/careers/jobs/7786392003?gh_jid=7786392003
2026-08-04,KVYO,Klaviyo,Senior Engineering Manager - Customer Agent,Engineering,"Boston, MA",product_eng,senior,0,13,1,application|buzz|general_medium,270000,https://www.klaviyo.com/careers/jobs/7802701003?gh_jid=7802701003
2026-08-04,KVYO,Klaviyo,Senior Financial Analyst – R&D,Finance & Accounting,"Boston, MA",other,senior,0,0,0,,120000,https://www.klaviyo.com/careers/jobs/7748320003?gh_jid=7748320003
2026-08-04,KVYO,Klaviyo,Senior Full Stack Engineer - Customer Agent,Engineering,"Boston, MA",product_eng,senior,0,1,0,buzz,145000,https://www.klaviyo.com/careers/jobs/7548896003?gh_jid=7548896003
2026-08-04,KVYO,Klaviyo,"Senior HR Business Partner (GTM), EMEA",People,"London, UK",nontech,senior,0,0,0,,,https://www.klaviyo.com/careers/jobs/7817147003?gh_jid=7817147003
2026-08-04,KVYO,Klaviyo,Senior Integrations Engineer,IT & Security,"Boston, MA",product_eng,senior,0,0,0,,165000,https://www.klaviyo.com/careers/jobs/7688488003?gh_jid=7688488003
2026-08-04,KVYO,Klaviyo,Senior Lead AI Software Engineer,Engineering,"Boston, MA",product_eng,senior,1,10,1,application|buzz,270000,https://www.klaviyo.com/careers/jobs/7766993003?gh_jid=7766993003
2026-08-04,KVYO,Klaviyo,"Senior Lead Product Manager, Enterprise",Product,"Boston, MA",product_eng,senior,0,0,0,,245000,https://www.klaviyo.com/careers/jobs/7517734003?gh_jid=7517734003
2026-08-04,KVYO,Klaviyo,"Senior Lead Program Manager, Technical Programs",Engineering,"Boston, MA",other,senior,0,0,0,,240000,https://www.klaviyo.com/careers/jobs/7453469003?gh_jid=7453469003
2026-08-04,KVYO,Klaviyo,Senior Lead Software Engineer - Data Platform,Engineering,"Boston, MA",product_eng,senior,0,3,1,application,270000,https://www.klaviyo.com/careers/jobs/7809608003?gh_jid=7809608003
2026-08-04,KVYO,Klaviyo,"Senior Manager, Partner Sales",Sales,"Boston, MA",nontech,senior,0,0,0,,175000,https://www.klaviyo.com/careers/jobs/7709950003?gh_jid=7709950003
2026-08-04,KVYO,Klaviyo,"Senior Manager, Partner Sales",Sales,"Denver, CO",nontech,senior,0,0,0,,175000,https://www.klaviyo.com/careers/jobs/7710022003?gh_jid=7710022003
2026-08-04,KVYO,Klaviyo,"Senior Manager, Partner Sales",Sales,"San Francisco, CA",nontech,senior,0,0,0,,175000,https://www.klaviyo.com/careers/jobs/7710023003?gh_jid=7710023003
2026-08-04,KVYO,Klaviyo,Senior Product Designer,Design,"Boston, MA",product_eng,senior,0,0,0,,168000,https://www.klaviyo.com/careers/jobs/7503717003?gh_jid=7503717003
2026-08-04,KVYO,Klaviyo,"Senior Product Manager, AI Analytics",Product,"Boston, MA",product_eng,senior,1,10,1,application|buzz,170000,https://www.klaviyo.com/careers/jobs/7806008003?gh_jid=7806008003
2026-08-04,KVYO,Klaviyo,"Senior Product Manager, ML Modeling & Platform",Product,"Palo Alto, CA",product_eng,senior,1,18,1,application|buzz|data_ml_ops|general_medium|model_infra,170000,https://www.klaviyo.com/careers/jobs/7809609003?gh_jid=7809609003
2026-08-04,KVYO,Klaviyo,"Senior Product Manager, Platform Integrity",Product,"Boston, MA",product_eng,senior,0,0,0,,170000,https://www.klaviyo.com/careers/jobs/7708059003?gh_jid=7708059003
2026-08-04,KVYO,Klaviyo,"Senior Product Manager, Profiles Platform",Product,"Boston, MA",product_eng,senior,0,0,0,,170000,https://www.klaviyo.com/careers/jobs/7709682003?gh_jid=7709682003
2026-08-04,KVYO,Klaviyo,Senior Product Marketing Manager - Verticals,Marketing,"San Francisco, CA",nontech,senior,0,0,0,,145000,https://www.klaviyo.com/careers/jobs/7664279003?gh_jid=7664279003
2026-08-04,KVYO,Klaviyo,Senior Product Marketing Manager - Verticals,Marketing,"Boston, MA",nontech,senior,0,0,0,,145000,https://www.klaviyo.com/careers/jobs/7664280003?gh_jid=7664280003
2026-08-04,KVYO,Klaviyo,Senior Recruiter,People,"Boston, MA",nontech,senior,0,0,0,,135000,https://www.klaviyo.com/careers/jobs/7805298003?gh_jid=7805298003
2026-08-04,KVYO,Klaviyo,Senior Recruiter (Contract),People,"Boston, MA",nontech,senior,0,0,0,,,https://www.klaviyo.com/careers/jobs/7702922003?gh_jid=7702922003
2026-08-04,KVYO,Klaviyo,Senior Security Compliance Engineer,IT & Security,"Denver, CO",product_eng,senior,0,3,1,application,150000,https://www.klaviyo.com/careers/jobs/7791993003?gh_jid=7791993003
2026-08-04,KVYO,Klaviyo,Senior Security Compliance Engineer,IT & Security,"Boston, MA",product_eng,senior,0,3,1,application,150000,https://www.klaviyo.com/careers/jobs/7780011003?gh_jid=7780011003
2026-08-04,KVYO,Klaviyo,Senior Security Engineer - Detection and Response,IT & Security,"Boston, MA",product_eng,senior,0,0,0,,177000,https://www.klaviyo.com/careers/jobs/7659972003?gh_jid=7659972003
2026-08-04,KVYO,Klaviyo,Senior Security Engineer - Detection and Response,IT & Security,"Denver, CO",product_eng,senior,0,0,0,,177000,https://www.klaviyo.com/careers/jobs/7660012003?gh_jid=7660012003
2026-08-04,KVYO,Klaviyo,"Senior Software Engineer, Agent Platform",Engineering,"Boston, MA",product_eng,senior,0,25,1,application|buzz|general_medium|model_infra,185000,https://www.klaviyo.com/careers/jobs/7749877003?gh_jid=7749877003
2026-08-04,KVYO,Klaviyo,"Senior Software Engineer, Composer AI Product",Engineering,"Boston, MA",product_eng,senior,1,14,1,application|buzz,185000,https://www.klaviyo.com/careers/jobs/7767542003?gh_jid=7767542003
2026-08-04,KVYO,Klaviyo,Senior Software Engineer - Customer Agent,Engineering,"Boston, MA",product_eng,senior,0,17,1,application|buzz,185000,https://www.klaviyo.com/careers/jobs/7695230003?gh_jid=7695230003
2026-08-04,KVYO,Klaviyo,"Senior Software Engineer, Customer Agent",Engineering,"Boston, MA",product_eng,senior,0,17,1,application|buzz,185000,https://www.klaviyo.com/careers/jobs/7780009003?gh_jid=7780009003
2026-08-04,KVYO,Klaviyo,Senior Software Engineer - Developer Infrastructure,Engineering,"Boston, MA",product_eng,senior,0,0,0,,185000,https://www.klaviyo.com/careers/jobs/7711217003?gh_jid=7711217003
2026-08-04,KVYO,Klaviyo,Senior Software Engineer - Flows AI,Engineering,"Boston, MA",product_eng,senior,1,7,1,application|buzz|general_medium,185000,https://www.klaviyo.com/careers/jobs/7751100003?gh_jid=7751100003
2026-08-04,KVYO,Klaviyo,Senior Software Engineer - Growth,Engineering,"Boston, MA",product_eng,senior,0,3,1,application,185000,https://www.klaviyo.com/careers/jobs/7696724003?gh_jid=7696724003
2026-08-04,KVYO,Klaviyo,Senior Software Engineer - Infrastructure Security,Engineering,"Boston, MA",product_eng,senior,0,0,0,,185000,https://www.klaviyo.com/careers/jobs/7777369003?gh_jid=7777369003
2026-08-04,KVYO,Klaviyo,"Senior Software Engineer, Platform Engineering",Engineering,"Boston, MA",product_eng,senior,0,0,0,,185000,https://www.klaviyo.com/careers/jobs/7783904003?gh_jid=7783904003
2026-08-04,KVYO,Klaviyo,"Senior Software Engineer - Profiles, Lists and Segments",Engineering,"Boston, MA",product_eng,senior,0,0,0,,185000,https://www.klaviyo.com/careers/jobs/7597868003?gh_jid=7597868003
2026-08-04,KVYO,Klaviyo,"Senior Software Engineer, Reliability ",Engineering,"Dublin, IE",product_eng,senior,0,0,0,,,https://www.klaviyo.com/careers/jobs/7806004003?gh_jid=7806004003
2026-08-04,KVYO,Klaviyo,Senior Solution Architect - Professional Services,Customer Success,"London, UK",demand_validated,senior,0,0,0,,,https://www.klaviyo.com/careers/jobs/7636622003?gh_jid=7636622003
2026-08-04,KVYO,Klaviyo,"Senior Systems Engineering Manager, Corporate IT",IT & Security,"Boston, MA",product_eng,senior,0,0,0,,180000,https://www.klaviyo.com/careers/jobs/7792538003?gh_jid=7792538003
2026-08-04,KVYO,Klaviyo,Software Engineer - Advanced Reporting,Engineering,"Boston, MA",product_eng,mid,0,4,1,application|buzz,145000,https://www.klaviyo.com/careers/jobs/7811667003?gh_jid=7811667003
2026-08-04,KVYO,Klaviyo,Software Engineer II - Growth,Engineering,"Boston, MA",product_eng,mid,0,3,1,application,145000,https://www.klaviyo.com/careers/jobs/7659484003?gh_jid=7659484003
2026-08-04,KVYO,Klaviyo,"Software Engineer II, Messaging Infrastructure",Engineering,"Dublin, IE",product_eng,mid,0,0,0,,,https://www.klaviyo.com/careers/jobs/7774824003?gh_jid=7774824003
2026-08-04,KVYO,Klaviyo,Software Engineer II (Mobile Developer - Android/Kotlin) - Mobile App Growth,Engineering,"Boston, MA",product_eng,mid,0,0,0,,145000,https://www.klaviyo.com/careers/jobs/7792539003?gh_jid=7792539003
2026-08-04,KVYO,Klaviyo,"Software Engineer II, Reliability",Engineering,"Dublin, IE",product_eng,mid,0,0,0,,,https://www.klaviyo.com/careers/jobs/7806006003?gh_jid=7806006003
2026-08-04,KVYO,Klaviyo,"Sr. Director, HR Business Partner — R&D",People,"Boston, MA",nontech,director,0,0,0,,280000,https://www.klaviyo.com/careers/jobs/7788887003?gh_jid=7788887003
2026-08-04,KVYO,Klaviyo,Sr. Executive Business Partner,People,"Boston, MA",other,senior,0,0,0,,135000,https://www.klaviyo.com/careers/jobs/7801046003?gh_jid=7801046003
2026-08-04,KVYO,Klaviyo,Sr. Lead AI Engineer,Engineering,"Boston, MA",product_eng,senior,1,15,1,application|buzz|data_ml_ops|model_infra,270000,https://www.klaviyo.com/careers/jobs/7669343003?gh_jid=7669343003
2026-08-04,KVYO,Klaviyo,Sr. Lead Engineer - Customer Agent,Engineering,"Boston, MA",product_eng,senior,0,10,1,application|buzz,270000,https://www.klaviyo.com/careers/jobs/7780010003?gh_jid=7780010003
2026-08-04,KVYO,Klaviyo,Sr. Lead Engineer - Customer Agent,Engineering,"Boston, MA",product_eng,senior,0,10,1,application|buzz,270000,https://www.klaviyo.com/careers/jobs/7802698003?gh_jid=7802698003
2026-08-04,KVYO,Klaviyo,"Sr. Manager, Customer Advocacy",Marketing,"Denver, CO",other,senior,0,3,1,application,110000,https://www.klaviyo.com/careers/jobs/7819645003?gh_jid=7819645003
2026-08-04,KVYO,Klaviyo,"Sr. Manager, Customer Advocacy",Marketing,"San Francisco, CA",other,senior,0,3,1,application,110000,https://www.klaviyo.com/careers/jobs/7819648003?gh_jid=7819648003
2026-08-04,KVYO,Klaviyo,"Sr. Manager, Customer Advocacy",Marketing,"Boston, MA",other,senior,0,3,1,application,110000,https://www.klaviyo.com/careers/jobs/7818149003?gh_jid=7818149003
2026-08-04,KVYO,Klaviyo, Sr. Manager of GTM Incentive Compensation,Go-To-Market Operations,"San Francisco, CA",other,senior,0,0,0,,195000,https://www.klaviyo.com/careers/jobs/7747511003?gh_jid=7747511003
2026-08-04,KVYO,Klaviyo,Sr. Manager of GTM Incentive Compensation,Go-To-Market Operations,"Boston, MA",other,senior,0,0,0,,195000,https://www.klaviyo.com/careers/jobs/7742671003?gh_jid=7742671003
2026-08-04,KVYO,Klaviyo,Sr. Manager of GTM Incentive Compensation,Go-To-Market Operations,"Denver, CO",other,senior,0,0,0,,195000,https://www.klaviyo.com/careers/jobs/7747510003?gh_jid=7747510003
2026-08-04,KVYO,Klaviyo,"Sr. Software Engineer, AI Enablement",Engineering,"Boston, MA",product_eng,senior,1,11,1,application|buzz|model_infra,185000,https://www.klaviyo.com/careers/jobs/7688416003?gh_jid=7688416003
2026-08-04,KVYO,Klaviyo,"Sr. Software Engineer, Messaging Infrastructure",Engineering,"Dublin, IE",product_eng,senior,0,0,0,,,https://www.klaviyo.com/careers/jobs/7774823003?gh_jid=7774823003
2026-08-04,DUOL,Duolingo,"Ad Sales Lead, Central",Business Development,Remote - Illinois,nontech,senior,0,0,0,,175000,https://careers.duolingo.com/jobs/8653419002?gh_jid=8653419002
2026-08-04,DUOL,Duolingo,Brand Campaigns Director,Marketing and Communications,"Pittsburgh, PA",nontech,director,0,0,0,,245000,https://careers.duolingo.com/jobs/8621586002?gh_jid=8621586002
2026-08-04,DUOL,Duolingo,Brand Campaigns Director,Marketing and Communications,"New York, NY",nontech,director,0,0,0,,245000,https://careers.duolingo.com/jobs/8621574002?gh_jid=8621574002
2026-08-04,DUOL,Duolingo,Consumer Product Lead,Marketing and Communications,"Tokyo, Japan",other,senior,0,0,0,,,https://careers.duolingo.com/jobs/8625579002?gh_jid=8625579002
2026-08-04,DUOL,Duolingo,Corporate Counsel,Legal,"Pittsburgh, PA",nontech,mid,0,1,0,buzz,180000,https://careers.duolingo.com/jobs/8576434002?gh_jid=8576434002
2026-08-04,DUOL,Duolingo,"Creative Director, Marketing",Marketing and Communications,"London, England",nontech,director,0,0,0,,,https://careers.duolingo.com/jobs/8442934002?gh_jid=8442934002
2026-08-04,DUOL,Duolingo,"Creative Director, Marketing",Marketing and Communications,"New York, NY",nontech,director,0,0,0,,245000,https://careers.duolingo.com/jobs/8442932002?gh_jid=8442932002
2026-08-04,DUOL,Duolingo,Director of Communications,Marketing and Communications,"New York, NY",nontech,director,0,1,0,buzz,204000,https://careers.duolingo.com/jobs/8532790002?gh_jid=8532790002
2026-08-04,DUOL,Duolingo,Executive Assistant to the CEO,Executive + Senior Leadership,"New York, NY",other,mid,0,2,0,buzz,190000,https://careers.duolingo.com/jobs/8602852002?gh_jid=8602852002
2026-08-04,DUOL,Duolingo,Executive Assistant to the CEO,Executive + Senior Leadership,"Pittsburgh, PA",other,mid,0,2,0,buzz,190000,https://careers.duolingo.com/jobs/8602840002?gh_jid=8602840002
2026-08-04,DUOL,Duolingo,Government Affairs Manager,Legal,"Beijing, China",other,mid,0,1,0,buzz,,https://careers.duolingo.com/jobs/8611799002?gh_jid=8611799002
2026-08-04,DUOL,Duolingo,Head of Influencers & Community,Marketing and Communications,"Pittsburgh, PA",other,exec,0,0,0,,245000,https://careers.duolingo.com/jobs/8548793002?gh_jid=8548793002
2026-08-04,DUOL,Duolingo,Head of Influencers & Community,Marketing and Communications,"New York, NY",other,exec,0,0,0,,245000,https://careers.duolingo.com/jobs/8548803002?gh_jid=8548803002
2026-08-04,DUOL,Duolingo,Head of Talent Management Programs and PMO,Leadership + Talent Development,"Pittsburgh, PA",other,exec,0,1,0,buzz,229000,https://careers.duolingo.com/jobs/8590178002?gh_jid=8590178002
2026-08-04,DUOL,Duolingo,"Manager, Strategy and Business Operations",Strategy + Business Operations,"Pittsburgh, PA",nontech,mid,0,0,0,,152000,https://careers.duolingo.com/jobs/8489240002?gh_jid=8489240002
2026-08-04,DUOL,Duolingo,Managing Editor,Design Studio,"Tokyo, Japan",other,mid,0,0,0,,,https://careers.duolingo.com/jobs/8637185002?gh_jid=8637185002
2026-08-04,DUOL,Duolingo,Product Marketing Lead,Marketing and Communications,"New York, NY",nontech,senior,0,0,0,,204000,https://careers.duolingo.com/jobs/8604113002?gh_jid=8604113002
2026-08-04,DUOL,Duolingo,"Product Marketing Manager, Duolingo Math",Marketing and Communications,"London, England",nontech,mid,0,0,0,,,https://careers.duolingo.com/jobs/8400588002?gh_jid=8400588002
2026-08-04,DUOL,Duolingo,"Product Marketing Manager, Duolingo Math",Marketing and Communications,"New York, NY",nontech,mid,0,0,0,,153150,https://careers.duolingo.com/jobs/8400553002?gh_jid=8400553002
2026-08-04,DUOL,Duolingo,Senior Account Executive,Business,"New York, NY",demand_validated,senior,0,0,0,,142000,https://careers.duolingo.com/jobs/8374797002?gh_jid=8374797002
2026-08-04,DUOL,Duolingo,Senior AI Research Engineer,AI + Machine Learning Engineering,"New York, NY",research,senior,1,17,1,application|buzz|general_medium|model_infra,232000,https://careers.duolingo.com/jobs/8656959002?gh_jid=8656959002
2026-08-04,DUOL,Duolingo,Senior AI Research Engineer,AI + Machine Learning Engineering,"Pittsburgh, PA",research,senior,1,17,1,application|buzz|general_medium|model_infra,232000,https://careers.duolingo.com/jobs/8656931002?gh_jid=8656931002
2026-08-04,DUOL,Duolingo,"Senior B2B Marketing Manager, DET (UK, Europe & ANZ) ",DET,"London, England",nontech,senior,0,1,0,buzz,,https://careers.duolingo.com/jobs/8590308002?gh_jid=8590308002
2026-08-04,DUOL,Duolingo,Senior Community Manager,Marketing and Communications,"Seattle, WA",other,senior,0,0,0,,168000,https://careers.duolingo.com/jobs/8345186002?gh_jid=8345186002
2026-08-04,DUOL,Duolingo,Senior Community Manager,Marketing and Communications,"Pittsburgh, PA",other,senior,0,0,0,,168000,https://careers.duolingo.com/jobs/8524827002?gh_jid=8524827002
2026-08-04,DUOL,Duolingo,Senior Community Manager,Marketing and Communications,"New York, NY",other,senior,0,0,0,,168000,https://careers.duolingo.com/jobs/8385180002?gh_jid=8385180002
2026-08-04,DUOL,Duolingo,"Senior Data Science Manager, User Growth",Data Science + Analytics,"New York, NY",other,senior,0,9,1,application|buzz|general_medium,255000,https://careers.duolingo.com/jobs/8654321002?gh_jid=8654321002
2026-08-04,DUOL,Duolingo,"Senior Data Science Manager, User Growth",Data Science + Analytics,"Pittsburgh, PA",other,senior,0,9,1,application|buzz|general_medium,255000,https://careers.duolingo.com/jobs/8654296002?gh_jid=8654296002
2026-08-04,DUOL,Duolingo,"Senior Director of Engineering, Math",Software Engineering,"New York, NY",product_eng,director,0,4,1,application|buzz,370000,https://careers.duolingo.com/jobs/8616695002?gh_jid=8616695002
2026-08-04,DUOL,Duolingo,"Senior Director of Engineering, New Subjects",Software Engineering,"New York, NY",product_eng,director,0,4,1,application|buzz,370000,https://careers.duolingo.com/jobs/8584465002?gh_jid=8584465002
2026-08-04,DUOL,Duolingo,"Senior Engineering Manager, Growth",Engineering,"New York, NY",product_eng,senior,0,0,0,,255000,https://careers.duolingo.com/jobs/8468556002?gh_jid=8468556002
2026-08-04,DUOL,Duolingo,"Senior Engineering Manager, Growth",Engineering,"Pittsburgh, PA",product_eng,senior,0,0,0,,255000,https://careers.duolingo.com/jobs/8468545002?gh_jid=8468545002
2026-08-04,DUOL,Duolingo,"Senior Engineering Manager, Language Learning",Software Engineering,"Pittsburgh, PA",product_eng,senior,0,0,0,,255000,https://careers.duolingo.com/jobs/8627565002?gh_jid=8627565002
2026-08-04,DUOL,Duolingo,"Senior Engineering Manager, Language Learning",Software Engineering,"New York, NY",product_eng,senior,0,0,0,,255000,https://careers.duolingo.com/jobs/8627568002?gh_jid=8627568002
2026-08-04,DUOL,Duolingo,"Senior Engineering Manager, Monetization",Software Engineering,"Pittsburgh, PA",product_eng,senior,0,1,0,buzz,255000,https://careers.duolingo.com/jobs/8534630002?gh_jid=8534630002
2026-08-04,DUOL,Duolingo,"Senior Engineering Manager, Monetization",Software Engineering,"New York, NY",product_eng,senior,0,1,0,buzz,255000,https://careers.duolingo.com/jobs/8537884002?gh_jid=8537884002
2026-08-04,DUOL,Duolingo,Senior iOS Engineer,Software Engineering,"Pittsburgh, PA",product_eng,senior,0,1,0,buzz,209050,https://careers.duolingo.com/jobs/8393272002?gh_jid=8393272002
2026-08-04,DUOL,Duolingo,Senior/iOS Engineer II,Software Engineering,"New York, NY",product_eng,senior,0,1,0,buzz,209050,https://careers.duolingo.com/jobs/8318257002?gh_jid=8318257002
2026-08-04,DUOL,Duolingo,"Senior Manager, Scaling Operations",Scaling Operations,"Pittsburgh, PA",nontech,senior,0,1,0,buzz,204000,https://careers.duolingo.com/jobs/8543137002?gh_jid=8543137002
2026-08-04,DUOL,Duolingo,"Senior Manager, Scaling Operations",Scaling Operations,"New York, NY",nontech,senior,0,1,0,buzz,204000,https://careers.duolingo.com/jobs/8543375002?gh_jid=8543375002
2026-08-04,DUOL,Duolingo,Senior People Technology Analyst,People Operations,"New York, NY",other,senior,0,4,1,application|buzz,168000,https://careers.duolingo.com/jobs/8590394002?gh_jid=8590394002
2026-08-04,DUOL,Duolingo,Senior People Technology Analyst,People Operations,"Pittsburgh, PA",other,senior,0,4,1,application|buzz,168000,https://careers.duolingo.com/jobs/8590390002?gh_jid=8590390002
2026-08-04,DUOL,Duolingo,Senior Product Designer,Product Design,"Pittsburgh, PA",product_eng,senior,0,4,1,application|buzz,175000,https://careers.duolingo.com/jobs/8489189002?gh_jid=8489189002
2026-08-04,DUOL,Duolingo,Senior Product Designer,Product Design,"New York, NY",product_eng,senior,0,4,1,application|buzz,175000,https://careers.duolingo.com/jobs/8618405002?gh_jid=8618405002
2026-08-04,DUOL,Duolingo,"Senior Product Manager, DET",Product Management,"Pittsburgh, PA",product_eng,senior,0,1,0,buzz,215050,https://careers.duolingo.com/jobs/8530395002?gh_jid=8530395002
2026-08-04,DUOL,Duolingo,"Senior Product Manager, Monetization",Product Management,"New York, NY",product_eng,senior,0,0,0,,215050,https://careers.duolingo.com/jobs/8474673002?gh_jid=8474673002
2026-08-04,DUOL,Duolingo,Software Engineer I,Software Engineering,"Beijing, China",product_eng,mid,0,0,0,,,https://careers.duolingo.com/jobs/8612080002?gh_jid=8612080002
2026-08-04,DUOL,Duolingo,Software Engineer II,Software Engineering,"Beijing, China",product_eng,mid,0,0,0,,,https://careers.duolingo.com/jobs/8612120002?gh_jid=8612120002
2026-08-04,DUOL,Duolingo,"Software Engineer II, Android",Software Engineering,"Pittsburgh, PA",product_eng,mid,0,0,0,,180000,https://careers.duolingo.com/jobs/8628658002?gh_jid=8628658002
2026-08-04,DUOL,Duolingo,"Software Engineer II, Android",Software Engineering,"New York, NY",product_eng,mid,0,0,0,,180000,https://careers.duolingo.com/jobs/8628670002?gh_jid=8628670002
2026-08-04,DUOL,Duolingo,Staff Accountant,Accounting,"Pittsburgh, PA",other,staff_principal,0,1,0,buzz,100000,https://careers.duolingo.com/jobs/8573696002?gh_jid=8573696002
2026-08-04,DUOL,Duolingo,Staff AI Research Engineer ,AI + Machine Learning Engineering,"New York, NY",research,staff_principal,1,17,1,application|buzz|general_medium|model_infra,276000,https://careers.duolingo.com/jobs/8610353002?gh_jid=8610353002
2026-08-04,DUOL,Duolingo,Staff AI Research Engineer ,AI + Machine Learning Engineering,"Pittsburgh, PA",research,staff_principal,1,17,1,application|buzz|general_medium|model_infra,276000,https://careers.duolingo.com/jobs/8610345002?gh_jid=8610345002
2026-08-04,DUOL,Duolingo,Staff Product Designer,Product Design,"Pittsburgh, PA",product_eng,staff_principal,0,1,0,buzz,250000,https://careers.duolingo.com/jobs/8200009002?gh_jid=8200009002
2026-08-04,DUOL,Duolingo,Staff Product Designer,Product Design,"New York, NY",product_eng,staff_principal,0,1,0,buzz,250000,https://careers.duolingo.com/jobs/8200010002?gh_jid=8200010002
2026-08-04,DUOL,Duolingo,Staff Program Manager Brand Campaigns,Marketing and Communications,"New York, NY",nontech,staff_principal,0,0,0,,190000,https://careers.duolingo.com/jobs/8590229002?gh_jid=8590229002
2026-08-04,DUOL,Duolingo,Staff Program Manager Brand Campaigns,Marketing and Communications,"Pittsburgh, PA",nontech,staff_principal,0,0,0,,190000,https://careers.duolingo.com/jobs/8590215002?gh_jid=8590215002
2026-08-04,DUOL,Duolingo,Staff Technical Program Manager,Software Engineering,"Seattle, WA",other,staff_principal,0,8,1,application|buzz|data_ml_ops,227000,https://careers.duolingo.com/jobs/8638482002?gh_jid=8638482002
2026-08-04,DUOL,Duolingo,Talent Attraction Partner,Talent Acquisition,"New York, NY",other,mid,0,0,0,,140000,https://careers.duolingo.com/jobs/8658659002?gh_jid=8658659002
2026-08-04,DUOL,Duolingo,Talent Attraction Partner,Talent Acquisition,"Pittsburgh, PA",other,mid,0,0,0,,140000,https://careers.duolingo.com/jobs/8658615002?gh_jid=8658615002
2026-08-04,DUOL,Duolingo,Talent Attraction Partner,Talent Acquisition,"Pittsburgh, PA",other,mid,0,0,0,,140000,https://careers.duolingo.com/jobs/8658654002?gh_jid=8658654002
2026-08-04,DUOL,Duolingo,VP of Finance,Financial Planning & Analysis,"New York, NY",nontech,exec,0,1,0,buzz,440000,https://careers.duolingo.com/jobs/8492085002?gh_jid=8492085002
2026-08-04,DUOL,Duolingo,VP of Strategy and Corporate Development,Strategy + Business Operations,"New York, NY",other,exec,0,0,0,,440000,https://careers.duolingo.com/jobs/8562334002?gh_jid=8562334002
2026-08-04,DUOL,Duolingo,VP of Strategy and Corporate Development,Strategy + Business Operations,"Pittsburgh, PA",other,exec,0,0,0,,440000,https://careers.duolingo.com/jobs/8562297002?gh_jid=8562297002
2026-08-04,PINS,Pinterest,Agency Lead,Agency Sales,"Tokyo, JP",other,senior,0,1,0,buzz,,https://www.pinterestcareers.com/jobs/?gh_jid=8010505
2026-08-04,PINS,Pinterest,Agency Lead,Agency Sales,"New York, NY, US",other,senior,0,0,0,,185220,https://www.pinterestcareers.com/jobs/?gh_jid=8022863
2026-08-04,PINS,Pinterest,Agency Lead,Agency Sales,"Paris, FR",other,senior,0,0,0,,,https://www.pinterestcareers.com/jobs/?gh_jid=7989130
2026-08-04,PINS,Pinterest,"Client Account Manager, CPG Enterprise (French Market)",Europe Enterprise Sales,"Dublin, IE",other,mid,0,0,0,,,https://www.pinterestcareers.com/jobs/?gh_jid=8037865
2026-08-04,PINS,Pinterest,"Client Account Manager, Enterprise Nordics (English Speaking)",Europe Enterprise Sales,"Dublin, IE",other,mid,0,1,0,buzz,,https://www.pinterestcareers.com/jobs/?gh_jid=8075678
2026-08-04,PINS,Pinterest,"Client Account Manager, Enterprise Sales (International Retail)",Europe Enterprise Sales,"Dublin, IE",nontech,intern,0,1,0,buzz,,https://www.pinterestcareers.com/jobs/?gh_jid=8016712
2026-08-04,PINS,Pinterest,Client Account Manager - Greater China Region,APAC Enterprise Sales,"Singapore, SG",other,mid,0,0,0,,,https://www.pinterestcareers.com/jobs/?gh_jid=8016650
2026-08-04,PINS,Pinterest,Client Account Manager I,LATAM Enterprise Sales,"Buenos Aires, AR",other,mid,0,0,0,,,https://www.pinterestcareers.com/jobs/?gh_jid=8089250
2026-08-04,PINS,Pinterest,Client Account Manager II,LATAM Enterprise Sales,"São Paulo, BR",other,mid,0,0,0,,,https://www.pinterestcareers.com/jobs/?gh_jid=8081335
2026-08-04,PINS,Pinterest,Client Account Manager II,LATAM Enterprise Sales,"São Paulo, BR",other,mid,0,0,0,,,https://www.pinterestcareers.com/jobs/?gh_jid=8081337
2026-08-04,PINS,Pinterest,"Client Account Manager II, CPG Food",North America Enterprise Sales,"Chicago, IL, US",other,mid,0,0,0,,103458,https://www.pinterestcareers.com/jobs/?gh_jid=7832719
2026-08-04,PINS,Pinterest,"Client Account Manager II, CPG (Nestle)",North America Enterprise Sales,"New York, NY, US",other,mid,0,0,0,,121716,https://www.pinterestcareers.com/jobs/?gh_jid=8085092
2026-08-04,PINS,Pinterest,"Client Account Manager II, E-Commerce",North America Enterprise Sales,"New York, NY, US",other,mid,0,0,0,,121716,https://www.pinterestcareers.com/jobs/?gh_jid=7954726
2026-08-04,PINS,Pinterest,"Client Account Manager II, Entertainment & Gaming",North America Enterprise Sales,"Los Angeles, CA, US",other,mid,0,0,0,,121716,https://www.pinterestcareers.com/jobs/?gh_jid=8083603
2026-08-04,PINS,Pinterest,"Client Account Manager II, Fashion & Apparel",North America Enterprise Sales,"New York, NY, US",other,mid,0,0,0,,121716,https://www.pinterestcareers.com/jobs/?gh_jid=8055301
2026-08-04,PINS,Pinterest,Client Account Manager II (tvScientific),tvScientific,"New York, NY, US; Remote, US",other,mid,0,0,0,,115076,https://www.pinterestcareers.com/jobs/?gh_jid=8026888
2026-08-04,PINS,Pinterest,"Client Account Manager I, Retail",North America Enterprise Sales,"Chicago, IL, US",other,mid,0,0,0,,82566,https://www.pinterestcareers.com/jobs/?gh_jid=7858267
2026-08-04,PINS,Pinterest,"Client Account Manager, Retail Enterprise Sales (Dutch Speaking)",Europe Enterprise Sales,"Dublin, IE",nontech,mid,0,1,0,buzz,,https://www.pinterestcareers.com/jobs/?gh_jid=8016982
2026-08-04,PINS,Pinterest,"Client Partner II, Mid-Market",SMB Sales,"Chicago, IL, US",other,mid,0,0,0,,85382,https://www.pinterestcareers.com/jobs/?gh_jid=7904011
2026-08-04,PINS,Pinterest,"Client Partner, Mid-Market UK/I",SMB Sales,"Dublin, IE",other,mid,0,0,0,,,https://www.pinterestcareers.com/jobs/?gh_jid=7903959
2026-08-04,PINS,Pinterest,"Content Growth Specialist, LATAM",Global Content Organization,"São Paulo, BR",other,mid,0,0,0,,,https://www.pinterestcareers.com/jobs/?gh_jid=7957887
2026-08-04,PINS,Pinterest,Data Scientist,"Engineering, Product and Design (L2)","San Francisco, CA, US; Remote, CA, US",product_eng,mid,0,9,1,buzz|general_medium|model_infra,155339,https://www.pinterestcareers.com/jobs/?gh_jid=4912949
2026-08-04,PINS,Pinterest,"Data Scientist II, Infrastructure",Data Engineering,"San Francisco, CA, US; Remote, US",product_eng,mid,0,0,0,,174808,https://www.pinterestcareers.com/jobs/?gh_jid=7816424
2026-08-04,PINS,Pinterest,"Data Scientist II, ML Infrastructure",Data Engineering,"Palo Alto, CA, US; Remote, US",product_eng,mid,1,11,1,data_ml_ops|general_medium|model_infra,174808,https://www.pinterestcareers.com/jobs/?gh_jid=8071670
2026-08-04,PINS,Pinterest,"Director, CPG Sales (DACH)",Europe Enterprise Sales,"Berlin, DE",nontech,director,0,0,0,,,https://www.pinterestcareers.com/jobs/?gh_jid=7953645
2026-08-04,PINS,Pinterest,"Director, Integrated Marketing- Mid Market",Marketing,"San Francisco, CA, US; Remote, US",nontech,director,0,0,0,,273094,https://www.pinterestcareers.com/jobs/?gh_jid=8022402
2026-08-04,PINS,Pinterest,"Director, Marketing Project & Program Management",Marketing,"San Francisco, CA, US; Remote, US",nontech,director,0,1,0,buzz,273094,https://www.pinterestcareers.com/jobs/?gh_jid=7648633
2026-08-04,PINS,Pinterest,"Director, Measurement",Ads Product & Innovation,"Dublin, IE",other,director,0,0,0,,,https://www.pinterestcareers.com/jobs/?gh_jid=8016126
2026-08-04,PINS,Pinterest,"Director of Engineering, Core & Ads Serving Platform",Data Engineering,"San Francisco, CA, US; Palo Alto, CA, US",product_eng,director,0,0,0,,367496,https://www.pinterestcareers.com/jobs/?gh_jid=8035163
2026-08-04,PINS,Pinterest,"Director, Partner Marketing",Marketing,"San Francisco, CA, US; Remote, US",nontech,director,0,1,0,buzz,273094,https://www.pinterestcareers.com/jobs/?gh_jid=7648625
2026-08-04,PINS,Pinterest,"Director, Technical Program Management-Monetization",Oversight Engineering,"San Francisco, CA, US; Remote, US",other,director,0,3,0,buzz|general_medium,295068,https://www.pinterestcareers.com/jobs/?gh_jid=7838848
2026-08-04,PINS,Pinterest,Distinguished Engineer,Core Engineering,"Seattle, WA, US; Palo Alto, CA, US; Remote, US",product_eng,staff_principal,0,30,1,application|buzz|data_ml_ops|general_medium|model_infra,428461,https://www.pinterestcareers.com/jobs/?gh_jid=7940044
2026-08-04,PINS,Pinterest,"Engineering Manager II, Media Rendering",Data Engineering,"San Francisco, CA, US; Remote, US",product_eng,mid,0,0,0,,319023,https://www.pinterestcareers.com/jobs/?gh_jid=8051472
2026-08-04,PINS,Pinterest,"Engineering Manager I, Innovative Ad Formats",Monetization,"San Francisco, CA, US; Palo Alto, CA, US",product_eng,mid,0,0,0,,251680,https://www.pinterestcareers.com/jobs/?gh_jid=7684573
2026-08-04,PINS,Pinterest,Experiential Producer,Marketing,"New York, NY, US",other,mid,0,0,0,,159436,https://www.pinterestcareers.com/jobs/?gh_jid=7929862
2026-08-04,PINS,Pinterest,Financial Analyst II - Sales,Finance,"New York, NY, US",nontech,mid,0,1,0,buzz,125290,https://www.pinterestcareers.com/jobs/?gh_jid=8046824
2026-08-04,PINS,Pinterest,"Group Product Manager II, Creative Tech - tvScientific",tvScientific,"San Francisco, CA, US; Remote, US",product_eng,mid,0,1,0,buzz,299364,https://www.pinterestcareers.com/jobs/?gh_jid=7890195
2026-08-04,PINS,Pinterest,"Industry Manager II, Beauty & Luxury",APAC Enterprise Sales,"Toronto, ON, CA",other,mid,0,1,0,buzz,,https://www.pinterestcareers.com/jobs/?gh_jid=8029922
2026-08-04,PINS,Pinterest,"Industry Manager II, Mid-Market",SMB Sales,"Chicago, IL, US",other,mid,0,0,0,,139697,https://www.pinterestcareers.com/jobs/?gh_jid=8078223
2026-08-04,PINS,Pinterest,Lead Ads Product Marketing Manager,Product Marketing,"San Francisco, CA, US; Remote, US",nontech,senior,0,0,0,,222907,https://www.pinterestcareers.com/jobs/?gh_jid=8027260
2026-08-04,PINS,Pinterest,Lead Client Account Manager  (eCommerce) - Greater China Region,APAC Enterprise Sales,"Singapore, SG",other,senior,0,1,0,buzz,,https://www.pinterestcareers.com/jobs/?gh_jid=8016717
2026-08-04,PINS,Pinterest,"Lead Client Account Manager, Financial Services",North America Enterprise Sales,"New York, New York, US",other,senior,0,0,0,,185220,https://www.pinterestcareers.com/jobs/?gh_jid=8023412
2026-08-04,PINS,Pinterest,"Lead Client Account Manager, Mid-Market",SMB Sales,"Chicago, IL, US",other,senior,0,0,0,,157436,https://www.pinterestcareers.com/jobs/?gh_jid=7903948
2026-08-04,PINS,Pinterest,Lead Client Partner [12-Month Fixed Term] Food and Beverage,Europe Enterprise Sales,"Berlin, DE",other,senior,0,0,0,,,https://www.pinterestcareers.com/jobs/?gh_jid=8074878
2026-08-04,PINS,Pinterest,"Lead Client Partner, CPG (12-Month Fixed Term)",North America Enterprise Sales,"Toronto, ON, CA",other,senior,0,1,0,buzz,,https://www.pinterestcareers.com/jobs/?gh_jid=8074953
2026-08-04,PINS,Pinterest,"Lead Client Partner, CPG Food",North America Enterprise Sales,"Chicago, IL, US",other,senior,0,0,0,,139652,https://www.pinterestcareers.com/jobs/?gh_jid=8030915
2026-08-04,PINS,Pinterest,Lead Client Partner (eCommerce) - Greater China Region,APAC Enterprise Sales,"Singapore, SG",other,senior,0,1,0,buzz,,https://www.pinterestcareers.com/jobs/?gh_jid=8016658
2026-08-04,PINS,Pinterest,"Lead Client Partner, Financial Services",North America Enterprise Sales,"New York, NY, US",other,senior,0,0,0,,164298,https://www.pinterestcareers.com/jobs/?gh_jid=8023410
2026-08-04,PINS,Pinterest,"Lead Client Partner, FinServ",North America Enterprise Sales,"San Francisco, CA, US; Los Angeles, CA, US",other,senior,0,0,0,,164298,https://www.pinterestcareers.com/jobs/?gh_jid=7494991
2026-08-04,PINS,Pinterest,Lead Client Partner (Gaming & Apps) - Greater China Region,APAC Enterprise Sales,"Singapore, SG",other,senior,0,1,0,buzz,,https://www.pinterestcareers.com/jobs/?gh_jid=8094208
2026-08-04,PINS,Pinterest,"Lead Client Partner, Global CPG ",Agency Sales,"London, UK",other,senior,0,0,0,,,https://www.pinterestcareers.com/jobs/?gh_jid=7857646
2026-08-04,PINS,Pinterest,"Lead Client Partner, Pharma",North America Enterprise Sales,"New York, NY, US",other,senior,0,0,0,,164298,https://www.pinterestcareers.com/jobs/?gh_jid=8035781
2026-08-04,PINS,Pinterest,Lead Client Partner - SEA,APAC Enterprise Sales,"Singapore, SG",other,senior,0,1,0,buzz,,https://www.pinterestcareers.com/jobs/?gh_jid=8016726
2026-08-04,PINS,Pinterest," Lead, Compensation - Engineering & Product",Total Rewards,"San Francisco, CA, US; Remote, US",product_eng,senior,0,1,0,buzz,184020,https://www.pinterestcareers.com/jobs/?gh_jid=7958225
2026-08-04,PINS,Pinterest,"Lead, Executive Compensation",Total Rewards,"San Francisco, CA, US; Remote, US",other,senior,0,0,0,,184020,https://www.pinterestcareers.com/jobs/?gh_jid=8025136
2026-08-04,PINS,Pinterest,Lead Industry Manager (Scaled) - Greater China Region,APAC Enterprise Sales,"Singapore, SG",other,senior,0,0,0,,,https://www.pinterestcareers.com/jobs/?gh_jid=8016652
2026-08-04,PINS,Pinterest,Lead Industry Manager - SMB,SMB Sales,"Sydney, AU",other,senior,0,0,0,,,https://www.pinterestcareers.com/jobs/?gh_jid=8055344
2026-08-04,PINS,Pinterest,"Lead Product Analyst, Lifecycle Marketing",Marketing,"New York, NY, US; Remote, US",nontech,senior,0,0,0,,222907,https://www.pinterestcareers.com/jobs/?gh_jid=7890197
2026-08-04,PINS,Pinterest,"Lead, Strategy & Operations - Consumer Brand",Marketing,"San Francisco, CA, US; Remote, US",nontech,senior,0,0,0,,184020,https://www.pinterestcareers.com/jobs/?gh_jid=7648648
2026-08-04,PINS,Pinterest,"Machine Learning Engineer, Core Engineering",Core Engineering,"San Francisco, CA, US; Palo Alto, CA, US; Seattle, WA, US; Remote, US",product_eng,mid,1,15,1,application|buzz|general_medium|model_infra,212444,https://www.pinterestcareers.com/jobs/?gh_jid=6121450
2026-08-04,PINS,Pinterest,"Machine Learning Engineer II, Computer Vision Applied Science ",ATG,"San Francisco, CA, US; Remote, US",product_eng,mid,1,18,1,application|buzz|general_medium|model_infra,212444,https://www.pinterestcareers.com/jobs/?gh_jid=7697137
2026-08-04,PINS,Pinterest,"Machine Learning Engineer II, Core Engineering ",Core Engineering,"Toronto, ON, CA",product_eng,mid,1,16,1,application|buzz|general_medium|model_infra,195840,https://www.pinterestcareers.com/jobs/?gh_jid=7473497
2026-08-04,PINS,Pinterest,"Machine Learning Engineer, Monetization Engineering",Monetization,"San Francisco, CA, US; Palo Alto, CA, US; Seattle, WA, US",product_eng,mid,1,15,1,application|buzz|general_medium|model_infra,224700,https://www.pinterestcareers.com/jobs/?gh_jid=6121543
2026-08-04,PINS,Pinterest,"Manager I, Engineering",Data Engineering,"Toronto, ON, CA",product_eng,mid,0,1,0,buzz,,https://www.pinterestcareers.com/jobs/?gh_jid=8015529
2026-08-04,PINS,Pinterest,"Manager II, Engineering - Connections",Core Engineering,"San Francisco, CA, US; Remote, US",product_eng,mid,0,0,0,,286624,https://www.pinterestcareers.com/jobs/?gh_jid=7895567
2026-08-04,PINS,Pinterest,"Manager II, Escalation Operations ",Trust and Safety Ops,"San Francisco, CA, US; Remote, US",nontech,mid,0,3,1,application,184020,https://www.pinterestcareers.com/jobs/?gh_jid=8059251
2026-08-04,PINS,Pinterest,"Manager II, Machine Learning – Conversion Visibility",Monetization,"Seattle, WA, US; Remote, US",product_eng,mid,1,5,0,buzz|data_ml_ops|general_medium,289530,https://www.pinterestcareers.com/jobs/?gh_jid=8010903
2026-08-04,PINS,Pinterest,"Manager II, Machine Learning Engineering, Core Engineering ",Core Engineering,"San Francisco, CA, US;  Remote, US",product_eng,mid,1,14,1,application|buzz|general_medium,289530,https://www.pinterestcareers.com/jobs/?gh_jid=7075176
2026-08-04,PINS,Pinterest,"Manager II, Technical Program Management - Ads & Core Infrastructure",Oversight Engineering,"San Francisco, CA, US; Remote, US",other,mid,0,1,0,buzz,235767,https://www.pinterestcareers.com/jobs/?gh_jid=8002076
2026-08-04,PINS,Pinterest,"Manager II, Trends Engineering",Monetization,"San Francisco, CA, US; Remote, US",product_eng,mid,0,7,1,application|buzz,270990,https://www.pinterestcareers.com/jobs/?gh_jid=7909000
2026-08-04,PINS,Pinterest,Measurement Lead (tvScientific) ,tvScientific,"New York, NY, US; Remote, US",other,senior,0,1,0,buzz,222907,https://www.pinterestcareers.com/jobs/?gh_jid=8026876
2026-08-04,PINS,Pinterest,Measurement Partner II (tvScientific) ,tvScientific,"New York, NY, US; Remote, US",other,mid,0,0,0,,159004,https://www.pinterestcareers.com/jobs/?gh_jid=8026882
2026-08-04,PINS,Pinterest,"Measurement Partnerships Lead, EMEA",Ads Product & Innovation,"Dublin, IE",other,senior,0,0,0,,,https://www.pinterestcareers.com/jobs/?gh_jid=8042339
2026-08-04,PINS,Pinterest,Performance Solutions Lead,APAC Enterprise Sales,"Singapore, SG",other,senior,0,0,0,,,https://www.pinterestcareers.com/jobs/?gh_jid=8016723
2026-08-04,PINS,Pinterest,Physical Security Specialist II,Workplace,"Singapore, SG",other,mid,0,0,0,,,https://www.pinterestcareers.com/jobs/?gh_jid=8047377
2026-08-04,PINS,Pinterest,"Principal Engineer, AI Platform",Data Engineering,"San Francisco, CA, US; Remote, US",product_eng,staff_principal,1,14,1,buzz|data_ml_ops|general_medium|model_infra,371088,https://www.pinterestcareers.com/jobs/?gh_jid=7888329
2026-08-04,PINS,Pinterest,"Principal Engineer, Online Systems",Data Engineering,"San Francisco, CA, US; Palo Alto, CA, US",product_eng,staff_principal,0,1,0,buzz,392496,https://www.pinterestcareers.com/jobs/?gh_jid=7782229
2026-08-04,PINS,Pinterest,"Principal Engineer, Shopping & Delivery Infra",Data Engineering,"San Francisco, CA, US; Palo Alto, CA, US; Seattle, WA,US",product_eng,staff_principal,0,0,0,,367496,https://www.pinterestcareers.com/jobs/?gh_jid=8011719
2026-08-04,PINS,Pinterest,"Principal Machine Learning Engineer, Ads Delivery",Monetization,"San Francisco, CA, US; Palo Alto, CA, US; Seattle, WA, US",product_eng,staff_principal,1,4,1,application|buzz,432548,https://www.pinterestcareers.com/jobs/?gh_jid=6963868
2026-08-04,PINS,Pinterest,"Principal Product Designer, AI Native, Core",Design,"San Francisco, CA, US; Remote, US",product_eng,staff_principal,1,6,1,application,321422,https://www.pinterestcareers.com/jobs/?gh_jid=7638599
2026-08-04,PINS,Pinterest,"Product Design Manager II, Ad Formats",Design,"San Francisco, CA, US; Remote, US",other,mid,0,0,0,,242818,https://www.pinterestcareers.com/jobs/?gh_jid=7684636
2026-08-04,PINS,Pinterest,"Product Manager II, Content Compliance",Trust and Safety Ops,"San Francisco, CA, US; Seattle, WA, US; Remote, CA, US",product_eng,mid,0,0,0,,174808,https://www.pinterestcareers.com/jobs/?gh_jid=7901910
2026-08-04,PINS,Pinterest,"Programmatic Ads Sales Lead, EMEA",Programmatic Sales,"London, UK",nontech,senior,0,4,1,application|buzz,,https://www.pinterestcareers.com/jobs/?gh_jid=8016630
2026-08-04,PINS,Pinterest,"Sales Manager, Northern Europe",Europe Enterprise Sales,"Amsterdam, NL",nontech,mid,0,0,0,,,https://www.pinterestcareers.com/jobs/?gh_jid=8016741
2026-08-04,PINS,Pinterest,Sales Strategy & Operations Lead,GBO Strategy & Operations,"San Francisco, CA, US",nontech,senior,0,0,0,,202338,https://www.pinterestcareers.com/jobs/?gh_jid=8001339
2026-08-04,PINS,Pinterest,"SDET II, tvScientific",tvScientific,"San Francisco, CA, US; Remote, US",other,mid,0,0,0,,167076,https://www.pinterestcareers.com/jobs/?gh_jid=8011568
2026-08-04,PINS,Pinterest,"Security Software Engineer II, Detection and Response",Security,"San Francisco, CA, US; Remote, US",product_eng,mid,0,0,0,,189182,https://www.pinterestcareers.com/jobs/?gh_jid=8015490
2026-08-04,PINS,Pinterest,Senior Industry Manager (Growth) - Greater China Region,APAC Enterprise Sales,"Singapore, SG",other,senior,0,0,0,,,https://www.pinterestcareers.com/jobs/?gh_jid=8016673
2026-08-04,PINS,Pinterest,"Senior Staff Software Engineer, Configuration & Coordination",Data Engineering,"San Francisco, CA, US; Remote, US",product_eng,staff_principal,0,0,0,,319023,https://www.pinterestcareers.com/jobs/?gh_jid=7679640
2026-08-04,PINS,Pinterest,"Site Reliability Engineer II, tvScientific",tvScientific,"San Francisco, CA, US; Remote, US",product_eng,mid,0,0,0,,174808,https://www.pinterestcareers.com/jobs/?gh_jid=7782538
2026-08-04,PINS,Pinterest,"Software Engineer I, Backend",Monetization,"Seattle, WA, US; San Francisco, CA, US",product_eng,mid,0,0,0,,166036,https://www.pinterestcareers.com/jobs/?gh_jid=6816337
2026-08-04,PINS,Pinterest,Software Engineer II,Data Engineering,"Palo Alto, CA, US",product_eng,mid,0,0,0,,200096,https://www.pinterestcareers.com/jobs/?gh_jid=7958766
2026-08-04,PINS,Pinterest,Software Engineer II,Core Engineering,"Dublin, IE",product_eng,mid,0,3,1,application,,https://www.pinterestcareers.com/jobs/?gh_jid=7786418
2026-08-04,PINS,Pinterest,"Software Engineer II, Android","Engineering, Product and Design (L2)","San Francisco, CA, US; Remote, US",product_eng,mid,0,0,0,,181905,https://www.pinterestcareers.com/jobs/?gh_jid=4916795
2026-08-04,PINS,Pinterest,"Software Engineer II, Android",Core Engineering,"Toronto, ON, CA",product_eng,mid,0,0,0,,164378,https://www.pinterestcareers.com/jobs/?gh_jid=7987854
2026-08-04,PINS,Pinterest,"Software Engineer II, Backend","Engineering, Product and Design (L2)","San Francisco, CA, US; Seattle, WA, US",product_eng,mid,0,0,0,,189182,https://www.pinterestcareers.com/jobs/?gh_jid=4813946
2026-08-04,PINS,Pinterest,"Software Engineer II, Backend","Engineering, Product and Design (L2)","Toronto, ON, CA",product_eng,mid,0,0,0,,164378,https://www.pinterestcareers.com/jobs/?gh_jid=5132899
2026-08-04,PINS,Pinterest,"Software Engineer II, Big Data, tvScientific",tvScientific,"San Francisco, CA, US; Remote, US",product_eng,mid,0,1,0,buzz,189182,https://www.pinterestcareers.com/jobs/?gh_jid=7782546
2026-08-04,PINS,Pinterest,"Software Engineer II, Full Stack",Data Engineering,"Toronto, ON, CA",product_eng,mid,0,0,0,,,https://www.pinterestcareers.com/jobs/?gh_jid=5459622
2026-08-04,PINS,Pinterest,"Software Engineer II, iOS ","Engineering, Product and Design (L2)","San Francisco, CA, US; Remote, US",product_eng,mid,0,0,0,,189182,https://www.pinterestcareers.com/jobs/?gh_jid=5601228
2026-08-04,PINS,Pinterest,"Software Engineer II, Web",Core Engineering,"Toronto, ON, CA",product_eng,mid,0,4,1,application|buzz,164378,https://www.pinterestcareers.com/jobs/?gh_jid=8024883
2026-08-04,PINS,Pinterest,"Software Engineer, iOS","Engineering, Product and Design (L2)","Toronto, ON, CA",product_eng,mid,0,1,0,buzz,164378,https://www.pinterestcareers.com/jobs/?gh_jid=6922682
2026-08-04,PINS,Pinterest,Sr. Agency Partner - Greater China Region,APAC Enterprise Sales,"Singapore, SG",other,senior,0,1,0,buzz,,https://www.pinterestcareers.com/jobs/?gh_jid=8016681
2026-08-04,PINS,Pinterest,"Sr Client Account Manager, Amazon",North America Enterprise Sales,"New York, NY, US",other,senior,0,0,0,,148764,https://www.pinterestcareers.com/jobs/?gh_jid=7678040
2026-08-04,PINS,Pinterest,"Sr. Client Account Manager, DACH Retail ",Europe Enterprise Sales,"Berlin, DE; Hamburg, DE; Munich, DE",other,senior,0,0,0,,,https://www.pinterestcareers.com/jobs/?gh_jid=7983838
2026-08-04,PINS,Pinterest,"Sr. Client Account Manager, E-Commerce",North America Enterprise Sales,"New York, NY, US",other,senior,0,0,0,,148764,https://www.pinterestcareers.com/jobs/?gh_jid=7678180
2026-08-04,PINS,Pinterest,Sr. Client Account Manager (eCommerce) - Greater China Region,APAC Enterprise Sales,"Singapore, SG",other,senior,0,1,0,buzz,,https://www.pinterestcareers.com/jobs/?gh_jid=6483186
2026-08-04,PINS,Pinterest,Sr. Client Account Manager (Entertainment App) - Greater China Region,APAC Enterprise Sales,"Singapore, SG",other,senior,0,0,0,,,https://www.pinterestcareers.com/jobs/?gh_jid=8016626
2026-08-04,PINS,Pinterest,"Sr. Client Account Manager, Financial Services",North America Enterprise Sales,"Chicago, IL, US",other,senior,0,0,0,,126449,https://www.pinterestcareers.com/jobs/?gh_jid=7656243
2026-08-04,PINS,Pinterest,"Sr. Client Account Manager, French Market",Europe Enterprise Sales,"Dublin, IE",other,senior,0,0,0,,,https://www.pinterestcareers.com/jobs/?gh_jid=8022497
2026-08-04,PINS,Pinterest,Sr. Client Account Manager (Growth) - Greater China Region,APAC Enterprise Sales,"Singapore, SG",other,senior,0,0,0,,,https://www.pinterestcareers.com/jobs/?gh_jid=8016665
2026-08-04,PINS,Pinterest,"Sr. Client Account Manager, Home Retail",North America Enterprise Sales,"San Francisco, CA, US",other,senior,0,0,0,,148764,https://www.pinterestcareers.com/jobs/?gh_jid=8081505
2026-08-04,PINS,Pinterest,"Sr. Client Account Manager, Mid-Market",SMB Sales,"Chicago, IL, US",other,senior,0,0,0,,126449,https://www.pinterestcareers.com/jobs/?gh_jid=7903944
2026-08-04,PINS,Pinterest,Sr. Client Account Manager | Nordics (CPG),Europe Enterprise Sales,"Stockholm, SE",other,senior,0,1,0,buzz,,https://www.pinterestcareers.com/jobs/?gh_jid=8016735
2026-08-04,PINS,Pinterest,Sr. Client Account Manager | Nordics (Retail),Europe Enterprise Sales,"Stockholm, SE",other,senior,0,1,0,buzz,,https://www.pinterestcareers.com/jobs/?gh_jid=8080469
2026-08-04,PINS,Pinterest,"Sr. Client Account Manager, Pharma",North America Enterprise Sales,"New York, NY, US",other,senior,0,0,0,,148764,https://www.pinterestcareers.com/jobs/?gh_jid=7940391
2026-08-04,PINS,Pinterest,Sr. Client Account Manager - SEA,APAC Enterprise Sales,"Singapore, SG",other,senior,0,1,0,buzz,,https://www.pinterestcareers.com/jobs/?gh_jid=8016737
2026-08-04,PINS,Pinterest,"Sr. Client Account Manager, Tech",North America Enterprise Sales,"New York, NY, US",other,senior,0,0,0,,148764,https://www.pinterestcareers.com/jobs/?gh_jid=8054838
2026-08-04,PINS,Pinterest,Sr. Client Partner,LATAM Enterprise Sales,"Mexico City, MX",other,senior,0,0,0,,,https://www.pinterestcareers.com/jobs/?gh_jid=8023269
2026-08-04,PINS,Pinterest,Sr. Client Partner,LATAM Enterprise Sales,"Buenos Aires, AR",other,senior,0,0,0,,,https://www.pinterestcareers.com/jobs/?gh_jid=7771049
2026-08-04,PINS,Pinterest,"Sr. Client Partner [12-Month Fixed Term] Beauty, Health and Household",Europe Enterprise Sales,"Hamburg, DE",other,senior,0,0,0,,,https://www.pinterestcareers.com/jobs/?gh_jid=8074880
2026-08-04,PINS,Pinterest,Sr. Client Partner [12-Month Fixed Term] Entertainment and Telco,Europe Enterprise Sales,"Hamburg, DE",other,senior,0,0,0,,,https://www.pinterestcareers.com/jobs/?gh_jid=8074872
2026-08-04,PINS,Pinterest,Sr. Client Partner (6-Month Fixed Term),Europe Enterprise Sales,"Madrid, ES",other,senior,0,1,0,buzz,,https://www.pinterestcareers.com/jobs/?gh_jid=8067109
2026-08-04,PINS,Pinterest,"Sr. Client Partner, Amazon – Emerging Line of Business",North America Enterprise Sales,"New York, New York, US",other,senior,0,0,0,,128114,https://www.pinterestcareers.com/jobs/?gh_jid=8071595
2026-08-04,PINS,Pinterest,"Sr. Client Partner, Leave Coverage Program",North America Enterprise Sales,"New York, NY, US; Remote, US",other,senior,0,0,0,,121126,https://www.pinterestcareers.com/jobs/?gh_jid=8046828
2026-08-04,PINS,Pinterest,"Sr. Client Partner, Mid-Market",SMB Sales,"Chicago, IL, US",other,senior,0,0,0,,108898,https://www.pinterestcareers.com/jobs/?gh_jid=7903955
2026-08-04,PINS,Pinterest,"Sr. Client Partner, Retail Media",North America Enterprise Sales,"Chicago, IL, US",other,senior,0,0,0,,108898,https://www.pinterestcareers.com/jobs/?gh_jid=8081509
2026-08-04,PINS,Pinterest,"Sr. Data Scientist, Core","Engineering, Product and Design (L2)","San Francisco, CA, US; Remote, US",product_eng,senior,0,9,1,buzz|general_medium|model_infra,213756,https://www.pinterestcareers.com/jobs/?gh_jid=6087213
2026-08-04,PINS,Pinterest,"Sr. Data Scientist, Infrastructure",Infrastructure and SRE,"San Francisco, CA, US; Remote, US",product_eng,senior,0,0,0,,213756,https://www.pinterestcareers.com/jobs/?gh_jid=8024966
2026-08-04,PINS,Pinterest,"Sr. Data Scientist, Marketing",Marketing,"San Francisco, CA, US; Remote, US",product_eng,senior,0,5,0,buzz|general_medium,213756,https://www.pinterestcareers.com/jobs/?gh_jid=8011376
2026-08-04,PINS,Pinterest,"Sr. Data Scientist, Monetization","Engineering, Product and Design (L2)","San Francisco, CA, US; Seattle, WA, US",product_eng,senior,0,2,0,general_medium,226088,https://www.pinterestcareers.com/jobs/?gh_jid=5740948
2026-08-04,PINS,Pinterest,"Sr. Data Scientist, Performance Marketing",Marketing,"San Francisco, CA, US; Remote, US",product_eng,senior,0,5,0,buzz|general_medium,213756,https://www.pinterestcareers.com/jobs/?gh_jid=8014770
2026-08-04,PINS,Pinterest,"Sr. Data Scientist, tvScientific",tvScientific,"San Francisco, CA, US; Remote, US",product_eng,senior,0,0,0,,213756,https://www.pinterestcareers.com/jobs/?gh_jid=7642251
2026-08-04,PINS,Pinterest,"Sr. Director, Consumer Communications",Communications,"San Francisco, CA, US; Los Angeles, CA, US; New York, NY, US",nontech,director,0,0,0,,352002,https://www.pinterestcareers.com/jobs/?gh_jid=7770895
2026-08-04,PINS,Pinterest,"Sr. Director, Corporate Communications",Communications,"Los Angeles, CA, US; New York, CA, US; San Francisco, CA, US",nontech,director,0,0,0,,352002,https://www.pinterestcareers.com/jobs/?gh_jid=8093282
2026-08-04,PINS,Pinterest,"Sr. Engineering Manager, Programmatic Ad Tech, tvScientific",tvScientific,"San Francisco, CA, US; Remote, US",product_eng,senior,0,0,0,,319023,https://www.pinterestcareers.com/jobs/?gh_jid=7782569
2026-08-04,PINS,Pinterest,Sr. Industry Manager,APAC Enterprise Sales,"Tokyo, JP",other,senior,0,0,0,,,https://www.pinterestcareers.com/jobs/?gh_jid=7807888
2026-08-04,PINS,Pinterest,Sr. Industry Manager,LATAM Enterprise Sales,"Buenos Aires, AR",other,senior,0,0,0,,,https://www.pinterestcareers.com/jobs/?gh_jid=8084337
2026-08-04,PINS,Pinterest,"Sr. Industry Manager, Ecommerce",North America Enterprise Sales,"New York, NY, US",other,senior,0,0,0,,204344,https://www.pinterestcareers.com/jobs/?gh_jid=8011928
2026-08-04,PINS,Pinterest,"Sr. Industry Manager, Retail",North America Enterprise Sales,"New York, NY, US; Chicago, IL, US",other,senior,0,0,0,,193198,https://www.pinterestcareers.com/jobs/?gh_jid=7989247
2026-08-04,PINS,Pinterest,Sr. Insights Solutions Partner,Ads Product & Innovation,"London, UK",other,senior,0,0,0,,,https://www.pinterestcareers.com/jobs/?gh_jid=7678256
2026-08-04,PINS,Pinterest,"Sr. Lead Client Partner, Financial Services",North America Enterprise Sales,"New York, NY, US",other,senior,0,0,0,,204344,https://www.pinterestcareers.com/jobs/?gh_jid=7663075
2026-08-04,PINS,Pinterest,"Sr. Machine Learning Engineer, Applied Science","Engineering, Product and Design (L2)","San Francisco, CA, US; Remote, US",product_eng,senior,1,21,1,application|buzz|general_medium|model_infra,246638,https://www.pinterestcareers.com/jobs/?gh_jid=6894747
2026-08-04,PINS,Pinterest,"Sr. Machine Learning Engineer, Content Shopping",Core Engineering,"Toronto, ON, CA",product_eng,senior,1,20,1,application|buzz|general_medium|model_infra,,https://www.pinterestcareers.com/jobs/?gh_jid=5691478
2026-08-04,PINS,Pinterest,"Sr. Machine Learning Engineer, Core Engineering ",Core Engineering,"San Francisco, CA, US; Palo Alto, CA, US; Seattle, WA, US",product_eng,senior,1,17,1,application|buzz|general_medium|model_infra,260866,https://www.pinterestcareers.com/jobs/?gh_jid=6121464
2026-08-04,PINS,Pinterest,"Sr. Machine Learning Engineer, Monetization Engineering",Monetization,"San Francisco, CA, US; Palo Alto, CA, US; Seattle, WA, US",product_eng,senior,1,15,1,application|buzz|general_medium|model_infra,260866,https://www.pinterestcareers.com/jobs/?gh_jid=6121551
2026-08-04,PINS,Pinterest,"Sr. Machine Learning Engineer, Responsible AI– Applied Research Science",ATG,"San Francisco, CA, US; Remote, CA, US",research,senior,1,15,1,application|buzz|data_ml_ops|general_medium|model_infra,260866,https://www.pinterestcareers.com/jobs/?gh_jid=7494938
2026-08-04,PINS,Pinterest,"Sr. Manager, Communications DACH",Communications,"Hamburg, DE",nontech,senior,0,0,0,,,https://www.pinterestcareers.com/jobs/?gh_jid=7985917
2026-08-04,PINS,Pinterest,Sr. Partner Support Engineer,Global Content Organization,"Dublin, IE",product_eng,senior,0,0,0,,,https://www.pinterestcareers.com/jobs/?gh_jid=8016636
2026-08-04,PINS,Pinterest,Sr. Performance Solutions Partner,APAC Enterprise Sales,"Singapore, SG",other,senior,0,0,0,,,https://www.pinterestcareers.com/jobs/?gh_jid=8016692
2026-08-04,PINS,Pinterest,"Sr. Product Designer, Advertiser Experience",Design,"San Francisco, CA, US; Remote, US",product_eng,senior,0,0,0,,214200,https://www.pinterestcareers.com/jobs/?gh_jid=7770902
2026-08-04,PINS,Pinterest,"Sr. Production Engineer, Solutions Engineering",Infrastructure and SRE,"Chicago, IL, US; Remote, CA, US",demand_validated,senior,0,11,1,application|data_ml_ops,213756,https://www.pinterestcareers.com/jobs/?gh_jid=7772875
2026-08-04,PINS,Pinterest,"Sr. Product Manager, Core Saving Experience",Core Product,"San Francisco, CA, US; Remote, US",product_eng,senior,0,1,0,buzz,213756,https://www.pinterestcareers.com/jobs/?gh_jid=8046820
2026-08-04,PINS,Pinterest,Sr. Programmatic Ads Sales Partner,Programmatic Sales,"New York, NY, US",nontech,senior,0,4,1,application|buzz,140650,https://www.pinterestcareers.com/jobs/?gh_jid=7682046
2026-08-04,PINS,Pinterest,"Sr. Programmatic Tech Operations Specialist, EMEA",Programmatic Sales,"London, UK",nontech,senior,0,0,0,,,https://www.pinterestcareers.com/jobs/?gh_jid=8016632
2026-08-04,PINS,Pinterest,Sr. Safety Specialist,Trust and Safety Ops,"Dublin, IE",other,senior,0,3,1,application,,https://www.pinterestcareers.com/jobs/?gh_jid=8078133
2026-08-04,PINS,Pinterest,"Sr. Sales Manager, Retail",Europe Enterprise Sales,"Paris, FR",nontech,senior,0,0,0,,,https://www.pinterestcareers.com/jobs/?gh_jid=7983834
2026-08-04,PINS,Pinterest,Sr. Sales Strategy & Operations Manager,GBO Strategy & Operations,"New York, NY, US; Remote, US",nontech,senior,0,3,1,application,168990,https://www.pinterestcareers.com/jobs/?gh_jid=8036424
2026-08-04,PINS,Pinterest,Sr. Sales Strategy & Operations Manager (12-Month Fixed Term),GBO Strategy & Operations,"Amsterdam, NL",nontech,senior,0,0,0,,,https://www.pinterestcareers.com/jobs/?gh_jid=8049076
2026-08-04,PINS,Pinterest,"Sr. Security Software Engineer, Application Security",Security,"Chicago, IL, US; Remote, US",product_eng,senior,0,0,0,,237952,https://www.pinterestcareers.com/jobs/?gh_jid=7494708
2026-08-04,PINS,Pinterest,"Sr. Site Reliability Engineer, tvScientific",tvScientific,"San Francisco, CA, US; Remote, US",product_eng,senior,0,0,0,,213756,https://www.pinterestcareers.com/jobs/?gh_jid=7782550
2026-08-04,PINS,Pinterest,Sr. Software Engineer,Data Engineering,"Dublin, IE",product_eng,senior,0,0,0,,,https://www.pinterestcareers.com/jobs/?gh_jid=7896332
2026-08-04,PINS,Pinterest,"Sr. Software Engineer, Android",Core Engineering,"San Francisco, CA, US; Remote, US",product_eng,senior,0,1,0,buzz,228800,https://www.pinterestcareers.com/jobs/?gh_jid=5432095
2026-08-04,PINS,Pinterest,"Sr. Software Engineer, Android","Engineering, Product and Design (L2)","Toronto, ON, CA",product_eng,senior,0,0,0,,,https://www.pinterestcareers.com/jobs/?gh_jid=5773689
2026-08-04,PINS,Pinterest,"Sr. Software Engineer, Backend","Engineering, Product and Design (L2)","Toronto, ON, CA",product_eng,senior,0,5,1,application|buzz,,https://www.pinterestcareers.com/jobs/?gh_jid=5572858
2026-08-04,PINS,Pinterest,"Sr. Software Engineer, Backend","Engineering, Product and Design (L2)","San Francisco, CA, US; Remote, US",product_eng,senior,0,0,0,,237952,https://www.pinterestcareers.com/jobs/?gh_jid=4902175
2026-08-04,PINS,Pinterest,"Sr. Software Engineer, Big Data, tvScientific",tvScientific,"San Francisco, CA, US; Remote, US",product_eng,senior,0,0,0,,189182,https://www.pinterestcareers.com/jobs/?gh_jid=7642272
2026-08-04,PINS,Pinterest,Sr. Software Engineer - Full Stack,"Engineering, Product and Design (L2)","Toronto, ON, CA",product_eng,senior,0,1,0,buzz,,https://www.pinterestcareers.com/jobs/?gh_jid=6510646
2026-08-04,PINS,Pinterest,"Sr. Software Engineer, iOS",Core Engineering,"Toronto, ON, CA",product_eng,senior,0,1,0,buzz,,https://www.pinterestcareers.com/jobs/?gh_jid=8011547
2026-08-04,PINS,Pinterest,"Sr. Software Engineer, Machine Learning, tvScientific",tvScientific,"San Francisco, CA, US; Remote, US",product_eng,senior,1,22,1,application|buzz|data_ml_ops|general_medium|model_infra,237952,https://www.pinterestcareers.com/jobs/?gh_jid=7999050
2026-08-04,PINS,Pinterest,"Sr. Software Engineer, Web",Core Engineering,"Toronto, ON, CA",product_eng,senior,0,1,0,buzz,,https://www.pinterestcareers.com/jobs/?gh_jid=8024868
2026-08-04,PINS,Pinterest,Sr. Sourcer (6 months fixed term contract),Talent Acquisition,"Singapore, Singapore",other,senior,0,0,0,,,https://www.pinterestcareers.com/jobs/?gh_jid=8082234
2026-08-04,PINS,Pinterest,"Sr. Staff Machine Learning Engineer, Content Quality",Core Engineering,"San Francisco, CA, US",product_eng,staff_principal,1,7,1,application|buzz|general_medium,368616,https://www.pinterestcareers.com/jobs/?gh_jid=7724254
2026-08-04,PINS,Pinterest,"Sr. Staff Machine Learning Engineer, Monetization Engineering",Monetization,"San Francisco, CA, US; Palo Alto, CA, US; Seattle, WA, US",product_eng,staff_principal,1,0,0,,348509,https://www.pinterestcareers.com/jobs/?gh_jid=8036258
2026-08-04,PINS,Pinterest,"Sr. Staff Product Owner, Accounting Systems",IT,"San Francisco, CA, US; Remote, US",nontech,staff_principal,0,0,0,,272626,https://www.pinterestcareers.com/jobs/?gh_jid=7684630
2026-08-04,PINS,Pinterest,"Sr. Staff Software Engineer, Data Product Platform",Data Engineering,"San Francisco, CA, US; Remote, US",product_eng,staff_principal,0,0,0,,319023,https://www.pinterestcareers.com/jobs/?gh_jid=7746946
2026-08-04,PINS,Pinterest,"Sr. Staff Software Engineer, iOS Search and Shopping Journeys",Core Engineering,"San Francisco, CA, US; Remote, US",product_eng,staff_principal,0,3,1,application,319023,https://www.pinterestcareers.com/jobs/?gh_jid=8001913
2026-08-04,PINS,Pinterest,"Sr. Staff Software Engineer, Merchants",Monetization,"San Francisco, CA, US; Palo Alto, CA, US",product_eng,staff_principal,0,1,0,buzz,337428,https://www.pinterestcareers.com/jobs/?gh_jid=7770918
2026-08-04,PINS,Pinterest,Sr. Staff Technical Program Manager,Oversight Engineering,"San Francisco, CA, US; Remote, US",other,staff_principal,0,3,0,buzz|general_medium,250271,https://www.pinterestcareers.com/jobs/?gh_jid=7494652
2026-08-04,PINS,Pinterest,"Sr. Systems Engineer, Sales & Marketing",IT,"San Francisco, CA, US; Remote, US",product_eng,senior,0,7,1,application|buzz,202517,https://www.pinterestcareers.com/jobs/?gh_jid=8011573
2026-08-04,PINS,Pinterest,Sr. Technical Support Engineer,Global Content Organization,"San Francisco, CA, US; Remote, US",product_eng,senior,0,0,0,,189164,https://www.pinterestcareers.com/jobs/?gh_jid=7921160
2026-08-04,PINS,Pinterest,"Staff Data Scientist, Ads Delivery",Monetization,"San Francisco, CA, US; Remote, US",product_eng,staff_principal,0,3,0,buzz|general_medium,251886,https://www.pinterestcareers.com/jobs/?gh_jid=8026607
2026-08-04,PINS,Pinterest,"Staff Data Scientist, Ads Product",Monetization,"San Francisco, CA, US; Seattle, WA, US",product_eng,staff_principal,0,2,0,general_medium,251886,https://www.pinterestcareers.com/jobs/?gh_jid=7963755
2026-08-04,PINS,Pinterest,"Staff Data Scientist, Finance & Business Ops",Finance,"San Francisco, CA, US; Remote, US",product_eng,staff_principal,0,9,1,application,251886,https://www.pinterestcareers.com/jobs/?gh_jid=8036273
2026-08-04,PINS,Pinterest,"Staff Data Scientist, Forecasting",Core Engineering,"San Francisco, CA, US; Remote, US",product_eng,staff_principal,0,5,1,general_medium|model_infra,251886,https://www.pinterestcareers.com/jobs/?gh_jid=8001932
2026-08-04,PINS,Pinterest,"Staff Machine Learning Engineer, Ads Conversion Core Modeling",Monetization,"San Francisco, CA, US; Palo Alto, CA, US; Seattle, WA, US",product_eng,staff_principal,1,6,1,application|buzz|general_medium,306234,https://www.pinterestcareers.com/jobs/?gh_jid=8011452
2026-08-04,PINS,Pinterest,"Staff Machine Learning Engineer, Applied Research",ATG,"San Francisco, CA, US; Remote, US",research,staff_principal,1,24,1,application|buzz|general_medium|model_infra,289530,https://www.pinterestcareers.com/jobs/?gh_jid=8015539
2026-08-04,PINS,Pinterest,"Staff Machine Learning Engineer, Computer Vision",ATG,"San Francisco, CA, US; Remote, US",product_eng,staff_principal,1,16,1,application|buzz|general_medium|model_infra,289530,https://www.pinterestcareers.com/jobs/?gh_jid=8015537
2026-08-04,PINS,Pinterest,"Staff Machine Learning Engineer, Programmatic Ads",Monetization,"San Francisco, CA, US; Palo Alto, CA, US; Seattle, WA, US",product_eng,staff_principal,1,6,1,application|model_infra,306234,https://www.pinterestcareers.com/jobs/?gh_jid=7494765
2026-08-04,PINS,Pinterest,"Staff Machine Learning Engineer, Shopping Merchants ",Monetization,"Toronto, ON, CA, Remote, Canada ",product_eng,staff_principal,1,12,1,application|buzz|data_ml_ops|general_medium,263670,https://www.pinterestcareers.com/jobs/?gh_jid=8049465
2026-08-04,PINS,Pinterest,"Staff Product Designer, Design Innovation",Design,"San Francisco, CA, US; Remote, US",product_eng,staff_principal,0,1,0,buzz,242818,https://www.pinterestcareers.com/jobs/?gh_jid=7839695
2026-08-04,PINS,Pinterest,Staff Product Manager,Data Engineering,"Toronto, ON, CA",product_eng,staff_principal,0,7,1,application|buzz,,https://www.pinterestcareers.com/jobs/?gh_jid=8050699
2026-08-04,PINS,Pinterest,"Staff Product Manager, AI Safety",Trust and Safety Ops,"San Francisco, CA, US; Remote, US",product_eng,staff_principal,1,13,1,application|buzz|general_medium|model_infra,251886,https://www.pinterestcareers.com/jobs/?gh_jid=7718015
2026-08-04,PINS,Pinterest,"Staff Product Manager, Billing",Ads Product,"San Francisco, CA, US; Remote, CA, US",product_eng,staff_principal,0,0,0,,251886,https://www.pinterestcareers.com/jobs/?gh_jid=7955593
2026-08-04,PINS,Pinterest,"Staff Product Manager, Connections",Core Product,"San Francisco, CA, US; Remote, US",product_eng,staff_principal,0,3,1,application,251886,https://www.pinterestcareers.com/jobs/?gh_jid=7525112
2026-08-04,PINS,Pinterest,"Staff Product Manager, Model Lifecycle & Management",Trust and Safety Ops,"San Francisco, CA, US; Remote, US",product_eng,staff_principal,0,2,0,data_ml_ops,251886,https://www.pinterestcareers.com/jobs/?gh_jid=7905508
2026-08-04,PINS,Pinterest,"Staff Product Owner, Collaboration & Productivity",IT,"Chicago, IL, US; Remote, US",other,staff_principal,0,0,0,,242818,https://www.pinterestcareers.com/jobs/?gh_jid=7494797
2026-08-04,PINS,Pinterest,"Staff Product Owner, Finance & Business Operations",IT,"San Francisco, CA, US; Remote, US",nontech,staff_principal,0,0,0,,242818,https://www.pinterestcareers.com/jobs/?gh_jid=7684618
2026-08-04,PINS,Pinterest,"Staff Software Engineer, Ads Measurement Products",Monetization,"San Francisco, CA, US; Remote, US",product_eng,staff_principal,0,0,0,,270990,https://www.pinterestcareers.com/jobs/?gh_jid=7494915
2026-08-04,PINS,Pinterest,"Staff Software Engineer, Ads Measurement Signal ",Monetization,"Seattle, WA, US; Remote, US",product_eng,staff_principal,0,5,1,application|buzz,270990,https://www.pinterestcareers.com/jobs/?gh_jid=7494904
2026-08-04,PINS,Pinterest,"Staff Software Engineer, AI Tools",IT,"San Francisco, CA, US; Remote, US",product_eng,staff_principal,1,3,1,application,270990,https://www.pinterestcareers.com/jobs/?gh_jid=7305880
2026-08-04,PINS,Pinterest,"Staff Software Engineer, Batch Processing Platform",Data Engineering,"Seattle, WA, US; Remote, US",product_eng,staff_principal,0,0,0,,270990,https://www.pinterestcareers.com/jobs/?gh_jid=7832348
2026-08-04,PINS,Pinterest,"Staff Software Engineer, Big Data Storage",Data Engineering,"Palo Alto, CA, US; Remote, US",product_eng,staff_principal,0,0,0,,270990,https://www.pinterestcareers.com/jobs/?gh_jid=7437356
2026-08-04,PINS,Pinterest,"Staff Software Engineer, Big Data, tvScientific",tvScientific,"San Francisco, CA, US; Remote, US",product_eng,staff_principal,0,0,0,,270990,https://www.pinterestcareers.com/jobs/?gh_jid=7642253
2026-08-04,PINS,Pinterest,"Staff Software Engineer, Capacity Engineering",Data Engineering,"San Francisco, CA, US; Remote, US",product_eng,staff_principal,0,0,0,,270990,https://www.pinterestcareers.com/jobs/?gh_jid=7494668
2026-08-04,PINS,Pinterest,"Staff Software Engineer, Edge",Data Engineering,"US; Remote, US",product_eng,staff_principal,0,0,0,,270990,https://www.pinterestcareers.com/jobs/?gh_jid=7990090
2026-08-04,PINS,Pinterest,Staff Software Engineer- Growth Performance Marketing,Core Engineering,"San Francisco, CA, US; Remote, US",product_eng,staff_principal,0,2,0,data_ml_ops,270990,https://www.pinterestcareers.com/jobs/?gh_jid=7874931
2026-08-04,PINS,Pinterest,"Staff Software Engineer, Observability",Data Engineering,"San Francisco, CA, US; Remote, US",product_eng,staff_principal,0,1,0,buzz,270990,https://www.pinterestcareers.com/jobs/?gh_jid=7954753
2026-08-04,PINS,Pinterest,"Staff Software Engineer, Service Communications",Data Engineering,"San Francisco, CA, US; Remote, US",product_eng,staff_principal,0,0,0,,270990,https://www.pinterestcareers.com/jobs/?gh_jid=7990086
2026-08-04,PINS,Pinterest,"Staff Systems Engineer, Oracle EBS, Accounting",IT,"San Francisco, CA, US; Remote, US",product_eng,staff_principal,0,0,0,,242818,https://www.pinterestcareers.com/jobs/?gh_jid=7770939
2026-08-04,PINS,Pinterest,"Staff Systems Engineer, Oracle EBS, Integration",IT,"San Francisco, CA, US; Remote, US",product_eng,staff_principal,0,1,0,buzz,242818,https://www.pinterestcareers.com/jobs/?gh_jid=7771029
2026-08-04,PINS,Pinterest,"Staff Systems Engineer, Oracle EBS, Revenue",IT,"San Francisco, CA, US; Remote, US",product_eng,staff_principal,0,0,0,,242818,https://www.pinterestcareers.com/jobs/?gh_jid=7770953
2026-08-04,PINS,Pinterest,Staff Technical Program Manager,Oversight Engineering,"San Francisco, CA, US; Remote, US",other,staff_principal,0,7,1,application|buzz,222907,https://www.pinterestcareers.com/jobs/?gh_jid=8067933
2026-08-04,PINS,Pinterest,Staff Technical Program Manager,Oversight Engineering,"San Francisco, CA, US; Remote, US",other,staff_principal,0,1,0,buzz,222907,https://www.pinterestcareers.com/jobs/?gh_jid=7494650
2026-08-04,PINS,Pinterest,"Staff Technical Program Manager, Compute Infrastructure",Oversight Engineering,"San Francisco, CA, US; Remote, US",other,staff_principal,0,0,0,,222907,https://www.pinterestcareers.com/jobs/?gh_jid=7494634
2026-08-04,PINS,Pinterest,"Staff Technical Program Manager, Monetization Data Science",Oversight Engineering,"San Francisco, CA, US; Remote, US",other,staff_principal,0,1,0,buzz,222907,https://www.pinterestcareers.com/jobs/?gh_jid=7494686
2026-08-04,PINS,Pinterest,"Staff Technical Program Manager, Search Relevance",Oversight Engineering,"San Francisco, CA, US; Remote, US",other,staff_principal,0,1,0,buzz,222907,https://www.pinterestcareers.com/jobs/?gh_jid=7957799
2026-08-04,PINS,Pinterest,"Strategy & Operations Lead, Strategic Enablement, MC2",Marketing,"San Francisco, CA, US; Remote, US",nontech,senior,0,0,0,,184020,https://www.pinterestcareers.com/jobs/?gh_jid=7648637
2026-08-04,RDDT,Reddit,3rd Party Partnerships Manager - Commerce,Global Ads Partnerships,"New York City, NY",other,mid,0,0,0,,226800,https://job-boards.greenhouse.io/reddit/jobs/7617155
2026-08-04,RDDT,Reddit,3rd Party Partnerships Manager - Signals,Global Ads Partnerships,"New York City, NY",other,mid,0,0,0,,226800,https://job-boards.greenhouse.io/reddit/jobs/8089959
2026-08-04,RDDT,Reddit,"Acquisition Account Manager, Mid-Market (Southern Europe)",Mid Market & SMB,"Amsterdam, Netherlands",other,mid,0,0,0,,,https://job-boards.greenhouse.io/reddit/jobs/8069214
2026-08-04,RDDT,Reddit,"Ads Conversion Modeling, Machine Learning Engineering Manager",Ads Engineering,Remote - United States,product_eng,mid,1,14,1,buzz|general_medium|model_infra,276000,https://job-boards.greenhouse.io/reddit/jobs/7792848
2026-08-04,RDDT,Reddit,"Agency Development Lead, DACH",Agency Development,"Berlin, Germany",other,senior,0,0,0,,,https://job-boards.greenhouse.io/reddit/jobs/8015018
2026-08-04,RDDT,Reddit,Agency Development Lead III,Agency Development,"New York City, NY",other,senior,0,0,0,,319200,https://job-boards.greenhouse.io/reddit/jobs/7991536
2026-08-04,RDDT,Reddit,"Backend Engineer, Moderation Enforcement",Safety Engineering,Remote - United States,product_eng,mid,0,0,0,,197050,https://job-boards.greenhouse.io/reddit/jobs/7922994
2026-08-04,RDDT,Reddit,"Business Lead, Revenue Strategy & Operations",Sales Strategy & Operations,"New York City, NY",nontech,senior,0,0,0,,216250,https://job-boards.greenhouse.io/reddit/jobs/7731931
2026-08-04,RDDT,Reddit,"Client Account Manager, Large Customer Sales (Financial Services)",Large Customer Sales,"New York City, NY",nontech,mid,0,0,0,,162150,https://job-boards.greenhouse.io/reddit/jobs/7982928
2026-08-04,RDDT,Reddit,"Client Account Manager, Large Customer Sales (Retail Beauty)",Large Customer Sales,"New York City, NY",nontech,mid,0,0,0,,162150,https://job-boards.greenhouse.io/reddit/jobs/8052432
2026-08-04,RDDT,Reddit,"Client Account Manager, Large Customer Sales (Tech)",Large Customer Sales,"San Francisco, CA",nontech,mid,0,0,0,,162150,https://job-boards.greenhouse.io/reddit/jobs/7984021
2026-08-04,RDDT,Reddit,"Client Account Manager, Large Customer Sales (Tech)",Large Customer Sales,"Los Angeles, CA",nontech,mid,0,0,0,,162150,https://job-boards.greenhouse.io/reddit/jobs/8052032
2026-08-04,RDDT,Reddit,"Client Account Manager, Mid-Market Sales (Acquisitions)",Mid Market & SMB,"Toronto, Canada",nontech,mid,0,0,0,,,https://job-boards.greenhouse.io/reddit/jobs/8024865
2026-08-04,RDDT,Reddit,"Client Partner, Mid-Market (B2B Services Acquisitions)",Mid Market & SMB,"San Francisco, CA",other,mid,0,0,0,,122900,https://job-boards.greenhouse.io/reddit/jobs/7961073
2026-08-04,RDDT,Reddit,Community Manager - French speaker (contract),Community,Remote - United Kingdom,other,mid,0,0,0,,,https://job-boards.greenhouse.io/reddit/jobs/7669372
2026-08-04,RDDT,Reddit,Creative Strategist - App Dev,Global Client Solutions,"New York City, NY",other,mid,0,0,0,,138600,https://job-boards.greenhouse.io/reddit/jobs/7769002
2026-08-04,RDDT,Reddit,Creative Strategist - Finance,Global Client Solutions,"New York City, NY",nontech,mid,0,0,0,,138600,https://job-boards.greenhouse.io/reddit/jobs/8019018
2026-08-04,RDDT,Reddit,"Creative Strategist, KarmaLab",Global Client Solutions,"London, United Kingdom",other,mid,0,0,0,,,https://job-boards.greenhouse.io/reddit/jobs/8015790
2026-08-04,RDDT,Reddit,"Curriculum Lead, GTM Enablement",Global Client Solutions,"Chicago, IL",nontech,senior,0,0,0,,201000,https://job-boards.greenhouse.io/reddit/jobs/8024321
2026-08-04,RDDT,Reddit,"Curriculum Lead, GTM Enablement",Global Client Solutions,"New York City, NY",nontech,senior,0,0,0,,201000,https://job-boards.greenhouse.io/reddit/jobs/8016926
2026-08-04,RDDT,Reddit,"Curriculum Lead, GTM Enablement",Global Client Solutions,"San Francisco, CA",nontech,senior,0,0,0,,201000,https://job-boards.greenhouse.io/reddit/jobs/8024322
2026-08-04,RDDT,Reddit,"Curriculum Lead, GTM Enablement",Global Client Solutions,"Los Angeles, CA",nontech,senior,0,0,0,,201000,https://job-boards.greenhouse.io/reddit/jobs/8024327
2026-08-04,RDDT,Reddit,"Director, Ads Product Legal",Legal,Remote - United States,nontech,director,0,0,0,,359000,https://job-boards.greenhouse.io/reddit/jobs/7638071
2026-08-04,RDDT,Reddit,"Director of Engineering, Developer Productivity",DevPlatform,Remote - United States,product_eng,director,0,7,1,application|buzz,312950,https://job-boards.greenhouse.io/reddit/jobs/7947591
2026-08-04,RDDT,Reddit,Director of Safety ML,SWAT,Remote - United States,other,director,1,16,1,application|buzz|data_ml_ops|general_medium|model_infra,332050,https://job-boards.greenhouse.io/reddit/jobs/7926627
2026-08-04,RDDT,Reddit,"Director, Technology FP&A",Corporate Finance,Remote - United States,other,director,0,0,0,,294950,https://job-boards.greenhouse.io/reddit/jobs/8011163
2026-08-04,RDDT,Reddit,EMEA Insights Specialist ,Business Marketing,Remote - Germany,other,mid,0,0,0,,,https://job-boards.greenhouse.io/reddit/jobs/7957771
2026-08-04,RDDT,Reddit,"Engineering Manager, Ads ML Efficiency",Ads Engineering,Remote - United States,product_eng,mid,1,18,1,data_ml_ops|general_medium|model_infra,276000,https://job-boards.greenhouse.io/reddit/jobs/8022366
2026-08-04,RDDT,Reddit,"Engineering Manager, Advanced Signals (SWE)",Ads Engineering,Remote - United States,product_eng,mid,0,0,0,,260450,https://job-boards.greenhouse.io/reddit/jobs/7966985
2026-08-04,RDDT,Reddit,"Engineering Manager, Media Foundations and Delivery",Growth,Remote - United States,product_eng,mid,0,0,0,,260000,https://job-boards.greenhouse.io/reddit/jobs/8055132
2026-08-04,RDDT,Reddit,"Engineering Manager, Search Storage",BE Platform,Remote - United States,product_eng,mid,0,9,1,application|buzz|general_medium,260000,https://job-boards.greenhouse.io/reddit/jobs/7859086
2026-08-04,RDDT,Reddit,"Experience Coordinator, San Francisco",Experience,"San Francisco, CA",other,mid,0,0,0,,115263,https://job-boards.greenhouse.io/reddit/jobs/7700153
2026-08-04,RDDT,Reddit,"Frontend Engineer III, Moderation Enforcement",Safety Engineering,Remote - United States,product_eng,mid,0,0,0,,197050,https://job-boards.greenhouse.io/reddit/jobs/8093021
2026-08-04,RDDT,Reddit,"Fullstack Software Engineer, Notifications Lifecycle",Economy,Remote - United States,product_eng,mid,0,1,0,buzz,196500,https://job-boards.greenhouse.io/reddit/jobs/7895468
2026-08-04,RDDT,Reddit,"Lead, Advertising Measurement (Australia)",Marketing Sciences,"Sydney, Australia",other,senior,0,0,0,,,https://job-boards.greenhouse.io/reddit/jobs/8013849
2026-08-04,RDDT,Reddit,"Lead Product Adoption Strategist, Mid-Market",Global Client Solutions,Remote - United States,other,senior,0,0,0,,218400,https://job-boards.greenhouse.io/reddit/jobs/7997020
2026-08-04,RDDT,Reddit,"Machine Learning Engineer, Ads Optimization",Ads Engineering,Remote - United States,product_eng,mid,1,3,0,buzz|general_medium,260050,https://job-boards.greenhouse.io/reddit/jobs/8029120
2026-08-04,RDDT,Reddit,Machine Learning Engineering Manager - Ads Engagement Modeling ,Ads Engineering,Remote - United States,product_eng,mid,1,14,1,buzz|general_medium|model_infra,276000,https://job-boards.greenhouse.io/reddit/jobs/7993514
2026-08-04,RDDT,Reddit,"Machine Learning Manager, Feed Ecosystems",Machine Learning,Remote - United States,product_eng,mid,1,9,1,application|buzz|general_medium,303950,https://job-boards.greenhouse.io/reddit/jobs/8095009
2026-08-04,RDDT,Reddit,"Machine Learning Manager, Feed Relevance (Retrieval)",Machine Learning,Remote - United States,product_eng,mid,1,15,1,application|buzz|data_ml_ops|general_medium|model_infra,303950,https://job-boards.greenhouse.io/reddit/jobs/8094985
2026-08-04,RDDT,Reddit,"Machine Learning Systems Engineer, Ads ML Platform",Ads Engineering,Remote - United Kingdom,product_eng,mid,1,10,1,application|data_ml_ops|model_infra,,https://job-boards.greenhouse.io/reddit/jobs/8022937
2026-08-04,RDDT,Reddit,"Machine Learning Systems Engineer, Ads ML Platform",Ads Engineering,Remote - The Netherlands,product_eng,mid,1,10,1,application|data_ml_ops|model_infra,,https://job-boards.greenhouse.io/reddit/jobs/8022942
2026-08-04,RDDT,Reddit,"Manager, Large Customer Sales (Auto, Media & Entertainment, Telco)",Large Customer Sales,"Toronto, Canada",nontech,mid,0,0,0,,,https://job-boards.greenhouse.io/reddit/jobs/8010413
2026-08-04,RDDT,Reddit,"Manager, Large Customer Sales (Financial Services)",Large Customer Sales,"Toronto, Canada",nontech,mid,0,0,0,,,https://job-boards.greenhouse.io/reddit/jobs/8010405
2026-08-04,RDDT,Reddit,"Manager, Technical Solutions",Sales Strategy & Operations,"San Francisco, CA",other,mid,0,1,0,buzz,216250,https://job-boards.greenhouse.io/reddit/jobs/8016897
2026-08-04,RDDT,Reddit,"Manager, Technical Solutions",Sales Strategy & Operations,"Los Angeles, CA",other,mid,0,1,0,buzz,216250,https://job-boards.greenhouse.io/reddit/jobs/8068464
2026-08-04,RDDT,Reddit,Marketing Science Partnerships & Insights Lead,Global Client Solutions,"London, United Kingdom",nontech,senior,0,0,0,,,https://job-boards.greenhouse.io/reddit/jobs/8023359
2026-08-04,RDDT,Reddit,"Principal Data Scientist, Ads",Ads Data Science,Remote - United States,product_eng,staff_principal,0,7,0,buzz|data_ml_ops|general_medium,316550,https://job-boards.greenhouse.io/reddit/jobs/7330347
2026-08-04,RDDT,Reddit,"Principal Engineer, iOS Performance",Growth,Remote - United States,product_eng,staff_principal,0,0,0,,279000,https://job-boards.greenhouse.io/reddit/jobs/7886615
2026-08-04,RDDT,Reddit,"Principal Technical Program Manager, Developer Productivity ",BE Platform,Remote - United States,product_eng,staff_principal,0,7,1,application|buzz,312950,https://job-boards.greenhouse.io/reddit/jobs/7944159
2026-08-04,RDDT,Reddit,"Principal Technical Program Manager, Performance",TPM,Remote - United States,other,staff_principal,0,0,0,,312950,https://job-boards.greenhouse.io/reddit/jobs/7947049
2026-08-04,RDDT,Reddit,Revenue Growth & Strategy Partner,Sales Strategy & Operations,"Remote - Ontario, Canada",other,mid,0,0,0,,,https://job-boards.greenhouse.io/reddit/jobs/8062300
2026-08-04,RDDT,Reddit,Revenue Growth & Strategy Partner,Sales Strategy & Operations,Remote - United Kingdom,other,mid,0,0,0,,,https://job-boards.greenhouse.io/reddit/jobs/8062273
2026-08-04,RDDT,Reddit,Revenue Growth & Strategy Partner,Sales Strategy & Operations,Remote - Germany,other,mid,0,0,0,,,https://job-boards.greenhouse.io/reddit/jobs/8062298
2026-08-04,RDDT,Reddit,Revenue Growth & Strategy Partner,Sales Strategy & Operations,Remote - The Netherlands,other,mid,0,0,0,,,https://job-boards.greenhouse.io/reddit/jobs/8062296
2026-08-04,RDDT,Reddit,Revenue Growth & Strategy Partner,Sales Strategy & Operations,Remote - United States,other,mid,0,0,0,,203500,https://job-boards.greenhouse.io/reddit/jobs/8061819
2026-08-04,RDDT,Reddit,"Sales Manager, Mid-Market - UK",Mid Market & SMB,"London, United Kingdom",nontech,mid,0,0,0,,,https://job-boards.greenhouse.io/reddit/jobs/8012708
2026-08-04,RDDT,Reddit,Senior Agile Client Account Executive - EMEA,Mid Market & SMB,"Amsterdam, Netherlands",demand_validated,senior,0,0,0,,,https://job-boards.greenhouse.io/reddit/jobs/7759129
2026-08-04,RDDT,Reddit,"Senior Agile Client Partner, Large Customer Sales",Large Customer Sales,"New York City, NY",nontech,senior,0,0,0,,149650,https://job-boards.greenhouse.io/reddit/jobs/8021287
2026-08-04,RDDT,Reddit,"Senior Android Engineer, Design System",Platform and Apps,Remote - United States,product_eng,senior,0,0,0,,228950,https://job-boards.greenhouse.io/reddit/jobs/8055374
2026-08-04,RDDT,Reddit,"Senior Backend Engineer, IAM",BE Platform,Remote - United States,product_eng,senior,0,0,0,,228950,https://job-boards.greenhouse.io/reddit/jobs/8044767
2026-08-04,RDDT,Reddit,Senior Business Engineer,Ads Engineering,"Remote - Ontario, Canada",product_eng,senior,0,0,0,,,https://job-boards.greenhouse.io/reddit/jobs/8022260
2026-08-04,RDDT,Reddit,Senior Business Engineer - Ads,Ads Engineering,Remote - United States,product_eng,senior,0,0,0,,216250,https://job-boards.greenhouse.io/reddit/jobs/7954598
2026-08-04,RDDT,Reddit,"Senior, Business Risk & AI Automation",Internal Audit,"Remote - Ontario, Canada",other,senior,1,3,1,application,,https://job-boards.greenhouse.io/reddit/jobs/8074846
2026-08-04,RDDT,Reddit,"Senior, Business Risk & AI Automation",Internal Audit,"Remote - British Columbia, Canada",other,senior,1,3,1,application,,https://job-boards.greenhouse.io/reddit/jobs/8074860
2026-08-04,RDDT,Reddit,"Senior Client Account Executive, Mid-Market Sales (B2B Services)",Mid Market & SMB,"San Francisco, CA",demand_validated,senior,0,0,0,,155250,https://job-boards.greenhouse.io/reddit/jobs/8067911
2026-08-04,RDDT,Reddit,"Senior Client Account Manager, Global Strategic Accounts (UK)",Large Customer Sales,"London, United Kingdom",other,senior,0,0,0,,,https://job-boards.greenhouse.io/reddit/jobs/8017263
2026-08-04,RDDT,Reddit,"Senior Client Account Manager, Large Customer Sales (Pharma)",Large Customer Sales,"New York City, NY",nontech,senior,0,0,0,,162150,https://job-boards.greenhouse.io/reddit/jobs/7746526
2026-08-04,RDDT,Reddit,"Senior Client Account Manager, Large Customer Sales (Pharma)",Large Customer Sales,"Chicago, IL",nontech,senior,0,0,0,,162150,https://job-boards.greenhouse.io/reddit/jobs/7977257
2026-08-04,RDDT,Reddit,"Senior Client Account Manager, Large Customer Sales (Restaurants and Drinks)",Large Customer Sales,"Chicago, IL",nontech,senior,0,0,0,,162150,https://job-boards.greenhouse.io/reddit/jobs/8022663
2026-08-04,RDDT,Reddit,"Senior Client Account Manager, Large Customer Sales (Restaurants and Drinks)",Large Customer Sales,"New York City, NY",nontech,senior,0,0,0,,162150,https://job-boards.greenhouse.io/reddit/jobs/8092375
2026-08-04,RDDT,Reddit,"Senior Client Account Manager, Large Customer Sales (Retail)",Large Customer Sales,"Toronto, Canada",nontech,senior,0,0,0,,,https://job-boards.greenhouse.io/reddit/jobs/8010396
2026-08-04,RDDT,Reddit,"Senior Client Account Manager, Large Customer Sales (Telco, Media & Entertainment)",Large Customer Sales,"Toronto, Canada",nontech,senior,0,0,0,,,https://job-boards.greenhouse.io/reddit/jobs/8010403
2026-08-04,RDDT,Reddit,"Senior Client Partner, Acquisitions DACH",Mid Market & SMB,"Amsterdam, Netherlands",other,senior,0,0,0,,,https://job-boards.greenhouse.io/reddit/jobs/7420175
2026-08-04,RDDT,Reddit,"Senior Client Partner, Global Strategic Accounts (UK)",Large Customer Sales,"London, United Kingdom",other,senior,0,0,0,,,https://job-boards.greenhouse.io/reddit/jobs/8017196
2026-08-04,RDDT,Reddit,"Senior Client Partner, Large Customer Sales - DACH",Large Customer Sales,"Berlin, Germany",nontech,senior,0,0,0,,,https://job-boards.greenhouse.io/reddit/jobs/7996471
2026-08-04,RDDT,Reddit,"Senior Client Partner, Large Customer Sales, Pharma",Large Customer Sales,"New York City, NY",nontech,senior,0,0,0,,170650,https://job-boards.greenhouse.io/reddit/jobs/8021708
2026-08-04,RDDT,Reddit,"Senior Client Partner, Large Customer Sales, Pharma",Large Customer Sales,"Chicago, IL",nontech,senior,0,0,0,,170650,https://job-boards.greenhouse.io/reddit/jobs/8044271
2026-08-04,RDDT,Reddit,"Senior Client Partner, Large Customer Sales, Pharma",Large Customer Sales,"San Francisco, CA",nontech,senior,0,0,0,,170650,https://job-boards.greenhouse.io/reddit/jobs/8092376
2026-08-04,RDDT,Reddit,"Senior Client Partner, Large Customer Sales (Retail)",Large Customer Sales,"Toronto, Canada",nontech,senior,0,0,0,,,https://job-boards.greenhouse.io/reddit/jobs/8010389
2026-08-04,RDDT,Reddit,"Senior Client Partner, Mid-Market (Services)",Mid Market & SMB,"Los Angeles, CA",other,senior,0,0,0,,149650,https://job-boards.greenhouse.io/reddit/jobs/7875300
2026-08-04,RDDT,Reddit,"Senior Data Scientist, Ads",Ads Data Science,"Remote - Ontario, Canada",product_eng,senior,0,9,1,buzz|general_medium|model_infra,,https://job-boards.greenhouse.io/reddit/jobs/7607121
2026-08-04,RDDT,Reddit,"Senior Data Scientist, Ads",Ads Data Science,Remote - United States,product_eng,senior,0,9,1,buzz|general_medium|model_infra,228950,https://job-boards.greenhouse.io/reddit/jobs/6042236
2026-08-04,RDDT,Reddit,"Senior Data Scientist, Consumer",Consumer Data Science,"Remote - Ontario, Canada",product_eng,senior,0,0,0,,,https://job-boards.greenhouse.io/reddit/jobs/7931049
2026-08-04,RDDT,Reddit,"Senior Data Scientist, Consumer",Consumer Data Science,Remote - United States,product_eng,senior,0,2,0,general_medium,228950,https://job-boards.greenhouse.io/reddit/jobs/7275414
2026-08-04,RDDT,Reddit,"Senior Director of Product, Ads Platform",Ads Product,Remote - United States,other,director,0,6,1,application,359000,https://job-boards.greenhouse.io/reddit/jobs/7746311
2026-08-04,RDDT,Reddit,"Senior Engineering Manager, Unified Embeddings Platform ",Machine Learning,Remote - United States,product_eng,senior,0,9,1,application|buzz|general_medium|model_infra,319200,https://job-boards.greenhouse.io/reddit/jobs/7359367
2026-08-04,RDDT,Reddit,"Senior Frontend Software Engineer, Home Experience",Consumer,Remote - United States,product_eng,senior,0,0,0,,228950,https://job-boards.greenhouse.io/reddit/jobs/7751064
2026-08-04,RDDT,Reddit,"Senior Growth Manager,  UK",Community,"London, United Kingdom",other,senior,0,0,0,,,https://job-boards.greenhouse.io/reddit/jobs/8030230
2026-08-04,RDDT,Reddit,"Senior iOS Engineer, Media Foundations",Growth,Remote - United States,product_eng,senior,0,0,0,,228500,https://job-boards.greenhouse.io/reddit/jobs/8049001
2026-08-04,RDDT,Reddit,"Senior Lead, Marketing Science Partnerships & Insights",Global Client Solutions,"Los Angeles, CA",nontech,senior,0,0,0,,201000,https://job-boards.greenhouse.io/reddit/jobs/8092374
2026-08-04,RDDT,Reddit,"Senior Lead, Marketing Science Partnerships & Insights",Global Client Solutions,"Chicago, IL",nontech,senior,0,0,0,,201000,https://job-boards.greenhouse.io/reddit/jobs/8044493
2026-08-04,RDDT,Reddit,"Senior Lead, Marketing Science Partnerships & Insights",Global Client Solutions,"San Francisco, CA",nontech,senior,0,0,0,,201000,https://job-boards.greenhouse.io/reddit/jobs/8044494
2026-08-04,RDDT,Reddit,"Senior Lead, Marketing Science Partnerships & Insights",Global Client Solutions,"New York City, NY",nontech,senior,0,0,0,,201000,https://job-boards.greenhouse.io/reddit/jobs/8022657
2026-08-04,RDDT,Reddit,Senior Machine Learning Engineer,Machine Learning,Remote - United States,product_eng,senior,1,31,1,application|buzz|data_ml_ops|general_medium|model_infra,260050,https://job-boards.greenhouse.io/reddit/jobs/6960831
2026-08-04,RDDT,Reddit,Senior Machine Learning Engineer,Machine Learning,"Remote - Ontario, Canada",product_eng,senior,1,31,1,application|buzz|data_ml_ops|general_medium|model_infra,,https://job-boards.greenhouse.io/reddit/jobs/6960833
2026-08-04,RDDT,Reddit,"Senior Machine Learning Engineer, Ads Content Understanding",Ads Engineering,Remote - United States,product_eng,senior,1,19,1,application|buzz|data_ml_ops|general_medium|model_infra,260050,https://job-boards.greenhouse.io/reddit/jobs/8008648
2026-08-04,RDDT,Reddit,"Senior Machine Learning Engineer, Ads Foundational Representations",Ads Engineering,Remote - The Netherlands,product_eng,senior,1,20,1,application|buzz|general_medium|model_infra,,https://job-boards.greenhouse.io/reddit/jobs/8018517
2026-08-04,RDDT,Reddit,"Senior Machine Learning Engineer, Ads Foundational Representations",Ads Engineering,Remote - United Kingdom,product_eng,senior,1,20,1,application|buzz|general_medium|model_infra,,https://job-boards.greenhouse.io/reddit/jobs/8018513
2026-08-04,RDDT,Reddit,"Senior Machine Learning Engineer, GenAI Security",Machine Learning,Remote - United States,product_eng,senior,1,36,1,application|buzz|data_ml_ops|general_medium|model_infra,260050,https://job-boards.greenhouse.io/reddit/jobs/7891887
2026-08-04,RDDT,Reddit,"Senior Machine Learning Engineer, Safety",Anti-Evil Engineering,Remote - United States,product_eng,senior,1,35,1,application|buzz|data_ml_ops|general_medium|model_infra,260050,https://job-boards.greenhouse.io/reddit/jobs/7729096
2026-08-04,RDDT,Reddit,Senior Machine Learning Systems Engineer,Machine Learning,Remote - United States,product_eng,senior,1,19,1,buzz|data_ml_ops|general_medium|model_infra,260050,https://job-boards.greenhouse.io/reddit/jobs/7731772
2026-08-04,RDDT,Reddit,"Senior Machine Learning Systems Engineer, Ads ML Experience Platform",Ads Engineering,Remote - United States,product_eng,senior,1,11,1,application|buzz|data_ml_ops|model_infra,260050,https://job-boards.greenhouse.io/reddit/jobs/8022136
2026-08-04,RDDT,Reddit,"Senior Machine Learning Systems Engineer, Ranking Platform",Machine Learning,Remote - United States,product_eng,senior,1,4,0,buzz|general_medium,260050,https://job-boards.greenhouse.io/reddit/jobs/8009153
2026-08-04,RDDT,Reddit,"Senior Manager, Large Customer Sales (Entertainment)",Large Customer Sales,"Los Angeles, CA",nontech,senior,0,0,0,,234000,https://job-boards.greenhouse.io/reddit/jobs/8010607
2026-08-04,RDDT,Reddit,"Senior Manager, Large Customer Sales - UK",Large Customer Sales,"London, United Kingdom",nontech,senior,0,0,0,,,https://job-boards.greenhouse.io/reddit/jobs/8023926
2026-08-04,RDDT,Reddit,"Senior Product Adoption Strategist, Lower Funnel, EMEA",Global Client Solutions,"London, United Kingdom",other,senior,0,0,0,,,https://job-boards.greenhouse.io/reddit/jobs/7735760
2026-08-04,RDDT,Reddit,"Senior Product Adoption Strategist, Shopping",Global Client Solutions,Remote - United States,other,senior,0,0,0,,201600,https://job-boards.greenhouse.io/reddit/jobs/8081271
2026-08-04,RDDT,Reddit,"Senior Product Manager, GTM Automation",Sales Strategy & Operations,"San Francisco, CA",product_eng,senior,0,1,0,buzz,201000,https://job-boards.greenhouse.io/reddit/jobs/7762079
2026-08-04,RDDT,Reddit,"Senior Security Engineer, AI Security ",Privacy and Assurance,Remote - United States,product_eng,senior,1,18,1,application|buzz|data_ml_ops|general_medium,228950,https://job-boards.greenhouse.io/reddit/jobs/8039261
2026-08-04,RDDT,Reddit,"Senior Software Engineer, Ads",Ads Engineering,Remote - United States,product_eng,senior,0,0,0,,228950,https://job-boards.greenhouse.io/reddit/jobs/6909091
2026-08-04,RDDT,Reddit,"Senior Software Engineer, Compute Platform",BE Platform,Remote - United States,product_eng,senior,0,0,0,,228950,https://job-boards.greenhouse.io/reddit/jobs/7902277
2026-08-04,RDDT,Reddit,"Senior Software Engineer, Core Platform",BE Platform,Remote - United States,product_eng,senior,0,0,0,,228950,https://job-boards.greenhouse.io/reddit/jobs/8022441
2026-08-04,RDDT,Reddit,"Senior Software Engineer, Core Platform",BE Platform,"New York City, NY",product_eng,senior,0,0,0,,228950,https://job-boards.greenhouse.io/reddit/jobs/8022449
2026-08-04,RDDT,Reddit,"Senior Software Engineer, Core Platform",BE Platform,"Chicago, IL",product_eng,senior,0,0,0,,228950,https://job-boards.greenhouse.io/reddit/jobs/8022448
2026-08-04,RDDT,Reddit,"Senior Software Engineer, Core Platform",BE Platform,"Los Angeles, CA",product_eng,senior,0,0,0,,228950,https://job-boards.greenhouse.io/reddit/jobs/8022447
2026-08-04,RDDT,Reddit,"Senior Software Engineer, Core Platform",BE Platform,"San Francisco, CA",product_eng,senior,0,0,0,,228950,https://job-boards.greenhouse.io/reddit/jobs/8022446
2026-08-04,RDDT,Reddit,Senior Software Engineer - DevX,DevPlatform,Remote - United States,product_eng,senior,0,4,1,application|buzz,228950,https://job-boards.greenhouse.io/reddit/jobs/7950520
2026-08-04,RDDT,Reddit,Senior Software Engineer - Full Stack Internal Tooling (Build and Deployment Platform),BE Platform,Remote - United States,product_eng,intern,0,1,0,buzz,228950,https://job-boards.greenhouse.io/reddit/jobs/7976852
2026-08-04,RDDT,Reddit,"Senior Software Engineer, GenAI Platform",Safety,Remote - United States,product_eng,senior,1,36,1,application|buzz|data_ml_ops|general_medium|model_infra,228950,https://job-boards.greenhouse.io/reddit/jobs/7753480
2026-08-04,RDDT,Reddit,"Senior Software Engineer, GraphQL",BE Platform,Remote - United States,product_eng,senior,0,0,0,,228950,https://job-boards.greenhouse.io/reddit/jobs/7309137
2026-08-04,RDDT,Reddit,"Senior Software Engineer, Presence",Engineering,Remote - United States,product_eng,senior,0,0,0,,228500,https://job-boards.greenhouse.io/reddit/jobs/8024892
2026-08-04,RDDT,Reddit,"Senior Software Engineer, Storage",BE Platform,Remote - United States,product_eng,senior,0,1,0,buzz,260450,https://job-boards.greenhouse.io/reddit/jobs/7511679
2026-08-04,RDDT,Reddit,"Senior SRE, Ads",BE Platform,Remote - United Kingdom,product_eng,senior,0,0,0,,,https://job-boards.greenhouse.io/reddit/jobs/8016253
2026-08-04,RDDT,Reddit,"Senior SRE, Ads",BE Platform,Remote - The Netherlands,product_eng,senior,0,0,0,,,https://job-boards.greenhouse.io/reddit/jobs/8018469
2026-08-04,RDDT,Reddit,"Senior SRE, Ads",BE Platform,Remote - Ireland,product_eng,senior,0,0,0,,,https://job-boards.greenhouse.io/reddit/jobs/8018466
2026-08-04,RDDT,Reddit,Senior Staff Data Scientist - Consumer Experimentation,Consumer Data Science,Remote - United States,product_eng,staff_principal,0,2,0,general_medium,279000,https://job-boards.greenhouse.io/reddit/jobs/7974504
2026-08-04,RDDT,Reddit,Senior Staff Data Scientist - Consumer Experimentation,Consumer Data Science,"Remote - Ontario, Canada",product_eng,staff_principal,0,2,0,general_medium,,https://job-boards.greenhouse.io/reddit/jobs/7974507
2026-08-04,RDDT,Reddit,Senior Staff Data Scientist - Consumer Relevance,Consumer Data Science,"Remote - Ontario, Canada",product_eng,staff_principal,0,4,0,general_medium,,https://job-boards.greenhouse.io/reddit/jobs/7974647
2026-08-04,RDDT,Reddit,Senior Staff Data Scientist - Consumer Relevance,Consumer Data Science,Remote - United States,product_eng,staff_principal,0,4,0,general_medium,279000,https://job-boards.greenhouse.io/reddit/jobs/7974605
2026-08-04,RDDT,Reddit,"Senior Staff Machine Learning Engineer, GenAI Platform",BE Platform,Remote - United States,product_eng,staff_principal,1,18,1,application|buzz|data_ml_ops|general_medium,351000,https://job-boards.greenhouse.io/reddit/jobs/7772274
2026-08-04,RDDT,Reddit,"Senior Staff Machine Learning Engineer, ML Understanding",Machine Learning,Remote - United States,product_eng,staff_principal,1,14,1,application|buzz|data_ml_ops|general_medium,319200,https://job-boards.greenhouse.io/reddit/jobs/7847148
2026-08-04,RDDT,Reddit,"Senior Staff Machine Learning Engineer, Notifications",Growth,Remote - United States,product_eng,staff_principal,1,19,1,application|buzz|general_medium|model_infra,319200,https://job-boards.greenhouse.io/reddit/jobs/7979933
2026-08-04,RDDT,Reddit,"Senior Staff ML Engineer, Search & Recommendation",Machine Learning,Remote - United States,product_eng,staff_principal,1,17,1,application|general_medium|model_infra,319200,https://job-boards.greenhouse.io/reddit/jobs/7833622
2026-08-04,RDDT,Reddit,"Senior Staff Software Engineer, Client Architecture",Growth,Remote - United States,product_eng,staff_principal,0,0,0,,279000,https://job-boards.greenhouse.io/reddit/jobs/8060775
2026-08-04,RDDT,Reddit,Senior Technical Solutions Manager,Sales Strategy & Operations,"Sydney, Australia",other,senior,0,0,0,,,https://job-boards.greenhouse.io/reddit/jobs/8016908
2026-08-04,RDDT,Reddit,"Senior Technical Solutions Manager, Signals",Sales Strategy & Operations,"San Francisco, CA",other,senior,0,0,0,,201000,https://job-boards.greenhouse.io/reddit/jobs/7905472
2026-08-04,RDDT,Reddit,"Senior Technical Solutions Manager, Signals",Sales Strategy & Operations,"Los Angeles, CA",other,senior,0,0,0,,201000,https://job-boards.greenhouse.io/reddit/jobs/7905488
2026-08-04,RDDT,Reddit,"Senior Vendor Performance Manager, North America",Mid Market & SMB,"Salt Lake City, UT",other,senior,0,0,0,,176350,https://job-boards.greenhouse.io/reddit/jobs/8067983
2026-08-04,RDDT,Reddit,Software Engineer,Ads Engineering,"Remote - Ontario, Canada",product_eng,mid,0,0,0,,,https://job-boards.greenhouse.io/reddit/jobs/6909093
2026-08-04,RDDT,Reddit,"Software Engineer, Ads",Ads Engineering,Remote - United States,product_eng,mid,0,0,0,,197050,https://job-boards.greenhouse.io/reddit/jobs/6469397
2026-08-04,RDDT,Reddit,"Software Engineer, Ads",Ads Engineering,"Remote - Ontario, Canada",product_eng,mid,0,5,0,buzz|data_ml_ops|general_medium,,https://job-boards.greenhouse.io/reddit/jobs/6512458
2026-08-04,RDDT,Reddit,Software Engineer - Data Movement Platform,Data Platform,Remote - United States,product_eng,mid,0,0,0,,197050,https://job-boards.greenhouse.io/reddit/jobs/7997866
2026-08-04,RDDT,Reddit,"Sr. Manager, Large Customer Sales (Big Box Retail)",Large Customer Sales,"Chicago, IL",nontech,senior,0,0,0,,234000,https://job-boards.greenhouse.io/reddit/jobs/7947897
2026-08-04,RDDT,Reddit,"Sr. Staff Data Scientist - Ads Measurement, Signals, Privacy",Ads Data Science,"Toronto, Canada",product_eng,staff_principal,0,3,0,buzz|general_medium,,https://job-boards.greenhouse.io/reddit/jobs/8103594
2026-08-04,RDDT,Reddit,"Sr. Staff Data Scientist - Ads Measurement, Signals, Privacy",Ads Data Science,Remote - United States,product_eng,staff_principal,0,3,0,buzz|general_medium,279000,https://job-boards.greenhouse.io/reddit/jobs/8072046
2026-08-04,RDDT,Reddit,"Staff Android Engineer, Brand Ad Formats",Engineering,"New York City, NY",product_eng,staff_principal,0,1,0,buzz,260450,https://job-boards.greenhouse.io/reddit/jobs/7847274
2026-08-04,RDDT,Reddit,"Staff Android Engineer, Brand Ad Formats",Engineering,"Chicago, IL",product_eng,staff_principal,0,1,0,buzz,260450,https://job-boards.greenhouse.io/reddit/jobs/7847270
2026-08-04,RDDT,Reddit,"Staff Android Engineer, Brand Ad Formats",Engineering,Remote - United States,product_eng,staff_principal,0,1,0,buzz,260450,https://job-boards.greenhouse.io/reddit/jobs/7847266
2026-08-04,RDDT,Reddit,"Staff Backend Engineer, Safety","Consumer, Contributor, Moderator",Remote - United States,product_eng,staff_principal,0,0,0,,260450,https://job-boards.greenhouse.io/reddit/jobs/8011428
2026-08-04,RDDT,Reddit,"Staff Data Scientist, Ads",Ads Data Science,"Remote - Ontario, Canada",product_eng,staff_principal,0,3,0,buzz|general_medium,,https://job-boards.greenhouse.io/reddit/jobs/7721851
2026-08-04,RDDT,Reddit,"Staff Data Scientist, Ads",Ads Data Science,Remote - United States,product_eng,staff_principal,0,3,0,buzz|general_medium,260450,https://job-boards.greenhouse.io/reddit/jobs/7721787
2026-08-04,RDDT,Reddit,"Staff Data Scientist - Ads Measurement, Signals, Privacy",Ads Data Science,"Toronto, Canada",product_eng,staff_principal,0,3,0,buzz|general_medium,,https://job-boards.greenhouse.io/reddit/jobs/8103609
2026-08-04,RDDT,Reddit,"Staff Data Scientist - Ads Measurement, Signals, Privacy",Ads Data Science,Remote - United States,product_eng,staff_principal,0,3,0,buzz|general_medium,260450,https://job-boards.greenhouse.io/reddit/jobs/8072076
2026-08-04,RDDT,Reddit,"Staff Data Scientist, Consumer",Consumer Data Science,Remote - United States,product_eng,staff_principal,0,2,0,general_medium,260450,https://job-boards.greenhouse.io/reddit/jobs/6745284
2026-08-04,RDDT,Reddit,"Staff Data Scientist, Consumer",Consumer Data Science,"Remote - Ontario, Canada",product_eng,staff_principal,0,2,0,general_medium,,https://job-boards.greenhouse.io/reddit/jobs/7931007
2026-08-04,RDDT,Reddit,"Staff Data Scientist, Marketing",Consumer Data Science,"Remote - Ontario, Canada",product_eng,staff_principal,0,3,0,buzz|general_medium,,https://job-boards.greenhouse.io/reddit/jobs/7931000
2026-08-04,RDDT,Reddit,"Staff Data Scientist, Marketing",Consumer Data Science,Remote - United States,product_eng,staff_principal,0,3,0,buzz|general_medium,260450,https://job-boards.greenhouse.io/reddit/jobs/7445240
2026-08-04,RDDT,Reddit,"Staff Engineer, Ads Business Manager",Ads Engineering,Remote - United States,product_eng,staff_principal,0,0,0,,260450,https://job-boards.greenhouse.io/reddit/jobs/7980795
2026-08-04,RDDT,Reddit,"Staff Frontend Engineer, Ads Creative",Ads Engineering,Remote - United States,product_eng,staff_principal,0,7,1,application|buzz|general_medium,260450,https://job-boards.greenhouse.io/reddit/jobs/8082867
2026-08-04,RDDT,Reddit,"Staff iOS Engineer, Media Foundation",Growth,Remote - United States,product_eng,staff_principal,0,0,0,,260000,https://job-boards.greenhouse.io/reddit/jobs/7895156
2026-08-04,RDDT,Reddit,"Staff Machine Learning Engineer, Ads Measurement Modeling",Ads Engineering,Remote - United States,product_eng,staff_principal,1,12,1,buzz|general_medium|model_infra,276000,https://job-boards.greenhouse.io/reddit/jobs/7890096
2026-08-04,RDDT,Reddit,"Staff Machine Learning Engineer, Consumer ",Machine Learning,Remote - United States,product_eng,staff_principal,1,42,1,application|buzz|data_ml_ops|general_medium|model_infra,276000,https://job-boards.greenhouse.io/reddit/jobs/7747244
2026-08-04,RDDT,Reddit,"Staff Machine Learning Engineer, ML Efficiency ",Ads Engineering,Remote - United Kingdom,product_eng,staff_principal,1,19,1,buzz|data_ml_ops|general_medium|model_infra,,https://job-boards.greenhouse.io/reddit/jobs/8018527
2026-08-04,RDDT,Reddit,"Staff Machine Learning Engineer, ML Efficiency ",Ads Engineering,Remote - The Netherlands,product_eng,staff_principal,1,19,1,buzz|data_ml_ops|general_medium|model_infra,,https://job-boards.greenhouse.io/reddit/jobs/8018532
2026-08-04,RDDT,Reddit,"Staff Machine Learning Engineer, Notifications Relevance",Machine Learning,Remote - United States,product_eng,staff_principal,1,21,1,application|buzz|general_medium|model_infra,276000,https://job-boards.greenhouse.io/reddit/jobs/7992035
2026-08-04,RDDT,Reddit,Staff Machine Learning Systems Engineer,Machine Learning,Remote - United States,product_eng,staff_principal,1,19,1,buzz|data_ml_ops|general_medium|model_infra,276000,https://job-boards.greenhouse.io/reddit/jobs/7731788
2026-08-04,RDDT,Reddit,"Staff Machine Learning Systems Engineer, Embeddings Platform",Machine Learning,Remote - United States,product_eng,staff_principal,1,21,1,application|buzz|data_ml_ops|general_medium|model_infra,303950,https://job-boards.greenhouse.io/reddit/jobs/8001642
2026-08-04,RDDT,Reddit,Staff People Integrations Engineer,P&C Operations,Remote - United States,product_eng,staff_principal,0,0,0,,216250,https://job-boards.greenhouse.io/reddit/jobs/8094764
2026-08-04,RDDT,Reddit,"Staff Product Designer, Growth",Product Design,Remote - United States,product_eng,staff_principal,0,0,0,,233500,https://job-boards.greenhouse.io/reddit/jobs/7701558
2026-08-04,RDDT,Reddit,"Staff Product Manager, Ads Trust and Safety",Ads Product,Remote - United States,product_eng,staff_principal,0,1,0,buzz,260450,https://job-boards.greenhouse.io/reddit/jobs/8070669
2026-08-04,RDDT,Reddit,"Staff Product Manager, Games Ecosystem",Consumer,Remote - United States,product_eng,staff_principal,0,0,0,,260450,https://job-boards.greenhouse.io/reddit/jobs/8060091
2026-08-04,RDDT,Reddit,"Staff Product Manager, Growth",Consumer,Remote - United States,product_eng,staff_principal,0,3,1,application,260450,https://job-boards.greenhouse.io/reddit/jobs/7997186
2026-08-04,RDDT,Reddit,Staff Product Security Engineer,Privacy and Assurance,Remote - United States,product_eng,staff_principal,0,9,1,application,260450,https://job-boards.greenhouse.io/reddit/jobs/7868511
2026-08-04,RDDT,Reddit,"Staff Research Engineer, Post-training & Evaluation",Anti-Evil Engineering,Remote - United States,research,staff_principal,0,31,1,application|general_medium|model_infra,276000,https://job-boards.greenhouse.io/reddit/jobs/7555007
2026-08-04,RDDT,Reddit,Staff Site Reliability Engineer - Site Experience,Site Reliability,Remote - United Kingdom,product_eng,staff_principal,0,0,0,,,https://job-boards.greenhouse.io/reddit/jobs/7956443
2026-08-04,RDDT,Reddit,Staff Site Reliability Engineer - Site Experience,Site Reliability,"Dublin, Ireland",product_eng,staff_principal,0,0,0,,,https://job-boards.greenhouse.io/reddit/jobs/7909463
2026-08-04,RDDT,Reddit,"Staff Software Engineer, Community Builders","Consumer, Contributor, Moderator",Remote - United States,product_eng,staff_principal,0,5,0,buzz|general_medium,260450,https://job-boards.greenhouse.io/reddit/jobs/7875645
2026-08-04,RDDT,Reddit,"Staff Software Engineer, DevPlatform",DevPlatform,Remote - United States,product_eng,staff_principal,0,0,0,,260000,https://job-boards.greenhouse.io/reddit/jobs/8049901
2026-08-04,RDDT,Reddit,"Staff Software Engineer, Identity & Access Management",Security,Remote - United States,product_eng,staff_principal,0,3,1,application,260450,https://job-boards.greenhouse.io/reddit/jobs/8031491
2026-08-04,RDDT,Reddit,"Staff Software Engineer, Media Experiences",Growth,Remote - United States,product_eng,staff_principal,0,3,0,buzz|general_medium,260000,https://job-boards.greenhouse.io/reddit/jobs/8029641
2026-08-04,RDDT,Reddit,"Staff Software Engineer, Onboarding",Growth,Remote - United States,product_eng,staff_principal,0,5,0,buzz|general_medium,260000,https://job-boards.greenhouse.io/reddit/jobs/7961154
2026-08-04,RDDT,Reddit,"Staff SRE, Ads",BE Platform,Remote - United Kingdom,product_eng,staff_principal,0,5,0,buzz|general_medium,,https://job-boards.greenhouse.io/reddit/jobs/8018555
2026-08-04,RDDT,Reddit,"Staff SRE, Ads",BE Platform,Remote - Ireland,product_eng,staff_principal,0,5,0,buzz|general_medium,,https://job-boards.greenhouse.io/reddit/jobs/8018561
2026-08-04,RDDT,Reddit,"Staff SRE, Ads",BE Platform,Remote - The Netherlands,product_eng,staff_principal,0,5,0,buzz|general_medium,,https://job-boards.greenhouse.io/reddit/jobs/8018562
2026-08-04,RDDT,Reddit,"Staff Technical Product Manager, Ads ML Platform ",Ads Product,Remote - United States,product_eng,staff_principal,1,22,1,application|buzz|data_ml_ops|general_medium|model_infra,260450,https://job-boards.greenhouse.io/reddit/jobs/7954001
2026-08-04,RDDT,Reddit,Staff Technical Program Manager,TPM,Remote - United States,other,staff_principal,0,0,0,,233500,https://job-boards.greenhouse.io/reddit/jobs/8049762
2026-08-04,RDDT,Reddit,"Tax, Senior Manager",Tax & Strategic Sourcing,Remote - United States,other,senior,0,3,1,application,216250,https://job-boards.greenhouse.io/reddit/jobs/7572902
2026-08-04,ABNB,Airbnb,Acquisition Manager,Sales,"Paris, France",other,mid,0,0,0,,,https://careers.airbnb.com/positions/7995199?gh_jid=7995199
2026-08-04,ABNB,Airbnb,Acquisition Manager,Sales,"Berlin, Germany ",other,mid,0,0,0,,,https://careers.airbnb.com/positions/7995153?gh_jid=7995153
2026-08-04,ABNB,Airbnb,AMER Gathering Programs Manager,Employee Experience,"New York, United States, Los Angeles, United States",other,mid,0,1,0,buzz,143000,https://careers.airbnb.com/positions/8067991?gh_jid=8067991
2026-08-04,ABNB,Airbnb,"Associate Counsel, Innovation and Thought Leadership",Legal,United States ,nontech,mid,0,1,0,buzz,171000,https://careers.airbnb.com/positions/8074833?gh_jid=8074833
2026-08-04,ABNB,Airbnb,"Associate Legal Counsel, Japan",Legal,"Tokyo, Japan",nontech,mid,0,1,0,buzz,,https://careers.airbnb.com/positions/7789554?gh_jid=7789554
2026-08-04,ABNB,Airbnb,"Associate Principal, Strategic Finance & Analytics",Financial Planning and Analysis,United States ,nontech,staff_principal,0,1,0,buzz,164500,https://careers.airbnb.com/positions/8072136?gh_jid=8072136
2026-08-04,ABNB,Airbnb,Business Operations and Growth Lead,Strategy & Planning,"Sydney, Australia",nontech,senior,0,1,0,buzz,,https://careers.airbnb.com/positions/7999656?gh_jid=7999656
2026-08-04,ABNB,Airbnb,Business Operations and Growth Lead,Business Operations/Analysis,United States ,nontech,senior,0,1,0,buzz,185500,https://careers.airbnb.com/positions/7834481?gh_jid=7834481
2026-08-04,ABNB,Airbnb,Community Support Forecasting and Demand Planning Analyst,Community Support,United States ,nontech,mid,0,1,0,buzz,189000,https://careers.airbnb.com/positions/7839229?gh_jid=7839229
2026-08-04,ABNB,Airbnb,"(Contract) Senior Data Scientist, Platform Inference - MarTech DS Measurement",Data Science,United States,product_eng,senior,0,6,1,application|buzz|general_medium,,https://careers.airbnb.com/positions/7732569?gh_jid=7732569
2026-08-04,ABNB,Airbnb,Creative Producer,Communications,San Francisco,other,mid,0,0,0,,171000,https://careers.airbnb.com/positions/8008818?gh_jid=8008818
2026-08-04,ABNB,Airbnb,"Data Scientist - Algorithms, Community Support",Data Science,Remote - USA,product_eng,mid,0,7,1,application|buzz|general_medium,163000,https://careers.airbnb.com/positions/8031901?gh_jid=8031901
2026-08-04,ABNB,Airbnb,"Data Scientist - Inference, Community Support",Data Science,Remote - USA,product_eng,mid,0,4,0,buzz|general_medium,163000,https://careers.airbnb.com/positions/8031907?gh_jid=8031907
2026-08-04,ABNB,Airbnb,"Engineering Manager, Cloud & Data Security",Software Engineering,United States,product_eng,mid,0,0,0,,238500,https://careers.airbnb.com/positions/8074765?gh_jid=8074765
2026-08-04,ABNB,Airbnb,"Engineering Manager, Community Support Engineering",Software Engineering,China,product_eng,mid,0,2,0,buzz,,https://careers.airbnb.com/positions/7760914?gh_jid=7760914
2026-08-04,ABNB,Airbnb,"Engineering Manager, Guest & Host",Software Engineering,"London, United Kingdom",product_eng,mid,0,1,0,buzz,,https://careers.airbnb.com/positions/7532824?gh_jid=7532824
2026-08-04,ABNB,Airbnb,"Engineering Manager, Payments",Software Engineering,USA - Remote,product_eng,mid,0,0,0,,238500,https://careers.airbnb.com/positions/8044558?gh_jid=8044558
2026-08-04,ABNB,Airbnb,Enterprise Accounts Associate,Sales,"Paris, France",other,mid,0,0,0,,,https://careers.airbnb.com/positions/8066840?gh_jid=8066840
2026-08-04,ABNB,Airbnb,Enterprise Accounts Associate,Sales,"Berlin, Germany",other,mid,0,0,0,,,https://careers.airbnb.com/positions/8066843?gh_jid=8066843
2026-08-04,ABNB,Airbnb,Enterprise Accounts Associate,Sales,"London, United Kingdom",other,mid,0,0,0,,,https://careers.airbnb.com/positions/8066835?gh_jid=8066835
2026-08-04,ABNB,Airbnb,"Gestionnaire de bureau, Montréal",Administrative,"Montreal, Canada",other,mid,0,0,0,,92500,https://careers.airbnb.com/positions/8038315?gh_jid=8038315
2026-08-04,ABNB,Airbnb,"Gestionnaire, Soutien Premium",Community Support,Canada,other,mid,0,0,0,,105500,https://careers.airbnb.com/positions/7862110?gh_jid=7862110
2026-08-04,ABNB,Airbnb,Global Law Enforcement Operations Enablement Manager,Trust and Safety,United States ,nontech,mid,0,0,0,,135000,https://careers.airbnb.com/positions/8055459?gh_jid=8055459
2026-08-04,ABNB,Airbnb,"Growth Marketing Lead, Japan ",Marketing,"Tokyo, Japan",nontech,senior,0,0,0,,,https://careers.airbnb.com/positions/7590542?gh_jid=7590542
2026-08-04,ABNB,Airbnb,"Growth Marketing Lead, Metasearch & Paid Social ",Marketing,"London, United Kingdom",nontech,senior,0,1,0,buzz,,https://careers.airbnb.com/positions/7979142?gh_jid=7979142
2026-08-04,ABNB,Airbnb,"Growth Marketing Lead, Metasearch & Paid Social ",Marketing,"Paris, France",nontech,senior,0,1,0,buzz,,https://careers.airbnb.com/positions/7983163?gh_jid=7983163
2026-08-04,ABNB,Airbnb,"Lead, Advanced Analytics, Acquisition",Analytics,United States,other,senior,0,1,0,buzz,177500,https://careers.airbnb.com/positions/7948314?gh_jid=7948314
2026-08-04,ABNB,Airbnb,"Lead Advanced Analytics, Guest Product",Analytics,United States,other,senior,0,1,0,buzz,177500,https://careers.airbnb.com/positions/8080954?gh_jid=8080954
2026-08-04,ABNB,Airbnb,"Lead, Advanced Analytics, Hosting Services (Brazil) ",Analytics,Brazil ,other,senior,0,9,1,application|buzz|general_medium,,https://careers.airbnb.com/positions/7964249?gh_jid=7964249
2026-08-04,ABNB,Airbnb,"Lead, Advanced Analytics, Hosting Services (Mexico)",Analytics,Mexico,other,senior,0,9,1,application|buzz|general_medium,112500,https://careers.airbnb.com/positions/7964205?gh_jid=7964205
2026-08-04,ABNB,Airbnb,"Lead, Advanced Analytics, Payments",Analytics,United States,other,senior,0,4,0,buzz|general_medium,177500,https://careers.airbnb.com/positions/7967712?gh_jid=7967712
2026-08-04,ABNB,Airbnb,Learning Tools Manager,Community Support,United States ,other,mid,0,1,0,buzz,134000,https://careers.airbnb.com/positions/8073189?gh_jid=8073189
2026-08-04,ABNB,Airbnb,"Localization Manager, Canada",Localization,Canada,other,mid,0,0,0,,99000,https://careers.airbnb.com/positions/7258829?gh_jid=7258829
2026-08-04,ABNB,Airbnb,"Localization Manager, Canada",Localization,Canada,other,mid,0,0,0,,99000,https://careers.airbnb.com/positions/7258830?gh_jid=7258830
2026-08-04,ABNB,Airbnb,"Machine Learning Engineer, Customer Support Engineering",Software Engineering,China,product_eng,mid,1,16,1,application|buzz|model_infra,,https://careers.airbnb.com/positions/7716341?gh_jid=7716341
2026-08-04,ABNB,Airbnb,"Manager, Engineering - Marketing Technology",Software Engineering,United States,product_eng,mid,0,9,1,application|buzz,238500,https://careers.airbnb.com/positions/7927488?gh_jid=7927488
2026-08-04,ABNB,Airbnb,"Manager, Field Operations, Southeast",Sales,United States,nontech,mid,0,0,0,,180000,https://careers.airbnb.com/positions/7531247?gh_jid=7531247
2026-08-04,ABNB,Airbnb,"Manager, Fraud Intelligence",Trust and Safety,United States ,other,mid,0,0,0,,167500,https://careers.airbnb.com/positions/7793861?gh_jid=7793861
2026-08-04,ABNB,Airbnb,"Manager, Guest Services",Community Support,United States ,other,mid,0,0,0,,180000,https://careers.airbnb.com/positions/8068433?gh_jid=8068433
2026-08-04,ABNB,Airbnb,"Manager, Machine Learning, Customer Support Engineering ",Software Engineering,China,product_eng,mid,1,8,1,application|buzz|general_medium,,https://careers.airbnb.com/positions/7672101?gh_jid=7672101
2026-08-04,ABNB,Airbnb,"Manager, Premium Support",Community Support,Canada,nontech,mid,0,0,0,,105500,https://careers.airbnb.com/positions/7862109?gh_jid=7862109
2026-08-04,ABNB,Airbnb,"Manager, Recruiting Systems and Data",Employee Experience,United States,nontech,mid,0,0,0,,163500,https://careers.airbnb.com/positions/7979134?gh_jid=7979134
2026-08-04,ABNB,Airbnb,Market Coordinator,Sales,"Berlin, Germany ",other,mid,0,0,0,,,https://careers.airbnb.com/positions/8088050?gh_jid=8088050
2026-08-04,ABNB,Airbnb,Marketing Operations Lead,Marketing,United States,nontech,senior,0,0,0,,174500,https://careers.airbnb.com/positions/8056124?gh_jid=8056124
2026-08-04,ABNB,Airbnb,Market Manager,Sales,"Paris, France",other,mid,0,0,0,,,https://careers.airbnb.com/positions/8043473?gh_jid=8043473
2026-08-04,ABNB,Airbnb,Market Manager ,Sales,"Berlin, Germany",other,mid,0,0,0,,,https://careers.airbnb.com/positions/7960390?gh_jid=7960390
2026-08-04,ABNB,Airbnb,"Market Manager, Japan - Hotels",Business Development,"Tokyo, Japan",other,mid,0,0,0,,,https://careers.airbnb.com/positions/7649950?gh_jid=7649950
2026-08-04,ABNB,Airbnb,Market Manager - Vacation Rental,Business Development,"Tokyo, Japan",other,mid,0,0,0,,,https://careers.airbnb.com/positions/8000413?gh_jid=8000413
2026-08-04,ABNB,Airbnb,"Office Manager, Berlin",Administrative,"Berlin, Germany",nontech,mid,0,0,0,,,https://careers.airbnb.com/positions/8039365?gh_jid=8039365
2026-08-04,ABNB,Airbnb,"Office Manager, Mexico City",Administrative,"Mexico City, Mexico",nontech,mid,0,0,0,,58500,https://careers.airbnb.com/positions/8038161?gh_jid=8038161
2026-08-04,ABNB,Airbnb,"Office Manager, Montreal",Administrative,"Montreal, Canada",nontech,mid,0,0,0,,92500,https://careers.airbnb.com/positions/8038314?gh_jid=8038314
2026-08-04,ABNB,Airbnb,"Office Manager, Paris",Administrative,"Paris, France",nontech,mid,0,0,0,,,https://careers.airbnb.com/positions/8039417?gh_jid=8039417
2026-08-04,ABNB,Airbnb,"Office Manager, São Paulo",Administrative,"São Paulo, Brazil",nontech,mid,0,0,0,,,https://careers.airbnb.com/positions/8038264?gh_jid=8038264
2026-08-04,ABNB,Airbnb,"Office Manager, Seoul",Administrative,"Seoul, South Korea",nontech,mid,0,0,0,,,https://careers.airbnb.com/positions/8039307?gh_jid=8039307
2026-08-04,ABNB,Airbnb,"Office Manager, Tokyo ",Administrative,"Tokyo, Japan",nontech,mid,0,0,0,,,https://careers.airbnb.com/positions/8039271?gh_jid=8039271
2026-08-04,ABNB,Airbnb,"Operations Engineer, BizTech",Software Engineering,Remote- USA,product_eng,mid,0,7,1,application|buzz,148000,https://careers.airbnb.com/positions/8074955?gh_jid=8074955
2026-08-04,ABNB,Airbnb,"Payments Partnerships Manager, Host Payouts",Partnerships,United States ,other,mid,0,0,0,,189000,https://careers.airbnb.com/positions/8075714?gh_jid=8075714
2026-08-04,ABNB,Airbnb,"Policy Manager, Korea",Public Policy,"Seoul, South Korea",other,mid,0,0,0,,,https://careers.airbnb.com/positions/7859539?gh_jid=7859539
2026-08-04,ABNB,Airbnb,"Principal AI/ML Researcher / Engineer In Bayesian, Large Foundational Systems, and Distributional Reinforcement Learning",Software Engineering,United States,research,staff_principal,1,27,1,application|buzz|data_ml_ops|model_infra,333000,https://careers.airbnb.com/positions/7947456?gh_jid=7947456
2026-08-04,ABNB,Airbnb,"Principal AI/ML Researcher / Engineer In Reasoning, Planning, and Decision-making systems",Software Engineering,United States,research,staff_principal,1,34,1,application|buzz|data_ml_ops|general_medium|model_infra,333000,https://careers.airbnb.com/positions/7955573?gh_jid=7955573
2026-08-04,ABNB,Airbnb,Principal Machine Learning Engineer- LLM Fine-tuning and Optimization ,Software Engineering,United States,product_eng,staff_principal,1,32,1,application|buzz|data_ml_ops|general_medium|model_infra,328500,https://careers.airbnb.com/positions/7955579?gh_jid=7955579
2026-08-04,ABNB,Airbnb,"Principal Software Engineer, Performance",Software Engineering,Remote-US,product_eng,staff_principal,0,5,0,buzz|data_ml_ops|general_medium,328500,https://careers.airbnb.com/positions/7826679?gh_jid=7826679
2026-08-04,ABNB,Airbnb,"Principal, Strategic Finance, Community Support",Financial Planning and Analysis,United States ,nontech,staff_principal,0,1,0,buzz,187000,https://careers.airbnb.com/positions/7759059?gh_jid=7759059
2026-08-04,ABNB,Airbnb,Process Risk and Compliance Operations Manager,Community Support,United States ,nontech,mid,0,1,0,buzz,174500,https://careers.airbnb.com/positions/8003178?gh_jid=8003178
2026-08-04,ABNB,Airbnb,Process Strategy and Optimization Lead,Business Operations/Analysis,United States,other,senior,0,1,0,buzz,115500,https://careers.airbnb.com/positions/8042076?gh_jid=8042076
2026-08-04,ABNB,Airbnb,"Product Manager, Identity",Product Management,United States,product_eng,mid,0,0,0,,220000,https://careers.airbnb.com/positions/8055637?gh_jid=8055637
2026-08-04,ABNB,Airbnb,"Product Manager, Incubations",Product Management,"San Francisco, CA, New York, NY",product_eng,mid,0,1,0,buzz,257000,https://careers.airbnb.com/positions/8044715?gh_jid=8044715
2026-08-04,ABNB,Airbnb,"Product Manager, Relevance and Personalization",Product Management,"San Francisco, United States",product_eng,mid,0,9,1,application|buzz|model_infra,257000,https://careers.airbnb.com/positions/7905365?gh_jid=7905365
2026-08-04,ABNB,Airbnb,"Product Manager, Services",Product Management,"San Francisco, CA, Seattle WA, New York, NY",product_eng,mid,0,1,0,buzz,257000,https://careers.airbnb.com/positions/8081925?gh_jid=8081925
2026-08-04,ABNB,Airbnb,"Product Manager, Tickets",Product Management,United States,product_eng,mid,0,0,0,,220000,https://careers.airbnb.com/positions/8082161?gh_jid=8082161
2026-08-04,ABNB,Airbnb,"Product Manager, Wallet",Product Management,United States,product_eng,mid,0,0,0,,220000,https://careers.airbnb.com/positions/8082854?gh_jid=8082854
2026-08-04,ABNB,Airbnb,"Product Program Manager, Roadmap Planning & Program Management",Financial Planning and Analysis,"San Francisco, United States ",other,mid,0,0,0,,201000,https://careers.airbnb.com/positions/8094412?gh_jid=8094412
2026-08-04,ABNB,Airbnb,"Program Manager, Community Support",Program Management,Canada,nontech,mid,0,0,0,,144000,https://careers.airbnb.com/positions/7927170?gh_jid=7927170
2026-08-04,ABNB,Airbnb,"Program Manager, Community Support",Program Management,Canada,nontech,mid,0,0,0,,144000,https://careers.airbnb.com/positions/7927169?gh_jid=7927169
2026-08-04,ABNB,Airbnb,Programs & Business Operations Lead,Business Operations/Analysis,United States,nontech,senior,0,0,0,,185500,https://careers.airbnb.com/positions/8095268?gh_jid=8095268
2026-08-04,ABNB,Airbnb,"Public Policy Manager, UK",Public Policy,"London, United Kingdom",other,mid,0,1,0,buzz,,https://careers.airbnb.com/positions/8076545?gh_jid=8076545
2026-08-04,ABNB,Airbnb,"Quality Analyst, Premium Support (German/English)",Community Support,Ireland,nontech,mid,0,1,0,buzz,,https://careers.airbnb.com/positions/8053429?gh_jid=8053429
2026-08-04,ABNB,Airbnb,Regional Workplace Operations Manager,Employee Experience,"Seattle, United States",nontech,mid,0,0,0,,143500,https://careers.airbnb.com/positions/8067929?gh_jid=8067929
2026-08-04,ABNB,Airbnb,"Responsable, Gestion des Effectifs, Opérations",Operations,Canada,other,mid,0,3,1,model_infra,144000,https://careers.airbnb.com/positions/8000973?gh_jid=8000973
2026-08-04,ABNB,Airbnb,Safety Specialist,Community Support,Japan,other,mid,0,0,0,,,https://careers.airbnb.com/positions/7870802?gh_jid=7870802
2026-08-04,ABNB,Airbnb,Safety Specialist,Community Support,Korea,other,mid,0,0,0,,,https://careers.airbnb.com/positions/7964996?gh_jid=7964996
2026-08-04,ABNB,Airbnb,"Senior Account Executive, Hotels (London-based)",Sales,"London, United Kingdom",demand_validated,senior,0,0,0,,,https://careers.airbnb.com/positions/8045384?gh_jid=8045384
2026-08-04,ABNB,Airbnb,"Senior Account Executive, Hotels (Milan-based)",Sales,"Milan, Italy",demand_validated,senior,0,0,0,,,https://careers.airbnb.com/positions/8046210?gh_jid=8046210
2026-08-04,ABNB,Airbnb,"Senior Automation Engineer, Infrastructure",Software Engineering,Brazil,product_eng,senior,0,1,0,buzz,,https://careers.airbnb.com/positions/7863467?gh_jid=7863467
2026-08-04,ABNB,Airbnb,"Senior Brand Strategy Lead, APAC",Marketing,Singapore,nontech,senior,0,0,0,,,https://careers.airbnb.com/positions/8102461?gh_jid=8102461
2026-08-04,ABNB,Airbnb,"Senior Business Solutions Engineer, BizTech(LegalTech)",Engineering & Technology,"Bangalore, India",demand_validated,senior,0,14,1,application|buzz,,https://careers.airbnb.com/positions/8053132?gh_jid=8053132
2026-08-04,ABNB,Airbnb,"Senior Connectivity Partner Manager - Seoul, South Korea",Partnerships,"Seoul, South Korea",other,senior,0,0,0,,,https://careers.airbnb.com/positions/7945815?gh_jid=7945815
2026-08-04,ABNB,Airbnb,"Senior Counsel, Commercial & Partnerships",Legal,United States,nontech,senior,0,0,0,,234000,https://careers.airbnb.com/positions/7978155?gh_jid=7978155
2026-08-04,ABNB,Airbnb,"Senior Frontend Engineer, Quality Platform",Software Engineering,Brazil,product_eng,senior,0,7,1,application|buzz,,https://careers.airbnb.com/positions/8031737?gh_jid=8031737
2026-08-04,ABNB,Airbnb,"Senior Growth Marketing Lead, Engagement",Marketing,United States,nontech,senior,0,1,0,buzz,220500,https://careers.airbnb.com/positions/8082851?gh_jid=8082851
2026-08-04,ABNB,Airbnb,Senior Influencer Manager,Communications,"San Francisco, United States ",other,senior,0,0,0,,151000,https://careers.airbnb.com/positions/8068640?gh_jid=8068640
2026-08-04,ABNB,Airbnb,Senior iOS Automation Engineer,Software Engineering,Brazil - Remote,product_eng,senior,0,1,0,buzz,,https://careers.airbnb.com/positions/7453190?gh_jid=7453190
2026-08-04,ABNB,Airbnb,"Senior iOS Engineer, Global Markets ",Software Engineering,China,product_eng,senior,0,2,0,buzz,,https://careers.airbnb.com/positions/7817040?gh_jid=7817040
2026-08-04,ABNB,Airbnb,Senior Key Accounts Manager,Sales,"Paris, France, Barcelona, Spain",other,senior,0,0,0,,,https://careers.airbnb.com/positions/7916840?gh_jid=7916840
2026-08-04,ABNB,Airbnb,"Senior Machine Learning Engineer, Customer Support Engineering",Software Engineering,China,product_eng,senior,1,16,1,application|buzz|model_infra,,https://careers.airbnb.com/positions/7975743?gh_jid=7975743
2026-08-04,ABNB,Airbnb,"Senior Machine Learning Engineer, Customer Support Engineering",Software Engineering,Remote-USA,product_eng,senior,1,34,1,application|buzz|data_ml_ops|model_infra,211500,https://careers.airbnb.com/positions/8014904?gh_jid=8014904
2026-08-04,ABNB,Airbnb,"Senior Machine Learning Engineer, Relevance and Personalization",Software Engineering,United States,product_eng,senior,1,21,1,application|buzz|general_medium|model_infra,208000,https://careers.airbnb.com/positions/7258033?gh_jid=7258033
2026-08-04,ABNB,Airbnb,"Senior Machine Learning Engineer, Relevance and Personalization (Query Intelligence)",Engineering & Technology,United States,product_eng,senior,1,28,1,application|buzz|general_medium|model_infra,217500,https://careers.airbnb.com/positions/8065789?gh_jid=8065789
2026-08-04,ABNB,Airbnb,"Senior Manager, Advanced Analytics, Fraud & Safety Operations",Analytics,United States,nontech,senior,0,2,0,data_ml_ops,238500,https://careers.airbnb.com/positions/7788160?gh_jid=7788160
2026-08-04,ABNB,Airbnb,"Senior Manager, Field Operations",Sales,"Mexico City, Mexico",nontech,senior,0,0,0,,214583,https://careers.airbnb.com/positions/8044801?gh_jid=8044801
2026-08-04,ABNB,Airbnb,"Senior Manager, Machine Learning Engineering - Communication & Connectivity",Software Engineering,Remote - US,product_eng,senior,1,5,0,buzz|general_medium,279000,https://careers.airbnb.com/positions/8070121?gh_jid=8070121
2026-08-04,ABNB,Airbnb,"Senior Manager, Public Policy, Texas ",Public Policy,"Texas, United States ",other,senior,0,0,0,,,https://careers.airbnb.com/positions/7736028?gh_jid=7736028
2026-08-04,ABNB,Airbnb,"Senior Manager, Technical Program Management (Search & AI Foundations)",Technical Program Management,United States,other,senior,1,11,1,application|buzz|data_ml_ops|general_medium,257000,https://careers.airbnb.com/positions/8077683?gh_jid=8077683
2026-08-04,ABNB,Airbnb,Senior Market Manager,Business Development,"Mexico City, Mexico",other,senior,0,0,0,,112500,https://careers.airbnb.com/positions/7895069?gh_jid=7895069
2026-08-04,ABNB,Airbnb,"Senior Market Manager, Hotels",Business Development,"Sydney, Australia",other,senior,0,0,0,,,https://careers.airbnb.com/positions/7587869?gh_jid=7587869
2026-08-04,ABNB,Airbnb,"Senior Market Manager, Luxe",Business Development,Italy or France ,other,senior,0,0,0,,,https://careers.airbnb.com/positions/7921276?gh_jid=7921276
2026-08-04,ABNB,Airbnb,"Senior Platform Manager, Data Products, Finance Accounting",Product Management,United States,nontech,senior,0,1,0,buzz,193000,https://careers.airbnb.com/positions/8070705?gh_jid=8070705
2026-08-04,ABNB,Airbnb,"Senior Platform Manager, Defense Platform",Product Management,United States,other,senior,0,2,0,buzz,193000,https://careers.airbnb.com/positions/7917687?gh_jid=7917687
2026-08-04,ABNB,Airbnb,"Senior Platform Manager, Payment Platform Accounts",Product Management,United States ,other,senior,0,1,0,buzz,193000,https://careers.airbnb.com/positions/8082863?gh_jid=8082863
2026-08-04,ABNB,Airbnb,"Senior Platform Manager, Trust and Safety",Product Management,United States ,other,senior,0,3,0,buzz|general_medium,193000,https://careers.airbnb.com/positions/8029984?gh_jid=8029984
2026-08-04,ABNB,Airbnb,Senior Policy Economist ,Data Science,United States ,other,senior,0,3,0,buzz|general_medium,194500,https://careers.airbnb.com/positions/7918327?gh_jid=7918327
2026-08-04,ABNB,Airbnb,"Senior Principal, Competitive Intelligence",Financial Planning and Analysis,United States ,other,staff_principal,0,1,0,buzz,224500,https://careers.airbnb.com/positions/8053756?gh_jid=8053756
2026-08-04,ABNB,Airbnb,"Senior Principal, Tax Controversy",Legal,"Ireland, Spain, United Kingdom",other,staff_principal,0,0,0,,,https://careers.airbnb.com/positions/7920760?gh_jid=7920760
2026-08-04,ABNB,Airbnb,"Senior Product Program Manager, Roadmap Planning & Program Management ",Financial Planning and Analysis,"San Francisco, United States ",other,senior,0,0,0,,238500,https://careers.airbnb.com/positions/8094462?gh_jid=8094462
2026-08-04,ABNB,Airbnb,"Senior Programs and Business Operations Lead, Monthly Stays",Business Operations/Analysis,United States ,nontech,senior,0,0,0,,223500,https://careers.airbnb.com/positions/7736820?gh_jid=7736820
2026-08-04,ABNB,Airbnb,"Senior Regulatory Operations Manager, Cities",Business Operations/Analysis,United States ,nontech,senior,0,0,0,,151000,https://careers.airbnb.com/positions/7944595?gh_jid=7944595
2026-08-04,ABNB,Airbnb,Senior Regulatory Products Lead,Business Operations/Analysis,United States ,other,senior,0,0,0,,220500,https://careers.airbnb.com/positions/8054361?gh_jid=8054361
2026-08-04,ABNB,Airbnb,Senior Sales Operations Lead,Business Operations/Analysis,United States,nontech,senior,0,0,0,,226500,https://careers.airbnb.com/positions/8083716?gh_jid=8083716
2026-08-04,ABNB,Airbnb,"Senior Social Content Operations Manager, China",Operations,China,nontech,senior,0,0,0,,,https://careers.airbnb.com/positions/8078406?gh_jid=8078406
2026-08-04,ABNB,Airbnb,"Senior Software Engineer, Infrastructure",Software Engineering,Brazil - Remote,product_eng,senior,0,5,1,application|buzz,,https://careers.airbnb.com/positions/7453202?gh_jid=7453202
2026-08-04,ABNB,Airbnb,"Senior Software Engineer, Reliability Engineering Team",Software Engineering,Brazil,product_eng,senior,0,0,0,,,https://careers.airbnb.com/positions/8026696?gh_jid=8026696
2026-08-04,ABNB,Airbnb,"Senior Software Engineer, Search Platform",Software Engineering,Brazil,product_eng,senior,0,0,0,,,https://careers.airbnb.com/positions/8089559?gh_jid=8089559
2026-08-04,ABNB,Airbnb,"Senior Software Engineer, Service Tools   ",Software Engineering,Brazil,product_eng,senior,0,1,0,buzz,,https://careers.airbnb.com/positions/8024057?gh_jid=8024057
2026-08-04,ABNB,Airbnb,"Senior Specialist, Luxe",Operations,"Gurugram, India",other,senior,0,0,0,,,https://careers.airbnb.com/positions/7682735?gh_jid=7682735
2026-08-04,ABNB,Airbnb,"Senior Specialist, Premium Support (Portuguese)",Community Support,Canada,nontech,senior,0,0,0,,85500,https://careers.airbnb.com/positions/8091850?gh_jid=8091850
2026-08-04,ABNB,Airbnb,Senior Staff Data Engineer - Data Stewardship,Software Engineering,United States,product_eng,staff_principal,0,1,0,buzz,279000,https://careers.airbnb.com/positions/7998356?gh_jid=7998356
2026-08-04,ABNB,Airbnb,"Senior Staff Data Scientist, Guest & Host Marketplace AI",Data Science,Remote,product_eng,staff_principal,1,6,1,application|buzz|general_medium,252000,https://careers.airbnb.com/positions/7107054?gh_jid=7107054
2026-08-04,ABNB,Airbnb,"Senior Staff Engineer, Communication & Connectivity",Software Engineering,Remote - USA,product_eng,staff_principal,0,5,0,buzz|general_medium,279000,https://careers.airbnb.com/positions/8017277?gh_jid=8017277
2026-08-04,ABNB,Airbnb,"Senior Staff Machine Learning Engineer, Data & Eval",Software Engineering,United States,product_eng,staff_principal,1,15,1,application|buzz|data_ml_ops|model_infra,274500,https://careers.airbnb.com/positions/6757302?gh_jid=6757302
2026-08-04,ABNB,Airbnb,"Senior Staff Machine Learning Engineer, Growth Platform Engineering",Software Engineering,Remote - USA,product_eng,staff_principal,1,25,1,application|buzz|data_ml_ops|general_medium|model_infra,274500,https://careers.airbnb.com/positions/7747259?gh_jid=7747259
2026-08-04,ABNB,Airbnb,"Senior Staff Machine Learning Engineer, Guest & Host",Software Engineering,Remote - USA,product_eng,staff_principal,1,10,1,application|buzz|general_medium,274500,https://careers.airbnb.com/positions/7005605?gh_jid=7005605
2026-08-04,ABNB,Airbnb,"Senior Staff Machine Learning Engineer, Post Training",Software Engineering,Remote - USA,product_eng,staff_principal,1,32,1,application|buzz|data_ml_ops|general_medium|model_infra,279000,https://careers.airbnb.com/positions/7858738?gh_jid=7858738
2026-08-04,ABNB,Airbnb,"Senior Staff Machine Learning Engineer, Trust",Software Engineering,Remote - USA,product_eng,staff_principal,1,23,1,application|buzz|general_medium|model_infra,274500,https://careers.airbnb.com/positions/7592146?gh_jid=7592146
2026-08-04,ABNB,Airbnb,"Senior Staff Operations Engineer, AIOps",Engineering & Technology,Remote - United States,product_eng,staff_principal,0,1,0,buzz,238500,https://careers.airbnb.com/positions/7644921?gh_jid=7644921
2026-08-04,ABNB,Airbnb,"Senior Staff Software Engineer, Host Pricing & Settings",Software Engineering,Remote - USA,product_eng,staff_principal,0,4,0,data_ml_ops|general_medium,,https://careers.airbnb.com/positions/8039723?gh_jid=8039723
2026-08-04,ABNB,Airbnb,"Senior Staff Software Engineer, Marketing Technology",Software Engineering,"Remote, USA",product_eng,staff_principal,0,4,1,application|buzz,279000,https://careers.airbnb.com/positions/8095365?gh_jid=8095365
2026-08-04,ABNB,Airbnb,"Senior Staff Software Engineer, Payments",Software Engineering,"Remote, USA",product_eng,staff_principal,0,0,0,,274500,https://careers.airbnb.com/positions/7688467?gh_jid=7688467
2026-08-04,ABNB,Airbnb,"Senior Staff Software Engineer, Payments",Software Engineering,"Remote - Bangalore, India",product_eng,staff_principal,0,1,0,buzz,,https://careers.airbnb.com/positions/7525479?gh_jid=7525479
2026-08-04,ABNB,Airbnb,"Senior Staff Software Engineer, Trust",Software Engineering,Remote - US,product_eng,staff_principal,0,4,1,application|buzz,279000,https://careers.airbnb.com/positions/7818982?gh_jid=7818982
2026-08-04,ABNB,Airbnb,"Senior Staff UX Writer, International",Design,"London, United Kingdom",other,intern,0,0,0,,,https://careers.airbnb.com/positions/8007402?gh_jid=8007402
2026-08-04,ABNB,Airbnb,"Social Creative Lead, Real-Time & Reactive",Design,"San Francisco, CA",other,senior,0,0,0,,198500,https://careers.airbnb.com/positions/7987862?gh_jid=7987862
2026-08-04,ABNB,Airbnb,"Software Engineer, Biztech Client and Identity",Software Engineering,United States,product_eng,mid,0,0,0,,174000,https://careers.airbnb.com/positions/8095390?gh_jid=8095390
2026-08-04,ABNB,Airbnb,"Software Engineer, Cloud Networking",Software Engineering,Remote - USA or Canada,product_eng,mid,0,0,0,,171000,https://careers.airbnb.com/positions/8037090?gh_jid=8037090
2026-08-04,ABNB,Airbnb,"Software Engineer, Community Support Engineering",Software Engineering,"San Francisco, CA",product_eng,mid,0,13,1,application|buzz|model_infra,174000,https://careers.airbnb.com/positions/8097917?gh_jid=8097917
2026-08-04,ABNB,Airbnb,"Software Engineer, Guest & Host - Notifications",Software Engineering,"Beijing, China",product_eng,mid,0,0,0,,,https://careers.airbnb.com/positions/7725256?gh_jid=7725256
2026-08-04,ABNB,Airbnb,"Software Engineer, Quality Platform",Software Engineering,Brazil,product_eng,mid,0,20,1,application|buzz,,https://careers.airbnb.com/positions/8077506?gh_jid=8077506
2026-08-04,ABNB,Airbnb,Spécialiste au Support Premium Bilingue (français/anglais),Community Support,Canada,nontech,mid,0,0,0,,61000,https://careers.airbnb.com/positions/8080767?gh_jid=8080767
2026-08-04,ABNB,Airbnb,"Spécialiste, Sécurité",Community Support,Canada,other,mid,0,0,0,,63000,https://careers.airbnb.com/positions/7417294?gh_jid=7417294
2026-08-04,ABNB,Airbnb,"Specialist, Premium Support",Community Support,Canada,nontech,mid,0,0,0,,60500,https://careers.airbnb.com/positions/7230257?gh_jid=7230257
2026-08-04,ABNB,Airbnb,"Specialist, Premium Support (French/English)",Community Support,Canada,nontech,mid,0,0,0,,61000,https://careers.airbnb.com/positions/8080766?gh_jid=8080766
2026-08-04,ABNB,Airbnb,"Specialist, Premium Support (French/English)",Community Support,Ireland,nontech,mid,0,0,0,,,https://careers.airbnb.com/positions/7946318?gh_jid=7946318
2026-08-04,ABNB,Airbnb,"Specialist, Safety",Community Support,Canada,other,mid,0,0,0,,63000,https://careers.airbnb.com/positions/7417293?gh_jid=7417293
2026-08-04,ABNB,Airbnb,"Sr Manager, Advanced Analytics, FSI",Analytics,United States,other,senior,0,2,0,data_ml_ops,238500,https://careers.airbnb.com/positions/7926527?gh_jid=7926527
2026-08-04,ABNB,Airbnb,Sr Social Measurement Lead,Marketing,"San Francisco, CA",other,senior,0,1,0,buzz,213500,https://careers.airbnb.com/positions/8042783?gh_jid=8042783
2026-08-04,ABNB,Airbnb,"Staff Advanced Analyst, Guest Engagement",Analytics,United States,other,staff_principal,0,0,0,,200500,https://careers.airbnb.com/positions/7927588?gh_jid=7927588
2026-08-04,ABNB,Airbnb,"Staff Advanced Analytics, Guest Product",Analytics,United States,other,staff_principal,0,1,0,buzz,200500,https://careers.airbnb.com/positions/7943874?gh_jid=7943874
2026-08-04,ABNB,Airbnb,"Staff Analyst, Advanced Analytics, Payments",Analytics,United States,other,staff_principal,0,6,0,buzz|general_medium,200500,https://careers.airbnb.com/positions/8003341?gh_jid=8003341
2026-08-04,ABNB,Airbnb,Staff Backend Engineer - Ads Platform,Software Engineering,Remote - USA,product_eng,staff_principal,0,5,1,application|buzz,238500,https://careers.airbnb.com/positions/8074897?gh_jid=8074897
2026-08-04,ABNB,Airbnb,"Staff Backend Engineer, Host Pricing & Availability",Software Engineering,Remote - USA,product_eng,staff_principal,0,0,0,,238500,https://careers.airbnb.com/positions/8078019?gh_jid=8078019
2026-08-04,ABNB,Airbnb,"Staff Backend Engineer, Host Serving and Access",Software Engineering,Remote - USA,product_eng,staff_principal,0,0,0,,238500,https://careers.airbnb.com/positions/8077995?gh_jid=8077995
2026-08-04,ABNB,Airbnb,Staff Data Scientist - Long Term Impact,Data Science,Remote - USA,product_eng,staff_principal,0,2,0,general_medium,221000,https://careers.airbnb.com/positions/8042680?gh_jid=8042680
2026-08-04,ABNB,Airbnb,"Staff Frontend Engineer, Client Data & Networking Platform",Software Engineering,Remote - USA,product_eng,staff_principal,0,4,1,application|buzz,229500,https://careers.airbnb.com/positions/7962101?gh_jid=7962101
2026-08-04,ABNB,Airbnb,"Staff Machine Learning Engineer, Community Support Engineering",Software Engineering,"San Francisco, CA",product_eng,staff_principal,1,16,1,application|buzz|model_infra,236000,https://careers.airbnb.com/positions/8024316?gh_jid=8024316
2026-08-04,ABNB,Airbnb,"Staff Machine Learning Engineer, Customer Support Engineering",Software Engineering,China,product_eng,staff_principal,1,18,1,application|buzz|general_medium|model_infra,,https://careers.airbnb.com/positions/7693033?gh_jid=7693033
2026-08-04,ABNB,Airbnb,"Staff Platform Manager, Airfam Products",Product Management,United States,other,staff_principal,0,2,0,buzz,220000,https://careers.airbnb.com/positions/8077226?gh_jid=8077226
2026-08-04,ABNB,Airbnb,"Staff Platform Manager, Chargebacks and Disputes",Product Management,United States ,other,staff_principal,0,1,0,buzz,220000,https://careers.airbnb.com/positions/8003786?gh_jid=8003786
2026-08-04,ABNB,Airbnb,"Staff Platform Manager, Loyalty Platform Lead (Product Management)",Product Management,"Gurugram, India",other,staff_principal,0,1,0,buzz,,https://careers.airbnb.com/positions/8091831?gh_jid=8091831
2026-08-04,ABNB,Airbnb,"Staff Platform Manager, Quality",Product Management,Remote - United States ,other,staff_principal,0,2,0,buzz,220000,https://careers.airbnb.com/positions/8060054?gh_jid=8060054
2026-08-04,ABNB,Airbnb,"Staff Software Engineer, Build (Bazel)",Software Engineering,Remote - USA,product_eng,staff_principal,0,4,1,application|buzz,229500,https://careers.airbnb.com/positions/7739337?gh_jid=7739337
2026-08-04,ABNB,Airbnb,"Staff Software Engineer, Communication & Connectivity",Software Engineering,United States,product_eng,staff_principal,0,12,1,application|buzz|data_ml_ops|general_medium,229500,https://careers.airbnb.com/positions/7421419?gh_jid=7421419
2026-08-04,ABNB,Airbnb,"Staff Software Engineer, Community Support Engineering",Software Engineering,Remote - USA,product_eng,staff_principal,0,14,1,application|buzz|model_infra,229500,https://careers.airbnb.com/positions/7463421?gh_jid=7463421
2026-08-04,ABNB,Airbnb,"Staff Software Engineer, Community Support Engineering",Software Engineering,China,product_eng,staff_principal,0,3,1,application,,https://careers.airbnb.com/positions/6448191?gh_jid=6448191
2026-08-04,ABNB,Airbnb,"Staff Software Engineer, Global Markets (Backend)",Software Engineering,China,product_eng,staff_principal,0,0,0,,,https://careers.airbnb.com/positions/7768427?gh_jid=7768427
2026-08-04,ABNB,Airbnb,"Staff Software Engineer, Unified Data Store",Software Engineering,Brazil,product_eng,staff_principal,0,1,0,buzz,,https://careers.airbnb.com/positions/7867435?gh_jid=7867435
2026-08-04,ABNB,Airbnb,"Staff System Engineer, BizTech",Software Engineering,United States,product_eng,staff_principal,0,0,0,,202500,https://careers.airbnb.com/positions/8076299?gh_jid=8076299
2026-08-04,ABNB,Airbnb,"Staff Web Automation Engineer, Quality Engineering",Software Engineering,Brazil - Remote,product_eng,staff_principal,0,1,0,buzz,,https://careers.airbnb.com/positions/7380185?gh_jid=7380185
2026-08-04,ABNB,Airbnb,"Strategic Partnerships Lead, Central and Eastern Europe",Sales,"Berlin, Germany",other,senior,0,0,0,,,https://careers.airbnb.com/positions/7641058?gh_jid=7641058
2026-08-04,ABNB,Airbnb,"Strategic Sourcing, Manager - Engineering & Infrastructure",Financial Planning and Analysis,United States ,product_eng,mid,0,1,0,buzz,139000,https://careers.airbnb.com/positions/7736738?gh_jid=7736738
2026-08-04,ABNB,Airbnb,"Superviseur (-e), Soutien Premium Bilingue (français/anglais)",Community Support,Canada,other,mid,0,0,0,,86500,https://careers.airbnb.com/positions/8080626?gh_jid=8080626
2026-08-04,ABNB,Airbnb,"Supervisor, Fraud Investigations",Community Support,"Gurugram, India",other,mid,0,0,0,,,https://careers.airbnb.com/positions/8007130?gh_jid=8007130
2026-08-04,ABNB,Airbnb,"Supervisor, Hosting",Operations,"Gurugram, India",other,mid,0,1,0,buzz,,https://careers.airbnb.com/positions/8015149?gh_jid=8015149
2026-08-04,ABNB,Airbnb,Supervisor - Payment Compliance,Operations,"Gurugram, India",other,mid,0,0,0,,,https://careers.airbnb.com/positions/8076422?gh_jid=8076422
2026-08-04,ABNB,Airbnb,"Supervisor, Premium Support (French/English)",Community Support,Canada,nontech,mid,0,0,0,,86500,https://careers.airbnb.com/positions/8080625?gh_jid=8080625
2026-08-04,ABNB,Airbnb,"Supply Category Lead, Airbnb Services ",Business Operations/Analysis,United States ,other,senior,0,0,0,,226500,https://careers.airbnb.com/positions/7822781?gh_jid=7822781
2026-08-04,ABNB,Airbnb,"Tech Lead Manager, Finance Integrations & Automation - BizTech",Software Engineering,"Bangalore, India",nontech,senior,0,14,1,application|buzz,,https://careers.airbnb.com/positions/8102684?gh_jid=8102684
2026-08-04,ABNB,Airbnb,"Workforce Management Lead,  Enterprise Ops",Operations,Canada,other,senior,0,1,0,buzz,144000,https://careers.airbnb.com/positions/8000972?gh_jid=8000972
2026-08-04,ABNB,Airbnb,Workplace Operations Program Manager,Employee Experience,"San Francisco, United States",nontech,mid,0,1,0,buzz,174500,https://careers.airbnb.com/positions/8079378?gh_jid=8079378
2026-08-04,MTCH,Match Group,Android Engineer III,Engineering,"New York, New York",product_eng,mid,0,0,0,,,https://jobs.lever.co/matchgroup/3414ba28-35f7-45d3-8e13-35c883959635
2026-08-04,MTCH,Match Group,APAC Sr. Localization Program Manager (Tinder Korea),Product,"Seoul, South Korea",other,senior,0,0,0,,,https://jobs.lever.co/matchgroup/0152fd07-2715-4fe1-a208-af9d03c0b358
2026-08-04,MTCH,Match Group,Apprenticeship - Junior Brand Copywriter,Marketing,"Paris, France",nontech,intern,0,0,0,,,https://jobs.lever.co/matchgroup/307bfde1-1acd-4e34-afc5-e91c07550f73
2026-08-04,MTCH,Match Group,Apprenticeship - Junior Brand Designer,Marketing,"Paris, France",product_eng,intern,0,1,0,buzz,,https://jobs.lever.co/matchgroup/4f8b6ca1-70f4-4629-8cca-435397226e29
2026-08-04,MTCH,Match Group,Apprenticeship - Junior Marketing Assistant,Marketing,"Paris, France",nontech,intern,0,0,0,,,https://jobs.lever.co/matchgroup/0894dfce-c38b-4346-b37e-38b72d7bbf4d
2026-08-04,MTCH,Match Group,Apprenticeship - Junior Traffic Manager,Marketing,"Paris, France",other,intern,0,4,1,application|buzz,,https://jobs.lever.co/matchgroup/1e93447f-dfcb-4e73-aed6-d62895a6d5db
2026-08-04,MTCH,Match Group,"Back-end Engineer, Platform","Development, Technology",Tokyo,product_eng,mid,0,0,0,,,https://jobs.lever.co/matchgroup/1deea0b0-c0c9-4541-972e-2a437b64b023
2026-08-04,MTCH,Match Group,"Backend Engineer (Trust & Safety), Platform","Development, Technology",Tokyo,product_eng,mid,0,0,0,,,https://jobs.lever.co/matchgroup/750053cb-5ace-444a-9c64-070fb4d46439
2026-08-04,MTCH,Match Group,CRM Manager (Azar),Business,"Seoul, South Korea",other,mid,0,0,0,,,https://jobs.lever.co/matchgroup/74295d7a-31a8-4765-afef-9784e1950386
2026-08-04,MTCH,Match Group,Data Analyst (Azar),Engineering,"Seoul, South Korea",other,mid,0,0,0,,,https://jobs.lever.co/matchgroup/3c12c050-2719-43e6-a69e-fdb971f399a7
2026-08-04,MTCH,Match Group,Digital & Social Communications Manager (Americas),Communications,"Los Angeles, California",nontech,mid,0,0,0,,,https://jobs.lever.co/matchgroup/fba1fb55-a29f-47e8-93d1-b0c60993aff5
2026-08-04,MTCH,Match Group,"Director of AI, Dating Outcomes",Engineering,"New York, New York",other,director,1,7,0,buzz|data_ml_ops|general_medium,,https://jobs.lever.co/matchgroup/1ce78c26-349b-42f2-b193-2ff0a86861dd
2026-08-04,MTCH,Match Group,"Director of UX Research, Dating Outcomes & Platform",Product,"New York, New York",other,director,0,2,0,buzz,,https://jobs.lever.co/matchgroup/9a8d4a8f-2880-4399-899b-5c1a20f1f9a4
2026-08-04,MTCH,Match Group,"Director, Brand, Communications & Partnerships",Marketing,Tokyo,nontech,director,0,0,0,,,https://jobs.lever.co/matchgroup/11cfd1b2-b47e-49a5-a349-93e14463ac18
2026-08-04,MTCH,Match Group,"Director, Equity Accounting",Finance,"Dallas, Texas",nontech,director,0,0,0,,,https://jobs.lever.co/matchgroup/8ce0fec6-bbaf-4cb6-bd34-0a4424e9c1ab
2026-08-04,MTCH,Match Group,"Director, Global Safety Regulatory Compliance",Trust and Safety,"Dublin, Ireland",other,director,0,0,0,,,https://jobs.lever.co/matchgroup/9b60866a-bc48-467a-8531-1a7717296ef5
2026-08-04,MTCH,Match Group,"Director, West Coast Sales",Ad Sales,"Los Angeles, California",nontech,director,0,0,0,,,https://jobs.lever.co/matchgroup/406499f8-1b35-48e6-87fa-353764909ca3
2026-08-04,MTCH,Match Group,"Founding Full Stack Engineer, AI Incubation",Engineering,"Los Angeles, California",product_eng,mid,1,4,0,buzz|general_medium,,https://jobs.lever.co/matchgroup/e9ebbab0-2428-4651-828e-8c3af0dec1bf
2026-08-04,MTCH,Match Group,"Full-stack Engineer, Trust & Safety","Development, Technology",Tokyo,product_eng,mid,0,0,0,,,https://jobs.lever.co/matchgroup/8edbdf5c-b22f-4449-9c68-08c86ed6dcdf
2026-08-04,MTCH,Match Group,Head of Product & Tech Operations,Operations,"New York, New York",nontech,exec,0,1,0,buzz,,https://jobs.lever.co/matchgroup/de5a1789-e8c1-4f45-814a-6d1d110d5fb3
2026-08-04,MTCH,Match Group,Knowledge Management Program Lead,Trust & Safety,"New York, New York",other,senior,0,1,0,buzz,,https://jobs.lever.co/matchgroup/2900bc00-e1f0-4611-a818-458cd7ba721a
2026-08-04,MTCH,Match Group,Lead Product Manager,Product Design,"Dallas, Texas",product_eng,senior,0,0,0,,,https://jobs.lever.co/matchgroup/9786dd19-a0b3-4f0a-8efb-98f1537e7e1e
2026-08-04,MTCH,Match Group,"Lead Researcher, Cultural & Consumer Insights",Marketing,"New York, New York",research,senior,0,3,1,application,,https://jobs.lever.co/matchgroup/66555915-0671-4679-82a0-aaddc8cb6585
2026-08-04,MTCH,Match Group,Lead Talent Acquisition Partner,People,"New York, New York",other,senior,0,1,0,buzz,,https://jobs.lever.co/matchgroup/7b7f0cd2-062d-48cb-a3a3-86e1bde6ae2d
2026-08-04,MTCH,Match Group,"Lead UX Researcher, Growth",Product,"New York, New York",research,senior,0,0,0,,,https://jobs.lever.co/matchgroup/302d967b-3cb3-47c2-9208-6d4e69a1b5b2
2026-08-04,MTCH,Match Group,Machine Learning Engineer II,Engineering,"Palo Alto, California",product_eng,mid,1,29,1,application|buzz|data_ml_ops|general_medium|model_infra,,https://jobs.lever.co/matchgroup/613fab0e-1e84-4604-9fae-08785c3a792e
2026-08-04,MTCH,Match Group,Machine Learning Software Engineer (Match Group AI),Core,"Seoul, South Korea",product_eng,mid,1,17,1,application|buzz|data_ml_ops|model_infra,,https://jobs.lever.co/matchgroup/cb6122d7-9b0b-4e26-9f58-d6706f5cae66
2026-08-04,MTCH,Match Group,"Manager, Strategy",Strategy,"Dallas, Texas",other,mid,0,0,0,,,https://jobs.lever.co/matchgroup/fd38ac08-e085-4b7b-98bd-1f6a38484fb6
2026-08-04,MTCH,Match Group,"Mobile Engineering Manager, Trust & Safety",Engineering,"New York, New York",product_eng,mid,0,1,0,buzz,,https://jobs.lever.co/matchgroup/a7597ed4-44de-463f-9eb8-637b155fa866
2026-08-04,MTCH,Match Group,Operations Engineer - Data Center (SysOps),Engineering,"Dallas, Texas",product_eng,mid,0,1,0,buzz,,https://jobs.lever.co/matchgroup/f5172470-df74-4291-94b1-8da411c0ec66
2026-08-04,MTCH,Match Group,Principal AI Learning & Enablement Partner,People,"Los Angeles, California",nontech,staff_principal,1,4,1,application|buzz,,https://jobs.lever.co/matchgroup/66815647-0c52-4780-9772-3ff00d5e06cb
2026-08-04,MTCH,Match Group,"Principal, Applied AI Enablement, Legal",Legal,"West Hollywood, California",nontech,staff_principal,1,14,1,application|buzz|model_infra,,https://jobs.lever.co/matchgroup/2cd2616d-a5b9-4514-961e-da95fb60112a
2026-08-04,MTCH,Match Group,Privacy Analyst,Legal,"New York, New York",other,mid,0,1,0,buzz,,https://jobs.lever.co/matchgroup/93d72b39-cb72-4885-94ad-162302b47d8f
2026-08-04,MTCH,Match Group,Product Back-end Engineer,"Development, Technology",Tokyo,product_eng,mid,0,0,0,,,https://jobs.lever.co/matchgroup/4f3e70ea-d843-4666-844a-c0ba07f2033f
2026-08-04,MTCH,Match Group,"Product Designer, International Growth (Tinder Seoul)",Product Design,"Seoul, South Korea",product_eng,intern,0,1,0,buzz,,https://jobs.lever.co/matchgroup/a1090777-a58d-4622-aa5f-b35f2f61b5f0
2026-08-04,MTCH,Match Group,Product Manager (Azar),Business,"Seoul, South Korea",product_eng,mid,0,1,0,buzz,,https://jobs.lever.co/matchgroup/a28b58c9-f90f-43ef-b5b2-46cf0b88ecd1
2026-08-04,MTCH,Match Group,Product Manager (Match Group AI),Core,"Seoul, South Korea",product_eng,mid,1,4,1,application|buzz,,https://jobs.lever.co/matchgroup/be908eda-1ae9-4563-9252-fe9b35df61d4
2026-08-04,MTCH,Match Group,Product Manager（プロダクトマネージャー）,Product,Tokyo,product_eng,mid,0,0,0,,,https://jobs.lever.co/matchgroup/dc1c554b-58ab-425d-880d-4d304ee20fc8
2026-08-04,MTCH,Match Group,"Product Marketing Lead, Growth",Marketing,"New York, New York",nontech,senior,0,4,1,application|buzz,,https://jobs.lever.co/matchgroup/fb436862-c9d3-4eb0-ad89-b70cad8a7480
2026-08-04,MTCH,Match Group,"Quality Assurance Analyst, Global Operations (18 Month Temp)",Trust and Safety,"Vancouver, British Columbia",nontech,mid,0,0,0,,,https://jobs.lever.co/matchgroup/fba8cbfe-cbdb-4e66-b94a-57bcb0025e22
2026-08-04,MTCH,Match Group,Quality Engineering Lead,"Development, Technology",Tokyo,product_eng,senior,0,0,0,,,https://jobs.lever.co/matchgroup/a7ed5a7e-d47a-4c87-80e7-0bfd7a446a59
2026-08-04,MTCH,Match Group,Senior Backend Engineer,Engineering,"New York, New York",product_eng,senior,0,0,0,,,https://jobs.lever.co/matchgroup/eee3f501-72ed-4d28-a25b-8a18288a60d6
2026-08-04,MTCH,Match Group,"Senior Backend Engineering Manager, Recommendations",Engineering,"New York, New York",product_eng,senior,0,15,1,buzz|data_ml_ops|general_medium|model_infra,,https://jobs.lever.co/matchgroup/553d4da2-ff94-4306-b985-2ea09bf48dca
2026-08-04,MTCH,Match Group,Senior Data & Analytics Engineer,Engineering,"Seoul, South Korea",product_eng,senior,0,3,0,buzz|data_ml_ops,,https://jobs.lever.co/matchgroup/e413396c-265b-4856-a83a-e217b4072af5
2026-08-04,MTCH,Match Group,Senior Data Platform Engineer,Engineering,"New York, New York",product_eng,senior,0,2,0,buzz,,https://jobs.lever.co/matchgroup/b70c8cbd-79d2-4dcf-a1a6-4a56bc47dfc8
2026-08-04,MTCH,Match Group,"Senior Engineering Manager, Enablement",Engineering,"New York, New York",product_eng,senior,0,4,1,application|buzz,,https://jobs.lever.co/matchgroup/2695c869-f0d4-4d61-8522-716338cf9508
2026-08-04,MTCH,Match Group,"Senior Global Escalations Specialist, Member Experience (Singapore)",Community,Singapore,other,senior,0,0,0,,,https://jobs.lever.co/matchgroup/43a95371-d8d9-4dfe-a04b-7249adceee35
2026-08-04,MTCH,Match Group,Senior iOS Engineer,Engineering,"New York, New York",product_eng,senior,0,0,0,,,https://jobs.lever.co/matchgroup/81717593-d79d-4287-b5d6-6ad43a48bc4f
2026-08-04,MTCH,Match Group,Senior Machine Learning Engineer,Engineering,"Vancouver, British Columbia",product_eng,senior,1,25,1,application|buzz|data_ml_ops|general_medium|model_infra,,https://jobs.lever.co/matchgroup/4791b212-d02c-4814-ba9a-afa03d07d6a3
2026-08-04,MTCH,Match Group,Senior Machine Learning Engineer (Match Group AI),Core,"Seoul, South Korea",product_eng,senior,1,18,1,application|buzz|general_medium|model_infra,,https://jobs.lever.co/matchgroup/4eca7f77-c7f3-4225-bf81-6c409c25f66f
2026-08-04,MTCH,Match Group,Senior Machine Learning Platform Engineer,Engineering,"New York, New York",product_eng,senior,1,11,1,application|buzz|data_ml_ops,,https://jobs.lever.co/matchgroup/f6d1cdb5-efcd-4c13-bd51-570568138794
2026-08-04,MTCH,Match Group,"Senior Manager, Consumer Communications IMEA",Marketing & PR,"Gurgaon, India",nontech,senior,0,0,0,,,https://jobs.lever.co/matchgroup/f11bd452-cf32-4914-960d-26413890d2d3
2026-08-04,MTCH,Match Group,Senior Product Manager,Product,"Tokyo, Japan",product_eng,senior,0,0,0,,,https://jobs.lever.co/matchgroup/4b304f3c-a2fd-426c-8988-727a5e16bd26
2026-08-04,MTCH,Match Group,"Senior Product Manager, Recommendations",Product,"New York, New York",product_eng,senior,0,2,0,buzz,,https://jobs.lever.co/matchgroup/1b9394b5-cfea-4d10-961a-b3b7ab01f951
2026-08-04,MTCH,Match Group,Senior Recruiter,People,"Dallas, Texas",nontech,senior,0,1,0,buzz,,https://jobs.lever.co/matchgroup/0c028cfd-109d-4420-9663-d3663dad1f2c
2026-08-04,MTCH,Match Group,"Senior Software Engineer, Backend — Seoul Studios (Tinder Seoul)",Engineering,"Seoul, South Korea",product_eng,senior,0,1,0,buzz,,https://jobs.lever.co/matchgroup/ef27d211-c82d-4b28-acf4-b9154784a906
2026-08-04,MTCH,Match Group,Senior System Engineer (IT Support),Security,Tokyo,product_eng,senior,0,0,0,,,https://jobs.lever.co/matchgroup/c2cae6b4-2b36-4b50-81ea-e87c34c2b792
2026-08-04,MTCH,Match Group,Senior Technical Recruiter,People,"New York, New York",nontech,senior,0,1,0,buzz,,https://jobs.lever.co/matchgroup/825cc934-7cd6-4462-a9a9-99a61558ebe1
2026-08-04,MTCH,Match Group,Senior Traffic Manager,Marketing & PR,"Paris, France",other,senior,0,0,0,,,https://jobs.lever.co/matchgroup/36e10c24-6f52-4912-b633-87f7aa6fc795
2026-08-04,MTCH,Match Group,Social Content Lead,Marketing,"Los Angeles, California",other,senior,0,1,0,buzz,,https://jobs.lever.co/matchgroup/83ecb51f-033d-4c9b-8fcb-81a7052ff4dd
2026-08-04,MTCH,Match Group,Software Engineer III,Engineering,"Dallas, Texas",product_eng,mid,0,1,0,buzz,,https://jobs.lever.co/matchgroup/61b35189-63de-402d-85a3-6d6a04b1981e
2026-08-04,MTCH,Match Group,"Software Engineer, iOS",Engineering,"Los Angeles, California",product_eng,mid,0,1,0,buzz,,https://jobs.lever.co/matchgroup/61e35c3c-3156-4760-a088-4a3765e37f8e
2026-08-04,MTCH,Match Group,Sr. Director Brand Marketing - Europe,Marketing,"Paris, France",nontech,director,0,0,0,,,https://jobs.lever.co/matchgroup/5b175670-6a11-4d47-9760-1641d8988762
2026-08-04,MTCH,Match Group,"Sr. Director, Head of Consumer Communications APAC",Marketing & PR,Singapore,nontech,exec,0,0,0,,,https://jobs.lever.co/matchgroup/1eedad2c-15b0-4150-8e6d-15dccb26317d
2026-08-04,MTCH,Match Group,Sr. Integrated MarComms Manager AUS,Communications,Melbourne,other,senior,0,1,0,buzz,,https://jobs.lever.co/matchgroup/4f97f35d-9c74-42a2-92b7-fbfcaab5f122
2026-08-04,MTCH,Match Group,"Sr. Manager, Brand Marketing, E&E (Match)",Marketing & PR,"Los Angeles, California",nontech,senior,0,0,0,,,https://jobs.lever.co/matchgroup/542c9323-4516-43f7-ba58-ffe18814aff8
2026-08-04,MTCH,Match Group,"Sr. Manager, Brand Marketing, E&E (Match)",Marketing & PR,"Dallas, Texas",nontech,senior,0,0,0,,,https://jobs.lever.co/matchgroup/d2fb27c1-df00-46ff-9985-876f26d90d94
2026-08-04,MTCH,Match Group,"Sr. Manager, Talent Acquisition",People,"Dallas, Texas",other,senior,0,0,0,,,https://jobs.lever.co/matchgroup/d16b4717-632b-48ab-8854-be9f61717a54
2026-08-04,MTCH,Match Group,Sr. People Business Partner,People,"Vancouver, British Columbia",other,senior,0,0,0,,,https://jobs.lever.co/matchgroup/c574dcac-346b-4d4a-bcf9-9f7512ccc29c
2026-08-04,MTCH,Match Group,Sr. Regional Business Analyst (Tinder Asia),Finance & Analytics,Singapore,other,senior,0,0,0,,,https://jobs.lever.co/matchgroup/73e359c8-8535-4db1-a3b1-81dfc26b4a3b
2026-08-04,MTCH,Match Group,"Sr. Software Engineer, MarTech",Marketing & PR,"Palo Alto, California",product_eng,senior,0,7,1,application|buzz,,https://jobs.lever.co/matchgroup/3e5e8627-40d0-4a8e-8543-2cf60148ee16
2026-08-04,MTCH,Match Group,Sr. Talent & Culture Business Partner,People,"Dallas, Texas",other,senior,0,0,0,,,https://jobs.lever.co/matchgroup/a2f6aae9-20e4-476d-857e-763e191cb982
2026-08-04,MTCH,Match Group,"Sr. Technical Program Manager, Events (IRL)",Program Management,"Los Angeles, California",other,senior,0,2,0,buzz,,https://jobs.lever.co/matchgroup/38a680c1-07a6-438e-9448-b677b5f044e0
2026-08-04,MTCH,Match Group,"Sr. Technical Program Manager, Marketing Technology",Marketing & PR,"Los Angeles, California",nontech,senior,0,1,0,buzz,,https://jobs.lever.co/matchgroup/44f43bbf-9483-4a65-a738-5596f6770880
2026-08-04,MTCH,Match Group,"Sr. Technical Program Manager, Security Engineering",Security,"Vancouver, British Columbia",product_eng,senior,0,1,0,buzz,,https://jobs.lever.co/matchgroup/2f11c7b8-71ed-480b-9368-ca23b7c559d4
2026-08-04,MTCH,Match Group,"Sr. Technical Program Manager, Trust & Safety",Program Management,"Los Angeles, California",other,senior,0,5,1,application|buzz,,https://jobs.lever.co/matchgroup/b263e3b8-adc5-4b7c-aceb-28aae688b9d3
2026-08-04,MTCH,Match Group,Staff Recruiter,People,"Dallas, Texas",nontech,staff_principal,0,1,0,buzz,,https://jobs.lever.co/matchgroup/e809d32c-e472-453c-96bc-6c5c59bb2a6c
2026-08-04,MTCH,Match Group,"Staff Software Engineer, iOS",Engineering,"New York, New York",product_eng,staff_principal,0,1,0,buzz,,https://jobs.lever.co/matchgroup/d209b937-de44-4e0b-a678-ea0815751448
2026-08-04,MTCH,Match Group,"Staff Software Engineer, MarTech",Marketing & PR,"Palo Alto, California",product_eng,staff_principal,0,7,1,application|buzz,,https://jobs.lever.co/matchgroup/d0bd4bda-8e48-4761-b795-206bcb6e3101
2026-08-04,MTCH,Match Group,Talent and Operations Coordinator,People,"San Francisco, California",nontech,mid,0,0,0,,,https://jobs.lever.co/matchgroup/1eb4892c-e947-4505-b343-df8cdc31eb08
2026-08-04,MTCH,Match Group,"VP of Product Management, Trust & Safety, Match Group",Product,"West Hollywood, California",other,exec,0,8,1,application|buzz,,https://jobs.lever.co/matchgroup/759405d9-d142-40f6-a379-51f64366d812
2026-08-04,MTCH,Match Group,長期Internshipに直結！【9月9日(水)・9月10日(木)】Pairs 2 Days Internship Workshop,Unassigned,Tokyo,other,intern,0,0,0,,,https://jobs.lever.co/matchgroup/d74b426e-3da3-44e1-a510-76610d7a6df3
2026-08-04,HOOD,Robinhood,"Android Engineer, Government Products",ENG Infrastructure,"New York, NY",product_eng,mid,0,0,0,,162500,https://boards.greenhouse.io/robinhood/jobs/6669758?t=gh_src=&gh_jid=6669758
2026-08-04,HOOD,Robinhood,"Android Engineer, Money Experience",ENG Infrastructure,"Menlo Park, CA",product_eng,mid,0,0,0,,162500,https://boards.greenhouse.io/robinhood/jobs/7350823?t=gh_src=&gh_jid=7350823
2026-08-04,HOOD,Robinhood,"Assistant General Counsel, Canada",Wonderfi Compliance,"Toronto, Canada",nontech,mid,0,0,0,,157250,https://boards.greenhouse.io/robinhood/jobs/8093267?t=gh_src=&gh_jid=8093267
2026-08-04,HOOD,Robinhood,"Assistant General Counsel, Credit Cards",Legal,"Menlo Park, CA; New York, NY; Washington, DC",nontech,mid,0,0,0,,212500,https://boards.greenhouse.io/robinhood/jobs/7943204?t=gh_src=&gh_jid=7943204
2026-08-04,HOOD,Robinhood,"Assistant General Counsel, Employment",Legal,"Menlo Park, CA; New York, NY; Washington, DC",nontech,mid,0,0,0,,212500,https://boards.greenhouse.io/robinhood/jobs/7943216?t=gh_src=&gh_jid=7943216
2026-08-04,HOOD,Robinhood,"Assistant General Counsel, Regulatory",Legal,"Menlo Park, CA; New York, NY; Washington, DC",nontech,mid,0,0,0,,212500,https://boards.greenhouse.io/robinhood/jobs/8003458?t=gh_src=&gh_jid=8003458
2026-08-04,HOOD,Robinhood,Benchmarking & Strategy Manager,[Prospect],"New York, NY",other,mid,0,0,0,,130908,https://boards.greenhouse.io/robinhood/jobs/7976543?t=gh_src=&gh_jid=7976543
2026-08-04,HOOD,Robinhood,Cashiering Support Associate,TradePMR Operations Division,"Westlake, TX",nontech,mid,0,0,0,,,https://boards.greenhouse.io/robinhood/jobs/8060605?t=gh_src=&gh_jid=8060605
2026-08-04,HOOD,Robinhood,"Chief of Staff, Brokerage Product",Brokerage Product,"Menlo Park, CA",other,exec,0,0,0,,187500,https://boards.greenhouse.io/robinhood/jobs/7839130?t=gh_src=&gh_jid=7839130
2026-08-04,HOOD,Robinhood,Compliance Senior Specialist,Investment Strategy,"Chicago, IL; Denver, CO; Lake Mary, FL; New York, NY",other,senior,0,0,0,,112000,https://boards.greenhouse.io/robinhood/jobs/8077870?t=gh_src=&gh_jid=8077870
2026-08-04,HOOD,Robinhood,Corporate Finance Analyst,Investor Relations and Financial Planning,"Menlo Park, CA; New York, NY",nontech,mid,0,0,0,,87500,https://boards.greenhouse.io/robinhood/jobs/8090105?t=gh_src=&gh_jid=8090105
2026-08-04,HOOD,Robinhood,Crypto AML Program Manager,[INACTIVE] Crypto Compliance,"Denver, CO; Menlo Park, CA; New York, NY; Westlake, TX",other,mid,0,0,0,,166500,https://boards.greenhouse.io/robinhood/jobs/8060590?t=gh_src=&gh_jid=8060590
2026-08-04,HOOD,Robinhood,Crypto Risk Senior Specialist,Crypto Operations,"Denver, CO; Menlo Park, CA; New York, NY; Westlake, TX",other,senior,0,0,0,,133000,https://boards.greenhouse.io/robinhood/jobs/8068377?t=gh_src=&gh_jid=8068377
2026-08-04,HOOD,Robinhood,Customer Experience Associate (New Grad),Customer Care,"Westlake, TX",other,intern,0,0,0,,,https://boards.greenhouse.io/robinhood/jobs/8024530?t=gh_src=&gh_jid=8024530
2026-08-04,HOOD,Robinhood,"Customer Experience Manager, Advanced Services",Customer Care,"Westlake, TX",other,mid,0,0,0,,128925,https://boards.greenhouse.io/robinhood/jobs/7974199?t=gh_src=&gh_jid=7974199
2026-08-04,HOOD,Robinhood,"Customer Experience Representative, Active Trader",Customer Care,"Chicago, IL; Denver, CO; Westlake, TX",other,mid,0,0,0,,,https://boards.greenhouse.io/robinhood/jobs/8011599?t=gh_src=&gh_jid=8011599
2026-08-04,HOOD,Robinhood,"Customer Experience Representative, Advanced Services",Customer Care,"Chicago, IL; Denver, CO; Westlake, TX",other,mid,0,0,0,,,https://boards.greenhouse.io/robinhood/jobs/7958747?t=gh_src=&gh_jid=7958747
2026-08-04,HOOD,Robinhood,"Customer Experience Representative, Concierge",Customer Care,"Chicago, IL; Denver, CO; Westlake, TX",other,mid,0,0,0,,,https://boards.greenhouse.io/robinhood/jobs/7958748?t=gh_src=&gh_jid=7958748
2026-08-04,HOOD,Robinhood,"Customer Experience Representative, Core Services",Customer Care,"Chicago, IL; Denver, CO; Westlake, TX",other,mid,0,0,0,,,https://boards.greenhouse.io/robinhood/jobs/7958750?t=gh_src=&gh_jid=7958750
2026-08-04,HOOD,Robinhood,"Customer Experience Representative, Executive Office",Customer Care,"Chicago, IL; Denver, CO; Westlake, TX",nontech,mid,0,0,0,,,https://boards.greenhouse.io/robinhood/jobs/7982916?t=gh_src=&gh_jid=7982916
2026-08-04,HOOD,Robinhood,Customer Experience Team Lead,Customer Care,"Westlake, TX",other,senior,0,0,0,,,https://boards.greenhouse.io/robinhood/jobs/7729424?t=gh_src=&gh_jid=7729424
2026-08-04,HOOD,Robinhood,"Deal Lead, Robinhood Ventures",Robinhood Ventures,"Menlo Park, CA",other,senior,0,2,0,buzz,216500,https://boards.greenhouse.io/robinhood/jobs/7685092?t=gh_src=&gh_jid=7685092
2026-08-04,HOOD,Robinhood,Deputy CCO ,International G and A,"Vilnius, Lithuania",other,mid,0,0,0,,,https://boards.greenhouse.io/robinhood/jobs/7914059?t=gh_src=&gh_jid=7914059
2026-08-04,HOOD,Robinhood,Derivatives Risk Oversight Lead,Bitstamp G&A,"London, UK",other,senior,0,0,0,,,https://boards.greenhouse.io/robinhood/jobs/7473824?t=gh_src=&gh_jid=7473824
2026-08-04,HOOD,Robinhood,Derivatives Risk Oversight Lead,Bitstamp G&A,"Ljubljana, Slovenia",other,senior,0,0,0,,,https://boards.greenhouse.io/robinhood/jobs/7539106?t=gh_src=&gh_jid=7539106
2026-08-04,HOOD,Robinhood,Derivatives Risk Oversight Lead,Bitstamp G&A,"Luxembourg, Luxembourg",other,senior,0,0,0,,,https://boards.greenhouse.io/robinhood/jobs/7539100?t=gh_src=&gh_jid=7539100
2026-08-04,HOOD,Robinhood,Director of Accounting,Accounting,"Menlo Park, CA",nontech,director,0,1,0,buzz,208000,https://boards.greenhouse.io/robinhood/jobs/8088954?t=gh_src=&gh_jid=8088954
2026-08-04,HOOD,Robinhood,Employee Relations Business Partner,People Relations and Operations,"Chicago, IL; Westlake, TX",other,mid,0,0,0,,162000,https://boards.greenhouse.io/robinhood/jobs/8051290?t=gh_src=&gh_jid=8051290
2026-08-04,HOOD,Robinhood,Executive Sourcer,Talent Acquisition,"Bellevue, WA; Chicago, IL; Denver, CO; Menlo Park, CA; New York, NY",other,mid,0,1,0,buzz,124500,https://boards.greenhouse.io/robinhood/jobs/7977245?t=gh_src=&gh_jid=7977245
2026-08-04,HOOD,Robinhood,Finance & Strategy Senior Analyst,Finance Division,"Menlo Park, CA",nontech,senior,0,1,0,buzz,108000,https://boards.greenhouse.io/robinhood/jobs/7456663?t=gh_src=&gh_jid=7456663
2026-08-04,HOOD,Robinhood,Financial Operations Manager,Financial Operations,Singapore,nontech,mid,0,0,0,,,https://boards.greenhouse.io/robinhood/jobs/8090190?t=gh_src=&gh_jid=8090190
2026-08-04,HOOD,Robinhood,Fraud Investigations Analyst ,Customer Trust and Safety,"Denver, CO; Westlake, TX",other,mid,0,0,0,,,https://boards.greenhouse.io/robinhood/jobs/7729808?t=gh_src=&gh_jid=7729808
2026-08-04,HOOD,Robinhood,"Full Stack Software Engineer, Credit Cards & Banking",Money Engineering,"Bellevue, WA; Menlo Park, CA; New York, NY",product_eng,mid,0,0,0,,162500,https://boards.greenhouse.io/robinhood/jobs/8008723?t=gh_src=&gh_jid=8008723
2026-08-04,HOOD,Robinhood,Futures Risk Program Manager,[Prospect],"Chicago, IL",other,mid,0,0,0,,156816,https://boards.greenhouse.io/robinhood/jobs/7975474?t=gh_src=&gh_jid=7975474
2026-08-04,HOOD,Robinhood,"iOS Engineer, Government Products",ENG Infrastructure,"New York, NY",product_eng,mid,0,0,0,,162500,https://boards.greenhouse.io/robinhood/jobs/6674980?t=gh_src=&gh_jid=6674980
2026-08-04,HOOD,Robinhood,"iOS Engineer, Money Experience",ENG Infrastructure,"Menlo Park, CA",product_eng,mid,0,0,0,,162500,https://boards.greenhouse.io/robinhood/jobs/7794027?t=gh_src=&gh_jid=7794027
2026-08-04,HOOD,Robinhood,Knowledge Management Strategy Lead,Customer Care,"Denver, CO; Westlake, TX",other,senior,0,1,0,buzz,112000,https://boards.greenhouse.io/robinhood/jobs/8052609?t=gh_src=&gh_jid=8052609
2026-08-04,HOOD,Robinhood,"Lead Compliance Analyst, Money",Money Compliance,"Menlo Park, CA; New York, NY; Washington, DC",other,senior,0,0,0,,112000,https://boards.greenhouse.io/robinhood/jobs/8054481?t=gh_src=&gh_jid=8054481
2026-08-04,HOOD,Robinhood,Machine Learning Engineer,[Prospect],"Bellevue, WA",product_eng,mid,1,21,1,buzz|general_medium|model_infra,180569,https://boards.greenhouse.io/robinhood/jobs/7960680?t=gh_src=&gh_jid=7960680
2026-08-04,HOOD,Robinhood,"Manager of Response, Automation, Intelligence & Detection Engineering",Security Division,"Denver, CO; Menlo Park, CA",product_eng,mid,0,1,0,buzz,212000,https://boards.greenhouse.io/robinhood/jobs/8055526?t=gh_src=&gh_jid=8055526
2026-08-04,HOOD,Robinhood,Marketing & Communications Compliance Senior Specialist,Compliance - RHM,"Denver, CO; Menlo Park, CA; New York, NY; Washington, DC",nontech,senior,0,1,0,buzz,112000,https://boards.greenhouse.io/robinhood/jobs/8072899?t=gh_src=&gh_jid=8072899
2026-08-04,HOOD,Robinhood,"Product Designer, Redesign",Brokerage Design,"Menlo Park, CA; New York, NY",product_eng,mid,0,1,0,buzz,187500,https://boards.greenhouse.io/robinhood/jobs/6494244?t=gh_src=&gh_jid=6494244
2026-08-04,HOOD,Robinhood,"Product Marketing Manager, International",International G and A,"Luxembourg, Luxembourg",nontech,intern,0,0,0,,,https://boards.greenhouse.io/robinhood/jobs/8074011?t=gh_src=&gh_jid=8074011
2026-08-04,HOOD,Robinhood,"Product Marketing Manager, International",International G and A,"London, UK",nontech,intern,0,0,0,,,https://boards.greenhouse.io/robinhood/jobs/8067556?t=gh_src=&gh_jid=8067556
2026-08-04,HOOD,Robinhood,"Product Marketing Manager, International",International G and A,"Ljubljana, Slovenia",nontech,intern,0,0,0,,,https://boards.greenhouse.io/robinhood/jobs/8074057?t=gh_src=&gh_jid=8074057
2026-08-04,HOOD,Robinhood,"Product Operations Manager, Crypto",Crypto Operations,"New York, NY",nontech,mid,0,1,0,buzz,100000,https://boards.greenhouse.io/robinhood/jobs/8089302?t=gh_src=&gh_jid=8089302
2026-08-04,HOOD,Robinhood,"Quality Engineer, iOS/Android",ENG Technical Assurance,"Toronto, Canada",product_eng,mid,0,5,1,application|buzz,87875,https://boards.greenhouse.io/robinhood/jobs/7739588?t=gh_src=&gh_jid=7739588
2026-08-04,HOOD,Robinhood,Risk and Compliance Lead,International G and A,"London, UK",other,senior,0,0,0,,,https://boards.greenhouse.io/robinhood/jobs/7979707?t=gh_src=&gh_jid=7979707
2026-08-04,HOOD,Robinhood,Salesforce Applications Engineer,Enterprise Technology Division,"Menlo Park, CA",product_eng,mid,0,1,0,buzz,129000,https://boards.greenhouse.io/robinhood/jobs/8044173?t=gh_src=&gh_jid=8044173
2026-08-04,HOOD,Robinhood,"Security Engineer, Application Security",Security Division,"Bellevue, WA; Menlo Park, CA",product_eng,mid,0,1,0,buzz,153500,https://boards.greenhouse.io/robinhood/jobs/7918258?t=gh_src=&gh_jid=7918258
2026-08-04,HOOD,Robinhood,"Senior Android Engineer, Crypto Expansion",Brokerage Engineering,"Menlo Park, CA; New York, NY",product_eng,senior,0,0,0,,191500,https://boards.greenhouse.io/robinhood/jobs/8100160?t=gh_src=&gh_jid=8100160
2026-08-04,HOOD,Robinhood,"Senior Android Engineer, iRAD",Brokerage Engineering,"Menlo Park, CA; New York, NY",product_eng,senior,0,0,0,,191500,https://boards.greenhouse.io/robinhood/jobs/8049885?t=gh_src=&gh_jid=8049885
2026-08-04,HOOD,Robinhood,"Senior Android Engineer, Trading Products",Brokerage Engineering,"Menlo Park, CA",product_eng,senior,0,0,0,,191500,https://boards.greenhouse.io/robinhood/jobs/8049809?t=gh_src=&gh_jid=8049809
2026-08-04,HOOD,Robinhood,"Senior Applications Engineer, Corporate Systems",Enterprise Technology Division,"Menlo Park, CA",product_eng,senior,0,1,0,buzz,157900,https://boards.greenhouse.io/robinhood/jobs/7901507?t=gh_src=&gh_jid=7901507
2026-08-04,HOOD,Robinhood,Senior Business Recruiter,Talent Acquisition,"Chicago, IL; Menlo Park, CA; New York, NY",nontech,senior,0,1,0,buzz,124500,https://boards.greenhouse.io/robinhood/jobs/7834459?t=gh_src=&gh_jid=7834459
2026-08-04,HOOD,Robinhood,"Senior Business Recruiter, High Volume",Talent Acquisition,"Chicago, IL; Menlo Park, CA; New York, NY; Westlake, TX",nontech,senior,0,1,0,buzz,124500,https://boards.greenhouse.io/robinhood/jobs/7707958?t=gh_src=&gh_jid=7707958
2026-08-04,HOOD,Robinhood,Senior Cloud Engineer,Bitstamp - Engineering Division,"London, UK",product_eng,senior,0,0,0,,,https://boards.greenhouse.io/robinhood/jobs/8035713?t=gh_src=&gh_jid=8035713
2026-08-04,HOOD,Robinhood,Senior Cloud Security Engineer,Security Division,"Bellevue, WA",product_eng,senior,0,0,0,,183000,https://boards.greenhouse.io/robinhood/jobs/7178427?t=gh_src=&gh_jid=7178427
2026-08-04,HOOD,Robinhood,Senior Compensation Analyst,Total Rewards,"Chicago, IL; Menlo Park, CA; New York, NY",other,senior,0,1,0,buzz,133000,https://boards.greenhouse.io/robinhood/jobs/8060703?t=gh_src=&gh_jid=8060703
2026-08-04,HOOD,Robinhood,Senior Director of Income Tax,Tax,"Menlo Park, CA",other,director,0,3,1,application,249500,https://boards.greenhouse.io/robinhood/jobs/8039695?t=gh_src=&gh_jid=8039695
2026-08-04,HOOD,Robinhood,Senior Engineering Manager,Brokerage Engineering,"New York, NY",product_eng,senior,0,0,0,,287000,https://boards.greenhouse.io/robinhood/jobs/7804654?t=gh_src=&gh_jid=7804654
2026-08-04,HOOD,Robinhood,"Senior Growth Engagement Manager, International",International Marketing,"London, UK",other,intern,0,0,0,,,https://boards.greenhouse.io/robinhood/jobs/8080179?t=gh_src=&gh_jid=8080179
2026-08-04,HOOD,Robinhood,"Senior Growth Engagement Manager, International",International Marketing,"Ljubljana, Slovenia",other,intern,0,0,0,,,https://boards.greenhouse.io/robinhood/jobs/8080181?t=gh_src=&gh_jid=8080181
2026-08-04,HOOD,Robinhood,"Senior Growth Engagement Manager, International",International Marketing,"Luxembourg, Luxembourg",other,intern,0,0,0,,,https://boards.greenhouse.io/robinhood/jobs/8080182?t=gh_src=&gh_jid=8080182
2026-08-04,HOOD,Robinhood,"Senior iOS Engineer, Crypto Trading",ENG Infrastructure,"New York, NY",product_eng,senior,0,0,0,,191500,https://boards.greenhouse.io/robinhood/jobs/8027506?t=gh_src=&gh_jid=8027506
2026-08-04,HOOD,Robinhood,"Senior Manager, Capital Markets",[Prospect],"Bellevue, WA",other,senior,0,0,0,,240218,https://boards.greenhouse.io/robinhood/jobs/7960708?t=gh_src=&gh_jid=7960708
2026-08-04,HOOD,Robinhood,Senior Network Reliability Engineer,[Prospect],"Bellevue, WA",product_eng,senior,0,0,0,,166993,https://boards.greenhouse.io/robinhood/jobs/7976534?t=gh_src=&gh_jid=7976534
2026-08-04,HOOD,Robinhood,"Senior Partnerships Manager, Crypto",Crypto Division,"New York, NY",other,senior,0,0,0,,174500,https://boards.greenhouse.io/robinhood/jobs/7816451?t=gh_src=&gh_jid=7816451
2026-08-04,HOOD,Robinhood,"Senior PM, International Trading",Crypto Product Management,"Menlo Park, CA; New York, NY",product_eng,intern,0,0,0,,179000,https://boards.greenhouse.io/robinhood/jobs/8060600?t=gh_src=&gh_jid=8060600
2026-08-04,HOOD,Robinhood,Senior Product Designer,Growth Design Division,"Menlo Park, CA; New York, NY",product_eng,senior,0,4,1,application|buzz,162000,https://boards.greenhouse.io/robinhood/jobs/7490017?t=gh_src=&gh_jid=7490017
2026-08-04,HOOD,Robinhood,Senior Product Designer,[Prospect],"Menlo Park, CA",product_eng,senior,0,0,0,,190882,https://boards.greenhouse.io/robinhood/jobs/7960697?t=gh_src=&gh_jid=7960697
2026-08-04,HOOD,Robinhood,"Senior Product Manager, Crypto Wallet",Crypto Product Management,"Menlo Park, CA; New York, NY",product_eng,senior,0,2,0,buzz,162000,https://boards.greenhouse.io/robinhood/jobs/8082718?t=gh_src=&gh_jid=8082718
2026-08-04,HOOD,Robinhood,"Senior Product Manager, Money Movement",Customer Trust and Safety,"Menlo Park, CA",product_eng,senior,0,0,0,,162000,https://boards.greenhouse.io/robinhood/jobs/7747728?t=gh_src=&gh_jid=7747728
2026-08-04,HOOD,Robinhood,"Senior Software Developer, Developer Experience (DevX)",ENG Infrastructure,"Toronto, Canada",product_eng,senior,0,2,0,buzz,180500,https://boards.greenhouse.io/robinhood/jobs/8083818?t=gh_src=&gh_jid=8083818
2026-08-04,HOOD,Robinhood,"Senior Software Developer, Kubernetes Compute",ENG Infrastructure,"Toronto, Canada",product_eng,senior,0,2,0,buzz,180500,https://boards.greenhouse.io/robinhood/jobs/7871254?t=gh_src=&gh_jid=7871254
2026-08-04,HOOD,Robinhood,Senior Software Engineer,[Prospect],"Menlo Park, CA",product_eng,senior,0,14,1,buzz|data_ml_ops|general_medium|model_infra,229256,https://boards.greenhouse.io/robinhood/jobs/7975563?t=gh_src=&gh_jid=7975563
2026-08-04,HOOD,Robinhood,Senior Software Engineer,[Prospect],"Menlo Park, CA",product_eng,senior,0,0,0,,221756,https://boards.greenhouse.io/robinhood/jobs/7975544?t=gh_src=&gh_jid=7975544
2026-08-04,HOOD,Robinhood,"Senior Software Engineer, Cloud Integration",Bitstamp - Engineering Division,"Ljubljana, Slovenia",product_eng,senior,0,1,0,buzz,,https://boards.greenhouse.io/robinhood/jobs/7648454?t=gh_src=&gh_jid=7648454
2026-08-04,HOOD,Robinhood,"Senior Software Engineer, Cloud Networking",ENG Infrastructure,"Bellevue, WA",product_eng,senior,0,0,0,,213000,https://boards.greenhouse.io/robinhood/jobs/8080244?t=gh_src=&gh_jid=8080244
2026-08-04,HOOD,Robinhood,"Senior Software Engineer, Data Engineering",ENG Data Science,"Menlo Park, CA",product_eng,senior,0,1,0,buzz,191500,https://boards.greenhouse.io/robinhood/jobs/4738660?t=gh_src=&gh_jid=4738660
2026-08-04,HOOD,Robinhood,"Senior Software Engineer, Data Lake",ENG Infrastructure,"Bellevue, WA",product_eng,senior,0,0,0,,191500,https://boards.greenhouse.io/robinhood/jobs/8100213?t=gh_src=&gh_jid=8100213
2026-08-04,HOOD,Robinhood,"Senior Software Engineer, Kubernetes Compute",ENG Infrastructure,"Bellevue, WA",product_eng,senior,0,0,0,,191500,https://boards.greenhouse.io/robinhood/jobs/8036588?t=gh_src=&gh_jid=8036588
2026-08-04,HOOD,Robinhood,Senior Software Engineer - Robinhood Command Center,ENG Technical Assurance,"Menlo Park, CA",product_eng,senior,0,0,0,,213000,https://boards.greenhouse.io/robinhood/jobs/7838644?t=gh_src=&gh_jid=7838644
2026-08-04,HOOD,Robinhood,"Senior Software Engineer, Robinhood Command Center",ENG Technical Assurance,"New York, NY",product_eng,senior,0,0,0,,213000,https://boards.greenhouse.io/robinhood/jobs/7993511?t=gh_src=&gh_jid=7993511
2026-08-04,HOOD,Robinhood,"Senior Software Engineer, Security Platform",Security Division,"Bellevue, WA",product_eng,senior,0,1,0,buzz,191500,https://boards.greenhouse.io/robinhood/jobs/7899482?t=gh_src=&gh_jid=7899482
2026-08-04,HOOD,Robinhood,"Senior Software Engineer, Streaming Platform",ENG Infrastructure,"Bellevue, WA",product_eng,senior,0,0,0,,191500,https://boards.greenhouse.io/robinhood/jobs/8083811?t=gh_src=&gh_jid=8083811
2026-08-04,HOOD,Robinhood,"Senior Staff Software Engineer, Data Platform",ENG Infrastructure,"Bellevue, WA",product_eng,staff_principal,0,0,0,,287000,https://boards.greenhouse.io/robinhood/jobs/7729014?t=gh_src=&gh_jid=7729014
2026-08-04,HOOD,Robinhood,Senior Tax Operations Analyst,Tax,"Menlo Park, CA; New York, NY",nontech,senior,0,1,0,buzz,112000,https://boards.greenhouse.io/robinhood/jobs/8048650?t=gh_src=&gh_jid=8048650
2026-08-04,HOOD,Robinhood,Senior Treasury Analyst,Treasury,"Chicago, IL; Menlo Park, CA; New York, NY",other,senior,0,1,0,buzz,100000,https://boards.greenhouse.io/robinhood/jobs/8072892?t=gh_src=&gh_jid=8072892
2026-08-04,HOOD,Robinhood,Senior Underwriting Associate,Brokerage Operations - RHF,"Chicago, IL; Denver, CO; Lake Mary, FL; New York, NY",other,senior,0,0,0,,145500,https://boards.greenhouse.io/robinhood/jobs/7979657?t=gh_src=&gh_jid=7979657
2026-08-04,HOOD,Robinhood,"Software Developer, Kubernetes Compute",ENG Infrastructure,"Toronto, Canada",product_eng,mid,0,2,0,buzz,148000,https://boards.greenhouse.io/robinhood/jobs/7770009?t=gh_src=&gh_jid=7770009
2026-08-04,HOOD,Robinhood,"Software Developer, Ops Platform and Fraud Investigations",ENG Platforms,"Toronto, Canada",product_eng,mid,0,8,1,application|buzz|general_medium,148000,https://boards.greenhouse.io/robinhood/jobs/7737164?t=gh_src=&gh_jid=7737164
2026-08-04,HOOD,Robinhood,Software Engineer,[Prospect],"Menlo Park, CA",product_eng,mid,0,0,0,,178318,https://boards.greenhouse.io/robinhood/jobs/7975507?t=gh_src=&gh_jid=7975507
2026-08-04,HOOD,Robinhood,Software Engineer,[Prospect],"Menlo Park, CA",product_eng,mid,0,14,1,buzz|data_ml_ops|general_medium|model_infra,180818,https://boards.greenhouse.io/robinhood/jobs/7975557?t=gh_src=&gh_jid=7975557
2026-08-04,HOOD,Robinhood,Software Engineer,[Prospect],"Menlo Park, CA",product_eng,mid,0,0,0,,134138,https://boards.greenhouse.io/robinhood/jobs/7975550?t=gh_src=&gh_jid=7975550
2026-08-04,HOOD,Robinhood,Software Engineer,[Prospect],"Menlo Park, CA",product_eng,mid,0,0,0,,169818,https://boards.greenhouse.io/robinhood/jobs/7975549?t=gh_src=&gh_jid=7975549
2026-08-04,HOOD,Robinhood,Software Engineer,[Prospect],"Menlo Park, CA",product_eng,mid,0,0,0,,178318,https://boards.greenhouse.io/robinhood/jobs/7975531?t=gh_src=&gh_jid=7975531
2026-08-04,HOOD,Robinhood,Software Engineer,[Prospect],"Menlo Park, CA",product_eng,mid,0,0,0,,178318,https://boards.greenhouse.io/robinhood/jobs/7975530?t=gh_src=&gh_jid=7975530
2026-08-04,HOOD,Robinhood,Software Engineer,[Prospect],"Menlo Park, CA",product_eng,mid,0,0,0,,142850,https://boards.greenhouse.io/robinhood/jobs/7975529?t=gh_src=&gh_jid=7975529
2026-08-04,HOOD,Robinhood,Software Engineer,[Prospect],"Menlo Park, CA",product_eng,mid,0,0,0,,178318,https://boards.greenhouse.io/robinhood/jobs/7975526?t=gh_src=&gh_jid=7975526
2026-08-04,HOOD,Robinhood,Software Engineer,[Prospect],"Menlo Park, CA",product_eng,mid,0,14,1,buzz|data_ml_ops|general_medium|model_infra,180818,https://boards.greenhouse.io/robinhood/jobs/7975558?t=gh_src=&gh_jid=7975558
2026-08-04,HOOD,Robinhood,"Software Engineer, Backend",Brokerage Engineering,"Menlo Park, CA; New York, NY",product_eng,mid,0,0,0,,162500,https://boards.greenhouse.io/robinhood/jobs/7263592?t=gh_src=&gh_jid=7263592
2026-08-04,HOOD,Robinhood,"Staff Data Scientist,  ML (Credit Risk)",Money Underwriting,"Menlo Park, CA; New York, NY; Washington, DC",product_eng,staff_principal,1,1,0,buzz,212500,https://boards.greenhouse.io/robinhood/jobs/7997218?t=gh_src=&gh_jid=7997218
2026-08-04,HOOD,Robinhood,"Staff Data Scientist, ML (People Analytics & Insights)",ENG Data Science,"Chicago, IL; Menlo Park, CA; New York, NY",product_eng,staff_principal,1,1,0,buzz,212500,https://boards.greenhouse.io/robinhood/jobs/8072766?t=gh_src=&gh_jid=8072766
2026-08-04,HOOD,Robinhood,"Staff Machine Learning Engineer, AI R&D",ENG Data and AI Platform Division,"Bellevue, WA; Menlo Park, CA",product_eng,staff_principal,1,19,1,application|buzz|data_ml_ops|general_medium|model_infra,,https://boards.greenhouse.io/robinhood/jobs/8082579?t=gh_src=&gh_jid=8082579
2026-08-04,HOOD,Robinhood,Staff Offensive Security Engineer,Security Division,"Bellevue, WA; Menlo Park, CA; New York, NY",product_eng,staff_principal,0,0,0,,212000,https://boards.greenhouse.io/robinhood/jobs/7460167?t=gh_src=&gh_jid=7460167
2026-08-04,HOOD,Robinhood,Staff Offensive Security Engineer,Security Division,"Toronto, Canada",product_eng,staff_principal,0,2,0,buzz,208125,https://boards.greenhouse.io/robinhood/jobs/7460169?t=gh_src=&gh_jid=7460169
2026-08-04,HOOD,Robinhood,Staff Performance Marketing Manager,Growth Acquisitions,"Menlo Park, CA; New York, NY",nontech,staff_principal,0,7,1,application|buzz,187500,https://boards.greenhouse.io/robinhood/jobs/8099735?t=gh_src=&gh_jid=8099735
2026-08-04,HOOD,Robinhood,"Staff PM, International Growth & Expansion",Crypto Product Management,"Menlo Park, CA; New York, NY",product_eng,intern,0,0,0,,212500,https://boards.greenhouse.io/robinhood/jobs/8060585?t=gh_src=&gh_jid=8060585
2026-08-04,HOOD,Robinhood,"Staff Product Designer, National Impact",Brokerage Design,"Menlo Park, CA; New York, NY",product_eng,staff_principal,0,0,0,,187500,https://boards.greenhouse.io/robinhood/jobs/7804648?t=gh_src=&gh_jid=7804648
2026-08-04,HOOD,Robinhood,"Staff Product Designer, Prediction Markets",Brokerage Design,"Menlo Park, CA; New York, NY",product_eng,staff_principal,0,1,0,buzz,187500,https://boards.greenhouse.io/robinhood/jobs/7490012?t=gh_src=&gh_jid=7490012
2026-08-04,HOOD,Robinhood,"Staff Product Manager, Banking",Money Product Division,"Bellevue, WA; Chicago, IL; Denver, CO; Menlo Park, CA; New York, NY; Washington, DC; Westlake, TX",product_eng,staff_principal,0,0,0,,187500,https://boards.greenhouse.io/robinhood/jobs/7587151?t=gh_src=&gh_jid=7587151
2026-08-04,HOOD,Robinhood,"Staff Product Manager, Government Products",Brokerage Product,"New York, NY",product_eng,staff_principal,0,1,0,buzz,187500,https://boards.greenhouse.io/robinhood/jobs/7968044?t=gh_src=&gh_jid=7968044
2026-08-04,HOOD,Robinhood,"Staff Product Manager, Platform Operations",Customer Trust and Safety,"Menlo Park, CA; New York, NY",product_eng,staff_principal,0,1,0,buzz,187500,https://boards.greenhouse.io/robinhood/jobs/8079744?t=gh_src=&gh_jid=8079744
2026-08-04,HOOD,Robinhood,Staff Quality Engineer  ,ENG Technical Assurance,"Menlo Park, CA",product_eng,staff_principal,0,5,1,application|buzz,174500,https://boards.greenhouse.io/robinhood/jobs/8082056?t=gh_src=&gh_jid=8082056
2026-08-04,HOOD,Robinhood,"Staff Security Engineer, Detection & Response",Security Division,"Bellevue, WA; Menlo Park, CA",product_eng,staff_principal,0,7,1,application|buzz,212000,https://boards.greenhouse.io/robinhood/jobs/7939818?t=gh_src=&gh_jid=7939818
2026-08-04,HOOD,Robinhood,"Staff Software Developer, DevX (Developer Infrastructure)",ENG Infrastructure,"Toronto, Canada",product_eng,staff_principal,0,2,0,buzz,217500,https://boards.greenhouse.io/robinhood/jobs/8080939?t=gh_src=&gh_jid=8080939
2026-08-04,HOOD,Robinhood,"Staff Software Engineer, Capacity and Efficiency Engineering",ENG Infrastructure,"Bellevue, WA",product_eng,staff_principal,0,3,0,buzz|data_ml_ops,225000,https://boards.greenhouse.io/robinhood/jobs/8097334?t=gh_src=&gh_jid=8097334
2026-08-04,HOOD,Robinhood,"Staff Software Engineer, DevX (Developer Infrastructure)",ENG Infrastructure,"New York, NY",product_eng,staff_principal,0,0,0,,225000,https://boards.greenhouse.io/robinhood/jobs/8080937?t=gh_src=&gh_jid=8080937
2026-08-04,HOOD,Robinhood,"Staff Software Engineer, Observability ",ENG Infrastructure,"Menlo Park, CA",product_eng,staff_principal,0,1,0,buzz,,https://boards.greenhouse.io/robinhood/jobs/7489707?t=gh_src=&gh_jid=7489707
2026-08-04,HOOD,Robinhood,"Staff Software Engineer, Security",Security Division,"Bellevue, WA",product_eng,staff_principal,0,2,0,buzz,225000,https://boards.greenhouse.io/robinhood/jobs/7819461?t=gh_src=&gh_jid=7819461
2026-08-04,HOOD,Robinhood,"Staff Software Engineer, Storage Platform",ENG Infrastructure,"Bellevue, WA",product_eng,staff_principal,0,0,0,,225000,https://boards.greenhouse.io/robinhood/jobs/8044227?t=gh_src=&gh_jid=8044227
2026-08-04,HOOD,Robinhood,"Staff Software Engineer, Trade PMR",TradePMR Engineering Division,"Menlo Park, CA; New York, NY",product_eng,staff_principal,0,0,0,,225000,https://boards.greenhouse.io/robinhood/jobs/7684760?t=gh_src=&gh_jid=7684760
2026-08-04,HOOD,Robinhood,"Staff Software Engineer, Web3",Crypto Engineering,"Toronto, Canada",product_eng,staff_principal,0,2,0,buzz,217500,https://boards.greenhouse.io/robinhood/jobs/7489952?t=gh_src=&gh_jid=7489952
2026-08-04,HOOD,Robinhood,"Staff Software Engineer, Web3",Crypto Engineering,"Menlo Park, CA; New York, NY",product_eng,staff_principal,0,1,0,buzz,225000,https://boards.greenhouse.io/robinhood/jobs/7489950?t=gh_src=&gh_jid=7489950
2026-08-04,HOOD,Robinhood,"Staff Web Engineer, Legend",Brokerage Engineering,"Menlo Park, CA; New York, NY",product_eng,staff_principal,0,0,0,,225000,https://boards.greenhouse.io/robinhood/jobs/8003233?t=gh_src=&gh_jid=8003233
2026-08-04,HOOD,Robinhood,Tax Operations Manager,Tax,"Menlo Park, CA; New York, NY",nontech,mid,0,1,0,buzz,137500,https://boards.greenhouse.io/robinhood/jobs/8042449?t=gh_src=&gh_jid=8042449
2026-08-04,HOOD,Robinhood,"Technical Accounting Manager, New Product",Accounting,"Menlo Park, CA; New York, NY",nontech,mid,0,0,0,,145500,https://boards.greenhouse.io/robinhood/jobs/8076097?t=gh_src=&gh_jid=8076097
2026-08-04,HOOD,Robinhood,"Visual Designer, Product Creative",Brokerage Design,"Bellevue, WA; Menlo Park, CA; New York, NY",product_eng,mid,0,2,0,buzz,187500,https://boards.greenhouse.io/robinhood/jobs/7868994?t=gh_src=&gh_jid=7868994
2026-08-04,COIN,Coinbase,"Accounting Manager, GL Operations & Intercompany",Finance & Accounting,Remote - USA,nontech,mid,0,0,0,,181022,https://www.coinbase.com/careers/positions/8093264?gh_jid=8093264
2026-08-04,COIN,Coinbase,"Accounting Manager, GL Operations & Intercompany",Finance & Accounting,Remote - Canada,nontech,mid,0,0,0,,170000,https://www.coinbase.com/careers/positions/7822885?gh_jid=7822885
2026-08-04,COIN,Coinbase,"Accounting Manager, Prime Financing",Finance & Accounting,Remote - USA,nontech,mid,0,0,0,,181022,https://www.coinbase.com/careers/positions/7532645?gh_jid=7532645
2026-08-04,COIN,Coinbase,AMLCO & Senior Compliance Associate,Legal & Compliance,Remote - Cyprus,other,senior,0,0,0,,,https://www.coinbase.com/careers/positions/7942306?gh_jid=7942306
2026-08-04,COIN,Coinbase,"Analyst, Business Controller",Finance & Accounting,Remote - EMEA,other,mid,0,0,0,,,https://www.coinbase.com/careers/positions/7875558?gh_jid=7875558
2026-08-04,COIN,Coinbase,"Analytics Engineer, GFCO Analytics",Customer Experience,Remote - USA,product_eng,mid,0,0,0,,165852,https://www.coinbase.com/careers/positions/8024880?gh_jid=8024880
2026-08-04,COIN,Coinbase,"Associate, Financial Services Partnerships",Business Development & Partnerships,Remote - USA,other,mid,0,0,0,,155220,https://www.coinbase.com/careers/positions/8070386?gh_jid=8070386
2026-08-04,COIN,Coinbase,"Associate Manager, Premium & Wealth",Customer Experience,"Hybrid - London, UK",other,mid,0,0,0,,,https://www.coinbase.com/careers/positions/8080028?gh_jid=8080028
2026-08-04,COIN,Coinbase,"Associate Manager, SAM",Customer Experience,"Charlotte, NC",other,mid,0,6,1,application,117385,https://www.coinbase.com/careers/positions/7985269?gh_jid=7985269
2026-08-04,COIN,Coinbase,"Business Operations Senior Associate, Institutional",Business Operations & Strategy,Remote - USA,nontech,senior,0,0,0,,161968,https://www.coinbase.com/careers/positions/7980600?gh_jid=7980600
2026-08-04,COIN,Coinbase,Capacity Planning Lead,Customer Experience,"Hybrid - Bangalore, India",other,senior,0,3,1,application,,https://www.coinbase.com/careers/positions/8013889?gh_jid=8013889
2026-08-04,COIN,Coinbase,"Communications Manager, Policy & Public Affairs",Marketing & Communications,Remote - USA,nontech,mid,0,0,0,,185832,https://www.coinbase.com/careers/positions/7746572?gh_jid=7746572
2026-08-04,COIN,Coinbase,"Compliance, Threat & Risk Assessment Manager",Compliance & AML Operations,Remote - USA,other,mid,0,1,0,buzz,176305,https://www.coinbase.com/careers/positions/8064692?gh_jid=8064692
2026-08-04,COIN,Coinbase,Concierge Specialist IV,Customer Experience,Hybrid - Singapore,other,mid,0,0,0,,96900,https://www.coinbase.com/careers/positions/7994498?gh_jid=7994498
2026-08-04,COIN,Coinbase,Concierge Specialist IV,Customer Experience,Hybrid - Singapore,other,mid,0,0,0,,96900,https://www.coinbase.com/careers/positions/7994501?gh_jid=7994501
2026-08-04,COIN,Coinbase,Concierge Specialist IV,Customer Experience,"Hybrid - London, UK",other,mid,0,0,0,,,https://www.coinbase.com/careers/positions/8031308?gh_jid=8031308
2026-08-04,COIN,Coinbase,Concierge Specialist IV,Customer Experience,"Hybrid - London, UK",other,mid,0,0,0,,,https://www.coinbase.com/careers/positions/8031253?gh_jid=8031253
2026-08-04,COIN,Coinbase,Concierge Specialist IV-1,Customer Experience,Remote - USA,other,mid,0,0,0,,104802,https://www.coinbase.com/careers/positions/8067612?gh_jid=8067612
2026-08-04,COIN,Coinbase,"Counsel, Commercial",Legal & Compliance,Remote - USA,nontech,mid,0,0,0,,200078,https://www.coinbase.com/careers/positions/8030594?gh_jid=8030594
2026-08-04,COIN,Coinbase,"Counsel, Commercial (Institutional)",Legal & Compliance,Remote - UK,nontech,mid,0,0,0,,,https://www.coinbase.com/careers/positions/7602261?gh_jid=7602261
2026-08-04,COIN,Coinbase,"Country Director, India",International Expansion,Remote - India,other,director,0,0,0,,,https://www.coinbase.com/careers/positions/7606826?gh_jid=7606826
2026-08-04,COIN,Coinbase,Creative Director,Marketing & Communications,Remote - Canada,other,director,0,0,0,,216300,https://www.coinbase.com/careers/positions/8054862?gh_jid=8054862
2026-08-04,COIN,Coinbase,Derivative Sales Analyst (Prosumer Sales),"Institutional Sales, Trading, and Prime Services",Remote - USA,nontech,mid,0,0,0,,138195,https://www.coinbase.com/careers/positions/8021857?gh_jid=8021857
2026-08-04,COIN,Coinbase,"Director, Premium & Wealth",Customer Experience,"Charlotte, NC",other,director,0,0,0,,232050,https://www.coinbase.com/careers/positions/8068385?gh_jid=8068385
2026-08-04,COIN,Coinbase,Engineering Manager - Customer Experience AI,Engineering - Managers,Remote - India,product_eng,mid,1,31,1,application|buzz|model_infra,,https://www.coinbase.com/careers/positions/7741187?gh_jid=7741187
2026-08-04,COIN,Coinbase,"Forward Deployed Engineer, Finance [Office of the CTO]",Finance & Accounting,Remote - USA,demand_validated,mid,0,6,1,application,237262,https://www.coinbase.com/careers/positions/8072932?gh_jid=8072932
2026-08-04,COIN,Coinbase,"Forward Deployed Engineer, Legal [Office of the CTO]",Legal & Compliance,Remote - USA,demand_validated,mid,0,6,1,application,237262,https://www.coinbase.com/careers/positions/8060884?gh_jid=8060884
2026-08-04,COIN,Coinbase,GFCO Program Manager,Customer Experience,Remote - USA,other,mid,0,0,0,,211085,https://www.coinbase.com/careers/positions/8070046?gh_jid=8070046
2026-08-04,COIN,Coinbase,Global Intelligence Analyst,Internships & Emerging Talent Positions,Remote - USA,other,mid,0,0,0,,127742,https://www.coinbase.com/careers/positions/8067617?gh_jid=8067617
2026-08-04,COIN,Coinbase,"Group Marketing Manager, Base Chain",Marketing & Communications,Remote - USA,nontech,mid,0,0,0,,223942,https://www.coinbase.com/careers/positions/8075021?gh_jid=8075021
2026-08-04,COIN,Coinbase,"Group Product Manager, Compliance Agent Experience",Product,Remote - USA,product_eng,mid,0,4,1,application|buzz,265382,https://www.coinbase.com/careers/positions/8060662?gh_jid=8060662
2026-08-04,COIN,Coinbase,"Group Product Manager, Compliance Automation",Product,Remote - USA,product_eng,mid,0,3,1,application,265382,https://www.coinbase.com/careers/positions/7701642?gh_jid=7701642
2026-08-04,COIN,Coinbase,"Group Product Manager, Core Infrastructure & Reliability",Product,Remote - USA,product_eng,mid,0,0,0,,265382,https://www.coinbase.com/careers/positions/7997785?gh_jid=7997785
2026-08-04,COIN,Coinbase,"Group Product Manager, Developer Infrastructure",Product,Remote - USA,product_eng,mid,0,1,0,buzz,265382,https://www.coinbase.com/careers/positions/8017607?gh_jid=8017607
2026-08-04,COIN,Coinbase,"Group Product Manager, Financial Engineering ",Product,Remote - USA,product_eng,mid,0,0,0,,265382,https://www.coinbase.com/careers/positions/7789404?gh_jid=7789404
2026-08-04,COIN,Coinbase,"Group Product Manager, Payments Core",Product,Remote - USA,product_eng,mid,0,0,0,,265382,https://www.coinbase.com/careers/positions/7991474?gh_jid=7991474
2026-08-04,COIN,Coinbase,"Head of Finance, Canada",Finance & Accounting,Remote - Canada,nontech,exec,0,0,0,,212200,https://www.coinbase.com/careers/positions/7993445?gh_jid=7993445
2026-08-04,COIN,Coinbase,Head of Product Creative ,Product,Remote - USA,other,exec,0,0,0,,265382,https://www.coinbase.com/careers/positions/7304930?gh_jid=7304930
2026-08-04,COIN,Coinbase,HR Business Partner,Finance & Accounting,Remote - USA,nontech,mid,0,0,0,,191568,https://www.coinbase.com/careers/positions/7997879?gh_jid=7997879
2026-08-04,COIN,Coinbase,Insider Threat Analyst,Security & Privacy,Remote - USA,other,mid,0,0,0,,147260,https://www.coinbase.com/careers/positions/7967336?gh_jid=7967336
2026-08-04,COIN,Coinbase,Internal Audit Analyst,Internships & Emerging Talent Positions,Remote - USA,other,intern,0,0,0,,103415,https://www.coinbase.com/careers/positions/8031603?gh_jid=8031603
2026-08-04,COIN,Coinbase,Internal Audit IT Associate Manager,Finance & Accounting,Remote - USA,other,intern,0,0,0,,142450,https://www.coinbase.com/careers/positions/7365422?gh_jid=7365422
2026-08-04,COIN,Coinbase,Internal Audit IT Manager,Finance & Accounting,Remote - USA,other,intern,0,0,0,,181022,https://www.coinbase.com/careers/positions/7755116?gh_jid=7755116
2026-08-04,COIN,Coinbase,Internal Audit Manager,Finance & Accounting,Remote - Luxembourg,other,intern,0,0,0,,,https://www.coinbase.com/careers/positions/8097292?gh_jid=8097292
2026-08-04,COIN,Coinbase,IT Service Desk Engineer,IT,Remote - USA,product_eng,mid,0,0,0,,105082,https://www.coinbase.com/careers/positions/8097880?gh_jid=8097880
2026-08-04,COIN,Coinbase,M&A and Accounting Policy Manager,Finance & Accounting,Remote - USA,nontech,mid,0,0,0,,185832,https://www.coinbase.com/careers/positions/8072054?gh_jid=8072054
2026-08-04,COIN,Coinbase,Machine Learning Engineer,Machine Learning,Remote - India,product_eng,mid,1,13,1,application|buzz|general_medium,,https://www.coinbase.com/careers/positions/7985187?gh_jid=7985187
2026-08-04,COIN,Coinbase,"Machine Learning Engineer, CX Intelligence",Machine Learning,Remote - Brazil,product_eng,mid,1,25,1,application|buzz|general_medium|model_infra,,https://www.coinbase.com/careers/positions/8031260?gh_jid=8031260
2026-08-04,COIN,Coinbase,"Manager, Corporate Programs",Program Management,Remote - USA,other,mid,0,3,1,application,181022,https://www.coinbase.com/careers/positions/8069671?gh_jid=8069671
2026-08-04,COIN,Coinbase,"Manager, Derivatives Compliance",Legal & Compliance,Remote - USA,other,mid,0,0,0,,195360,https://www.coinbase.com/careers/positions/8001778?gh_jid=8001778
2026-08-04,COIN,Coinbase,Manager of Compliance Testing and Assurance,Legal & Compliance,Hybrid - Luxembourg,other,mid,0,0,0,,,https://www.coinbase.com/careers/positions/7286062?gh_jid=7286062
2026-08-04,COIN,Coinbase,"Manager, WFM Operations",Customer Experience,Remote - USA,nontech,mid,0,9,1,application,,https://www.coinbase.com/careers/positions/8089161?gh_jid=8089161
2026-08-04,COIN,Coinbase,"Operations Manager, Bermuda",Finance & Accounting,Remote - Bermuda,nontech,mid,0,0,0,,,https://www.coinbase.com/careers/positions/7927054?gh_jid=7927054
2026-08-04,COIN,Coinbase,"Operations Manager, Bermuda",Finance & Accounting,Remote - USA,nontech,mid,0,0,0,,191568,https://www.coinbase.com/careers/positions/8022718?gh_jid=8022718
2026-08-04,COIN,Coinbase,Operations Senior Associate,International Operations,Remote - Luxembourg,nontech,senior,0,0,0,,,https://www.coinbase.com/careers/positions/8013718?gh_jid=8013718
2026-08-04,COIN,Coinbase,Operations Senior Associate,International Operations,Remote - UK,nontech,senior,0,0,0,,,https://www.coinbase.com/careers/positions/8050875?gh_jid=8050875
2026-08-04,COIN,Coinbase,"Paralegal, Litigation",Legal & Compliance,Remote - USA,nontech,mid,0,0,0,,114300,https://www.coinbase.com/careers/positions/7952032?gh_jid=7952032
2026-08-04,COIN,Coinbase,Payments Risk Analyst II,Risk & Fraud,Remote - USA,other,mid,0,0,0,,147260,https://www.coinbase.com/careers/positions/7984814?gh_jid=7984814
2026-08-04,COIN,Coinbase,"Performance Marketing Manager, Global",Marketing & Communications,Remote - USA,nontech,mid,0,3,1,application,170490,https://www.coinbase.com/careers/positions/8008372?gh_jid=8008372
2026-08-04,COIN,Coinbase,Prime Sales Trader,"Institutional Sales, Trading, and Prime Services",Remote - USA,nontech,mid,0,0,0,,171495,https://www.coinbase.com/careers/positions/8013951?gh_jid=8013951
2026-08-04,COIN,Coinbase,"Product Marketing Manager, Prediction Markets",Marketing & Communications,Remote - USA,nontech,mid,0,0,0,,152440,https://www.coinbase.com/careers/positions/7982771?gh_jid=7982771
2026-08-04,COIN,Coinbase,"Product Marketing Manager, Prime & Markets",Marketing & Communications,Remote - USA,nontech,mid,0,0,0,,152440,https://www.coinbase.com/careers/positions/7572514?gh_jid=7572514
2026-08-04,COIN,Coinbase,Regional Threat Assessment Manager,Security & Privacy,Remote - Australia,other,mid,0,0,0,,200900,https://www.coinbase.com/careers/positions/8021644?gh_jid=8021644
2026-08-04,COIN,Coinbase,Regional Threat Assessment Manager,Security & Privacy,Remote - EMEA,other,mid,0,0,0,,,https://www.coinbase.com/careers/positions/8021630?gh_jid=8021630
2026-08-04,COIN,Coinbase,Regional Threat Assessment Manager,Security & Privacy,Remote - Singapore,other,mid,0,0,0,,212200,https://www.coinbase.com/careers/positions/8078239?gh_jid=8078239
2026-08-04,COIN,Coinbase,Risk Manager - Country & Operational Risk,Finance & Accounting,Remote - UK,other,mid,0,3,1,application,,https://www.coinbase.com/careers/positions/7774051?gh_jid=7774051
2026-08-04,COIN,Coinbase,Risk & Monitoring Analyst IV,Customer Experience,"Dublin, Ireland",other,mid,0,0,0,,,https://www.coinbase.com/careers/positions/8030686?gh_jid=8030686
2026-08-04,COIN,Coinbase,Risk & Monitoring Analyst IV,Customer Experience,Remote - UK,other,mid,0,0,0,,,https://www.coinbase.com/careers/positions/8049976?gh_jid=8049976
2026-08-04,COIN,Coinbase,SAM Compliance Lead Analyst,Customer Experience,Hybrid - Luxembourg,other,senior,0,0,0,,,https://www.coinbase.com/careers/positions/8052192?gh_jid=8052192
2026-08-04,COIN,Coinbase,"Senior Accountant, Capital Markets",Finance & Accounting,"New York City, NY",other,senior,0,0,0,,142450,https://www.coinbase.com/careers/positions/7445174?gh_jid=7445174
2026-08-04,COIN,Coinbase,"Senior Analyst, Compliance Technology",Compliance & AML Operations,Remote - USA,other,senior,0,0,0,,182040,https://www.coinbase.com/careers/positions/8067443?gh_jid=8067443
2026-08-04,COIN,Coinbase,Senior Analytics Engineer (Platform - Financial Analytics),Data Engineering,Remote - USA,product_eng,senior,0,6,1,application,196285,https://www.coinbase.com/careers/positions/7736521?gh_jid=7736521
2026-08-04,COIN,Coinbase,"Senior Associate, FCM",Finance & Accounting,Remote - USA,other,senior,0,0,0,,142450,https://www.coinbase.com/careers/positions/8060577?gh_jid=8060577
2026-08-04,COIN,Coinbase,Senior Business Controller,Finance & Accounting,Remote - USA,other,senior,0,0,0,,152440,https://www.coinbase.com/careers/positions/8096740?gh_jid=8096740
2026-08-04,COIN,Coinbase,Senior Compliance Associate,Legal & Compliance,Hybrid - Luxembourg,other,senior,0,0,0,,,https://www.coinbase.com/careers/positions/7611263?gh_jid=7611263
2026-08-04,COIN,Coinbase,"Senior Counsel, Product",Legal & Compliance,Remote - USA,nontech,senior,0,3,1,application,244848,https://www.coinbase.com/careers/positions/8069582?gh_jid=8069582
2026-08-04,COIN,Coinbase,"Senior Counsel, Shareholder Litigation",Legal & Compliance,Remote - USA,nontech,senior,0,0,0,,244848,https://www.coinbase.com/careers/positions/7994338?gh_jid=7994338
2026-08-04,COIN,Coinbase,"Senior Data Scientist, CX Analytics",Data Science,Remote - USA,product_eng,senior,0,7,1,application|general_medium,196185,https://www.coinbase.com/careers/positions/8009392?gh_jid=8009392
2026-08-04,COIN,Coinbase,"Senior Enterprise Product  Marketing Manager, Base",Marketing & Communications,Remote - USA,nontech,senior,0,0,0,,185832,https://www.coinbase.com/careers/positions/8084049?gh_jid=8084049
2026-08-04,COIN,Coinbase,"Senior Finance & Strategy Analyst, Consumer",Finance & Accounting,Remote - USA,nontech,senior,0,0,0,,142450,https://www.coinbase.com/careers/positions/7993006?gh_jid=7993006
2026-08-04,COIN,Coinbase,Senior Insider Threat Analyst,Security & Privacy,Remote - USA,other,senior,0,0,0,,182040,https://www.coinbase.com/careers/positions/7967333?gh_jid=7967333
2026-08-04,COIN,Coinbase,Senior IT Automation Engineer,IT,Remote - USA,product_eng,senior,0,0,0,,123858,https://www.coinbase.com/careers/positions/8095207?gh_jid=8095207
2026-08-04,COIN,Coinbase,Senior IT Automation Engineer,IT,Remote - India,product_eng,senior,0,0,0,,,https://www.coinbase.com/careers/positions/8054055?gh_jid=8054055
2026-08-04,COIN,Coinbase,Senior Litigation Paralegal,Legal & Compliance,Remote - USA,nontech,senior,0,0,0,,135790,https://www.coinbase.com/careers/positions/8030591?gh_jid=8030591
2026-08-04,COIN,Coinbase,Senior Machine Learning Engineer,Enterprise Applications,Remote - India,product_eng,senior,1,13,1,application|buzz|general_medium,,https://www.coinbase.com/careers/positions/7739592?gh_jid=7739592
2026-08-04,COIN,Coinbase,"Senior Machine Learning Engineer, CX Intelligence ",Machine Learning,Remote - Brazil,product_eng,senior,1,13,1,application|buzz|general_medium,,https://www.coinbase.com/careers/positions/8008569?gh_jid=8008569
2026-08-04,COIN,Coinbase,"Senior Manager, Clearing Operations",Finance & Accounting,Remote - USA,nontech,senior,0,0,0,,247715,https://www.coinbase.com/careers/positions/7981394?gh_jid=7981394
2026-08-04,COIN,Coinbase,"Senior Manager, Finance & Strategy",Finance & Accounting,Remote - USA,nontech,senior,0,0,0,,219132,https://www.coinbase.com/careers/positions/7948222?gh_jid=7948222
2026-08-04,COIN,Coinbase,"Senior Manager, Institutional Sales","Institutional Sales, Trading, and Prime Services",Remote - UAE,nontech,senior,0,0,0,,,https://www.coinbase.com/careers/positions/8023815?gh_jid=8023815
2026-08-04,COIN,Coinbase,"Senior Manager, Internal Audit IT",Finance & Accounting,Remote - USA,other,intern,0,0,0,,219132,https://www.coinbase.com/careers/positions/7997926?gh_jid=7997926
2026-08-04,COIN,Coinbase,"Senior Manager, Recruiting",HR & Recruiting,Remote - USA,nontech,senior,0,0,0,,219132,https://www.coinbase.com/careers/positions/8051630?gh_jid=8051630
2026-08-04,COIN,Coinbase,Senior Payroll Specialist,HR & Recruiting,Remote - USA,nontech,senior,0,0,0,,135790,https://www.coinbase.com/careers/positions/8028180?gh_jid=8028180
2026-08-04,COIN,Coinbase,"Senior Product Manager, CX & AI Tooling",Product,"Charlotte, NC",product_eng,senior,1,3,0,buzz|general_medium,180370,https://www.coinbase.com/careers/positions/8008033?gh_jid=8008033
2026-08-04,COIN,Coinbase,"Senior Product Manager, Help Center (CX Automation)",Enterprise Applications,Remote - India,product_eng,senior,0,7,1,application|buzz,,https://www.coinbase.com/careers/positions/8031208?gh_jid=8031208
2026-08-04,COIN,Coinbase,"Senior Researcher, Consumer (Advanced)",Design,Remote - USA,research,senior,0,0,0,,182040,https://www.coinbase.com/careers/positions/8095526?gh_jid=8095526
2026-08-04,COIN,Coinbase,Senior Software Engineer,Enterprise Applications,Remote - USA,product_eng,senior,0,0,0,,,https://www.coinbase.com/careers/positions/7961318?gh_jid=7961318
2026-08-04,COIN,Coinbase,Senior Software Engineer,Engineering - Security,Remote - USA,product_eng,senior,0,0,0,,202482,https://www.coinbase.com/careers/positions/8021647?gh_jid=8021647
2026-08-04,COIN,Coinbase,"Senior Software Engineer, Backend (Consumer - Growth Foundations)",Engineering - Backend,Remote - Canada,product_eng,senior,0,0,0,,191100,https://www.coinbase.com/careers/positions/8092651?gh_jid=8092651
2026-08-04,COIN,Coinbase,"Senior Software Engineer, Backend (Consumer - Prediction Markets)",Engineering - Backend,Remote - USA,product_eng,senior,0,0,0,,202482,https://www.coinbase.com/careers/positions/7997836?gh_jid=7997836
2026-08-04,COIN,Coinbase,"Senior Software Engineer, Backend (Consumer - Risk)",Engineering - Backend,Remote - Canada,product_eng,senior,0,0,0,,191100,https://www.coinbase.com/careers/positions/7930686?gh_jid=7930686
2026-08-04,COIN,Coinbase,"Senior Software Engineer, Backend - Platform (Core AI Automation)",Engineering - Backend,Remote - USA,product_eng,senior,1,17,1,application|buzz,202482,https://www.coinbase.com/careers/positions/8051871?gh_jid=8051871
2026-08-04,COIN,Coinbase,"Senior Software Engineer, Backend - Platform (Tokens & Wrapped Assets)",Engineering - Backend,Remote - USA,product_eng,senior,0,0,0,,202482,https://www.coinbase.com/careers/positions/8095252?gh_jid=8095252
2026-08-04,COIN,Coinbase,Senior Software Engineer - Blockchain Network,Engineering - Backend,Remote - USA,product_eng,senior,0,0,0,,202482,https://www.coinbase.com/careers/positions/7967649?gh_jid=7967649
2026-08-04,COIN,Coinbase,"Senior Software Engineer, CDP - Money Movement ",Engineering,Remote - Canada,product_eng,senior,0,0,0,,191100,https://www.coinbase.com/careers/positions/8013129?gh_jid=8013129
2026-08-04,COIN,Coinbase,"Senior Software Engineer, Compute Platform",Engineering - Infrastructure,Remote - Canada,product_eng,senior,0,0,0,,191100,https://www.coinbase.com/careers/positions/7701645?gh_jid=7701645
2026-08-04,COIN,Coinbase,"Senior Software Engineer, Compute Platform",Engineering - Infrastructure,Remote - USA,product_eng,senior,0,0,0,,202482,https://www.coinbase.com/careers/positions/7701651?gh_jid=7701651
2026-08-04,COIN,Coinbase,"Senior Software Engineer, Consumer",Engineering,Remote - Singapore,product_eng,senior,0,0,0,,191100,https://www.coinbase.com/careers/positions/8067033?gh_jid=8067033
2026-08-04,COIN,Coinbase,"Senior Software Engineer, Core AI Infrastructure",IT,Remote - USA,product_eng,senior,1,0,0,,202482,https://www.coinbase.com/careers/positions/7847431?gh_jid=7847431
2026-08-04,COIN,Coinbase,"Senior Software Engineer, Core Infra Systems",Engineering - Infrastructure,Remote - USA,product_eng,senior,0,0,0,,202482,https://www.coinbase.com/careers/positions/8026678?gh_jid=8026678
2026-08-04,COIN,Coinbase,"Senior Software Engineer, Core Reliability",Engineering - Infrastructure,Remote - Canada,product_eng,senior,0,0,0,,191100,https://www.coinbase.com/careers/positions/8097944?gh_jid=8097944
2026-08-04,COIN,Coinbase,"Senior Software Engineer, Data Engineering Platform",Engineering - Backend,Remote - USA,product_eng,senior,0,1,0,buzz,202482,https://www.coinbase.com/careers/positions/8082199?gh_jid=8082199
2026-08-04,COIN,Coinbase,"Senior Software Engineer, Data Layer",Engineering - Backend,Remote - USA,product_eng,senior,0,0,0,,202482,https://www.coinbase.com/careers/positions/8064873?gh_jid=8064873
2026-08-04,COIN,Coinbase,"Senior Software Engineer, Developer Infrastructure",Engineering - Infrastructure,Remote - USA,product_eng,senior,0,0,0,,202482,https://www.coinbase.com/careers/positions/7964402?gh_jid=7964402
2026-08-04,COIN,Coinbase,Senior Software Engineer (EAA),Enterprise Applications,Remote - USA,product_eng,senior,0,0,0,,202482,https://www.coinbase.com/careers/positions/7483221?gh_jid=7483221
2026-08-04,COIN,Coinbase,"Senior Software Engineer, Frontend (Coinbase Advisor - Agentic Trading)",Engineering - Frontend,Remote - USA,product_eng,senior,0,9,1,application,202482,https://www.coinbase.com/careers/positions/8070574?gh_jid=8070574
2026-08-04,COIN,Coinbase,Senior Software Engineer - Frontend - Coinbase Card team,Engineering - Frontend,Remote - USA,product_eng,senior,0,0,0,,202482,https://www.coinbase.com/careers/positions/8088201?gh_jid=8088201
2026-08-04,COIN,Coinbase,"Senior Software Engineer, Frontend (Consumer - Payments)",Engineering - Frontend,Remote - USA,product_eng,senior,0,0,0,,202482,https://www.coinbase.com/careers/positions/8029035?gh_jid=8029035
2026-08-04,COIN,Coinbase,Senior Software Engineer - Trading,Engineering - Backend,Remote - Singapore,product_eng,senior,0,0,0,,191100,https://www.coinbase.com/careers/positions/7866674?gh_jid=7866674
2026-08-04,COIN,Coinbase,Senior Sourcing Analyst,Finance & Accounting,Remote - USA,other,senior,0,0,0,,142450,https://www.coinbase.com/careers/positions/8017697?gh_jid=8017697
2026-08-04,COIN,Coinbase,Senior Staff Software Engineer - Blockchain Platform,Engineering - Backend,Remote - USA,product_eng,staff_principal,0,0,0,,276298,https://www.coinbase.com/careers/positions/7366208?gh_jid=7366208
2026-08-04,COIN,Coinbase,"Senior Staff Software Engineer, Core Automation",Engineering - Backend,Remote - USA,product_eng,staff_principal,0,6,1,application,276298,https://www.coinbase.com/careers/positions/7580292?gh_jid=7580292
2026-08-04,COIN,Coinbase,"Senior Staff Software Engineer, Data Platform",Engineering,Remote - USA,product_eng,staff_principal,0,7,1,application|data_ml_ops|general_medium,276298,https://www.coinbase.com/careers/positions/7711287?gh_jid=7711287
2026-08-04,COIN,Coinbase,"Senior Staff Software Engineer, Payments",Engineering - Backend,Remote - USA,product_eng,staff_principal,0,0,0,,276298,https://www.coinbase.com/careers/positions/8056068?gh_jid=8056068
2026-08-04,COIN,Coinbase,"Senior Staff Software Engineer, Payments",Engineering - Backend,Remote - Canada,product_eng,staff_principal,0,0,0,,276298,https://www.coinbase.com/careers/positions/8060842?gh_jid=8060842
2026-08-04,COIN,Coinbase,Senior Strategic Program Lead,Customer Experience,Remote - USA,other,senior,0,0,0,,130900,https://www.coinbase.com/careers/positions/8051894?gh_jid=8051894
2026-08-04,COIN,Coinbase,Social Support Senior Manager,Customer Experience,Remote - USA,nontech,senior,0,0,0,,219132,https://www.coinbase.com/careers/positions/8088912?gh_jid=8088912
2026-08-04,COIN,Coinbase,Social Support Specialist III,Customer Experience,Remote - USA,nontech,mid,0,0,0,,90558,https://www.coinbase.com/careers/positions/8083917?gh_jid=8083917
2026-08-04,COIN,Coinbase,Software Engineer,Enterprise Applications,"Charlotte, NC",product_eng,mid,0,0,0,,165852,https://www.coinbase.com/careers/positions/8003605?gh_jid=8003605
2026-08-04,COIN,Coinbase,"Software Engineer, Backend (Consumer - Risk)",Engineering - Backend,Remote - Canada,product_eng,mid,0,0,0,,154000,https://www.coinbase.com/careers/positions/7991763?gh_jid=7991763
2026-08-04,COIN,Coinbase,"Software Engineer, Developer Infrastructure",Engineering - Infrastructure,Remote - USA,product_eng,mid,0,0,0,,165852,https://www.coinbase.com/careers/positions/8022068?gh_jid=8022068
2026-08-04,COIN,Coinbase,"Software Engineer, EAA ",Enterprise Applications,Remote - Brazil,product_eng,mid,0,0,0,,,https://www.coinbase.com/careers/positions/8100066?gh_jid=8100066
2026-08-04,COIN,Coinbase,"Software Engineer, EAA Integrations",Enterprise Applications,Remote - India,product_eng,mid,0,3,1,application,,https://www.coinbase.com/careers/positions/7558051?gh_jid=7558051
2026-08-04,COIN,Coinbase,"Software Engineer, Enterprise Apps",Engineering - Backend,Remote - Brazil,product_eng,mid,0,0,0,,,https://www.coinbase.com/careers/positions/8024814?gh_jid=8024814
2026-08-04,COIN,Coinbase,Solutions Architect,"Institutional Sales, Trading, and Prime Services","Hybrid - New York, NY",demand_validated,mid,0,0,0,,170000,https://www.coinbase.com/careers/positions/8056065?gh_jid=8056065
2026-08-04,COIN,Coinbase,Solutions Architect,"Institutional Sales, Trading, and Prime Services","Hybrid - London, UK",demand_validated,mid,0,0,0,,,https://www.coinbase.com/careers/positions/8096720?gh_jid=8096720
2026-08-04,COIN,Coinbase,Sr. Compensation Business Partner,HR & Recruiting,Remote - USA,other,senior,0,0,0,,231065,https://www.coinbase.com/careers/positions/8024968?gh_jid=8024968
2026-08-04,COIN,Coinbase,"Staff Accountant, Cyprus",Finance & Accounting,Remote - Cyprus,other,staff_principal,0,0,0,,,https://www.coinbase.com/careers/positions/8053751?gh_jid=8053751
2026-08-04,COIN,Coinbase,Staff Accountant - India Exchange,Finance & Accounting,Remote - India,other,staff_principal,0,0,0,,,https://www.coinbase.com/careers/positions/7992822?gh_jid=7992822
2026-08-04,COIN,Coinbase,"Staff Applied Data Scientist, Pricing",Data Science,Remote - USA,product_eng,staff_principal,0,2,0,general_medium,225792,https://www.coinbase.com/careers/positions/8083051?gh_jid=8083051
2026-08-04,COIN,Coinbase,Staff Machine Learning Engineer(Platform - Identity),Machine Learning,Remote - USA,product_eng,staff_principal,1,21,1,application|buzz|data_ml_ops|general_medium|model_infra,237262,https://www.coinbase.com/careers/positions/7891045?gh_jid=7891045
2026-08-04,COIN,Coinbase,Staff Product Designer (Experience & Engagement),Design,Remote - USA,product_eng,staff_principal,0,1,0,buzz,225792,https://www.coinbase.com/careers/positions/8014564?gh_jid=8014564
2026-08-04,COIN,Coinbase,Staff Software Engineer,Engineering - Security,Remote - Israel,product_eng,staff_principal,0,0,0,,,https://www.coinbase.com/careers/positions/8021650?gh_jid=8021650
2026-08-04,COIN,Coinbase,Staff Software Engineer - AI Platform Team,Engineering - Backend,Remote - USA,product_eng,staff_principal,1,22,1,application|buzz|model_infra,237262,https://www.coinbase.com/careers/positions/8025505?gh_jid=8025505
2026-08-04,COIN,Coinbase,"Staff Software Engineer, Backend (Consumer - Prediction Markets)",Engineering - Backend,Remote - USA,product_eng,staff_principal,0,0,0,,237262,https://www.coinbase.com/careers/positions/7997840?gh_jid=7997840
2026-08-04,COIN,Coinbase,"Staff Software Engineer, Backend - FinHub (Ledger)",Engineering - Backend,Remote - USA,product_eng,staff_principal,0,0,0,,237262,https://www.coinbase.com/careers/positions/8064916?gh_jid=8064916
2026-08-04,COIN,Coinbase,"Staff Software Engineer, Backend - Payments Platform",Engineering - Backend,Remote - USA,product_eng,staff_principal,0,0,0,,237262,https://www.coinbase.com/careers/positions/7993066?gh_jid=7993066
2026-08-04,COIN,Coinbase,"Staff Software Engineer, Backend - Platform (Payment Rails)",Engineering - Backend,Remote - USA,product_eng,staff_principal,0,1,0,buzz,237262,https://www.coinbase.com/careers/positions/7789395?gh_jid=7789395
2026-08-04,COIN,Coinbase,"Staff Software Engineer, Core AI Infrastructure",IT,Remote - USA,product_eng,staff_principal,1,0,0,,237262,https://www.coinbase.com/careers/positions/7991691?gh_jid=7991691
2026-08-04,COIN,Coinbase,"Staff Software Engineer, Customer Administration",Enterprise Applications,Remote - India,product_eng,staff_principal,0,12,1,application,,https://www.coinbase.com/careers/positions/8054153?gh_jid=8054153
2026-08-04,COIN,Coinbase,"Staff Software Engineer, Developer Infrastructure",Engineering - Infrastructure,Remote - USA,product_eng,staff_principal,0,0,0,,237262,https://www.coinbase.com/careers/positions/7964410?gh_jid=7964410
2026-08-04,COIN,Coinbase,"Staff Software Engineer, EAA CX",Enterprise Applications,Remote - USA,product_eng,staff_principal,0,12,1,application,237262,https://www.coinbase.com/careers/positions/6784618?gh_jid=6784618
2026-08-04,COIN,Coinbase,"Staff Software Engineer, Frontend (Consumer - Advanced Trading)",Engineering - Frontend,Remote - USA,product_eng,staff_principal,0,0,0,,237262,https://www.coinbase.com/careers/positions/7629141?gh_jid=7629141
2026-08-04,COIN,Coinbase,Staff Software Engineer (Platform - Identity IDV),Engineering - Backend,Remote - USA,product_eng,staff_principal,0,0,0,,237262,https://www.coinbase.com/careers/positions/7773776?gh_jid=7773776
2026-08-04,COIN,Coinbase,"Staff Software Engineer, Solana Staking Protocol ",Engineering,Remote - USA,product_eng,staff_principal,0,0,0,,237262,https://www.coinbase.com/careers/positions/7684298?gh_jid=7684298
2026-08-04,COIN,Coinbase,"Staff Technical Program Manager, CX Agent Experience",Enterprise Applications,Remote - USA,other,staff_principal,0,0,0,,191568,https://www.coinbase.com/careers/positions/8047657?gh_jid=8047657
2026-08-04,COIN,Coinbase,"Strategic Intelligence Manager, Protective Intelligence",Security & Privacy,Remote - USA,other,mid,0,0,0,,181022,https://www.coinbase.com/careers/positions/8010600?gh_jid=8010600
2026-08-04,COIN,Coinbase,Strategic Program Lead,Customer Experience,Remote - USA,other,senior,0,0,0,,108630,https://www.coinbase.com/careers/positions/8083758?gh_jid=8083758
2026-08-04,COIN,Coinbase,"Supervisor, Customer Success Team",Customer Experience,Remote - Cyprus,demand_validated,mid,0,0,0,,,https://www.coinbase.com/careers/positions/8082829?gh_jid=8082829
2026-08-04,COIN,Coinbase,"Technical Program Manager, CX Intelligence & AI",Customer Experience,Remote - USA,other,mid,1,1,0,buzz,231065,https://www.coinbase.com/careers/positions/8013948?gh_jid=8013948
2026-08-04,COIN,Coinbase,"Technical Program Manager, GFCO Analytics",Customer Experience,Remote - USA,other,mid,0,0,0,,161968,https://www.coinbase.com/careers/positions/8024877?gh_jid=8024877
2026-08-04,COIN,Coinbase,"Technical Program Manager, Knowledge Systems",Customer Experience,Remote - USA,other,mid,0,21,1,application,161968,https://www.coinbase.com/careers/positions/8013892?gh_jid=8013892
2026-08-04,IOT,Samsara,Account Development Representative - BeNeLux,Account Development Representative,Remote - Netherlands,other,mid,0,0,0,,,https://www.samsara.com/company/careers/roles/7617960?gh_jid=7617960
2026-08-04,IOT,Samsara,Account Development Representative - DACH,Account Development Representative,Remote - Germany,other,mid,0,0,0,,,https://www.samsara.com/company/careers/roles/7618026?gh_jid=7618026
2026-08-04,IOT,Samsara,Account Development Representative - UK,Account Development Representative,"London, England, United Kingdom",other,mid,0,0,0,,,https://www.samsara.com/company/careers/roles/7614550?gh_jid=7614550
2026-08-04,IOT,Samsara,"Account Executive, Commercial",US Commercial AE1,"Columbus, OH",demand_validated,mid,0,0,0,,128775,https://www.samsara.com/company/careers/roles/6605602?gh_jid=6605602
2026-08-04,IOT,Samsara,"Account Executive, Commercial",US Commercial AE1,"Boston, MA",demand_validated,mid,0,0,0,,128775,https://www.samsara.com/company/careers/roles/6605604?gh_jid=6605604
2026-08-04,IOT,Samsara,"Account Executive, Commercial",US Commercial AE1,"Portland, OR",demand_validated,mid,0,0,0,,128775,https://www.samsara.com/company/careers/roles/7612450?gh_jid=7612450
2026-08-04,IOT,Samsara,"Account Executive, Commercial",US Commercial AE1,"Phoenix, Arizona",demand_validated,mid,0,0,0,,128775,https://www.samsara.com/company/careers/roles/7612449?gh_jid=7612449
2026-08-04,IOT,Samsara,"Account Executive, Commercial",US Commercial AE1,"Las Vegas, NV",demand_validated,mid,0,0,0,,128775,https://www.samsara.com/company/careers/roles/7612448?gh_jid=7612448
2026-08-04,IOT,Samsara,"Account Executive, Commercial",US Commercial AE1,"Seattle, WA",demand_validated,mid,0,0,0,,113625,https://www.samsara.com/company/careers/roles/7612447?gh_jid=7612447
2026-08-04,IOT,Samsara,"Account Executive, Commercial",US Commercial AE1,"Atlanta, GA",demand_validated,mid,0,0,0,,128775,https://www.samsara.com/company/careers/roles/6605601?gh_jid=6605601
2026-08-04,IOT,Samsara,"Account Executive, Commercial",US Commercial AE1,"San Diego, CA",demand_validated,mid,0,0,0,,113625,https://www.samsara.com/company/careers/roles/7612446?gh_jid=7612446
2026-08-04,IOT,Samsara,"Account Executive, Commercial",US Commercial AE1,"Salt Lake City, UT",demand_validated,mid,0,0,0,,113625,https://www.samsara.com/company/careers/roles/7612445?gh_jid=7612445
2026-08-04,IOT,Samsara,"Account Executive, Commercial",US Commercial AE1,"Los Angeles, CA",demand_validated,mid,0,0,0,,128775,https://www.samsara.com/company/careers/roles/7612444?gh_jid=7612444
2026-08-04,IOT,Samsara,"Account Executive, Commercial",US Commercial AE1,"Denver, CO",demand_validated,mid,0,0,0,,128775,https://www.samsara.com/company/careers/roles/7612443?gh_jid=7612443
2026-08-04,IOT,Samsara,"Account Executive, Commercial",US Commercial AE1,Remote - US,demand_validated,mid,0,0,0,,128775,https://www.samsara.com/company/careers/roles/7612441?gh_jid=7612441
2026-08-04,IOT,Samsara,"Account Executive, Commercial",US Commercial AE1,Remote - US,demand_validated,mid,0,0,0,,128775,https://www.samsara.com/company/careers/roles/6605599?gh_jid=6605599
2026-08-04,IOT,Samsara,"Account Executive, Commercial - Mexico",Mexico,Remote - Mexico,demand_validated,mid,0,0,0,,,https://www.samsara.com/company/careers/roles/7516554?gh_jid=7516554
2026-08-04,IOT,Samsara,"Account Executive, Majors (Select) - UK&I",EU Sales,Remote - UK,demand_validated,mid,0,0,0,,,https://www.samsara.com/company/careers/roles/7266224?gh_jid=7266224
2026-08-04,IOT,Samsara,"Account Executive, Mid Market (Midwest)",US Mid Market AE2,Remote - US,demand_validated,mid,0,0,0,,145000,https://www.samsara.com/company/careers/roles/7609126?gh_jid=7609126
2026-08-04,IOT,Samsara,"Account Executive, Mid Market (Northeast)",US Mid Market AE2,Remote - US,demand_validated,mid,0,0,0,,145000,https://www.samsara.com/company/careers/roles/7609147?gh_jid=7609147
2026-08-04,IOT,Samsara,"Account Executive, Mid Market (Southeast)",US Mid Market AE2,Remote - US,demand_validated,mid,0,0,0,,145000,https://www.samsara.com/company/careers/roles/7609156?gh_jid=7609156
2026-08-04,IOT,Samsara,"Account Executive, Mid Market (TOLA)",US Mid Market AE2,Remote - US,demand_validated,mid,0,0,0,,145000,https://www.samsara.com/company/careers/roles/7608969?gh_jid=7608969
2026-08-04,IOT,Samsara,"Account Executive, Mid Market (West)",US Mid Market AE2,Remote - US,demand_validated,mid,0,0,0,,145000,https://www.samsara.com/company/careers/roles/7609057?gh_jid=7609057
2026-08-04,IOT,Samsara,Account Validation Specialist - MX,Account Development Representative,Mexico,other,mid,0,2,0,buzz,,https://www.samsara.com/company/careers/roles/7967689?gh_jid=7967689
2026-08-04,IOT,Samsara,AI Engineering Manager,Business Systems,Bengaluru - BLR1,product_eng,mid,1,10,1,application|buzz,,https://www.samsara.com/company/careers/roles/8020028?gh_jid=8020028
2026-08-04,IOT,Samsara,"Applied AI Specialist, Commercial Customer Success",Customer Success,Remote - US,demand_validated,mid,1,10,1,application|buzz,133055,https://www.samsara.com/company/careers/roles/8024110?gh_jid=8024110
2026-08-04,IOT,Samsara,"Associate Sales Engineer, UK&I ",Sales Engineering,"London, England, United Kingdom; Remote - UK",demand_validated,mid,0,3,0,buzz|general_medium,,https://www.samsara.com/company/careers/roles/8083447?gh_jid=8083447
2026-08-04,IOT,Samsara,Bilingual Customer Support Specialist,Support,Remote - US,nontech,mid,0,0,0,,50918,https://www.samsara.com/company/careers/roles/8079873?gh_jid=8079873
2026-08-04,IOT,Samsara,"Business Operations Manager, Technical Support Ops",Support,Remote - US,nontech,mid,0,1,0,buzz,134176,https://www.samsara.com/company/careers/roles/7761103?gh_jid=7761103
2026-08-04,IOT,Samsara,"Business Operations Manager, Technical Support Ops",Support,Remote - Toronto,nontech,mid,0,1,0,buzz,123025,https://www.samsara.com/company/careers/roles/7852547?gh_jid=7852547
2026-08-04,IOT,Samsara,Business Technology Engineer II,Information Technology,Remote - Canada,product_eng,mid,0,2,0,buzz,116512,https://www.samsara.com/company/careers/roles/8031880?gh_jid=8031880
2026-08-04,IOT,Samsara,Business Technology Engineer II,Information Technology,Remote - US,product_eng,mid,0,2,0,buzz,139562,https://www.samsara.com/company/careers/roles/8022729?gh_jid=8022729
2026-08-04,IOT,Samsara,Commercial Account Executive ,Canada,"Vancouver, Canada",demand_validated,mid,0,0,0,,147525,https://www.samsara.com/company/careers/roles/7612496?gh_jid=7612496
2026-08-04,IOT,Samsara,Commercial Account Executive ,Canada,"Québec City, Québec",demand_validated,mid,0,0,0,,147525,https://www.samsara.com/company/careers/roles/7612499?gh_jid=7612499
2026-08-04,IOT,Samsara,Commercial Account Executive ,Canada,"Montreal, Québec",demand_validated,mid,0,0,0,,147525,https://www.samsara.com/company/careers/roles/7612498?gh_jid=7612498
2026-08-04,IOT,Samsara,Commercial Account Executive ,Canada,"Calgary, Canada",demand_validated,mid,0,0,0,,147525,https://www.samsara.com/company/careers/roles/7612497?gh_jid=7612497
2026-08-04,IOT,Samsara,Commercial Account Executive ,Canada,Remote - Toronto,demand_validated,mid,0,0,0,,147525,https://www.samsara.com/company/careers/roles/7612493?gh_jid=7612493
2026-08-04,IOT,Samsara,Commercial Account Executive ,Canada,"Toronto, Canada",demand_validated,mid,0,0,0,,147525,https://www.samsara.com/company/careers/roles/7612495?gh_jid=7612495
2026-08-04,IOT,Samsara,Core Enterprise Account Executive Midwest,US Core,Remote - US,demand_validated,mid,0,0,0,,300000,https://www.samsara.com/company/careers/roles/8099250?gh_jid=8099250
2026-08-04,IOT,Samsara,Customer Success Manager,Customer Success,Remote - Canada,demand_validated,mid,0,0,0,,89944,https://www.samsara.com/company/careers/roles/8029097?gh_jid=8029097
2026-08-04,IOT,Samsara,Customer Success Manager,Customer Success,Remote - Mexico,demand_validated,mid,0,0,0,,,https://www.samsara.com/company/careers/roles/8068410?gh_jid=8068410
2026-08-04,IOT,Samsara,Customer Success Manager - Canada,Customer Success,Remote - Toronto,demand_validated,mid,0,0,0,,99938,https://www.samsara.com/company/careers/roles/7646124?gh_jid=7646124
2026-08-04,IOT,Samsara,Customer Success Manager II,Customer Success,Remote - US,demand_validated,mid,0,0,0,,76899,https://www.samsara.com/company/careers/roles/7580157?gh_jid=7580157
2026-08-04,IOT,Samsara,Customer Success Manager III,Customer Success,Remote - US,demand_validated,mid,0,1,0,buzz,114739,https://www.samsara.com/company/careers/roles/8013860?gh_jid=8013860
2026-08-04,IOT,Samsara,Customer Success Manager V,Customer Success,Remote - CA,demand_validated,mid,0,0,0,,158171,https://www.samsara.com/company/careers/roles/7487346?gh_jid=7487346
2026-08-04,IOT,Samsara,"Director, Enablement - Skills and Leadership Excellence",Revenue Operations,Remote - US,nontech,director,0,1,0,buzz,155040,https://www.samsara.com/company/careers/roles/8041418?gh_jid=8041418
2026-08-04,IOT,Samsara,"Director, Field Onboarding",Revenue Operations,Remote - US,other,director,0,0,0,,158340,https://www.samsara.com/company/careers/roles/7283904?gh_jid=7283904
2026-08-04,IOT,Samsara,"Director, Field Sales Engineering",Sales Engineering,Remote - US,demand_validated,director,0,0,0,,215145,https://www.samsara.com/company/careers/roles/7695309?gh_jid=7695309
2026-08-04,IOT,Samsara,"Director, Global Service Partnerships",Customer Success,Remote - US,other,director,0,0,0,,184080,https://www.samsara.com/company/careers/roles/7530460?gh_jid=7530460
2026-08-04,IOT,Samsara,"Director, GTM Business Operations",Sales Business Operations,Remote - US,nontech,director,0,1,0,buzz,207090,https://www.samsara.com/company/careers/roles/7974118?gh_jid=7974118
2026-08-04,IOT,Samsara,"Director, Marketing - Mexico",Growth Marketing,Mexico,nontech,director,0,0,0,,1396000,https://www.samsara.com/company/careers/roles/8069516?gh_jid=8069516
2026-08-04,IOT,Samsara,"Director, Mid-Market Sales - Canada",Canada,Remote - Canada,nontech,director,0,0,0,,375100,https://www.samsara.com/company/careers/roles/7547204?gh_jid=7547204
2026-08-04,IOT,Samsara,"Director, Product Design",Product Design,San Francisco - SF9,other,director,0,0,0,,265050,https://www.samsara.com/company/careers/roles/7839138?gh_jid=7839138
2026-08-04,IOT,Samsara,"Director, Revenue Enablement EMEA",Revenue Operations,"London, England, United Kingdom",nontech,director,0,1,0,buzz,,https://www.samsara.com/company/careers/roles/7791232?gh_jid=7791232
2026-08-04,IOT,Samsara,Enablement Business Partner – Customer Success,Revenue Operations,Remote - US,demand_validated,mid,0,0,0,,112646,https://www.samsara.com/company/careers/roles/7640343?gh_jid=7640343
2026-08-04,IOT,Samsara,Engagement Services Manager,Customer Success,Remote - US,other,mid,0,0,0,,127414,https://www.samsara.com/company/careers/roles/8064909?gh_jid=8064909
2026-08-04,IOT,Samsara,Engineering Manager II,Hardware Engineering,Remote - CA,product_eng,mid,0,1,0,buzz,207350,https://www.samsara.com/company/careers/roles/7801077?gh_jid=7801077
2026-08-04,IOT,Samsara,Enterprise Account Executive,US Enterprise Sales,San Francisco - SF9,demand_validated,mid,0,0,0,,425000,https://www.samsara.com/company/careers/roles/8042135?gh_jid=8042135
2026-08-04,IOT,Samsara,Enterprise Account Executive-Major Accounts,Canada,Remote - Vancouver,demand_validated,mid,0,0,0,,396000,https://www.samsara.com/company/careers/roles/8046296?gh_jid=8046296
2026-08-04,IOT,Samsara,Enterprise Account Executive-Major Accounts,Canada,Remote - Calgary,demand_validated,mid,0,0,0,,396000,https://www.samsara.com/company/careers/roles/8046302?gh_jid=8046302
2026-08-04,IOT,Samsara,Enterprise Account Executive-Major Accounts,Canada,Remote - Canada,demand_validated,mid,0,0,0,,396000,https://www.samsara.com/company/careers/roles/7818512?gh_jid=7818512
2026-08-04,IOT,Samsara,Enterprise Account Executive-Major Accounts,Canada,Remote - Toronto,demand_validated,mid,0,0,0,,396000,https://www.samsara.com/company/careers/roles/7613076?gh_jid=7613076
2026-08-04,IOT,Samsara,"Enterprise Account Executive - Public Sector, West",US Public Sector,Remote - SF Bay Area,demand_validated,mid,0,0,0,,425000,https://www.samsara.com/company/careers/roles/7954575?gh_jid=7954575
2026-08-04,IOT,Samsara,Enterprise Core Account Executive - Public Sector,US Public Sector,Remote - US,demand_validated,mid,0,0,0,,361200,https://www.samsara.com/company/careers/roles/7423809?gh_jid=7423809
2026-08-04,IOT,Samsara,"Enterprise Core Account Executive, UK",EU Sales,London - UK2,demand_validated,mid,0,0,0,,300000,https://www.samsara.com/company/careers/roles/7759354?gh_jid=7759354
2026-08-04,IOT,Samsara,Enterprise Core Implementation Consultant,Customer Success,Remote - US,demand_validated,mid,0,0,0,,111784,https://www.samsara.com/company/careers/roles/8079982?gh_jid=8079982
2026-08-04,IOT,Samsara,Enterprise Core Sales Engineer,Sales Engineering,Remote - US,demand_validated,mid,0,0,0,,153238,https://www.samsara.com/company/careers/roles/7985044?gh_jid=7985044
2026-08-04,IOT,Samsara,Enterprise Core Sales Engineer - Midwest,Sales Engineering,Remote - US,demand_validated,mid,0,0,0,,153238,https://www.samsara.com/company/careers/roles/7848518?gh_jid=7848518
2026-08-04,IOT,Samsara,Enterprise Core Sales Engineer - Northeast,Sales Engineering,Remote - US,demand_validated,mid,0,0,0,,153238,https://www.samsara.com/company/careers/roles/7848486?gh_jid=7848486
2026-08-04,IOT,Samsara,Enterprise Core Sales Engineer - Southeast,Sales Engineering,Remote - US,demand_validated,mid,0,0,0,,153238,https://www.samsara.com/company/careers/roles/7848497?gh_jid=7848497
2026-08-04,IOT,Samsara,Enterprise Core Sales Engineer - TOLA,Sales Engineering,Remote - US,demand_validated,mid,0,0,0,,153238,https://www.samsara.com/company/careers/roles/7848501?gh_jid=7848501
2026-08-04,IOT,Samsara,Enterprise Core Sales Engineer - West,Sales Engineering,Remote - US,demand_validated,mid,0,0,0,,153238,https://www.samsara.com/company/careers/roles/7848529?gh_jid=7848529
2026-08-04,IOT,Samsara,Enterprise Customer Success Manager,Customer Success,Remote - IL,demand_validated,mid,0,0,0,,114739,https://www.samsara.com/company/careers/roles/7625030?gh_jid=7625030
2026-08-04,IOT,Samsara,Enterprise Customer Success Manager,Customer Success,Remote - US,demand_validated,mid,0,0,0,,114739,https://www.samsara.com/company/careers/roles/7482459?gh_jid=7482459
2026-08-04,IOT,Samsara,Enterprise Customer Success Manager - Public Sector,Customer Success,Remote - US,demand_validated,mid,0,0,0,,114739,https://www.samsara.com/company/careers/roles/7481333?gh_jid=7481333
2026-08-04,IOT,Samsara,Enterprise Implementation Consultant,Customer Success,Remote - US,demand_validated,mid,0,0,0,,111784,https://www.samsara.com/company/careers/roles/7852948?gh_jid=7852948
2026-08-04,IOT,Samsara,Enterprise Implementation Consultant,Customer Success,Remote - Mexico,demand_validated,mid,0,0,0,,,https://www.samsara.com/company/careers/roles/8046973?gh_jid=8046973
2026-08-04,IOT,Samsara,Enterprise Implementation Consultant,Customer Success,Remote - UK,demand_validated,mid,0,1,0,buzz,,https://www.samsara.com/company/careers/roles/8074109?gh_jid=8074109
2026-08-04,IOT,Samsara,Enterprise Implementation Consultant - Public Sector,Customer Success,Remote - US,demand_validated,mid,0,0,0,,104308,https://www.samsara.com/company/careers/roles/7826401?gh_jid=7826401
2026-08-04,IOT,Samsara,Enterprise Sales Engineer - Toronto,Sales Engineering,Remote - Toronto,demand_validated,mid,0,3,0,buzz|general_medium,239112,https://www.samsara.com/company/careers/roles/7818569?gh_jid=7818569
2026-08-04,IOT,Samsara,Enterprise Select Implementation Consultant,Customer Success,Remote - US,demand_validated,mid,0,0,0,,127415,https://www.samsara.com/company/careers/roles/8001262?gh_jid=8001262
2026-08-04,IOT,Samsara,Entry Level Tech Sales - Benelux Market (Dutch speaking),Account Development Representative,Remote - Netherlands,nontech,mid,0,0,0,,,https://www.samsara.com/company/careers/roles/8095996?gh_jid=8095996
2026-08-04,IOT,Samsara,Especialista en Instalación de Sistemas Vehiculares,Customer Success,Remote - Mexico,other,mid,0,1,0,buzz,,https://www.samsara.com/company/careers/roles/8073244?gh_jid=8073244
2026-08-04,IOT,Samsara,Especialista en Instalación de Sistemas Vehiculares,Customer Success,Remote - Mexico,other,mid,0,1,0,buzz,,https://www.samsara.com/company/careers/roles/8073243?gh_jid=8073243
2026-08-04,IOT,Samsara,Especialista en Instalación de Sistemas Vehiculares,Customer Success,Remote - Mexico,other,mid,0,1,0,buzz,,https://www.samsara.com/company/careers/roles/8073242?gh_jid=8073242
2026-08-04,IOT,Samsara,Especialista en Sistemas Telemáticos,Customer Success,Remote - Mexico,other,mid,0,1,0,buzz,,https://www.samsara.com/company/careers/roles/8073240?gh_jid=8073240
2026-08-04,IOT,Samsara,Especialista en Sistemas Telemáticos,Customer Success,Remote - Mexico,other,mid,0,1,0,buzz,,https://www.samsara.com/company/careers/roles/8073236?gh_jid=8073236
2026-08-04,IOT,Samsara,Especialista en Sistemas Telemáticos,Customer Success,Remote - Mexico,other,mid,0,1,0,buzz,,https://www.samsara.com/company/careers/roles/8073241?gh_jid=8073241
2026-08-04,IOT,Samsara,Field Sales Engineer - Public Sector - US West,Sales Engineering,Remote - US,demand_validated,mid,0,0,0,,198050,https://www.samsara.com/company/careers/roles/8068209?gh_jid=8068209
2026-08-04,IOT,Samsara,Field Service Engineer (Automotive),Customer Success,Remote - Mexico,product_eng,mid,0,1,0,buzz,,https://www.samsara.com/company/careers/roles/8073245?gh_jid=8073245
2026-08-04,IOT,Samsara,Field Service Engineer (Automotive),Customer Success,Remote - Mexico,product_eng,mid,0,1,0,buzz,,https://www.samsara.com/company/careers/roles/8073247?gh_jid=8073247
2026-08-04,IOT,Samsara,Field Service Engineer (Automotive),Customer Success,Remote - Mexico,product_eng,mid,0,1,0,buzz,,https://www.samsara.com/company/careers/roles/8073246?gh_jid=8073246
2026-08-04,IOT,Samsara,Global Operations Rotation Program,Supply Chain,Remote - CA,nontech,mid,0,1,0,buzz,100165,https://www.samsara.com/company/careers/roles/7741190?gh_jid=7741190
2026-08-04,IOT,Samsara,GTM Business Operations Manager,Sales Business Operations,Remote - Houston,nontech,mid,0,1,0,buzz,134176,https://www.samsara.com/company/careers/roles/7942733?gh_jid=7942733
2026-08-04,IOT,Samsara,GTM Contract Recruiter,Recruiting,Remote - US,nontech,mid,0,0,0,,104949,https://www.samsara.com/company/careers/roles/7377416?gh_jid=7377416
2026-08-04,IOT,Samsara,Head of GTM AI and Engineering,Executive,Remote - US,product_eng,exec,1,11,1,application|buzz,273000,https://www.samsara.com/company/careers/roles/8052310?gh_jid=8052310
2026-08-04,IOT,Samsara,Implementation Consultant,Customer Success,Remote - Mexico,demand_validated,mid,0,0,0,,,https://www.samsara.com/company/careers/roles/7960358?gh_jid=7960358
2026-08-04,IOT,Samsara,Implementation Consultant ,Customer Success,Remote - Germany,demand_validated,mid,0,1,0,buzz,,https://www.samsara.com/company/careers/roles/8088205?gh_jid=8088205
2026-08-04,IOT,Samsara,Implementation Consultant ,Customer Success,Remote - UK,demand_validated,mid,0,1,0,buzz,,https://www.samsara.com/company/careers/roles/8076689?gh_jid=8076689
2026-08-04,IOT,Samsara,Implementation Consultant ,Customer Success,Remote - UK,demand_validated,mid,0,1,0,buzz,,https://www.samsara.com/company/careers/roles/7961276?gh_jid=7961276
2026-08-04,IOT,Samsara,Implementation Consultant - German Fluency,Customer Success,"London, England, United Kingdom; Remote - Germany; Remote - UK",demand_validated,mid,0,1,0,buzz,,https://www.samsara.com/company/careers/roles/8076687?gh_jid=8076687
2026-08-04,IOT,Samsara,Installation Manager,Customer Success,London - UK2,other,mid,0,1,0,buzz,,https://www.samsara.com/company/careers/roles/8002357?gh_jid=8002357
2026-08-04,IOT,Samsara,Installation Specialist,Customer Success,Remote - US,other,mid,0,1,0,buzz,104320,https://www.samsara.com/company/careers/roles/7266206?gh_jid=7266206
2026-08-04,IOT,Samsara,Installation Specialist,Customer Success,Remote - Mexico,other,mid,0,1,0,buzz,,https://www.samsara.com/company/careers/roles/7950569?gh_jid=7950569
2026-08-04,IOT,Samsara,Lead AI Engineer- GTM Systems,Business Systems,Remote - US,product_eng,senior,1,32,1,application|buzz,153799,https://www.samsara.com/company/careers/roles/7578952?gh_jid=7578952
2026-08-04,IOT,Samsara,Lead AI Engineer- GTM Systems,Business Systems,Remote - Canada,product_eng,senior,1,32,1,application|buzz,155512,https://www.samsara.com/company/careers/roles/8104166?gh_jid=8104166
2026-08-04,IOT,Samsara,Lead Machine Learning Engineer - ML Infrastructure,Safety AI,Remote - Canada,product_eng,senior,1,14,1,application|buzz|data_ml_ops|general_medium|model_infra,232750,https://www.samsara.com/company/careers/roles/7746586?gh_jid=7746586
2026-08-04,IOT,Samsara,Lead Machine Learning Engineer - ML Infrastructure ,Safety AI,Remote - US,product_eng,senior,1,14,1,application|buzz|data_ml_ops|general_medium|model_infra,278850,https://www.samsara.com/company/careers/roles/7721193?gh_jid=7721193
2026-08-04,IOT,Samsara,Lead Product Designer,Product Design,Remote - Canada,product_eng,senior,0,1,0,buzz,173550,https://www.samsara.com/company/careers/roles/8018876?gh_jid=8018876
2026-08-04,IOT,Samsara,Lead Product Designer,Product Design,Remote - US,product_eng,senior,0,1,0,buzz,184222,https://www.samsara.com/company/careers/roles/8007939?gh_jid=8007939
2026-08-04,IOT,Samsara,Lead Video Producer,Corporate Marketing,San Francisco - SF9,other,senior,0,1,0,buzz,164650,https://www.samsara.com/company/careers/roles/7939301?gh_jid=7939301
2026-08-04,IOT,Samsara,Litigation and E-Discovery Counsel,Legal,Remote - US,nontech,mid,0,1,0,buzz,139849,https://www.samsara.com/company/careers/roles/8008896?gh_jid=8008896
2026-08-04,IOT,Samsara,Localisation Project Manager,Corporate Marketing,London - UK2,other,mid,0,0,0,,,https://www.samsara.com/company/careers/roles/8098432?gh_jid=8098432
2026-08-04,IOT,Samsara,"Manager, Consulting Services",Customer Success,Remote - US,other,mid,0,0,0,,118892,https://www.samsara.com/company/careers/roles/7992188?gh_jid=7992188
2026-08-04,IOT,Samsara,"Manager, Enterprise Customer Success - Select",Customer Success,Remote - US,demand_validated,mid,0,0,0,,147591,https://www.samsara.com/company/careers/roles/7702368?gh_jid=7702368
2026-08-04,IOT,Samsara,"Manager I, Customer Success",Customer Success,Remote - Mexico,demand_validated,mid,0,0,0,,,https://www.samsara.com/company/careers/roles/7743690?gh_jid=7743690
2026-08-04,IOT,Samsara,"Manager II, Customer Success",Customer Success,Remote - US,demand_validated,mid,0,2,0,buzz,130781,https://www.samsara.com/company/careers/roles/7487344?gh_jid=7487344
2026-08-04,IOT,Samsara,"Manager, Implementation - Public Sector Customer Success",Customer Success,Remote - US,demand_validated,mid,0,1,0,buzz,128340,https://www.samsara.com/company/careers/roles/7759850?gh_jid=7759850
2026-08-04,IOT,Samsara,"Manager, Inside Sales",EU Sales,Remote - France,nontech,mid,0,0,0,,,https://www.samsara.com/company/careers/roles/8079877?gh_jid=8079877
2026-08-04,IOT,Samsara,"Manager, Operations Program Management",Global Ops Engineering,Remote - US,nontech,mid,0,0,0,,168272,https://www.samsara.com/company/careers/roles/7558150?gh_jid=7558150
2026-08-04,IOT,Samsara,"Manager, Resident Consultants",Customer Success,Remote - US,other,mid,0,0,0,,118892,https://www.samsara.com/company/careers/roles/7852950?gh_jid=7852950
2026-08-04,IOT,Samsara,"Manager, Sales Enablement - Learning Design",Revenue Operations,Remote - US,nontech,mid,0,1,0,buzz,112646,https://www.samsara.com/company/careers/roles/8041422?gh_jid=8041422
2026-08-04,IOT,Samsara,"Manager, Strategic Services",Customer Success,Remote - US,other,mid,0,0,0,,118892,https://www.samsara.com/company/careers/roles/7992189?gh_jid=7992189
2026-08-04,IOT,Samsara,"Manager, Technical Program Management",Revenue Operations,Remote - US,other,mid,0,1,0,buzz,119621,https://www.samsara.com/company/careers/roles/8008386?gh_jid=8008386
2026-08-04,IOT,Samsara,Mexico Major AE,Mexico,Remote - Mexico,other,mid,0,0,0,,500000,https://www.samsara.com/company/careers/roles/7618041?gh_jid=7618041
2026-08-04,IOT,Samsara,Mid-Market Account Executive - Canada,Canada,Remote - Calgary,demand_validated,mid,0,0,0,,144875,https://www.samsara.com/company/careers/roles/7612506?gh_jid=7612506
2026-08-04,IOT,Samsara,Mid-Market Account Executive - Canada,Canada,Remote - Canada,demand_validated,mid,0,0,0,,144875,https://www.samsara.com/company/careers/roles/7612507?gh_jid=7612507
2026-08-04,IOT,Samsara,Mid-Market Account Executive - Canada,Canada,Remote - Vancouver,demand_validated,mid,0,0,0,,144875,https://www.samsara.com/company/careers/roles/7612505?gh_jid=7612505
2026-08-04,IOT,Samsara,Mid-Market Account Executive - Canada,Canada,Remote - Toronto,demand_validated,mid,0,0,0,,144875,https://www.samsara.com/company/careers/roles/7612504?gh_jid=7612504
2026-08-04,IOT,Samsara,Mid Market Account Executive - DACH,EU Sales,"London, England, United Kingdom; Remote - Germany",demand_validated,mid,0,0,0,,,https://www.samsara.com/company/careers/roles/7266176?gh_jid=7266176
2026-08-04,IOT,Samsara,Mid-Market Account Executive - France,EU Sales,Remote - France,demand_validated,mid,0,0,0,,,https://www.samsara.com/company/careers/roles/7571463?gh_jid=7571463
2026-08-04,IOT,Samsara,Mid-Market Account Executive -  French Fluent,Canada,Remote - Montreal,demand_validated,mid,0,0,0,,144875,https://www.samsara.com/company/careers/roles/7926750?gh_jid=7926750
2026-08-04,IOT,Samsara,Mid-Market Account Executive - Mexico,Mexico,Remote - Mexico,demand_validated,mid,0,0,0,,100000,https://www.samsara.com/company/careers/roles/5868615?gh_jid=5868615
2026-08-04,IOT,Samsara,Mid-Market Account Executive - Public Sector,US Public Sector,Remote - NE,demand_validated,mid,0,0,0,,201000,https://www.samsara.com/company/careers/roles/7651593?gh_jid=7651593
2026-08-04,IOT,Samsara,Mid-Market Account Executive - Public Sector,US Public Sector,Remote - SF Bay Area,demand_validated,mid,0,0,0,,201000,https://www.samsara.com/company/careers/roles/7651569?gh_jid=7651569
2026-08-04,IOT,Samsara,Mid-Market Account Executive - Public Sector,US Public Sector,Remote - Chicago,demand_validated,mid,0,0,0,,201000,https://www.samsara.com/company/careers/roles/7651562?gh_jid=7651562
2026-08-04,IOT,Samsara,Mid-Market Account Executive - Public Sector,US Public Sector,Remote - IN,demand_validated,mid,0,0,0,,201000,https://www.samsara.com/company/careers/roles/7651589?gh_jid=7651589
2026-08-04,IOT,Samsara,Mid-Market Account Executive - Public Sector,US Public Sector,Remote - CA,demand_validated,mid,0,0,0,,201000,https://www.samsara.com/company/careers/roles/7651574?gh_jid=7651574
2026-08-04,IOT,Samsara,Mid-Market Account Executive - Public Sector,US Public Sector,Remote - CA,demand_validated,mid,0,0,0,,201000,https://www.samsara.com/company/careers/roles/7651583?gh_jid=7651583
2026-08-04,IOT,Samsara,Mid-Market Account Executive - Public Sector,US Public Sector,Remote - US,demand_validated,mid,0,0,0,,201000,https://www.samsara.com/company/careers/roles/7612559?gh_jid=7612559
2026-08-04,IOT,Samsara,Mid-Market Account Executive - UK&I,EU Sales,"London - UK2; London, England, United Kingdom",demand_validated,mid,0,0,0,,,https://www.samsara.com/company/careers/roles/7613161?gh_jid=7613161
2026-08-04,IOT,Samsara,Partner Sales Engineer,Sales Engineering,London - UK2; Remote - UK,demand_validated,mid,0,0,0,,,https://www.samsara.com/company/careers/roles/7858119?gh_jid=7858119
2026-08-04,IOT,Samsara,Payroll Manager - EMEA,Payroll and Equity,London - UK2,nontech,mid,0,1,0,buzz,,https://www.samsara.com/company/careers/roles/8052199?gh_jid=8052199
2026-08-04,IOT,Samsara,People Analytics AI Engineer,People Experience,Remote - Seattle,product_eng,mid,1,19,1,application|buzz|data_ml_ops|model_infra,183885,https://www.samsara.com/company/careers/roles/7858719?gh_jid=7858719
2026-08-04,IOT,Samsara,People Operations Specialist II,People Experience,Remote - US,nontech,mid,0,1,0,buzz,92663,https://www.samsara.com/company/careers/roles/8068005?gh_jid=8068005
2026-08-04,IOT,Samsara,Pre-Sales Services Consultant (Engagement Services Manager),Customer Success,Remote - US,demand_validated,mid,0,0,0,,127414,https://www.samsara.com/company/careers/roles/8070083?gh_jid=8070083
2026-08-04,IOT,Samsara,Pricing and Revenue Planner,Planning,Remote - Dallas,other,mid,0,0,0,,126540,https://www.samsara.com/company/careers/roles/7892020?gh_jid=7892020
2026-08-04,IOT,Samsara,Principal Business Technology Product Manager,Business Systems,Remote - TX,product_eng,staff_principal,0,4,1,application|buzz,153799,https://www.samsara.com/company/careers/roles/8060732?gh_jid=8060732
2026-08-04,IOT,Samsara,Principal Product Manager,STCE & Maintenance,Remote - SF Bay Area,product_eng,staff_principal,0,1,0,buzz,191100,https://www.samsara.com/company/careers/roles/7604461?gh_jid=7604461
2026-08-04,IOT,Samsara,Product Manager - Revenue Tools,Revenue Operations,Remote - US,product_eng,mid,0,1,0,buzz,146136,https://www.samsara.com/company/careers/roles/7750279?gh_jid=7750279
2026-08-04,IOT,Samsara,Product Operations Manager,R&D Ops,Remote - Canada; Remote - US,nontech,mid,0,1,0,buzz,143151,https://www.samsara.com/company/careers/roles/7729297?gh_jid=7729297
2026-08-04,IOT,Samsara,Product Support Engineer,Engineering Support,Remote - Canada,product_eng,mid,0,0,0,,116025,https://www.samsara.com/company/careers/roles/8060689?gh_jid=8060689
2026-08-04,IOT,Samsara,Product Support Engineer,Engineering Support,Bengaluru - BLR1,product_eng,mid,0,0,0,,,https://www.samsara.com/company/careers/roles/7782002?gh_jid=7782002
2026-08-04,IOT,Samsara,Product Support Engineer,Engineering Support,Remote - US,product_eng,mid,0,0,0,,113246,https://www.samsara.com/company/careers/roles/8016952?gh_jid=8016952
2026-08-04,IOT,Samsara,Product Support Engineer III,Engineering Support,Bengaluru - BLR1,product_eng,mid,0,0,0,,,https://www.samsara.com/company/careers/roles/7960367?gh_jid=7960367
2026-08-04,IOT,Samsara,"Program Manager II, Sales and AI Programs",Revenue Operations,Remote - US,nontech,mid,1,6,1,application|buzz,99394,https://www.samsara.com/company/careers/roles/7742662?gh_jid=7742662
2026-08-04,IOT,Samsara,"Public Policy and Government Affairs Manager, State/Local",Policy,Remote - US,other,mid,0,1,0,buzz,113994,https://www.samsara.com/company/careers/roles/7989914?gh_jid=7989914
2026-08-04,IOT,Samsara,Public Sector Major Account Executive,US Public Sector,Remote - OR,demand_validated,mid,0,0,0,,275000,https://www.samsara.com/company/careers/roles/7612984?gh_jid=7612984
2026-08-04,IOT,Samsara,Public Sector Major Account Executive,US Public Sector,Remote - MN; Remote - NE,demand_validated,mid,0,0,0,,275000,https://www.samsara.com/company/careers/roles/7612978?gh_jid=7612978
2026-08-04,IOT,Samsara,"Regional Sales Director, Strategic Enterprise - UK",EU Sales,Remote - UK,nontech,director,0,0,0,,,https://www.samsara.com/company/careers/roles/7909004?gh_jid=7909004
2026-08-04,IOT,Samsara,Safety Event Review Specialist - New Grad,Safety Review,Bengaluru - BLR1,other,intern,0,0,0,,,https://www.samsara.com/company/careers/roles/8076414?gh_jid=8076414
2026-08-04,IOT,Samsara,Sales Engineer 4 - Associate Specialist,Sales Engineering,Remote - US,demand_validated,mid,0,0,0,,120348,https://www.samsara.com/company/careers/roles/7717258?gh_jid=7717258
2026-08-04,IOT,Samsara,"Sales Engineer II, SE Desk (French Bilingual)",Sales Engineering,Remote - US,demand_validated,mid,0,0,0,,90675,https://www.samsara.com/company/careers/roles/7624120?gh_jid=7624120
2026-08-04,IOT,Samsara,"Sales Engineer II, SE Desk - Mid West",Sales Engineering,Remote - US,demand_validated,mid,0,3,0,buzz|general_medium,90675,https://www.samsara.com/company/careers/roles/7311761?gh_jid=7311761
2026-08-04,IOT,Samsara,"Sales Engineer II, SE Desk - Northeast",Sales Engineering,Remote - US,demand_validated,mid,0,3,0,buzz|general_medium,90675,https://www.samsara.com/company/careers/roles/7311741?gh_jid=7311741
2026-08-04,IOT,Samsara,"Sales Engineer II, SE Desk - Southeast",Sales Engineering,Remote - US,demand_validated,mid,0,3,0,buzz|general_medium,90675,https://www.samsara.com/company/careers/roles/7848351?gh_jid=7848351
2026-08-04,IOT,Samsara,"Sales Engineer II, SE Desk - TOLA",Sales Engineering,Remote - US,demand_validated,mid,0,3,0,buzz|general_medium,90675,https://www.samsara.com/company/careers/roles/7848363?gh_jid=7848363
2026-08-04,IOT,Samsara,Sales Engineer II - Specialist,Sales Engineering,Remote - NYC,demand_validated,mid,0,0,0,,215525,https://www.samsara.com/company/careers/roles/7341443?gh_jid=7341443
2026-08-04,IOT,Samsara,Sales Engineer - Mid-Market Midwest,Sales Engineering,Remote - US,demand_validated,mid,0,3,0,buzz|general_medium,120348,https://www.samsara.com/company/careers/roles/7187197?gh_jid=7187197
2026-08-04,IOT,Samsara,"Sales Engineer, Mid Market - Northeast",Sales Engineering,Remote - US,demand_validated,mid,0,3,0,buzz|general_medium,120348,https://www.samsara.com/company/careers/roles/7848428?gh_jid=7848428
2026-08-04,IOT,Samsara,"Sales Engineer, Mid Market - Public Sector",Sales Engineering,Remote - US,demand_validated,mid,0,3,0,buzz|general_medium,128800,https://www.samsara.com/company/careers/roles/8036863?gh_jid=8036863
2026-08-04,IOT,Samsara,Sales Engineer - Mid-Market Southeast,Sales Engineering,Remote - US,demand_validated,mid,0,3,0,buzz|general_medium,120348,https://www.samsara.com/company/careers/roles/7187159?gh_jid=7187159
2026-08-04,IOT,Samsara,"Sales Engineer, Mid Market - TOLA",Sales Engineering,Remote - TX,demand_validated,mid,0,3,0,buzz|general_medium,120348,https://www.samsara.com/company/careers/roles/7848459?gh_jid=7848459
2026-08-04,IOT,Samsara,Sales Engineer - Mid-Market West,Sales Engineering,Remote - US,demand_validated,mid,0,3,0,buzz|general_medium,120348,https://www.samsara.com/company/careers/roles/7187219?gh_jid=7187219
2026-08-04,IOT,Samsara,"Sales Manager, Mid Market UKI",EU Sales,London - UK2,nontech,mid,0,0,0,,,https://www.samsara.com/company/careers/roles/8007727?gh_jid=8007727
2026-08-04,IOT,Samsara,Sales Operations Manager,Revenue Operations,Remote - US,nontech,mid,0,0,0,,111949,https://www.samsara.com/company/careers/roles/7555217?gh_jid=7555217
2026-08-04,IOT,Samsara,Sales Operations Manager - Enterprise,Revenue Operations,Remote - US,nontech,mid,0,0,0,,116082,https://www.samsara.com/company/careers/roles/7815804?gh_jid=7815804
2026-08-04,IOT,Samsara,Select Major Account Executive (CST),US Enterprise Sales,Remote - MI,demand_validated,mid,0,0,0,,425000,https://www.samsara.com/company/careers/roles/7818248?gh_jid=7818248
2026-08-04,IOT,Samsara,Select Major Account Executive (CST),US Enterprise Sales,Remote - US,demand_validated,mid,0,0,0,,425000,https://www.samsara.com/company/careers/roles/8095469?gh_jid=8095469
2026-08-04,IOT,Samsara,Select Major Account Executive (EST),US Enterprise Sales,Remote - US,demand_validated,mid,0,0,0,,425000,https://www.samsara.com/company/careers/roles/7663706?gh_jid=7663706
2026-08-04,IOT,Samsara,"Senior AI Engineer, Platform",Revenue Operations,Remote - CA,product_eng,senior,1,25,1,application|buzz|data_ml_ops,170665,https://www.samsara.com/company/careers/roles/7618581?gh_jid=7618581
2026-08-04,IOT,Samsara,Senior+ Applied Scientist,Safety AI,Remote - US,other,senior,0,13,1,buzz|general_medium|model_infra,228085,https://www.samsara.com/company/careers/roles/8042166?gh_jid=8042166
2026-08-04,IOT,Samsara,Senior Business Technology Product Manager- Supply Chain Planning,Business Systems,Remote - US,product_eng,senior,0,20,1,application|buzz,164824,https://www.samsara.com/company/careers/roles/8017174?gh_jid=8017174
2026-08-04,IOT,Samsara,Senior Business Value Strategist,Business Value & Strategy,Remote - US,other,senior,0,0,0,,170539,https://www.samsara.com/company/careers/roles/7482355?gh_jid=7482355
2026-08-04,IOT,Samsara,Senior Category Manager,Procurement,Remote - Seattle,other,senior,0,1,0,buzz,118852,https://www.samsara.com/company/careers/roles/8044056?gh_jid=8044056
2026-08-04,IOT,Samsara,Senior Communications Manager - Mexico,Communications,Remote - Mexico,nontech,senior,0,0,0,,1350000,https://www.samsara.com/company/careers/roles/8052363?gh_jid=8052363
2026-08-04,IOT,Samsara,Senior Data Engineer,Business Systems,Remote - US,product_eng,senior,0,10,1,application|buzz,148379,https://www.samsara.com/company/careers/roles/7964565?gh_jid=7964565
2026-08-04,IOT,Samsara,Senior Data Engineer,Platform,Remote - US,product_eng,senior,0,6,1,buzz|general_medium|model_infra,160298,https://www.samsara.com/company/careers/roles/7859702?gh_jid=7859702
2026-08-04,IOT,Samsara,Senior Data Engineer,Platform,Remote - Canada,product_eng,senior,0,6,1,buzz|general_medium|model_infra,147538,https://www.samsara.com/company/careers/roles/7997311?gh_jid=7997311
2026-08-04,IOT,Samsara,Senior Data Engineer,Business Systems,Remote - Canada,product_eng,senior,0,10,1,application|buzz,136500,https://www.samsara.com/company/careers/roles/8025794?gh_jid=8025794
2026-08-04,IOT,Samsara,Senior Data Engineer II,Business Systems,Remote - US,product_eng,senior,0,10,1,application|buzz,168935,https://www.samsara.com/company/careers/roles/8039914?gh_jid=8039914
2026-08-04,IOT,Samsara,Senior Deal Desk Analyst,Deal Desk,Remote - SF Bay Area,other,senior,0,4,1,application|buzz,106466,https://www.samsara.com/company/careers/roles/7974089?gh_jid=7974089
2026-08-04,IOT,Samsara,"Senior Director, Finance Operations",Executive,Remote - US,nontech,director,0,1,0,buzz,213330,https://www.samsara.com/company/careers/roles/7836977?gh_jid=7836977
2026-08-04,IOT,Samsara,Senior Employee Relations Partner (Contractor) ,People Experience,Remote - US,other,senior,0,0,0,,,https://www.samsara.com/company/careers/roles/8021946?gh_jid=8021946
2026-08-04,IOT,Samsara,Senior Hardware Reliability Engineer,Hardware Engineering,"San Francisco, CA, United States",product_eng,senior,0,0,0,,222000,https://www.samsara.com/company/careers/roles/7460051?gh_jid=7460051
2026-08-04,IOT,Samsara,Senior Legal Analyst & Litigation Project Manager,Legal,Remote - US,nontech,senior,0,0,0,,108810,https://www.samsara.com/company/careers/roles/8029100?gh_jid=8029100
2026-08-04,IOT,Samsara,"Senior Manager, Deal Desk - EMEA & Mexico",Deal Desk,London - UK2; Mexico,other,senior,0,0,0,,,https://www.samsara.com/company/careers/roles/7974115?gh_jid=7974115
2026-08-04,IOT,Samsara,"Senior Manager, Finance and Strategy - R&D",Finance and Strategy,Remote - Canada,nontech,senior,0,1,0,buzz,141075,https://www.samsara.com/company/careers/roles/8099165?gh_jid=8099165
2026-08-04,IOT,Samsara,"Senior Manager, Finance and Strategy - R&D",Finance and Strategy,Remote - SF Bay Area,nontech,senior,0,1,0,buzz,165360,https://www.samsara.com/company/careers/roles/7932125?gh_jid=7932125
2026-08-04,IOT,Samsara,Senior Marketing Analytics Manager - BI & Data Architecture,Marketing Systems & Intelligence,Remote - Toronto,product_eng,senior,0,12,1,application|buzz,159412,https://www.samsara.com/company/careers/roles/8099653?gh_jid=8099653
2026-08-04,IOT,Samsara,Senior Marketing Analytics Manager - BI & Data Architecture,Marketing Systems & Intelligence,Remote - US,product_eng,senior,0,12,1,application|buzz,149500,https://www.samsara.com/company/careers/roles/7917475?gh_jid=7917475
2026-08-04,IOT,Samsara,Senior People Technology Analyst - Workday,People Experience,Remote - Austin,other,senior,0,0,0,,120721,https://www.samsara.com/company/careers/roles/8083539?gh_jid=8083539
2026-08-04,IOT,Samsara,Senior Performance Marketing Manager - Paid Social,Growth Marketing,Remote - CA,nontech,senior,0,0,0,,155911,https://www.samsara.com/company/careers/roles/7941390?gh_jid=7941390
2026-08-04,IOT,Samsara,Senior Performance Marketing Manager - Paid Social,Growth Marketing,Remote - Canada,nontech,senior,0,0,0,,136012,https://www.samsara.com/company/careers/roles/7992926?gh_jid=7992926
2026-08-04,IOT,Samsara,Senior Performance Marketing Manager - Paid Social,Growth Marketing,Remote - Mexico,nontech,senior,0,0,0,,,https://www.samsara.com/company/careers/roles/7992933?gh_jid=7992933
2026-08-04,IOT,Samsara,Senior Pipeline Programs Manager,Account Development Representative,Remote - US,other,senior,0,2,0,buzz,139500,https://www.samsara.com/company/careers/roles/8022378?gh_jid=8022378
2026-08-04,IOT,Samsara,Senior Product Design Engineer (Mechanical),Hardware Engineering,Remote - Taiwan,product_eng,senior,0,0,0,,,https://www.samsara.com/company/careers/roles/7842530?gh_jid=7842530
2026-08-04,IOT,Samsara,Senior Product Manager,Telematics,Remote - Canada,product_eng,senior,0,2,0,buzz,138380,https://www.samsara.com/company/careers/roles/8039658?gh_jid=8039658
2026-08-04,IOT,Samsara,Senior Product Manager,Telematics,Remote - US,product_eng,senior,0,2,0,buzz,155911,https://www.samsara.com/company/careers/roles/8035756?gh_jid=8035756
2026-08-04,IOT,Samsara,Senior Product Manager,Telematics,London - UK2; Remote - UK,product_eng,senior,0,2,0,buzz,,https://www.samsara.com/company/careers/roles/8039663?gh_jid=8039663
2026-08-04,IOT,Samsara,"Senior Product Manager, Growth",Marketing Systems & Intelligence,Remote - SF Bay Area,product_eng,senior,0,0,0,,175051,https://www.samsara.com/company/careers/roles/7700461?gh_jid=7700461
2026-08-04,IOT,Samsara,Senior Program Manager - Customer Success Programs,Revenue Operations,Remote - Canada,demand_validated,senior,0,0,0,,121082,https://www.samsara.com/company/careers/roles/8092981?gh_jid=8092981
2026-08-04,IOT,Samsara,Senior Program Manager - Customer Success Programs,Revenue Operations,Remote - US,demand_validated,senior,0,0,0,,119621,https://www.samsara.com/company/careers/roles/8083905?gh_jid=8083905
2026-08-04,IOT,Samsara,"Senior Recruiter, Customer Success",Recruiting,Remote - US,demand_validated,senior,0,1,0,buzz,156400,https://www.samsara.com/company/careers/roles/8053814?gh_jid=8053814
2026-08-04,IOT,Samsara,Senior Recruiting Manager,Recruiting,London - UK2,nontech,senior,0,0,0,,,https://www.samsara.com/company/careers/roles/8067829?gh_jid=8067829
2026-08-04,IOT,Samsara,Senior Security Engineer,IT Security,Remote - UK,product_eng,senior,0,0,0,,,https://www.samsara.com/company/careers/roles/8038153?gh_jid=8038153
2026-08-04,IOT,Samsara,Senior Security Operations Engineer I,IT Security,Remote - US,product_eng,senior,0,0,0,,181590,https://www.samsara.com/company/careers/roles/8021105?gh_jid=8021105
2026-08-04,IOT,Samsara,Senior Security Operations Engineer I,IT Security,Remote - Canada,product_eng,senior,0,0,0,,152100,https://www.samsara.com/company/careers/roles/8027084?gh_jid=8027084
2026-08-04,IOT,Samsara,Senior Software Engineer- Agentic Platform & Integrations (Full Stack),Platform,Remote - Poland,product_eng,senior,0,10,1,application|buzz,,https://www.samsara.com/company/careers/roles/8052685?gh_jid=8052685
2026-08-04,IOT,Samsara,Senior Software Engineer - Connected Workflows,Platform,Remote - US,product_eng,senior,0,0,0,,153450,https://www.samsara.com/company/careers/roles/7847219?gh_jid=7847219
2026-08-04,IOT,Samsara,Senior Software Engineer - Data Platform,Platform,Remote - US,product_eng,senior,0,1,0,buzz,175450,https://www.samsara.com/company/careers/roles/7922530?gh_jid=7922530
2026-08-04,IOT,Samsara,Senior Software Engineer - Data Platform,Platform,Remote - Canada,product_eng,senior,0,1,0,buzz,144788,https://www.samsara.com/company/careers/roles/7992889?gh_jid=7992889
2026-08-04,IOT,Samsara,Senior Software Engineer I - Agent Foundations,Platform,Remote - SF Bay Area,product_eng,senior,0,3,1,application,203500,https://www.samsara.com/company/careers/roles/7349219?gh_jid=7349219
2026-08-04,IOT,Samsara,Senior Software Engineer I - Agent Foundations,Platform,Remote - Canada,product_eng,senior,0,3,1,application,144788,https://www.samsara.com/company/careers/roles/7558088?gh_jid=7558088
2026-08-04,IOT,Samsara,Senior Software Engineer II,Hardware Engineering,Remote - US,product_eng,senior,0,0,0,,181350,https://www.samsara.com/company/careers/roles/8021301?gh_jid=8021301
2026-08-04,IOT,Samsara,Senior Software Engineer II,Safety,Remote - Canada,product_eng,senior,0,10,1,application|buzz,163800,https://www.samsara.com/company/careers/roles/8083934?gh_jid=8083934
2026-08-04,IOT,Samsara,Senior Software Engineer II,Safety,Remote - US,product_eng,senior,0,10,1,application|buzz,207350,https://www.samsara.com/company/careers/roles/8063736?gh_jid=8063736
2026-08-04,IOT,Samsara,Senior Software Engineer II - Agent Foundations,Platform,Remote - US,product_eng,senior,0,3,1,application,223500,https://www.samsara.com/company/careers/roles/7356410?gh_jid=7356410
2026-08-04,IOT,Samsara,"Senior Software Engineer II, Developer Experience / Operational Excellence",Platform,Remote - UK,product_eng,senior,0,1,0,buzz,,https://www.samsara.com/company/careers/roles/7717540?gh_jid=7717540
2026-08-04,IOT,Samsara,"Senior Software Engineer II, DevEx, OPX",Platform,Remote - Canada; Remote - US,product_eng,senior,0,1,0,buzz,207350,https://www.samsara.com/company/careers/roles/8044126?gh_jid=8044126
2026-08-04,IOT,Samsara,Senior Software Engineer II - Web Experience,Platform,Remote - US,product_eng,senior,0,2,0,buzz,207350,https://www.samsara.com/company/careers/roles/8055217?gh_jid=8055217
2026-08-04,IOT,Samsara,Senior Software Engineer I - Route Execution,Telematics,Remote - Canada,product_eng,senior,0,0,0,,163800,https://www.samsara.com/company/careers/roles/7573118?gh_jid=7573118
2026-08-04,IOT,Samsara,Senior Software Engineer I- Route Execution,Telematics,Remote - US,product_eng,senior,0,0,0,,240500,https://www.samsara.com/company/careers/roles/7569229?gh_jid=7569229
2026-08-04,IOT,Samsara,Senior Software Engineer - Safety Detection Precision,Safety,London - UK2,product_eng,senior,0,1,0,buzz,,https://www.samsara.com/company/careers/roles/7966918?gh_jid=7966918
2026-08-04,IOT,Samsara,Senior Supply Chain Manager,Supply Chain,Remote - US,other,senior,0,0,0,,140156,https://www.samsara.com/company/careers/roles/7768924?gh_jid=7768924
2026-08-04,IOT,Samsara,Senior Technical Recruiter,Recruiting,Remote - Canada,nontech,senior,0,2,0,buzz,141375,https://www.samsara.com/company/careers/roles/7871658?gh_jid=7871658
2026-08-04,IOT,Samsara,Senior Technical Recruiter,Recruiting,Remote - US,nontech,senior,0,1,0,buzz,146136,https://www.samsara.com/company/careers/roles/7858218?gh_jid=7858218
2026-08-04,IOT,Samsara,Senior Training Specialist,Customer Success,Remote - US,other,senior,0,1,0,buzz,94511,https://www.samsara.com/company/careers/roles/7822470?gh_jid=7822470
2026-08-04,IOT,Samsara,Senior Trial Success Manager ,Business Value & Strategy,Remote - US,other,senior,0,0,0,,141016,https://www.samsara.com/company/careers/roles/7993670?gh_jid=7993670
2026-08-04,IOT,Samsara,Software Engineer II,Safety,Remote - US,product_eng,mid,0,8,1,application|buzz,152322,https://www.samsara.com/company/careers/roles/8036387?gh_jid=8036387
2026-08-04,IOT,Samsara,"Software Engineer I - New Grad, SF",CTO,San Francisco - SF9,product_eng,intern,0,1,0,buzz,148925,https://www.samsara.com/company/careers/roles/8097343?gh_jid=8097343
2026-08-04,IOT,Samsara,Software Engineering Internship - San Fransisco ,CTO,San Francisco - SF9,product_eng,intern,0,1,0,buzz,,https://www.samsara.com/company/careers/roles/8082091?gh_jid=8082091
2026-08-04,IOT,Samsara,Software Engineering Interns - London,CTO,London - UK2,product_eng,intern,0,1,0,buzz,,https://www.samsara.com/company/careers/roles/8082093?gh_jid=8082093
2026-08-04,IOT,Samsara,Solutions Consultant (Engagement Services Manager),Customer Success,Remote - US,other,mid,0,0,0,,127414,https://www.samsara.com/company/careers/roles/8070084?gh_jid=8070084
2026-08-04,IOT,Samsara,Specialist Seller - Connected Maintenance - Public Sector,Product Specialists,Remote - MA,other,mid,0,0,0,,425000,https://www.samsara.com/company/careers/roles/7961449?gh_jid=7961449
2026-08-04,IOT,Samsara,Specialist Seller - Connected Maintenance - Public Sector,Product Specialists,Remote - LA,other,mid,0,0,0,,425000,https://www.samsara.com/company/careers/roles/7961471?gh_jid=7961471
2026-08-04,IOT,Samsara,Specialist Seller - Connected Maintenance - Public Sector,Product Specialists,Remote - SF Bay Area,other,mid,0,0,0,,425000,https://www.samsara.com/company/careers/roles/7961464?gh_jid=7961464
2026-08-04,IOT,Samsara,Specialist Seller - Connected Maintenance - Public Sector,Product Specialists,Remote - Chicago,other,mid,0,0,0,,425000,https://www.samsara.com/company/careers/roles/7961462?gh_jid=7961462
2026-08-04,IOT,Samsara,Specialist Seller - Connected Maintenance - Public Sector,Product Specialists,Remote - US,other,mid,0,0,0,,425000,https://www.samsara.com/company/careers/roles/7922805?gh_jid=7922805
2026-08-04,IOT,Samsara,Specialist Seller - Connected Maintenance - Public Sector,Product Specialists,Remote - TX,other,mid,0,0,0,,425000,https://www.samsara.com/company/careers/roles/7961459?gh_jid=7961459
2026-08-04,IOT,Samsara,Specialist Seller - Connected Maintenance - Public Sector,Product Specialists,Remote - NY,other,mid,0,0,0,,425000,https://www.samsara.com/company/careers/roles/7961186?gh_jid=7961186
2026-08-04,IOT,Samsara,Specialist Seller - Connected Maintenance - Public Sector,Product Specialists,"Atlanta, Georgia, United States",other,mid,0,0,0,,425000,https://www.samsara.com/company/careers/roles/7961458?gh_jid=7961458
2026-08-04,IOT,Samsara,"Specialist Seller - Core, Enterprise",Product Specialists,Remote - US,other,mid,0,0,0,,189000,https://www.samsara.com/company/careers/roles/7449097?gh_jid=7449097
2026-08-04,IOT,Samsara,Specialist Seller - Enterprise,Product Specialists,Remote - US,other,mid,0,0,0,,425000,https://www.samsara.com/company/careers/roles/7292081?gh_jid=7292081
2026-08-04,IOT,Samsara,"Specialist Seller, Mid-Market",Product Specialists,Remote - Denver,other,mid,0,1,0,buzz,110500,https://www.samsara.com/company/careers/roles/8069601?gh_jid=8069601
2026-08-04,IOT,Samsara,"Specialist Seller, Mid-Market",Product Specialists,Remote - US,other,mid,0,1,0,buzz,110500,https://www.samsara.com/company/careers/roles/7409548?gh_jid=7409548
2026-08-04,IOT,Samsara,"Specialist Seller, Mid-Market",Product Specialists,Remote - MA,other,mid,0,1,0,buzz,110500,https://www.samsara.com/company/careers/roles/8069607?gh_jid=8069607
2026-08-04,IOT,Samsara,"Specialist Seller, Mid-Market",Product Specialists,Remote - NY,other,mid,0,1,0,buzz,110500,https://www.samsara.com/company/careers/roles/8069605?gh_jid=8069605
2026-08-04,IOT,Samsara,"Specialist Seller, Mid-Market",Product Specialists,"San Francisco, CA, United States",other,mid,0,1,0,buzz,110500,https://www.samsara.com/company/careers/roles/8069604?gh_jid=8069604
2026-08-04,IOT,Samsara,"Specialist Seller, Mid-Market",Product Specialists,Remote - Chicago,other,mid,0,1,0,buzz,110500,https://www.samsara.com/company/careers/roles/8069593?gh_jid=8069593
2026-08-04,IOT,Samsara,"Specialist Seller, Mid-Market",Product Specialists,Remote - Dallas,other,mid,0,1,0,buzz,110500,https://www.samsara.com/company/careers/roles/8069595?gh_jid=8069595
2026-08-04,IOT,Samsara,"Specialist Seller, Mid-Market",Product Specialists,Remote - Austin,other,mid,0,1,0,buzz,110500,https://www.samsara.com/company/careers/roles/8069596?gh_jid=8069596
2026-08-04,IOT,Samsara,"Specialist Seller, Mid-Market",Product Specialists,Remote - Houston,other,mid,0,1,0,buzz,110500,https://www.samsara.com/company/careers/roles/8069597?gh_jid=8069597
2026-08-04,IOT,Samsara,"Specialist Seller, Mid-Market",Product Specialists,"Atlanta, Georgia, United States",other,mid,0,1,0,buzz,110500,https://www.samsara.com/company/careers/roles/8069598?gh_jid=8069598
2026-08-04,IOT,Samsara,"Sr. Analyst, Sales Operations",Revenue Operations,Remote - US,nontech,senior,0,0,0,,83346,https://www.samsara.com/company/careers/roles/7592390?gh_jid=7592390
2026-08-04,IOT,Samsara,Sr. Business Operations Analyst - Post Sales ,Sales Business Operations,Remote - US,nontech,senior,0,0,0,,115115,https://www.samsara.com/company/careers/roles/8084045?gh_jid=8084045
2026-08-04,IOT,Samsara,Sr. Data Ops Engineer,Business Systems,Remote - Canada,product_eng,senior,0,1,0,buzz,129188,https://www.samsara.com/company/careers/roles/8029219?gh_jid=8029219
2026-08-04,IOT,Samsara,"Sr. Director, Enablement - Shared Services",Revenue Operations,Remote - US,nontech,director,0,0,0,,182920,https://www.samsara.com/company/careers/roles/8041428?gh_jid=8041428
2026-08-04,IOT,Samsara,"Sr. Director, Field Activation",Revenue Operations,Remote - US,other,director,0,0,0,,182920,https://www.samsara.com/company/careers/roles/8041424?gh_jid=8041424
2026-08-04,IOT,Samsara,Sr. Executive Assistant II,Sales Exec Admin,Remote - SF Bay Area,other,senior,0,4,1,application|buzz,138366,https://www.samsara.com/company/careers/roles/8039057?gh_jid=8039057
2026-08-04,IOT,Samsara,Sr. Image Quality Hardware Engineer,Hardware Engineering,Remote - Taiwan,product_eng,senior,0,0,0,,,https://www.samsara.com/company/careers/roles/7767914?gh_jid=7767914
2026-08-04,IOT,Samsara,Sr. Knowledge Developer,Support,Remote - Mexico,product_eng,senior,0,1,0,buzz,,https://www.samsara.com/company/careers/roles/7951885?gh_jid=7951885
2026-08-04,IOT,Samsara,"Sr. Manager, Customer Success",Customer Success,Remote - US,demand_validated,senior,0,2,0,buzz,186150,https://www.samsara.com/company/careers/roles/8066951?gh_jid=8066951
2026-08-04,IOT,Samsara,"Sr. Manager, Customer Success",Customer Success,Remote - US,demand_validated,senior,0,2,0,buzz,186150,https://www.samsara.com/company/careers/roles/7589195?gh_jid=7589195
2026-08-04,IOT,Samsara,"Sr. Manager, Finance & Strategy - Marketing",Finance and Strategy,"San Francisco, CA, United States",nontech,senior,0,1,0,buzz,165360,https://www.samsara.com/company/careers/roles/8092918?gh_jid=8092918
2026-08-04,IOT,Samsara,"Sr. Manager, New Products Strategy",Revenue Operations,Remote - US,other,senior,0,1,0,buzz,175500,https://www.samsara.com/company/careers/roles/8065687?gh_jid=8065687
2026-08-04,IOT,Samsara,Sr. Marketing Operations Manager - Global Lead Flow,Marketing Systems & Intelligence,Remote - US,nontech,senior,0,2,0,buzz,132308,https://www.samsara.com/company/careers/roles/8053373?gh_jid=8053373
2026-08-04,IOT,Samsara,"Sr. Product Manager I, In-vehicle Experience",Safety,Remote - US,product_eng,senior,0,2,0,buzz,155911,https://www.samsara.com/company/careers/roles/7786156?gh_jid=7786156
2026-08-04,IOT,Samsara,Sr. Product Marketing AI & Operations Manager,Product Marketing,Remote - SF Bay Area,nontech,senior,1,2,0,buzz,159899,https://www.samsara.com/company/careers/roles/7864137?gh_jid=7864137
2026-08-04,IOT,Samsara,Sr. Security Engineer - Enterprise Security,IT Security,Remote - Vancouver,product_eng,senior,0,1,0,buzz,152100,https://www.samsara.com/company/careers/roles/7834975?gh_jid=7834975
2026-08-04,IOT,Samsara,Sr. Security Engineer - Enterprise Security,IT Security,Remote - CA,product_eng,senior,0,1,0,buzz,181591,https://www.samsara.com/company/careers/roles/7752492?gh_jid=7752492
2026-08-04,IOT,Samsara,Sr. Social Producer,Corporate Marketing,San Francisco - SF9,other,senior,0,1,0,buzz,127999,https://www.samsara.com/company/careers/roles/7974884?gh_jid=7974884
2026-08-04,IOT,Samsara,"Sr. Software Engineer, Cloud Platform ",Platform,Remote - UK,product_eng,senior,0,0,0,,,https://www.samsara.com/company/careers/roles/8042387?gh_jid=8042387
2026-08-04,IOT,Samsara,"Sr. Software Engineer II, AI Platform",Revenue Operations,Remote - SF Bay Area,product_eng,senior,1,17,1,application|buzz|data_ml_ops,164450,https://www.samsara.com/company/careers/roles/8050373?gh_jid=8050373
2026-08-04,IOT,Samsara,Sr. Sourcing Analyst,Procurement,Remote - Seattle,other,senior,0,0,0,,94932,https://www.samsara.com/company/careers/roles/8044609?gh_jid=8044609
2026-08-04,IOT,Samsara,"Sr. Support Product Manager, Tooling and Ops",Support,Remote - US,product_eng,senior,0,4,1,application|buzz,145015,https://www.samsara.com/company/careers/roles/7621277?gh_jid=7621277
2026-08-04,IOT,Samsara,"Sr. Support Product Manager, Tooling and Ops",Support,Remote - Toronto,product_eng,senior,0,4,1,application|buzz,140400,https://www.samsara.com/company/careers/roles/7583834?gh_jid=7583834
2026-08-04,IOT,Samsara,Staff Machine Learning Engineer - Edge AI,Safety AI,Remote - US,product_eng,staff_principal,1,11,1,buzz|data_ml_ops|general_medium|model_infra,248820,https://www.samsara.com/company/careers/roles/7266357?gh_jid=7266357
2026-08-04,IOT,Samsara,Staff Machine Learning Engineer - Edge AI,Safety AI,Remote - Canada,product_eng,staff_principal,1,11,1,buzz|data_ml_ops|general_medium|model_infra,202350,https://www.samsara.com/company/careers/roles/7431070?gh_jid=7431070
2026-08-04,IOT,Samsara,Staff Product Design Engineer,Hardware Engineering,San Francisco - SF9,product_eng,staff_principal,0,0,0,,247500,https://www.samsara.com/company/careers/roles/7525300?gh_jid=7525300
2026-08-04,IOT,Samsara,Staff Software Engineer,Platform,Remote - CA,product_eng,staff_principal,0,4,1,application|buzz,226200,https://www.samsara.com/company/careers/roles/7752678?gh_jid=7752678
2026-08-04,IOT,Samsara,Staff Software Engineer - CAM,STCE & Maintenance,Remote - SF Bay Area,product_eng,staff_principal,0,6,0,buzz|data_ml_ops|general_medium,226200,https://www.samsara.com/company/careers/roles/7588828?gh_jid=7588828
2026-08-04,IOT,Samsara,Staff Software Engineer - Platform,Platform,Remote - SF Bay Area,product_eng,staff_principal,0,0,0,,226200,https://www.samsara.com/company/careers/roles/7266385?gh_jid=7266385
2026-08-04,IOT,Samsara,Staff Software Engineer - Platform and Infrastructure,Platform,Bengaluru - BLR1,product_eng,staff_principal,0,0,0,,,https://www.samsara.com/company/careers/roles/7266287?gh_jid=7266287
2026-08-04,IOT,Samsara,"Staff Software Engineer, Routing",Telematics,Remote - CA,product_eng,staff_principal,0,0,0,,290000,https://www.samsara.com/company/careers/roles/7892030?gh_jid=7892030
2026-08-04,IOT,Samsara,Staff Systems Engineering Program Manager,Hardware Engineering,San Francisco - SF9,product_eng,staff_principal,0,0,0,,203450,https://www.samsara.com/company/careers/roles/7266465?gh_jid=7266465
2026-08-04,IOT,Samsara,Strategic Customer Success Manager,Customer Success,Remote - Mexico,demand_validated,mid,0,0,0,,,https://www.samsara.com/company/careers/roles/7960376?gh_jid=7960376
2026-08-04,IOT,Samsara,Strategic Customer Success Manager,Customer Success,Remote - US,demand_validated,mid,0,0,0,,140156,https://www.samsara.com/company/careers/roles/7398075?gh_jid=7398075
2026-08-04,IOT,Samsara,Strategic Customer Success Manager,Customer Success,Remote - Canada,demand_validated,mid,0,0,0,,138513,https://www.samsara.com/company/careers/roles/8010753?gh_jid=8010753
2026-08-04,IOT,Samsara,Strategic Implementation Consultant,Customer Success,Remote - US,demand_validated,mid,0,0,0,,117703,https://www.samsara.com/company/careers/roles/8039126?gh_jid=8039126
2026-08-04,IOT,Samsara,Strategic Implementation Consultant - German Fluency,Customer Success,Remote - UK,demand_validated,mid,0,1,0,buzz,,https://www.samsara.com/company/careers/roles/8074111?gh_jid=8074111
2026-08-04,IOT,Samsara,Strategic Implementation Consultant - Public Sector,Customer Success,Remote - US,demand_validated,mid,0,0,0,,126140,https://www.samsara.com/company/careers/roles/7950044?gh_jid=7950044
2026-08-04,IOT,Samsara,"Supervisor, Data Annotation",Safety Review,Bengaluru - BLR1,other,mid,0,1,0,buzz,,https://www.samsara.com/company/careers/roles/8077147?gh_jid=8077147
2026-08-04,IOT,Samsara,"Supervisor, Sales and Contract Administration",Revenue Operations,Remote - Mexico,nontech,mid,0,0,0,,,https://www.samsara.com/company/careers/roles/8079702?gh_jid=8079702
2026-08-04,IOT,Samsara,Tech Lead Applied Scientist,Safety AI,Remote - US,other,senior,0,8,1,buzz|general_medium|model_infra,278850,https://www.samsara.com/company/careers/roles/7266629?gh_jid=7266629
2026-08-04,IOT,Samsara,Technical Support Engineer,Support,Remote - Mexico,product_eng,mid,0,1,0,buzz,,https://www.samsara.com/company/careers/roles/8068215?gh_jid=8068215
2026-08-04,IOT,Samsara,Technical Support Engineer,Support,Remote - US,product_eng,mid,0,1,0,buzz,83351,https://www.samsara.com/company/careers/roles/8017146?gh_jid=8017146
2026-08-04,DASH,DoorDash,Account Executive,532 Inside Sales,"Charlotte, NC; Raleigh, NC; Tampa, FL; Orlando, FL; Pittsburgh, PA; Richmond, VA; Jacksonville, FL; Columbus, OH; Dallas, TX; Houston, TX; Minneapolis, MN; Nashville, TN; Kansas City, MO; St. Louis, MO; Tempe, AZ; Indianapolis, IN; Oklahoma City, OK; New Orleans, LA; Charleston, SC; Atlanta, GA",demand_validated,mid,0,1,0,buzz,,https://job-boards.greenhouse.io/doordashusa/jobs/7858932
2026-08-04,DASH,DoorDash,Account Executive - CPG Ads,531 Enterprise Outside Sales,"San Francisco, CA; Los Angeles, CA; New York, NY; Chicago, IL; Atlanta, GA",demand_validated,mid,0,0,0,,162680,https://job-boards.greenhouse.io/doordashusa/jobs/7875253
2026-08-04,DASH,DoorDash,"Account Executive, Emerging Markets",532 Inside Sales,"Atlanta, GA; Tempe, AZ; Tampa, FL; Raleigh, NC; Nashville, TN; Las Vegas, NV; Dallas, TX; Houston, TX",demand_validated,mid,0,0,0,,,https://job-boards.greenhouse.io/doordashusa/jobs/8068432
2026-08-04,DASH,DoorDash,Account Executive Enterprise - Ad Sales,531 Enterprise Outside Sales,"Los Angeles, CA; Atlanta, GA; Chicago, IL; Seattle, WA",demand_validated,mid,0,0,0,,195700,https://job-boards.greenhouse.io/doordashusa/jobs/7954255
2026-08-04,DASH,DoorDash,"Account Executive - New Verticals, Enterprise Ad Sales",531 Enterprise Outside Sales,"San Francisco, CA; New York, NY; Los Angeles, CA; Atlanta, GA; Chicago, IL",demand_validated,mid,0,0,0,,195700,https://job-boards.greenhouse.io/doordashusa/jobs/7885134
2026-08-04,DASH,DoorDash,"Account Manager, CPG",531 Enterprise Outside Sales,"New York, NY; San Francisco, CA; Los Angeles, CA; Chicago, IL; Atlanta, GA",other,mid,0,0,0,,145940,https://job-boards.greenhouse.io/doordashusa/jobs/7612643
2026-08-04,DASH,DoorDash,"Account Manager, CPG",531 Enterprise Outside Sales,"New York, NY; San Francisco, CA; Los Angeles, CA; Chicago, IL; Atlanta, GA",other,mid,0,0,0,,121590,https://job-boards.greenhouse.io/doordashusa/jobs/8077011
2026-08-04,DASH,DoorDash,"Account Manager, CPG",531 Enterprise Outside Sales,"New York, NY; Los Angeles, CA; Atlanta, GA; Chicago, IL; San Francisco, CA",other,mid,0,0,0,,121590,https://job-boards.greenhouse.io/doordashusa/jobs/7592588
2026-08-04,DASH,DoorDash,"Account Manager, CPG",531 Enterprise Outside Sales,"San Francisco, CA; New York, NY; Chicago, IL;  Los Angeles, CA; Atlanta, GA",other,mid,0,0,0,,121590,https://job-boards.greenhouse.io/doordashusa/jobs/7852785
2026-08-04,DASH,DoorDash,"Account Manager, Enterprise Ad Sales",531 Enterprise Outside Sales,"New York, NY; San Francisco, CA; Los Angeles, CA; Atlanta, GA; Chicago, IL; United States - Remote",nontech,mid,0,0,0,,121590,https://job-boards.greenhouse.io/doordashusa/jobs/8001716
2026-08-04,DASH,DoorDash,"Account Manager, Enterprise Ad Sales",531 Enterprise Outside Sales,"New York, NY; San Francisco, CA; Los Angeles, CA; Chicago, IL; Atlanta, GA",nontech,mid,0,0,0,,121590,https://job-boards.greenhouse.io/doordashusa/jobs/7951406
2026-08-04,DASH,DoorDash,"Account Manager, Enterprise Ad Sales - Restaurants",531 Enterprise Outside Sales,"New York, NY",nontech,mid,0,0,0,,145940,https://job-boards.greenhouse.io/doordashusa/jobs/7719034
2026-08-04,DASH,DoorDash,"Account Manager, Mid Market CPG Partnerships",531 Enterprise Outside Sales,"New York, NY; Los Angeles, CA; Atlanta, GA; Chicago, IL; San Francisco, CA",other,mid,0,0,0,,121590,https://job-boards.greenhouse.io/doordashusa/jobs/7918661
2026-08-04,DASH,DoorDash,"Account Manager, Platform Innovation",613 Platform Operations,"San Francisco, CA; Los Angeles, CA; Phoenix, AZ; Chicago, IL; Detroit, MI; New York, NY; Philadelphia, PA; Washington, DC",other,mid,0,4,1,application|buzz,126000,https://job-boards.greenhouse.io/doordashusa/jobs/7958917
2026-08-04,DASH,DoorDash,"Account Manager, Restaurants (Bilingual Spanish)",512 Inside Account Management,"Miami, FL;  Atlanta, GA",other,mid,0,1,0,buzz,,https://job-boards.greenhouse.io/doordashusa/jobs/7899497
2026-08-04,DASH,DoorDash,"Account Manager, Retail - Enterprise Ad Sales",531 Enterprise Outside Sales,"Atlanta, GA; Chicago, IL",nontech,mid,0,0,0,,116230,https://job-boards.greenhouse.io/doordashusa/jobs/7482108
2026-08-04,DASH,DoorDash,"Account Manager, SMB",512 Inside Account Management,"Philadelphia, PA",other,mid,0,1,0,buzz,,https://job-boards.greenhouse.io/doordashusa/jobs/8060846
2026-08-04,DASH,DoorDash,"Account Manager, SMB",512 Inside Account Management,"Los Angeles, CA",other,mid,0,1,0,buzz,,https://job-boards.greenhouse.io/doordashusa/jobs/8029215
2026-08-04,DASH,DoorDash,"Account Manager, SMB",512 Inside Account Management,"New York, NY",other,mid,0,1,0,buzz,,https://job-boards.greenhouse.io/doordashusa/jobs/7797778
2026-08-04,DASH,DoorDash,"Account Manager, SMB",512 Inside Account Management,"Austin, TX; Dallas, TX; Houston, TX; San Antonio, TX",other,mid,0,1,0,buzz,,https://job-boards.greenhouse.io/doordashusa/jobs/7797773
2026-08-04,DASH,DoorDash,"Account Manager, SMB",512 Inside Account Management,"Portland, OR; Seattle, WA",other,mid,0,1,0,buzz,,https://job-boards.greenhouse.io/doordashusa/jobs/8060841
2026-08-04,DASH,DoorDash,ACE Specialist,111 Support,"Tempe, AZ",other,mid,0,1,0,buzz,,https://job-boards.greenhouse.io/doordashusa/jobs/8060482
2026-08-04,DASH,DoorDash,"Agency Sales Partner, Enterprise Ad Sales",531 Enterprise Outside Sales,"Chicago, IL; New York, NY",nontech,mid,0,0,0,,190000,https://job-boards.greenhouse.io/doordashusa/jobs/7506876
2026-08-04,DASH,DoorDash,"Agent, Critical Incident Response Team - Chicago, IL",244 Global Safety and Security,"Chicago, IL",other,mid,0,0,0,,,https://job-boards.greenhouse.io/doordashusa/jobs/8093131
2026-08-04,DASH,DoorDash,"AI & Automation Partner, GTM",351 In-Store R&D,"New York, NY",other,mid,1,12,1,application|buzz,121800,https://job-boards.greenhouse.io/doordashusa/jobs/7991290
2026-08-04,DASH,DoorDash,"AI Research Fellowship, (Summer and Fall 2026)",348 University Recruiting Engineering,"San Francisco, CA",other,mid,1,16,1,application|buzz|data_ml_ops|general_medium|model_infra,,https://job-boards.greenhouse.io/doordashusa/jobs/7848317
2026-08-04,DASH,DoorDash,"Analyst, Global Operations Center",244 Global Safety and Security,"Tempe, AZ",nontech,mid,0,0,0,,79475,https://job-boards.greenhouse.io/doordashusa/jobs/7998312
2026-08-04,DASH,DoorDash,Analytics Engineer,318 Data,"San Francisco, CA; Sunnyvale, CA;Seattle, WA",product_eng,mid,0,0,0,,145150,https://job-boards.greenhouse.io/doordashusa/jobs/7028089
2026-08-04,DASH,DoorDash,"Analytics Engineer, Data Science",331 Analytics,"Austin, TX; Chicago, IL; New York, NY; San Francisco, CA; San Jose, CA; Seattle, WA; Los Angeles, CA; Washington D.C.",product_eng,mid,0,0,0,,187000,https://job-boards.greenhouse.io/doordashusa/jobs/7967918
2026-08-04,DASH,DoorDash,Assistant Site Manager,113 Order Fulfillment Management,"Sharon Hill, PA",other,mid,0,0,0,,69450,https://job-boards.greenhouse.io/doordashusa/jobs/7729892
2026-08-04,DASH,DoorDash,Assistant Site Manager,113 Order Fulfillment Management,"Denver, CO",other,mid,0,0,0,,69450,https://job-boards.greenhouse.io/doordashusa/jobs/8046559
2026-08-04,DASH,DoorDash,Assistant Site Manager,113 Order Fulfillment Management,"Roseville, MI",other,mid,0,0,0,,,https://job-boards.greenhouse.io/doordashusa/jobs/8093121
2026-08-04,DASH,DoorDash,Assistant Site Manager,113 Order Fulfillment Management,"Baltimore, MD",other,mid,0,0,0,,69450,https://job-boards.greenhouse.io/doordashusa/jobs/7847229
2026-08-04,DASH,DoorDash,Assistant Site Manager,113 Order Fulfillment Management,"Atlanta, GA",other,mid,0,0,0,,,https://job-boards.greenhouse.io/doordashusa/jobs/7983727
2026-08-04,DASH,DoorDash,Assistant Site Manager,113 Order Fulfillment Management,"Garden City, ID",other,mid,0,0,0,,,https://job-boards.greenhouse.io/doordashusa/jobs/7983731
2026-08-04,DASH,DoorDash,Assistant Site Manager,113 Order Fulfillment Management,"San Antonio, TX",other,mid,0,0,0,,69450,https://job-boards.greenhouse.io/doordashusa/jobs/8067997
2026-08-04,DASH,DoorDash,"Assistant Site Manager, Dashmart",113 Order Fulfillment Management,"Madison, WI",other,mid,0,0,0,,69450,https://job-boards.greenhouse.io/doordashusa/jobs/8059915
2026-08-04,DASH,DoorDash,"Associate, Commerce Platform Logistics",618 Logistics,"San Francisco, CA; New York, NY; United States - Remote",other,mid,0,0,0,,92400,https://job-boards.greenhouse.io/doordashusa/jobs/7993645
2026-08-04,DASH,DoorDash,"Associate, Convenience Partnerships",531 Enterprise Outside Sales,"New York, NY; San Francisco, CA; Los Angeles, CA; Atlanta, GA; Chicago, IL; Austin, TX; Miami, FL",other,mid,0,0,0,,115800,https://job-boards.greenhouse.io/doordashusa/jobs/7985771
2026-08-04,DASH,DoorDash,"Associate, Cx Campaign Operations - Strategic Bets",412 Growth Marketing,"San Francisco, CA; New York, NY; Seattle, WA; Chicago, IL;  Los Angeles, CA; Tempe, AZ; Denver, CO; Boston, MA; Austin, TX; Washington D.C.",nontech,mid,0,0,0,,88200,https://job-boards.greenhouse.io/doordashusa/jobs/7985616
2026-08-04,DASH,DoorDash,"Associate, Drive",613 Platform Operations,"New York, NY; San Francisco, CA",other,mid,0,0,0,,92400,https://job-boards.greenhouse.io/doordashusa/jobs/7684729
2026-08-04,DASH,DoorDash,"Associate, Finance & Strategy - Corporate Finance",232 Finance & Strategy,"Austin, TX; Chicago, IL; Denver, CO; Los Angeles, LA; New York, NY; San Francisco, CA; Seattle, WA",nontech,mid,0,0,0,,107500,https://job-boards.greenhouse.io/doordashusa/jobs/6333525
2026-08-04,DASH,DoorDash,"Associate, Finance & Strategy - New Verticals",232 Finance & Strategy,"San Francisco, CA; Seattle, WA; Los Angeles, CA; Austin, TX; Chicago, IL; New York, NY",nontech,mid,0,0,0,,107500,https://job-boards.greenhouse.io/doordashusa/jobs/8053265
2026-08-04,DASH,DoorDash,"Associate Manager, AI Research Lab Strategy & Operations",314 AI Research Lab,"San Francisco, CA; Sunnyvale, CA; Los Angeles, CA; Seattle, WA; New York, NY",nontech,mid,1,7,1,application|buzz|data_ml_ops,139500,https://job-boards.greenhouse.io/doordashusa/jobs/7658934
2026-08-04,DASH,DoorDash,"Associate Manager, Consumer Integrated Marketing - New Verticals Habituation",412 Growth Marketing,"New York, NY; San Francisco, CA; Chicago, IL; Denver, CO; Boston, MA; Austin, TX; Atlanta, GA; Miami, FL; Seattle, WA; Washington D.C.; United States - Remote",nontech,mid,0,0,0,,134400,https://job-boards.greenhouse.io/doordashusa/jobs/7958799
2026-08-04,DASH,DoorDash,"Associate Manager, Consumer Lifecycle Marketing, New",412 Growth Marketing,"New York, NY",nontech,mid,0,0,0,,134400,https://job-boards.greenhouse.io/doordashusa/jobs/8035314
2026-08-04,DASH,DoorDash,"Associate Manager, DashMart - Grocery Strategy & Operations",633 DashMart Strategy & Operations,"San Francisco, CA; Los Angeles, CA; Seattle, WA; Chicago, IL; Phoenix, AZ; Washington D.C.; New York, NY",nontech,mid,0,1,0,buzz,130200,https://job-boards.greenhouse.io/doordashusa/jobs/8037031
2026-08-04,DASH,DoorDash,"Associate Manager, Integrated Marketing",412 Growth Marketing,"New York, NY; San Francisco, CA",nontech,mid,0,0,0,,134400,https://job-boards.greenhouse.io/doordashusa/jobs/7998424
2026-08-04,DASH,DoorDash,"Associate Manager, Integrated Marketing, Consumer - DashPass Benefits",412 Growth Marketing,"New York, NY; San Francisco, CA; Seattle, WA; Los Angeles, CA; Sunnyvale, CA; Chicago, IL; Austin, TX; Denver, CO; Atlanta, GA; Miami, FL; Boston, MA; Washington D.C.",nontech,mid,0,0,0,,134400,https://job-boards.greenhouse.io/doordashusa/jobs/8082760
2026-08-04,DASH,DoorDash,"Associate Manager, Integrated Marketing, Consumer - Local (Emerging Markets)",412 Growth Marketing,"New York, NY; San Francisco, CA; Seattle, WA; Los Angeles, CA; Sunnyvale, CA; Chicago, IL; Austin, TX; Denver, CO; Atlanta, GA; Miami, FL; Boston, MA; Washington D.C. ",nontech,mid,0,0,0,,102500,https://job-boards.greenhouse.io/doordashusa/jobs/7760015
2026-08-04,DASH,DoorDash,"Associate Manager, International Ads & Promotions",641 Ads & Promotions Strategy,"San Francisco, CA; Seattle, WA; Los Angeles, CA; New York, NY",other,intern,0,0,0,,130200,https://job-boards.greenhouse.io/doordashusa/jobs/7984761
2026-08-04,DASH,DoorDash,"Associate Manager, Marketplace - Restaurant Growth Strategy & Operations",614 Strategy & Operations,"New York, NY",nontech,mid,0,0,0,,130200,https://job-boards.greenhouse.io/doordashusa/jobs/7961650
2026-08-04,DASH,DoorDash,"Associate Manager, Merchant Strategy & Operations",541 Merchant Strategy and Operations,"New York, NY; San Francisco, CA; Seattle, WA; Chicago, IL; Austin, TX; Denver, CO; Atlanta, GA",nontech,mid,0,1,0,buzz,130200,https://job-boards.greenhouse.io/doordashusa/jobs/8052242
2026-08-04,DASH,DoorDash,"Associate Manager, New Verticals - Consumer Pricing & Affordability",632 New Business Verticals,"New York, NY; San Francisco, CA; Los Angeles, CA; Seattle, WA; Washington, DC; Tempe, AZ",other,mid,0,1,0,buzz,130200,https://job-boards.greenhouse.io/doordashusa/jobs/8092065
2026-08-04,DASH,DoorDash,"Associate Manager, New Verticals - Convenience Strategy & Operations",632 New Business Verticals,"New York, NY; San Francisco, CA; Seattle, WA; Los Angeles, CA; Washington D.C.; Tempe, AZ; Chicago, IL",nontech,mid,0,1,0,buzz,130200,https://job-boards.greenhouse.io/doordashusa/jobs/8004278
2026-08-04,DASH,DoorDash,"Associate Manager, New Verticals - Retail Strategy & Operations",632 New Business Verticals,"New York, NY; San Francisco, CA; Seattle, WA; Los Angeles, CA; Chicago, IL; Tempe, AZ; Denver, CO; Washington, DC",nontech,mid,0,1,0,buzz,130200,https://job-boards.greenhouse.io/doordashusa/jobs/8056158
2026-08-04,DASH,DoorDash,"Associate Manager, New Verticals Strategy & Operations - Merchant Finance",541 Merchant Strategy and Operations,"New York, NY; San Francisco, CA; United States - Remote",nontech,mid,0,1,0,buzz,130200,https://job-boards.greenhouse.io/doordashusa/jobs/7996665
2026-08-04,DASH,DoorDash,"Associate Manager, Product Operations",631 Autonomy Operations,"San Francisco, CA",nontech,mid,0,0,0,,105450,https://job-boards.greenhouse.io/doordashusa/jobs/8079346
2026-08-04,DASH,DoorDash,"Associate Manager, Product Operations GTM - Strategy & Operations",613 Platform Operations,"San Francisco, CA; New York, NY; Seattle, WA; Chicago, IL;  Los Angeles, CA; Tempe, AZ; Denver, CO; Boston, MA, Austin, TX, Portland,OR; Washington D.C.",nontech,mid,0,0,0,,130200,https://job-boards.greenhouse.io/doordashusa/jobs/7809178
2026-08-04,DASH,DoorDash,"Associate Manager, Restaurant Off Platform Measurement",641 Ads & Promotions Strategy,"New York, NY; Washington, DC; Atlanta, GA; Miami, FL; Boston, MA; Philadelphia, PA; Chicago, IL; Houston, TX; Dallas, TX; Austin, TX; Phoenix, AZ; Denver, CO; Seattle, WA; Portland, OR; San Francisco, CA; Los Angeles, CA; United States - Remote",other,mid,0,0,0,,130200,https://job-boards.greenhouse.io/doordashusa/jobs/8056412
2026-08-04,DASH,DoorDash,"Associate Manager, Retail Partnerships",531 Enterprise Outside Sales,"San Francisco, CA; New York, NY; Seattle, WA; Chicago, IL;  Los Angeles, CA",other,mid,0,0,0,,136700,https://job-boards.greenhouse.io/doordashusa/jobs/7909102
2026-08-04,DASH,DoorDash,"Associate Manager, Sales Planning & Strategy",536 Sales S&O,"San Francisco, CA; New York, NY; Atlanta, GA; Chicago, IL; Denver, CO; Washington, DC; Austin, TX; Phoenix, AZ; Los Angeles, CA; Seattle, WA; Boston, MA",nontech,mid,0,1,0,buzz,130200,https://job-boards.greenhouse.io/doordashusa/jobs/7984827
2026-08-04,DASH,DoorDash,"Associate Manager, Sales Planning & Strategy, DoorDash for Business",635 DDfB,"New York, NY",nontech,mid,0,1,0,buzz,130200,https://job-boards.greenhouse.io/doordashusa/jobs/8039421
2026-08-04,DASH,DoorDash,"Associate Manager, Sales Strategy & Operations",536 Sales S&O,"Atlanta, GA; Austin, TX; Boston, MA; Chicago, IL; Denver, CO; Los Angeles, CA; New York, NY; Tempe, AZ; San Francisco, CA; Seattle, WA; Washington D.C.",nontech,mid,0,1,0,buzz,130200,https://job-boards.greenhouse.io/doordashusa/jobs/7983274
2026-08-04,DASH,DoorDash,"Associate Manager, Strategy and Operations, Fraud",621 Support Management,"New York, NY; San Francisco, CA; Chicago, IL; United States - Remote",nontech,mid,0,0,0,,130200,https://job-boards.greenhouse.io/doordashusa/jobs/7983403
2026-08-04,DASH,DoorDash,"Associate Manager, Strategy & Operations",613 Platform Operations,"New York, NY; Washington, D.C,; San Francisco, CA",nontech,mid,0,1,0,buzz,130200,https://job-boards.greenhouse.io/doordashusa/jobs/7996727
2026-08-04,DASH,DoorDash,"Associate Manager, Strategy & Operations for Marketing Products, In-Store",636 In-Store S&O,"New York, NY; Miami, FL; Washington D.C.",nontech,mid,0,0,0,,130200,https://job-boards.greenhouse.io/doordashusa/jobs/8064747
2026-08-04,DASH,DoorDash,"Associate Manager, Strategy & Operations (In-Store)",636 In-Store S&O,"New York, NY",nontech,mid,0,0,0,,130200,https://job-boards.greenhouse.io/doordashusa/jobs/7819552
2026-08-04,DASH,DoorDash,"Associate, Marketplace, DashPass S&O",614 Strategy & Operations,"New York, NY",other,mid,0,0,0,,92400,https://job-boards.greenhouse.io/doordashusa/jobs/8096911
2026-08-04,DASH,DoorDash,"Associate, New Verticals - Catalog Strategy & Operations",632 New Business Verticals,"New York, NY; San Francisco, CA; Los Angeles, CA; Chicago, IL; Seattle, WA; Washington, DC; Tempe, AZ",nontech,mid,0,1,0,buzz,92400,https://job-boards.greenhouse.io/doordashusa/jobs/8021914
2026-08-04,DASH,DoorDash,"Associate, New Verticals - Convenience Strategy & Operations",632 New Business Verticals,"New York, NY; San Francisco, CA; Seattle, WA; Los Angeles, CA; Washington D.C.; Tempe, AZ; Mountain View, CA",nontech,mid,0,1,0,buzz,92400,https://job-boards.greenhouse.io/doordashusa/jobs/7980105
2026-08-04,DASH,DoorDash,"Associate, New Verticals - Flex Strategy & Operations",632 New Business Verticals,"New York, NY; San Francisco, CA",nontech,mid,0,1,0,buzz,92400,https://job-boards.greenhouse.io/doordashusa/jobs/8076068
2026-08-04,DASH,DoorDash,"Associate, New Verticals - Fulfillment Strategy & Operations",632 New Business Verticals,"San Francisco, CA; Los Angeles, CA; New York, NY; Chicago, IL; Seattle, WA; Washington D.C.",nontech,mid,0,1,0,buzz,92400,https://job-boards.greenhouse.io/doordashusa/jobs/7525219
2026-08-04,DASH,DoorDash,"Associate Operations Manager, Operational Safety",631 Autonomy Operations,"Oakland, CA; Mesa, AZ",nontech,mid,0,0,0,,125200,https://job-boards.greenhouse.io/doordashusa/jobs/8089918
2026-08-04,DASH,DoorDash,"Associate Operations Manager, Service Operations, Labs",631 Autonomy Operations,"Dublin, CA; Sunnyvale, CA; San Jose, CA",nontech,mid,0,0,0,,125200,https://job-boards.greenhouse.io/doordashusa/jobs/8055720
2026-08-04,DASH,DoorDash,"Associate Ops Manager, Robot",631 Autonomy Operations,"Salt Lake City, UT",other,mid,0,0,0,,,https://job-boards.greenhouse.io/doordashusa/jobs/8072970
2026-08-04,DASH,DoorDash,"Associate, Project Management, Asset Protection and Safety",244 Global Safety and Security,"San Francisco, CA; Los Angeles, CA; New York, NY; Tempe, AZ; Chicago, IL; Seattle, WA; United States - Remote",other,mid,0,0,0,,92400,https://job-boards.greenhouse.io/doordashusa/jobs/8028658
2026-08-04,DASH,DoorDash,"Associate, Retail Partnerships",531 Enterprise Outside Sales,United States - Remote,other,mid,0,0,0,,110700,https://job-boards.greenhouse.io/doordashusa/jobs/7908380
2026-08-04,DASH,DoorDash,"Associate, Revenue Operations - Ads & Promotions",641 Ads & Promotions Strategy,"New York, NY; Washington, DC; Chicago, IL; Seattle, WA; San Francisco, CA; Los Angeles, CA; Phoenix, AZ",nontech,mid,0,1,0,buzz,92400,https://job-boards.greenhouse.io/doordashusa/jobs/8049270
2026-08-04,DASH,DoorDash,Associate Strategic Account Development Executive - Platform,513 Outside Account Development,"Tempe, AZ; Atlanta, GA; Phoenix, AZ; Houston, TX; Dallas, TX Tampa, FL; Orlando, FL; Raleigh, NC; Charlotte, NC; Charleston, SC; Las Vegas, NV; Salt Lake City, UT",other,mid,0,0,0,,138960,https://job-boards.greenhouse.io/doordashusa/jobs/7863361
2026-08-04,DASH,DoorDash,Associate - Strategy and Operations,613 Platform Operations,"Phoenix, AZ; Chicago, IL; San Francisco, CA; United States- Remote",nontech,mid,0,0,0,,92400,https://job-boards.greenhouse.io/doordashusa/jobs/7794002
2026-08-04,DASH,DoorDash,"Associate, Strategy and Operations - Dasher Fraud",621 Support Management,"New York, NY; Chicago, IL",nontech,mid,0,0,0,,92400,https://job-boards.greenhouse.io/doordashusa/jobs/8077587
2026-08-04,DASH,DoorDash,Business Development Lead - Digital Ordering Specialist,531 Enterprise Outside Sales,United States - Remote,other,senior,0,0,0,,186560,https://job-boards.greenhouse.io/doordashusa/jobs/8017119
2026-08-04,DASH,DoorDash,Business Systems Product Owner,545 GTM Technology,"Chicago, IL; Los Angeles, CA; New York, NY; San Francisco, CA; Seattle, WA",other,mid,0,0,0,,150100,https://job-boards.greenhouse.io/doordashusa/jobs/6617009
2026-08-04,DASH,DoorDash,"Catering Concierge Specialist, DoorDash for Business",635 DDfB,"Chicago, IL",other,mid,0,1,0,buzz,,https://job-boards.greenhouse.io/doordashusa/jobs/8089963
2026-08-04,DASH,DoorDash,Client Success Manager,512 Inside Account Management,"San Francisco, CA",other,mid,0,1,0,buzz,,https://job-boards.greenhouse.io/doordashusa/jobs/8060832
2026-08-04,DASH,DoorDash,Corporate Development Manager,211 Corporate Development,"New York, NY; San Francisco, CA; Chicago, IL; Los Angeles, CA",other,mid,0,0,0,,189000,https://job-boards.greenhouse.io/doordashusa/jobs/7811761
2026-08-04,DASH,DoorDash,"Customer Success Manager, SMB",512 Inside Account Management,"Boston, MA",demand_validated,mid,0,1,0,buzz,,https://job-boards.greenhouse.io/doordashusa/jobs/7958977
2026-08-04,DASH,DoorDash,Customer Success Specialist,413 In-Store Marketing,"Chicago, IL",demand_validated,mid,0,0,0,,90340,https://job-boards.greenhouse.io/doordashusa/jobs/7984775
2026-08-04,DASH,DoorDash,Dasher Marketing Manager - New Bets,412 Growth Marketing,"New York, NY; San Francisco, CA; Seattle, WA; Los Angeles, CA; Sunnyvale, CA; Chicago, IL; Austin, TX; Denver, CO; Atlanta, GA; Miami, FL; Boston, MA; Washington, DC",nontech,mid,0,1,0,buzz,176400,https://job-boards.greenhouse.io/doordashusa/jobs/8041387
2026-08-04,DASH,DoorDash,DashMart Team Member,112 Order Fulfillment,"Indianapolis, IN",other,mid,0,1,0,buzz,,https://job-boards.greenhouse.io/doordashusa/jobs/7093699
2026-08-04,DASH,DoorDash,DashMart Team Member - Castleton,112 Order Fulfillment,"Indianapolis, IN",other,mid,0,1,0,buzz,,https://job-boards.greenhouse.io/doordashusa/jobs/6132180
2026-08-04,DASH,DoorDash,DashMart Team Member - Deer Park,112 Order Fulfillment,"Newport News, VA",other,mid,0,1,0,buzz,,https://job-boards.greenhouse.io/doordashusa/jobs/5593102
2026-08-04,DASH,DoorDash,DashMart Team Member - Downtown ,112 Order Fulfillment,"St. Paul, MN",other,mid,0,1,0,buzz,,https://job-boards.greenhouse.io/doordashusa/jobs/8084300
2026-08-04,DASH,DoorDash,DashMart Team Member - Downtown Oklahoma City,112 Order Fulfillment,"Oklahoma City, OK",other,mid,0,1,0,buzz,,https://job-boards.greenhouse.io/doordashusa/jobs/6813470
2026-08-04,DASH,DoorDash,DashMart Team Member - East Memphis,112 Order Fulfillment,"Memphis, TN",other,mid,0,1,0,buzz,,https://job-boards.greenhouse.io/doordashusa/jobs/7163454
2026-08-04,DASH,DoorDash,DashMart Team Member - Grandview,112 Order Fulfillment,"Columbus, OH",other,mid,0,1,0,buzz,,https://job-boards.greenhouse.io/doordashusa/jobs/6133069
2026-08-04,DASH,DoorDash,DashMart Team Member - Jacksonville,112 Order Fulfillment,"Jacksonville, FL",other,mid,0,1,0,buzz,,https://job-boards.greenhouse.io/doordashusa/jobs/6455300
2026-08-04,DASH,DoorDash,DashMart Team Member - Lexington,112 Order Fulfillment,"Lexington, KY",other,mid,0,1,0,buzz,,https://job-boards.greenhouse.io/doordashusa/jobs/4522583
2026-08-04,DASH,DoorDash,DashMart Team Member - Morrow,112 Order Fulfillment,"Morrow, GA",other,mid,0,1,0,buzz,,https://job-boards.greenhouse.io/doordashusa/jobs/7245979
2026-08-04,DASH,DoorDash,DashMart Team Member - North Sacramento,112 Order Fulfillment,"Sacramento, CA",other,mid,0,1,0,buzz,,https://job-boards.greenhouse.io/doordashusa/jobs/7219523
2026-08-04,DASH,DoorDash,DashMart Team Member  - Sharon Hill,112 Order Fulfillment,"Sharon Hill, PA",other,mid,0,1,0,buzz,,https://job-boards.greenhouse.io/doordashusa/jobs/6104302
2026-08-04,DASH,DoorDash,DashMart Team Member - Tallmadge,112 Order Fulfillment,"Akron, OH",other,mid,0,1,0,buzz,,https://job-boards.greenhouse.io/doordashusa/jobs/6770099
2026-08-04,DASH,DoorDash,DashMart Team Member - University ,112 Order Fulfillment,"Charlotte, NC",other,mid,0,1,0,buzz,,https://job-boards.greenhouse.io/doordashusa/jobs/5517406
2026-08-04,DASH,DoorDash,DashMart Team Member - Wick Field,112 Order Fulfillment,"Milwaukee, WI",other,mid,0,1,0,buzz,,https://job-boards.greenhouse.io/doordashusa/jobs/7868745
2026-08-04,DASH,DoorDash,DashMart Variable Schedule Team Member,112 Order Fulfillment,"St. Louis, MO",other,mid,0,1,0,buzz,,https://job-boards.greenhouse.io/doordashusa/jobs/7616101
2026-08-04,DASH,DoorDash,DashMart Variable Schedule Team Member,112 Order Fulfillment,"Tempe, AZ",other,mid,0,1,0,buzz,,https://job-boards.greenhouse.io/doordashusa/jobs/7436104
2026-08-04,DASH,DoorDash,DashMart Variable Schedule Team Member,112 Order Fulfillment,"Morrow, GA",other,mid,0,1,0,buzz,,https://job-boards.greenhouse.io/doordashusa/jobs/7616066
2026-08-04,DASH,DoorDash,"Data Analyst, In-Store",331 Analytics,"New York, NY; San Francisco, CA; San Jose, CA; Seattle, WA; Los Angeles, CA; Washington D.C.; Austin, TX; Chicago, IL",other,mid,0,2,0,buzz,121800,https://job-boards.greenhouse.io/doordashusa/jobs/7990832
2026-08-04,DASH,DoorDash,Data Scientist / Senior Data Scientist,331 Analytics,"San Francisco, CA; Seattle, WA; New York, NY; Los Angeles, CA; Chicago, IL; Austin, TX; Washington D.C.",product_eng,senior,0,1,0,buzz,197550,https://job-boards.greenhouse.io/doordashusa/jobs/6103225
2026-08-04,DASH,DoorDash,"Director, Analytics, Commerce Platform",331 Analytics,"New York,NY; San Francisco, CA; Sunnyvale, CA; Seattle, WA",other,director,0,2,0,general_medium,315000,https://job-boards.greenhouse.io/doordashusa/jobs/7822599
2026-08-04,DASH,DoorDash,"Director, Analytics, New Verticals Consumer",331 Analytics,"New York, NY; San Francisco, CA; Seattle, WA; Sunnyvale, CA",other,director,0,3,0,buzz|general_medium,315000,https://job-boards.greenhouse.io/doordashusa/jobs/8052254
2026-08-04,DASH,DoorDash,"Director, Customer Experience Strategy & Operations",621 Support Management,"San Francisco, CA; New York, NY; Tempe, AZ; Sunnyvale, CA; Ann Arbor, MI; Chicago, IL; Washington, DC; Seattle, WA; Los Angeles, CA",nontech,director,0,1,0,buzz,210000,https://job-boards.greenhouse.io/doordashusa/jobs/7983379
2026-08-04,DASH,DoorDash,"Director, Enterprise Sales & Strategic Partnerships",535 DDfB Sales,"New York, NY; Los Angeles, CA; San Francisco, CA; United States - Remote",nontech,director,0,0,0,,249370,https://job-boards.greenhouse.io/doordashusa/jobs/7895617
2026-08-04,DASH,DoorDash,"Director, Grocery & Retail Services",632 New Business Verticals,"San Francisco, CA; New York, NY; Seattle, WA; Denver, CO; Chicago, IL; Austin, TX; Atlanta, GA; Boston, MA; Miami, FL; United States - Remote",other,director,0,0,0,,243600,https://job-boards.greenhouse.io/doordashusa/jobs/7955008
2026-08-04,DASH,DoorDash,"Director of Engineering, Logistics",342 Logistics Engineering,"San Francisco, CA; Sunnyvale, CA",product_eng,director,0,12,1,application|buzz|data_ml_ops|general_medium|model_infra,331800,https://job-boards.greenhouse.io/doordashusa/jobs/7891795
2026-08-04,DASH,DoorDash,"Director of Sales Enablement, Training & Go-to-Market",536 Sales S&O,"San Francisco, CA; New York City, NY; Atlanta, GA; Chicago, IL; Denver, CO; Washington D.C.; Austin, TX; Phoenix, AZ; Los Angeles, CA; Seattle, WA; Boston, MA",nontech,director,0,11,1,application|buzz,231000,https://job-boards.greenhouse.io/doordashusa/jobs/7976504
2026-08-04,DASH,DoorDash,"Director, Restaurant Ads & Promotions - Strategy & Operations - SMB Growth",641 Ads & Promotions Strategy,"New York, NY; San Francisco, CA; Los Angeles, CA",nontech,director,0,0,0,,243600,https://job-boards.greenhouse.io/doordashusa/jobs/7844261
2026-08-04,DASH,DoorDash,"Director, SMB Account Management – New Verticals",539 SMB New Verticals,"New York, NY; Washington D.C.; Los Angeles, CA; San Francisco, CA; Chicago, IL; Denver, CO; Seattle, WA; Phoenix AZ; Boston MA; United States - Remote",other,director,0,0,0,,258480,https://job-boards.greenhouse.io/doordashusa/jobs/7717824
2026-08-04,DASH,DoorDash,"Director Strategy & Operations, Local Markets ",614 Strategy & Operations,"San Francisco, CA; New York, NY; Seattle, WA; Chicago, IL; Atlanta, GA; Denver, CO; Boston, MA; Austin, TX; Dallas, TX; Houston, TX; Miami, FL",nontech,director,0,1,0,buzz,243600,https://job-boards.greenhouse.io/doordashusa/jobs/7818935
2026-08-04,DASH,DoorDash,"Director, Strategy & Operations – New Business",614 Strategy & Operations,"New York, NY; Chicago, IL; San Francisco, CA; United States - Remote",nontech,director,0,1,0,buzz,243600,https://job-boards.greenhouse.io/doordashusa/jobs/8024630
2026-08-04,DASH,DoorDash,District Manager (Colorado & New Mexico),113 Order Fulfillment Management,"Denver, CO",other,mid,0,0,0,,128450,https://job-boards.greenhouse.io/doordashusa/jobs/7816485
2026-08-04,DASH,DoorDash,District Manager I,113 Order Fulfillment Management,"Minneapolis, MN",other,mid,0,0,0,,100800,https://job-boards.greenhouse.io/doordashusa/jobs/8073139
2026-08-04,DASH,DoorDash,Electrical Engineer - Consumer Electronics,311 Autonomy,"San Francisco, CA",product_eng,mid,0,0,0,,210000,https://job-boards.greenhouse.io/doordashusa/jobs/7685075
2026-08-04,DASH,DoorDash,"Embedded Software Engineer - Labs, DoorDash Air",311 Autonomy,"San Francisco, CA",product_eng,mid,0,1,0,buzz,197400,https://job-boards.greenhouse.io/doordashusa/jobs/6972250
2026-08-04,DASH,DoorDash,"Engineering Manager, Advertiser Experience ",341 Executive Engineering,"New York, NY",product_eng,mid,0,0,0,,239400,https://job-boards.greenhouse.io/doordashusa/jobs/7963175
2026-08-04,DASH,DoorDash,"Engineering Manager, Backend Frameworks",313 Infrastructure Engineering,"San Francisco, CA; Sunnyvale, CA; Seattle, WA; Los Angeles, CA; New York, NY",product_eng,mid,0,1,0,buzz,239400,https://job-boards.greenhouse.io/doordashusa/jobs/7259738
2026-08-04,DASH,DoorDash,"Engineering Manager, Data",318 Data,"San Francisco, CA; Sunnyvale, CA; Seattle, WA",product_eng,mid,0,1,0,buzz,239400,https://job-boards.greenhouse.io/doordashusa/jobs/7580712
2026-08-04,DASH,DoorDash,"Engineering Manager, Discovery Experience",341 Executive Engineering,"San Francisco, CA; Sunnyvale, CA",product_eng,mid,0,3,1,application,239400,https://job-boards.greenhouse.io/doordashusa/jobs/8073192
2026-08-04,DASH,DoorDash,Engineering Manager – Drive Growth & New Bets,341 Executive Engineering,"Sunnyvale, CA; San Francisco, CA; Seattle, WA",product_eng,mid,0,0,0,,239400,https://job-boards.greenhouse.io/doordashusa/jobs/7277325
2026-08-04,DASH,DoorDash,"Engineering Manager, Merchant, AI/ML",341 Executive Engineering,"San Francisco, CA; Sunnyvale, CA; Seattle, WA; New York, NY",product_eng,mid,1,17,1,application|buzz|general_medium,239400,https://job-boards.greenhouse.io/doordashusa/jobs/7456678
2026-08-04,DASH,DoorDash,"Engineering Manager, Merchant Tablet",341 Executive Engineering,"San Francisco, CA; Sunnyvale, CA",product_eng,mid,0,2,0,buzz,239400,https://job-boards.greenhouse.io/doordashusa/jobs/7974972
2026-08-04,DASH,DoorDash,"Engineering Manager, Parcel",341 Executive Engineering,"Sunnyvale, CA; San Francisco, CA; Seattle, WA",product_eng,mid,0,0,0,,239400,https://job-boards.greenhouse.io/doordashusa/jobs/7462896
2026-08-04,DASH,DoorDash,"Engineering Manager, People Applications",242 IT,"Washington D.C.; Austin, TX; Baltimore, MD; Chicago, IL; Hartford, CT; New Haven, CT; Philadelphia, PA; Miami, FL; Atlanta, GA; ",product_eng,mid,0,8,1,application|buzz|model_infra,201600,https://job-boards.greenhouse.io/doordashusa/jobs/7763124
2026-08-04,DASH,DoorDash,"Engineering Manager, Proactive Security",315 Security Engineering,"Los Angeles, CA; San Francisco, CA; New York, NY",product_eng,mid,0,4,1,application|buzz,239400,https://job-boards.greenhouse.io/doordashusa/jobs/7983489
2026-08-04,DASH,DoorDash,"Engineering Manager, Red Team",315 Security Engineering,United States - Remote,product_eng,mid,0,0,0,,239400,https://job-boards.greenhouse.io/doordashusa/jobs/7833708
2026-08-04,DASH,DoorDash,"Engineering Manager, Reliability Platform",313 Infrastructure Engineering,"San Francisco, CA; Sunnyvale, CA; New York City, NY",product_eng,mid,0,9,1,application|buzz|general_medium,239400,https://job-boards.greenhouse.io/doordashusa/jobs/8003929
2026-08-04,DASH,DoorDash,"Engineering Manager, Risk & Identity Platform",341 Executive Engineering,"New York, NY",product_eng,mid,0,0,0,,239400,https://job-boards.greenhouse.io/doordashusa/jobs/7276102
2026-08-04,DASH,DoorDash,Enterprise Account Executive - Ad Sales,531 Enterprise Outside Sales,"Chicago, IL",demand_validated,mid,0,0,0,,234710,https://job-boards.greenhouse.io/doordashusa/jobs/8036633
2026-08-04,DASH,DoorDash,Enterprise Account Executive - CPG Ads,531 Enterprise Outside Sales,"San Francisco, CA; New York, NY; Los Angeles, CA; Atlanta, GA; Chicago, IL",demand_validated,mid,0,0,0,,195700,https://job-boards.greenhouse.io/doordashusa/jobs/7859689
2026-08-04,DASH,DoorDash,Enterprise Account Executive - CPG Ads,531 Enterprise Outside Sales,"San Francisco, CA; New York, NY; Los Angeles, CA; Atlanta, GA; Chicago, IL",demand_validated,mid,0,0,0,,186130,https://job-boards.greenhouse.io/doordashusa/jobs/7909702
2026-08-04,DASH,DoorDash," Enterprise Account Executive, DoorDash for Business",535 DDfB Sales,"Los Angeles, CA",demand_validated,mid,0,1,0,buzz,165440,https://job-boards.greenhouse.io/doordashusa/jobs/8079888
2026-08-04,DASH,DoorDash,"Enterprise Account Executive, DoorDash for Business",535 DDfB Sales,United States - Remote,demand_validated,mid,0,1,0,buzz,137280,https://job-boards.greenhouse.io/doordashusa/jobs/8078714
2026-08-04,DASH,DoorDash,Enterprise Associate - Ad Sales,531 Enterprise Outside Sales,"Chicago, IL",nontech,mid,0,0,0,,119000,https://job-boards.greenhouse.io/doordashusa/jobs/8035659
2026-08-04,DASH,DoorDash,Enterprise Security Engineer,315 Security Engineering,United States - Remote,product_eng,mid,0,1,0,buzz,161300,https://job-boards.greenhouse.io/doordashusa/jobs/7983583
2026-08-04,DASH,DoorDash,Firmware Validation & Integration Engineer,311 Autonomy,"San Francisco, CA; Oakland, CA",product_eng,mid,0,0,0,,239400,https://job-boards.greenhouse.io/doordashusa/jobs/8010514
2026-08-04,DASH,DoorDash,"Flight Test Engineer, DoorDash Air",311 Autonomy,"San Francisco, CA",product_eng,mid,0,0,0,,197400,https://job-boards.greenhouse.io/doordashusa/jobs/8082005
2026-08-04,DASH,DoorDash,"FPV Pilot – Acro Line-of-Sight Specialist, DoorDash Air",631 Autonomy Operations,"Bay Point, CA",other,mid,0,0,0,,,https://job-boards.greenhouse.io/doordashusa/jobs/8068444
2026-08-04,DASH,DoorDash,"Franchise Account Executive, Ad Sales",531 Enterprise Outside Sales,"New York, NY; Atlanta, GA; Chicago, IL",demand_validated,mid,0,0,0,,162680,https://job-boards.greenhouse.io/doordashusa/jobs/8069361
2026-08-04,DASH,DoorDash,"Franchise Account Executive, Ad Sales",531 Enterprise Outside Sales,"New York, NY; San Francisco, CA; Los Angeles, CA; Chicago, IL; Atlanta, GA",demand_validated,mid,0,0,0,,162680,https://job-boards.greenhouse.io/doordashusa/jobs/7697058
2026-08-04,DASH,DoorDash,Franchise Strategic Account Development Executive,513 Outside Account Development,"Austin, TX; San Antonio, TX; Dallas, TX; New York, NY; Long Island, NY",other,mid,0,0,0,,161920,https://job-boards.greenhouse.io/doordashusa/jobs/7952020
2026-08-04,DASH,DoorDash,Fraud Insights Operations Analyst,617 Fraud S&O,"Tempe, AZ",nontech,mid,0,0,0,,,https://job-boards.greenhouse.io/doordashusa/jobs/8038815
2026-08-04,DASH,DoorDash,"Front-End Web Developer, B2B, Marketing Technology",412 Growth Marketing,"San Francisco, CA; New York, NY; Washington D.C.; United States - Remote",product_eng,mid,0,1,0,buzz,134400,https://job-boards.greenhouse.io/doordashusa/jobs/8028899
2026-08-04,DASH,DoorDash,Full-time Line Cook,114 Kitchen Ops,"Redwood City, CA",other,mid,0,0,0,,,https://job-boards.greenhouse.io/doordashusa/jobs/4820117
2026-08-04,DASH,DoorDash,"Ground Support Operator, DoorDash Air",631 Autonomy Operations,"Bay Point, CA; Oakland, CA",nontech,mid,0,0,0,,,https://job-boards.greenhouse.io/doordashusa/jobs/8048543
2026-08-04,DASH,DoorDash,Growth Merchant Lead - Emerging Markets (Boston),533 Outside Sales,"Boston, MA",other,senior,0,0,0,,161920,https://job-boards.greenhouse.io/doordashusa/jobs/8023389
2026-08-04,DASH,DoorDash,Growth Merchant Lead - Emerging Markets (Indiana),533 Outside Sales,"Indianapolis, IN",other,senior,0,0,0,,161920,https://job-boards.greenhouse.io/doordashusa/jobs/7983460
2026-08-04,DASH,DoorDash,Growth Merchant Lead - Emerging Markets (Montana),533 Outside Sales,"Missoula, MT; Helena, MT; Bozeman, MT",other,senior,0,0,0,,,https://job-boards.greenhouse.io/doordashusa/jobs/8023386
2026-08-04,DASH,DoorDash,Growth Merchant Lead - Emerging Markets (New York),533 Outside Sales,"Albany, NY",other,senior,0,0,0,,161920,https://job-boards.greenhouse.io/doordashusa/jobs/8051025
2026-08-04,DASH,DoorDash,Growth Merchant Lead - Emerging Markets (Ohio),533 Outside Sales,"Cincinatti, OH; Columbus, OH",other,senior,0,0,0,,161920,https://job-boards.greenhouse.io/doordashusa/jobs/8072202
2026-08-04,DASH,DoorDash,GTM Program Manager,536 Sales S&O,United States - Remote,other,mid,0,0,0,,155400,https://job-boards.greenhouse.io/doordashusa/jobs/8089089
2026-08-04,DASH,DoorDash,Hardware Integration Engineer,311 Autonomy,"San Francisco, CA",product_eng,mid,0,0,0,,135250,https://job-boards.greenhouse.io/doordashusa/jobs/8070993
2026-08-04,DASH,DoorDash,"Hardware Integration Engineer, DoorDash Air",631 Autonomy Operations,"Oakland, CA; San Francisco, CA",product_eng,mid,0,1,0,buzz,135250,https://job-boards.greenhouse.io/doordashusa/jobs/7947260
2026-08-04,DASH,DoorDash,"Hardware Prototype Engineering Technician, DoorDash Air",631 Autonomy Operations,"San Francisco, CA",product_eng,mid,0,1,0,buzz,,https://job-boards.greenhouse.io/doordashusa/jobs/7272947
2026-08-04,DASH,DoorDash,Hardware Validation Engineer,311 Autonomy,"Oakland, CA",product_eng,mid,0,1,0,buzz,172200,https://job-boards.greenhouse.io/doordashusa/jobs/8090031
2026-08-04,DASH,DoorDash,"Head of Global Revenue Operations, In-Store",413 In-Store Marketing,"New York, NY; Chicago, IL; San Francisco, CA; Washington D.C.; Tempe, AZ; Los Angeles, CA; Seattle, WA; Sunnyvale, CA",nontech,exec,0,0,0,,224550,https://job-boards.greenhouse.io/doordashusa/jobs/7449543
2026-08-04,DASH,DoorDash,"Head of Safety, Robot Operations",631 Autonomy Operations,"San Francisco, CA",nontech,exec,0,0,0,,192450,https://job-boards.greenhouse.io/doordashusa/jobs/8096956
2026-08-04,DASH,DoorDash,Head of Transportation,618 Logistics,"Los Angeles, CA; New York, NY; Atlanta, GA; Chicago, IL",other,exec,0,0,0,,210000,https://job-boards.greenhouse.io/doordashusa/jobs/7793233
2026-08-04,DASH,DoorDash,Industrial Designer,311 Autonomy,"San Francisco, CA",product_eng,mid,0,0,0,,192250,https://job-boards.greenhouse.io/doordashusa/jobs/8021716
2026-08-04,DASH,DoorDash,"Infrastructure Supply Chain Manager, Autonomy & Robotics",311 Autonomy,"Oakland, CA ",other,mid,0,1,0,buzz,161300,https://job-boards.greenhouse.io/doordashusa/jobs/8056130
2026-08-04,DASH,DoorDash,IT Software Asset Management Analyst,242 IT,United States - Remote,other,mid,0,1,0,buzz,117600,https://job-boards.greenhouse.io/doordashusa/jobs/8001229
2026-08-04,DASH,DoorDash,Kitchen Operations Associate,112 Order Fulfillment,"Aurora, CO",nontech,mid,0,0,0,,,https://job-boards.greenhouse.io/doordashusa/jobs/8055684
2026-08-04,DASH,DoorDash,"Kitchen Operations Associate, DashMart",112 Order Fulfillment,"Lexington, KY",nontech,mid,0,0,0,,,https://job-boards.greenhouse.io/doordashusa/jobs/8071680
2026-08-04,DASH,DoorDash,"Kitchen Operations Associate, DashMart",112 Order Fulfillment,"Albuquerque, NM",nontech,mid,0,0,0,,,https://job-boards.greenhouse.io/doordashusa/jobs/8071755
2026-08-04,DASH,DoorDash,"Kitchen Operations Associate, DashMart",112 Order Fulfillment,"Charlotte, NC",nontech,mid,0,0,0,,,https://job-boards.greenhouse.io/doordashusa/jobs/8080849
2026-08-04,DASH,DoorDash,"Kitchen Operations Associate, DashMart",112 Order Fulfillment,"Phoenix, AZ",nontech,mid,0,0,0,,,https://job-boards.greenhouse.io/doordashusa/jobs/8090089
2026-08-04,DASH,DoorDash,"Kitchen Operations Associate, DashMart",112 Order Fulfillment,"Huntsville, AL",nontech,mid,0,0,0,,,https://job-boards.greenhouse.io/doordashusa/jobs/8080871
2026-08-04,DASH,DoorDash,"Kitchen Operations Associate, DashMart",112 Order Fulfillment,"Aurora, CO",nontech,mid,0,0,0,,,https://job-boards.greenhouse.io/doordashusa/jobs/8079769
2026-08-04,DASH,DoorDash,"Kitchen Operations Associate, DashMart",112 Order Fulfillment,"St Louis, MO",nontech,mid,0,0,0,,,https://job-boards.greenhouse.io/doordashusa/jobs/8079764
2026-08-04,DASH,DoorDash,"Kitchen Operations Associate, DashMart",112 Order Fulfillment,"Morrow, GA",nontech,mid,0,0,0,,,https://job-boards.greenhouse.io/doordashusa/jobs/8070776
2026-08-04,DASH,DoorDash,"Kitchen Operations Associate, DashMart",112 Order Fulfillment,"Tucson, AZ",nontech,mid,0,0,0,,,https://job-boards.greenhouse.io/doordashusa/jobs/8079494
2026-08-04,DASH,DoorDash,"Kitchen Operations Associate, DashMart",112 Order Fulfillment,"Norfolk, VA",nontech,mid,0,0,0,,,https://job-boards.greenhouse.io/doordashusa/jobs/8090100
2026-08-04,DASH,DoorDash,"Kitchen Operations Associate, DashMart",112 Order Fulfillment,"Columbia, SC",nontech,mid,0,0,0,,,https://job-boards.greenhouse.io/doordashusa/jobs/8079777
2026-08-04,DASH,DoorDash,"Kitchen Operations Associate, DashMart - DET-6",112 Order Fulfillment,"Roseville, MI; Detroit, MI",nontech,mid,0,0,0,,,https://job-boards.greenhouse.io/doordashusa/jobs/8079773
2026-08-04,DASH,DoorDash,"Kitchen Shift Lead, DashMart",112 Order Fulfillment,"Charlotte, NC",other,senior,0,0,0,,,https://job-boards.greenhouse.io/doordashusa/jobs/8090114
2026-08-04,DASH,DoorDash,"Kitchen Shift Lead, DashMart",112 Order Fulfillment,"Morrow, GA",other,senior,0,0,0,,,https://job-boards.greenhouse.io/doordashusa/jobs/8070780
2026-08-04,DASH,DoorDash,"Kitchen Shift Lead, DashMart",112 Order Fulfillment,"Albuquerque, NM",other,senior,0,0,0,,,https://job-boards.greenhouse.io/doordashusa/jobs/8079479
2026-08-04,DASH,DoorDash,"Kitchen Shift Lead, DashMart",112 Order Fulfillment,"Roseville, MI",other,senior,0,0,0,,,https://job-boards.greenhouse.io/doordashusa/jobs/8075091
2026-08-04,DASH,DoorDash,"Kitchen Shift Lead, DashMart",112 Order Fulfillment,"Tucson, AZ",other,senior,0,0,0,,,https://job-boards.greenhouse.io/doordashusa/jobs/8073148
2026-08-04,DASH,DoorDash,"Kitchen Shift Lead, DashMart",112 Order Fulfillment,"Salt Lake City, UT",other,senior,0,0,0,,,https://job-boards.greenhouse.io/doordashusa/jobs/8090184
2026-08-04,DASH,DoorDash,"Layout Engineer - Labs, DoorDash Air",311 Autonomy,"San Francisco, CA",product_eng,mid,0,0,0,,262100,https://job-boards.greenhouse.io/doordashusa/jobs/8067222
2026-08-04,DASH,DoorDash,Lead Data Scientist,331 Analytics,"San Francisco, CA; Seattle, WA; New York, NY",product_eng,senior,0,0,0,,271350,https://job-boards.greenhouse.io/doordashusa/jobs/7380096
2026-08-04,DASH,DoorDash,"Lead, Enterprise Franchise Sales",515 Enterprise Account Management,"Chicago, IL; Tempe, AZ; United States - Remote",nontech,senior,0,1,0,buzz,121590,https://job-boards.greenhouse.io/doordashusa/jobs/7905980
2026-08-04,DASH,DoorDash,Lead Line Cook,114 Kitchen Ops,"Redwood CIty, CA",other,senior,0,0,0,,,https://job-boards.greenhouse.io/doordashusa/jobs/6722323
2026-08-04,DASH,DoorDash,Line Cook Development Kitchen,114 Kitchen Ops,"Redwood City, CA",other,mid,0,0,0,,,https://job-boards.greenhouse.io/doordashusa/jobs/5976796
2026-08-04,DASH,DoorDash,"Machine Learning Engineer, Marketplace Optimization",341 Executive Engineering,"San Francisco, CA; Sunnyvale, CA",product_eng,mid,1,15,1,buzz|data_ml_ops|general_medium|model_infra,218200,https://job-boards.greenhouse.io/doordashusa/jobs/7580407
2026-08-04,DASH,DoorDash,"Manager, Account Development",534 In-Store Sales,"Los Angeles, CA; Seattle, WA; Denver, CO",other,mid,0,1,0,buzz,214870,https://job-boards.greenhouse.io/doordashusa/jobs/8060855
2026-08-04,DASH,DoorDash,"Manager, Business Development",534 In-Store Sales,"New York, NY",other,mid,0,0,0,,176400,https://job-boards.greenhouse.io/doordashusa/jobs/8053241
2026-08-04,DASH,DoorDash,"Manager, Consumer Paid Marketing",412 Growth Marketing,"New York, NY; San Francisco, CA; Los Angeles, CA",nontech,mid,0,1,0,buzz,176400,https://job-boards.greenhouse.io/doordashusa/jobs/7797916
2026-08-04,DASH,DoorDash,"Manager, Consumer Promotions Strategy",412 Growth Marketing,"New York, NY; San Francisco, CA; Seattle, WA; Los Angeles, CA; Sunnyvale, CA; Chicago, IL; Austin, TX; Denver, CO; Atlanta, GA; Miami, FL; Boston, MA; Washington D.C.",other,mid,0,0,0,,176400,https://job-boards.greenhouse.io/doordashusa/jobs/7977989
2026-08-04,DASH,DoorDash,"Manager, CPG Off Platform Measurement",641 Ads & Promotions Strategy,"New York, NY; San Francisco, CA; Los Angeles, CA; Chicago, IL; Seattle, WA; Washington, DC; Tempe, AZ",other,mid,0,0,0,,168000,https://job-boards.greenhouse.io/doordashusa/jobs/8016044
2026-08-04,DASH,DoorDash,"Manager, Cyber Defense",315 Security Engineering,"New York, NY; Boston, MA; Washington D.C.",other,mid,0,1,0,buzz,239400,https://job-boards.greenhouse.io/doordashusa/jobs/8082737
2026-08-04,DASH,DoorDash,"Manager, Dasher & Logistics - Dasher Financial Strategy & Operations",618 Logistics,"New York, NY; Austin, TX; Washington D.C.; San Francisco, CA; Sunnyvale, CA; Seattle, WA; Los Angeles, CA; Chicago, IL",nontech,mid,0,0,0,,168000,https://job-boards.greenhouse.io/doordashusa/jobs/8065591
2026-08-04,DASH,DoorDash,"Manager, DashMart Fulfillment Services - Strategy & Operations",632 New Business Verticals,"New York, NY; San Francisco, CA; Seattle, WA; Chicago, IL;  Los Angeles, CA; Tempe, AZ; Washington D.C.",nontech,mid,0,1,0,buzz,168000,https://job-boards.greenhouse.io/doordashusa/jobs/7612469
2026-08-04,DASH,DoorDash,"Manager, Data & Analytics, In-Store",351 In-Store R&D,"New York, NY; San Francisco, CA; San Jose, CA; Seattle, WA; Los Angeles, CA; Washington D.C.; Austin, TX; Chicago, IL",other,mid,0,9,1,application|buzz,174700,https://job-boards.greenhouse.io/doordashusa/jobs/7967426
2026-08-04,DASH,DoorDash,"Manager, Data Science",331 Analytics,"San Francisco, CA; Sunnyvale, CA; Seattle, WA; New York, NY; Chicago, IL; Austin, TX",other,mid,0,0,0,,227650,https://job-boards.greenhouse.io/doordashusa/jobs/7812825
2026-08-04,DASH,DoorDash,"Manager, Ecosystem Partnerships & Initiatives",531 Enterprise Outside Sales,"San Francisco, CA; Los Angeles, CA; New York, NY; United States - Remote",other,mid,0,0,0,,176400,https://job-boards.greenhouse.io/doordashusa/jobs/8076663
2026-08-04,DASH,DoorDash,"Manager, Enterprise Strategy & Planning",537 Enterprise Strategy and Operations,"New York, NY",other,mid,0,2,0,buzz,168000,https://job-boards.greenhouse.io/doordashusa/jobs/7951521
2026-08-04,DASH,DoorDash,"Manager, Government Relations - West Region",272 Public Policy,"Sacramento, CA",other,mid,0,0,0,,168000,https://job-boards.greenhouse.io/doordashusa/jobs/8084014
2026-08-04,DASH,DoorDash,"Manager, Inside Account Development",514 Inside Account Development,"Tempe, AZ; Phoenix, AZ; Chicago, IL",other,mid,0,0,0,,165980,https://job-boards.greenhouse.io/doordashusa/jobs/7912807
2026-08-04,DASH,DoorDash,"Manager, Integrated Marketing, Consumer - DashPass Benefits",412 Growth Marketing,"New York, NY; San Francisco, CA; Seattle, WA; Los Angeles, CA; Sunnyvale, CA; Chicago, IL; Austin, TX; Denver, CO; Atlanta, GA; Miami, FL; Boston, MA; Washington D.C.",nontech,mid,0,1,0,buzz,176400,https://job-boards.greenhouse.io/doordashusa/jobs/8009912
2026-08-04,DASH,DoorDash,"Manager, Integrated Marketing, Consumer - DashPass Habituation",412 Growth Marketing,"New York, NY; San Francisco, CA; Seattle, WA; Los Angeles, CA; Sunnyvale, CA; Chicago, IL; Austin, TX; Denver, CO; Atlanta, GA; Miami, FL; Boston, MA; Washington, D.C. ",nontech,mid,0,1,0,buzz,176400,https://job-boards.greenhouse.io/doordashusa/jobs/8010609
2026-08-04,DASH,DoorDash,"Manager, Integrated Marketing, Consumer – Merchant Launches",412 Growth Marketing,"New York, NY; San Francisco, CA; Seattle, WA; Los Angeles, CA; Sunnyvale, CA; Chicago, IL; Austin, TX; Denver, CO; Atlanta, GA; Miami, FL; Boston, MA; Washington D.C.",nontech,mid,0,1,0,buzz,176400,https://job-boards.greenhouse.io/doordashusa/jobs/8001152
2026-08-04,DASH,DoorDash,"Manager, Internal Audit",234 Internal Audit,"San Francisco, CA; Seattle, WA; Los Angeles, CA",other,intern,0,0,0,,153750,https://job-boards.greenhouse.io/doordashusa/jobs/7456766
2026-08-04,DASH,DoorDash,"Manager, Local Markets Growth ",614 Strategy & Operations,"Denver, CO, Seattle, WA; Phoenix, AZ ",other,mid,0,0,0,,168000,https://job-boards.greenhouse.io/doordashusa/jobs/8067442
2026-08-04,DASH,DoorDash,"Manager, Marketing AI Enablement",412 Growth Marketing,United States - Remote,nontech,mid,1,1,0,buzz,176400,https://job-boards.greenhouse.io/doordashusa/jobs/8027367
2026-08-04,DASH,DoorDash,"Manager, Merchant Partnership Marketing",411 Brand Marketing,"New York, NY; San Francisco, CA; Seattle, WA; Los Angeles, CA; Sunnyvale, CA; Chicago, IL; Austin, TX; Denver, CO; Atlanta, GA; Miami, FL; Boston, MA; Washington, DC",nontech,mid,0,0,0,,176400,https://job-boards.greenhouse.io/doordashusa/jobs/8083779
2026-08-04,DASH,DoorDash,"Manager, New Verticals Ads & Promotions",641 Ads & Promotions Strategy,"San Francisco, CA; Los Angeles, CA; New York, NY; Chicago, IL ",other,mid,0,0,0,,168000,https://job-boards.greenhouse.io/doordashusa/jobs/7778759
2026-08-04,DASH,DoorDash,"Manager, New Verticals Merchant Strategy & Operations - Merchant Experience ",541 Merchant Strategy and Operations,"New York, NY; Boston, MA; Washington, D.C.; Atlanta, GA",nontech,mid,0,1,0,buzz,168000,https://job-boards.greenhouse.io/doordashusa/jobs/8100044
2026-08-04,DASH,DoorDash,"Manager, Product Marketing, Ads & Promotions",411 Brand Marketing,"New York, NY; San Francisco, CA; Los Angeles, CA; Seattle, WA; Chicago, IL; Austin, TX; Boston, MA",nontech,mid,0,0,0,,176400,https://job-boards.greenhouse.io/doordashusa/jobs/7977561
2026-08-04,DASH,DoorDash,"Manager, Retail Partnerships",531 Enterprise Outside Sales,"New York, NY; San Francisco, CA",other,mid,0,5,1,application|buzz,204580,https://job-boards.greenhouse.io/doordashusa/jobs/8017132
2026-08-04,DASH,DoorDash,"Manager, Retention Marketing, Commerce Platform",412 Growth Marketing,"New York, NY; San Francisco, CA; Seattle, WA; Los Angeles, CA; Sunnyvale, CA; Chicago, IL; Austin, TX; Denver, CO; Atlanta, GA; Miami, FL; Boston, MA; Washington, DC",nontech,mid,0,0,0,,176400,https://job-boards.greenhouse.io/doordashusa/jobs/8046443
2026-08-04,DASH,DoorDash,"Manager, Sales Enablement",413 In-Store Marketing,United States - Remote,nontech,mid,0,0,0,,151200,https://job-boards.greenhouse.io/doordashusa/jobs/8076002
2026-08-04,DASH,DoorDash,"Manager, Sales Enablement, Commerce Platform",536 Sales S&O,United States - Remote,nontech,mid,0,1,0,buzz,151200,https://job-boards.greenhouse.io/doordashusa/jobs/7729150
2026-08-04,DASH,DoorDash,"Manager, Sales Strategy & Operations",536 Sales S&O,"San Francisco, CA; New York, NY; Atlanta, GA; Chicago, IL; Denver, CO; Washington, DC; Austin, TX; Phoenix, AZ; Los Angeles, CA; Seattle, WA; Boston, MA",nontech,mid,0,1,0,buzz,155400,https://job-boards.greenhouse.io/doordashusa/jobs/7875471
2026-08-04,DASH,DoorDash,"Manager, Sales Strategy & Operations, Commerce Platform",536 Sales S&O,"San Francisco, CA; New York, NY; Atlanta, GA; Chicago, IL; Denver, CO; Washington, DC; Austin, TX; Phoenix, AZ; Los Angeles, CA; Seattle, WA; Boston, MA",nontech,mid,0,1,0,buzz,155400,https://job-boards.greenhouse.io/doordashusa/jobs/8073126
2026-08-04,DASH,DoorDash,"Manager, Strategy & Operations - Core Consumer Experience",614 Strategy & Operations,"New York, NY",nontech,mid,0,6,1,application|buzz|data_ml_ops,168000,https://job-boards.greenhouse.io/doordashusa/jobs/8009023
2026-08-04,DASH,DoorDash,"Manager, Strategy & Operations, DoorDash for Business",635 DDfB,"New York, NY; Seattle, WA; San Francisco, CA; Sunnyvale, CA; Chicago, IL; Denver, CO; Los Angeles, CA",nontech,mid,0,1,0,buzz,168000,https://job-boards.greenhouse.io/doordashusa/jobs/8013164
2026-08-04,DASH,DoorDash,"Manager, Strategy & Operations, DoorDash for Business",635 DDfB,"New York, NY",nontech,mid,0,1,0,buzz,168000,https://job-boards.greenhouse.io/doordashusa/jobs/8048507
2026-08-04,DASH,DoorDash,"Manager, Strategy & Operations, DoorDash for Business",635 DDfB,"New York, NY; San Francisco, CA; Sunnyvale, CA; Chicago, IL; Seattle, WA",nontech,mid,0,0,0,,168000,https://job-boards.greenhouse.io/doordashusa/jobs/8078248
2026-08-04,DASH,DoorDash,"Manager, Technical Program Management - Foundations",317 Engineering Technical Program Management,"San Francisco, CA; Sunnyvale, CA; Seattle, WA",other,mid,0,0,0,,285600,https://job-boards.greenhouse.io/doordashusa/jobs/7862817
2026-08-04,DASH,DoorDash,Manufacturing Quality Engineer,311 Autonomy,"Fremont, CA",product_eng,mid,0,0,0,,172200,https://job-boards.greenhouse.io/doordashusa/jobs/7490108
2026-08-04,DASH,DoorDash,Market Support Manager,113 Order Fulfillment Management,"Detroit, MI",nontech,mid,0,0,0,,100800,https://job-boards.greenhouse.io/doordashusa/jobs/7993370
2026-08-04,DASH,DoorDash,"Materials Program Manager, Autonomy & Robotics",311 Autonomy,"Oakland, CA ",other,mid,0,1,0,buzz,161300,https://job-boards.greenhouse.io/doordashusa/jobs/8056142
2026-08-04,DASH,DoorDash,"Member of Technical Staff, Applied AI Research",341 Executive Engineering,"San Francisco, CA; Sunnyvale, CA",other,staff_principal,1,7,1,application|buzz|model_infra,251400,https://job-boards.greenhouse.io/doordashusa/jobs/7706051
2026-08-04,DASH,DoorDash,Merchant Growth Executive,514 Inside Account Development,"Tempe, AZ; Chicago, IL",other,mid,0,0,0,,,https://job-boards.greenhouse.io/doordashusa/jobs/7975028
2026-08-04,DASH,DoorDash,Merchant Services Team Supervisor,612 Merchant Operations,"Tempe, AZ",other,mid,0,0,0,,,https://job-boards.greenhouse.io/doordashusa/jobs/7932043
2026-08-04,DASH,DoorDash,"Operations Specialist, Commercial Operations Specialist, DoorDash Air",631 Autonomy Operations,"Concord, CA",nontech,mid,0,0,0,,,https://job-boards.greenhouse.io/doordashusa/jobs/7967497
2026-08-04,DASH,DoorDash,"Operations Specialist, Logistics",631 Autonomy Operations,"Mesa, AZ",nontech,mid,0,0,0,,,https://job-boards.greenhouse.io/doordashusa/jobs/7732483
2026-08-04,DASH,DoorDash,"Operations Specialist, Remote Assistance",631 Autonomy Operations,"Tempe, AZ",nontech,mid,0,0,0,,,https://job-boards.greenhouse.io/doordashusa/jobs/8031334
2026-08-04,DASH,DoorDash,"Operations Specialist, Remote Assistance",631 Autonomy Operations,"San Francisco, CA; Dublin, CA; Oakland, CA",nontech,mid,0,0,0,,,https://job-boards.greenhouse.io/doordashusa/jobs/8031327
2026-08-04,DASH,DoorDash,"Operations Specialist, Robot",631 Autonomy Operations,"Dublin, CA; San Francisco, CA",nontech,mid,0,0,0,,,https://job-boards.greenhouse.io/doordashusa/jobs/6813973
2026-08-04,DASH,DoorDash,Outside Account Manager,511 Outside Account Management,"Boston, MA; New York, NY",other,mid,0,0,0,,110720,https://job-boards.greenhouse.io/doordashusa/jobs/7948251
2026-08-04,DASH,DoorDash,Outside Account Manager,511 Outside Account Management,"Los Angeles, CA",other,mid,0,0,0,,110720,https://job-boards.greenhouse.io/doordashusa/jobs/8049157
2026-08-04,DASH,DoorDash,"Partner Operations Analyst, Food Access",272 Public Policy,"Washington D.C.; Atlanta, GA; Philadelphia, PA; Boston, MA; Raleigh, NC; Miami, FL; LA, Seattle, WA; Chicago, IL; Austin, TX; Denver, CO; United States - Remote",nontech,mid,0,0,0,,92400,https://job-boards.greenhouse.io/doordashusa/jobs/8080784
2026-08-04,DASH,DoorDash,"Principal Machine Learning Engineer, Ads & Promos Delivery",347 Ads Engineering,"Sunnyvale, CA",product_eng,staff_principal,1,31,1,application|buzz|general_medium|model_infra,331800,https://job-boards.greenhouse.io/doordashusa/jobs/7760003
2026-08-04,DASH,DoorDash,"Principal Software Engineer, Ads",347 Ads Engineering,"New York, NY; San Francisco, CA; Sunnyvale, CA",product_eng,staff_principal,0,1,0,buzz,331800,https://job-boards.greenhouse.io/doordashusa/jobs/7947255
2026-08-04,DASH,DoorDash,"Product Manager, In-Store",351 In-Store R&D,"New York, NY",product_eng,mid,0,1,0,buzz,197400,https://job-boards.greenhouse.io/doordashusa/jobs/7993015
2026-08-04,DASH,DoorDash,Product Manager (Multiple Levels),322 Product Management,"San Francisco, CA; Seattle, WA; New York, NY",product_eng,mid,0,0,0,,207800,https://job-boards.greenhouse.io/doordashusa/jobs/5523275
2026-08-04,DASH,DoorDash,Prototype Machinist & Fabrication Specialist,631 Autonomy Operations,"San Francisco, CA",other,mid,0,1,0,buzz,,https://job-boards.greenhouse.io/doordashusa/jobs/7657430
2026-08-04,DASH,DoorDash,Regional Merchant Lead,533 Outside Sales,"Boise, ID",other,senior,0,0,0,,,https://job-boards.greenhouse.io/doordashusa/jobs/8062841
2026-08-04,DASH,DoorDash,Regional Merchant Lead,533 Outside Sales,"Hartford, CT",other,senior,0,0,0,,,https://job-boards.greenhouse.io/doordashusa/jobs/7843302
2026-08-04,DASH,DoorDash,Regional Merchant Lead - Chicago,533 Outside Sales,"Chicago, IL",other,senior,0,0,0,,,https://job-boards.greenhouse.io/doordashusa/jobs/8046764
2026-08-04,DASH,DoorDash,Regional Merchant Lead - Indianapolis,533 Outside Sales,"Indianapolis, IN",other,senior,0,0,0,,,https://job-boards.greenhouse.io/doordashusa/jobs/7833913
2026-08-04,DASH,DoorDash,Regional Merchant Lead - Kansas City,533 Outside Sales,"Kansas City, MO",other,senior,0,0,0,,,https://job-boards.greenhouse.io/doordashusa/jobs/7994026
2026-08-04,DASH,DoorDash,Regional Merchant Lead - Milwaukee,533 Outside Sales,"Milwaukee, WI",other,senior,0,0,0,,,https://job-boards.greenhouse.io/doordashusa/jobs/8094844
2026-08-04,DASH,DoorDash,"Regional Merchant Lead, New Verticals ",539 SMB New Verticals,"Philadelphia, PA",other,senior,0,0,0,,,https://job-boards.greenhouse.io/doordashusa/jobs/8065140
2026-08-04,DASH,DoorDash,"Reliability Test Engineer, DoorDash Air",311 Autonomy,"San Francisco, CA",product_eng,mid,0,0,0,,210000,https://job-boards.greenhouse.io/doordashusa/jobs/8017150
2026-08-04,DASH,DoorDash,"Representative, Voice Ordering Accessibility",111 Support,"Tempe, AZ",other,mid,0,0,0,,,https://job-boards.greenhouse.io/doordashusa/jobs/7517223
2026-08-04,DASH,DoorDash,Revenue Data Analyst,231 Accounting,United States - Remote,other,mid,0,0,0,,124300,https://job-boards.greenhouse.io/doordashusa/jobs/8024408
2026-08-04,DASH,DoorDash,"Robotics Software Engineer - Labs, DoorDash Air",311 Autonomy,"San Francisco, CA",product_eng,mid,0,0,0,,207800,https://job-boards.greenhouse.io/doordashusa/jobs/6682078
2026-08-04,DASH,DoorDash,Robot Operations Specialist,631 Autonomy Operations,"Tempe, AZ; Mesa, AZ",nontech,mid,0,0,0,,,https://job-boards.greenhouse.io/doordashusa/jobs/7015062
2026-08-04,DASH,DoorDash,Sales Development Representative - Mandarin Speaking DR,533 Outside Sales,"Boston, MA; Washington, DC; Atlanta, GA; Austin, TX; Baltimore, MD; Hartford, CT; New Haven, CT; Philadelphia, PA; Miami, FL; Chicago, IL; Charlotte, NC; Raleigh-Durham, NC; Tampa, FL; Orlando, FL; Pittsburgh, PA; Richmond, VA; Jacksonville, FL; Columbus, OH; Dallas, TX; Houston, TX; Minneapolis, MN; Nashville, TN; Kansas City, MO; St. Louis, MO",nontech,mid,0,0,0,,,https://job-boards.greenhouse.io/doordashusa/jobs/7951899
2026-08-04,DASH,DoorDash,"Senior Account Executive, Enterprise Franchise Sales",515 Enterprise Account Management,United States - Remote,demand_validated,senior,0,0,0,,,https://job-boards.greenhouse.io/doordashusa/jobs/8074438
2026-08-04,DASH,DoorDash,"Senior Analyst, Third-Party Risk Management (TPRM)",315 Security Engineering,"Milwaukee WI; Chicago, IL; New York, NY; San Francisco, CA; Phoenix, AZ; Austin, TX; United States - Remote",other,senior,0,12,1,application|buzz|model_infra,163800,https://job-boards.greenhouse.io/doordashusa/jobs/8056171
2026-08-04,DASH,DoorDash,"Senior Associate, Dasher Fleet Growth Strategy",412 Growth Marketing,"New York, NY",other,senior,0,0,0,,102500,https://job-boards.greenhouse.io/doordashusa/jobs/7747379
2026-08-04,DASH,DoorDash,"Senior Associate, Dasher & Logistics Strategy & Operations",618 Logistics,"New York City, NY; San Francisco, CA; Los Angeles, CA; Chicago, IL; Seattle, WA; Washington, DC",nontech,senior,0,0,0,,107500,https://job-boards.greenhouse.io/doordashusa/jobs/7913604
2026-08-04,DASH,DoorDash,"Senior Associate, Enterprise Account Management - Restaurants",515 Enterprise Account Management,"New York, NY; Philadelphia, PA; Atlanta, GA; Chicago, IL",other,senior,0,0,0,,121590,https://job-boards.greenhouse.io/doordashusa/jobs/8009035
2026-08-04,DASH,DoorDash,"Senior Associate, Finance & Strategy - New Verticals",232 Finance & Strategy,"San Francisco, CA: Seattle, WA; Los Angeles, CA; Austin, TX; Chicago, IL; New York, NY",nontech,senior,0,0,0,,129350,https://job-boards.greenhouse.io/doordashusa/jobs/8027044
2026-08-04,DASH,DoorDash,"Senior Associate, Food Access",272 Public Policy,"Washington, DC; Atlanta, GA; Philadelphia, PA; Boston, MA; Raleigh-Durham, NC; Miami, FL; Los Angeles, CA; Seattle, WA; Chicago, IL; Austin, TX; Denver, CO; United States - Remote",other,senior,0,4,1,application|buzz,130200,https://job-boards.greenhouse.io/doordashusa/jobs/8081834
2026-08-04,DASH,DoorDash,"Senior Associate, Innovation & New Bets - Strategy & Operations",613 Platform Operations,"New York, NY; Denver, CO; Los Angeles, CA; Chicago, IL; United States - Remote",nontech,senior,0,1,0,buzz,107500,https://job-boards.greenhouse.io/doordashusa/jobs/7654723
2026-08-04,DASH,DoorDash,"Senior Associate, Insights - Strategy & Operations",641 Ads & Promotions Strategy,"San Francisco, CA; New York, NY; Seattle, WA; Chicago, IL; Los Angeles, CA; Tempe, AZ; Washington D.C.",nontech,senior,0,0,0,,107500,https://job-boards.greenhouse.io/doordashusa/jobs/7804393
2026-08-04,DASH,DoorDash,"Senior Associate, In-Store - Strategy & Operations",636 In-Store S&O,"New York, NY",nontech,senior,0,0,0,,107500,https://job-boards.greenhouse.io/doordashusa/jobs/7819679
2026-08-04,DASH,DoorDash,"Senior Associate, Integrated Marketing – Product Marketing",412 Growth Marketing,"New York, NY; San Francisco, CA;  Los Angeles, CA; United States - Remote",nontech,senior,0,0,0,,102500,https://job-boards.greenhouse.io/doordashusa/jobs/7968075
2026-08-04,DASH,DoorDash,"Senior Associate, Marketplace, DashPass Partnerships S&O",614 Strategy & Operations,"San Francisco, CA; Los Angeles, CA; Denver, CO",other,senior,0,1,0,buzz,107500,https://job-boards.greenhouse.io/doordashusa/jobs/7839448
2026-08-04,DASH,DoorDash,"Senior Associate, Marketplace - Restaurant Growth Strategy & Operations",614 Strategy & Operations,"New York, NY; San Francisco, CA",nontech,senior,0,0,0,,107500,https://job-boards.greenhouse.io/doordashusa/jobs/8026972
2026-08-04,DASH,DoorDash,"Senior Associate, Measurement & Ad Tech - Marketing Technology",412 Growth Marketing," New York, NY; San Francisco, CA; Seattle, WA; Los Angeles, CA; Sunnyvale, CA; Chicago, IL; Austin, TX; Denver, CO; Atlanta, GA; Miami, FL; Boston, MA; Washington, D.C. ",nontech,senior,0,10,1,application|buzz,102500,https://job-boards.greenhouse.io/doordashusa/jobs/8016056
2026-08-04,DASH,DoorDash,"Senior Associate, Merchant Live Order Experience",541 Merchant Strategy and Operations,"New York, NY; Chicago, IL; San Francisco, CA; Los Angeles, CA; Seattle, WA; Denver, CO",other,senior,0,0,0,,107500,https://job-boards.greenhouse.io/doordashusa/jobs/8091819
2026-08-04,DASH,DoorDash,"Senior Associate, Merchant Strategy & Operations",541 Merchant Strategy and Operations,"New York, NY; San Francisco, CA; Chicago, IL; Austin, TX; Denver, CO; Los Angeles, CA; Miami, FL; Seattle, WA",nontech,senior,0,1,0,buzz,107500,https://job-boards.greenhouse.io/doordashusa/jobs/8049483
2026-08-04,DASH,DoorDash,"Senior Associate, New Verticals - Enterprise Merchant Strategy & Operations",632 New Business Verticals,"New York, NY; San Francisco, CA; Seattle, WA; Los Angeles, CA; Washington D.C.; Tempe, AZ; Mountain View, CA",nontech,senior,0,1,0,buzz,107500,https://job-boards.greenhouse.io/doordashusa/jobs/7990850
2026-08-04,DASH,DoorDash,"Senior Associate, New Verticals - Grocery Strategy & Operations",632 New Business Verticals,"New York, NY; San Francisco, CA; Washington D.C.",nontech,senior,0,1,0,buzz,107500,https://job-boards.greenhouse.io/doordashusa/jobs/7859504
2026-08-04,DASH,DoorDash,"Senior Associate, Product Marketing",413 In-Store Marketing,United States - Remote,nontech,senior,0,0,0,,117600,https://job-boards.greenhouse.io/doordashusa/jobs/8091749
2026-08-04,DASH,DoorDash,"Senior Associate, Project Management, Asset Protection and Safety",244 Global Safety and Security,"Chicago, IL; Austin, TX; New York, NY; Tempe, AZ; Atlanta, GA; Miami, FL",other,senior,0,0,0,,101650,https://job-boards.greenhouse.io/doordashusa/jobs/7831489
2026-08-04,DASH,DoorDash,"Senior Associate, Risk Intelligence",244 Global Safety and Security,"Tempe, AZ",other,senior,0,1,0,buzz,,https://job-boards.greenhouse.io/doordashusa/jobs/8007467
2026-08-04,DASH,DoorDash,"Senior Associate, Sales Strategy & Operations, Commerce Platform",536 Sales S&O,"New York, NY; Washington D.C.; Los Angeles, CA; San Francisco, CA; Chicago, IL; Denver, CO; Seattle, WA; United States - Remote",nontech,senior,0,1,0,buzz,109200,https://job-boards.greenhouse.io/doordashusa/jobs/7980888
2026-08-04,DASH,DoorDash,"Senior Associate, Strategic Retail Partnerships",531 Enterprise Outside Sales,"New York, NY; San Francisco, CA; Los Angeles, CA; Atlanta, GA; Chicago, IL; Miami, FL",other,senior,0,0,0,,150540,https://job-boards.greenhouse.io/doordashusa/jobs/7557008
2026-08-04,DASH,DoorDash,Senior Associate - Strategy and Operations,613 Platform Operations,"San Francisco, CA; Phoenix, AZ; Chicago, IL; United States - Remote",nontech,senior,0,0,0,,107500,https://job-boards.greenhouse.io/doordashusa/jobs/8078689
2026-08-04,DASH,DoorDash,"Senior Associate, Strategy & Operations - Commerce Platform",613 Platform Operations,"Seattle, WA; New York, NY; San Francisco, CA; Los Angeles, CA; Chicago, IL; Denver, CO",nontech,senior,0,0,0,,107500,https://job-boards.greenhouse.io/doordashusa/jobs/7972396
2026-08-04,DASH,DoorDash,"Senior Associate, Strategy & Operations - Commerce Platform Logistics - Delivery Cost",618 Logistics,"New York, NY; San Francisco, CA; Seattle, WA; Los Angeles, CA; Chicago, IL; Sunnyvale, CA; Austin, TX; Denver, CO; Atlanta, GA; Miami, FL; Boston, MA; Washington, DC; Phoenix, AZ",nontech,senior,0,1,0,buzz,107500,https://job-boards.greenhouse.io/doordashusa/jobs/8071822
2026-08-04,DASH,DoorDash,"Senior Associate, Strategy & Operations, DoorDash for Business",635 DDfB,"New York, NY",nontech,senior,0,1,0,buzz,107500,https://job-boards.greenhouse.io/doordashusa/jobs/8067435
2026-08-04,DASH,DoorDash,"Senior Associate, Strategy & Operations, DoorDash for Business (Large Orders)",635 DDfB,"New York, NY",nontech,senior,0,1,0,buzz,107500,https://job-boards.greenhouse.io/doordashusa/jobs/8078242
2026-08-04,DASH,DoorDash,"Senior Associate, Strategy & Operations, DoorDash for Business (Logistics)",635 DDfB,"San Francisco, CA",nontech,senior,0,1,0,buzz,107500,https://job-boards.greenhouse.io/doordashusa/jobs/8028915
2026-08-04,DASH,DoorDash,"Senior Director, Hardware & Vehicle Development",311 Autonomy,"San Francisco, CA",other,director,0,0,0,,360000,https://job-boards.greenhouse.io/doordashusa/jobs/8020898
2026-08-04,DASH,DoorDash,"Senior Director, Internal Audit",234 Internal Audit,"San Francisco, CA; Seattle, WA; Los Angeles, CA; New York, NY",other,intern,0,6,1,application|buzz,280800,https://job-boards.greenhouse.io/doordashusa/jobs/7406475
2026-08-04,DASH,DoorDash,"Senior Enterprise Account Executive, DoorDash for Business",535 DDfB Sales,United States - Remote,demand_validated,senior,0,1,0,buzz,165440,https://job-boards.greenhouse.io/doordashusa/jobs/8078713
2026-08-04,DASH,DoorDash,"Senior GRC Analyst, HIPAA",315 Security Engineering,United States - Remote,other,senior,0,1,0,buzz,163800,https://job-boards.greenhouse.io/doordashusa/jobs/8030247
2026-08-04,DASH,DoorDash,Senior Implementation Associate,539 SMB New Verticals,"Chicago, IL",demand_validated,senior,0,0,0,,,https://job-boards.greenhouse.io/doordashusa/jobs/7729879
2026-08-04,DASH,DoorDash,"Senior Manager, Customer Experience",621 Support Management,"New York, NY; San Francisco, CA; Seattle, WA; Los Angeles, CA; Chicago, IL; United States -Remote",other,senior,0,1,0,buzz,177150,https://job-boards.greenhouse.io/doordashusa/jobs/7961682
2026-08-04,DASH,DoorDash,"Senior Manager, Customer Experience Partner Success",111 Support,"New York, NY; San Francisco, CA; Phoenix, AZ",other,senior,0,1,0,buzz,177150,https://job-boards.greenhouse.io/doordashusa/jobs/7872005
2026-08-04,DASH,DoorDash,"Senior Manager, DashMart Growth & Pricing - Strategy & Operations",633 DashMart Strategy & Operations,"New York, NY; San Francisco, CA; Chicago, IL; Seattle, WA; Los Angeles, CA; Washington, DC; Phoenix, AZ",nontech,senior,0,4,1,application|buzz,210000,https://job-boards.greenhouse.io/doordashusa/jobs/8098800
2026-08-04,DASH,DoorDash,"Senior Manager, DashPass Strategy & Operations",614 Strategy & Operations,"Los Angeles, CA; San Francisco, CA; Seattle, WA; New York, NY",nontech,senior,0,0,0,,210000,https://job-boards.greenhouse.io/doordashusa/jobs/7990133
2026-08-04,DASH,DoorDash,"Senior Manager, Enterprise Account Management - Restaurants",515 Enterprise Account Management,"New York, NY; Atlanta, GA; Chicago, IL; Boston, MA",other,senior,0,0,0,,194560,https://job-boards.greenhouse.io/doordashusa/jobs/8070518
2026-08-04,DASH,DoorDash,"Senior Manager, Finance & Strategy - Digital Ordering - SaaS",232 Finance & Strategy,"San Francisco, CA; New York, NY; Los Angeles, CA; Seattle, WA; Chicago, IL; Boston, MA; United States - Remote",nontech,senior,0,1,0,buzz,201600,https://job-boards.greenhouse.io/doordashusa/jobs/7875403
2026-08-04,DASH,DoorDash,"Senior Manager, GTM Strategy & Operations, DoorDash for Business  ",635 DDfB,"New York, NY",nontech,senior,0,1,0,buzz,210000,https://job-boards.greenhouse.io/doordashusa/jobs/8049282
2026-08-04,DASH,DoorDash,"Senior Manager, Manufacturing Engineering, DoorDash Air",311 Autonomy,"San Francisco, CA",product_eng,senior,0,0,0,,285600,https://job-boards.greenhouse.io/doordashusa/jobs/8052692
2026-08-04,DASH,DoorDash,"Senior Manager, New Verticals - In Store Intelligence Strategy & Operations",632 New Business Verticals,"New York, NY",nontech,senior,0,4,0,buzz|general_medium,210000,https://job-boards.greenhouse.io/doordashusa/jobs/8030331
2026-08-04,DASH,DoorDash,"Senior Manager, Restaurant Ads & Promotions",641 Ads & Promotions Strategy,"San Francisco, CA; Los Angeles, CA; Seattle, WA; Chicago, IL; New York, NY; Tempe, AZ; Washington D.C.",other,senior,0,0,0,,210000,https://job-boards.greenhouse.io/doordashusa/jobs/8021901
2026-08-04,DASH,DoorDash,"Senior Manager, Sales Planning",536 Sales S&O,"San Francisco, CA; New York, NY",nontech,senior,0,0,0,,186550,https://job-boards.greenhouse.io/doordashusa/jobs/8098900
2026-08-04,DASH,DoorDash,Senior Mechanical Design Engineer - Closures (City Hopper),311 Autonomy,"Oakland, CA",product_eng,senior,0,0,0,,172200,https://job-boards.greenhouse.io/doordashusa/jobs/8068491
2026-08-04,DASH,DoorDash,"Senior Mechanical Design Engineer — Electric Motors, DoorDash Air",311 Autonomy,"San Francisco, CA",product_eng,senior,0,0,0,,173750,https://job-boards.greenhouse.io/doordashusa/jobs/7931673
2026-08-04,DASH,DoorDash,Senior Mechanical Engineer (Robotics) - Dot,311 Autonomy,"Oakland, CA",product_eng,senior,0,0,0,,210000,https://job-boards.greenhouse.io/doordashusa/jobs/7624598
2026-08-04,DASH,DoorDash,Senior Operations Associate - Robot,631 Autonomy Operations,"Mesa, AZ",nontech,senior,0,0,0,,,https://job-boards.greenhouse.io/doordashusa/jobs/8073181
2026-08-04,DASH,DoorDash,Senior Operations Associate - Robot,631 Autonomy Operations,"Dublin, CA",nontech,senior,0,0,0,,105450,https://job-boards.greenhouse.io/doordashusa/jobs/8092311
2026-08-04,DASH,DoorDash,"Senior Operations Specialist, Engineering Testing",631 Autonomy Operations,"Oakland, CA",product_eng,senior,0,0,0,,,https://job-boards.greenhouse.io/doordashusa/jobs/8074768
2026-08-04,DASH,DoorDash,"Senior Operations Specialist, Robot",631 Autonomy Operations,"Phoenix, AZ",nontech,senior,0,0,0,,,https://job-boards.greenhouse.io/doordashusa/jobs/7374376
2026-08-04,DASH,DoorDash,"Senior Operations Specialist, Robot",631 Autonomy Operations,"Fremont, CA; Sunnyvale, CA; San Jose, CA; Dublin, CA",nontech,senior,0,0,0,,,https://job-boards.greenhouse.io/doordashusa/jobs/8089677
2026-08-04,DASH,DoorDash,Senior Payroll Analyst,231 Accounting,United States - Remote,nontech,senior,0,0,0,,117600,https://job-boards.greenhouse.io/doordashusa/jobs/8023474
2026-08-04,DASH,DoorDash,"Senior Product Counsel, AI Data Services & Dasher Tasks",255 Product Counsel,"San Francisco, CA; Los Angeles, CA; Seattle, WA; Chicago, IL; New York, NY; Washington D.C.; United States - Remote",nontech,senior,1,1,0,buzz,264600,https://job-boards.greenhouse.io/doordashusa/jobs/8014319
2026-08-04,DASH,DoorDash,"Senior Product Design Manager, Integrity",321 Product Design,"San Francisco, CA; New York, NY; Seattle, WA",other,senior,0,5,1,application|buzz,257900,https://job-boards.greenhouse.io/doordashusa/jobs/7863636
2026-08-04,DASH,DoorDash,"Senior Product Manager, Trust & Safety, Integrity and Fraud",322 Product Management,"San Francisco, CA; Seattle, WA; New York, NY; Chicago, IL",product_eng,senior,0,1,0,buzz,197400,https://job-boards.greenhouse.io/doordashusa/jobs/7071290
2026-08-04,DASH,DoorDash,"Senior Reliability Engineer, DoorDash Air",311 Autonomy,"San Francisco, CA; Oakland, CA",product_eng,senior,0,0,0,,172200,https://job-boards.greenhouse.io/doordashusa/jobs/8070723
2026-08-04,DASH,DoorDash,"Senior Security Engineer, Red Team",315 Security Engineering,United States - Remote,product_eng,senior,0,1,0,buzz,197400,https://job-boards.greenhouse.io/doordashusa/jobs/7732457
2026-08-04,DASH,DoorDash,"Senior Service Technician, Service Operations, Labs",631 Autonomy Operations,"Dublin, CA",nontech,senior,0,0,0,,,https://job-boards.greenhouse.io/doordashusa/jobs/7891543
2026-08-04,DASH,DoorDash,"Senior Service Technician, Service Operations, Labs (AM Shift)",631 Autonomy Operations,"Mesa, AZ",nontech,senior,0,0,0,,,https://job-boards.greenhouse.io/doordashusa/jobs/8030435
2026-08-04,DASH,DoorDash,"Senior Service Technician, Service Operations, Labs (PM Shift)",631 Autonomy Operations,"Mesa, AZ",product_eng,senior,0,0,0,,,https://job-boards.greenhouse.io/doordashusa/jobs/7545753
2026-08-04,DASH,DoorDash,"Senior Software Engineer, Data Engineering",318 Data,"San Francisco, CA; Sunnyvale, CA, Seattle, WA",product_eng,senior,0,0,0,,207800,https://job-boards.greenhouse.io/doordashusa/jobs/6108388
2026-08-04,DASH,DoorDash,"Senior Software Engineer, iOS",341 Executive Engineering,"Sunnyvale, CA; San Francisco, CA",product_eng,senior,0,1,0,buzz,207800,https://job-boards.greenhouse.io/doordashusa/jobs/5516948
2026-08-04,DASH,DoorDash,"Senior Software Engineer, Machine Learning Infrastructure - Generative AI",313 Infrastructure Engineering,"San Francisco, CA; Sunnyvale, CA; Seattle, WA",product_eng,senior,1,38,1,application|buzz|data_ml_ops|general_medium|model_infra,218200,https://job-boards.greenhouse.io/doordashusa/jobs/8044246
2026-08-04,DASH,DoorDash,"Senior Software Engineer, Motion Planning – DoorDash Labs, DoorDash Air",311 Autonomy,"San Francisco, CA",product_eng,senior,0,1,0,buzz,207500,https://job-boards.greenhouse.io/doordashusa/jobs/7763162
2026-08-04,DASH,DoorDash,"Senior Software Engineer, Spark Platform",318 Data,"San Francisco, CA; Seattle, WA; Sunnyvale, CA; New York, NY",product_eng,senior,0,2,0,data_ml_ops,207800,https://job-boards.greenhouse.io/doordashusa/jobs/8044371
2026-08-04,DASH,DoorDash,Senior Specialist - Partner Integrations,542 Partner Integrations,"New York, NY; San Francisco, CA; Phoenix, AZ; Seattle, WA; Boston, MA",other,senior,0,1,0,buzz,119000,https://job-boards.greenhouse.io/doordashusa/jobs/8021654
2026-08-04,DASH,DoorDash,"Senior Specialist, Partner Integrations",542 Partner Integrations,"Atlanta, GA; New York, NY; San Francisco, CA; Chicago, IL; Washington, DC; Denver, CO",other,senior,0,1,0,buzz,119000,https://job-boards.greenhouse.io/doordashusa/jobs/6531299
2026-08-04,DASH,DoorDash,Senior/Staff Deep Reinforcement Learning Engineer,311 Autonomy,"San Francisco, CA",product_eng,staff_principal,0,19,1,application|buzz|general_medium|model_infra,207500,https://job-boards.greenhouse.io/doordashusa/jobs/7750664
2026-08-04,DASH,DoorDash,Senior Staff Machine Learning Engineer,347 Ads Engineering,"San Francisco, CA; Sunnyvale, CA",product_eng,staff_principal,1,31,1,application|buzz|general_medium|model_infra,299900,https://job-boards.greenhouse.io/doordashusa/jobs/7980080
2026-08-04,DASH,DoorDash,"Senior Staff Machine Learning Engineer, Consumer",346 Consumer Engineering,"San Francisco, CA; Sunnyvale, CA; Seattle, WA",product_eng,staff_principal,1,17,1,application|buzz|general_medium|model_infra,299900,https://job-boards.greenhouse.io/doordashusa/jobs/7967848
2026-08-04,DASH,DoorDash,Senior Staff Software Engineer - Launchpad,341 Executive Engineering,"San Francisco, CA; Sunnyvale, CA;  New York, NY",product_eng,staff_principal,0,1,0,buzz,285600,https://job-boards.greenhouse.io/doordashusa/jobs/7637668
2026-08-04,DASH,DoorDash,"Senior Systems Engineer, DoorDash Air",311 Autonomy,"San Francisco, CA; Oakland, CA",product_eng,senior,0,0,0,,207800,https://job-boards.greenhouse.io/doordashusa/jobs/7983534
2026-08-04,DASH,DoorDash,Senior Technical Program Manager - Foundations Engineering,317 Engineering Technical Program Management,"San Francisco, CA; Seattle, WA; Sunnyvale, CA",product_eng,senior,0,0,0,,207800,https://job-boards.greenhouse.io/doordashusa/jobs/8024176
2026-08-04,DASH,DoorDash,Senior Workplace Investigations Business Partner,256 International Legal,"San Francisco, CA; Tempe, AZ; Seattle, WA; Los Angeles, CA; New York, NY; Denver, CO; Chicago, IL; Austin, TX; United States - Remote",other,senior,0,0,0,,168000,https://job-boards.greenhouse.io/doordashusa/jobs/7951226
2026-08-04,DASH,DoorDash,"Service Technician, Labs",631 Autonomy Operations,"Sunnyvale, CA",other,mid,0,0,0,,,https://job-boards.greenhouse.io/doordashusa/jobs/7894957
2026-08-04,DASH,DoorDash,"Service Technician, Service Operations, Labs",631 Autonomy Operations,"Sunnyvale, CA; Dublin, CA",nontech,mid,0,0,0,,,https://job-boards.greenhouse.io/doordashusa/jobs/7948401
2026-08-04,DASH,DoorDash,"Service Technician, Service Operations, Labs (AM Shift)",631 Autonomy Operations,"Mesa, AZ",nontech,mid,0,0,0,,,https://job-boards.greenhouse.io/doordashusa/jobs/8030446
2026-08-04,DASH,DoorDash,"Service Technician, Service Operations, Labs (PM Shift)",631 Autonomy Operations,"Mesa, AZ",product_eng,mid,0,0,0,,,https://job-boards.greenhouse.io/doordashusa/jobs/7491310
2026-08-04,DASH,DoorDash,Shift Lead,112 Order Fulfillment,"Sterling Heights, MI",other,senior,0,0,0,,,https://job-boards.greenhouse.io/doordashusa/jobs/7230365
2026-08-04,DASH,DoorDash,Shift Lead,112 Order Fulfillment,"Toledo, OH",other,senior,0,0,0,,,https://job-boards.greenhouse.io/doordashusa/jobs/7336853
2026-08-04,DASH,DoorDash,Shift Lead,112 Order Fulfillment,"Cincinnati, OH",other,senior,0,0,0,,,https://job-boards.greenhouse.io/doordashusa/jobs/7905619
2026-08-04,DASH,DoorDash,Shift Lead,112 Order Fulfillment,"Grand Rapids, MI",other,senior,0,0,0,,,https://job-boards.greenhouse.io/doordashusa/jobs/7983736
2026-08-04,DASH,DoorDash,Shift Lead ,112 Order Fulfillment,"Louisville, KY",other,senior,0,0,0,,,https://job-boards.greenhouse.io/doordashusa/jobs/6631675
2026-08-04,DASH,DoorDash,Shift Lead ,112 Order Fulfillment,"Raleigh, NC",other,senior,0,0,0,,,https://job-boards.greenhouse.io/doordashusa/jobs/6169266
2026-08-04,DASH,DoorDash,Shift Lead - Ardmore,112 Order Fulfillment,"Winston-Salem, NC",other,senior,0,0,0,,,https://job-boards.greenhouse.io/doordashusa/jobs/4441674
2026-08-04,DASH,DoorDash,Shift Lead - Aurora,112 Order Fulfillment,"Aurora, CO",other,senior,0,0,0,,,https://job-boards.greenhouse.io/doordashusa/jobs/6819210
2026-08-04,DASH,DoorDash,Shift Lead - Bayview,112 Order Fulfillment,"San Francisco, CA",other,senior,0,0,0,,,https://job-boards.greenhouse.io/doordashusa/jobs/6338457
2026-08-04,DASH,DoorDash,Shift Lead - Central Harlem,112 Order Fulfillment,"Philadelphia, PA",other,senior,0,0,0,,,https://job-boards.greenhouse.io/doordashusa/jobs/7368098
2026-08-04,DASH,DoorDash,Shift Lead - Central Harlem ,112 Order Fulfillment,"Central Harlem, NY",other,senior,0,0,0,,,https://job-boards.greenhouse.io/doordashusa/jobs/6603221
2026-08-04,DASH,DoorDash,Shift Lead - Cherry Hill,112 Order Fulfillment,"Cherry Hill, NJ",other,senior,0,0,0,,,https://job-boards.greenhouse.io/doordashusa/jobs/4441676
2026-08-04,DASH,DoorDash,"Shift Lead - Chicago, IL",112 Order Fulfillment,"Chicago, IL",other,senior,0,0,0,,,https://job-boards.greenhouse.io/doordashusa/jobs/7144500
2026-08-04,DASH,DoorDash,Shift Lead - Congaree Vista,112 Order Fulfillment,"Columbia, SC ",other,senior,0,0,0,,,https://job-boards.greenhouse.io/doordashusa/jobs/4441678
2026-08-04,DASH,DoorDash,"Shift Lead, Dashmart",112 Order Fulfillment,"Swissvale, PA",other,senior,0,0,0,,,https://job-boards.greenhouse.io/doordashusa/jobs/7908802
2026-08-04,DASH,DoorDash,"Shift Lead, Dashmart",112 Order Fulfillment,"Phoenix, AZ",other,senior,0,0,0,,,https://job-boards.greenhouse.io/doordashusa/jobs/7144702
2026-08-04,DASH,DoorDash,"Shift Lead, Dashmart",112 Order Fulfillment,"Norfolk, VA",other,senior,0,0,0,,,https://job-boards.greenhouse.io/doordashusa/jobs/7517631
2026-08-04,DASH,DoorDash,"Shift Lead, Dashmart - Wick Field",112 Order Fulfillment,"Milwaukee, WI",other,senior,0,0,0,,,https://job-boards.greenhouse.io/doordashusa/jobs/8051915
2026-08-04,DASH,DoorDash,Shift Lead - Decatur,112 Order Fulfillment,"Decatur, GA",other,senior,0,0,0,,,https://job-boards.greenhouse.io/doordashusa/jobs/6821409
2026-08-04,DASH,DoorDash,Shift Lead - Deer Park,112 Order Fulfillment,"Newport News, VA",other,senior,0,0,0,,,https://job-boards.greenhouse.io/doordashusa/jobs/4940865
2026-08-04,DASH,DoorDash,Shift Lead - Downers Grove,112 Order Fulfillment,"Downers Grove, IL",other,senior,0,0,0,,,https://job-boards.greenhouse.io/doordashusa/jobs/8096521
2026-08-04,DASH,DoorDash,Shift Lead - Draper,112 Order Fulfillment,"Draper, UT",other,senior,0,0,0,,,https://job-boards.greenhouse.io/doordashusa/jobs/5834559
2026-08-04,DASH,DoorDash,Shift Lead - East Chattanooga,112 Order Fulfillment,"Chattanooga, TN",other,senior,0,0,0,,,https://job-boards.greenhouse.io/doordashusa/jobs/6973900
2026-08-04,DASH,DoorDash,Shift Lead - East Cobb,112 Order Fulfillment,"Marietta, GA",other,senior,0,0,0,,,https://job-boards.greenhouse.io/doordashusa/jobs/4441684
2026-08-04,DASH,DoorDash,Shift Lead - Eastside,112 Order Fulfillment,"Syracuse, New York",other,senior,0,0,0,,,https://job-boards.greenhouse.io/doordashusa/jobs/7683334
2026-08-04,DASH,DoorDash,Shift Lead - Edison,112 Order Fulfillment,"Kalamazoo, MI",other,senior,0,0,0,,,https://job-boards.greenhouse.io/doordashusa/jobs/7190936
2026-08-04,DASH,DoorDash,Shift Lead - Halethorpe,112 Order Fulfillment,"Baltimore, MD",other,senior,0,0,0,,,https://job-boards.greenhouse.io/doordashusa/jobs/5327650
2026-08-04,DASH,DoorDash,Shift Lead - Harrisburg,112 Order Fulfillment,"Harrisburg, PA",other,senior,0,0,0,,,https://job-boards.greenhouse.io/doordashusa/jobs/5328372
2026-08-04,DASH,DoorDash,Shift Lead - Huntsville,112 Order Fulfillment,"Huntsville, AL",other,senior,0,0,0,,,https://job-boards.greenhouse.io/doordashusa/jobs/6956796
2026-08-04,DASH,DoorDash,Shift Lead - Landmark,112 Order Fulfillment,"Alexandria, VA",other,senior,0,0,0,,,https://job-boards.greenhouse.io/doordashusa/jobs/3623888
2026-08-04,DASH,DoorDash,Shift Lead - Las Vegas,112 Order Fulfillment,"Las Vegas, NV",other,senior,0,0,0,,,https://job-boards.greenhouse.io/doordashusa/jobs/4885932
2026-08-04,DASH,DoorDash,Shift Lead - Laurel,112 Order Fulfillment,"Henrico, VA",other,senior,0,0,0,,,https://job-boards.greenhouse.io/doordashusa/jobs/7701395
2026-08-04,DASH,DoorDash,Shift Lead - Lexington,112 Order Fulfillment,"Lexington, KY",other,senior,0,0,0,,,https://job-boards.greenhouse.io/doordashusa/jobs/6960483
2026-08-04,DASH,DoorDash,Shift Lead - Lynnhaven,112 Order Fulfillment,"Virginia Beach, VA",other,senior,0,0,0,,,https://job-boards.greenhouse.io/doordashusa/jobs/4441698
2026-08-04,DASH,DoorDash,Shift Lead - Madison Park,112 Order Fulfillment,"Charlotte, NC",other,senior,0,0,0,,,https://job-boards.greenhouse.io/doordashusa/jobs/4441700
2026-08-04,DASH,DoorDash,Shift Lead - Mesa,112 Order Fulfillment,"Mesa, AZ",other,senior,0,0,0,,,https://job-boards.greenhouse.io/doordashusa/jobs/6900751
2026-08-04,DASH,DoorDash,Shift Lead - Millcreek,112 Order Fulfillment,"Millcreek, UT",other,senior,0,0,0,,,https://job-boards.greenhouse.io/doordashusa/jobs/5199080
2026-08-04,DASH,DoorDash,Shift Lead - Millcreek,112 Order Fulfillment,"Millcreek, UT",other,senior,0,0,0,,,https://job-boards.greenhouse.io/doordashusa/jobs/7838799
2026-08-04,DASH,DoorDash,Shift Lead - Morrow,112 Order Fulfillment,"Morrow, GA",other,senior,0,0,0,,,https://job-boards.greenhouse.io/doordashusa/jobs/7052530
2026-08-04,DASH,DoorDash,Shift Lead - Nashville,112 Order Fulfillment,"Nashville, TN",other,senior,0,0,0,,,https://job-boards.greenhouse.io/doordashusa/jobs/7216540
2026-08-04,DASH,DoorDash,Shift Lead - Newark,112 Order Fulfillment,"Newark, NJ",other,senior,0,0,0,,,https://job-boards.greenhouse.io/doordashusa/jobs/5683390
2026-08-04,DASH,DoorDash,Shift Lead - Northeast Minneapolis,112 Order Fulfillment,"Minneapolis, MN",other,senior,0,0,0,,,https://job-boards.greenhouse.io/doordashusa/jobs/7868724
2026-08-04,DASH,DoorDash,Shift Lead - North Valley,112 Order Fulfillment,"Albuquerque, NM",other,senior,0,0,0,,,https://job-boards.greenhouse.io/doordashusa/jobs/6394889
2026-08-04,DASH,DoorDash,Shift Lead - Pembroke Park,112 Order Fulfillment,"Tucson, AZ",other,senior,0,0,0,,,https://job-boards.greenhouse.io/doordashusa/jobs/7344739
2026-08-04,DASH,DoorDash,Shift Lead - Providence,112 Order Fulfillment,"Providence, RI",other,senior,0,0,0,,,https://job-boards.greenhouse.io/doordashusa/jobs/7825549
2026-08-04,DASH,DoorDash,Shift Lead - Roswell,112 Order Fulfillment,"Roswell, GA",other,senior,0,0,0,,,https://job-boards.greenhouse.io/doordashusa/jobs/6956069
2026-08-04,DASH,DoorDash,Shift Lead - Sharon Hill,112 Order Fulfillment,"Sharon Hill, PA",other,senior,0,0,0,,,https://job-boards.greenhouse.io/doordashusa/jobs/6166924
2026-08-04,DASH,DoorDash,Shift Lead - South Austin,112 Order Fulfillment,"Austin, TX",other,senior,0,0,0,,,https://job-boards.greenhouse.io/doordashusa/jobs/6101593
2026-08-04,DASH,DoorDash,Shift Lead - South Marketview Heights,112 Order Fulfillment,"Rochester, NY",other,senior,0,0,0,,,https://job-boards.greenhouse.io/doordashusa/jobs/5941044
2026-08-04,DASH,DoorDash,Shift Lead - South Tacoma,112 Order Fulfillment,"Tacoma, WA",other,senior,0,0,0,,,https://job-boards.greenhouse.io/doordashusa/jobs/8099935
2026-08-04,DASH,DoorDash,Shift Lead - Spring,112 Order Fulfillment,"Spring, TX",other,senior,0,0,0,,,https://job-boards.greenhouse.io/doordashusa/jobs/6706184
2026-08-04,DASH,DoorDash,Shift Lead - Springfield,112 Order Fulfillment,"Springfield, MO",other,senior,0,0,0,,,https://job-boards.greenhouse.io/doordashusa/jobs/6741954
2026-08-04,DASH,DoorDash,Shift Lead - Towson,112 Order Fulfillment,"Baltimore, MD",other,senior,0,0,0,,,https://job-boards.greenhouse.io/doordashusa/jobs/5643020
2026-08-04,DASH,DoorDash,Shift Lead - Turnersville,112 Order Fulfillment,"Turnersville, NJ",other,senior,0,0,0,,,https://job-boards.greenhouse.io/doordashusa/jobs/5677212
2026-08-04,DASH,DoorDash,Shift Lead - Underwood Hills,112 Order Fulfillment,"Atlanta, GA",other,senior,0,0,0,,,https://job-boards.greenhouse.io/doordashusa/jobs/7248556
2026-08-04,DASH,DoorDash,Shift Lead - Wellswood,112 Order Fulfillment,"Tampa, FL",other,senior,0,0,0,,,https://job-boards.greenhouse.io/doordashusa/jobs/6517257
2026-08-04,DASH,DoorDash,Shift Lead - Wildwood,112 Order Fulfillment,"Charleston, SC",other,senior,0,0,0,,,https://job-boards.greenhouse.io/doordashusa/jobs/5767461
2026-08-04,DASH,DoorDash,Shift Lead - Woodbridge,112 Order Fulfillment,"Woodbridge, VA",other,senior,0,0,0,,,https://job-boards.greenhouse.io/doordashusa/jobs/5349772
2026-08-04,DASH,DoorDash,Shift Lead - Wynwood,112 Order Fulfillment,"Miami, FL",other,senior,0,0,0,,,https://job-boards.greenhouse.io/doordashusa/jobs/6746075
2026-08-04,DASH,DoorDash,Site Manager,113 Order Fulfillment Management,"Pittsburgh, PA",other,mid,0,0,0,,80050,https://job-boards.greenhouse.io/doordashusa/jobs/7960785
2026-08-04,DASH,DoorDash,Site Manager,113 Order Fulfillment Management,"Kalamazoo, MI",other,mid,0,0,0,,80050,https://job-boards.greenhouse.io/doordashusa/jobs/7967861
2026-08-04,DASH,DoorDash,Site Manager,113 Order Fulfillment Management,"Alexandria, VA",other,mid,0,0,0,,80050,https://job-boards.greenhouse.io/doordashusa/jobs/8093169
2026-08-04,DASH,DoorDash,Site Manager,113 Order Fulfillment Management,"Boulder, CO",other,mid,0,0,0,,80050,https://job-boards.greenhouse.io/doordashusa/jobs/8064759
2026-08-04,DASH,DoorDash,"Site Manager, Dashmart",113 Order Fulfillment Management,"Atlanta, GA",other,mid,0,0,0,,80050,https://job-boards.greenhouse.io/doordashusa/jobs/8097006
2026-08-04,DASH,DoorDash,"Site Manager, Dashmart",113 Order Fulfillment Management,"Madison, WI",other,mid,0,0,0,,,https://job-boards.greenhouse.io/doordashusa/jobs/8017259
2026-08-04,DASH,DoorDash,"SLAM Engineer, Calibration, Mapping & Localization",311 Autonomy,"San Francisco, CA; Sunnyvale, CA; United States - Remote",product_eng,mid,0,2,0,general_medium,207500,https://job-boards.greenhouse.io/doordashusa/jobs/8041259
2026-08-04,DASH,DoorDash,"Software Engineer, Android (All Teams)",341 Executive Engineering,"Sunnyvale, CA; San Francisco, CA; Seattle, WA",product_eng,mid,0,1,0,buzz,207800,https://job-boards.greenhouse.io/doordashusa/jobs/5630438
2026-08-04,DASH,DoorDash,"Software Engineer, Backend (All Teams)",341 Executive Engineering,"Sunnyvale, CA; San Francisco, CA; New York, NY; Seattle, WA; Ann Arbor, MI",product_eng,mid,0,1,0,buzz,207800,https://job-boards.greenhouse.io/doordashusa/jobs/5630445
2026-08-04,DASH,DoorDash,"Software Engineer, Data Platform (All Teams)",318 Data,"San Francisco, CA; Seattle, WA; Sunnyvale, CA; New York, NY",product_eng,mid,0,1,0,buzz,207800,https://job-boards.greenhouse.io/doordashusa/jobs/7577073
2026-08-04,DASH,DoorDash,"Software Engineer, Fullstack",311 Autonomy,"San Francisco, CA",product_eng,mid,0,0,0,,207800,https://job-boards.greenhouse.io/doordashusa/jobs/8001494
2026-08-04,DASH,DoorDash,"Software Engineer I, Entry-Level (Graduation Date: Fall 2025-Summer 2026)",348 University Recruiting Engineering,"New York, NY; San Francisco, CA; Los Angeles, CA; Seattle, WA; Sunnyvale, CA",product_eng,mid,0,1,0,buzz,132700,https://job-boards.greenhouse.io/doordashusa/jobs/7263610
2026-08-04,DASH,DoorDash,"Software Engineer II, Data Engineering",318 Data,"San Francisco, CA; Sunnyvale, CA",product_eng,mid,0,1,0,buzz,207800,https://job-boards.greenhouse.io/doordashusa/jobs/6458514
2026-08-04,DASH,DoorDash,"Software Engineer, iOS (All Teams)",341 Executive Engineering,"Sunnyvale, CA; San Francisco, CA; Seattle, WA; New York, NY",product_eng,mid,0,1,0,buzz,207800,https://job-boards.greenhouse.io/doordashusa/jobs/5630454
2026-08-04,DASH,DoorDash,"Software Engineer, Machine Learning Infrastructure - Generative AI",313 Infrastructure Engineering,"San Francisco, CA; Sunnyvale, CA; Seattle, WA",product_eng,mid,1,27,1,application|buzz|data_ml_ops|general_medium|model_infra,218200,https://job-boards.greenhouse.io/doordashusa/jobs/8013249
2026-08-04,DASH,DoorDash,"Software Engineer, Planning & Controls - Autonomy & Robotics, DoorDash Air",311 Autonomy,"San Francisco, CA",product_eng,mid,0,0,0,,245300,https://job-boards.greenhouse.io/doordashusa/jobs/8046982
2026-08-04,DASH,DoorDash,"Software Engineer, Reliability Platforms",313 Infrastructure Engineering,"San Francisco, CA; Sunnyvale, CA; New York, NY",product_eng,mid,0,9,1,application|buzz|general_medium,197400,https://job-boards.greenhouse.io/doordashusa/jobs/7994290
2026-08-04,DASH,DoorDash,"Software Engineer, Robotics Infrastructure - Autonomy & Robotics, DoorDash Air",311 Autonomy,"San Francisco, CA",product_eng,mid,0,1,0,buzz,207500,https://job-boards.greenhouse.io/doordashusa/jobs/8046909
2026-08-04,DASH,DoorDash,"Software Engineer, Spark Platform",318 Data,"San Francisco, CA; Seattle, WA; Sunnyvale, CA; New York, NY",product_eng,mid,0,0,0,,207800,https://job-boards.greenhouse.io/doordashusa/jobs/8044370
2026-08-04,DASH,DoorDash,"Software Engineer, Storage",313 Infrastructure Engineering,"San Francisco, CA; Seattle, WA; New York, NY",product_eng,mid,0,0,0,,236300,https://job-boards.greenhouse.io/doordashusa/jobs/8024644
2026-08-04,DASH,DoorDash,Software Integration Engineer,311 Autonomy,"San Francisco, CA",product_eng,mid,0,0,0,,207500,https://job-boards.greenhouse.io/doordashusa/jobs/8070969
2026-08-04,DASH,DoorDash,"Solution Engineer, Symbiosys",641 Ads & Promotions Strategy,"Ann Arbor, MI; New York, NY",product_eng,mid,0,1,0,buzz,142000,https://job-boards.greenhouse.io/doordashusa/jobs/8046431
2026-08-04,DASH,DoorDash,"Sr. Associate, GTM Strategy & Operations",613 Platform Operations,"New York, NY; Los Angeles, CA",nontech,senior,0,2,0,buzz,107500,https://job-boards.greenhouse.io/doordashusa/jobs/8017176
2026-08-04,DASH,DoorDash,"Sr. Associate, Strategy and Operations, Fraud",621 Support Management,"San Francisco, CA; Seattle, WA; Tempe, AZ; Chicago, IL; New York, NY; Washington, DC; United States - Remote",nontech,senior,0,0,0,,107500,https://job-boards.greenhouse.io/doordashusa/jobs/8081294
2026-08-04,DASH,DoorDash,Sr. Business Intelligence Engineer,331 Analytics,"New York, NY; San Francisco, CA; San Jose, CA; Seattle, WA; Los Angeles, CA; Washington D.C.; Austin, TX; Chicago, IL",product_eng,senior,0,1,0,buzz,146150,https://job-boards.greenhouse.io/doordashusa/jobs/7905285
2026-08-04,DASH,DoorDash,"Sr. Operations Associate, Policy and Communications",271 Communications,"Atlanta, GA; Philadelphia, PA; Boston, MA; Raleigh-Durham, NC; New York, NY; Miami, FL;Washington D.C.",nontech,senior,0,1,0,buzz,134400,https://job-boards.greenhouse.io/doordashusa/jobs/8036817
2026-08-04,DASH,DoorDash,"Sr. Radio Frequency Hardware Engineer, DoorDash Air",311 Autonomy,"San Francisco, CA",product_eng,senior,0,1,0,buzz,172200,https://job-boards.greenhouse.io/doordashusa/jobs/8046467
2026-08-04,DASH,DoorDash,Sr. Staff Technical Program Manager (Hardware) - Dot,311 Autonomy,"San Francisco, CA; Oakland, CA",other,staff_principal,0,1,0,buzz,239400,https://job-boards.greenhouse.io/doordashusa/jobs/7611520
2026-08-04,DASH,DoorDash,Staff Machine Learning Engineer - DashPass,341 Executive Engineering,"San Francisco, CA; Sunnyvale, CA",product_eng,staff_principal,1,15,1,buzz|general_medium|model_infra,218200,https://job-boards.greenhouse.io/doordashusa/jobs/7488724
2026-08-04,DASH,DoorDash,"Staff Machine Learning Engineer, Fulfillment Planning",341 Executive Engineering,"San Francisco, CA; Sunnyvale, CA",product_eng,staff_principal,1,9,1,application|buzz|general_medium,218200,https://job-boards.greenhouse.io/doordashusa/jobs/7962110
2026-08-04,DASH,DoorDash,"Staff Product Designer, Merchant Marketing",321 Product Design,"New York, NY; San Francisco, CA; Seattle, WA",product_eng,staff_principal,0,4,1,application|buzz,192200,https://job-boards.greenhouse.io/doordashusa/jobs/7887341
2026-08-04,DASH,DoorDash,"Staff Security Engineer, Customer Support and Integrity",315 Security Engineering,United States - Remote,product_eng,staff_principal,0,1,0,buzz,239400,https://job-boards.greenhouse.io/doordashusa/jobs/7992544
2026-08-04,DASH,DoorDash,"Staff Security Engineer, Proactive Security",315 Security Engineering,United States - Remote,product_eng,staff_principal,0,3,1,application,239400,https://job-boards.greenhouse.io/doordashusa/jobs/8030575
2026-08-04,DASH,DoorDash,"Staff Security Engineer, Proactive Security",315 Security Engineering,United States - Remote,product_eng,staff_principal,0,4,1,application|buzz,239400,https://job-boards.greenhouse.io/doordashusa/jobs/8052754
2026-08-04,DASH,DoorDash,"Staff Simulation Engineer - Foundry, DoorDash Air",311 Autonomy,"San Francisco, CA",product_eng,staff_principal,0,0,0,,245300,https://job-boards.greenhouse.io/doordashusa/jobs/8046994
2026-08-04,DASH,DoorDash,"Staff Software Engineer, Backend",341 Executive Engineering,"New York, NY; Seattle, WA",product_eng,staff_principal,0,1,0,buzz,207800,https://job-boards.greenhouse.io/doordashusa/jobs/5630302
2026-08-04,DASH,DoorDash,"Staff Software Engineer, Data Engineering",318 Data,"San Francisco, CA; Sunnyvale, CA; Seattle, WA",product_eng,staff_principal,0,1,0,buzz,207800,https://job-boards.greenhouse.io/doordashusa/jobs/6107041
2026-08-04,DASH,DoorDash,"Staff Software Engineer, Event Streaming Systems",313 Infrastructure Engineering,"New York, NY",product_eng,staff_principal,0,1,0,buzz,239400,https://job-boards.greenhouse.io/doordashusa/jobs/8049133
2026-08-04,DASH,DoorDash,"Staff Software Engineer, Machine Learning - Personalization",341 Executive Engineering,"San Francisco, CA; Sunnyvale, CA",product_eng,staff_principal,1,19,1,application|buzz|general_medium|model_infra,218200,https://job-boards.greenhouse.io/doordashusa/jobs/5575224
2026-08-04,DASH,DoorDash,Staff Software Technical Program Manager - Autonomy & Robotics,311 Autonomy,"San Francisco, CA",other,staff_principal,0,0,0,,239400,https://job-boards.greenhouse.io/doordashusa/jobs/8008523
2026-08-04,DASH,DoorDash,"Staff Systems Engineer, DoorDash Air",311 Autonomy,"San Francisco, CA; Oakland, CA",product_eng,staff_principal,0,0,0,,207800,https://job-boards.greenhouse.io/doordashusa/jobs/7983537
2026-08-04,DASH,DoorDash,Strategic Account Development Executive,513 Outside Account Development,"New York, NY; Los Angeles, CA; Chicago, IL; Dallas, TX; Houston, TX; Atlanta, GA; Washington, DC; Philadelphia, PA; Miami, FL; Phoenix, AZ; Boston, MA; San Francisco, CA; Riverside, CA; Detroit, MI; Seattle, WA",other,mid,0,0,0,,170010,https://job-boards.greenhouse.io/doordashusa/jobs/7824602
2026-08-04,DASH,DoorDash,Strategic Account Development Executive - Marketplace,513 Outside Account Development,"Austin, TX; San Antonio, TX; Dallas, TX; Chicago, IL; Detroit, MI; Atlanta, GA; Miami, FL; Nashville, TN; Denver, CO; Tempe, AZ; Los Angeles, CA; San Diego, CA; San Francisco, CA",other,mid,0,0,0,,161920,https://job-boards.greenhouse.io/doordashusa/jobs/7516018
2026-08-04,DASH,DoorDash,"Strategic Account Development Executive, Platform Innovation",513 Outside Account Development,"New York, NY; Chicago, IL",other,mid,0,0,0,,170010,https://job-boards.greenhouse.io/doordashusa/jobs/7644701
2026-08-04,DASH,DoorDash,"Strategic Account Executive, DoorDash for Business ",535 DDfB Sales,"New York, NY",demand_validated,mid,0,1,0,buzz,165440,https://job-boards.greenhouse.io/doordashusa/jobs/8079886
2026-08-04,DASH,DoorDash,Strategic Customer Success Manager,511 Outside Account Management,"Philadelphia, PA",demand_validated,mid,0,0,0,,110720,https://job-boards.greenhouse.io/doordashusa/jobs/8082739
2026-08-04,DASH,DoorDash,Strategic Customer Success Manager,511 Outside Account Management,"Boston, MA; New York, NY",demand_validated,mid,0,0,0,,110720,https://job-boards.greenhouse.io/doordashusa/jobs/8081721
2026-08-04,DASH,DoorDash,Strategic Merchant Lead,533 Outside Sales,"Boston, MA",other,senior,0,0,0,,,https://job-boards.greenhouse.io/doordashusa/jobs/8097061
2026-08-04,DASH,DoorDash,Strategic Partner Manager II,511 Outside Account Management,"Los Angeles, CA",other,mid,0,0,0,,110720,https://job-boards.greenhouse.io/doordashusa/jobs/8044721
2026-08-04,DASH,DoorDash,Strategic Partner Manager II,511 Outside Account Management,"Austin, TX; Houston, TX; Dallas, TX",other,mid,0,0,0,,110720,https://job-boards.greenhouse.io/doordashusa/jobs/8054613
2026-08-04,DASH,DoorDash,Strategic Partner Manager II,511 Outside Account Management,"Boston, MA; New York, NY",other,mid,0,0,0,,110720,https://job-boards.greenhouse.io/doordashusa/jobs/7948250
2026-08-04,DASH,DoorDash,"Strategic Partnerships Sales Executive, DoorDash for Business",535 DDfB Sales,"New York, NY; Los Angeles, CA",nontech,mid,0,1,0,buzz,165440,https://job-boards.greenhouse.io/doordashusa/jobs/8079890
2026-08-04,DASH,DoorDash,"Strategic Sourcing Manager, Autonomy & Robotics",631 Autonomy Operations,"Oakland, CA ",other,mid,0,1,0,buzz,161300,https://job-boards.greenhouse.io/doordashusa/jobs/8060470
2026-08-04,DASH,DoorDash,Strategy & Operations Manager-Ads & Promotions Monetization,641 Ads & Promotions Strategy,"San Francisco, CA; New York, NY; Seattle, WA; Chicago, IL; Los Angeles, CA",nontech,mid,0,0,0,,168000,https://job-boards.greenhouse.io/doordashusa/jobs/7819302
2026-08-04,DASH,DoorDash,Systems Integration Engineer,311 Autonomy,"San Francisco, CA",product_eng,mid,0,0,0,,210000,https://job-boards.greenhouse.io/doordashusa/jobs/8077028
2026-08-04,DASH,DoorDash,Team Member - Mahwah,112 Order Fulfillment,"Mahwah, NJ",other,mid,0,1,0,buzz,,https://job-boards.greenhouse.io/doordashusa/jobs/7050131
2026-08-04,DASH,DoorDash,Technical Program Manager - Labs,311 Autonomy,"San Francisco, CA",other,mid,0,0,0,,197400,https://job-boards.greenhouse.io/doordashusa/jobs/6972095
2026-08-04,DASH,DoorDash,Technical Support Engineer,351 In-Store R&D,"London, UK",product_eng,mid,0,1,0,buzz,,https://job-boards.greenhouse.io/doordashusa/jobs/7996559
2026-08-04,DASH,DoorDash,"Technician Lead, Service Operations, Labs",631 Autonomy Operations,"Mesa, AZ",nontech,senior,0,0,0,,,https://job-boards.greenhouse.io/doordashusa/jobs/8041960
2026-08-04,DASH,DoorDash,"UAS Flight Test Operator (I&II), DoorDash Air",631 Autonomy Operations,"Bay Point, CA; Petaluma, CA",other,mid,0,0,0,,,https://job-boards.greenhouse.io/doordashusa/jobs/7280136
2026-08-04,DASH,DoorDash,"UX Design Engineer, Content Tooling",321 Product Design,"San Francisco, CA; Sunnyvale, CA; Seattle, WA; New York, NY",product_eng,mid,0,4,1,application|buzz,192200,https://job-boards.greenhouse.io/doordashusa/jobs/7767373
2026-08-04,DASH,DoorDash,Variable Schedule Operations Associate,112 Order Fulfillment,"Indianapolis, IN",nontech,mid,0,0,0,,,https://job-boards.greenhouse.io/doordashusa/jobs/7624348
2026-08-04,DASH,DoorDash,Variable Schedule Operations Associate,112 Order Fulfillment,"Columbus, OH",nontech,mid,0,0,0,,,https://job-boards.greenhouse.io/doordashusa/jobs/7624434
2026-08-04,DASH,DoorDash,"Variable Schedule Operations Associate, Dashmart",112 Order Fulfillment,"Indianapolis, IN",nontech,mid,0,1,0,buzz,,https://job-boards.greenhouse.io/doordashusa/jobs/7627134
2026-08-04,DASH,DoorDash,Warehouse Shift Lead,112 Order Fulfillment,"Mishawaka, IN",other,senior,0,0,0,,,https://job-boards.greenhouse.io/doordashusa/jobs/7056968
2026-08-04,DASH,DoorDash,Warehouse Shift Lead - Webster,112 Order Fulfillment,"Webster, TX",other,senior,0,0,0,,,https://job-boards.greenhouse.io/doordashusa/jobs/3547221
