date,ticker,company,title,department,location,role_bucket,seniority,ai_title,weighted_score,strong_hit,categories,salary_mid,url
2026-07-28,DDOG,Datadog,AI Research Engineer - Datadog AI Research (DAIR),Dev Eng,"Paris, France",research,mid,1,26,1,buzz|general_medium|model_infra,,https://careers.datadoghq.com/detail/7194969/?gh_jid=7194969
2026-07-28,DDOG,Datadog,AI Research Scientist - Datadog AI Research (DAIR),Dev Eng,"Paris, France",research,mid,1,24,1,application|buzz|general_medium|model_infra,,https://careers.datadoghq.com/detail/6652564/?gh_jid=6652564
2026-07-28,DDOG,Datadog,AI Research Scientist - Datadog AI Research (DAIR),Dev Eng,"New York, New York, USA",research,mid,1,24,1,application|buzz|general_medium|model_infra,360000,https://careers.datadoghq.com/detail/6572669/?gh_jid=6572669
2026-07-28,DDOG,Datadog,"Area Vice President, Enterprise Security Sales",Enterprise Sales,"New York, New York, USA; San Francisco, California, USA",nontech,exec,0,0,0,,242500,https://careers.datadoghq.com/detail/7508990/?gh_jid=7508990
2026-07-28,DDOG,Datadog,"Area Vice President, Sales Engineering",Enterprise Sales Engineering,"Boston, Massachusetts, USA; New York, New York, USA; San Francisco, California, USA",demand_validated,exec,0,0,0,,277500,https://careers.datadoghq.com/detail/7762722/?gh_jid=7762722
2026-07-28,DDOG,Datadog,Associate Field Marketing Manager,Field Marketing,"Bangalore, India",nontech,mid,0,0,0,,,https://careers.datadoghq.com/detail/8003073/?gh_jid=8003073
2026-07-28,DDOG,Datadog,Associate Growth Marketing Manager,Demand Generation,"New York, New York, USA",nontech,mid,0,0,0,,85000,https://careers.datadoghq.com/detail/8059723/?gh_jid=8059723
2026-07-28,DDOG,Datadog,Commercial Account Executive,Commercial Sales,"Seoul, South Korea",demand_validated,mid,0,0,0,,,https://careers.datadoghq.com/detail/6512326/?gh_jid=6512326
2026-07-28,DDOG,Datadog,Commercial Account Executive,Commercial Sales,"Denver, Colorado, USA",demand_validated,mid,0,0,0,,67500,https://careers.datadoghq.com/detail/1694375/?gh_jid=1694375
2026-07-28,DDOG,Datadog,Commercial Account Executive,Commercial Sales,"Sydney, Australia",demand_validated,mid,0,0,0,,,https://careers.datadoghq.com/detail/7463765/?gh_jid=7463765
2026-07-28,DDOG,Datadog,Commercial Account Executive,Commercial Sales,"Tokyo, Japan",demand_validated,mid,0,0,0,,,https://careers.datadoghq.com/detail/5798241/?gh_jid=5798241
2026-07-28,DDOG,Datadog,Commercial Account Executive,Commercial Sales,"Tokyo, Japan",demand_validated,mid,0,0,0,,,https://careers.datadoghq.com/detail/6009777/?gh_jid=6009777
2026-07-28,DDOG,Datadog,Commercial Account Executive,Commercial Sales,"Bangalore, India",demand_validated,mid,0,0,0,,,https://careers.datadoghq.com/detail/6512321/?gh_jid=6512321
2026-07-28,DDOG,Datadog,Commercial Account Executive,Commercial Sales,"Seoul, South Korea",demand_validated,mid,0,0,0,,,https://careers.datadoghq.com/detail/6512586/?gh_jid=6512586
2026-07-28,DDOG,Datadog,Commercial Account Executive - Boston,Commercial Sales,"Boston, Massachusetts, USA",demand_validated,mid,0,0,0,,67500,https://careers.datadoghq.com/detail/1497543/?gh_jid=1497543
2026-07-28,DDOG,Datadog,Commercial Account Executive (France),Commercial Sales,"Amsterdam, The Netherlands; Dublin, Ireland",demand_validated,mid,0,0,0,,,https://careers.datadoghq.com/detail/7824375/?gh_jid=7824375
2026-07-28,DDOG,Datadog,Commercial Account Executive (Hong Kong Market),Commercial Sales,"Singapore, Singapore",demand_validated,mid,0,0,0,,,https://careers.datadoghq.com/detail/7919037/?gh_jid=7919037
2026-07-28,DDOG,Datadog,Commercial Account Executive (Indonesia Market),Commercial Sales,"Singapore, Singapore",demand_validated,mid,0,0,0,,,https://careers.datadoghq.com/detail/7463727/?gh_jid=7463727
2026-07-28,DDOG,Datadog,Commercial Account Executive - Israel,Commercial Sales,"Tel Aviv, Israel",demand_validated,mid,0,0,0,,,https://careers.datadoghq.com/detail/8025860/?gh_jid=8025860
2026-07-28,DDOG,Datadog,Commercial Account Executive - LATAM (Portuguese Speaking) - Denver,Commercial Sales,"Denver, Colorado, USA",demand_validated,mid,0,0,0,,67500,https://careers.datadoghq.com/detail/7858788/?gh_jid=7858788
2026-07-28,DDOG,Datadog,Commercial Account Executive - LATAM (Spanish Speaking) - Boston,Commercial Sales,"Boston, Massachusetts, USA",demand_validated,mid,0,0,0,,67500,https://careers.datadoghq.com/detail/7329207/?gh_jid=7329207
2026-07-28,DDOG,Datadog,Commercial Account Executive (Portugal),Commercial Sales,"Amsterdam, The Netherlands; Dublin, Ireland",demand_validated,mid,0,0,0,,,https://careers.datadoghq.com/detail/8078805/?gh_jid=8078805
2026-07-28,DDOG,Datadog,Commercial Account Executive - Sao Paulo (Portuguese Speaking),Commercial Sales,"Sao Paulo, Brazil",demand_validated,mid,0,0,0,,,https://careers.datadoghq.com/detail/7792997/?gh_jid=7792997
2026-07-28,DDOG,Datadog,Commercial Account Executive (Saudi Arabia),Commercial Sales,"Riyadh, Saudi Arabia",demand_validated,mid,0,0,0,,,https://careers.datadoghq.com/detail/7576831/?gh_jid=7576831
2026-07-28,DDOG,Datadog,Commercial Account Executive (Spanish Speaking) - Mexico City,Commercial Sales,"Mexico City, Mexico",demand_validated,mid,0,0,0,,,https://careers.datadoghq.com/detail/8022193/?gh_jid=8022193
2026-07-28,DDOG,Datadog,Commercial Account Executive UKI/Nordics,Commercial Sales,"Dublin, Ireland",demand_validated,mid,0,0,0,,,https://careers.datadoghq.com/detail/6427176/?gh_jid=6427176
2026-07-28,DDOG,Datadog,Commercial Customer Success Manager (DACH; German-speaking),Commercial Customer Success,"Dublin, Ireland",demand_validated,mid,0,0,0,,,https://careers.datadoghq.com/detail/7180265/?gh_jid=7180265
2026-07-28,DDOG,Datadog,Commercial & Mid-Market Sales Engineer,Commercial & Mid-Market Sales Engineering,"Bangalore, India",demand_validated,mid,0,0,0,,,https://careers.datadoghq.com/detail/7685641/?gh_jid=7685641
2026-07-28,DDOG,Datadog,Commercial Sales Engineer 2 (AMER - West),Commercial & Mid-Market Sales Engineering,"Denver, Colorado, USA",demand_validated,mid,0,0,0,,107000,https://careers.datadoghq.com/detail/8053714/?gh_jid=8053714
2026-07-28,DDOG,Datadog,Commercial Sales Engineer 2 (Sao Paulo),Commercial & Mid-Market Sales Engineering,"Sao Paulo, Brazil",demand_validated,mid,0,0,0,,,https://careers.datadoghq.com/detail/8080601/?gh_jid=8080601
2026-07-28,DDOG,Datadog,Commercial Sales Engineer (AMER - West),Commercial & Mid-Market Sales Engineering,"Denver, Colorado, USA",demand_validated,mid,0,0,0,,107000,https://careers.datadoghq.com/detail/7683226/?gh_jid=7683226
2026-07-28,DDOG,Datadog,Commercial Sales Engineer (Amsterdam),Commercial & Mid-Market Sales Engineering,"Amsterdam, The Netherlands",demand_validated,mid,0,0,0,,,https://careers.datadoghq.com/detail/8074211/?gh_jid=8074211
2026-07-28,DDOG,Datadog,Commercial Sales Engineer - Boston,Commercial & Mid-Market Sales Engineering,"Boston, Massachusetts, USA",demand_validated,mid,0,0,0,,93000,https://careers.datadoghq.com/detail/7452669/?gh_jid=7452669
2026-07-28,DDOG,Datadog,Commercial Sales Engineer (Dublin),Commercial & Mid-Market Sales Engineering,"Dublin, Ireland",demand_validated,mid,0,0,0,,,https://careers.datadoghq.com/detail/8055109/?gh_jid=8055109
2026-07-28,DDOG,Datadog,Commercial Sales Engineer (Spanish-speaking),Commercial & Mid-Market Sales Engineering,"Amsterdam, The Netherlands; Dublin, Ireland",demand_validated,mid,0,0,0,,,https://careers.datadoghq.com/detail/8080628/?gh_jid=8080628
2026-07-28,DDOG,Datadog,"Coordinator, Business Recruiting - Contract",People,"Boston, Massachusetts, USA; New York, New York, USA",nontech,mid,0,0,0,,57000,https://careers.datadoghq.com/detail/7950433/?gh_jid=7950433
2026-07-28,DDOG,Datadog,Country Manager,Enterprise Sales,"Tokyo, Japan",other,mid,0,1,0,buzz,,https://careers.datadoghq.com/detail/7975747/?gh_jid=7975747
2026-07-28,DDOG,Datadog,Customer Marketing Manager,Corporate Marketing & Comms,"New York, New York, USA; San Francisco, California, USA",nontech,mid,0,0,0,,109500,https://careers.datadoghq.com/detail/7967202/?gh_jid=7967202
2026-07-28,DDOG,Datadog,Customer Success Associate,Commercial Customer Success,"Seoul, South Korea",demand_validated,mid,0,0,0,,,https://careers.datadoghq.com/detail/8012339/?gh_jid=8012339
2026-07-28,DDOG,Datadog,Customer Success Associate,Commercial Customer Success,"Tokyo, Japan",demand_validated,mid,0,0,0,,,https://careers.datadoghq.com/detail/5486716/?gh_jid=5486716
2026-07-28,DDOG,Datadog,Customer Success Associate,Commercial Customer Success,"Tokyo, Japan",demand_validated,mid,0,0,0,,,https://careers.datadoghq.com/detail/6009779/?gh_jid=6009779
2026-07-28,DDOG,Datadog,Customer Success Associate - Commercial Accounts,Commercial Customer Success,"Sydney, Australia",demand_validated,mid,0,0,0,,,https://careers.datadoghq.com/detail/7548129/?gh_jid=7548129
2026-07-28,DDOG,Datadog,Customer Success Associate - Denver,Commercial Customer Success,"Denver, Colorado, USA",demand_validated,mid,0,0,0,,63000,https://careers.datadoghq.com/detail/7228240/?gh_jid=7228240
2026-07-28,DDOG,Datadog,Customer Success Associate LATAM (Portuguese-speaking),Commercial Customer Success,"Sao Paulo, Brazil",demand_validated,mid,0,0,0,,,https://careers.datadoghq.com/detail/8043830/?gh_jid=8043830
2026-07-28,DDOG,Datadog,Customer Success Manager,Commercial Customer Success,"Seoul, South Korea",demand_validated,mid,0,0,0,,,https://careers.datadoghq.com/detail/7790098/?gh_jid=7790098
2026-07-28,DDOG,Datadog,Customer Success Manager,Commercial Customer Success,"Seoul, South Korea",demand_validated,mid,0,0,0,,,https://careers.datadoghq.com/detail/7790048/?gh_jid=7790048
2026-07-28,DDOG,Datadog,Customer Success Manager - Boston,Commercial Customer Success,"Boston, Massachusetts, USA",demand_validated,mid,0,0,0,,103500,https://careers.datadoghq.com/detail/7128703/?gh_jid=7128703
2026-07-28,DDOG,Datadog,Customer Success Manager - Denver,Commercial Customer Success,"Denver, Colorado, USA",demand_validated,mid,0,0,0,,103500,https://careers.datadoghq.com/detail/7232590/?gh_jid=7232590
2026-07-28,DDOG,Datadog,Customer Success Manager - Key Accounts,Commercial Customer Success,"Bangalore, India",demand_validated,mid,0,0,0,,,https://careers.datadoghq.com/detail/7816557/?gh_jid=7816557
2026-07-28,DDOG,Datadog,Customer Success Manager - LATAM (Portuguese-speaking),Commercial Customer Success,"Sao Paulo, Brazil",demand_validated,mid,0,0,0,,,https://careers.datadoghq.com/detail/8041625/?gh_jid=8041625
2026-07-28,DDOG,Datadog,Datadog for Startups - Forward Deployed Engineering Lead,Corporate Development,"San Francisco, California, USA",demand_validated,senior,0,3,1,application,216000,https://careers.datadoghq.com/detail/8003181/?gh_jid=8003181
2026-07-28,DDOG,Datadog,Datadog for Startups Founding Engineering Lead,Corporate Development,"San Francisco, California, USA",product_eng,senior,0,3,1,application,216000,https://careers.datadoghq.com/detail/7536402/?gh_jid=7536402
2026-07-28,DDOG,Datadog,Deal Desk Analyst,Deal Desk,"Mexico City, Mexico",other,mid,0,1,0,buzz,,https://careers.datadoghq.com/detail/8029988/?gh_jid=8029988
2026-07-28,DDOG,Datadog,Deal Desk Analyst,Deal Desk,"Singapore, Singapore",other,mid,0,0,0,,,https://careers.datadoghq.com/detail/8050644/?gh_jid=8050644
2026-07-28,DDOG,Datadog,Deal Desk Analyst - Boston (Portuguese or Spanish Speaking),Deal Desk,"Boston, Massachusetts, USA",other,mid,0,1,0,buzz,81500,https://careers.datadoghq.com/detail/8029969/?gh_jid=8029969
2026-07-28,DDOG,Datadog,Deal Desk Analyst - Dublin,Deal Desk,"Dublin, Ireland",other,mid,0,0,0,,,https://careers.datadoghq.com/detail/7982644/?gh_jid=7982644
2026-07-28,DDOG,Datadog,Deal Desk Analyst - NYC,Deal Desk,"New York, New York, USA",other,mid,0,0,0,,79500,https://careers.datadoghq.com/detail/7993638/?gh_jid=7993638
2026-07-28,DDOG,Datadog,Deal Desk Analyst - São Paulo,Deal Desk,"Sao Paulo, Brazil",other,mid,0,0,0,,,https://careers.datadoghq.com/detail/7739837/?gh_jid=7739837
2026-07-28,DDOG,Datadog,Deal Desk Analyst - US West,Deal Desk,"Denver, Colorado, USA",other,mid,0,0,0,,79500,https://careers.datadoghq.com/detail/8003080/?gh_jid=8003080
2026-07-28,DDOG,Datadog,"Director, Commercial Sales",Commercial Sales,"Tokyo, Japan",nontech,director,0,0,0,,,https://careers.datadoghq.com/detail/8059382/?gh_jid=8059382
2026-07-28,DDOG,Datadog,"Director, Engineering - Cloud Observability",Leadership,"Boston, Massachusetts, USA; New York, New York, USA",product_eng,director,0,2,0,general_medium,333000,https://careers.datadoghq.com/detail/8069508/?gh_jid=8069508
2026-07-28,DDOG,Datadog,"Director, Engineering - Detection Platform ",Leadership,"New York, New York, USA",product_eng,director,0,2,0,buzz,315000,https://careers.datadoghq.com/detail/8026520/?gh_jid=8026520
2026-07-28,DDOG,Datadog,"Director, Engineering - Digital Experience Monitoring",Dev Eng,"Paris, France",product_eng,director,0,0,0,,,https://careers.datadoghq.com/detail/8050591/?gh_jid=8050591
2026-07-28,DDOG,Datadog,"Director, Enterprise Sales",Enterprise Sales,"Texas, USA, Remote",nontech,director,0,0,0,,175000,https://careers.datadoghq.com/detail/7773320/?gh_jid=7773320
2026-07-28,DDOG,Datadog,"Director, Product Management - AI Observability",Product Management,"New York, New York, USA",other,director,1,7,1,application|buzz|general_medium,315000,https://careers.datadoghq.com/detail/7798672/?gh_jid=7798672
2026-07-28,DDOG,Datadog,"Director, Product Management - Cloud Security and Shared Capabilities",Product Management,"Paris, France",other,director,0,0,0,,,https://careers.datadoghq.com/detail/8030324/?gh_jid=8030324
2026-07-28,DDOG,Datadog,"Director, Product Management - Core Platforms",Product Management,"New York, New York, USA",other,director,0,0,0,,315000,https://careers.datadoghq.com/detail/7583609/?gh_jid=7583609
2026-07-28,DDOG,Datadog,"Director, Sales Engineering",Commercial & Mid-Market Sales Engineering,"Mexico City, Mexico; Sao Paulo, Brazil",demand_validated,director,0,0,0,,,https://careers.datadoghq.com/detail/7904615/?gh_jid=7904615
2026-07-28,DDOG,Datadog,"Director, Security Channels (North America)",Channels & Alliances,"Colorado, USA, Remote; Illinois, USA, Remote; New York, New York, USA; New York, USA, Remote; San Francisco, California, USA; Texas, USA, Remote",other,director,0,0,0,,191000,https://careers.datadoghq.com/detail/7984985/?gh_jid=7984985
2026-07-28,DDOG,Datadog,"Director, Technical Account Management ",Technical Post Sales,"Dublin, Ireland; London, United Kingdom; Paris, France",other,director,0,0,0,,,https://careers.datadoghq.com/detail/7658810/?gh_jid=7658810
2026-07-28,DDOG,Datadog,"Director, Technical Program Management - Technical Solutions Operations",Technical Solutions Operations,"Boston, Massachusetts, USA; New York, New York, USA; San Francisco, California, USA",nontech,director,0,0,0,,252000,https://careers.datadoghq.com/detail/8010585/?gh_jid=8010585
2026-07-28,DDOG,Datadog,"Director, Technical Support Engineering",Support Engineering,"Sao Paulo, Brazil",product_eng,director,0,0,0,,,https://careers.datadoghq.com/detail/7707345/?gh_jid=7707345
2026-07-28,DDOG,Datadog,"Director, User Research - Product Design",Product Design,"New York, New York, USA",other,director,0,0,0,,270000,https://careers.datadoghq.com/detail/7514534/?gh_jid=7514534
2026-07-28,DDOG,Datadog,"Distinguished Architect, AI",Product Solutions Architecture,"New York, New York, USA; San Francisco, California, USA",product_eng,staff_principal,1,3,1,application,385000,https://careers.datadoghq.com/detail/7966795/?gh_jid=7966795
2026-07-28,DDOG,Datadog,Employment Counsel - AMER,Legal Operations,"New York, New York, USA",nontech,mid,0,0,0,,199500,https://careers.datadoghq.com/detail/8075664/?gh_jid=8075664
2026-07-28,DDOG,Datadog,Engineering Compensation Partner,People,"New York, New York, USA",product_eng,mid,0,0,0,,166500,https://careers.datadoghq.com/detail/8051616/?gh_jid=8051616
2026-07-28,DDOG,Datadog,"Engineering Manager I, Threat Detection",Security,"New York, New York, USA",product_eng,mid,0,3,1,application,216000,https://careers.datadoghq.com/detail/7958663/?gh_jid=7958663
2026-07-28,DDOG,Datadog,Enterprise Account Executive - Denmark,Enterprise Sales,"Copenhagen, Denmark",demand_validated,mid,0,0,0,,100000,https://careers.datadoghq.com/detail/6677658/?gh_jid=6677658
2026-07-28,DDOG,Datadog,Enterprise Account Executive - UKI,Enterprise Sales,"London, United Kingdom",demand_validated,mid,0,0,0,,100000,https://careers.datadoghq.com/detail/6836442/?gh_jid=6836442
2026-07-28,DDOG,Datadog,Enterprise Account Executive (UKI) - Public Sector,Enterprise Sales,"London, United Kingdom",demand_validated,mid,0,0,0,,100000,https://careers.datadoghq.com/detail/7599334/?gh_jid=7599334
2026-07-28,DDOG,Datadog,Enterprise Customer Success Manager,Enterprise Customer Success,"Jakarta, Indonesia",demand_validated,mid,0,0,0,,,https://careers.datadoghq.com/detail/7794297/?gh_jid=7794297
2026-07-28,DDOG,Datadog,Enterprise Customer Success Manager,Enterprise Customer Success,"Thailand, Remote",demand_validated,mid,0,0,0,,,https://careers.datadoghq.com/detail/8027963/?gh_jid=8027963
2026-07-28,DDOG,Datadog,Enterprise Customer Success Manager,Enterprise Customer Success,"Tokyo, Japan",demand_validated,mid,0,0,0,,,https://careers.datadoghq.com/detail/7436312/?gh_jid=7436312
2026-07-28,DDOG,Datadog,Enterprise Customer Success Manager,Enterprise Customer Success,"Tokyo, Japan",demand_validated,mid,0,0,0,,,https://careers.datadoghq.com/detail/7435209/?gh_jid=7435209
2026-07-28,DDOG,Datadog,Enterprise Customer Success Manager,Enterprise Customer Success,"Singapore, Singapore",demand_validated,mid,0,0,0,,,https://careers.datadoghq.com/detail/7794029/?gh_jid=7794029
2026-07-28,DDOG,Datadog,Enterprise Customer Success Manager - Chicago,Enterprise Customer Success,"Chicago, Illinois, USA",demand_validated,mid,0,0,0,,118075,https://careers.datadoghq.com/detail/8052114/?gh_jid=8052114
2026-07-28,DDOG,Datadog,Enterprise Customer Success Manager - East,Enterprise Customer Success,"Boston, Massachusetts, USA; New York, New York, USA",demand_validated,mid,0,0,0,,118075,https://careers.datadoghq.com/detail/8077474/?gh_jid=8077474
2026-07-28,DDOG,Datadog,Enterprise Customer Success Manager (German Speaking),Enterprise Customer Success,"Dublin, Ireland",demand_validated,mid,0,0,0,,,https://careers.datadoghq.com/detail/8035351/?gh_jid=8035351
2026-07-28,DDOG,Datadog,Enterprise Sales Engineer,Enterprise Sales Engineering,"Osaka, Japan",demand_validated,mid,0,0,0,,,https://careers.datadoghq.com/detail/6430289/?gh_jid=6430289
2026-07-28,DDOG,Datadog,Enterprise Sales Engineer,Enterprise Sales Engineering,"Brisbane, Australia",demand_validated,mid,0,0,0,,,https://careers.datadoghq.com/detail/7721005/?gh_jid=7721005
2026-07-28,DDOG,Datadog,Enterprise Sales Engineer,Enterprise Sales Engineering,"Singapore, Singapore",demand_validated,mid,0,0,0,,,https://careers.datadoghq.com/detail/7868421/?gh_jid=7868421
2026-07-28,DDOG,Datadog,Enterprise Sales Engineer,Enterprise Sales Engineering,"Tokyo, Japan",demand_validated,mid,0,0,0,,,https://careers.datadoghq.com/detail/7811662/?gh_jid=7811662
2026-07-28,DDOG,Datadog,Enterprise Sales Engineer,Enterprise Sales Engineering,"Osaka, Japan",demand_validated,mid,0,0,0,,,https://careers.datadoghq.com/detail/6703351/?gh_jid=6703351
2026-07-28,DDOG,Datadog,Enterprise Sales Engineer (Bahasa Indonesia Speaking),Enterprise Sales Engineering,"Singapore, Singapore",demand_validated,mid,0,0,0,,,https://careers.datadoghq.com/detail/6832925/?gh_jid=6832925
2026-07-28,DDOG,Datadog,Enterprise Sales Engineer (Bahasa Indonesia Speaking),Enterprise Sales Engineering,"Jakarta, Indonesia",demand_validated,mid,0,0,0,,,https://careers.datadoghq.com/detail/6831903/?gh_jid=6831903
2026-07-28,DDOG,Datadog,Enterprise Sales Engineer - Brazil,Enterprise Sales Engineering,"Sao Paulo, Brazil",demand_validated,mid,0,0,0,,,https://careers.datadoghq.com/detail/7255532/?gh_jid=7255532
2026-07-28,DDOG,Datadog,Enterprise Sales Engineer - Nordics,Enterprise Sales Engineering,"Copenhagen, Denmark; Stockholm, Sweden",demand_validated,mid,0,0,0,,,https://careers.datadoghq.com/detail/7101976/?gh_jid=7101976
2026-07-28,DDOG,Datadog,Enterprise Sales Engineer - Paris,Enterprise Sales Engineering,"Paris, France",demand_validated,mid,0,0,0,,,https://careers.datadoghq.com/detail/7661700/?gh_jid=7661700
2026-07-28,DDOG,Datadog,Enterprise Sales Engineer - Rockies,Enterprise Sales Engineering,"Colorado, USA, Remote",demand_validated,mid,0,0,0,,137500,https://careers.datadoghq.com/detail/7857714/?gh_jid=7857714
2026-07-28,DDOG,Datadog,Enterprise Sales Engineer - UK,Enterprise Sales Engineering,"United Kingdom, Remote",demand_validated,mid,0,0,0,,,https://careers.datadoghq.com/detail/7487353/?gh_jid=7487353
2026-07-28,DDOG,Datadog,Enterprise Sales Executive,Enterprise Sales,"Georgia, USA, Remote",nontech,mid,0,0,0,,110000,https://careers.datadoghq.com/detail/7405822/?gh_jid=7405822
2026-07-28,DDOG,Datadog,Enterprise Sales Executive,Enterprise Sales,"Boston, Massachusetts, USA",nontech,mid,0,0,0,,110000,https://careers.datadoghq.com/detail/7410254/?gh_jid=7410254
2026-07-28,DDOG,Datadog,Enterprise Sales Executive,Enterprise Sales,"Montreal, Canada; Quebec City, Quebec, Canada",nontech,mid,0,0,0,,100000,https://careers.datadoghq.com/detail/4828332/?gh_jid=4828332
2026-07-28,DDOG,Datadog,Enterprise Sales Executive,Enterprise Sales,"Florida, USA, Remote",nontech,mid,0,0,0,,110000,https://careers.datadoghq.com/detail/7466155/?gh_jid=7466155
2026-07-28,DDOG,Datadog,Enterprise Sales Executive,Enterprise Sales,"North Carolina, USA, Remote; Tennessee, USA, Remote",nontech,mid,0,0,0,,110000,https://careers.datadoghq.com/detail/7465857/?gh_jid=7465857
2026-07-28,DDOG,Datadog,Enterprise Sales Executive,Enterprise Sales,"New York, New York, USA",nontech,mid,0,0,0,,105000,https://careers.datadoghq.com/detail/7405831/?gh_jid=7405831
2026-07-28,DDOG,Datadog,Enterprise Sales Executive,Enterprise Sales,"North Carolina, USA, Remote",nontech,mid,0,0,0,,110000,https://careers.datadoghq.com/detail/7421331/?gh_jid=7421331
2026-07-28,DDOG,Datadog,Enterprise Sales Executive,Enterprise Sales,"Washington, District of Columbia, USA",nontech,mid,0,0,0,,110000,https://careers.datadoghq.com/detail/7426707/?gh_jid=7426707
2026-07-28,DDOG,Datadog,Enterprise Sales Executive (FED),Enterprise Sales,"Maryland, USA, Remote; Virginia, USA, Remote",nontech,mid,0,0,0,,125000,https://careers.datadoghq.com/detail/7421284/?gh_jid=7421284
2026-07-28,DDOG,Datadog,Enterprise Sales Executive (FED),Enterprise Sales,"Washington, District of Columbia, USA",nontech,mid,0,0,0,,125000,https://careers.datadoghq.com/detail/7426680/?gh_jid=7426680
2026-07-28,DDOG,Datadog,Enterprise Sales Executive (SLED),Enterprise Sales,"Illinois, USA, Remote; Michigan, USA, Remote; Texas, USA, Remote",nontech,mid,0,0,0,,85000,https://careers.datadoghq.com/detail/7453039/?gh_jid=7453039
2026-07-28,DDOG,Datadog,Enterprise Sales Executive (SLED),Enterprise Sales,"San Francisco, California, USA",nontech,mid,0,0,0,,85000,https://careers.datadoghq.com/detail/7426752/?gh_jid=7426752
2026-07-28,DDOG,Datadog,Enterprise Sales Executive (Sweden) ,Enterprise Sales,"Stockholm, Sweden",nontech,mid,0,0,0,,100000,https://careers.datadoghq.com/detail/5925905/?gh_jid=5925905
2026-07-28,DDOG,Datadog,Enterprise Sales Executive (Vietnam Market),Enterprise Sales,"Singapore, Singapore",nontech,mid,0,0,0,,100000,https://careers.datadoghq.com/detail/7590670/?gh_jid=7590670
2026-07-28,DDOG,Datadog,Enterprise Security Sales Specialist,Enterprise Sales,"Chicago, Illinois, USA; San Francisco, California, USA",nontech,mid,0,0,0,,131500,https://careers.datadoghq.com/detail/7129428/?gh_jid=7129428
2026-07-28,DDOG,Datadog,Federal Support Engineer 3,Support Engineering,"Denver, Colorado, USA",product_eng,mid,0,0,0,,107000,https://careers.datadoghq.com/detail/7997846/?gh_jid=7997846
2026-07-28,DDOG,Datadog,Field CTO (Japan),Product Solutions Architecture,"Tokyo, Japan",other,mid,0,0,0,,,https://careers.datadoghq.com/detail/7703553/?gh_jid=7703553
2026-07-28,DDOG,Datadog,Field CTO (Japan),Product Solutions Architecture,"Tokyo, Japan",other,mid,0,0,0,,,https://careers.datadoghq.com/detail/7526356/?gh_jid=7526356
2026-07-28,DDOG,Datadog,Field Enablement Manager (LATAM),GTM Enablement,"Sao Paulo, Brazil",nontech,mid,0,0,0,,,https://careers.datadoghq.com/detail/7514840/?gh_jid=7514840
2026-07-28,DDOG,Datadog,FP&A Analyst - Data Insights,Finance,"New York, New York, USA",other,mid,0,0,0,,115500,https://careers.datadoghq.com/detail/7964916/?gh_jid=7964916
2026-07-28,DDOG,Datadog,Group Product Manager - Bring Your Own Cloud,Product Management,"New York, New York, USA",product_eng,mid,0,6,1,application,274500,https://careers.datadoghq.com/detail/8024863/?gh_jid=8024863
2026-07-28,DDOG,Datadog,"Group Product Manager, Cloud Security",Product Management,"New York, New York, USA",product_eng,mid,0,0,0,,274500,https://careers.datadoghq.com/detail/8029539/?gh_jid=8029539
2026-07-28,DDOG,Datadog,Group Product Manager - Code Security,Product Management,"New York, New York, USA",product_eng,mid,0,0,0,,274500,https://careers.datadoghq.com/detail/8023763/?gh_jid=8023763
2026-07-28,DDOG,Datadog,Group Product Manager - Threat Detection and Incident Response (Cloud SIEM),Product Management,"New York, New York, USA",product_eng,mid,0,0,0,,274500,https://careers.datadoghq.com/detail/7608826/?gh_jid=7608826
2026-07-28,DDOG,Datadog,GTM Operations Associate,Sales Strategy,"New York, New York, USA",nontech,mid,0,3,1,application,116500,https://careers.datadoghq.com/detail/8049521/?gh_jid=8049521
2026-07-28,DDOG,Datadog,GTM Strategy and Operations Analyst - Boston,Sales Strategy,"Boston, Massachusetts, USA",nontech,mid,0,6,1,application,87500,https://careers.datadoghq.com/detail/8026780/?gh_jid=8026780
2026-07-28,DDOG,Datadog,GTM Strategy and Operations Associate,Sales Strategy,"New York, New York, USA",nontech,mid,0,1,0,buzz,116500,https://careers.datadoghq.com/detail/7843331/?gh_jid=7843331
2026-07-28,DDOG,Datadog,GTM Strategy & Operations Senior Associate (Marketing),Sales Strategy,"New York, New York, USA",nontech,senior,0,0,0,,144500,https://careers.datadoghq.com/detail/8023435/?gh_jid=8023435
2026-07-28,DDOG,Datadog,Head of Channels & Alliances,Channels & Alliances,"Seoul, South Korea",other,exec,0,0,0,,,https://careers.datadoghq.com/detail/7687552/?gh_jid=7687552
2026-07-28,DDOG,Datadog,"Head of Enterprise Sales, Japan",Enterprise Sales,"Tokyo, Japan",nontech,exec,0,0,0,,,https://careers.datadoghq.com/detail/7730200/?gh_jid=7730200
2026-07-28,DDOG,Datadog,"Head of Enterprise Sales, Japan",Enterprise Sales,"Tokyo, Japan",nontech,exec,0,0,0,,,https://careers.datadoghq.com/detail/7729887/?gh_jid=7729887
2026-07-28,DDOG,Datadog,"Head of Executive Search, Business Recruiting",Business Recruiting,"Boston, Massachusetts, USA; Denver, Colorado, USA; New York, New York, USA; San Francisco, California, USA",nontech,exec,0,0,0,,201500,https://careers.datadoghq.com/detail/7961311/?gh_jid=7961311
2026-07-28,DDOG,Datadog,HRIS Manager,People,"New York, New York, USA",other,mid,0,0,0,,161000,https://careers.datadoghq.com/detail/8024708/?gh_jid=8024708
2026-07-28,DDOG,Datadog,Implementation Services Project Manager,Technical Post Sales,"Singapore, Singapore",demand_validated,mid,0,0,0,,,https://careers.datadoghq.com/detail/7809909/?gh_jid=7809909
2026-07-28,DDOG,Datadog,Key Accounts Executive,Enterprise Sales,"Boston, Massachusetts, USA; New York, New York, USA",other,mid,0,0,0,,132500,https://careers.datadoghq.com/detail/7409236/?gh_jid=7409236
2026-07-28,DDOG,Datadog,Major Account Manager,Enterprise Sales,"Florida, USA, Remote; North Carolina, USA, Remote",other,mid,0,0,0,,172500,https://careers.datadoghq.com/detail/7492312/?gh_jid=7492312
2026-07-28,DDOG,Datadog,Major Account Manager,Enterprise Sales,"Boston, Massachusetts, USA; New York, New York, USA",other,mid,0,0,0,,172500,https://careers.datadoghq.com/detail/7409198/?gh_jid=7409198
2026-07-28,DDOG,Datadog,Major Account Manager,Enterprise Sales,"California, USA, Remote; Colorado, USA, Remote; Washington, USA, Remote",other,mid,0,0,0,,157500,https://careers.datadoghq.com/detail/7630041/?gh_jid=7630041
2026-07-28,DDOG,Datadog,Major Account Manager (EMEA),Enterprise Sales,"Paris, France; Switzerland, Remote",other,mid,0,0,0,,,https://careers.datadoghq.com/detail/7409175/?gh_jid=7409175
2026-07-28,DDOG,Datadog,"Manager 2, Premier Support Engineering",Support Engineering,"Tokyo, Japan",product_eng,mid,0,0,0,,,https://careers.datadoghq.com/detail/7894188/?gh_jid=7894188
2026-07-28,DDOG,Datadog,"Manager, Commercial Sales",Commercial Sales,"Tokyo, Japan",nontech,mid,0,0,0,,,https://careers.datadoghq.com/detail/7463769/?gh_jid=7463769
2026-07-28,DDOG,Datadog,"Manager, Commercial Sales",Commercial Sales,"Tokyo, Japan",nontech,mid,0,0,0,,,https://careers.datadoghq.com/detail/7463989/?gh_jid=7463989
2026-07-28,DDOG,Datadog,"Manager, Commercial Sales - Denver",Commercial Sales,"Denver, Colorado, USA",nontech,mid,0,0,0,,107500,https://careers.datadoghq.com/detail/7979689/?gh_jid=7979689
2026-07-28,DDOG,Datadog,"Manager, Customer Success - LATAM (Portuguese-speaking)",Commercial Customer Success,"Sao Paulo, Brazil",demand_validated,mid,0,0,0,,,https://careers.datadoghq.com/detail/8041622/?gh_jid=8041622
2026-07-28,DDOG,Datadog,"Manager I, Applied AI - Distilled Models",Leadership,"Paris, France",other,mid,1,21,1,application|buzz|general_medium,,https://careers.datadoghq.com/detail/8030598/?gh_jid=8030598
2026-07-28,DDOG,Datadog,"Manager I, Documentation",Community,"California, USA, Remote; Colorado, USA, Remote; Illinois, USA, Remote; New York, USA, Remote; Washington, USA, Remote",other,mid,0,0,0,,162000,https://careers.datadoghq.com/detail/7974666/?gh_jid=7974666
2026-07-28,DDOG,Datadog,"Manager I, Engineering - AI Platform - Evaluation & Annotation",Leadership,"Paris, France",product_eng,mid,1,4,0,data_ml_ops|general_medium,,https://careers.datadoghq.com/detail/7965428/?gh_jid=7965428
2026-07-28,DDOG,Datadog,"Manager I, Engineering - AI Platform - Training & Serving",Leadership,"Paris, France",product_eng,mid,1,5,1,general_medium|model_infra,,https://careers.datadoghq.com/detail/7529852/?gh_jid=7529852
2026-07-28,DDOG,Datadog,"Manager I, Engineering - APM Serverless",Leadership,"New York, New York, USA",product_eng,mid,0,0,0,,216000,https://careers.datadoghq.com/detail/8060821/?gh_jid=8060821
2026-07-28,DDOG,Datadog,"Manager I, Engineering - Applied AI/ML Product Analytics Suite",Dev Eng,"Paris, France",product_eng,mid,1,5,1,application|general_medium,,https://careers.datadoghq.com/detail/8081251/?gh_jid=8081251
2026-07-28,DDOG,Datadog,"Manager I, Engineering - Applied AI - Natural Language & Conversational Interfaces",Leadership,"New York, New York, USA",product_eng,mid,1,21,1,application|buzz|general_medium,216000,https://careers.datadoghq.com/detail/7560494/?gh_jid=7560494
2026-07-28,DDOG,Datadog,"Manager I, Engineering - Change Experience Platform",Leadership,"New York, New York, USA",product_eng,mid,0,0,0,,216000,https://careers.datadoghq.com/detail/8031007/?gh_jid=8031007
2026-07-28,DDOG,Datadog,"Manager I, Engineering - Code Coverage",Leadership,"Madrid, Spain",product_eng,mid,0,7,1,application|buzz,,https://careers.datadoghq.com/detail/8048588/?gh_jid=8048588
2026-07-28,DDOG,Datadog,"Manager I, Engineering - Core Analytics",Leadership,"New York, New York, USA",product_eng,mid,0,6,1,application|model_infra,216000,https://careers.datadoghq.com/detail/7696093/?gh_jid=7696093
2026-07-28,DDOG,Datadog,"Manager I, Engineering - Data Visualization Explorations",Leadership,"New York, New York, USA",product_eng,mid,0,0,0,,216000,https://careers.datadoghq.com/detail/7947742/?gh_jid=7947742
2026-07-28,DDOG,Datadog,"Manager I, Engineering - Experiments",Leadership,"New York, New York, USA",product_eng,mid,0,0,0,,216000,https://careers.datadoghq.com/detail/8060788/?gh_jid=8060788
2026-07-28,DDOG,Datadog,"Manager I, Engineering - Husky",Leadership,"Paris, France",product_eng,mid,0,0,0,,,https://careers.datadoghq.com/detail/7959705/?gh_jid=7959705
2026-07-28,DDOG,Datadog,"Manager I, Engineering - Observability Pipelines (OP)",Dev Eng,"Paris, France",product_eng,mid,0,0,0,,,https://careers.datadoghq.com/detail/8074318/?gh_jid=8074318
2026-07-28,DDOG,Datadog,"Manager I, Engineering - Onboarding Growth",Leadership,"New York, New York, USA",product_eng,mid,0,0,0,,216000,https://careers.datadoghq.com/detail/8041594/?gh_jid=8041594
2026-07-28,DDOG,Datadog,"Manager I, Engineering - OrgStore Blueprint",Leadership,"Madrid, Spain",product_eng,mid,0,0,0,,,https://careers.datadoghq.com/detail/7586019/?gh_jid=7586019
2026-07-28,DDOG,Datadog,"Manager I, Engineering - Source Code Integration",Leadership,"Paris, France",product_eng,mid,0,3,1,application,,https://careers.datadoghq.com/detail/8051068/?gh_jid=8051068
2026-07-28,DDOG,Datadog,"Manager II, Engineering - Logs",Leadership,"New York, New York, USA",product_eng,mid,0,0,0,,267000,https://careers.datadoghq.com/detail/8031320/?gh_jid=8031320
2026-07-28,DDOG,Datadog,"Manager II, Implementation Services Project Manager - Denver",Technical Post Sales,"Denver, Colorado, USA",demand_validated,mid,0,0,0,,197000,https://careers.datadoghq.com/detail/8028917/?gh_jid=8028917
2026-07-28,DDOG,Datadog,"Manager II, Premier Support Engineering",Support Engineering,"Bangalore, India",product_eng,mid,0,0,0,,,https://careers.datadoghq.com/detail/7992945/?gh_jid=7992945
2026-07-28,DDOG,Datadog,"Manager II, Premier Support Engineering - EMEA",Support Engineering,"Paris, France",product_eng,mid,0,0,0,,,https://careers.datadoghq.com/detail/7496237/?gh_jid=7496237
2026-07-28,DDOG,Datadog,"Manager II, Services Architect",Technical Post Sales,"Singapore, Singapore",product_eng,mid,0,0,0,,,https://careers.datadoghq.com/detail/7939294/?gh_jid=7939294
2026-07-28,DDOG,Datadog,"Manager II, Technical Escalations Engineering",Support Engineering,"Sydney, Australia",product_eng,mid,0,0,0,,,https://careers.datadoghq.com/detail/7946547/?gh_jid=7946547
2026-07-28,DDOG,Datadog,"Manager I, Technical Account Management",Technical Post Sales,"Denver, Colorado, USA; San Francisco, California, USA",other,mid,0,0,0,,170000,https://careers.datadoghq.com/detail/7787709/?gh_jid=7787709
2026-07-28,DDOG,Datadog,"Manager I, Technical Account Management - Chicago/Denver",Technical Post Sales,"Chicago, Illinois, USA; Denver, Colorado, USA",other,mid,0,0,0,,170000,https://careers.datadoghq.com/detail/7787715/?gh_jid=7787715
2026-07-28,DDOG,Datadog,"Manager I, Technical Escalations Engineering - Paris",Support Engineering,"Paris, France",product_eng,mid,0,0,0,,,https://careers.datadoghq.com/detail/8013353/?gh_jid=8013353
2026-07-28,DDOG,Datadog,"Manager I, Technical Support Engineering",Support Engineering,"Tokyo, Japan",product_eng,mid,0,0,0,,,https://careers.datadoghq.com/detail/7343626/?gh_jid=7343626
2026-07-28,DDOG,Datadog,"Manager I, Technical Support Engineering",Support Engineering,"Seoul, South Korea",product_eng,mid,0,0,0,,,https://careers.datadoghq.com/detail/8014851/?gh_jid=8014851
2026-07-28,DDOG,Datadog,"Manager, Mid Market - Brazil",Mid-Market Sales,"Sao Paulo, Brazil",other,mid,0,0,0,,,https://careers.datadoghq.com/detail/7800409/?gh_jid=7800409
2026-07-28,DDOG,Datadog,"Manager, Mid-Market Sales - San Francisco",Mid-Market Sales,"San Francisco, California, USA",nontech,mid,0,0,0,,127500,https://careers.datadoghq.com/detail/7913641/?gh_jid=7913641
2026-07-28,DDOG,Datadog,"Manager, Networking",Enterprise Technology,"Boston, Massachusetts, USA; Denver, Colorado, USA; New York, New York, USA",other,mid,0,0,0,,166000,https://careers.datadoghq.com/detail/6632056/?gh_jid=6632056
2026-07-28,DDOG,Datadog,"Manager, Sales Field Enablement, APJ",GTM Enablement,"Singapore, Singapore",nontech,mid,0,0,0,,225750,https://careers.datadoghq.com/detail/8047666/?gh_jid=8047666
2026-07-28,DDOG,Datadog,"Manager, Strategic Sourcing, AI Infrastructure & Services",Finance,"New York, New York, USA",other,mid,1,4,0,general_medium,149000,https://careers.datadoghq.com/detail/8024670/?gh_jid=8024670
2026-07-28,DDOG,Datadog,Mid Market Account Executive,Mid-Market Sales,"Tokyo, Japan",demand_validated,mid,0,0,0,,,https://careers.datadoghq.com/detail/6522009/?gh_jid=6522009
2026-07-28,DDOG,Datadog,Mid Market Account Executive,Mid-Market Sales,"Tokyo, Japan",demand_validated,mid,0,0,0,,,https://careers.datadoghq.com/detail/6523631/?gh_jid=6523631
2026-07-28,DDOG,Datadog,Mid Market Account Executive,Mid-Market Sales,"Denver, Colorado, USA",demand_validated,mid,0,0,0,,92500,https://careers.datadoghq.com/detail/6163246/?gh_jid=6163246
2026-07-28,DDOG,Datadog,Mid Market Account Executive,Mid-Market Sales,"Bangalore, India",demand_validated,mid,0,0,0,,,https://careers.datadoghq.com/detail/7785319/?gh_jid=7785319
2026-07-28,DDOG,Datadog,Mid Market Account Executive,Mid-Market Sales,"New York, New York, USA",demand_validated,mid,0,0,0,,92500,https://careers.datadoghq.com/detail/6665385/?gh_jid=6665385
2026-07-28,DDOG,Datadog,Mid-Market Account Executive - Boston,Mid-Market Sales,"Boston, Massachusetts, USA",demand_validated,mid,0,0,0,,92500,https://careers.datadoghq.com/detail/6798820/?gh_jid=6798820
2026-07-28,DDOG,Datadog,Mid-Market Account Executive (DACH),Mid-Market Sales,"Amsterdam, The Netherlands; Dublin, Ireland",demand_validated,mid,0,0,0,,,https://careers.datadoghq.com/detail/7476847/?gh_jid=7476847
2026-07-28,DDOG,Datadog,Mid-Market Account Executive - San Francisco,Mid-Market Sales,"San Francisco, California, USA",demand_validated,mid,0,0,0,,92500,https://careers.datadoghq.com/detail/7082012/?gh_jid=7082012
2026-07-28,DDOG,Datadog,Mid-Market Account Executive - (Turkey),Mid-Market Sales,"Amsterdam, The Netherlands",demand_validated,mid,0,0,0,,,https://careers.datadoghq.com/detail/8030635/?gh_jid=8030635
2026-07-28,DDOG,Datadog,Mid-Market Sales (Italy/Spain),Mid-Market Sales,"Amsterdam, The Netherlands",nontech,mid,0,0,0,,,https://careers.datadoghq.com/detail/7530418/?gh_jid=7530418
2026-07-28,DDOG,Datadog,Network Engineer II,Enterprise Technology,"Paris, France",product_eng,mid,0,0,0,,,https://careers.datadoghq.com/detail/8028254/?gh_jid=8028254
2026-07-28,DDOG,Datadog,Office Operations Associate - NYC,Business Operations,"New York, New York, USA",nontech,mid,0,0,0,,59500,https://careers.datadoghq.com/detail/8046660/?gh_jid=8046660
2026-07-28,DDOG,Datadog,Order Operations Analyst,Sales Operations,"Singapore, Singapore",nontech,mid,0,0,0,,,https://careers.datadoghq.com/detail/8034852/?gh_jid=8034852
2026-07-28,DDOG,Datadog,Partner Enablement Manager,Channels & Alliances,"Sydney, Australia",nontech,mid,0,0,0,,,https://careers.datadoghq.com/detail/7979307/?gh_jid=7979307
2026-07-28,DDOG,Datadog,Partner Enablement Manager,Channels & Alliances,"Singapore, Singapore",nontech,mid,0,0,0,,,https://careers.datadoghq.com/detail/7991863/?gh_jid=7991863
2026-07-28,DDOG,Datadog,Partner Manager - Channels,Channels & Alliances,"Illinois, USA, Remote; Michigan, USA, Remote; Minnesota, USA, Remote; Ohio, USA, Remote; Texas, USA, Remote",other,mid,0,0,0,,95500,https://careers.datadoghq.com/detail/7872382/?gh_jid=7872382
2026-07-28,DDOG,Datadog,Partner Manager - Channels ,Channels & Alliances,"Mexico City, Mexico",other,mid,0,0,0,,,https://careers.datadoghq.com/detail/7868711/?gh_jid=7868711
2026-07-28,DDOG,Datadog,Partner Solutions Architect (ANZ),Channels & Alliances,"Sydney, Australia",demand_validated,mid,0,0,0,,,https://careers.datadoghq.com/detail/7922975/?gh_jid=7922975
2026-07-28,DDOG,Datadog,Partner Solutions Architect (Brazil),Channels & Alliances,"Sao Paulo, Brazil",demand_validated,mid,0,0,0,,,https://careers.datadoghq.com/detail/7967871/?gh_jid=7967871
2026-07-28,DDOG,Datadog,Partner Solutions Architect (Colombia),Channels & Alliances,"Colombia, Remote",demand_validated,mid,0,0,0,,,https://careers.datadoghq.com/detail/7977644/?gh_jid=7977644
2026-07-28,DDOG,Datadog,Partner Solutions Architect (EMEA),Channels & Alliances,"Italy, Remote; Lisbon, Portugal; Madrid, Spain; Paris, France",demand_validated,mid,0,0,0,,,https://careers.datadoghq.com/detail/7683726/?gh_jid=7683726
2026-07-28,DDOG,Datadog,Partner Solutions Architect (GSI) - AMER East,Channels & Alliances,"Boston, Massachusetts, USA; New York, New York, USA",demand_validated,mid,0,0,0,,166700,https://careers.datadoghq.com/detail/8003977/?gh_jid=8003977
2026-07-28,DDOG,Datadog,Partner Solutions Architect (GSI) - AMER West,Channels & Alliances,"California, USA, Remote; Illinois, USA, Remote; Texas, USA, Remote; Washington, USA, Remote",demand_validated,mid,0,0,0,,166700,https://careers.datadoghq.com/detail/8015631/?gh_jid=8015631
2026-07-28,DDOG,Datadog,Partner Solutions Architect (GSI) - AMER West,Channels & Alliances,"Denver, Colorado, USA; San Francisco, California, USA",demand_validated,mid,0,0,0,,166700,https://careers.datadoghq.com/detail/8010455/?gh_jid=8010455
2026-07-28,DDOG,Datadog,Partner Solutions Architect (India GSI),Channels & Alliances,"Bangalore, India",demand_validated,mid,0,0,0,,,https://careers.datadoghq.com/detail/7984988/?gh_jid=7984988
2026-07-28,DDOG,Datadog,Partner Solutions Architect (Pan-EMEA GSI),Channels & Alliances,"Amsterdam, The Netherlands; Germany, Remote; Italy, Remote; Lisbon, Portugal; London, United Kingdom; Madrid, Spain; Stockholm, Sweden",demand_validated,mid,0,0,0,,,https://careers.datadoghq.com/detail/7997198/?gh_jid=7997198
2026-07-28,DDOG,Datadog,Payroll Specialist,People,"Boston, Massachusetts, USA; Denver, Colorado, USA; New York, New York, USA",nontech,mid,0,0,0,,93000,https://careers.datadoghq.com/detail/8028508/?gh_jid=8028508
2026-07-28,DDOG,Datadog,People Business Partner - NYC,People,"New York, New York, USA",other,mid,0,0,0,,147500,https://careers.datadoghq.com/detail/7705443/?gh_jid=7705443
2026-07-28,DDOG,Datadog,People Operations Apprentice,People,"Paris, France",nontech,intern,0,0,0,,,https://careers.datadoghq.com/detail/7976825/?gh_jid=7976825
2026-07-28,DDOG,Datadog,People Systems Developer,People,"Boston, Massachusetts, USA; Denver, Colorado, USA; New York, New York, USA",product_eng,mid,0,3,1,application,175500,https://careers.datadoghq.com/detail/7874990/?gh_jid=7874990
2026-07-28,DDOG,Datadog,Principal Analyst Relations Manager,Corporate Marketing & Comms,"Boston, Massachusetts, USA; New York, New York, USA; San Francisco, California, USA",other,staff_principal,0,0,0,,184000,https://careers.datadoghq.com/detail/7905494/?gh_jid=7905494
2026-07-28,DDOG,Datadog,Principal Partner Manager - Channels (GSI),Channels & Alliances,"Boston, Massachusetts, USA; Denver, Colorado, USA; Florida, USA, Remote; Illinois, USA, Remote; New Jersey, USA, Remote; New York, New York, USA; San Francisco, California, USA; Texas, USA, Remote; Washington, USA, Remote",other,staff_principal,0,0,0,,161000,https://careers.datadoghq.com/detail/7584250/?gh_jid=7584250
2026-07-28,DDOG,Datadog,Principal Partner Manager - Channels (GSI),Channels & Alliances,"Boston, Massachusetts, USA; Denver, Colorado, USA; Florida, USA, Remote; Illinois, USA, Remote; New Jersey, USA, Remote; New York, New York, USA; San Francisco, California, USA; Texas, USA, Remote; Washington, USA, Remote",other,staff_principal,0,0,0,,161000,https://careers.datadoghq.com/detail/7582679/?gh_jid=7582679
2026-07-28,DDOG,Datadog,Principal Partner Manager - Channels (Middle East GSI),Channels & Alliances,"Dubai, United Arab Emirates",other,staff_principal,0,0,0,,,https://careers.datadoghq.com/detail/8076595/?gh_jid=8076595
2026-07-28,DDOG,Datadog,Principal Partner Manager - Channels (South Europe GSI),Channels & Alliances,"Paris, France",other,staff_principal,0,0,0,,,https://careers.datadoghq.com/detail/7747026/?gh_jid=7747026
2026-07-28,DDOG,Datadog,Principal Partner Manager - Channels (UKI Security),Channels & Alliances,"London, United Kingdom; United Kingdom, Remote",other,staff_principal,0,0,0,,,https://careers.datadoghq.com/detail/7747740/?gh_jid=7747740
2026-07-28,DDOG,Datadog,Principal Partner Manager - Technology Alliances,Channels & Alliances,"California, USA, Remote; Massachusetts, USA, Remote; New York, New York, USA; New York, USA, Remote; Texas, USA, Remote; Washington, USA, Remote",other,staff_principal,0,0,0,,227500,https://careers.datadoghq.com/detail/7976823/?gh_jid=7976823
2026-07-28,DDOG,Datadog,Principal Partner Solutions Architect (Public Sector - Fed),Channels & Alliances,"District of Columbia, USA, Remote; Maryland, USA, Remote; Virginia, USA, Remote",demand_validated,staff_principal,0,0,0,,234800,https://careers.datadoghq.com/detail/7943824/?gh_jid=7943824
2026-07-28,DDOG,Datadog,"Product Designer II, Metrics",Product Design,"New York, New York, USA",product_eng,mid,0,4,1,application|buzz,155700,https://careers.datadoghq.com/detail/8075709/?gh_jid=8075709
2026-07-28,DDOG,Datadog,"Product Manager II, AI & Data Security",Product Management,"Paris, France",product_eng,mid,1,8,1,application|buzz|model_infra,,https://careers.datadoghq.com/detail/8012549/?gh_jid=8012549
2026-07-28,DDOG,Datadog,"Product Manager II, AI & Data Security",Product Management,"Boston, Massachusetts, USA; New York, New York, USA",product_eng,mid,1,8,1,application|buzz|model_infra,175500,https://careers.datadoghq.com/detail/7982288/?gh_jid=7982288
2026-07-28,DDOG,Datadog,Product Manager II - Alerting,Product Management,"New York, New York, USA",product_eng,mid,0,1,0,buzz,175000,https://careers.datadoghq.com/detail/8076871/?gh_jid=8076871
2026-07-28,DDOG,Datadog,Product Manager II - Application Performance Monitoring,Product Management,"Paris, France",product_eng,mid,0,3,1,application,,https://careers.datadoghq.com/detail/8028422/?gh_jid=8028422
2026-07-28,DDOG,Datadog,Product Manager II - Application Performance Monitoring,Product Management,"New York, New York, USA",product_eng,mid,0,3,1,application,175500,https://careers.datadoghq.com/detail/8021327/?gh_jid=8021327
2026-07-28,DDOG,Datadog,Product Manager II - Developer Engagement,Product Management,"New York, New York, USA",product_eng,mid,0,1,0,buzz,175500,https://careers.datadoghq.com/detail/8064898/?gh_jid=8064898
2026-07-28,DDOG,Datadog,Product Manager II - Model Lab,Product Management,"New York, New York, USA",product_eng,mid,0,25,1,application|data_ml_ops|model_infra,175500,https://careers.datadoghq.com/detail/7144556/?gh_jid=7144556
2026-07-28,DDOG,Datadog,Product Manager II - Security Graph Experience,Product Management,"Boston, Massachusetts, USA; New York, New York, USA",product_eng,mid,0,3,1,application,216000,https://careers.datadoghq.com/detail/8052135/?gh_jid=8052135
2026-07-28,DDOG,Datadog,Product Marketing Manager - APM,Product Marketing,"New York, New York, USA; San Francisco, California, USA",nontech,mid,0,0,0,,143500,https://careers.datadoghq.com/detail/8002922/?gh_jid=8002922
2026-07-28,DDOG,Datadog,Product Marketing Manager - Infrastructure Monitoring (AI and Containers),Product Marketing,"New York, New York, USA",nontech,mid,1,5,1,application|general_medium,143500,https://careers.datadoghq.com/detail/8035530/?gh_jid=8035530
2026-07-28,DDOG,Datadog,Product Operations Manager,Product Management,"New York, New York, USA",nontech,mid,0,7,1,application|buzz,147500,https://careers.datadoghq.com/detail/7991343/?gh_jid=7991343
2026-07-28,DDOG,Datadog,Product Solutions Architect - Product Analytics and Experimentation,Product Solutions Architecture,"Boston, Massachusetts, USA; Denver, Colorado, USA; New York, New York, USA; San Francisco, California, USA",demand_validated,mid,0,0,0,,177000,https://careers.datadoghq.com/detail/7732699/?gh_jid=7732699
2026-07-28,DDOG,Datadog,"Product Strategy and Corporate Development Lead, AI",Corporate Development,"New York, New York, USA",other,senior,1,0,0,,210000,https://careers.datadoghq.com/detail/8011158/?gh_jid=8011158
2026-07-28,DDOG,Datadog,Product Strategy and Corporate Development Lead (EMEA),Corporate Development,"Paris, France",other,senior,0,5,1,application|data_ml_ops,,https://careers.datadoghq.com/detail/7413847/?gh_jid=7413847
2026-07-28,DDOG,Datadog,Real Estate Associate Project Manager,Business Operations,"Amsterdam, The Netherlands; London, United Kingdom; Paris, France",other,mid,0,0,0,,,https://careers.datadoghq.com/detail/7732564/?gh_jid=7732564
2026-07-28,DDOG,Datadog,"Recruiter, GTM",Business Recruiting,"Boston, Massachusetts, USA; New York, New York, USA",nontech,mid,0,0,0,,114000,https://careers.datadoghq.com/detail/7927485/?gh_jid=7927485
2026-07-28,DDOG,Datadog,"Recruiter II, Business Recruiting",Business Recruiting,"Tokyo, Japan",nontech,mid,0,0,0,,,https://careers.datadoghq.com/detail/7650367/?gh_jid=7650367
2026-07-28,DDOG,Datadog,"Recruiter II, Business Recruiting",Business Recruiting,"Singapore, Singapore",nontech,mid,0,0,0,,,https://careers.datadoghq.com/detail/8041182/?gh_jid=8041182
2026-07-28,DDOG,Datadog,Regional Director - Enterprise Sales (Saudi Arabia) ,Enterprise Sales,"Riyadh, Saudi Arabia",nontech,director,0,0,0,,,https://careers.datadoghq.com/detail/7338847/?gh_jid=7338847
2026-07-28,DDOG,Datadog,"Regional Manager, Sales Engineering - Public Sector",Enterprise Sales Engineering,"Tokyo, Japan",demand_validated,mid,0,0,0,,,https://careers.datadoghq.com/detail/8003531/?gh_jid=8003531
2026-07-28,DDOG,Datadog,"Regional Manager, Sales Engineering - Security (NORAM)",Enterprise Sales Engineering,"Maryland, USA, Remote; Massachusetts, USA, Remote; New Jersey, USA, Remote; New York, New York, USA; Virginia, USA, Remote",demand_validated,mid,0,0,0,,175000,https://careers.datadoghq.com/detail/8016279/?gh_jid=8016279
2026-07-28,DDOG,Datadog,"Regional Manager, Sales Engineering - UK",Enterprise Sales Engineering,"London, United Kingdom",demand_validated,mid,0,0,0,,,https://careers.datadoghq.com/detail/8048106/?gh_jid=8048106
2026-07-28,DDOG,Datadog,Sales Development Representative,Sales Development,"Tokyo, Japan",nontech,mid,0,0,0,,,https://careers.datadoghq.com/detail/7806043/?gh_jid=7806043
2026-07-28,DDOG,Datadog,Sales Development Representative,Sales Development,"Seoul, South Korea",nontech,mid,0,0,0,,,https://careers.datadoghq.com/detail/6690499/?gh_jid=6690499
2026-07-28,DDOG,Datadog,Sales Development Representative,Sales Development,"Singapore, Singapore",nontech,mid,0,0,0,,,https://careers.datadoghq.com/detail/8050063/?gh_jid=8050063
2026-07-28,DDOG,Datadog,Sales Development Representative,Sales Development,"Tokyo, Japan",nontech,mid,0,0,0,,,https://careers.datadoghq.com/detail/7806117/?gh_jid=7806117
2026-07-28,DDOG,Datadog,Sales Development Representative,Sales Development,"Seoul, South Korea",nontech,mid,0,0,0,,,https://careers.datadoghq.com/detail/6686710/?gh_jid=6686710
2026-07-28,DDOG,Datadog,Sales Development Representative,Sales Development,"Bangalore, India",nontech,mid,0,0,0,,,https://careers.datadoghq.com/detail/7531575/?gh_jid=7531575
2026-07-28,DDOG,Datadog,Sales Development Representative,Sales Development,"Sydney, Australia",nontech,mid,0,0,0,,,https://careers.datadoghq.com/detail/8042600/?gh_jid=8042600
2026-07-28,DDOG,Datadog,Sales Development Representative (Benelux),Sales Development,"Dublin, Ireland",nontech,mid,0,0,0,,,https://careers.datadoghq.com/detail/7180254/?gh_jid=7180254
2026-07-28,DDOG,Datadog,Sales Development Representative (DACH) ,Sales Development,"Amsterdam, The Netherlands",nontech,mid,0,0,0,,,https://careers.datadoghq.com/detail/6307160/?gh_jid=6307160
2026-07-28,DDOG,Datadog,Sales Development Representative - Denver,Sales Development,"Denver, Colorado, USA",nontech,mid,0,0,0,,50000,https://careers.datadoghq.com/detail/7137624/?gh_jid=7137624
2026-07-28,DDOG,Datadog,Sales Development Representative (France),Sales Development,"Dublin, Ireland",nontech,mid,0,0,0,,,https://careers.datadoghq.com/detail/7034798/?gh_jid=7034798
2026-07-28,DDOG,Datadog,Sales Development Representative (Indonesia Market),Sales Development,"Singapore, Singapore",nontech,mid,0,0,0,,,https://careers.datadoghq.com/detail/8042602/?gh_jid=8042602
2026-07-28,DDOG,Datadog,Sales Development Representative (LATAM - Portuguese Speaking),Sales Development,"Boston, Massachusetts, USA",nontech,mid,0,0,0,,50000,https://careers.datadoghq.com/detail/6685931/?gh_jid=6685931
2026-07-28,DDOG,Datadog,Sales Development Representative (LATAM - Spanish Speaking),Sales Development,"Boston, Massachusetts, USA",nontech,mid,0,0,0,,50000,https://careers.datadoghq.com/detail/7003239/?gh_jid=7003239
2026-07-28,DDOG,Datadog,Sales Development Representative (Nordics) - Dublin,Sales Development,"Dublin, Ireland",nontech,mid,0,0,0,,,https://careers.datadoghq.com/detail/6857395/?gh_jid=6857395
2026-07-28,DDOG,Datadog,Sales Development Representative (UKI),Sales Development,"Dublin, Ireland",nontech,mid,0,0,0,,,https://careers.datadoghq.com/detail/7016097/?gh_jid=7016097
2026-07-28,DDOG,Datadog,Sales Engineer (Customer Success),Commercial & Mid-Market Sales Engineering,"Boston, Massachusetts, USA",demand_validated,mid,0,0,0,,93000,https://careers.datadoghq.com/detail/8045678/?gh_jid=8045678
2026-07-28,DDOG,Datadog,Sales Revenue Analyst - Boston,Sales Operations,"Boston, Massachusetts, USA",nontech,mid,0,0,0,,92500,https://careers.datadoghq.com/detail/7587086/?gh_jid=7587086
2026-07-28,DDOG,Datadog,Security Engineer 2 - Cyber Threat Intelligence,Security,"New York, New York, USA",product_eng,mid,0,0,0,,175500,https://careers.datadoghq.com/detail/7982345/?gh_jid=7982345
2026-07-28,DDOG,Datadog,Security Sales Engineer,Enterprise Sales Engineering,"Florida, USA, Remote; Massachusetts, USA, Remote; New York, USA, Remote",demand_validated,mid,0,0,0,,137500,https://careers.datadoghq.com/detail/7554877/?gh_jid=7554877
2026-07-28,DDOG,Datadog,Senior Accountant,Finance,"New York, New York, USA",other,senior,0,0,0,,99000,https://careers.datadoghq.com/detail/7921854/?gh_jid=7921854
2026-07-28,DDOG,Datadog,Senior AI Engineer,Dev Eng,"Paris, France",product_eng,senior,1,8,1,application|buzz,,https://careers.datadoghq.com/detail/7731292/?gh_jid=7731292
2026-07-28,DDOG,Datadog,Senior Applied Scientist,Dev Eng,"Paris, France",other,senior,0,1,0,buzz,,https://careers.datadoghq.com/detail/6781197/?gh_jid=6781197
2026-07-28,DDOG,Datadog,Senior Applied Scientist - Behavior AI,Dev Eng,"Paris, France",other,senior,1,9,1,application|buzz|general_medium|model_infra,,https://careers.datadoghq.com/detail/8045964/?gh_jid=8045964
2026-07-28,DDOG,Datadog,Senior Cloud Security Engineer - K8s,Security,"New York, New York, USA",product_eng,senior,0,0,0,,213500,https://careers.datadoghq.com/detail/7815616/?gh_jid=7815616
2026-07-28,DDOG,Datadog,Senior Commercial Counsel,Legal Operations,"Singapore, Singapore",nontech,senior,0,3,1,application,,https://careers.datadoghq.com/detail/7905276/?gh_jid=7905276
2026-07-28,DDOG,Datadog,"Senior Corporate Development Lead, AI",Corporate Development,"San Francisco, California, USA",other,senior,1,0,0,,262500,https://careers.datadoghq.com/detail/7555575/?gh_jid=7555575
2026-07-28,DDOG,Datadog,Senior Deal Desk Analyst,Deal Desk,"Singapore, Singapore",other,senior,0,0,0,,,https://careers.datadoghq.com/detail/7906615/?gh_jid=7906615
2026-07-28,DDOG,Datadog,Senior Developer Advocate - Data Observability,Community,"California, USA, Remote; Colorado, USA, Remote; Illinois, USA, Remote; New York, USA, Remote; Washington, USA, Remote",product_eng,senior,0,0,0,,193500,https://careers.datadoghq.com/detail/7555520/?gh_jid=7555520
2026-07-28,DDOG,Datadog,Senior Developer Advocate - Modern App Development,Community,"California, USA, Remote; Nevada, USA, Remote; Texas, USA, Remote; Washington, USA, Remote",product_eng,senior,0,0,0,,193500,https://careers.datadoghq.com/detail/7985840/?gh_jid=7985840
2026-07-28,DDOG,Datadog,"Senior Director, Growth Marketing – Organic Growth (SEO/GEO)",Demand Generation,"San Francisco, California, USA",nontech,director,0,3,1,application,249375,https://careers.datadoghq.com/detail/8036385/?gh_jid=8036385
2026-07-28,DDOG,Datadog,Senior Enterprise Customer Success Manager,Enterprise Customer Success,"Tokyo, Japan",demand_validated,senior,0,0,0,,,https://careers.datadoghq.com/detail/8054774/?gh_jid=8054774
2026-07-28,DDOG,Datadog,Senior Enterprise Customer Success Manager,Enterprise Customer Success,"Tokyo, Japan",demand_validated,senior,0,0,0,,,https://careers.datadoghq.com/detail/8054902/?gh_jid=8054902
2026-07-28,DDOG,Datadog,Senior Field Marketing Manager - Public Sector (EMEA),Field Marketing,"Amsterdam, The Netherlands; London, United Kingdom",nontech,senior,0,0,0,,,https://careers.datadoghq.com/detail/8039342/?gh_jid=8039342
2026-07-28,DDOG,Datadog,Senior Financial Systems Analyst,Finance,"New York, New York, USA",other,senior,0,0,0,,110000,https://careers.datadoghq.com/detail/8002771/?gh_jid=8002771
2026-07-28,DDOG,Datadog,"Senior Manager, Accounting",Finance,"New York, New York, USA",nontech,senior,0,0,0,,189000,https://careers.datadoghq.com/detail/7819471/?gh_jid=7819471
2026-07-28,DDOG,Datadog,"Senior Manager, Product Solutions Architecture",Product Solutions Architecture,"Boston, Massachusetts, USA; Denver, Colorado, USA; New York, New York, USA; San Francisco, California, USA",demand_validated,senior,0,0,0,,246000,https://careers.datadoghq.com/detail/7960450/?gh_jid=7960450
2026-07-28,DDOG,Datadog,Senior Mid Market Account Executive - San Francisco,Mid-Market Sales,"San Francisco, California, USA",demand_validated,senior,0,0,0,,105000,https://careers.datadoghq.com/detail/7831520/?gh_jid=7831520
2026-07-28,DDOG,Datadog,Senior Partner Enablement Manager,Channels & Alliances,"Tokyo, Japan",nontech,senior,0,0,0,,,https://careers.datadoghq.com/detail/8003723/?gh_jid=8003723
2026-07-28,DDOG,Datadog,Senior Partner Enablement Manager,Channels & Alliances,"Tokyo, Japan",nontech,senior,0,0,0,,,https://careers.datadoghq.com/detail/8007394/?gh_jid=8007394
2026-07-28,DDOG,Datadog,Senior Partner Manager - Channels,Channels & Alliances,"Tokyo, Japan",other,senior,0,0,0,,,https://careers.datadoghq.com/detail/7984184/?gh_jid=7984184
2026-07-28,DDOG,Datadog,Senior Partner Manager - Channels,Channels & Alliances,"Tokyo, Japan",other,senior,0,0,0,,,https://careers.datadoghq.com/detail/7982373/?gh_jid=7982373
2026-07-28,DDOG,Datadog,Senior Partner Manager - Channels (Global GSI),Channels & Alliances,"Bangalore, India; Mumbai, India",other,senior,0,0,0,,,https://careers.datadoghq.com/detail/8074700/?gh_jid=8074700
2026-07-28,DDOG,Datadog,Senior Partner Manager - Channels (Nordics),Channels & Alliances,"Copenhagen, Denmark; Stockholm, Sweden",other,senior,0,0,0,,,https://careers.datadoghq.com/detail/7580196/?gh_jid=7580196
2026-07-28,DDOG,Datadog,Senior Partner Manager - Channels (Security),Channels & Alliances,"Sao Paulo, Brazil",other,senior,0,0,0,,,https://careers.datadoghq.com/detail/7582681/?gh_jid=7582681
2026-07-28,DDOG,Datadog,"Senior Partner Marketing Manager, North America",Partner Marketing,"Boston, Massachusetts, USA; New York, New York, USA",nontech,senior,0,1,0,buzz,139000,https://careers.datadoghq.com/detail/7779207/?gh_jid=7779207
2026-07-28,DDOG,Datadog,Senior Partner Program Manager - Datadog Reseller Program,Channels & Alliances,"Boston, Massachusetts, USA; New York, New York, USA",other,senior,0,0,0,,147500,https://careers.datadoghq.com/detail/7984983/?gh_jid=7984983
2026-07-28,DDOG,Datadog,Senior Partner Program Manager - Strategic Initiatives,Channels & Alliances,"California, USA, Remote; Colorado, USA, Remote; Massachusetts, USA, Remote; New York, New York, USA; New York, USA, Remote",other,senior,0,0,0,,183500,https://careers.datadoghq.com/detail/7977339/?gh_jid=7977339
2026-07-28,DDOG,Datadog,Senior Payroll Specialist,People,"Boston, Massachusetts, USA; Denver, Colorado, USA; New York, New York, USA",nontech,senior,0,0,0,,128500,https://careers.datadoghq.com/detail/8030851/?gh_jid=8030851
2026-07-28,DDOG,Datadog,Senior People Business Partner,People,"Tokyo, Japan",other,senior,0,0,0,,,https://careers.datadoghq.com/detail/7461043/?gh_jid=7461043
2026-07-28,DDOG,Datadog,Senior Platform Product Manager - AI SDLC Trusted Throughput,Product Management,"New York, New York, USA",product_eng,senior,1,4,1,application|buzz,216000,https://careers.datadoghq.com/detail/7947683/?gh_jid=7947683
2026-07-28,DDOG,Datadog,Senior PM - Managed Security Service Provider (Cloud SIEM),Product Management,"New York, New York, USA",product_eng,senior,0,0,0,,216000,https://careers.datadoghq.com/detail/7947732/?gh_jid=7947732
2026-07-28,DDOG,Datadog,Senior Procurement Analyst,Finance,"New York, New York, USA",other,senior,0,0,0,,103500,https://careers.datadoghq.com/detail/7977425/?gh_jid=7977425
2026-07-28,DDOG,Datadog,Senior Product Designer - AAA,Product Design,"New York, New York, USA",product_eng,senior,0,0,0,,182000,https://careers.datadoghq.com/detail/8002906/?gh_jid=8002906
2026-07-28,DDOG,Datadog,"Senior Product Manager, AAA/Enterprise Growth",Product Management,"New York, New York, USA",product_eng,senior,0,0,0,,216000,https://careers.datadoghq.com/detail/7983465/?gh_jid=7983465
2026-07-28,DDOG,Datadog,Senior Product Manager - Agent Integrations,Product Management,"New York, New York, USA",product_eng,senior,0,10,1,application|general_medium,175500,https://careers.datadoghq.com/detail/8030599/?gh_jid=8030599
2026-07-28,DDOG,Datadog,Senior Product Manager - Data Agent,Product Management,"New York, New York, USA",product_eng,senior,0,7,1,application|buzz,216000,https://careers.datadoghq.com/detail/7785350/?gh_jid=7785350
2026-07-28,DDOG,Datadog,Senior Product Manager - Database AI Optimization,Product Management,"New York, New York, USA",product_eng,senior,1,3,1,application,216000,https://careers.datadoghq.com/detail/7065807/?gh_jid=7065807
2026-07-28,DDOG,Datadog,Senior Product Manager - Data Security,Product Management,"Paris, France",product_eng,senior,0,3,0,buzz,,https://careers.datadoghq.com/detail/7808839/?gh_jid=7808839
2026-07-28,DDOG,Datadog,"Senior Product Manager, Data Visualization",Product Management,"New York, New York, USA",product_eng,senior,0,1,0,buzz,216000,https://careers.datadoghq.com/detail/7560326/?gh_jid=7560326
2026-07-28,DDOG,Datadog,Senior Product Manager - Fleet and Lifecycle Management,Product Management,"Boston, Massachusetts, USA; New York, New York, USA",product_eng,senior,0,3,1,application,216000,https://careers.datadoghq.com/detail/8077142/?gh_jid=8077142
2026-07-28,DDOG,Datadog,Senior Product Manager - Network Path,Product Management,"New York, New York, USA",product_eng,senior,0,0,0,,216000,https://careers.datadoghq.com/detail/7763117/?gh_jid=7763117
2026-07-28,DDOG,Datadog,Senior Product Manager – Observability Data Platform,Product Management,"New York, New York, USA",product_eng,senior,0,0,0,,216000,https://careers.datadoghq.com/detail/8065192/?gh_jid=8065192
2026-07-28,DDOG,Datadog,"Senior Product Manager - Regulated Industries, Data Center and New Market Expansions",Product Management,"New York, New York, USA",product_eng,senior,0,0,0,,216000,https://careers.datadoghq.com/detail/8069340/?gh_jid=8069340
2026-07-28,DDOG,Datadog,Senior Product Manager - Search,Product Management,"Boston, Massachusetts, USA; New York, New York, USA",product_eng,senior,0,14,1,application|buzz|general_medium,216000,https://careers.datadoghq.com/detail/7974481/?gh_jid=7974481
2026-07-28,DDOG,Datadog,Senior Product Manager - Serverless,Product Management,"Boston, Massachusetts, USA; New York, New York, USA",product_eng,senior,0,1,0,buzz,216000,https://careers.datadoghq.com/detail/7905006/?gh_jid=7905006
2026-07-28,DDOG,Datadog,Senior Product Marketing Manager - Observability Pipelines,Product Marketing,"New York, New York, USA; San Francisco, California, USA",nontech,senior,0,0,0,,179500,https://careers.datadoghq.com/detail/8041598/?gh_jid=8041598
2026-07-28,DDOG,Datadog,Senior Product Solutions Architect - LLM Observability,Product Solutions Architecture,"Boston, Massachusetts, USA; Denver, Colorado, USA; New York, New York, USA; San Francisco, California, USA",demand_validated,senior,1,3,1,application,194500,https://careers.datadoghq.com/detail/7627531/?gh_jid=7627531
2026-07-28,DDOG,Datadog,"Senior Program Manager, People Team (NYC)",People,"New York, New York, USA",other,senior,0,0,0,,210000,https://careers.datadoghq.com/detail/7958756/?gh_jid=7958756
2026-07-28,DDOG,Datadog,"Senior Program Manager, Sales Enablement",GTM Enablement,"New York, New York, USA",nontech,senior,0,0,0,,143000,https://careers.datadoghq.com/detail/8067190/?gh_jid=8067190
2026-07-28,DDOG,Datadog,Senior Regional Content Manager (APJ),Field Marketing,"Singapore, Singapore",other,senior,0,2,0,buzz,,https://careers.datadoghq.com/detail/8035726/?gh_jid=8035726
2026-07-28,DDOG,Datadog,Senior Sales Engineer - Brazil,Enterprise Sales Engineering,"Sao Paulo, Brazil",demand_validated,senior,0,0,0,,,https://careers.datadoghq.com/detail/7792033/?gh_jid=7792033
2026-07-28,DDOG,Datadog,Senior Sales Engineer - Italy,Enterprise Sales Engineering,"Rome, Italy",demand_validated,senior,0,0,0,,,https://careers.datadoghq.com/detail/7843333/?gh_jid=7843333
2026-07-28,DDOG,Datadog,Senior Sales Engineer - Key Accounts,Enterprise Sales Engineering,"California, USA, Remote; Oregon, USA, Remote; Washington, USA, Remote",demand_validated,senior,0,0,0,,173500,https://careers.datadoghq.com/detail/7516279/?gh_jid=7516279
2026-07-28,DDOG,Datadog,Senior Sales Engineer - Key Accounts (Central),Enterprise Sales Engineering,"Texas, USA, Remote",demand_validated,senior,0,0,0,,173500,https://careers.datadoghq.com/detail/7961222/?gh_jid=7961222
2026-07-28,DDOG,Datadog,Senior Sales Engineer - Majors (East),Enterprise Sales Engineering,"New York, USA, Remote",demand_validated,senior,0,0,0,,173500,https://careers.datadoghq.com/detail/7917340/?gh_jid=7917340
2026-07-28,DDOG,Datadog,Senior Sales Engineer - Majors (France),Enterprise Sales Engineering,"France, Remote",demand_validated,senior,0,0,0,,,https://careers.datadoghq.com/detail/7791296/?gh_jid=7791296
2026-07-28,DDOG,Datadog,Senior Sales Engineer - Majors (UK/Nordics/Netherlands),Enterprise Sales Engineering,"Denmark, Remote; Sweden, Remote; The Netherlands, Remote; United Kingdom, Remote",demand_validated,senior,0,0,0,,,https://careers.datadoghq.com/detail/7904634/?gh_jid=7904634
2026-07-28,DDOG,Datadog,Senior Sales Engineer - New York,Enterprise Sales Engineering,"New York, New York, USA",demand_validated,senior,0,0,0,,173500,https://careers.datadoghq.com/detail/7967957/?gh_jid=7967957
2026-07-28,DDOG,Datadog,Senior Sales Engineer - Ohio Valley,Enterprise Sales Engineering,"Ohio, USA, Remote",demand_validated,senior,0,0,0,,173500,https://careers.datadoghq.com/detail/8027427/?gh_jid=8027427
2026-07-28,DDOG,Datadog,Senior Sales Engineer - Public Sector (UK),Enterprise Sales Engineering,"London, United Kingdom",demand_validated,senior,0,0,0,,,https://careers.datadoghq.com/detail/8030214/?gh_jid=8030214
2026-07-28,DDOG,Datadog,Senior Security Engineer - Cloud SIEM,Security,"Dublin, Ireland; Madrid, Spain; Paris, France",product_eng,senior,0,4,1,application|buzz,,https://careers.datadoghq.com/detail/7996898/?gh_jid=7996898
2026-07-28,DDOG,Datadog,Senior Security Engineer - Cloud SIEM,Security,"Lisbon, Portugal",product_eng,senior,0,4,1,application|buzz,,https://careers.datadoghq.com/detail/8000258/?gh_jid=8000258
2026-07-28,DDOG,Datadog,"Senior Security Engineer, Offensive Security",Security,"New York, New York, USA",product_eng,senior,0,0,0,,217500,https://careers.datadoghq.com/detail/7871543/?gh_jid=7871543
2026-07-28,DDOG,Datadog,Senior Security Sales Engineer (LATAM),Enterprise Sales Engineering,"Sao Paulo, Brazil",demand_validated,senior,0,0,0,,,https://careers.datadoghq.com/detail/7985276/?gh_jid=7985276
2026-07-28,DDOG,Datadog,"Senior Services Architect, Security-Cloud SIEM",Technical Post Sales,"New York, New York, USA",product_eng,senior,0,0,0,,170000,https://careers.datadoghq.com/detail/7996907/?gh_jid=7996907
2026-07-28,DDOG,Datadog,Senior Software Engineer ,Dev Eng,"Boston, Massachusetts, USA; New York, New York, USA",product_eng,senior,0,0,0,,216000,https://careers.datadoghq.com/detail/3851935/?gh_jid=3851935
2026-07-28,DDOG,Datadog,Senior Software Engineer - AI (EMEA),Dev Eng,"Bordeaux, France; Grenoble, France; Lyon, France; Madrid, Spain; Montpellier, France; Nantes, France; Nice, France; Paris, France; Sophia Antipolis, France",product_eng,senior,1,10,1,application|buzz,,https://careers.datadoghq.com/detail/8015588/?gh_jid=8015588
2026-07-28,DDOG,Datadog,Senior Software Engineer - Backend ,Dev Eng,"Bordeaux, France; Paris, France",product_eng,senior,0,0,0,,,https://careers.datadoghq.com/detail/4599148/?gh_jid=4599148
2026-07-28,DDOG,Datadog,Senior Software Engineer - Distributed Systems,Dev Eng,"Boston, Massachusetts, USA; New York, New York, USA",product_eng,senior,0,0,0,,216000,https://careers.datadoghq.com/detail/3851927/?gh_jid=3851927
2026-07-28,DDOG,Datadog,Senior Software Engineer - Linux,Dev Eng,"Tel Aviv, Israel",product_eng,senior,0,0,0,,,https://careers.datadoghq.com/detail/8038652/?gh_jid=8038652
2026-07-28,DDOG,Datadog,Senior Software Engineer - REDAPL Graph Engine,Dev Eng,"France, Remote; Germany, Remote; Italy, Remote; Spain, Remote; Switzerland, Remote; United Kingdom, Remote",product_eng,senior,0,0,0,,,https://careers.datadoghq.com/detail/7959966/?gh_jid=7959966
2026-07-28,DDOG,Datadog,Senior Software Engineer - REDAPL Graph Engine,Dev Eng,"Dublin, Ireland; Madrid, Spain; Paris, France",product_eng,senior,0,0,0,,,https://careers.datadoghq.com/detail/7959962/?gh_jid=7959962
2026-07-28,DDOG,Datadog,Senior Software Engineer - REDAPL Graph Engine,Dev Eng,"Lisbon, Portugal",product_eng,senior,0,0,0,,,https://careers.datadoghq.com/detail/7959967/?gh_jid=7959967
2026-07-28,DDOG,Datadog,Senior Software Engineer - Security Libraries,Dev Eng,"Lisbon, Portugal",product_eng,senior,0,3,1,application,,https://careers.datadoghq.com/detail/8088590/?gh_jid=8088590
2026-07-28,DDOG,Datadog,Senior Software Engineer - Security Libraries,Dev Eng,"Bordeaux, France; Lyon, France; Madrid, Spain; Nantes, France; Paris, France; Sophia Antipolis, France",product_eng,senior,0,3,1,application,,https://careers.datadoghq.com/detail/8081477/?gh_jid=8081477
2026-07-28,DDOG,Datadog,Senior Software Engineer - Security Libraries,Dev Eng,"France, Remote; Germany, Remote; Italy, Remote; Spain, Remote",product_eng,senior,0,3,1,application,,https://careers.datadoghq.com/detail/8088589/?gh_jid=8088589
2026-07-28,DDOG,Datadog,Senior Software Engineer - Streaming Platform ,Dev Eng,"New York, New York, USA",product_eng,senior,0,0,0,,216000,https://careers.datadoghq.com/detail/7993551/?gh_jid=7993551
2026-07-28,DDOG,Datadog,Senior Software Engineer - Streaming Platform Client,Dev Eng,"New York, New York, USA",product_eng,senior,0,0,0,,216000,https://careers.datadoghq.com/detail/8035492/?gh_jid=8035492
2026-07-28,DDOG,Datadog,Senior Software Engineer - Synthetics Platform,Dev Eng,"New York, New York, USA",product_eng,senior,0,0,0,,216000,https://careers.datadoghq.com/detail/7950090/?gh_jid=7950090
2026-07-28,DDOG,Datadog,Senior Staff GenAI Engineer - Application Performance Monitoring (APM),Dev Eng,"New York, New York, USA",product_eng,staff_principal,1,5,1,application|buzz,306000,https://careers.datadoghq.com/detail/6960503/?gh_jid=6960503
2026-07-28,DDOG,Datadog,Senior Staff Software Engineer ,Dev Eng,"New York, New York, USA",product_eng,staff_principal,0,0,0,,306000,https://careers.datadoghq.com/detail/5608424/?gh_jid=5608424
2026-07-28,DDOG,Datadog,"Senior Staff Visual Designer, Design Lab",Product Design,"New York, New York, USA",product_eng,staff_principal,0,0,0,,261000,https://careers.datadoghq.com/detail/7793359/?gh_jid=7793359
2026-07-28,DDOG,Datadog,Senior Talent Manager (Talent Partner),People,"New York, New York, USA",other,senior,0,1,0,buzz,189000,https://careers.datadoghq.com/detail/8049232/?gh_jid=8049232
2026-07-28,DDOG,Datadog,Senior Technical Product Marketing Manager - Security,Product Marketing,"New York, New York, USA; San Francisco, California, USA",nontech,senior,0,0,0,,179500,https://careers.datadoghq.com/detail/7695546/?gh_jid=7695546
2026-07-28,DDOG,Datadog,"Senior Training Associate, Technical Solutions",GTM Enablement,"Paris, France",other,senior,0,0,0,,,https://careers.datadoghq.com/detail/7906110/?gh_jid=7906110
2026-07-28,DDOG,Datadog,Services Architect 3 - Denver,Technical Post Sales,"Denver, Colorado, USA",product_eng,mid,0,0,0,,144500,https://careers.datadoghq.com/detail/7807783/?gh_jid=7807783
2026-07-28,DDOG,Datadog,Software Engineer - AI Developer Workflows,Dev Eng,"Tel Aviv, Israel",product_eng,mid,1,14,1,application|buzz,,https://careers.datadoghq.com/detail/8023250/?gh_jid=8023250
2026-07-28,DDOG,Datadog,"Sourcer II, Business Recruiting",Business Recruiting,"Tokyo, Japan",nontech,mid,0,0,0,,,https://careers.datadoghq.com/detail/7811537/?gh_jid=7811537
2026-07-28,DDOG,Datadog,Staff Application Security Engineer,Security,"Boston, Massachusetts, USA; New York, New York, USA",product_eng,staff_principal,0,4,1,application|buzz,274500,https://careers.datadoghq.com/detail/7777798/?gh_jid=7777798
2026-07-28,DDOG,Datadog,Staff Applied Scientist - Agentic Interfaces,Dev Eng,"New York, New York, USA",other,staff_principal,0,7,1,application|buzz,310500,https://careers.datadoghq.com/detail/7964141/?gh_jid=7964141
2026-07-28,DDOG,Datadog,Staff Applied Scientist - Dashboards,Dev Eng,"New York, New York, USA",other,staff_principal,0,1,0,buzz,310500,https://careers.datadoghq.com/detail/7984962/?gh_jid=7984962
2026-07-28,DDOG,Datadog,Staff Competitive Intelligence Analyst,Community,"New York, New York, USA; San Francisco, California, USA",other,staff_principal,0,0,0,,245000,https://careers.datadoghq.com/detail/8054420/?gh_jid=8054420
2026-07-28,DDOG,Datadog,Staff Developer Advocate - Asia Pacific & Japan Lead,Community,"Singapore, Singapore",product_eng,staff_principal,0,0,0,,,https://careers.datadoghq.com/detail/8081537/?gh_jid=8081537
2026-07-28,DDOG,Datadog,Staff Engineer - Data Semantics,Dev Eng,"Madrid, Spain; Paris, France",product_eng,staff_principal,0,1,0,buzz,,https://careers.datadoghq.com/detail/8043560/?gh_jid=8043560
2026-07-28,DDOG,Datadog,Staff GenAI Engineer - Application Performance Monitoring (APM),Dev Eng,"New York, New York, USA",product_eng,staff_principal,1,8,1,application|buzz|model_infra,234000,https://careers.datadoghq.com/detail/7974511/?gh_jid=7974511
2026-07-28,DDOG,Datadog,"Staff Product Designer, APM",Product Design,"New York, New York, USA",product_eng,staff_principal,0,3,1,application,229500,https://careers.datadoghq.com/detail/7989348/?gh_jid=7989348
2026-07-28,DDOG,Datadog,"Staff Product Manager, Observability Data Platforms",Product Management,"New York, New York, USA",product_eng,staff_principal,0,3,1,application,274500,https://careers.datadoghq.com/detail/8065187/?gh_jid=8065187
2026-07-28,DDOG,Datadog,"Staff Product Manager, Threat Detection and Incident Response (Cloud SIEM)",Product Management,"New York, New York, USA",product_eng,staff_principal,0,0,0,,274500,https://careers.datadoghq.com/detail/8077676/?gh_jid=8077676
2026-07-28,DDOG,Datadog,Staff Software Engineer,Dev Eng,"New York, New York, USA",product_eng,staff_principal,0,0,0,,274500,https://careers.datadoghq.com/detail/3210217/?gh_jid=3210217
2026-07-28,DDOG,Datadog,Staff Software Engineer - Logs Management,Dev Eng,"New York, New York, USA",product_eng,staff_principal,0,4,1,application|buzz,274500,https://careers.datadoghq.com/detail/7635298/?gh_jid=7635298
2026-07-28,DDOG,Datadog,Staff Software Engineer - Logs Observability Pipelines ,Dev Eng,"New York, New York, USA",product_eng,staff_principal,0,0,0,,274500,https://careers.datadoghq.com/detail/7743369/?gh_jid=7743369
2026-07-28,DDOG,Datadog,Staff Software Engineer - ML Observability,Dev Eng,"Boston, Massachusetts, USA; New York, New York, USA",product_eng,staff_principal,1,16,1,application|buzz|data_ml_ops|general_medium,267000,https://careers.datadoghq.com/detail/7107437/?gh_jid=7107437
2026-07-28,DDOG,Datadog,Staff Software Engineer - Security Agent,Dev Eng,"Portugal, Remote",product_eng,staff_principal,0,0,0,,,https://careers.datadoghq.com/detail/8007606/?gh_jid=8007606
2026-07-28,DDOG,Datadog,Staff Software Engineer - Security Agent,Dev Eng,"France, Remote; Germany, Remote; Ireland, Remote; Italy, Remote; Spain, Remote",product_eng,staff_principal,0,0,0,,,https://careers.datadoghq.com/detail/8007598/?gh_jid=8007598
2026-07-28,DDOG,Datadog,Staff Software Engineer - Security Agent,Dev Eng,"Paris, France",product_eng,staff_principal,0,0,0,,,https://careers.datadoghq.com/detail/8007589/?gh_jid=8007589
2026-07-28,DDOG,Datadog,"Staff Visual Designer, Design Lab",Product Design,"New York, New York, USA",product_eng,staff_principal,0,0,0,,261000,https://careers.datadoghq.com/detail/7496207/?gh_jid=7496207
2026-07-28,DDOG,Datadog,Strategic Account Executive,Enterprise Sales,"Seoul, South Korea",demand_validated,mid,0,0,0,,100000,https://careers.datadoghq.com/detail/7142205/?gh_jid=7142205
2026-07-28,DDOG,Datadog,Strategic Account Executive,Enterprise Sales,"North Carolina, USA, Remote; South Carolina, USA, Remote",demand_validated,mid,0,0,0,,125000,https://careers.datadoghq.com/detail/7131363/?gh_jid=7131363
2026-07-28,DDOG,Datadog,Strategic Account Executive,Enterprise Sales,"Jakarta, Indonesia",demand_validated,mid,0,0,0,,100000,https://careers.datadoghq.com/detail/7131726/?gh_jid=7131726
2026-07-28,DDOG,Datadog,Strategic Account Executive,Enterprise Sales,"New York, New York, USA",demand_validated,mid,0,0,0,,125000,https://careers.datadoghq.com/detail/7131386/?gh_jid=7131386
2026-07-28,DDOG,Datadog,Strategic Account Executive,Enterprise Sales,"Boston, Massachusetts, USA",demand_validated,mid,0,0,0,,125000,https://careers.datadoghq.com/detail/7117086/?gh_jid=7117086
2026-07-28,DDOG,Datadog,Strategic Account Executive,Enterprise Sales,"Mexico City, Mexico",demand_validated,mid,0,0,0,,100000,https://careers.datadoghq.com/detail/7131396/?gh_jid=7131396
2026-07-28,DDOG,Datadog,Strategic Account Executive,Enterprise Sales,"District of Columbia, USA, Remote; Maryland, USA, Remote; Virginia, USA, Remote",demand_validated,mid,0,0,0,,125000,https://careers.datadoghq.com/detail/7057036/?gh_jid=7057036
2026-07-28,DDOG,Datadog,Strategic Account Executive,Enterprise Sales,"Sao Paulo, Brazil",demand_validated,mid,0,0,0,,100000,https://careers.datadoghq.com/detail/7055008/?gh_jid=7055008
2026-07-28,DDOG,Datadog,Strategic Account Executive,Enterprise Sales,"Canada, Remote",demand_validated,mid,0,0,0,,100000,https://careers.datadoghq.com/detail/6522865/?gh_jid=6522865
2026-07-28,DDOG,Datadog,Strategic Account Executive,Enterprise Sales,"Michigan, USA, Remote; Ohio, USA, Remote; Pennsylvania, USA, Remote",demand_validated,mid,0,0,0,,125000,https://careers.datadoghq.com/detail/6522736/?gh_jid=6522736
2026-07-28,DDOG,Datadog,Strategic Account Executive,Enterprise Sales,"Georgia, USA, Remote; Tennessee, USA, Remote",demand_validated,mid,0,0,0,,125000,https://careers.datadoghq.com/detail/6522720/?gh_jid=6522720
2026-07-28,DDOG,Datadog,Strategic Account Executive,Enterprise Sales,"Singapore, Singapore",demand_validated,mid,0,0,0,,100000,https://careers.datadoghq.com/detail/7439145/?gh_jid=7439145
2026-07-28,DDOG,Datadog,Strategic Account Executive,Enterprise Sales,"Florida, USA, Remote",demand_validated,mid,0,0,0,,125000,https://careers.datadoghq.com/detail/6242929/?gh_jid=6242929
2026-07-28,DDOG,Datadog,Strategic Account Executive,Enterprise Sales,"Chile, Remote",demand_validated,mid,0,0,0,,100000,https://careers.datadoghq.com/detail/7131404/?gh_jid=7131404
2026-07-28,DDOG,Datadog,Strategic Account Executive (FED),Enterprise Sales,"Canberra, Australia",demand_validated,mid,0,0,0,,50000,https://careers.datadoghq.com/detail/7645709/?gh_jid=7645709
2026-07-28,DDOG,Datadog,Strategic Account Executive (Iberia),Enterprise Sales,"Madrid, Spain",demand_validated,mid,0,0,0,,100000,https://careers.datadoghq.com/detail/6572400/?gh_jid=6572400
2026-07-28,DDOG,Datadog,Strategic Account Executive - Paris,Enterprise Sales,"Paris, France",demand_validated,mid,0,0,0,,100000,https://careers.datadoghq.com/detail/7101117/?gh_jid=7101117
2026-07-28,DDOG,Datadog,"Strategic Account Executive, Public Sector Japan, FED",Enterprise Sales,"Tokyo, Japan",demand_validated,mid,0,0,0,,,https://careers.datadoghq.com/detail/7439569/?gh_jid=7439569
2026-07-28,DDOG,Datadog,"Strategic Account Executive, Public Sector Japan, FED",Enterprise Sales,"Tokyo, Japan",demand_validated,mid,0,0,0,,100000,https://careers.datadoghq.com/detail/7439149/?gh_jid=7439149
2026-07-28,DDOG,Datadog,"Strategic Account Executive, Public Sector Japan, SLED",Enterprise Sales,"Tokyo, Japan",demand_validated,mid,0,0,0,,100000,https://careers.datadoghq.com/detail/7439152/?gh_jid=7439152
2026-07-28,DDOG,Datadog,"Strategic Account Executive, Public Sector Japan, SLED",Enterprise Sales,"Tokyo, Japan",demand_validated,mid,0,0,0,,,https://careers.datadoghq.com/detail/7439573/?gh_jid=7439573
2026-07-28,DDOG,Datadog,Strategic Account Executive (Rome - Italy) ,Enterprise Sales,"Rome, Italy",demand_validated,mid,0,0,0,,100000,https://careers.datadoghq.com/detail/5742916/?gh_jid=5742916
2026-07-28,DDOG,Datadog,Strategic Account Executive (Saudi Arabia),Enterprise Sales,"Riyadh, Saudi Arabia",demand_validated,mid,0,0,0,,100000,https://careers.datadoghq.com/detail/7338800/?gh_jid=7338800
2026-07-28,DDOG,Datadog,Strategic Account Executive (SLED),Enterprise Sales,"Boston, Massachusetts, USA; New York, New York, USA",demand_validated,mid,0,0,0,,125000,https://careers.datadoghq.com/detail/7314667/?gh_jid=7314667
2026-07-28,DDOG,Datadog,Strategic Account Executive (SLED),Enterprise Sales,"Texas, USA, Remote",demand_validated,mid,0,0,0,,125000,https://careers.datadoghq.com/detail/7453034/?gh_jid=7453034
2026-07-28,DDOG,Datadog,Strategic Account Executive (SLED),Enterprise Sales,"Sydney, Australia",demand_validated,mid,0,0,0,,50000,https://careers.datadoghq.com/detail/8043036/?gh_jid=8043036
2026-07-28,DDOG,Datadog,Strategic Account Executive (SLED),Enterprise Sales,"Kansas, USA, Remote; Missouri, USA, Remote; Washington, USA, Remote",demand_validated,mid,0,0,0,,125000,https://careers.datadoghq.com/detail/6430945/?gh_jid=6430945
2026-07-28,DDOG,Datadog,Strategic Account Executive (UKI),Enterprise Sales,"London, United Kingdom",demand_validated,mid,0,0,0,,100000,https://careers.datadoghq.com/detail/5622381/?gh_jid=5622381
2026-07-28,DDOG,Datadog,Strategic Account Executive (UKI) - Public Sector,Enterprise Sales,"London, United Kingdom",demand_validated,mid,0,0,0,,100000,https://careers.datadoghq.com/detail/7591735/?gh_jid=7591735
2026-07-28,DDOG,Datadog,Strategic Account Executive (Vietnam Market),Enterprise Sales,"Singapore, Singapore",demand_validated,mid,0,0,0,,100000,https://careers.datadoghq.com/detail/7515110/?gh_jid=7515110
2026-07-28,DDOG,Datadog,"Systems Engineer 3, Technical Solutions (US-East)",Technical Solutions Operations,"Boston, Massachusetts, USA; New York, New York, USA",product_eng,mid,0,10,1,application|buzz,128500,https://careers.datadoghq.com/detail/7923520/?gh_jid=7923520
2026-07-28,DDOG,Datadog,Technical Account Manager,Technical Post Sales,"Tokyo, Japan",demand_validated,mid,0,0,0,,,https://careers.datadoghq.com/detail/8018694/?gh_jid=8018694
2026-07-28,DDOG,Datadog,Technical Account Manager,Technical Post Sales,"Tokyo, Japan",demand_validated,mid,0,0,0,,,https://careers.datadoghq.com/detail/8020530/?gh_jid=8020530
2026-07-28,DDOG,Datadog,Technical Account Manager 2,Technical Post Sales,"Bangalore, India",demand_validated,mid,0,0,0,,,https://careers.datadoghq.com/detail/8017906/?gh_jid=8017906
2026-07-28,DDOG,Datadog,Technical Account Manager 2 - Boston,Technical Post Sales,"Boston, Massachusetts, USA",demand_validated,mid,0,0,0,,117500,https://careers.datadoghq.com/detail/8026835/?gh_jid=8026835
2026-07-28,DDOG,Datadog,Technical Account Manager 2 - EMEA,Technical Post Sales,"Amsterdam, The Netherlands; Dublin, Ireland; London, United Kingdom",demand_validated,mid,0,0,0,,,https://careers.datadoghq.com/detail/7862489/?gh_jid=7862489
2026-07-28,DDOG,Datadog,Technical Account Manager 2 - San Francisco,Technical Post Sales,"San Francisco, California, USA",demand_validated,mid,0,0,0,,117500,https://careers.datadoghq.com/detail/7989146/?gh_jid=7989146
2026-07-28,DDOG,Datadog,Technical Account Manager 2 - São Paulo,Technical Post Sales,"Sao Paulo, Brazil",demand_validated,mid,0,0,0,,,https://careers.datadoghq.com/detail/7834545/?gh_jid=7834545
2026-07-28,DDOG,Datadog,Technical Account Manager 2 - South Africa,Technical Post Sales,"South Africa, Remote",demand_validated,mid,0,0,0,,,https://careers.datadoghq.com/detail/8018696/?gh_jid=8018696
2026-07-28,DDOG,Datadog,Technical Account Manager 2 - West,Technical Post Sales,"Chicago, Illinois, USA; Denver, Colorado, USA",demand_validated,mid,0,0,0,,117500,https://careers.datadoghq.com/detail/8026831/?gh_jid=8026831
2026-07-28,DDOG,Datadog,Technical Account Manager 3 - East,Technical Post Sales,"Boston, Massachusetts, USA; New York, New York, USA",demand_validated,mid,0,0,0,,144500,https://careers.datadoghq.com/detail/8046392/?gh_jid=8046392
2026-07-28,DDOG,Datadog,Technical Account Manager 3 - Madrid,Technical Post Sales,"Madrid, Spain",demand_validated,mid,0,0,0,,,https://careers.datadoghq.com/detail/7982225/?gh_jid=7982225
2026-07-28,DDOG,Datadog,Technical Enablement Manager 3 (Italian Speaking),Technical Post Sales,"Amsterdam, The Netherlands; Dublin, Ireland; Paris, France",nontech,mid,0,0,0,,,https://careers.datadoghq.com/detail/8046399/?gh_jid=8046399
2026-07-28,DDOG,Datadog,Technical Escalations Engineer 2 (Agent) - Dublin,Support Engineering,"Dublin, Ireland",product_eng,mid,0,0,0,,,https://careers.datadoghq.com/detail/8053105/?gh_jid=8053105
2026-07-28,DDOG,Datadog,Technical Escalations Engineer 2 (Logs) - US-East,Support Engineering,"Boston, Massachusetts, USA; New York, New York, USA",product_eng,mid,0,0,0,,99000,https://careers.datadoghq.com/detail/8050684/?gh_jid=8050684
2026-07-28,DDOG,Datadog,Technical Escalations Engineer 2 (Network Monitoring) - EMEA,Support Engineering,"Dublin, Ireland; Paris, France",product_eng,mid,0,0,0,,,https://careers.datadoghq.com/detail/8064226/?gh_jid=8064226
2026-07-28,DDOG,Datadog,Technical Escalations Engineer 2 (Service Management - Incident Response) - APJ,Support Engineering,"Sydney, Australia; Tokyo, Japan",product_eng,mid,0,0,0,,,https://careers.datadoghq.com/detail/8037379/?gh_jid=8037379
2026-07-28,DDOG,Datadog,"Technical Program Manager 2, Technical Solutions",Technical Solutions Operations,"Boston, Massachusetts, USA; New York, New York, USA; San Francisco, California, USA",other,mid,0,0,0,,130500,https://careers.datadoghq.com/detail/8030837/?gh_jid=8030837
2026-07-28,DDOG,Datadog,Technical Support Engineer 1 - 2,Support Engineering,"Seoul, South Korea",product_eng,mid,0,0,0,,,https://careers.datadoghq.com/detail/6883301/?gh_jid=6883301
2026-07-28,DDOG,Datadog,Technical Support Engineer 1 - 2,Support Engineering,"Seoul, South Korea",product_eng,mid,0,0,0,,,https://careers.datadoghq.com/detail/6882229/?gh_jid=6882229
2026-07-28,DDOG,Datadog,"Technical Support Engineer 1, Premier - USA",Support Engineering,"Denver, Colorado, USA; New York, New York, USA; San Francisco, California, USA",product_eng,mid,0,0,0,,77000,https://careers.datadoghq.com/detail/7449072/?gh_jid=7449072
2026-07-28,DDOG,Datadog,Technical Support Engineer 2,Support Engineering,"Tokyo, Japan",product_eng,mid,0,0,0,,,https://careers.datadoghq.com/detail/6761448/?gh_jid=6761448
2026-07-28,DDOG,Datadog,Technical Support Engineer 2,Support Engineering,"Tokyo, Japan",product_eng,mid,0,0,0,,,https://careers.datadoghq.com/detail/6759702/?gh_jid=6759702
2026-07-28,DDOG,Datadog,Technical Support Engineer 2,Support Engineering,"Seoul, South Korea",product_eng,mid,0,0,0,,,https://careers.datadoghq.com/detail/7477573/?gh_jid=7477573
2026-07-28,DDOG,Datadog,"Technical Support Engineer 2, Premier - EMEA",Support Engineering,"Dublin, Ireland; Paris, France",product_eng,mid,0,0,0,,,https://careers.datadoghq.com/detail/7496253/?gh_jid=7496253
2026-07-28,DDOG,Datadog,"Technical Support Engineer 2, Premier - USA",Support Engineering,"Denver, Colorado, USA; New York, New York, USA; San Francisco, California, USA",product_eng,mid,0,0,0,,94500,https://careers.datadoghq.com/detail/7997872/?gh_jid=7997872
2026-07-28,DDOG,Datadog,"Technical Support Engineer 3, Premier - US-West",Support Engineering,"Denver, Colorado, USA; San Francisco, California, USA",product_eng,mid,0,0,0,,112000,https://careers.datadoghq.com/detail/7758574/?gh_jid=7758574
2026-07-28,MDB,MongoDB,Account Development Representative,Sales Development,Bengaluru,other,mid,0,0,0,,,https://www.mongodb.com/careers/job/?gh_jid=7318466
2026-07-28,MDB,MongoDB,Account Development Representative,Sales Development,New York City,other,mid,0,0,0,,50003,https://www.mongodb.com/careers/job/?gh_jid=7310506
2026-07-28,MDB,MongoDB,Account Development Representative,Sales Development,Gurugram,other,mid,0,0,0,,,https://www.mongodb.com/careers/job/?gh_jid=7318558
2026-07-28,MDB,MongoDB,Account Development Representative,Sales Development,Mexico City,other,mid,0,0,0,,,https://www.mongodb.com/careers/job/?gh_jid=7318049
2026-07-28,MDB,MongoDB,"Account Development Representative, Arabic Speaking",Sales Development,Dublin,other,mid,0,0,0,,,https://www.mongodb.com/careers/job/?gh_jid=7334950
2026-07-28,MDB,MongoDB,Account Development Representative - English Speaking,Sales Development,Kuala Lumpur,other,mid,0,0,0,,,https://www.mongodb.com/careers/job/?gh_jid=8079914
2026-07-28,MDB,MongoDB,Account Development Representative - English Speaking,Sales Development,Dublin,other,mid,0,0,0,,,https://www.mongodb.com/careers/job/?gh_jid=7334895
2026-07-28,MDB,MongoDB,"Account Development Representative, French Speaking",Sales Development,Dublin,other,mid,0,0,0,,,https://www.mongodb.com/careers/job/?gh_jid=7335567
2026-07-28,MDB,MongoDB,"Account Development Representative, German Speaking",Sales Development,Dublin,other,mid,0,0,0,,,https://www.mongodb.com/careers/job/?gh_jid=7337287
2026-07-28,MDB,MongoDB,"Account Development Representative, Hebrew Speaking",Sales Development,Tel Aviv,other,mid,0,0,0,,,https://www.mongodb.com/careers/job/?gh_jid=7334938
2026-07-28,MDB,MongoDB,Account Development Representative - Mandarin Speaking,Sales Development,Kuala Lumpur,other,mid,0,0,0,,,https://www.mongodb.com/careers/job/?gh_jid=7566671
2026-07-28,MDB,MongoDB,"Account Development Representative, Spanish Speaking",Sales Development,Dublin,other,mid,0,1,0,buzz,,https://www.mongodb.com/careers/job/?gh_jid=7335205
2026-07-28,MDB,MongoDB,Account Development Representative - Thai Speaking,Sales Development,Malaysia,other,mid,0,0,0,,,https://www.mongodb.com/careers/job/?gh_jid=7746436
2026-07-28,MDB,MongoDB,"Account Executive, Acquisition",Sales Greater China,Hong Kong,demand_validated,mid,0,0,0,,,https://www.mongodb.com/careers/job/?gh_jid=7154017
2026-07-28,MDB,MongoDB,"Account Executive, Acquisition/Growth",Sales APAC (India),Bengaluru; Gurugram; Mumbai,demand_validated,mid,0,0,0,,,https://www.mongodb.com/careers/job/?gh_jid=7870623
2026-07-28,MDB,MongoDB,"Account Executive ( Bahasa, Thai or Vietnamese Speaker)",Sales APAC (ASEAN),Singapore,demand_validated,mid,0,0,0,,,https://www.mongodb.com/careers/job/?gh_jid=7211619
2026-07-28,MDB,MongoDB,"Account Executive, Growth",Sales Growth EMEA,Zurich,demand_validated,mid,0,0,0,,,https://www.mongodb.com/careers/job/?gh_jid=7217822
2026-07-28,MDB,MongoDB,"Account Executive, Growth",Sales LatAm,São Paulo,demand_validated,mid,0,1,0,buzz,,https://www.mongodb.com/careers/job/?gh_jid=6531094
2026-07-28,MDB,MongoDB,Advisory Partner Solutions Architect,"Solutions Consulting, Partners",India,demand_validated,mid,0,10,1,application|buzz,,https://www.mongodb.com/careers/job/?gh_jid=8050418
2026-07-28,MDB,MongoDB,Advisory Solutions Architect,"Solutions Consulting, APAC",Singapore,demand_validated,mid,0,7,1,application|buzz,,https://www.mongodb.com/careers/job/?gh_jid=8023912
2026-07-28,MDB,MongoDB,Advisory Solutions Architect,"Solutions Consulting, LATAM",Mexico City,demand_validated,mid,0,8,1,application|buzz,,https://www.mongodb.com/careers/job/?gh_jid=7997764
2026-07-28,MDB,MongoDB,Answer Engine Optimization (AEO) Lead,Global Demand Center,United States,other,senior,0,18,1,application,154000,https://www.mongodb.com/careers/job/?gh_jid=8067253
2026-07-28,MDB,MongoDB,Associate Account Executive (Abu Dhabi Public Sector),Sales Growth EMEA,Dubai,demand_validated,mid,0,1,0,buzz,,https://www.mongodb.com/careers/job/?gh_jid=8066869
2026-07-28,MDB,MongoDB,Associate Commercial Growth Account Executive,Commercial Growth,Austin,demand_validated,mid,0,0,0,,60008,https://www.mongodb.com/careers/job/?gh_jid=7615794
2026-07-28,MDB,MongoDB,Associate HR Shared Services,HR Operations,Gurugram,nontech,mid,0,0,0,,,https://www.mongodb.com/careers/job/?gh_jid=7861788
2026-07-28,MDB,MongoDB,"Associate Recruiter, Early Talent",Early Talent Recruiting,New York City; United States,nontech,mid,0,0,0,,71000,https://www.mongodb.com/careers/job/?gh_jid=8010527
2026-07-28,MDB,MongoDB,"Associate Recruiter, Early Talent",Early Talent Recruiting,Dublin,nontech,mid,0,0,0,,,https://www.mongodb.com/careers/job/?gh_jid=8010529
2026-07-28,MDB,MongoDB,Associate Technical Services Engineer II,Technical Support AMER,Brazil; São Paulo,product_eng,mid,0,0,0,,,https://www.mongodb.com/careers/job/?gh_jid=8054311
2026-07-28,MDB,MongoDB,Associate Technical Services Engineer II,Technical Support AMER,Austin,product_eng,mid,0,0,0,,112500,https://www.mongodb.com/careers/job/?gh_jid=8044218
2026-07-28,MDB,MongoDB,Associate TSE II,Technical Support APAC,Bengaluru; Gurugram,other,mid,0,0,0,,,https://www.mongodb.com/careers/job/?gh_jid=7898756
2026-07-28,MDB,MongoDB,Associate TSE II,Technical Support EMEA,"Dublin, Ireland",other,mid,0,0,0,,,https://www.mongodb.com/careers/job/?gh_jid=8041640
2026-07-28,MDB,MongoDB,Associate TSE II,Technical Support APAC,Gurugram,other,mid,0,0,0,,,https://www.mongodb.com/careers/job/?gh_jid=8076090
2026-07-28,MDB,MongoDB,Cloud Operations Engineer,Cloud Operations,"Cork, Ireland; Dublin, Ireland",product_eng,mid,0,0,0,,,https://www.mongodb.com/careers/job/?gh_jid=8025824
2026-07-28,MDB,MongoDB,Cloud Operations Engineer,Cloud Operations,"Cork, Ireland; Dublin, Ireland",product_eng,mid,0,0,0,,,https://www.mongodb.com/careers/job/?gh_jid=7453323
2026-07-28,MDB,MongoDB,Cloud Operations Engineer,Cloud Operations,"Cork, Ireland; Dublin, Ireland",product_eng,mid,0,0,0,,,https://www.mongodb.com/careers/job/?gh_jid=8025827
2026-07-28,MDB,MongoDB,"Cloud Operations Engineer (2nd Shift, Weekend)",Cloud Operations,United States,product_eng,mid,0,0,0,,133000,https://www.mongodb.com/careers/job/?gh_jid=8045688
2026-07-28,MDB,MongoDB,Commercial Growth Account Executive (Arabic Speaker),Commercial Growth,"Cork, Ireland; Dublin, Ireland",demand_validated,mid,0,1,0,buzz,,https://www.mongodb.com/careers/job/?gh_jid=7056256
2026-07-28,MDB,MongoDB,Commercial Growth Account Executive (German Speaker),Commercial Growth,"Cork, Ireland; Dublin, Ireland",demand_validated,mid,0,0,0,,,https://www.mongodb.com/careers/job/?gh_jid=7276216
2026-07-28,MDB,MongoDB,Commercial Growth Account Executive - Turkish Speaker,Commercial Growth,"Dublin, Ireland",demand_validated,mid,0,1,0,buzz,,https://www.mongodb.com/careers/job/?gh_jid=8074863
2026-07-28,MDB,MongoDB,"Contract Sourcer, Talent Discovery",Early Talent Recruiting,United States,other,mid,0,1,0,buzz,114400,https://www.mongodb.com/careers/job/?gh_jid=7738964
2026-07-28,MDB,MongoDB,Customer Experience Manager,Customer Success Center of Excellence,Austin; Boston; Denver; New York City,other,mid,0,5,0,buzz|general_medium,157000,https://www.mongodb.com/careers/job/?gh_jid=8067706
2026-07-28,MDB,MongoDB,Customer Success Manager,Customer Success Americas,New York City,demand_validated,mid,0,0,0,,120500,https://www.mongodb.com/careers/job/?gh_jid=8060800
2026-07-28,MDB,MongoDB,Customer Success Manager,Customer Success APAC,Japan,demand_validated,mid,0,0,0,,,https://www.mongodb.com/careers/job/?gh_jid=7640985
2026-07-28,MDB,MongoDB,Customer Success Manager,Customer Success Americas,Boston,demand_validated,mid,0,0,0,,120500,https://www.mongodb.com/careers/job/?gh_jid=8000743
2026-07-28,MDB,MongoDB,Customer Success Manager,Customer Success EMEA,Amsterdam,demand_validated,mid,0,0,0,,,https://www.mongodb.com/careers/job/?gh_jid=7941923
2026-07-28,MDB,MongoDB,"Director, Business Product Manager - PRM",Partner Enablement,Palo Alto,product_eng,director,0,0,0,,166000,https://www.mongodb.com/careers/job/?gh_jid=8079816
2026-07-28,MDB,MongoDB,"Director, Credit & Accounts Receivable","Revenue, OTC & QTC","Cork, Ireland; Dublin, Ireland",other,director,0,0,0,,,https://www.mongodb.com/careers/job/?gh_jid=8028218
2026-07-28,MDB,MongoDB,"Director, Global Quote-to-Cash Operations (India COE)",Global Accounting ,Gurugram,nontech,director,0,0,0,,,https://www.mongodb.com/careers/job/?gh_jid=7662222
2026-07-28,MDB,MongoDB,"Director, International Financial Compliance",Controllership,Dublin,other,intern,0,0,0,,,https://www.mongodb.com/careers/job/?gh_jid=7811458
2026-07-28,MDB,MongoDB,"Director, ISV Partnerships",Partner Programs,United States,other,director,0,0,0,,216900,https://www.mongodb.com/careers/job/?gh_jid=7942142
2026-07-28,MDB,MongoDB,"Director of Product Management, AI Builder Experience ",AI Builder Experience,Dublin,other,director,1,0,0,,,https://www.mongodb.com/careers/job/?gh_jid=7658187
2026-07-28,MDB,MongoDB,"Director, Partner Programs",Partner Programs,United States,other,director,0,0,0,,166000,https://www.mongodb.com/careers/job/?gh_jid=8077491
2026-07-28,MDB,MongoDB,"Director, Solutions Architecture","Solutions Consulting, Partners",Bengaluru,demand_validated,director,0,0,0,,,https://www.mongodb.com/careers/job/?gh_jid=8066684
2026-07-28,MDB,MongoDB,"Director, Web Platform & Technology",Website,"Cork, Ireland; Dublin, Ireland",other,director,0,4,1,application|buzz,,https://www.mongodb.com/careers/job/?gh_jid=8009965
2026-07-28,MDB,MongoDB,Enablement Delivery Specialist,GTM Enablement,Singapore,nontech,mid,0,0,0,,,https://www.mongodb.com/careers/job/?gh_jid=7974991
2026-07-28,MDB,MongoDB,Enablement Delivery Specialist,GTM Enablement,Chicago,nontech,mid,0,0,0,,74500,https://www.mongodb.com/careers/job/?gh_jid=8013287
2026-07-28,MDB,MongoDB,Engagement Manager,PS Engagement Management,Seoul,other,mid,0,0,0,,,https://www.mongodb.com/careers/job/?gh_jid=7861722
2026-07-28,MDB,MongoDB,Engagement Manager,PS Engagement Management,São Paulo,other,mid,0,0,0,,,https://www.mongodb.com/careers/job/?gh_jid=7997003
2026-07-28,MDB,MongoDB,Engagement Manager (Services Sales),PS Engagement Management,Frankfurt,nontech,mid,0,1,0,buzz,,https://www.mongodb.com/careers/job/?gh_jid=7996557
2026-07-28,MDB,MongoDB,Engagement Manager (Services Sales),PS Engagement Management,Rome,nontech,mid,0,1,0,buzz,,https://www.mongodb.com/careers/job/?gh_jid=7982616
2026-07-28,MDB,MongoDB,"Engineer 3, Business Systems (CPQ) ",GTM Tech,United States,product_eng,mid,0,4,1,application|buzz,149500,https://www.mongodb.com/careers/job/?gh_jid=7991444
2026-07-28,MDB,MongoDB,Engineer 3 - GTM Tech,GTM Tech,Gurugram,product_eng,mid,0,4,1,application|buzz,,https://www.mongodb.com/careers/job/?gh_jid=7943868
2026-07-28,MDB,MongoDB,"Engineering Manager, Atlas Clusters Fleet Signal Management",Atlas Core Data Services,Dublin,product_eng,mid,0,0,0,,,https://www.mongodb.com/careers/job/?gh_jid=7711872
2026-07-28,MDB,MongoDB,"Engineering Manager, Query Integration",Query,Austin; New York City; Palo Alto; San Francisco; United States,product_eng,mid,0,3,1,application,203500,https://www.mongodb.com/careers/job/?gh_jid=8049512
2026-07-28,MDB,MongoDB,"Engineering Manager, Server Networking Security (Rust)",Clusters & Interfaces,"Cork, Ireland; Dublin, Ireland",product_eng,mid,0,0,0,,,https://www.mongodb.com/careers/job/?gh_jid=7698054
2026-07-28,MDB,MongoDB,Enterprise Account Executive,Sales Growth EMEA,London,demand_validated,mid,0,0,0,,,https://www.mongodb.com/careers/job/?gh_jid=7607210
2026-07-28,MDB,MongoDB,Enterprise Account Executive,Sales Growth EMEA,Frankfurt,demand_validated,mid,0,0,0,,,https://www.mongodb.com/careers/job/?gh_jid=7160353
2026-07-28,MDB,MongoDB,Enterprise Account Executive,Sales Growth EMEA,Amsterdam,demand_validated,mid,0,0,0,,,https://www.mongodb.com/careers/job/?gh_jid=7721659
2026-07-28,MDB,MongoDB,Enterprise Account Executive,Sales Growth EMEA,Madrid,demand_validated,mid,0,0,0,,,https://www.mongodb.com/careers/job/?gh_jid=7257330
2026-07-28,MDB,MongoDB,Enterprise Account Executive,Sales Growth EMEA,Barcelona,demand_validated,mid,0,0,0,,,https://www.mongodb.com/careers/job/?gh_jid=7921450
2026-07-28,MDB,MongoDB,Enterprise Account Executive,Sales Growth EMEA,Munich,demand_validated,mid,0,0,0,,,https://www.mongodb.com/careers/job/?gh_jid=7979277
2026-07-28,MDB,MongoDB,Enterprise Account Executive,Sales Growth EMEA,Germany,demand_validated,mid,0,0,0,,,https://www.mongodb.com/careers/job/?gh_jid=7996801
2026-07-28,MDB,MongoDB,Enterprise Account Executive,Sales APAC (ASEAN),Singapore,demand_validated,mid,0,0,0,,,https://www.mongodb.com/careers/job/?gh_jid=8074220
2026-07-28,MDB,MongoDB,Enterprise Account Executive,Sales Growth EMEA,Dubai,demand_validated,mid,0,0,0,,,https://www.mongodb.com/careers/job/?gh_jid=7578590
2026-07-28,MDB,MongoDB,Enterprise Account Executive,Sales Growth EMEA,Paris,demand_validated,mid,0,0,0,,,https://www.mongodb.com/careers/job/?gh_jid=7256839
2026-07-28,MDB,MongoDB,Enterprise Account Executive	,Sales Growth EMEA,London,demand_validated,mid,0,0,0,,,https://www.mongodb.com/careers/job/?gh_jid=7219459
2026-07-28,MDB,MongoDB,Enterprise Account Executive	,Sales Growth NAMER,Los Angeles,demand_validated,mid,0,0,0,,150000,https://www.mongodb.com/careers/job/?gh_jid=6587328
2026-07-28,MDB,MongoDB,"Enterprise Account Executive, Acquisition",Sales APAC (ANZ),Melbourne,demand_validated,mid,0,0,0,,,https://www.mongodb.com/careers/job/?gh_jid=8079676
2026-07-28,MDB,MongoDB,"Enterprise Account Executive, Acquisition",Sales APAC (India),Gurugram,demand_validated,mid,0,0,0,,,https://www.mongodb.com/careers/job/?gh_jid=7811528
2026-07-28,MDB,MongoDB,Enterprise Account Executive - Bahasa Speaker,Sales APAC (ASEAN),Singapore,demand_validated,mid,0,0,0,,,https://www.mongodb.com/careers/job/?gh_jid=7955987
2026-07-28,MDB,MongoDB,"Enterprise Account Executive (Bahasa, Vietnamese and Thai speaker)",Sales APAC (ASEAN),Singapore,demand_validated,mid,0,0,0,,,https://www.mongodb.com/careers/job/?gh_jid=7211805
2026-07-28,MDB,MongoDB,Enterprise Account Executive (Cyber),Sales Growth EMEA,Tel Aviv,demand_validated,mid,0,0,0,,,https://www.mongodb.com/careers/job/?gh_jid=7628750
2026-07-28,MDB,MongoDB,"Enterprise Account Executive, Federal",Sales US Public Sector,Tysons,demand_validated,mid,0,0,0,,148500,https://www.mongodb.com/careers/job/?gh_jid=7028355
2026-07-28,MDB,MongoDB,"Enterprise Account Executive, Growth",Sales Growth EMEA,Rome,demand_validated,mid,0,0,0,,,https://www.mongodb.com/careers/job/?gh_jid=6275509
2026-07-28,MDB,MongoDB,"Enterprise Account Executive, Growth",Sales Growth NAMER,Montreal,demand_validated,mid,0,0,0,,170000,https://www.mongodb.com/careers/job/?gh_jid=7269518
2026-07-28,MDB,MongoDB,"Enterprise Account Executive, Growth",Sales Growth NAMER,Ohio,demand_validated,mid,0,0,0,,150000,https://www.mongodb.com/careers/job/?gh_jid=7362411
2026-07-28,MDB,MongoDB,"Enterprise Account Executive, Growth",Sales Growth EMEA,Madrid,demand_validated,mid,0,0,0,,,https://www.mongodb.com/careers/job/?gh_jid=7257122
2026-07-28,MDB,MongoDB,"Enterprise Account Executive, Growth",Sales APAC (ANZ),Melbourne,demand_validated,mid,0,0,0,,,https://www.mongodb.com/careers/job/?gh_jid=7403891
2026-07-28,MDB,MongoDB,"Enterprise Account Executive, Growth",Sales Growth EMEA,Paris,demand_validated,mid,0,0,0,,,https://www.mongodb.com/careers/job/?gh_jid=7256796
2026-07-28,MDB,MongoDB,"Enterprise Account Executive, Growth",Sales Growth EMEA,Dubai,demand_validated,mid,0,0,0,,,https://www.mongodb.com/careers/job/?gh_jid=8051197
2026-07-28,MDB,MongoDB,"Enterprise Account Executive, Growth",Sales Growth NAMER,Chicago; St. Louis,demand_validated,mid,0,0,0,,150000,https://www.mongodb.com/careers/job/?gh_jid=7191603
2026-07-28,MDB,MongoDB,"Enterprise Account Executive, Growth",Sales APAC (ANZ),Auckland; Melbourne,demand_validated,mid,0,0,0,,,https://www.mongodb.com/careers/job/?gh_jid=8066559
2026-07-28,MDB,MongoDB,"Enterprise Account Executive, Growth",Sales Growth EMEA,Zurich,demand_validated,mid,0,0,0,,,https://www.mongodb.com/careers/job/?gh_jid=7217805
2026-07-28,MDB,MongoDB,"Enterprise Account Executive, Growth",Sales Growth NAMER,Boston; New York City; Pennsylvania,demand_validated,mid,0,0,0,,150000,https://www.mongodb.com/careers/job/?gh_jid=7362626
2026-07-28,MDB,MongoDB,"Enterprise Account Executive, Growth",Sales Growth NAMER,Toronto,demand_validated,mid,0,1,0,buzz,170000,https://www.mongodb.com/careers/job/?gh_jid=7141759
2026-07-28,MDB,MongoDB,"Enterprise Account Executive, Growth",Sales Growth NAMER,New York City,demand_validated,mid,0,0,0,,150000,https://www.mongodb.com/careers/job/?gh_jid=7032023
2026-07-28,MDB,MongoDB,"Enterprise Account Executive, Growth",Sales Growth EMEA,Berlin; Frankfurt; Munich,demand_validated,mid,0,0,0,,,https://www.mongodb.com/careers/job/?gh_jid=7219021
2026-07-28,MDB,MongoDB,"Enterprise Account Executive, Growth",Sales Growth NAMER,Austin,demand_validated,mid,0,0,0,,150000,https://www.mongodb.com/careers/job/?gh_jid=7027846
2026-07-28,MDB,MongoDB,"Enterprise Account Executive, Growth",Sales Growth EMEA,Poland,demand_validated,mid,0,0,0,,,https://www.mongodb.com/careers/job/?gh_jid=6987968
2026-07-28,MDB,MongoDB,"Enterprise Account Executive, Growth",Sales Growth EMEA,Paris,demand_validated,mid,0,1,0,buzz,,https://www.mongodb.com/careers/job/?gh_jid=6949764
2026-07-28,MDB,MongoDB,"Enterprise Account Executive, Growth",Sales Growth EMEA,Frankfurt,demand_validated,mid,0,0,0,,,https://www.mongodb.com/careers/job/?gh_jid=6848268
2026-07-28,MDB,MongoDB,"Enterprise Account Executive, Growth",Sales Greater China,Beijing; Shanghai; Shenzhen,demand_validated,mid,0,0,0,,,https://www.mongodb.com/careers/job/?gh_jid=6740470
2026-07-28,MDB,MongoDB,"Enterprise Account Executive, Growth",Sales Greater China,Taipei,demand_validated,mid,0,0,0,,,https://www.mongodb.com/careers/job/?gh_jid=6688075
2026-07-28,MDB,MongoDB,"Enterprise Account Executive, Growth",Sales Growth EMEA,Israel,demand_validated,mid,0,1,0,buzz,,https://www.mongodb.com/careers/job/?gh_jid=7996805
2026-07-28,MDB,MongoDB,"Enterprise Account Executive, Growth",Sales Korea,Seoul,demand_validated,mid,0,0,0,,,https://www.mongodb.com/careers/job/?gh_jid=7944663
2026-07-28,MDB,MongoDB,"Enterprise Account Executive, Growth",Sales Korea,Seoul,demand_validated,mid,0,0,0,,,https://www.mongodb.com/careers/job/?gh_jid=7912343
2026-07-28,MDB,MongoDB,"Enterprise Account Executive, Growth ( Bahasa Speaker)",Sales APAC (ASEAN),Singapore,demand_validated,mid,0,0,0,,,https://www.mongodb.com/careers/job/?gh_jid=7552596
2026-07-28,MDB,MongoDB,"Enterprise Account Executive, Growth (Defence & MHA)",Sales APAC (India),Gurugram,demand_validated,mid,0,0,0,,,https://www.mongodb.com/careers/job/?gh_jid=7363143
2026-07-28,MDB,MongoDB,"Enterprise Account Executive, Growth (Digital Native)",Sales Growth EMEA,Tel Aviv,demand_validated,mid,0,1,0,buzz,,https://www.mongodb.com/careers/job/?gh_jid=6640101
2026-07-28,MDB,MongoDB,"Enterprise Account Executive, Growth (FSI)",Sales Growth EMEA,Tel Aviv,demand_validated,mid,0,0,0,,,https://www.mongodb.com/careers/job/?gh_jid=6601414
2026-07-28,MDB,MongoDB,"Enterprise Account Executive, KSA Public Sector (Arabic Speaker)",Sales Growth EMEA,Dubai,demand_validated,mid,0,0,0,,,https://www.mongodb.com/careers/job/?gh_jid=7429695
2026-07-28,MDB,MongoDB,Enterprise Account Manager - OEM,Sales Greater China,Beijing; Shanghai; Shenzhen,other,mid,0,0,0,,,https://www.mongodb.com/careers/job/?gh_jid=6829771
2026-07-28,MDB,MongoDB,Enterprise Sales Development Representative,Sales Development,Austin,nontech,mid,0,0,0,,50003,https://www.mongodb.com/careers/job/?gh_jid=7311204
2026-07-28,MDB,MongoDB,Escalation Manager,Technical Support Escalation Management,"Dublin, Ireland",other,mid,0,1,0,buzz,,https://www.mongodb.com/careers/job/?gh_jid=8073670
2026-07-28,MDB,MongoDB,Escalation Manager - EST hours,Technical Support Escalation Management,United States,other,mid,0,0,0,,149500,https://www.mongodb.com/careers/job/?gh_jid=8036085
2026-07-28,MDB,MongoDB,Financial Analyst,FP&A - P&T,San Francisco,other,mid,0,0,0,,95500,https://www.mongodb.com/careers/job/?gh_jid=8069479
2026-07-28,MDB,MongoDB,Global Payroll Transformation Senior Manager,Controllership,Austin; United States,nontech,senior,0,0,0,,149500,https://www.mongodb.com/careers/job/?gh_jid=7983618
2026-07-28,MDB,MongoDB,Growth Marketing Manager,Growth Marketing,New York City; Tysons,nontech,mid,0,0,0,,109500,https://www.mongodb.com/careers/job/?gh_jid=7950458
2026-07-28,MDB,MongoDB,Head of Revenue Accounting & Order to Cash,"Revenue, OTC & QTC",Palo Alto; San Francisco,nontech,exec,0,0,0,,203500,https://www.mongodb.com/careers/job/?gh_jid=8072501
2026-07-28,MDB,MongoDB,HRIS Engineer III - Integrations,HR Tech,Gurugram,product_eng,mid,0,0,0,,,https://www.mongodb.com/careers/job/?gh_jid=7966907
2026-07-28,MDB,MongoDB,IBM Principal Specialist,Cloud OEM,Atlanta; Boston; Charlotte; Chicago; New York City; Philadelphia,other,staff_principal,0,0,0,,172500,https://www.mongodb.com/careers/job/?gh_jid=7818435
2026-07-28,MDB,MongoDB,Inside Account Executive,Inside Sales NAMER,Toronto,demand_validated,mid,0,1,0,buzz,90000,https://www.mongodb.com/careers/job/?gh_jid=8083383
2026-07-28,MDB,MongoDB,Inside Account Executive,Sales Development,United States,demand_validated,mid,0,0,0,,75004,https://www.mongodb.com/careers/job/?gh_jid=7695258
2026-07-28,MDB,MongoDB,Inside Account Executive,Inside Sales NAMER,Toronto,demand_validated,mid,0,0,0,,90000,https://www.mongodb.com/careers/job/?gh_jid=8021118
2026-07-28,MDB,MongoDB,International Tax Director,Tax & Treasury,Atlanta; Austin; Baltimore; Charlotte; Chicago; Florida; Houston; Nashville; Raleigh,other,intern,0,3,1,application,191000,https://www.mongodb.com/careers/job/?gh_jid=7843814
2026-07-28,MDB,MongoDB,"Lead, Bus Sys Engineering - PS + CSM + TS",GTM Tech,Gurugram,product_eng,senior,0,1,0,buzz,,https://www.mongodb.com/careers/job/?gh_jid=8018420
2026-07-28,MDB,MongoDB,"Lead, Cloud Operations Engineering",Cloud Operations,"Dublin, Ireland",product_eng,senior,0,0,0,,,https://www.mongodb.com/careers/job/?gh_jid=8060943
2026-07-28,MDB,MongoDB,"Lead, Engineering",Magenta,Gurugram,product_eng,senior,0,0,0,,,https://www.mongodb.com/careers/job/?gh_jid=7590547
2026-07-28,MDB,MongoDB,"Lead, Engineering",Data & Platform,Gurugram,product_eng,senior,0,0,0,,,https://www.mongodb.com/careers/job/?gh_jid=8071475
2026-07-28,MDB,MongoDB,"Lead, Engineering",Atlas Core Data Services,"Cork, Ireland",product_eng,senior,0,0,0,,,https://www.mongodb.com/careers/job/?gh_jid=8045345
2026-07-28,MDB,MongoDB,"Lead, Engineering",Atlas Core Data Services,"Dublin, Ireland",product_eng,senior,0,0,0,,,https://www.mongodb.com/careers/job/?gh_jid=7711876
2026-07-28,MDB,MongoDB,"Lead Engineer, Internal Engineering",Internal Engineering,Gurugram,product_eng,intern,0,0,0,,,https://www.mongodb.com/careers/job/?gh_jid=7541875
2026-07-28,MDB,MongoDB,"Lead, Revenue","Revenue, OTC & QTC",Gurugram,other,senior,0,0,0,,,https://www.mongodb.com/careers/job/?gh_jid=7736169
2026-07-28,MDB,MongoDB,"Manager, Candidate Experience",Early Talent Recruiting,United States,other,mid,0,0,0,,108000,https://www.mongodb.com/careers/job/?gh_jid=7946916
2026-07-28,MDB,MongoDB,"Manager, Candidate Experience",Early Talent Recruiting,Austin; New York City,other,mid,0,0,0,,108000,https://www.mongodb.com/careers/job/?gh_jid=7936032
2026-07-28,MDB,MongoDB,"Manager, Customer Success",Customer Success APAC,Seoul,demand_validated,mid,0,0,0,,,https://www.mongodb.com/careers/job/?gh_jid=7375469
2026-07-28,MDB,MongoDB,"Manager, Customer Success Management",Customer Success EMEA,Milan; Rome,demand_validated,mid,0,0,0,,,https://www.mongodb.com/careers/job/?gh_jid=8074078
2026-07-28,MDB,MongoDB,"Manager, Engineering",Magenta,Bengaluru,product_eng,mid,0,0,0,,,https://www.mongodb.com/careers/job/?gh_jid=8076975
2026-07-28,MDB,MongoDB," Manager, Executive Experiences & Operations ",Strategic Events,"Cork, Ireland; Dublin, Ireland",nontech,mid,0,0,0,,,https://www.mongodb.com/careers/job/?gh_jid=8026163
2026-07-28,MDB,MongoDB,"Manager, Sales Development",Sales Development,Boston,nontech,mid,0,0,0,,110000,https://www.mongodb.com/careers/job/?gh_jid=8014384
2026-07-28,MDB,MongoDB,"Manager, Sales Development - French",Sales Development,"Dublin, Ireland",nontech,mid,0,0,0,,,https://www.mongodb.com/careers/job/?gh_jid=8069203
2026-07-28,MDB,MongoDB,"Manager, Sales Development (Kuala Lumpur Based)",Sales Development,Malaysia,nontech,mid,0,0,0,,,https://www.mongodb.com/careers/job/?gh_jid=7732991
2026-07-28,MDB,MongoDB,"Manager, Sales Strategy & Planning",GTM Operations,San Francisco,nontech,mid,0,0,0,,145500,https://www.mongodb.com/careers/job/?gh_jid=8049846
2026-07-28,MDB,MongoDB,"Manager, Site Reliability Engineering - Storage Layer Service",Site Reliability Engineering,New York City,product_eng,mid,0,0,0,,213500,https://www.mongodb.com/careers/job/?gh_jid=7743304
2026-07-28,MDB,MongoDB,"Manager, Site Reliability Engineering - Storage Layer Service",Site Reliability Engineering,Cork,product_eng,mid,0,0,0,,,https://www.mongodb.com/careers/job/?gh_jid=7957589
2026-07-28,MDB,MongoDB,"Manager, Site Reliability Engineering - Storage Layer Service",Site Reliability Engineering,Dublin,product_eng,mid,0,0,0,,,https://www.mongodb.com/careers/job/?gh_jid=7818635
2026-07-28,MDB,MongoDB,"Manager, Solutions Architecture","Solutions Consulting, LATAM",Mexico City,demand_validated,mid,0,0,0,,,https://www.mongodb.com/careers/job/?gh_jid=7728309
2026-07-28,MDB,MongoDB,"Manager, Technical Services",Technical Support Partners & Migrations,Austin,other,mid,0,0,0,,197000,https://www.mongodb.com/careers/job/?gh_jid=8053153
2026-07-28,MDB,MongoDB,Marketing Operations Manager,Marketing Operations,"Cork, Ireland; Dublin, Ireland",nontech,mid,0,0,0,,,https://www.mongodb.com/careers/job/?gh_jid=7967759
2026-07-28,MDB,MongoDB,Partner Specialist,APAC Partner Specialists,Japan,other,mid,0,0,0,,,https://www.mongodb.com/careers/job/?gh_jid=8020464
2026-07-28,MDB,MongoDB,Payroll Tax Analyst,Controllership,Austin,nontech,mid,0,0,0,,95500,https://www.mongodb.com/careers/job/?gh_jid=7980606
2026-07-28,MDB,MongoDB,Pre-Sales Solutions Architect,Solutions Consulting,São Paulo,demand_validated,mid,0,7,1,application|buzz,,https://www.mongodb.com/careers/job/?gh_jid=7847296
2026-07-28,MDB,MongoDB,Pre-Sales Solutions Architect,Solutions Consulting,Mexico City,demand_validated,mid,0,7,1,application|buzz,,https://www.mongodb.com/careers/job/?gh_jid=7843982
2026-07-28,MDB,MongoDB,"Principal Business Development Manager, Frontier AI Labs",Partner Programs,San Francisco,other,staff_principal,1,0,0,,182700,https://www.mongodb.com/careers/job/?gh_jid=7942148
2026-07-28,MDB,MongoDB,"Principal Partner Development Manager, Technology Partnerships",Partner Programs,United States,other,staff_principal,0,0,0,,182700,https://www.mongodb.com/careers/job/?gh_jid=7942154
2026-07-28,MDB,MongoDB,Principal Partner Programs Lead,Partner Programs,London,other,staff_principal,0,0,0,,,https://www.mongodb.com/careers/job/?gh_jid=7942147
2026-07-28,MDB,MongoDB,Principal Partner Specialist,SI Partners,Frankfurt,other,staff_principal,0,0,0,,,https://www.mongodb.com/careers/job/?gh_jid=7887608
2026-07-28,MDB,MongoDB,Principal Partner Specialist,APAC Partner Specialists,Gurugram,other,staff_principal,0,0,0,,,https://www.mongodb.com/careers/job/?gh_jid=7625229
2026-07-28,MDB,MongoDB,"Principal Partner Specialist, Google Cloud",Cloud Partners,Austin; New York City,other,staff_principal,0,0,0,,162000,https://www.mongodb.com/careers/job/?gh_jid=7818327
2026-07-28,MDB,MongoDB,"Principal Research Scientist, Database Systems",Research,New York City; Palo Alto,research,staff_principal,0,2,0,general_medium,301000,https://www.mongodb.com/careers/job/?gh_jid=6819978
2026-07-28,MDB,MongoDB,Principal Solutions Architect,"AMP, Sales",Great Britain,demand_validated,staff_principal,0,1,0,buzz,,https://www.mongodb.com/careers/job/?gh_jid=7657688
2026-07-28,MDB,MongoDB,Principal Solutions Architect,"AMP, Sales",Ireland,demand_validated,staff_principal,0,1,0,buzz,,https://www.mongodb.com/careers/job/?gh_jid=7657684
2026-07-28,MDB,MongoDB,Principal Solutions Architect,"AMP, Sales",France,demand_validated,staff_principal,0,1,0,buzz,,https://www.mongodb.com/careers/job/?gh_jid=7564234
2026-07-28,MDB,MongoDB,Principal Technologist / Field CTO,Strategic Developer Relations,India,other,staff_principal,0,0,0,,,https://www.mongodb.com/careers/job/?gh_jid=6381035
2026-07-28,MDB,MongoDB,"Product Manager, Internal Financial Data",Data & Platform,Austin; New York City; Palo Alto; San Francisco; United States,product_eng,intern,0,0,0,,160000,https://www.mongodb.com/careers/job/?gh_jid=7908293
2026-07-28,MDB,MongoDB, Product Marketing Manager,"AMP, NA Delivery ",Austin; New York City; San Francisco; Seattle,nontech,mid,0,4,1,application|buzz,120500,https://www.mongodb.com/careers/job/?gh_jid=8014547
2026-07-28,MDB,MongoDB,Product Pricing & Monetization Strategy - Associate,Product Management,New York City,other,mid,0,0,0,,124500,https://www.mongodb.com/careers/job/?gh_jid=7523751
2026-07-28,MDB,MongoDB,Program Manager,Finance Enablement & Operations,Dublin,other,mid,0,0,0,,,https://www.mongodb.com/careers/job/?gh_jid=7960937
2026-07-28,MDB,MongoDB,"Public Sector Enterprise Account Executive, Growth",Sales Growth EMEA,Amsterdam,demand_validated,mid,0,0,0,,,https://www.mongodb.com/careers/job/?gh_jid=6633264
2026-07-28,MDB,MongoDB,"Regional Vice President, Enterprise, Growth",Sales LatAm,Brazil; São Paulo,other,exec,0,0,0,,,https://www.mongodb.com/careers/job/?gh_jid=8054597
2026-07-28,MDB,MongoDB,Relationship Account Manager,Relationship Account Management,Kuala Lumpur,other,mid,0,0,0,,,https://www.mongodb.com/careers/job/?gh_jid=7927395
2026-07-28,MDB,MongoDB,Relationship Account Manager,Relationship Account Management,Singapore,other,mid,0,0,0,,,https://www.mongodb.com/careers/job/?gh_jid=8073907
2026-07-28,MDB,MongoDB,Relationship Account Manager - Mandarin Speaker,Relationship Account Management,Singapore,other,mid,0,0,0,,,https://www.mongodb.com/careers/job/?gh_jid=8076599
2026-07-28,MDB,MongoDB,Relationship Account Manager (Middle East market),Sales Growth EMEA,"Cork, Ireland; Dublin, Ireland",other,mid,0,0,0,,,https://www.mongodb.com/careers/job/?gh_jid=7904974
2026-07-28,MDB,MongoDB,Renewals Manager,Renewals,"Cork, Ireland; Dublin, Ireland",other,mid,0,0,0,,,https://www.mongodb.com/careers/job/?gh_jid=8013315
2026-07-28,MDB,MongoDB,Renewals Specialist,Renewals,Toronto,other,mid,0,0,0,,90300,https://www.mongodb.com/careers/job/?gh_jid=7966786
2026-07-28,MDB,MongoDB,Renewals Specialist,Renewals,Austin; Boston,other,mid,0,0,0,,66560,https://www.mongodb.com/careers/job/?gh_jid=7966785
2026-07-28,MDB,MongoDB,Salesforce CPQ engineer 3,GTM Tech,Gurugram,product_eng,mid,0,4,1,application|buzz,,https://www.mongodb.com/careers/job/?gh_jid=7779016
2026-07-28,MDB,MongoDB,"Salesforce Engineer III, FedRAMP",GTM Tech,United States,product_eng,mid,0,1,0,buzz,149500,https://www.mongodb.com/careers/job/?gh_jid=7948530
2026-07-28,MDB,MongoDB,Sales Operations Analyst,Sales Data Strategy & Insights,Gurugram,nontech,mid,0,0,0,,,https://www.mongodb.com/careers/job/?gh_jid=8015833
2026-07-28,MDB,MongoDB,Sales Support Associate,Sales Data Strategy & Insights,Gurugram,nontech,mid,0,0,0,,,https://www.mongodb.com/careers/job/?gh_jid=7110155
2026-07-28,MDB,MongoDB,"Security Software Engineer, Infrastructure Security (Staff or Senior)",Site Reliability Engineering,Dublin; Ireland,product_eng,staff_principal,0,0,0,,,https://www.mongodb.com/careers/job/?gh_jid=7727899
2026-07-28,MDB,MongoDB,"Security Software Engineer, Infrastructure Security (Staff or Senior)",Site Reliability Engineering,Austin; New York City; San Francisco; Seattle; United States,product_eng,staff_principal,0,0,0,,188000,https://www.mongodb.com/careers/job/?gh_jid=7727896
2026-07-28,MDB,MongoDB,"Senior Accountant, Technical Revenue",Global Accounting ,Austin; New York City; Palo Alto,other,senior,0,0,0,,99500,https://www.mongodb.com/careers/job/?gh_jid=7557741
2026-07-28,MDB,MongoDB,"Senior Account Executive, Acquisition - Digital Native",Sales APAC (ANZ),Sydney,demand_validated,senior,0,1,0,buzz,,https://www.mongodb.com/careers/job/?gh_jid=6586315
2026-07-28,MDB,MongoDB,"Senior Account Executive, Acquisition ( Digital Native)",Sales APAC (ANZ),Sydney,demand_validated,senior,0,1,0,buzz,,https://www.mongodb.com/careers/job/?gh_jid=8003451
2026-07-28,MDB,MongoDB,Senior Administrator - Business Systems,GTM Tech,Gurugram,other,senior,0,4,1,application|buzz,,https://www.mongodb.com/careers/job/?gh_jid=8036348
2026-07-28,MDB,MongoDB,Senior Administrator - Business Systems,GTM Tech,Gurugram,other,senior,0,4,1,application|buzz,,https://www.mongodb.com/careers/job/?gh_jid=7778975
2026-07-28,MDB,MongoDB,Senior Business Operations & Strategy Analyst,FP&A - G&A & Corporate,New York City,nontech,senior,0,0,0,,122500,https://www.mongodb.com/careers/job/?gh_jid=7760222
2026-07-28,MDB,MongoDB,Senior Business Operations & Strategy Analyst,FP&A - G&A & Corporate,New York City,nontech,senior,0,0,0,,122500,https://www.mongodb.com/careers/job/?gh_jid=7760225
2026-07-28,MDB,MongoDB,"Senior Commercial Growth Account Executive, Acquisition",Sales APAC (ASEAN),Singapore,demand_validated,senior,0,0,0,,,https://www.mongodb.com/careers/job/?gh_jid=7841358
2026-07-28,MDB,MongoDB,"Senior Commercial Growth Account Executive, Acquisition ( Bahasa Speaker)",Sales APAC (ASEAN),Singapore,demand_validated,senior,0,0,0,,,https://www.mongodb.com/careers/job/?gh_jid=7759971
2026-07-28,MDB,MongoDB,Senior Compensation Manager,Total Rewards,Atlanta; Austin; Baltimore; Boston; Chicago; Houston; Minneapolis; New York City; Philadelphia; Pittsburgh; Washington DC,other,senior,0,0,0,,145500,https://www.mongodb.com/careers/job/?gh_jid=8055126
2026-07-28,MDB,MongoDB,Senior Consulting Engineer,PS Field Delivery,Tel Aviv,product_eng,senior,0,0,0,,,https://www.mongodb.com/careers/job/?gh_jid=7925284
2026-07-28,MDB,MongoDB,Senior Customer Success Manager,Customer Success Americas,Mexico City,demand_validated,senior,0,0,0,,,https://www.mongodb.com/careers/job/?gh_jid=7955362
2026-07-28,MDB,MongoDB,Senior Customer Success Manager,Customer Success Americas,San Francisco,demand_validated,senior,0,1,0,buzz,143500,https://www.mongodb.com/careers/job/?gh_jid=7530648
2026-07-28,MDB,MongoDB,Senior Customer Success Manager,Customer Success EMEA,Madrid,demand_validated,senior,0,0,0,,,https://www.mongodb.com/careers/job/?gh_jid=8071152
2026-07-28,MDB,MongoDB,Senior Customer Success Manager,Customer Success EMEA,Berlin; Frankfurt; Hamburg; Munich,demand_validated,senior,0,0,0,,,https://www.mongodb.com/careers/job/?gh_jid=7906059
2026-07-28,MDB,MongoDB,Senior Customer Success Manager,Customer Success Americas,Atlanta; Austin; Dallas; Denver,demand_validated,senior,0,1,0,buzz,143500,https://www.mongodb.com/careers/job/?gh_jid=8059729
2026-07-28,MDB,MongoDB,Senior Customer Success Manager,Customer Success EMEA,Tel Aviv,demand_validated,senior,0,0,0,,,https://www.mongodb.com/careers/job/?gh_jid=7945921
2026-07-28,MDB,MongoDB,Senior Customer Success Manager,Customer Success Americas,Chicago,demand_validated,senior,0,0,0,,143500,https://www.mongodb.com/careers/job/?gh_jid=8053367
2026-07-28,MDB,MongoDB,Senior Customer Success Manager,Customer Success,Washington DC,demand_validated,senior,0,1,0,buzz,143500,https://www.mongodb.com/careers/job/?gh_jid=8044497
2026-07-28,MDB,MongoDB,Senior Data Analyst,Analytics,Gurugram,other,senior,0,0,0,,,https://www.mongodb.com/careers/job/?gh_jid=7616983
2026-07-28,MDB,MongoDB,Senior Data Analyst,Analytics,United States,other,senior,0,0,0,,122500,https://www.mongodb.com/careers/job/?gh_jid=7696633
2026-07-28,MDB,MongoDB,"Senior Data Product Manager, Product Telemetry",Data & Platform,New York City; Palo Alto; San Francisco,product_eng,senior,0,3,1,application,243500,https://www.mongodb.com/careers/job/?gh_jid=7428476
2026-07-28,MDB,MongoDB,Senior Developer Advocate,Developer Advocacy,Dublin,product_eng,senior,0,3,1,application,,https://www.mongodb.com/careers/job/?gh_jid=7950357
2026-07-28,MDB,MongoDB,Senior Developer Advocate,Developer Advocacy,India,product_eng,senior,0,0,0,,,https://www.mongodb.com/careers/job/?gh_jid=7860071
2026-07-28,MDB,MongoDB,"Senior Director of Engineering, Developer Productivity",R&D Developer Productivity,United States,product_eng,director,0,0,0,,249000,https://www.mongodb.com/careers/job/?gh_jid=8052615
2026-07-28,MDB,MongoDB,"Senior Director of Engineering, Developer Productivity",R&D Developer Productivity,Alberta; British Columbia; Manitoba; Nova Scotia; Ontario; Quebec,product_eng,director,0,0,0,,255000,https://www.mongodb.com/careers/job/?gh_jid=8052617
2026-07-28,MDB,MongoDB,"Senior Director, Partner Specialists",Cloud Partners,London,other,director,0,0,0,,,https://www.mongodb.com/careers/job/?gh_jid=8029188
2026-07-28,MDB,MongoDB,"Senior Director, Partner Specialists (Greater China + Korea)",APAC Partner Specialists,Hong Kong; Seoul; Shanghai,other,director,0,0,0,,,https://www.mongodb.com/careers/job/?gh_jid=7918616
2026-07-28,MDB,MongoDB,Senior Engineer,Internal Engineering,Gurugram,product_eng,senior,0,0,0,,,https://www.mongodb.com/careers/job/?gh_jid=7993981
2026-07-28,MDB,MongoDB,Senior Engineer - Business Systems (FP&A),FIN Tech,Bengaluru; Gurugram,product_eng,senior,0,0,0,,,https://www.mongodb.com/careers/job/?gh_jid=7942613
2026-07-28,MDB,MongoDB,Senior Engineer - Business Systems (Integrations),GTM Tech,Gurugram,product_eng,senior,0,3,1,application,,https://www.mongodb.com/careers/job/?gh_jid=7778978
2026-07-28,MDB,MongoDB,Senior Engineer - GTM Tech,GTM Tech,Gurugram,product_eng,senior,0,4,1,application|buzz,,https://www.mongodb.com/careers/job/?gh_jid=8018423
2026-07-28,MDB,MongoDB,Senior Engineer - GTM Tech,GTM Tech,Gurugram,product_eng,senior,0,4,1,application|buzz,,https://www.mongodb.com/careers/job/?gh_jid=8008794
2026-07-28,MDB,MongoDB,"Senior Engineering Manager, Code Generation",App Modernization ENG,California; Oregon; Washington,product_eng,senior,0,2,0,buzz,224000,https://www.mongodb.com/careers/job/?gh_jid=7616246
2026-07-28,MDB,MongoDB,"Senior Engineering Manager, Code Generation",App Modernization ENG,British Columbia,product_eng,senior,0,2,0,buzz,228000,https://www.mongodb.com/careers/job/?gh_jid=7616248
2026-07-28,MDB,MongoDB,"Senior Engineering Manager, Developer Productivity",R&D Developer Productivity,United States,product_eng,senior,0,3,1,application,224000,https://www.mongodb.com/careers/job/?gh_jid=8052618
2026-07-28,MDB,MongoDB,"Senior Engineering Manager, Developer Productivity",R&D Developer Productivity,Alberta; British Columbia; Manitoba; Nova Scotia; Ontario; Quebec,product_eng,senior,0,3,1,application,228000,https://www.mongodb.com/careers/job/?gh_jid=8052620
2026-07-28,MDB,MongoDB,Senior Enterprise Account Executive,Sales Growth EMEA,London,demand_validated,senior,0,0,0,,,https://www.mongodb.com/careers/job/?gh_jid=7227836
2026-07-28,MDB,MongoDB,"Senior Enterprise Account Executive, Growth",Sales Growth NAMER,Austin; Dallas; Houston,demand_validated,senior,0,0,0,,160000,https://www.mongodb.com/careers/job/?gh_jid=7998023
2026-07-28,MDB,MongoDB,"Senior Enterprise Account Executive, Growth",Sales Growth NAMER,Denver,demand_validated,senior,0,0,0,,160000,https://www.mongodb.com/careers/job/?gh_jid=7687359
2026-07-28,MDB,MongoDB,"Senior Enterprise Account Executive, Growth",Sales APAC (ASEAN),Singapore,demand_validated,senior,0,0,0,,,https://www.mongodb.com/careers/job/?gh_jid=7613157
2026-07-28,MDB,MongoDB,"Senior Enterprise Account Executive, Growth",Sales APAC (ASEAN),Singapore,demand_validated,senior,0,0,0,,,https://www.mongodb.com/careers/job/?gh_jid=8050026
2026-07-28,MDB,MongoDB,Senior/ Enterprise Account Executive - Strategic Account,Sales APAC (ASEAN),Singapore,demand_validated,senior,0,0,0,,,https://www.mongodb.com/careers/job/?gh_jid=7490900
2026-07-28,MDB,MongoDB,Senior Executive Assistant,Executive Support - Sales,Los Angeles; Palo Alto; San Francisco,other,senior,0,0,0,,100500,https://www.mongodb.com/careers/job/?gh_jid=8060719
2026-07-28,MDB,MongoDB,Senior IT VIP Support Specialist,Global Enterprise Technology (GET),Palo Alto,nontech,senior,0,3,1,application,140000,https://www.mongodb.com/careers/job/?gh_jid=8046751
2026-07-28,MDB,MongoDB,"Senior Lead, Engineering",Internal Engineering,Dublin,product_eng,senior,0,5,1,application|buzz,,https://www.mongodb.com/careers/job/?gh_jid=8021089
2026-07-28,MDB,MongoDB,"Senior Legal Counsel, Public Sector",Legal & Risk Mgmt,United States,nontech,senior,0,0,0,,207500,https://www.mongodb.com/careers/job/?gh_jid=7950376
2026-07-28,MDB,MongoDB,"Senior Manager, EMEA Payroll",Controllership,"Cork, Ireland; Dublin, Ireland",nontech,senior,0,0,0,,,https://www.mongodb.com/careers/job/?gh_jid=8003632
2026-07-28,MDB,MongoDB,"Senior Manager, Financial Planning & Analysis",FP&A - G&A & Corporate,Austin; New York City,other,senior,0,0,0,,149500,https://www.mongodb.com/careers/job/?gh_jid=8072504
2026-07-28,MDB,MongoDB,"Senior Manager, Financial Planning & Analysis",FP&A - G&A & Corporate,Dublin,other,senior,0,0,0,,,https://www.mongodb.com/careers/job/?gh_jid=8072506
2026-07-28,MDB,MongoDB,"Senior Manager, HR Compliance - Americas",Employee Experience AMER,United States,nontech,senior,0,0,0,,120500,https://www.mongodb.com/careers/job/?gh_jid=7835609
2026-07-28,MDB,MongoDB,"Senior Manager, Martech Transformation",Marketing Operations,"Cork, Ireland; Dublin, Ireland",other,senior,0,0,0,,,https://www.mongodb.com/careers/job/?gh_jid=7527949
2026-07-28,MDB,MongoDB,"Senior Manager (or Manager), Premium Services",Technical Support Premium Services,Palo Alto,other,senior,0,3,1,application,207500,https://www.mongodb.com/careers/job/?gh_jid=7983071
2026-07-28,MDB,MongoDB,"Senior Manager, Regional Marketing",International Marketing - APAC,Singapore,nontech,senior,0,0,0,,,https://www.mongodb.com/careers/job/?gh_jid=7920986
2026-07-28,MDB,MongoDB,"Senior Manager, Revenue",Global Accounting ,Austin; New York City; Palo Alto,other,senior,0,0,0,,157500,https://www.mongodb.com/careers/job/?gh_jid=7736164
2026-07-28,MDB,MongoDB,"Senior Manager, Sales Operations",GTM Operations,"Dublin, Ireland",nontech,senior,0,0,0,,,https://www.mongodb.com/careers/job/?gh_jid=8056742
2026-07-28,MDB,MongoDB,"Senior Manager, Technical Services Engineering",Technical Support AMER,Austin,product_eng,senior,0,3,1,application,197000,https://www.mongodb.com/careers/job/?gh_jid=7337511
2026-07-28,MDB,MongoDB,"Senior Marketing Manager, U.S. Public Sector",Americas Marketing,United States,nontech,senior,0,0,0,,124500,https://www.mongodb.com/careers/job/?gh_jid=8035641
2026-07-28,MDB,MongoDB,Senior Partner Solutions Architect,"Solutions Consulting, Partners",Atlanta; Austin; Dallas; Florida; Miami,demand_validated,senior,0,0,0,,154000,https://www.mongodb.com/careers/job/?gh_jid=7683484
2026-07-28,MDB,MongoDB,Senior Partner Solutions Architect,"Solutions Consulting, Partners",São Paulo,demand_validated,senior,0,0,0,,,https://www.mongodb.com/careers/job/?gh_jid=7700740
2026-07-28,MDB,MongoDB,Senior Partner Solutions Architect,"Solutions Consulting, Partners",India,demand_validated,senior,0,6,1,application,,https://www.mongodb.com/careers/job/?gh_jid=7997737
2026-07-28,MDB,MongoDB,Senior Partner Solutions Architect,"Solutions Consulting, APAC",Sydney,demand_validated,senior,0,0,0,,,https://www.mongodb.com/careers/job/?gh_jid=7952245
2026-07-28,MDB,MongoDB,Senior Platform Engineer,Data & Platform,Gurugram,product_eng,senior,0,0,0,,,https://www.mongodb.com/careers/job/?gh_jid=7924987
2026-07-28,MDB,MongoDB,Senior Platform Engineer,Data & Platform,Gurugram,product_eng,senior,0,0,0,,,https://www.mongodb.com/careers/job/?gh_jid=8053599
2026-07-28,MDB,MongoDB,Senior Pre-Sales Solutions Architect,Solutions Consulting Scaled Services,Mexico City,demand_validated,senior,0,7,1,application|buzz,,https://www.mongodb.com/careers/job/?gh_jid=7719062
2026-07-28,MDB,MongoDB,Senior Pre-Sales Solutions Architect,Solutions Consulting Scaled Services,São Paulo,demand_validated,senior,0,7,1,application|buzz,,https://www.mongodb.com/careers/job/?gh_jid=7658084
2026-07-28,MDB,MongoDB,Senior Product Manager,Magenta,Gurugram,product_eng,senior,0,11,1,application|data_ml_ops|model_infra,,https://www.mongodb.com/careers/job/?gh_jid=7851080
2026-07-28,MDB,MongoDB,Senior Product Manager - IT Go-to-Market AI,GTM Tech,New York City; Palo Alto,product_eng,senior,1,0,0,,201000,https://www.mongodb.com/careers/job/?gh_jid=7705474
2026-07-28,MDB,MongoDB,"Senior Product Manager, Security and Threat Management",Product Management,Alberta; British Columbia; Ontario; Quebec; Toronto,product_eng,senior,0,0,0,,155000,https://www.mongodb.com/careers/job/?gh_jid=7523959
2026-07-28,MDB,MongoDB,"Senior Product Security Engineer, Cloud",Product Security,"Cork, Ireland; Dublin, Ireland",product_eng,senior,0,0,0,,,https://www.mongodb.com/careers/job/?gh_jid=7793612
2026-07-28,MDB,MongoDB,"Senior Product Security Engineer, Server",Product Security,"Dublin, Ireland",product_eng,senior,0,0,0,,,https://www.mongodb.com/careers/job/?gh_jid=7484909
2026-07-28,MDB,MongoDB,"Senior Product Security Engineer, Server",Product Security,"Cork, Ireland",product_eng,senior,0,0,0,,,https://www.mongodb.com/careers/job/?gh_jid=7956226
2026-07-28,MDB,MongoDB,Senior Python Engineer,Database Experience,United States,product_eng,senior,0,9,1,application,187000,https://www.mongodb.com/careers/job/?gh_jid=7742875
2026-07-28,MDB,MongoDB,Senior Python Engineer,Database Experience,British Columbia; Ontario,product_eng,senior,0,9,1,application,163000,https://www.mongodb.com/careers/job/?gh_jid=7742877
2026-07-28,MDB,MongoDB,Senior Relationship Account Manager,Relationship Account Management,Austin; Boston; New York City,other,senior,0,0,0,,118997,https://www.mongodb.com/careers/job/?gh_jid=7803601
2026-07-28,MDB,MongoDB,Senior Research Scientist,Voyage AI Research,Palo Alto,research,senior,0,24,1,application|buzz|general_medium|model_infra,187000,https://www.mongodb.com/careers/job/?gh_jid=7891161
2026-07-28,MDB,MongoDB,Senior Salesforce Engineer,GTM Tech,New York City,product_eng,senior,0,4,1,application|buzz,174500,https://www.mongodb.com/careers/job/?gh_jid=7991447
2026-07-28,MDB,MongoDB,Senior Sales Operations Analyst,GTM Operations,"Cork, Ireland; Dublin, Ireland",nontech,senior,0,10,1,application|buzz|general_medium,,https://www.mongodb.com/careers/job/?gh_jid=7892114
2026-07-28,MDB,MongoDB,Senior Site Reliability Engineer,Magenta,Gurugram,product_eng,senior,0,0,0,,,https://www.mongodb.com/careers/job/?gh_jid=8051379
2026-07-28,MDB,MongoDB,"Senior Site Reliability Engineer,  Fleet Management",Site Reliability Engineering,Austin; Boston; Chicago; Denver; Miami; New York City; San Francisco; Seattle; United States,product_eng,senior,0,0,0,,188000,https://www.mongodb.com/careers/job/?gh_jid=7727873
2026-07-28,MDB,MongoDB,Senior Software Engineer,Product Management,Mexico City,product_eng,senior,0,0,0,,,https://www.mongodb.com/careers/job/?gh_jid=7985996
2026-07-28,MDB,MongoDB,Senior Software Engineer,Magenta,Gurugram,product_eng,senior,0,0,0,,,https://www.mongodb.com/careers/job/?gh_jid=7590644
2026-07-28,MDB,MongoDB,"Senior Software Engineer, App Analysis & Modelling",App Modernization ENG,Sydney,product_eng,senior,0,12,1,application|buzz|general_medium,,https://www.mongodb.com/careers/job/?gh_jid=7523872
2026-07-28,MDB,MongoDB,"Senior Software Engineer, Application Migration",App Modernization ENG,Sydney,product_eng,senior,0,4,0,buzz|general_medium,,https://www.mongodb.com/careers/job/?gh_jid=7838287
2026-07-28,MDB,MongoDB,"Senior Software Engineer, Atlas API Experience",Atlas Core Data Services,Dublin,product_eng,senior,0,0,0,,,https://www.mongodb.com/careers/job/?gh_jid=8035228
2026-07-28,MDB,MongoDB,"Senior Software Engineer, Atlas Clusters",Atlas Core Data Services,Dublin,product_eng,senior,0,0,0,,,https://www.mongodb.com/careers/job/?gh_jid=7588895
2026-07-28,MDB,MongoDB,"Senior Software Engineer, Atlas Clusters Platform",Atlas Core Data Services,New York City,product_eng,senior,0,0,0,,187000,https://www.mongodb.com/careers/job/?gh_jid=7890652
2026-07-28,MDB,MongoDB,"Senior Software Engineer, Atlas Search Query",Atlas Search,San Francisco,product_eng,senior,0,3,1,application,187000,https://www.mongodb.com/careers/job/?gh_jid=7940512
2026-07-28,MDB,MongoDB,"Senior Software Engineer, C2C Services",Clusters & Interfaces,"Dublin, Ireland",product_eng,senior,0,0,0,,,https://www.mongodb.com/careers/job/?gh_jid=7378959
2026-07-28,MDB,MongoDB,"Senior Software Engineer, C2C Services",Clusters & Interfaces,"Cork, Ireland",product_eng,senior,0,0,0,,,https://www.mongodb.com/careers/job/?gh_jid=7960501
2026-07-28,MDB,MongoDB,"Senior Software Engineer, Forward Deployed AI Engineer",App Modernization PM,Ireland,demand_validated,senior,1,1,0,buzz,,https://www.mongodb.com/careers/job/?gh_jid=7590735
2026-07-28,MDB,MongoDB,"Senior Software Engineer, Forward Deployed AI Engineer",App Modernization PM,"Cork, Ireland; Dublin, Ireland",demand_validated,senior,1,1,0,buzz,,https://www.mongodb.com/careers/job/?gh_jid=7392902
2026-07-28,MDB,MongoDB,"Senior Software Engineer, Observability",Product & Technology,Dublin,product_eng,senior,0,0,0,,,https://www.mongodb.com/careers/job/?gh_jid=7695616
2026-07-28,MDB,MongoDB,"Senior Software Engineer, Public Backup",Durable TXs & Availability,New York City,product_eng,senior,0,0,0,,187000,https://www.mongodb.com/careers/job/?gh_jid=7975692
2026-07-28,MDB,MongoDB,"Senior Software Engineer, Query Execution",Query,Ireland,product_eng,senior,0,0,0,,,https://www.mongodb.com/careers/job/?gh_jid=8055471
2026-07-28,MDB,MongoDB,"Senior Software Engineer, Server Networking Security (Rust)",Clusters & Interfaces,"Cork, Ireland; Dublin, Ireland",product_eng,senior,0,0,0,,,https://www.mongodb.com/careers/job/?gh_jid=7653008
2026-07-28,MDB,MongoDB,"Senior Software Engineer, Server Security",Clusters & Interfaces,New York City,product_eng,senior,0,0,0,,187000,https://www.mongodb.com/careers/job/?gh_jid=7815677
2026-07-28,MDB,MongoDB,"Senior Software Engineer, Server Security",Clusters & Interfaces,Toronto,product_eng,senior,0,0,0,,163000,https://www.mongodb.com/careers/job/?gh_jid=7815679
2026-07-28,MDB,MongoDB,"Senior Software Engineer, Storage Layer Services",Durable TXs & Availability,New York City; United States,product_eng,senior,0,0,0,,187000,https://www.mongodb.com/careers/job/?gh_jid=7947560
2026-07-28,MDB,MongoDB,Senior Solution Architect,"Solutions Consulting, APAC",Gurugram,product_eng,senior,0,3,1,application,,https://www.mongodb.com/careers/job/?gh_jid=8012553
2026-07-28,MDB,MongoDB,Senior Solutions Architect,"Solutions Consulting, APAC",Shenzhen,demand_validated,senior,0,7,1,application|buzz,,https://www.mongodb.com/careers/job/?gh_jid=7157100
2026-07-28,MDB,MongoDB,Senior Solutions Architect,"Solutions Consulting, Growth EMEA",London,demand_validated,senior,0,7,1,application|buzz,,https://www.mongodb.com/careers/job/?gh_jid=7942609
2026-07-28,MDB,MongoDB,Senior Solutions Architect,"Solutions Consulting, Growth EMEA",Paris,demand_validated,senior,0,7,1,application|buzz,,https://www.mongodb.com/careers/job/?gh_jid=7806547
2026-07-28,MDB,MongoDB,Senior Solutions Architect,"Solutions Consulting, APAC",Mumbai,demand_validated,senior,0,7,1,application|buzz,,https://www.mongodb.com/careers/job/?gh_jid=7621450
2026-07-28,MDB,MongoDB,Senior Solutions Architect,"Solutions Consulting, Growth EMEA",Warsaw,demand_validated,senior,0,7,1,application|buzz,,https://www.mongodb.com/careers/job/?gh_jid=8053142
2026-07-28,MDB,MongoDB,Senior Solutions Architect,"Solutions Consulting, APAC",Bengaluru,demand_validated,senior,0,7,1,application|buzz,,https://www.mongodb.com/careers/job/?gh_jid=8055422
2026-07-28,MDB,MongoDB,Senior Solutions Architect,Solutions Consulting,Amsterdam,demand_validated,senior,0,7,1,application|buzz,,https://www.mongodb.com/careers/job/?gh_jid=7560436
2026-07-28,MDB,MongoDB,Senior Solutions Architect (Pre-Sales),"Solutions Consulting, LATAM",São Paulo,demand_validated,senior,0,8,1,application|buzz,,https://www.mongodb.com/careers/job/?gh_jid=8050412
2026-07-28,MDB,MongoDB,Senior Solutions Architect (Pre-Sales),Solutions Consulting,Montreal; Toronto,demand_validated,senior,0,8,1,application|buzz,155000,https://www.mongodb.com/careers/job/?gh_jid=8054272
2026-07-28,MDB,MongoDB,Senior Solutions Architect (Thai Speaking),"Solutions Consulting, APAC",Singapore,demand_validated,senior,0,7,1,application|buzz,,https://www.mongodb.com/careers/job/?gh_jid=8012626
2026-07-28,MDB,MongoDB,"Senior Specialist 2, Revenue","Revenue, OTC & QTC",Gurugram,other,senior,0,0,0,,,https://www.mongodb.com/careers/job/?gh_jid=7736184
2026-07-28,MDB,MongoDB,"Senior Specialist 2, Revenue","Revenue, OTC & QTC",Gurugram,other,senior,0,0,0,,,https://www.mongodb.com/careers/job/?gh_jid=7736180
2026-07-28,MDB,MongoDB,"Senior Specialist 2, Tax",Tax & Treasury,Gurugram,other,senior,0,0,0,,,https://www.mongodb.com/careers/job/?gh_jid=7951947
2026-07-28,MDB,MongoDB,"Senior Specialist, Industry Solutions",Industry Solutions,Barcelona,other,senior,0,0,0,,,https://www.mongodb.com/careers/job/?gh_jid=8045879
2026-07-28,MDB,MongoDB,Senior Staff Engineer,Atlas Core Data Services,Dublin,product_eng,staff_principal,0,0,0,,,https://www.mongodb.com/careers/job/?gh_jid=7711840
2026-07-28,MDB,MongoDB,"Senior Staff Engineer, AMP",App Modernization ENG,California; Oregon; Washington,product_eng,staff_principal,0,2,0,buzz,287000,https://www.mongodb.com/careers/job/?gh_jid=7617019
2026-07-28,MDB,MongoDB,"Senior Staff Engineer, AMP",App Modernization ENG,British Columbia,product_eng,staff_principal,0,2,0,buzz,249500,https://www.mongodb.com/careers/job/?gh_jid=7678147
2026-07-28,MDB,MongoDB,"Senior Staff Enterprise Architect, Data",Enterprise Architecture,Palo Alto,product_eng,staff_principal,0,7,1,application|buzz,263000,https://www.mongodb.com/careers/job/?gh_jid=7644002
2026-07-28,MDB,MongoDB,"Senior Staff Product Manager, Query",Product Management,United States,product_eng,staff_principal,0,3,1,application,274000,https://www.mongodb.com/careers/job/?gh_jid=7993419
2026-07-28,MDB,MongoDB,"Senior Staff Product Manager, Query",Product Management,Ontario,product_eng,staff_principal,0,3,1,application,206500,https://www.mongodb.com/careers/job/?gh_jid=8028587
2026-07-28,MDB,MongoDB,"Senior Staff Product Manager, Query",Product Management,Alberta; British Columbia; Manitoba; Nova Scotia; Quebec,product_eng,staff_principal,0,3,1,application,206500,https://www.mongodb.com/careers/job/?gh_jid=8028593
2026-07-28,MDB,MongoDB,Senior Technical Product Marketing Manager,Product Marketing,United States,nontech,senior,0,13,1,application|buzz,137000,https://www.mongodb.com/careers/job/?gh_jid=7942539
2026-07-28,MDB,MongoDB,Senior Technical Program Manager Atlas Clusters,Atlas Core Data Services,"Cork, Ireland; Dublin, Ireland",other,senior,0,0,0,,,https://www.mongodb.com/careers/job/?gh_jid=7672303
2026-07-28,MDB,MongoDB,Senior Technical Services Engineer,Technical Support Premium Services,Toronto,product_eng,senior,0,8,1,application|buzz,153500,https://www.mongodb.com/careers/job/?gh_jid=7950439
2026-07-28,MDB,MongoDB,Senior Technical Services Engineer,Technical Support Premium Services,Montreal,product_eng,senior,0,8,1,application|buzz,153500,https://www.mongodb.com/careers/job/?gh_jid=7961465
2026-07-28,MDB,MongoDB,Senior Workplace Coordinator,Workplace,Austin,other,senior,0,0,0,,66500,https://www.mongodb.com/careers/job/?gh_jid=8075787
2026-07-28,MDB,MongoDB,Services Sales (Engagement Manager),PS Engagement Management,San Francisco,nontech,mid,0,0,0,,155500,https://www.mongodb.com/careers/job/?gh_jid=7599693
2026-07-28,MDB,MongoDB,Site Reliability Engineer 3,Site Reliability Engineering,New York City,product_eng,mid,0,0,0,,164500,https://www.mongodb.com/careers/job/?gh_jid=7821316
2026-07-28,MDB,MongoDB,Site Reliability Engineer 3,Site Reliability Engineering,Dublin,product_eng,mid,0,1,0,buzz,,https://www.mongodb.com/careers/job/?gh_jid=7821318
2026-07-28,MDB,MongoDB,"Site Reliability Engineering, Fabric (Mid, Senior, or Staff)",Site Reliability Engineering,United States,product_eng,staff_principal,0,0,0,,188000,https://www.mongodb.com/careers/job/?gh_jid=7727920
2026-07-28,MDB,MongoDB,"Site Reliability Engineering, Fabric (Mid, Senior, or Staff)",Site Reliability Engineering,Toronto; Vancouver,product_eng,staff_principal,0,0,0,,172000,https://www.mongodb.com/careers/job/?gh_jid=7727923
2026-07-28,MDB,MongoDB,"Site Reliability Engineer (Senior or Staff), Atlas",Site Reliability Engineering,Austin; Boston; Chicago; Miami; New York City; Philadelphia; Pittsburgh; Raleigh; United States; Washington DC,product_eng,staff_principal,0,0,0,,188000,https://www.mongodb.com/careers/job/?gh_jid=7727964
2026-07-28,MDB,MongoDB,"Site Reliability Engineer (Senior or Staff), Deployments",Site Reliability Engineering,Boston; Miami; New Jersey; New York City; Princeton; Raleigh; Washington DC,product_eng,staff_principal,0,0,0,,188000,https://www.mongodb.com/careers/job/?gh_jid=7727910
2026-07-28,MDB,MongoDB,"Site Reliability Engineer (Senior or Staff), Deployments",Site Reliability Engineering,Toronto,product_eng,staff_principal,0,0,0,,172000,https://www.mongodb.com/careers/job/?gh_jid=7727913
2026-07-28,MDB,MongoDB,"Site Reliability Engineer (Senior or Staff), Infrastructure Security",Site Reliability Engineering,Austin; New York City; San Francisco; Seattle; United States,product_eng,staff_principal,0,0,0,,188000,https://www.mongodb.com/careers/job/?gh_jid=7758610
2026-07-28,MDB,MongoDB,"Site Reliability Engineer (Senior or Staff), Storage Layer Services (SLS)",Site Reliability Engineering,Boston; Miami; New York City; Pittsburgh; Raleigh; United States,product_eng,staff_principal,0,0,0,,187000,https://www.mongodb.com/careers/job/?gh_jid=7743366
2026-07-28,MDB,MongoDB,"Site Reliability Engineer (Senior or Staff), Storage Layer Services (SLS)",Site Reliability Engineering,Montreal; Toronto,product_eng,staff_principal,0,0,0,,172000,https://www.mongodb.com/careers/job/?gh_jid=7793634
2026-07-28,MDB,MongoDB,"Site Reliability Engineer (Senior or Staff), Storage Layer Services (SLS) ",Site Reliability Engineering,"Cork, Ireland; Dublin, Ireland",product_eng,staff_principal,0,0,0,,,https://www.mongodb.com/careers/job/?gh_jid=6984814
2026-07-28,MDB,MongoDB,Software Engineer 2,Office of the CTO,Dublin,product_eng,mid,0,0,0,,,https://www.mongodb.com/careers/job/?gh_jid=7613695
2026-07-28,MDB,MongoDB,Software Engineer 3,Stream Processing,New York City,product_eng,mid,0,0,0,,157500,https://www.mongodb.com/careers/job/?gh_jid=8015792
2026-07-28,MDB,MongoDB,Software Engineer 3,Observability & Adoption Engineering,"Cork, Ireland; Dublin, Ireland",product_eng,mid,0,2,0,general_medium,,https://www.mongodb.com/careers/job/?gh_jid=8064448
2026-07-28,MDB,MongoDB,Software Engineer 3,Data & Platform,Gurugram,product_eng,mid,0,7,1,application|buzz,,https://www.mongodb.com/careers/job/?gh_jid=7908785
2026-07-28,MDB,MongoDB,Software Engineer 3,Durable TXs & Availability,Sydney,product_eng,mid,0,0,0,,,https://www.mongodb.com/careers/job/?gh_jid=7744404
2026-07-28,MDB,MongoDB,Software Engineer 3,Internal Engineering,Gurugram,product_eng,mid,0,0,0,,,https://www.mongodb.com/careers/job/?gh_jid=7993984
2026-07-28,MDB,MongoDB,Software Engineer 3,Database Experience,Dublin,product_eng,mid,0,0,0,,,https://www.mongodb.com/careers/job/?gh_jid=7939397
2026-07-28,MDB,MongoDB,Software Engineer 3,Core Platforms,"Cork, Ireland; Dublin, Ireland",product_eng,mid,0,0,0,,,https://www.mongodb.com/careers/job/?gh_jid=7581876
2026-07-28,MDB,MongoDB,Software Engineer 3,Query,"Cork, Ireland; Dublin, Ireland",product_eng,mid,0,0,0,,,https://www.mongodb.com/careers/job/?gh_jid=7859378
2026-07-28,MDB,MongoDB,"Software Engineer 3, App Analysis & Modelling",App Modernization ENG,Sydney,product_eng,mid,0,12,1,application|buzz|general_medium,,https://www.mongodb.com/careers/job/?gh_jid=7523878
2026-07-28,MDB,MongoDB,"Software Engineer 3, Atlas API Experience Integrations",Atlas Core Data Services,Dublin,product_eng,mid,0,0,0,,,https://www.mongodb.com/careers/job/?gh_jid=8030945
2026-07-28,MDB,MongoDB,"Software Engineer 3, Atlas Clusters",Atlas Core Data Services,Dublin,product_eng,mid,0,0,0,,,https://www.mongodb.com/careers/job/?gh_jid=7579042
2026-07-28,MDB,MongoDB,"Software Engineer 3, Atlas Identity and Access Management",Identity and Access Management,New York City,product_eng,mid,0,0,0,,157500,https://www.mongodb.com/careers/job/?gh_jid=8069776
2026-07-28,MDB,MongoDB,"Software Engineer 3, Atlas Search Systems",Atlas Search,San Francisco,product_eng,mid,0,4,1,application|buzz,165500,https://www.mongodb.com/careers/job/?gh_jid=7523920
2026-07-28,MDB,MongoDB,"Software Engineer 3, Atlas Search Systems",Atlas Search,Toronto,product_eng,mid,0,3,1,application,128500,https://www.mongodb.com/careers/job/?gh_jid=7662950
2026-07-28,MDB,MongoDB,"Software Engineer 3, Atlas Vector Search",Atlas Search,San Francisco,product_eng,mid,0,3,1,application,157500,https://www.mongodb.com/careers/job/?gh_jid=7523911
2026-07-28,MDB,MongoDB,"Software Engineer 3, Customer Observability",Atlas Core Data Services,Dublin,product_eng,mid,0,0,0,,,https://www.mongodb.com/careers/job/?gh_jid=7717350
2026-07-28,MDB,MongoDB,"Software Engineer 3, Documentation Platform",Observability & Adoption Engineering,New York City; Palo Alto; Seattle,product_eng,mid,0,0,0,,157500,https://www.mongodb.com/careers/job/?gh_jid=8054991
2026-07-28,MDB,MongoDB,"Software Engineer 3, Documentation Platform",Observability & Adoption Engineering,Toronto,product_eng,mid,0,0,0,,,https://www.mongodb.com/careers/job/?gh_jid=8054993
2026-07-28,MDB,MongoDB,"Software Engineer 3, Query Execution",Query,"Cork, Ireland; Dublin, Ireland",product_eng,mid,0,0,0,,,https://www.mongodb.com/careers/job/?gh_jid=7699932
2026-07-28,MDB,MongoDB,"Software Engineer 3, Query Integration",Query,Austin; New York; New York City; San Francisco; United States,product_eng,mid,0,3,1,application,157500,https://www.mongodb.com/careers/job/?gh_jid=8010102
2026-07-28,MDB,MongoDB,"Software Engineer 3, Search Systems Replication & Routing",Atlas Search,San Francisco,product_eng,mid,0,3,1,application,157500,https://www.mongodb.com/careers/job/?gh_jid=7235322
2026-07-28,MDB,MongoDB,"Software Engineer 3, Voyage Control Plane",Atlas Search,Palo Alto; Seattle,product_eng,mid,0,6,1,application|buzz|general_medium,157500,https://www.mongodb.com/careers/job/?gh_jid=8041664
2026-07-28,MDB,MongoDB,"Software Engineer, Code Generation",App Modernization ENG,California; Colorado; Montana; Nevada; New Mexico; Oregon; Utah; Washington,product_eng,mid,0,5,1,application|buzz,162000,https://www.mongodb.com/careers/job/?gh_jid=7311666
2026-07-28,MDB,MongoDB,"Software Engineer, Code Generation",App Modernization ENG,British Columbia; Calgary,product_eng,mid,0,5,1,application|buzz,128500,https://www.mongodb.com/careers/job/?gh_jid=7311708
2026-07-28,MDB,MongoDB,"Software Engineer, Data Migration",App Modernization ENG,California; Oregon; Washington,product_eng,mid,0,4,0,buzz|general_medium,157500,https://www.mongodb.com/careers/job/?gh_jid=7523834
2026-07-28,MDB,MongoDB,Solutions Architect,Solutions Consulting Scaled Services,Singapore,demand_validated,mid,0,7,1,application|buzz,,https://www.mongodb.com/careers/job/?gh_jid=7795864
2026-07-28,MDB,MongoDB,Solutions Architect,"Solutions Consulting, Growth EMEA",Berlin; Cologne; Frankfurt; Hamburg; Munich; Stuttgart,demand_validated,mid,0,7,1,application|buzz,,https://www.mongodb.com/careers/job/?gh_jid=8066544
2026-07-28,MDB,MongoDB,Solutions Architect,"Solutions Consulting, Growth EMEA",Germany,demand_validated,mid,0,7,1,application|buzz,,https://www.mongodb.com/careers/job/?gh_jid=8066560
2026-07-28,MDB,MongoDB,"Solutions Architect, German speaker",Solutions Consulting,Poland,demand_validated,mid,0,7,1,application|buzz,,https://www.mongodb.com/careers/job/?gh_jid=7557618
2026-07-28,MDB,MongoDB,"Specialist, Strategic Events Operations",Strategic Events,"Cork, Ireland; Dublin, Ireland",nontech,mid,0,0,0,,,https://www.mongodb.com/careers/job/?gh_jid=8025549
2026-07-28,MDB,MongoDB,"Sr. Director, IT Product Management – Post Sales and Partner Technology",GTM Tech,Palo Alto,nontech,director,0,12,1,application,249000,https://www.mongodb.com/careers/job/?gh_jid=8003065
2026-07-28,MDB,MongoDB,"Sr. Executive Assistant, Chief Legal Officer",Legal & Risk Mgmt,Palo Alto,nontech,exec,0,0,0,,100500,https://www.mongodb.com/careers/job/?gh_jid=7961719
2026-07-28,MDB,MongoDB,Sr Finance Systems Admin (L1 Support & Admin),FIN Tech,Gurugram,nontech,senior,0,0,0,,,https://www.mongodb.com/careers/job/?gh_jid=8017380
2026-07-28,MDB,MongoDB,Sr. Strategic Engagement Manager,"AMP, NA Delivery ",United States,other,senior,0,1,0,buzz,170500,https://www.mongodb.com/careers/job/?gh_jid=8071805
2026-07-28,MDB,MongoDB,Staff Data Engineer,Data & Platform,Gurugram,product_eng,staff_principal,0,6,1,application,,https://www.mongodb.com/careers/job/?gh_jid=7858063
2026-07-28,MDB,MongoDB,Staff Engineer,Observability & Adoption Engineering,"Dublin, Ireland",product_eng,staff_principal,0,0,0,,,https://www.mongodb.com/careers/job/?gh_jid=7613562
2026-07-28,MDB,MongoDB,Staff Engineer,Magenta,Gurugram,product_eng,staff_principal,0,0,0,,,https://www.mongodb.com/careers/job/?gh_jid=7590587
2026-07-28,MDB,MongoDB,Staff Engineer,Observability & Adoption Engineering,"Cork, Ireland",product_eng,staff_principal,0,0,0,,,https://www.mongodb.com/careers/job/?gh_jid=8045017
2026-07-28,MDB,MongoDB,Staff Engineer,Atlas Core Data Services,Dublin,product_eng,staff_principal,0,0,0,,,https://www.mongodb.com/careers/job/?gh_jid=8003635
2026-07-28,MDB,MongoDB,"Staff Engineer, AMP",App Modernization ENG,Gurugram,product_eng,staff_principal,0,5,1,application|buzz,,https://www.mongodb.com/careers/job/?gh_jid=7583617
2026-07-28,MDB,MongoDB,"Staff Engineer, AMP",App Modernization ENG,India,product_eng,staff_principal,0,5,1,application|buzz,,https://www.mongodb.com/careers/job/?gh_jid=7773411
2026-07-28,MDB,MongoDB,Staff Engineer - Business Systems (Integrations),GTM Tech,Gurugram,product_eng,staff_principal,0,0,0,,,https://www.mongodb.com/careers/job/?gh_jid=7778981
2026-07-28,MDB,MongoDB,"Staff Engineer, Code Generation",Product & Technology,Alberta; British Columbia; Manitoba; Nova Scotia; Ontario; Quebec,product_eng,staff_principal,0,5,1,application|buzz,190000,https://www.mongodb.com/careers/job/?gh_jid=7210819
2026-07-28,MDB,MongoDB,"Staff Engineer, Code Generation",Product & Technology,United States,product_eng,staff_principal,0,5,1,application|buzz,203500,https://www.mongodb.com/careers/job/?gh_jid=7210817
2026-07-28,MDB,MongoDB,"Staff Engineer, Observability",Observability & Adoption Engineering,"Dublin, Ireland",product_eng,staff_principal,0,0,0,,,https://www.mongodb.com/careers/job/?gh_jid=7613587
2026-07-28,MDB,MongoDB,Staff Product Manager - Internal AI,Internal AI,Palo Alto,product_eng,intern,1,4,1,application|buzz,243500,https://www.mongodb.com/careers/job/?gh_jid=7781724
2026-07-28,MDB,MongoDB,"Staff Product Manager, Security and Compliance (Public Sector)",Security Product Management,United States,product_eng,staff_principal,0,0,0,,224000,https://www.mongodb.com/careers/job/?gh_jid=8054250
2026-07-28,MDB,MongoDB,Staff Product Marketing Manager,Product Marketing,United States,nontech,staff_principal,0,3,1,application,154000,https://www.mongodb.com/careers/job/?gh_jid=8072861
2026-07-28,MDB,MongoDB,Staff Research Scientist,Voyage AI Research,Palo Alto,research,staff_principal,0,21,1,application|buzz|general_medium|model_infra,224000,https://www.mongodb.com/careers/job/?gh_jid=7956670
2026-07-28,MDB,MongoDB,Staff Site Reliability Engineer,Magenta,Bengaluru,product_eng,staff_principal,0,0,0,,,https://www.mongodb.com/careers/job/?gh_jid=8051387
2026-07-28,MDB,MongoDB,Staff Software Engineer - Query Execution,Query,United States,product_eng,staff_principal,0,3,1,application,224000,https://www.mongodb.com/careers/job/?gh_jid=7915330
2026-07-28,MDB,MongoDB,"Staff Software Engineer, Query (Optimization)",Query,United States,product_eng,staff_principal,0,0,0,,187000,https://www.mongodb.com/careers/job/?gh_jid=7602834
2026-07-28,MDB,MongoDB,"Staff Software Engineer, Query (Optimization)",Query,Alberta; British Columbia; Manitoba; Nova Scotia; Ontario; Quebec,product_eng,staff_principal,0,0,0,,190000,https://www.mongodb.com/careers/job/?gh_jid=7646261
2026-07-28,MDB,MongoDB,"Staff Software Engineer, Server Networking Security (Rust)",Clusters & Interfaces,"Cork, Ireland; Dublin, Ireland",product_eng,staff_principal,0,0,0,,,https://www.mongodb.com/careers/job/?gh_jid=7696228
2026-07-28,MDB,MongoDB,Staff Technical Program Manager,Observability & Adoption Engineering,"Dublin, Ireland",other,staff_principal,0,0,0,,,https://www.mongodb.com/careers/job/?gh_jid=8044870
2026-07-28,MDB,MongoDB,Staff Technical Program Manager,Atlas Core Data Services,"Cork, Ireland; Dublin, Ireland",other,staff_principal,0,0,0,,,https://www.mongodb.com/careers/job/?gh_jid=7465124
2026-07-28,MDB,MongoDB,"Staff Technical Program Manager, GTM Tech",GTM Tech,Gurugram,other,staff_principal,0,0,0,,,https://www.mongodb.com/careers/job/?gh_jid=7493634
2026-07-28,MDB,MongoDB,"Staff Technical Program Manager, Site Reliability Engineering",Site Reliability Engineering,"Cork, Ireland; Dublin, Ireland; Ireland",product_eng,staff_principal,0,0,0,,,https://www.mongodb.com/careers/job/?gh_jid=7831454
2026-07-28,MDB,MongoDB,"Staff Technical Program Manager, Site Reliability Engineering",Site Reliability Engineering,Atlanta; Boston; Florida; Georgia; Maine; Miami; New Hampshire; New Jersey; New York; New York City; Pennsylvania; Philadelphia; Pittsburgh; Raleigh; Vermont; Virginia; Washington DC,product_eng,staff_principal,0,0,0,,187000,https://www.mongodb.com/careers/job/?gh_jid=7555398
2026-07-28,MDB,MongoDB,Startup & Venture Ecosystem Lead,Marketing Management,San Francisco,other,senior,0,0,0,,149500,https://www.mongodb.com/careers/job/?gh_jid=7779540
2026-07-28,MDB,MongoDB,"SVP, Global Sales Strategy, Planning & Operations",GTM Operations,New York City; Palo Alto; San Francisco,nontech,mid,0,0,0,,249000,https://www.mongodb.com/careers/job/?gh_jid=8075611
2026-07-28,MDB,MongoDB,"Technical Director, Builder Relations",Developer Advocacy,India,other,director,0,0,0,,,https://www.mongodb.com/careers/job/?gh_jid=7993078
2026-07-28,MDB,MongoDB,"Technical Lead Manager, Migration",App Modernization ENG,Sydney,other,senior,0,0,0,,,https://www.mongodb.com/careers/job/?gh_jid=7612606
2026-07-28,MDB,MongoDB,Technical Services Curriculum Engineer,Technical Support Operations,Vancouver,product_eng,mid,0,4,1,application|buzz,137500,https://www.mongodb.com/careers/job/?gh_jid=7968777
2026-07-28,MDB,MongoDB,Technical Services Engineer,Technical Support APAC,Kuala Lumpur,product_eng,mid,0,0,0,,,https://www.mongodb.com/careers/job/?gh_jid=7919311
2026-07-28,MDB,MongoDB,Technical Services Engineer,Technical Support AMER,Palo Alto,product_eng,mid,0,3,1,application,133000,https://www.mongodb.com/careers/job/?gh_jid=8065812
2026-07-28,MDB,MongoDB,Technical Services Engineer,Technical Support EMEA,Dublin,product_eng,mid,0,3,1,application,,https://www.mongodb.com/careers/job/?gh_jid=8043909
2026-07-28,MDB,MongoDB,Technical Services Engineer,Technical Support APAC,Kuala Lumpur,product_eng,mid,0,0,0,,,https://www.mongodb.com/careers/job/?gh_jid=7919314
2026-07-28,MDB,MongoDB,Technical Services Engineer,Technical Support EMEA,Dublin,product_eng,mid,0,0,0,,,https://www.mongodb.com/careers/job/?gh_jid=7948529
2026-07-28,MDB,MongoDB,Technical Services Engineer,Technical Support APAC,Sydney,product_eng,mid,0,9,1,application,,https://www.mongodb.com/careers/job/?gh_jid=8070880
2026-07-28,MDB,MongoDB,Technical Services Engineer,Technical Support APAC,Sydney,product_eng,mid,0,0,0,,,https://www.mongodb.com/careers/job/?gh_jid=7746718
2026-07-28,MDB,MongoDB,Technical Services Engineer,Technical Support APAC,Bengaluru,product_eng,mid,0,0,0,,,https://www.mongodb.com/careers/job/?gh_jid=8007613
2026-07-28,MDB,MongoDB,"Technical Services Engineer, 1st shift (Weekend)",Technical Support AMER Public Sector,United States,product_eng,mid,0,0,0,,133000,https://www.mongodb.com/careers/job/?gh_jid=8030936
2026-07-28,MDB,MongoDB,"Technical Services Engineer, 2nd Shift",Technical Support AMER Public Sector,California; Hawaii; Nevada; Oregon; Washington,product_eng,mid,0,0,0,,133000,https://www.mongodb.com/careers/job/?gh_jid=7665958
2026-07-28,MDB,MongoDB,"Technical Services Engineer, Infrastructure - Weekend",Technical Support AMER,Palo Alto,product_eng,mid,0,3,1,application,133000,https://www.mongodb.com/careers/job/?gh_jid=7460019
2026-07-28,MDB,MongoDB,"Technical Services Engineer, Named Accounts",Technical Support Premium Services,Palo Alto; San Francisco,product_eng,mid,0,0,0,,133000,https://www.mongodb.com/careers/job/?gh_jid=8041641
2026-07-28,MDB,MongoDB,"Technical Services Engineer, Partners",Technical Support Partners & Migrations,Bengaluru,product_eng,mid,0,0,0,,,https://www.mongodb.com/careers/job/?gh_jid=7957794
2026-07-28,MDB,MongoDB,"Vice President, Solutions Architecture - EMEA","Solutions Consulting, Leadership",Dublin; London,demand_validated,exec,0,0,0,,,https://www.mongodb.com/careers/job/?gh_jid=8056751
2026-07-28,MDB,MongoDB,"VP, AI Marketing Strategy",Marketing Management,Palo Alto; San Francisco,nontech,exec,1,6,1,application,215000,https://www.mongodb.com/careers/job/?gh_jid=8072839
2026-07-28,MDB,MongoDB,"VP, Global Specialist Sales",Sales Growth NAMER,Austin; New York City; Palo Alto; San Francisco,nontech,exec,0,12,1,application,270000,https://www.mongodb.com/careers/job/?gh_jid=8077553
2026-07-28,MDB,MongoDB,"VP, Modernization Services","AMP, NA Delivery ",United States,other,exec,0,1,0,buzz,289500,https://www.mongodb.com/careers/job/?gh_jid=7993342
2026-07-28,ESTC,Elastic,"ABM Manager, Global Public Sector",Product Marketing,United States,other,mid,0,0,0,,154800,https://jobs.elastic.co/jobs?gh_jid=7968189&gh_jid=7968189
2026-07-28,ESTC,Elastic,"ABM Regional Manager, AMER",Regional Marketing - AMER,United States,other,mid,0,0,0,,154800,https://jobs.elastic.co/jobs?gh_jid=8001092&gh_jid=8001092
2026-07-28,ESTC,Elastic,Account Executive (Czech Republic),Sales - EMEA - Emerging,Poland,demand_validated,mid,0,1,0,buzz,,https://jobs.elastic.co/jobs?gh_jid=8047185&gh_jid=8047185
2026-07-28,ESTC,Elastic,Account Executive Public Sector,Sales - EMEA - North,Belgium,demand_validated,mid,0,1,0,buzz,,https://jobs.elastic.co/jobs?gh_jid=7768040&gh_jid=7768040
2026-07-28,ESTC,Elastic,Agentic AI Engineer,IT,United States,product_eng,mid,1,22,1,application|buzz|model_infra,136750,https://jobs.elastic.co/jobs?gh_jid=8079636&gh_jid=8079636
2026-07-28,ESTC,Elastic,"Analyst, Sales Strategy & Operations - Public Sector",Sales Strategy & Operations,"London, United Kingdom",nontech,mid,0,0,0,,,https://jobs.elastic.co/jobs?gh_jid=8053074&gh_jid=8053074
2026-07-28,ESTC,Elastic,Associate Creative Director,Marketing Services,United States,other,director,0,1,0,buzz,185750,https://jobs.elastic.co/jobs?gh_jid=8035673&gh_jid=8035673
2026-07-28,ESTC,Elastic,Billing Operations Analyst,Accounting,"Bangalore, India",nontech,mid,0,0,0,,,https://jobs.elastic.co/jobs?gh_jid=8049188&gh_jid=8049188
2026-07-28,ESTC,Elastic,Business Strategy Developer - International,Field Leadership,Spain,product_eng,intern,0,0,0,,,https://jobs.elastic.co/jobs?gh_jid=8050495&gh_jid=8050495
2026-07-28,ESTC,Elastic,Business Strategy Developer - International,Field Leadership,United Kingdom,product_eng,intern,0,0,0,,,https://jobs.elastic.co/jobs?gh_jid=8050499&gh_jid=8050499
2026-07-28,ESTC,Elastic,Business Strategy Developer - International,Field Leadership,Germany,product_eng,intern,0,0,0,,,https://jobs.elastic.co/jobs?gh_jid=8050489&gh_jid=8050489
2026-07-28,ESTC,Elastic,Business Strategy Developer - International,Field Leadership,The Netherlands,product_eng,intern,0,0,0,,,https://jobs.elastic.co/jobs?gh_jid=8023745&gh_jid=8023745
2026-07-28,ESTC,Elastic,"Channel and Alliances Manager - Austin, TX",Partners - AMER,United States,other,mid,0,0,0,,120400,https://jobs.elastic.co/jobs?gh_jid=8079441&gh_jid=8079441
2026-07-28,ESTC,Elastic,Channel and Alliances Manager - Canada,Partners - AMER,Canada,other,mid,0,0,0,,125700,https://jobs.elastic.co/jobs?gh_jid=8079412&gh_jid=8079412
2026-07-28,ESTC,Elastic,Cloud Billing Associate,Accounting,"Bangalore, India",other,mid,0,0,0,,,https://jobs.elastic.co/jobs?gh_jid=7991494&gh_jid=7991494
2026-07-28,ESTC,Elastic,Content Producer,Content & Campaigns,Canada,other,mid,0,4,1,application|buzz,88050,https://jobs.elastic.co/jobs?gh_jid=8078791&gh_jid=8078791
2026-07-28,ESTC,Elastic,Customer Architect,Customer Architects - EMEA,"Barcelona, Spain",product_eng,mid,0,0,0,,,https://jobs.elastic.co/jobs?gh_jid=8059843&gh_jid=8059843
2026-07-28,ESTC,Elastic,Customer Architect - EMEA Central ,Customer Architects - EMEA,Germany,product_eng,mid,0,0,0,,,https://jobs.elastic.co/jobs?gh_jid=7798319&gh_jid=7798319
2026-07-28,ESTC,Elastic,Deal Desk Analyst (EMEA),Deal Desk,Spain,other,mid,0,0,0,,,https://jobs.elastic.co/jobs?gh_jid=8037181&gh_jid=8037181
2026-07-28,ESTC,Elastic,Delivery Manager,Consulting - AMER,Brazil,other,mid,0,0,0,,136750,https://jobs.elastic.co/jobs?gh_jid=8001576&gh_jid=8001576
2026-07-28,ESTC,Elastic,Demand Manager,Sales - EMEA - Management and Support,"Barcelona, Spain",other,mid,0,0,0,,,https://jobs.elastic.co/jobs?gh_jid=8059793&gh_jid=8059793
2026-07-28,ESTC,Elastic,"Director, Solutions Architecture (Technical Sales)",SA - AMER - Strategic,United States,demand_validated,director,0,0,0,,216650,https://jobs.elastic.co/jobs?gh_jid=7972639&gh_jid=7972639
2026-07-28,ESTC,Elastic,Elastic Consultant - Public Sector ,Consulting - EMEA,Germany,other,mid,0,0,0,,,https://jobs.elastic.co/jobs?gh_jid=8045331&gh_jid=8045331
2026-07-28,ESTC,Elastic,Enterprise Account Executive,Sales - EMEA - Emerging,"Dubai, United Arab Emirates",demand_validated,mid,0,1,0,buzz,,https://jobs.elastic.co/jobs?gh_jid=8059520&gh_jid=8059520
2026-07-28,ESTC,Elastic,Enterprise Account Executive,Sales - EMEA - North,Belgium,demand_validated,mid,0,0,0,,,https://jobs.elastic.co/jobs?gh_jid=7764820&gh_jid=7764820
2026-07-28,ESTC,Elastic,Enterprise Account Executive,Sales - EMEA - UKI,United Kingdom,demand_validated,mid,0,1,0,buzz,,https://jobs.elastic.co/jobs?gh_jid=8035004&gh_jid=8035004
2026-07-28,ESTC,Elastic,Enterprise Account Executive,Sales - EMEA - North,France,demand_validated,mid,0,1,0,buzz,,https://jobs.elastic.co/jobs?gh_jid=7989277&gh_jid=7989277
2026-07-28,ESTC,Elastic,"Enterprise Account Executive, Expand - CA or AZ",Sales - AMER West,"California, United States",demand_validated,mid,0,0,0,,235750,https://jobs.elastic.co/jobs?gh_jid=7727947&gh_jid=7727947
2026-07-28,ESTC,Elastic,Enterprise Account Executive (FSI) - Mumbai,Sales - APJ - India,"Mumbai, India",demand_validated,mid,0,0,0,,,https://jobs.elastic.co/jobs?gh_jid=7821378&gh_jid=7821378
2026-07-28,ESTC,Elastic,"Enterprise Account Executive, HK & TW",Sales - APJ - ASEAN,Hong Kong,demand_validated,mid,0,1,0,buzz,,https://jobs.elastic.co/jobs?gh_jid=7764794&gh_jid=7764794
2026-07-28,ESTC,Elastic,"Enterprise Account Executive, Malaysia",Sales - APJ - ASEAN,Singapore,demand_validated,mid,0,1,0,buzz,,https://jobs.elastic.co/jobs?gh_jid=7957677&gh_jid=7957677
2026-07-28,ESTC,Elastic,Enterprise Account Executive - Midwest,Sales - AMER East,"Chicago, IL",demand_validated,mid,0,0,0,,196550,https://jobs.elastic.co/jobs?gh_jid=8065886&gh_jid=8065886
2026-07-28,ESTC,Elastic,FedCiv Account Executive - Dept of Treasury ,Sales - USPS CIV,"Arlington, VA",demand_validated,mid,0,1,0,buzz,235750,https://jobs.elastic.co/jobs?gh_jid=7802531&gh_jid=7802531
2026-07-28,ESTC,Elastic,Federal Account Executive -  Dept of Commerce,Sales - USPS CIV,"Arlington, VA",demand_validated,mid,0,1,0,buzz,235750,https://jobs.elastic.co/jobs?gh_jid=7812397&gh_jid=7812397
2026-07-28,ESTC,Elastic,Federal Account Executive - NIH / CDC,Sales - USPS CIV,"Arlington, VA",demand_validated,mid,0,1,0,buzz,235750,https://jobs.elastic.co/jobs?gh_jid=7769639&gh_jid=7769639
2026-07-28,ESTC,Elastic,"Federal Account Executive - UN, World Bank, NARA",Sales - USPS CIV,"Arlington, VA",demand_validated,mid,0,1,0,buzz,235750,https://jobs.elastic.co/jobs?gh_jid=7769649&gh_jid=7769649
2026-07-28,ESTC,Elastic,Federal Account Executive - VA (The Department of Veterans Affairs),Sales - USPS CIV,"Arlington, VA",demand_validated,mid,0,1,0,buzz,235750,https://jobs.elastic.co/jobs?gh_jid=7564316&gh_jid=7564316
2026-07-28,ESTC,Elastic,"Federal Sales Development Representative - Arlington, VA ",SDR - USPS,"Arlington, VA",nontech,mid,0,0,0,,67700,https://jobs.elastic.co/jobs?gh_jid=8065898&gh_jid=8065898
2026-07-28,ESTC,Elastic,Financial Planning and Analysis Manager -Professional Services and Partner Support ,Finance Team,United States,demand_validated,mid,0,0,0,,154800,https://jobs.elastic.co/jobs?gh_jid=8068807&gh_jid=8068807
2026-07-28,ESTC,Elastic,German Commercial Counsel,Legal - Commercial,Germany,nontech,mid,0,0,0,,,https://jobs.elastic.co/jobs?gh_jid=8028548&gh_jid=8028548
2026-07-28,ESTC,Elastic,"Global PR Director, US ",Communications & Customer Advocacy,United States,other,director,0,0,0,,232250,https://jobs.elastic.co/jobs?gh_jid=7885940&gh_jid=7885940
2026-07-28,ESTC,Elastic,"Help Desk Operations Manager, Partner Revenue Strategy & Operations",Sales Strategy & Operations,India,nontech,mid,0,0,0,,,https://jobs.elastic.co/jobs?gh_jid=8059813&gh_jid=8059813
2026-07-28,ESTC,Elastic,Inside Account Executive (Arabic & French speaking),Sales - EMEA - Emerging,"Barcelona, Spain",demand_validated,mid,0,0,0,,,https://jobs.elastic.co/jobs?gh_jid=8067205&gh_jid=8067205
2026-07-28,ESTC,Elastic,Inside Account Executive (German speaker),Sales - EMEA - Central,"Barcelona, Spain",demand_validated,mid,0,0,0,,,https://jobs.elastic.co/jobs?gh_jid=8050806&gh_jid=8050806
2026-07-28,ESTC,Elastic,Inside Account Executive (Hunter),Sales - AMER General Business,"Arlington, VA",demand_validated,mid,0,0,0,,136400,https://jobs.elastic.co/jobs?gh_jid=7993839&gh_jid=7993839
2026-07-28,ESTC,Elastic,Inside Account Executive (Hunter),Sales - AMER General Business,"New York City, NY",demand_validated,mid,0,0,0,,136400,https://jobs.elastic.co/jobs?gh_jid=7997314&gh_jid=7997314
2026-07-28,ESTC,Elastic,Inside Account Executive (Hunter),Sales - AMER General Business,"Austin, TX",demand_validated,mid,0,0,0,,136400,https://jobs.elastic.co/jobs?gh_jid=7997315&gh_jid=7997315
2026-07-28,ESTC,Elastic,International Revenue Strategy & Operations Manager,Sales Strategy & Operations,Singapore,nontech,intern,0,0,0,,,https://jobs.elastic.co/jobs?gh_jid=8045062&gh_jid=8045062
2026-07-28,ESTC,Elastic,Join Elastic's Engineering Global Talent Community,Engineering,"Distributed, EMEA",product_eng,mid,0,0,0,,,https://jobs.elastic.co/jobs?gh_jid=6020362&gh_jid=6020362
2026-07-28,ESTC,Elastic,Legal Ops/Trade Compliance Coordinator,Legal - Corporate,"Bangalore, India",nontech,mid,0,0,0,,,https://jobs.elastic.co/jobs?gh_jid=8027434&gh_jid=8027434
2026-07-28,ESTC,Elastic,Lifecycle Marketing Manager - Self Service Cloud,Web and Localization,Canada,nontech,mid,0,0,0,,123200,https://jobs.elastic.co/jobs?gh_jid=8002710&gh_jid=8002710
2026-07-28,ESTC,Elastic,"Manager, Global Events (AMER)",Events,United States,other,mid,0,0,0,,154800,https://jobs.elastic.co/jobs?gh_jid=8042302&gh_jid=8042302
2026-07-28,ESTC,Elastic,Mid Market Account Executive,Sales - EMEA - Emerging,Saudi Arabia,demand_validated,mid,0,1,0,buzz,,https://jobs.elastic.co/jobs?gh_jid=7578418&gh_jid=7578418
2026-07-28,ESTC,Elastic,Mid Market Account Executive,Sales - EMEA - Emerging,Saudi Arabia,demand_validated,mid,0,1,0,buzz,,https://jobs.elastic.co/jobs?gh_jid=7061643&gh_jid=7061643
2026-07-28,ESTC,Elastic,Mid-Market Account Executive,Sales - EMEA - Central,Germany,demand_validated,mid,0,1,0,buzz,,https://jobs.elastic.co/jobs?gh_jid=7995012&gh_jid=7995012
2026-07-28,ESTC,Elastic,Mid Market Account Executive - Bay Area,Sales - AMER MidMarket,"San Francisco, CA",demand_validated,mid,0,1,0,buzz,196550,https://jobs.elastic.co/jobs?gh_jid=8048350&gh_jid=8048350
2026-07-28,ESTC,Elastic,Mid-Market Account Executive - Expand - Bay Area,Sales - AMER West,"San Francisco, CA",demand_validated,mid,0,0,0,,182200,https://jobs.elastic.co/jobs?gh_jid=8054612&gh_jid=8054612
2026-07-28,ESTC,Elastic,Mid Market Account Executive (New Logo),Sales - EMEA - UKI,United Kingdom,demand_validated,mid,0,0,0,,,https://jobs.elastic.co/jobs?gh_jid=7764822&gh_jid=7764822
2026-07-28,ESTC,Elastic,"Mid Market Account Executive, Pursuit",Sales - AMER MidMarket,United States,demand_validated,mid,0,0,0,,163750,https://jobs.elastic.co/jobs?gh_jid=8048319&gh_jid=8048319
2026-07-28,ESTC,Elastic,Mid-Market Account Executive - Pursuit/Hunter (Northeast),Sales - AMER MidMarket,"New York, United States",demand_validated,mid,0,0,0,,196550,https://jobs.elastic.co/jobs?gh_jid=8048317&gh_jid=8048317
2026-07-28,ESTC,Elastic,Mid-Market Account Executive - Pursuit/Hunter (Southeast),Sales - AMER MidMarket,"Florida, United States",demand_validated,mid,0,0,0,,196550,https://jobs.elastic.co/jobs?gh_jid=8080011&gh_jid=8080011
2026-07-28,ESTC,Elastic,Mid Market Account Executive - Texas,Sales - AMER MidMarket,"Texas, United States",demand_validated,mid,0,1,0,buzz,163750,https://jobs.elastic.co/jobs?gh_jid=8048347&gh_jid=8048347
2026-07-28,ESTC,Elastic,Paid Social Analyst,Digital Marketing,Costa Rica,other,mid,0,0,0,,,https://jobs.elastic.co/jobs?gh_jid=8065315&gh_jid=8065315
2026-07-28,ESTC,Elastic,Partner Solution Architect - France ,SA - Partner SA - EMEA,France,product_eng,mid,0,11,1,application|general_medium,,https://jobs.elastic.co/jobs?gh_jid=7995008&gh_jid=7995008
2026-07-28,ESTC,Elastic,Payroll Analyst GEO (EMEA),Accounting,"Bangalore, India",nontech,mid,0,0,0,,,https://jobs.elastic.co/jobs?gh_jid=8022430&gh_jid=8022430
2026-07-28,ESTC,Elastic,Platform Engineer - Kubernetes,IT,United States,product_eng,mid,0,0,0,,136750,https://jobs.elastic.co/jobs?gh_jid=8047349&gh_jid=8047349
2026-07-28,ESTC,Elastic,Principal AI Ecosystem Architect - OpenAI/Anthropic,SA - Partner SA - AMER,"Washington, United States",product_eng,staff_principal,1,7,1,application|buzz,237800,https://jobs.elastic.co/jobs?gh_jid=8065489&gh_jid=8065489
2026-07-28,ESTC,Elastic,Principal AI Ecosystem Architect - OpenAI/Anthropic,SA - Partner SA - AMER,"San Francisco, CA",product_eng,staff_principal,1,7,1,application|buzz,237800,https://jobs.elastic.co/jobs?gh_jid=8047165&gh_jid=8047165
2026-07-28,ESTC,Elastic,"Principal Java Developer - Distributed Systems, Serverless - Elasticsearch",Platform - Elasticsearch,Canada,product_eng,staff_principal,0,0,0,,165650,https://jobs.elastic.co/jobs?gh_jid=7982102&gh_jid=7982102
2026-07-28,ESTC,Elastic,"Principal Java Engineer - Distributed Systems, Serverless - Elasticsearch",Platform - Elasticsearch,Greece,product_eng,staff_principal,0,0,0,,,https://jobs.elastic.co/jobs?gh_jid=8002555&gh_jid=8002555
2026-07-28,ESTC,Elastic,"Principal Java Engineer - Distributed Systems, Serverless - Elasticsearch",Platform - Elasticsearch,United States,product_eng,staff_principal,0,0,0,,193000,https://jobs.elastic.co/jobs?gh_jid=7982100&gh_jid=7982100
2026-07-28,ESTC,Elastic,"Principal Java Engineer - Distributed Systems, Serverless - Elasticsearch",Platform - Elasticsearch,Portugal,product_eng,staff_principal,0,0,0,,,https://jobs.elastic.co/jobs?gh_jid=8002560&gh_jid=8002560
2026-07-28,ESTC,Elastic,"Principal Java Engineer - Distributed Systems, Serverless - Elasticsearch",Platform - Elasticsearch,Romania,product_eng,staff_principal,0,0,0,,,https://jobs.elastic.co/jobs?gh_jid=8002561&gh_jid=8002561
2026-07-28,ESTC,Elastic,"Principal Java Engineer - Distributed Systems, Serverless - Elasticsearch",Platform - Elasticsearch,Spain,product_eng,staff_principal,0,0,0,,,https://jobs.elastic.co/jobs?gh_jid=8002562&gh_jid=8002562
2026-07-28,ESTC,Elastic,"Principal Java Engineer - Distributed Systems, Serverless - Elasticsearch",Platform - Elasticsearch,Norway,product_eng,staff_principal,0,0,0,,,https://jobs.elastic.co/jobs?gh_jid=8002559&gh_jid=8002559
2026-07-28,ESTC,Elastic,"Principal Java Engineer - Distributed Systems, Serverless - Elasticsearch",Platform - Elasticsearch,Ireland,product_eng,staff_principal,0,0,0,,,https://jobs.elastic.co/jobs?gh_jid=8002558&gh_jid=8002558
2026-07-28,ESTC,Elastic,Principal Product Manager Agents and Context - Elasticsearch,Enterprise Search - Product Management,Canada,product_eng,staff_principal,0,15,1,application,198800,https://jobs.elastic.co/jobs?gh_jid=8070011&gh_jid=8070011
2026-07-28,ESTC,Elastic,Principal Product Manager Agents and Context - Elasticsearch,Enterprise Search - Product Management,United States,product_eng,staff_principal,0,15,1,application,231650,https://jobs.elastic.co/jobs?gh_jid=7602101&gh_jid=7602101
2026-07-28,ESTC,Elastic,Principal Search Consulting Architect,Consulting - AMER,Brazil,product_eng,staff_principal,0,19,1,application|buzz|general_medium,,https://jobs.elastic.co/jobs?gh_jid=7991482&gh_jid=7991482
2026-07-28,ESTC,Elastic,Principal Search Consulting Architect,Consulting - AMER,United States,product_eng,staff_principal,0,19,1,application|buzz|general_medium,231650,https://jobs.elastic.co/jobs?gh_jid=7988387&gh_jid=7988387
2026-07-28,ESTC,Elastic,Principal Software Developer - Security - Elasticsearch,Platform - Data and Compute,Canada,product_eng,staff_principal,0,0,0,,198800,https://jobs.elastic.co/jobs?gh_jid=8082617&gh_jid=8082617
2026-07-28,ESTC,Elastic,Principal Software Developer - Storage Engine - Elasticsearch,Platform - Elasticsearch,Canada,product_eng,staff_principal,0,3,1,application,198800,https://jobs.elastic.co/jobs?gh_jid=8074820&gh_jid=8074820
2026-07-28,ESTC,Elastic,Principal Software Engineer  - Search Infra - Elasticsearch - ,Platform - Elasticsearch,United States,product_eng,staff_principal,0,0,0,,231650,https://jobs.elastic.co/jobs?gh_jid=8067100&gh_jid=8067100
2026-07-28,ESTC,Elastic,Principal Software Engineer - Search Infra - Elasticsearch,Platform - Elasticsearch,Canada,product_eng,staff_principal,0,0,0,,198800,https://jobs.elastic.co/jobs?gh_jid=8067101&gh_jid=8067101
2026-07-28,ESTC,Elastic,Principal Software Engineer - Search Infra - Elasticsearch,Platform - Elasticsearch,Ireland,product_eng,staff_principal,0,0,0,,,https://jobs.elastic.co/jobs?gh_jid=8020854&gh_jid=8020854
2026-07-28,ESTC,Elastic,Principal Software Engineer - Search Infra - Elasticsearch,Platform - Elasticsearch,Spain,product_eng,staff_principal,0,0,0,,,https://jobs.elastic.co/jobs?gh_jid=8020857&gh_jid=8020857
2026-07-28,ESTC,Elastic,Principal Software Engineer - Search Infra - Elasticsearch,Platform - Elasticsearch,Greece,product_eng,staff_principal,0,0,0,,,https://jobs.elastic.co/jobs?gh_jid=8020864&gh_jid=8020864
2026-07-28,ESTC,Elastic,Principal Software Engineer - Security - Elasticsearch,Platform - Data and Compute,United States,product_eng,staff_principal,0,0,0,,231650,https://jobs.elastic.co/jobs?gh_jid=8082612&gh_jid=8082612
2026-07-28,ESTC,Elastic,Principal Software Engineer - Storage Engine - Elasticsearch,Platform - Elasticsearch,United States,product_eng,staff_principal,0,3,1,application,231650,https://jobs.elastic.co/jobs?gh_jid=8074819&gh_jid=8074819
2026-07-28,ESTC,Elastic,Principal Software Engineer - Vector Search - Elasticsearch,Platform - Elasticsearch,United States,product_eng,staff_principal,0,3,1,application,231650,https://jobs.elastic.co/jobs?gh_jid=7843348&gh_jid=7843348
2026-07-28,ESTC,Elastic,Principal Software Engineer - Vector Search - Elasticsearch,Platform - Elasticsearch,Spain,product_eng,staff_principal,0,3,1,application,,https://jobs.elastic.co/jobs?gh_jid=8020844&gh_jid=8020844
2026-07-28,ESTC,Elastic,Principal Software Engineer - Vector Search - Elasticsearch,Platform - Elasticsearch,Greece,product_eng,staff_principal,0,3,1,application,,https://jobs.elastic.co/jobs?gh_jid=8020845&gh_jid=8020845
2026-07-28,ESTC,Elastic,Principal Software Engineer - Vector Search - Elasticsearch,Platform - Elasticsearch,Ireland,product_eng,staff_principal,0,3,1,application,,https://jobs.elastic.co/jobs?gh_jid=8020842&gh_jid=8020842
2026-07-28,ESTC,Elastic,Principal Software Engineer - Vector Search - Elasticsearch,Platform - Elasticsearch,Canada,product_eng,staff_principal,0,3,1,application,198800,https://jobs.elastic.co/jobs?gh_jid=7903238&gh_jid=7903238
2026-07-28,ESTC,Elastic,"Principal Solutions Architect, Security Specialist",SA - AMER - SIEM,Brazil,demand_validated,staff_principal,0,0,0,,,https://jobs.elastic.co/jobs?gh_jid=8011801&gh_jid=8011801
2026-07-28,ESTC,Elastic,"Principal Solutions Architect, Security Specialist",SA - AMER - SIEM,Mexico,demand_validated,staff_principal,0,0,0,,,https://jobs.elastic.co/jobs?gh_jid=8040943&gh_jid=8040943
2026-07-28,ESTC,Elastic,Procurement Operations Manager,Strategic Sourcing,"Bangalore, India",nontech,mid,0,3,1,application,,https://jobs.elastic.co/jobs?gh_jid=8028992&gh_jid=8028992
2026-07-28,ESTC,Elastic,"Program Manager, Revenue Journey Office",Sales Strategy & Operations,United States,nontech,mid,0,0,0,,154800,https://jobs.elastic.co/jobs?gh_jid=8047187&gh_jid=8047187
2026-07-28,ESTC,Elastic,"Program Manager, Revenue Journey Office",Sales Strategy & Operations,United States,nontech,mid,0,0,0,,164100,https://jobs.elastic.co/jobs?gh_jid=8068467&gh_jid=8068467
2026-07-28,ESTC,Elastic,Public Sector Account Executive (DWP) ,Sales - Public Sector - UKI,United Kingdom,demand_validated,mid,0,0,0,,,https://jobs.elastic.co/jobs?gh_jid=7728182&gh_jid=7728182
2026-07-28,ESTC,Elastic,Public Sector Account Executive (Education),Sales - Public Sector - UKI,"London, United Kingdom",demand_validated,mid,0,1,0,buzz,,https://jobs.elastic.co/jobs?gh_jid=8045325&gh_jid=8045325
2026-07-28,ESTC,Elastic,Public Sector Account Executive (NHS),Sales - Public Sector - UKI,United Kingdom,demand_validated,mid,0,1,0,buzz,,https://jobs.elastic.co/jobs?gh_jid=8026177&gh_jid=8026177
2026-07-28,ESTC,Elastic,Public Sector Marketing Manager (SLED),Regional Marketing - USPS,United States,nontech,mid,0,0,0,,154800,https://jobs.elastic.co/jobs?gh_jid=8044137&gh_jid=8044137
2026-07-28,ESTC,Elastic,Recruiting Coordinator,Recruiting Operations,Poland,nontech,mid,0,0,0,,,https://jobs.elastic.co/jobs?gh_jid=7766067&gh_jid=7766067
2026-07-28,ESTC,Elastic,Regional Vice President - Enterprise Expand East,Sales - AMER East,"New Jersey, United States",other,exec,0,0,0,,280550,https://jobs.elastic.co/jobs?gh_jid=8008459&gh_jid=8008459
2026-07-28,ESTC,Elastic,Revenue Analyst,Accounting,"Bangalore, India",other,mid,0,0,0,,,https://jobs.elastic.co/jobs?gh_jid=8054405&gh_jid=8054405
2026-07-28,ESTC,Elastic,Revenue Manager,Accounting,"Bangalore, India",other,mid,0,0,0,,,https://jobs.elastic.co/jobs?gh_jid=8041466&gh_jid=8041466
2026-07-28,ESTC,Elastic,Revenue Operations Specialist,Sales Strategy & Operations,"Barcelona, Spain",nontech,mid,0,0,0,,,https://jobs.elastic.co/jobs?gh_jid=8046246&gh_jid=8046246
2026-07-28,ESTC,Elastic,RVP - Search ,Sales - AMER - Security Specialists,United States,other,mid,0,5,1,application|buzz,224450,https://jobs.elastic.co/jobs?gh_jid=8068060&gh_jid=8068060
2026-07-28,ESTC,Elastic,Sales Compensation Manager,Accounting,Costa Rica,nontech,mid,0,0,0,,,https://jobs.elastic.co/jobs?gh_jid=8031519&gh_jid=8031519
2026-07-28,ESTC,Elastic,Sales Development Representative - Barcelona (Hybrid),0000: Pipeline,"Barcelona, Spain",nontech,mid,0,1,0,buzz,,https://jobs.elastic.co/jobs?gh_jid=8055111&gh_jid=8055111
2026-07-28,ESTC,Elastic,"Sales Development Representative Emerging Talent - Austin, TX On-Site",SDR - AMER,"Austin, TX",nontech,mid,0,0,0,,67700,https://jobs.elastic.co/jobs?gh_jid=6907907&gh_jid=6907907
2026-07-28,ESTC,Elastic,Sales Development Representative UK&I (English speaking),SDR - EMEA,"Barcelona, Spain",nontech,mid,0,1,0,buzz,,https://jobs.elastic.co/jobs?gh_jid=8035491&gh_jid=8035491
2026-07-28,ESTC,Elastic,Sales Sector Lead - Public Sector,Sales - Public Sector - UKI,United Kingdom,nontech,senior,0,0,0,,,https://jobs.elastic.co/jobs?gh_jid=8026173&gh_jid=8026173
2026-07-28,ESTC,Elastic,"SDR Manager (Federal) - Arlington, VA",SDR - USPS,"Arlington, VA",other,mid,0,0,0,,120400,https://jobs.elastic.co/jobs?gh_jid=8021424&gh_jid=8021424
2026-07-28,ESTC,Elastic,Senior Account Executive | Canada Ministry of National Defence,Sales - USPS DOD,Canada,demand_validated,senior,0,0,0,,,https://jobs.elastic.co/jobs?gh_jid=7866561&gh_jid=7866561
2026-07-28,ESTC,Elastic,Senior Go To Market Recruiter,Recruiters,United Kingdom,nontech,senior,0,0,0,,,https://jobs.elastic.co/jobs?gh_jid=8009973&gh_jid=8009973
2026-07-28,ESTC,Elastic,Senior Java Developer - Core/Infra - Elasticsearch,Platform - Elasticsearch,Canada,product_eng,senior,0,3,1,application,165650,https://jobs.elastic.co/jobs?gh_jid=8074285&gh_jid=8074285
2026-07-28,ESTC,Elastic,"Senior Java Developer - Distributed Systems, Serverless - Elasticsearch",Platform - Elasticsearch,Canada,product_eng,senior,0,0,0,,165650,https://jobs.elastic.co/jobs?gh_jid=7734579&gh_jid=7734579
2026-07-28,ESTC,Elastic,Senior Java Engineer - Core/Infra - Elasticsearch,Platform - Elasticsearch,United States,product_eng,senior,0,3,1,application,193000,https://jobs.elastic.co/jobs?gh_jid=8053886&gh_jid=8053886
2026-07-28,ESTC,Elastic,"Senior Java Engineer - Distributed Systems, Serverless - Elasticsearch",Platform - Elasticsearch,United States,product_eng,senior,0,0,0,,193000,https://jobs.elastic.co/jobs?gh_jid=7734567&gh_jid=7734567
2026-07-28,ESTC,Elastic,"Senior Java Engineer - Distributed Systems, Serverless - Elasticsearch",Platform - Elasticsearch,Romania,product_eng,senior,0,0,0,,,https://jobs.elastic.co/jobs?gh_jid=8001191&gh_jid=8001191
2026-07-28,ESTC,Elastic,"Senior Java Engineer - Distributed Systems, Serverless - Elasticsearch",Platform - Elasticsearch,Spain,product_eng,senior,0,0,0,,,https://jobs.elastic.co/jobs?gh_jid=8001192&gh_jid=8001192
2026-07-28,ESTC,Elastic,"Senior Java Engineer - Distributed Systems, Serverless - Elasticsearch",Platform - Elasticsearch,Greece,product_eng,senior,0,0,0,,,https://jobs.elastic.co/jobs?gh_jid=8001166&gh_jid=8001166
2026-07-28,ESTC,Elastic,"Senior Java Engineer - Distributed Systems, Serverless - Elasticsearch",Platform - Elasticsearch,Norway,product_eng,senior,0,0,0,,,https://jobs.elastic.co/jobs?gh_jid=8001189&gh_jid=8001189
2026-07-28,ESTC,Elastic,"Senior Java Engineer - Distributed Systems, Serverless - Elasticsearch",Platform - Elasticsearch,Portugal,product_eng,senior,0,0,0,,,https://jobs.elastic.co/jobs?gh_jid=8001190&gh_jid=8001190
2026-07-28,ESTC,Elastic,"Senior Java Engineer - Distributed Systems, Serverless - Elasticsearch",Platform - Elasticsearch,Ireland,product_eng,senior,0,0,0,,,https://jobs.elastic.co/jobs?gh_jid=8001186&gh_jid=8001186
2026-07-28,ESTC,Elastic,"Senior Lead, Cloud Billing Operations",Accounting,"Bangalore, India",nontech,senior,0,0,0,,,https://jobs.elastic.co/jobs?gh_jid=8030473&gh_jid=8030473
2026-07-28,ESTC,Elastic,"Senior Manager, Regional Sals",Sales - EMEA - UKI,United Kingdom,other,senior,0,0,0,,,https://jobs.elastic.co/jobs?gh_jid=7874677&gh_jid=7874677
2026-07-28,ESTC,Elastic,Senior Mid Market Account Executive,Sales - EMEA - UKI,United Kingdom,demand_validated,senior,0,1,0,buzz,,https://jobs.elastic.co/jobs?gh_jid=7988380&gh_jid=7988380
2026-07-28,ESTC,Elastic,Senior Partner Manager ANZ,Partners - APJ,"Sydney, Australia",other,senior,0,0,0,,,https://jobs.elastic.co/jobs?gh_jid=7732514&gh_jid=7732514
2026-07-28,ESTC,Elastic,"Senior Partner Manager, Korea",Partners - APJ,South Korea,other,senior,0,0,0,,,https://jobs.elastic.co/jobs?gh_jid=7995010&gh_jid=7995010
2026-07-28,ESTC,Elastic,"Senior Product Manager, Logs - Observability",Obs - Application Observability,Portugal,product_eng,senior,0,4,1,application|buzz,,https://jobs.elastic.co/jobs?gh_jid=8066512&gh_jid=8066512
2026-07-28,ESTC,Elastic,"Senior Product Manager, Logs - Observability",Obs - Application Observability,Ireland,product_eng,senior,0,4,1,application|buzz,,https://jobs.elastic.co/jobs?gh_jid=8066516&gh_jid=8066516
2026-07-28,ESTC,Elastic,"Senior Product Manager, Logs - Observability",Obs - Application Observability,Greece,product_eng,senior,0,4,1,application|buzz,,https://jobs.elastic.co/jobs?gh_jid=8066510&gh_jid=8066510
2026-07-28,ESTC,Elastic,"Senior Product Manager, Logs - Observability",Obs - Application Observability,Canada,product_eng,senior,0,4,1,application|buzz,165650,https://jobs.elastic.co/jobs?gh_jid=8066646&gh_jid=8066646
2026-07-28,ESTC,Elastic,"Senior Product Manager, Logs - Observability",Obs - Application Observability,Spain,product_eng,senior,0,4,1,application|buzz,,https://jobs.elastic.co/jobs?gh_jid=8066508&gh_jid=8066508
2026-07-28,ESTC,Elastic,"Senior Product Manager, Logs - Observability",Obs - Application Observability,United States,product_eng,senior,0,4,1,application|buzz,193000,https://jobs.elastic.co/jobs?gh_jid=8053907&gh_jid=8053907
2026-07-28,ESTC,Elastic,Senior Product Manager - Self service cloud,SSC,Spain,product_eng,senior,0,0,0,,,https://jobs.elastic.co/jobs?gh_jid=8028261&gh_jid=8028261
2026-07-28,ESTC,Elastic,Senior Product Manager - Self service cloud,SSC,Greece,product_eng,senior,0,0,0,,,https://jobs.elastic.co/jobs?gh_jid=8041202&gh_jid=8041202
2026-07-28,ESTC,Elastic,Senior Product Manager - Self service cloud,SSC,Ireland,product_eng,senior,0,0,0,,,https://jobs.elastic.co/jobs?gh_jid=8041203&gh_jid=8041203
2026-07-28,ESTC,Elastic,Senior Product Manager - Self service cloud,SSC,Portugal,product_eng,senior,0,0,0,,,https://jobs.elastic.co/jobs?gh_jid=8041208&gh_jid=8041208
2026-07-28,ESTC,Elastic,Senior Product Manager - Self service cloud,SSC,Hungary,product_eng,senior,0,0,0,,,https://jobs.elastic.co/jobs?gh_jid=8041209&gh_jid=8041209
2026-07-28,ESTC,Elastic,Senior Product Manager - Self service cloud,SSC,Norway,product_eng,senior,0,0,0,,,https://jobs.elastic.co/jobs?gh_jid=8041211&gh_jid=8041211
2026-07-28,ESTC,Elastic,"Senior Program Manager, Revenue Operations",Sales Strategy & Operations,Canada,nontech,senior,0,0,0,,142800,https://jobs.elastic.co/jobs?gh_jid=8047231&gh_jid=8047231
2026-07-28,ESTC,Elastic,Senior Software Developer - Security - Elasticsearch,Platform - Data and Compute,Canada,product_eng,senior,0,0,0,,165650,https://jobs.elastic.co/jobs?gh_jid=8082602&gh_jid=8082602
2026-07-28,ESTC,Elastic,Senior Software Developer - Storage Engine - Elasticsearch,Platform - Elasticsearch,Canada,product_eng,senior,0,3,1,application,165650,https://jobs.elastic.co/jobs?gh_jid=8074844&gh_jid=8074844
2026-07-28,ESTC,Elastic,Senior Software Engineer - Security - Elasticsearch,Platform - Data and Compute,United States,product_eng,senior,0,0,0,,193000,https://jobs.elastic.co/jobs?gh_jid=8082598&gh_jid=8082598
2026-07-28,ESTC,Elastic,Senior Software Engineer - Storage Engine - Elasticsearch,Platform - Elasticsearch,Norway,product_eng,senior,0,3,1,application,,https://jobs.elastic.co/jobs?gh_jid=8074895&gh_jid=8074895
2026-07-28,ESTC,Elastic,Senior Software Engineer - Storage Engine - Elasticsearch,Platform - Elasticsearch,United States,product_eng,senior,0,3,1,application,193000,https://jobs.elastic.co/jobs?gh_jid=8066491&gh_jid=8066491
2026-07-28,ESTC,Elastic,Senior Software Engineer - Storage Engine - Elasticsearch,Platform - Elasticsearch,Romania,product_eng,senior,0,3,1,application,,https://jobs.elastic.co/jobs?gh_jid=8074894&gh_jid=8074894
2026-07-28,ESTC,Elastic,Senior Software Engineer - Storage Engine - Elasticsearch,Platform - Elasticsearch,Portugal,product_eng,senior,0,3,1,application,,https://jobs.elastic.co/jobs?gh_jid=8074889&gh_jid=8074889
2026-07-28,ESTC,Elastic,Senior Software Engineer - Storage Engine - Elasticsearch,Platform - Elasticsearch,Greece,product_eng,senior,0,3,1,application,,https://jobs.elastic.co/jobs?gh_jid=8074886&gh_jid=8074886
2026-07-28,ESTC,Elastic,Senior Software Engineer - Storage Engine - Elasticsearch,Platform - Elasticsearch,Ireland,product_eng,senior,0,3,1,application,,https://jobs.elastic.co/jobs?gh_jid=8074854&gh_jid=8074854
2026-07-28,ESTC,Elastic,Senior Software Engineer - Storage Engine - Elasticsearch,Platform - Elasticsearch,Spain,product_eng,senior,0,3,1,application,,https://jobs.elastic.co/jobs?gh_jid=8074855&gh_jid=8074855
2026-07-28,ESTC,Elastic,Senior Solution Architect,SA - EMEA - North,Denmark,product_eng,senior,0,0,0,,,https://jobs.elastic.co/jobs?gh_jid=7817941&gh_jid=7817941
2026-07-28,ESTC,Elastic,"Senior Solution Architect, Mumbai",SA - APJ - India,"Mumbai, India",product_eng,senior,0,0,0,,,https://jobs.elastic.co/jobs?gh_jid=7817945&gh_jid=7817945
2026-07-28,ESTC,Elastic,Senior Solution Architect (Pre-sales),SA - EMEA - UKI,"London, United Kingdom",demand_validated,senior,0,0,0,,,https://jobs.elastic.co/jobs?gh_jid=7960049&gh_jid=7960049
2026-07-28,ESTC,Elastic,Senior Solution Architect - Public Sector,SA - EMEA - North,The Netherlands,product_eng,senior,0,0,0,,,https://jobs.elastic.co/jobs?gh_jid=7811848&gh_jid=7811848
2026-07-28,ESTC,Elastic,"Senior Solution Architect, Thailand",SA - APJ - ASEAN,Singapore,product_eng,senior,0,0,0,,,https://jobs.elastic.co/jobs?gh_jid=7817931&gh_jid=7817931
2026-07-28,ESTC,Elastic,Senior Solutions Architect - Federal Civilian,SA - USPS - Management and Support,"Arlington, VA",demand_validated,senior,0,0,0,,144450,https://jobs.elastic.co/jobs?gh_jid=8068023&gh_jid=8068023
2026-07-28,ESTC,Elastic,Senior Solutions Architect - Public Sector,SA - EMEA - North,Belgium,demand_validated,senior,0,0,0,,,https://jobs.elastic.co/jobs?gh_jid=7635520&gh_jid=7635520
2026-07-28,ESTC,Elastic,Senior Solutions Architect - Security Specialist,SA - EMEA - SIEM,Germany,demand_validated,senior,0,1,0,buzz,,https://jobs.elastic.co/jobs?gh_jid=7995039&gh_jid=7995039
2026-07-28,ESTC,Elastic,Senior Solutions Architect - SLED,SA - USPS SLED,"New York, United States",demand_validated,senior,0,0,0,,144450,https://jobs.elastic.co/jobs?gh_jid=7747112&gh_jid=7747112
2026-07-28,ESTC,Elastic,Senior Solutions Architect - SLED,SA - USPS SLED,"Massachusetts, United States",demand_validated,senior,0,0,0,,144450,https://jobs.elastic.co/jobs?gh_jid=7747631&gh_jid=7747631
2026-07-28,ESTC,Elastic,Software Engineer II - Full Stack - Web Engineering,Web and Localization,Greece,product_eng,mid,0,0,0,,,https://jobs.elastic.co/jobs?gh_jid=8080264&gh_jid=8080264
2026-07-28,ESTC,Elastic,Software Engineer II - Full Stack - Web Engineering,Web and Localization,Portugal,product_eng,mid,0,0,0,,,https://jobs.elastic.co/jobs?gh_jid=8080260&gh_jid=8080260
2026-07-28,ESTC,Elastic,Software Engineer II - Full Stack - Web Engineering,Web and Localization,Spain,product_eng,mid,0,0,0,,,https://jobs.elastic.co/jobs?gh_jid=8080263&gh_jid=8080263
2026-07-28,ESTC,Elastic,Solution Architect (Pre-sales),SA - EMEA - North,"Barcelona, Spain",demand_validated,mid,0,0,0,,,https://jobs.elastic.co/jobs?gh_jid=7811850&gh_jid=7811850
2026-07-28,ESTC,Elastic,Solutions Architect,SA - AMER - Canada,"Toronto, Canada",demand_validated,mid,0,0,0,,144450,https://jobs.elastic.co/jobs?gh_jid=8011777&gh_jid=8011777
2026-07-28,ESTC,Elastic,"Solutions Architect -  General Business, East (Presales)",SA - AMER - General Business,"Georgia, United States",demand_validated,mid,0,0,0,,120400,https://jobs.elastic.co/jobs?gh_jid=7939709&gh_jid=7939709
2026-07-28,ESTC,Elastic,"Solutions Architect - General Business, East (Presales)",SA - AMER - General Business,"Texas, United States",demand_validated,mid,0,0,0,,120400,https://jobs.elastic.co/jobs?gh_jid=7944199&gh_jid=7944199
2026-07-28,ESTC,Elastic,Solutions Architect - PreSales ,SA - EMEA - Central,Germany,demand_validated,mid,0,0,0,,,https://jobs.elastic.co/jobs?gh_jid=8035002&gh_jid=8035002
2026-07-28,ESTC,Elastic,"Sr Analyst, FP&A",Finance Team,"Bangalore, India",other,senior,0,1,0,buzz,,https://jobs.elastic.co/jobs?gh_jid=8034945&gh_jid=8034945
2026-07-28,ESTC,Elastic,Sr Analyst Indirect tax,Accounting,"Bangalore, India",other,senior,0,0,0,,,https://jobs.elastic.co/jobs?gh_jid=8031516&gh_jid=8031516
2026-07-28,ESTC,Elastic,"Sr Analyst Payroll, APJ",Accounting,"Bangalore, India",nontech,senior,0,0,0,,,https://jobs.elastic.co/jobs?gh_jid=8028990&gh_jid=8028990
2026-07-28,ESTC,Elastic,"Sr. Director, Enablement, Strategy & Partner Operations",Sales Strategy & Operations,United States,nontech,director,0,0,0,,290300,https://jobs.elastic.co/jobs?gh_jid=8068458&gh_jid=8068458
2026-07-28,ESTC,Elastic,"Sr. Director, Field Technology and AI",Sales Strategy & Operations,United States,other,director,1,16,1,application|buzz,307650,https://jobs.elastic.co/jobs?gh_jid=7954418&gh_jid=7954418
2026-07-28,ESTC,Elastic,"Sr. Director, Global Public Sector Marketing",Regional Marketing - USPS,United States,nontech,director,0,1,0,buzz,290300,https://jobs.elastic.co/jobs?gh_jid=8013219&gh_jid=8013219
2026-07-28,ESTC,Elastic,"Sr. Manager, ABM (Team Lead)",Regional Marketing - AMER,United States,other,senior,0,0,0,,154800,https://jobs.elastic.co/jobs?gh_jid=8067211&gh_jid=8067211
2026-07-28,ESTC,Elastic,"Sr. Manager, ABM (Team Lead)",Regional Marketing - AMER,Canada,other,senior,0,0,0,,123200,https://jobs.elastic.co/jobs?gh_jid=8009085&gh_jid=8009085
2026-07-28,ESTC,Elastic,"Sr. Solutions Architect - Enterprise Expand, West Coast (Presales)",SA - AMER - Enterprise West,"California, United States",demand_validated,senior,0,0,0,,144450,https://jobs.elastic.co/jobs?gh_jid=7663327&gh_jid=7663327
2026-07-28,ESTC,Elastic,Tax Manager,Accounting,United States,other,mid,0,0,0,,154800,https://jobs.elastic.co/jobs?gh_jid=7789289&gh_jid=7789289
2026-07-28,ESTC,Elastic,Tax Manager (EMEA & APJ) ,Accounting,Spain,other,mid,0,0,0,,,https://jobs.elastic.co/jobs?gh_jid=7991248&gh_jid=7991248
2026-07-28,ESTC,Elastic,Tax Manager (EMEA & APJ) ,Accounting,Ireland,other,mid,0,0,0,,,https://jobs.elastic.co/jobs?gh_jid=7988325&gh_jid=7988325
2026-07-28,ESTC,Elastic,Tax Manager (EMEA & APJ) ,Accounting,Hungary,other,mid,0,0,0,,,https://jobs.elastic.co/jobs?gh_jid=7991247&gh_jid=7991247
2026-07-28,ESTC,Elastic,Tax Manager (EMEA & APJ) ,Accounting,United Kingdom,other,mid,0,0,0,,,https://jobs.elastic.co/jobs?gh_jid=7991552&gh_jid=7991552
2026-07-28,ESTC,Elastic,Tax Manager (EMEA & APJ) ,Accounting,The Netherlands,other,mid,0,0,0,,,https://jobs.elastic.co/jobs?gh_jid=8002122&gh_jid=8002122
2026-07-28,ESTC,Elastic,"Tech Lead, Agent Framework - Observability",Obs - Logs,United States,other,senior,0,0,0,,231650,https://jobs.elastic.co/jobs?gh_jid=8071641&gh_jid=8071641
2026-07-28,ESTC,Elastic,"Tech Lead, Agent Framework - Observability",Obs - Logs,Spain,other,senior,0,0,0,,,https://jobs.elastic.co/jobs?gh_jid=8059920&gh_jid=8059920
2026-07-28,ESTC,Elastic,"Tech Lead, Agent Framework - Observability",Obs - Logs,Ireland,other,senior,0,0,0,,,https://jobs.elastic.co/jobs?gh_jid=8071620&gh_jid=8071620
2026-07-28,ESTC,Elastic,"Tech Lead, Agent Framework - Observability",Obs - Logs,Portugal,other,senior,0,0,0,,,https://jobs.elastic.co/jobs?gh_jid=8071582&gh_jid=8071582
2026-07-28,ESTC,Elastic,UK Commercial Counsel Public Sector,Legal - Corporate,United Kingdom,nontech,mid,0,0,0,,,https://jobs.elastic.co/jobs?gh_jid=8044321&gh_jid=8044321
2026-07-28,ESTC,Elastic,Video Creative Lead,Marketing Services,United States,other,senior,0,1,0,buzz,154800,https://jobs.elastic.co/jobs?gh_jid=8035675&gh_jid=8035675
2026-07-28,NET,Cloudflare,"Account Executive, SLED (Austin)",Field Sales,Distributed,demand_validated,mid,0,0,0,,,https://boards.greenhouse.io/cloudflare/jobs/7958059?gh_jid=7958059
2026-07-28,NET,Cloudflare,Accounts Payable Specialist,Accounting and Finance,In-Office,other,mid,0,1,0,buzz,,https://boards.greenhouse.io/cloudflare/jobs/8077075?gh_jid=8077075
2026-07-28,NET,Cloudflare,"AI Transformation Intern – Global Customer Engineering, Service Sales (Fall 2026)",University,In-Office,product_eng,intern,1,15,1,application|model_infra,,https://boards.greenhouse.io/cloudflare/jobs/8044395?gh_jid=8044395
2026-07-28,NET,Cloudflare,Brand Social Media Intern (Fall 2026),University,In-Office,nontech,intern,0,0,0,,,https://boards.greenhouse.io/cloudflare/jobs/8054093?gh_jid=8054093
2026-07-28,NET,Cloudflare,Business Development Representative,BDR,Hybrid,other,mid,0,0,0,,,https://boards.greenhouse.io/cloudflare/jobs/8078210?gh_jid=8078210
2026-07-28,NET,Cloudflare, Business Development Representative (BDR) ,BDR,Hybrid,other,mid,0,0,0,,76500,https://boards.greenhouse.io/cloudflare/jobs/6557318?gh_jid=6557318
2026-07-28,NET,Cloudflare," Business Development Representative (BDR), LATAM Spanish Speaking",BDR,Hybrid,other,mid,0,0,0,,,https://boards.greenhouse.io/cloudflare/jobs/7991345?gh_jid=7991345
2026-07-28,NET,Cloudflare,"Business Development Representative - Danish, Norwegian or Swedish Speaking",BDR,Hybrid,other,mid,0,0,0,,,https://boards.greenhouse.io/cloudflare/jobs/7657028?gh_jid=7657028
2026-07-28,NET,Cloudflare,Business Development Representative - Dutch Speaking,BDR,Hybrid,other,mid,0,0,0,,,https://boards.greenhouse.io/cloudflare/jobs/7883803?gh_jid=7883803
2026-07-28,NET,Cloudflare,Commercial Account Executive (German speaking),Mid Market,Hybrid,demand_validated,mid,0,0,0,,,https://boards.greenhouse.io/cloudflare/jobs/7478874?gh_jid=7478874
2026-07-28,NET,Cloudflare,"Commercial Account Executive, Saudi Arabia",Mid Market,Hybrid,demand_validated,mid,0,0,0,,,https://boards.greenhouse.io/cloudflare/jobs/8045313?gh_jid=8045313
2026-07-28,NET,Cloudflare,"Commercial Account Executive, UAE & Oman",Mid Market,Hybrid,demand_validated,mid,0,0,0,,,https://boards.greenhouse.io/cloudflare/jobs/8045292?gh_jid=8045292
2026-07-28,NET,Cloudflare,Corporate Finance Manager,Accounting and Finance,Hybrid,nontech,mid,0,0,0,,172500,https://boards.greenhouse.io/cloudflare/jobs/7456389?gh_jid=7456389
2026-07-28,NET,Cloudflare,"Country Director, India",Field Sales,Remote India,other,director,0,0,0,,,https://boards.greenhouse.io/cloudflare/jobs/7588061?gh_jid=7588061
2026-07-28,NET,Cloudflare,"Customer Engineer, India (Based in Mumbai)",Solution Engineering,Remote India,product_eng,mid,0,18,1,application,,https://boards.greenhouse.io/cloudflare/jobs/7955378?gh_jid=7955378
2026-07-28,NET,Cloudflare,"Customer Engineer (Pre-Sales), Korea (Based in Seoul)",Solution Engineering,Hybrid,demand_validated,mid,0,18,1,application,,https://boards.greenhouse.io/cloudflare/jobs/8027774?gh_jid=8027774
2026-07-28,NET,Cloudflare,Customer Experience Manager,Customer Renewals,Hybrid,other,mid,0,4,1,application|buzz,,https://boards.greenhouse.io/cloudflare/jobs/7988072?gh_jid=7988072
2026-07-28,NET,Cloudflare,Customer Experience Manager - French Speaking,Customer Renewals,Hybrid,other,mid,0,4,1,application|buzz,,https://boards.greenhouse.io/cloudflare/jobs/8063946?gh_jid=8063946
2026-07-28,NET,Cloudflare,Customer Experience Manager - Russian Speaking,Customer Renewals,Hybrid,other,mid,0,4,1,application|buzz,,https://boards.greenhouse.io/cloudflare/jobs/7241874?gh_jid=7241874
2026-07-28,NET,Cloudflare,Data Center Infrastructure Management (DCIM) Administrator - Infrastructure Operations,Infrastructure,Hybrid,nontech,mid,0,0,0,,,https://boards.greenhouse.io/cloudflare/jobs/7736431?gh_jid=7736431
2026-07-28,NET,Cloudflare,Data Scientist,Business Intelligence,In-Office,product_eng,mid,0,18,1,application|buzz|general_medium,,https://boards.greenhouse.io/cloudflare/jobs/8002300?gh_jid=8002300
2026-07-28,NET,Cloudflare,Deal Desk Engineer,Emerging Technology and Incubation,Hybrid,product_eng,mid,0,1,0,buzz,,https://boards.greenhouse.io/cloudflare/jobs/8059772?gh_jid=8059772
2026-07-28,NET,Cloudflare,Deal Desk Manager,Accounting and Finance,Hybrid,other,mid,0,14,1,application|buzz,,https://boards.greenhouse.io/cloudflare/jobs/8052464?gh_jid=8052464
2026-07-28,NET,Cloudflare,"Deal Desk Manager, EMEA",Accounting and Finance,Hybrid,other,mid,0,14,1,application|buzz,,https://boards.greenhouse.io/cloudflare/jobs/7544182?gh_jid=7544182
2026-07-28,NET,Cloudflare,Detection & Mitigation Engineer,Security,Hybrid,product_eng,mid,0,0,0,,,https://boards.greenhouse.io/cloudflare/jobs/7489019?gh_jid=7489019
2026-07-28,NET,Cloudflare,Digital Communications Director,Communications,Hybrid,nontech,director,0,0,0,,198500,https://boards.greenhouse.io/cloudflare/jobs/8049608?gh_jid=8049608
2026-07-28,NET,Cloudflare,Digital Customer Engineer,Solution Engineering,Hybrid,product_eng,mid,0,0,0,,,https://boards.greenhouse.io/cloudflare/jobs/8041034?gh_jid=8041034
2026-07-28,NET,Cloudflare,"Director, Customer Engineering",Solution Engineering,Hybrid or Remote,product_eng,director,0,3,1,application,,https://boards.greenhouse.io/cloudflare/jobs/8077424?gh_jid=8077424
2026-07-28,NET,Cloudflare,"Director, Developer GTM Finance",Accounting and Finance,Hybrid,product_eng,director,0,2,0,general_medium,279000,https://boards.greenhouse.io/cloudflare/jobs/8056660?gh_jid=8056660
2026-07-28,NET,Cloudflare,"Director, Enterprise Sales (AI & Digital Natives)",Field Sales,Hybrid,nontech,director,1,3,1,application,455500,https://boards.greenhouse.io/cloudflare/jobs/8051548?gh_jid=8051548
2026-07-28,NET,Cloudflare,"Director, Enterprise Sales (AI & Digital Natives)",Field Sales,Hybrid,nontech,director,1,3,1,application,455500,https://boards.greenhouse.io/cloudflare/jobs/8051547?gh_jid=8051547
2026-07-28,NET,Cloudflare,"Director, Enterprise Sales, Japan   ",Field Sales,Hybrid,nontech,director,0,0,0,,,https://boards.greenhouse.io/cloudflare/jobs/7374496?gh_jid=7374496
2026-07-28,NET,Cloudflare,"Director, Growth Sales (AI & Digital Natives) ",Field Sales,Distributed,nontech,director,1,0,0,,428500,https://boards.greenhouse.io/cloudflare/jobs/8039122?gh_jid=8039122
2026-07-28,NET,Cloudflare,Director of Developer Events,Emerging Technology and Incubation,In-Office,product_eng,director,0,3,1,application,231000,https://boards.greenhouse.io/cloudflare/jobs/7964809?gh_jid=7964809
2026-07-28,NET,Cloudflare,"Director of Talent Acquisition, APJC",People & Places,Hybrid,other,director,0,0,0,,,https://boards.greenhouse.io/cloudflare/jobs/8009131?gh_jid=8009131
2026-07-28,NET,Cloudflare,"Director, Strategic Finance & Investor Relations",Accounting and Finance,Hybrid,nontech,director,0,0,0,,232500,https://boards.greenhouse.io/cloudflare/jobs/8036150?gh_jid=8036150
2026-07-28,NET,Cloudflare,"Distributed Systems Engineer, Analytical Database Platform",Engineering,Hybrid,product_eng,mid,0,0,0,,,https://boards.greenhouse.io/cloudflare/jobs/7462799?gh_jid=7462799
2026-07-28,NET,Cloudflare,Distributed Systems Engineer - Data Platform - Analytics and Alerts,Engineering,Hybrid,product_eng,mid,0,0,0,,,https://boards.greenhouse.io/cloudflare/jobs/7462803?gh_jid=7462803
2026-07-28,NET,Cloudflare,"Distributed Systems Engineer - Data Platform (Delivery, Database, Retrieval)",Engineering,Hybrid,product_eng,mid,0,0,0,,,https://boards.greenhouse.io/cloudflare/jobs/7462801?gh_jid=7462801
2026-07-28,NET,Cloudflare,Distributed Systems Engineer - Data Platform - Logs and Audit Logs,Engineering,Hybrid,product_eng,mid,0,0,0,,,https://boards.greenhouse.io/cloudflare/jobs/7462802?gh_jid=7462802
2026-07-28,NET,Cloudflare,"Engineering Manager, Linux Team",Infrastructure,Hybrid,product_eng,mid,0,0,0,,236500,https://boards.greenhouse.io/cloudflare/jobs/7647474?gh_jid=7647474
2026-07-28,NET,Cloudflare,Engineering Manager - Security Platform,Infrastructure,Distributed; Hybrid,product_eng,mid,0,0,0,,,https://boards.greenhouse.io/cloudflare/jobs/8007815?gh_jid=8007815
2026-07-28,NET,Cloudflare,"Enterprise Customer Engineer, Singapore",Solution Engineering,Hybrid,product_eng,mid,0,18,1,application,,https://boards.greenhouse.io/cloudflare/jobs/7976246?gh_jid=7976246
2026-07-28,NET,Cloudflare,"Enterprise Customer Engineer, Thailand",Solution Engineering,Hybrid,product_eng,mid,0,18,1,application,,https://boards.greenhouse.io/cloudflare/jobs/7956846?gh_jid=7956846
2026-07-28,NET,Cloudflare,Field Solutions Engineer Brazil (US based),Solution Engineering,Hybrid,demand_validated,mid,0,3,0,buzz,,https://boards.greenhouse.io/cloudflare/jobs/7975427?gh_jid=7975427
2026-07-28,NET,Cloudflare,Forward Deployed Engineer,Developer Relations,Hybrid,demand_validated,mid,0,3,1,application,,https://boards.greenhouse.io/cloudflare/jobs/7778796?gh_jid=7778796
2026-07-28,NET,Cloudflare,Forward Deployed Engineer (FDE),Professional Services,Hybrid,demand_validated,mid,0,3,1,application,210000,https://boards.greenhouse.io/cloudflare/jobs/7572075?gh_jid=7572075
2026-07-28,NET,Cloudflare,"Forward Deployed Engineer, Professional Services",Professional Services,Hybrid,demand_validated,mid,0,0,0,,,https://boards.greenhouse.io/cloudflare/jobs/8025521?gh_jid=8025521
2026-07-28,NET,Cloudflare,"Forward Deployed Engineer, Professional Services",Professional Services,Hybrid,demand_validated,mid,0,0,0,,,https://boards.greenhouse.io/cloudflare/jobs/8050386?gh_jid=8050386
2026-07-28,NET,Cloudflare,Full Stack Engineer - Internal Audit,Accounting and Finance,Hybrid,product_eng,intern,0,4,1,application|buzz,,https://boards.greenhouse.io/cloudflare/jobs/8014902?gh_jid=8014902
2026-07-28,NET,Cloudflare,Global Payment Operations Lead,Accounting and Finance,Hybrid,nontech,senior,0,0,0,,,https://boards.greenhouse.io/cloudflare/jobs/8041131?gh_jid=8041131
2026-07-28,NET,Cloudflare,GRC Engineer,Security,Hybrid,product_eng,mid,0,7,1,application|buzz,,https://boards.greenhouse.io/cloudflare/jobs/8045914?gh_jid=8045914
2026-07-28,NET,Cloudflare,GTM Engineer,Sales Ops,Hybrid,product_eng,mid,0,1,0,buzz,232000,https://boards.greenhouse.io/cloudflare/jobs/7963860?gh_jid=7963860
2026-07-28,NET,Cloudflare,"Head of GTM, AI Inference",Developer Relations,Hybrid,other,exec,1,4,0,general_medium,,https://boards.greenhouse.io/cloudflare/jobs/7428796?gh_jid=7428796
2026-07-28,NET,Cloudflare,Incident Response Analyst - React,Security,In-Office,other,mid,0,0,0,,,https://boards.greenhouse.io/cloudflare/jobs/8025650?gh_jid=8025650
2026-07-28,NET,Cloudflare,Incident Response Analyst - REACT ,Security,Hybrid,other,mid,0,0,0,,,https://boards.greenhouse.io/cloudflare/jobs/8050511?gh_jid=8050511
2026-07-28,NET,Cloudflare,Incident Response Engineer - PhishGuard,Security,In-Office,product_eng,mid,0,6,1,application|buzz|general_medium,,https://boards.greenhouse.io/cloudflare/jobs/8037643?gh_jid=8037643
2026-07-28,NET,Cloudflare,Incident Response Engineer (SOC) - CMDC,Security,In-Office,product_eng,mid,0,0,0,,,https://boards.greenhouse.io/cloudflare/jobs/8037628?gh_jid=8037628
2026-07-28,NET,Cloudflare,Insider Threat Engineer,Security,Hybrid,product_eng,mid,0,0,0,,,https://boards.greenhouse.io/cloudflare/jobs/8064055?gh_jid=8064055
2026-07-28,NET,Cloudflare,Intelligence Production Lead,Security,Hybrid; In-Office,other,senior,0,6,1,application,190000,https://boards.greenhouse.io/cloudflare/jobs/8046137?gh_jid=8046137
2026-07-28,NET,Cloudflare,"Interconnection Manager, Network Strategy Americas",Strategy,Hybrid,other,mid,0,6,1,application,175000,https://boards.greenhouse.io/cloudflare/jobs/8046869?gh_jid=8046869
2026-07-28,NET,Cloudflare,Litigation Counsel,"Legal, Policy, Trust & Safety",Hybrid,nontech,mid,0,0,0,,178500,https://boards.greenhouse.io/cloudflare/jobs/7972472?gh_jid=7972472
2026-07-28,NET,Cloudflare,Machine Learning Engineer,Business Intelligence,In-Office,product_eng,mid,1,28,1,application|buzz|data_ml_ops|general_medium|model_infra,,https://boards.greenhouse.io/cloudflare/jobs/7581107?gh_jid=7581107
2026-07-28,NET,Cloudflare,"Major Account Executive, France",Field Sales,Hybrid,demand_validated,mid,0,0,0,,,https://boards.greenhouse.io/cloudflare/jobs/7552575?gh_jid=7552575
2026-07-28,NET,Cloudflare,"Manager, BDR - SAARC",BDR,Distributed,other,mid,0,0,0,,,https://boards.greenhouse.io/cloudflare/jobs/7756883?gh_jid=7756883
2026-07-28,NET,Cloudflare,"Manager, Customer Engineer, Associate Programs",Solution Engineering,Distributed,product_eng,mid,0,0,0,,,https://boards.greenhouse.io/cloudflare/jobs/7826916?gh_jid=7826916
2026-07-28,NET,Cloudflare,"Manager, Customer Engineering -  West",Solution Engineering,Distributed,product_eng,mid,0,0,0,,240000,https://boards.greenhouse.io/cloudflare/jobs/7520215?gh_jid=7520215
2026-07-28,NET,Cloudflare,Marketing Events and Campaigns Intern (Fall 2026),Marketing,In-Office,nontech,intern,0,3,1,application,,https://boards.greenhouse.io/cloudflare/jobs/8053546?gh_jid=8053546
2026-07-28,NET,Cloudflare,Marketing Strategy and Operations Lead ,Marketing,Hybrid,nontech,senior,0,0,0,,160000,https://boards.greenhouse.io/cloudflare/jobs/8030678?gh_jid=8030678
2026-07-28,NET,Cloudflare,"Models Deployment Engineer, AI Platform",Emerging Technology and Incubation,Hybrid,product_eng,mid,1,14,1,application|general_medium|model_infra,,https://boards.greenhouse.io/cloudflare/jobs/8028747?gh_jid=8028747
2026-07-28,NET,Cloudflare,Named Account Executive,Field Sales,Hybrid,demand_validated,mid,0,0,0,,,https://boards.greenhouse.io/cloudflare/jobs/6540163?gh_jid=6540163
2026-07-28,NET,Cloudflare,"Named Account Executive, FSI (Hong Kong)",Field Sales,Hybrid,demand_validated,mid,0,0,0,,,https://boards.greenhouse.io/cloudflare/jobs/7868936?gh_jid=7868936
2026-07-28,NET,Cloudflare,"Named Account Executive, Public Sector & Enterprise",Field Sales,Hybrid,demand_validated,mid,0,0,0,,,https://boards.greenhouse.io/cloudflare/jobs/7957142?gh_jid=7957142
2026-07-28,NET,Cloudflare,"Named Account Executive, Thailand",Field Sales,Hybrid,demand_validated,mid,0,0,0,,,https://boards.greenhouse.io/cloudflare/jobs/7783835?gh_jid=7783835
2026-07-28,NET,Cloudflare,"Network Acquisition Manager, APAC",Infrastructure,Hybrid,other,mid,0,3,1,application,,https://boards.greenhouse.io/cloudflare/jobs/8052843?gh_jid=8052843
2026-07-28,NET,Cloudflare,Network Reliability Engineer,Infrastructure,Hybrid,product_eng,mid,0,6,1,application,,https://boards.greenhouse.io/cloudflare/jobs/7649981?gh_jid=7649981
2026-07-28,NET,Cloudflare,Network Security Engineer,Customer Support,Hybrid,product_eng,mid,0,1,0,buzz,,https://boards.greenhouse.io/cloudflare/jobs/8081027?gh_jid=8081027
2026-07-28,NET,Cloudflare,Network Strategy Intern (Fall 2026),Strategy,In-Office,other,intern,0,0,0,,,https://boards.greenhouse.io/cloudflare/jobs/8013562?gh_jid=8013562
2026-07-28,NET,Cloudflare,Network Strategy Intern (Fall 2026),Strategy,In-Office,other,intern,0,0,0,,,https://boards.greenhouse.io/cloudflare/jobs/8031027?gh_jid=8031027
2026-07-28,NET,Cloudflare,"Partner Solutions Architect- Service Providers  Location New York, Atlanta, Charlotte, New Jersey and FL",Solution Engineering,Distributed,demand_validated,mid,0,9,1,application,,https://boards.greenhouse.io/cloudflare/jobs/8049820?gh_jid=8049820
2026-07-28,NET,Cloudflare,"Pre-Sales Customer Engineer, Digital Native",Solution Engineering,Hybrid,demand_validated,mid,0,18,1,application,,https://boards.greenhouse.io/cloudflare/jobs/7956851?gh_jid=7956851
2026-07-28,NET,Cloudflare,"Presales Customer Engineer, Enterprise (based in Melbourne)",Solution Engineering,Hybrid,demand_validated,mid,0,18,1,application,,https://boards.greenhouse.io/cloudflare/jobs/8076565?gh_jid=8076565
2026-07-28,NET,Cloudflare,"Presales Customer Engineer, Enterprise (Sydney)",Solution Engineering,Hybrid,demand_validated,mid,0,18,1,application,,https://boards.greenhouse.io/cloudflare/jobs/8076538?gh_jid=8076538
2026-07-28,NET,Cloudflare,"Pre-Sales Customer Engineer, Indonesia",Solution Engineering,Hybrid,demand_validated,mid,0,18,1,application,,https://boards.greenhouse.io/cloudflare/jobs/8052856?gh_jid=8052856
2026-07-28,NET,Cloudflare,"Principal Account Executive, SLED West (R1 Institutions and Higher Ed) ",Field Sales,Distributed,demand_validated,staff_principal,0,0,0,,,https://boards.greenhouse.io/cloudflare/jobs/7958083?gh_jid=7958083
2026-07-28,NET,Cloudflare,Principal Engineer - Cloudforce One,Security,Hybrid,product_eng,staff_principal,0,3,1,application,,https://boards.greenhouse.io/cloudflare/jobs/8023395?gh_jid=8023395
2026-07-28,NET,Cloudflare,"Principal Finance Partner, Revenue & Strategic Modeling",Accounting and Finance,Hybrid,nontech,staff_principal,0,3,1,application,211000,https://boards.greenhouse.io/cloudflare/jobs/8003273?gh_jid=8003273
2026-07-28,NET,Cloudflare,"Principal Partner Account Manager - Service Provider, APAC (Based in Singapore)",Partnerships,Hybrid,other,staff_principal,0,0,0,,,https://boards.greenhouse.io/cloudflare/jobs/7573757?gh_jid=7573757
2026-07-28,NET,Cloudflare,"Principal Partner Solutions Engineer, SAARC (Based in Bangalore)",Solution Engineering,Hybrid or Remote,demand_validated,staff_principal,0,9,1,application,,https://boards.greenhouse.io/cloudflare/jobs/8024889?gh_jid=8024889
2026-07-28,NET,Cloudflare,Principal People Team Business Partner - GTM,People & Places,Hybrid,other,staff_principal,0,0,0,,209500,https://boards.greenhouse.io/cloudflare/jobs/8016561?gh_jid=8016561
2026-07-28,NET,Cloudflare,Principal People Team Business Partner - M&A / Strategy,People & Places,Hybrid,other,staff_principal,0,0,0,,209500,https://boards.greenhouse.io/cloudflare/jobs/8000779?gh_jid=8000779
2026-07-28,NET,Cloudflare,Principal People Team Business Partner - R&D,People & Places,Hybrid,other,staff_principal,0,0,0,,217500,https://boards.greenhouse.io/cloudflare/jobs/7567848?gh_jid=7567848
2026-07-28,NET,Cloudflare,Principal Sales Operations & Strategy Manager - Renewals & Business Development Teams,Sales Ops,Hybrid,nontech,staff_principal,0,1,0,buzz,,https://boards.greenhouse.io/cloudflare/jobs/8036837?gh_jid=8036837
2026-07-28,NET,Cloudflare,"Principal Software Engineer: Distributed Systems (Config, Test, & Deployment)",Infrastructure,Hybrid,product_eng,staff_principal,0,3,1,application,244000,https://boards.greenhouse.io/cloudflare/jobs/8038898?gh_jid=8038898
2026-07-28,NET,Cloudflare,"Principal Software Engineer, Workers Deploy & Config",Emerging Technology and Incubation,In-Office,product_eng,staff_principal,0,3,1,application,261500,https://boards.greenhouse.io/cloudflare/jobs/8055320?gh_jid=8055320
2026-07-28,NET,Cloudflare,Principal Solutions Architect - APAC,Solution Engineering,Hybrid,demand_validated,staff_principal,0,0,0,,,https://boards.greenhouse.io/cloudflare/jobs/8040851?gh_jid=8040851
2026-07-28,NET,Cloudflare,"Principal Strategy Manager, Developer Acquisitions",Developer Relations,Hybrid,product_eng,staff_principal,0,0,0,,223500,https://boards.greenhouse.io/cloudflare/jobs/8022491?gh_jid=8022491
2026-07-28,NET,Cloudflare,"Principal Strategy Manager, Developer GTM Growth",Developer Relations,Hybrid,product_eng,staff_principal,0,5,1,application|general_medium,223500,https://boards.greenhouse.io/cloudflare/jobs/8021957?gh_jid=8021957
2026-07-28,NET,Cloudflare,Principal Systems Engineer - Internal GTM Tools,Developer Relations,Hybrid,product_eng,intern,0,0,0,,,https://boards.greenhouse.io/cloudflare/jobs/8054669?gh_jid=8054669
2026-07-28,NET,Cloudflare,Product Counsel,"Legal, Policy, Trust & Safety",Hybrid,nontech,mid,0,2,0,general_medium,178500,https://boards.greenhouse.io/cloudflare/jobs/8028310?gh_jid=8028310
2026-07-28,NET,Cloudflare,"Product Manager, AI Access",Product,Hybrid,product_eng,mid,1,6,1,application,165000,https://boards.greenhouse.io/cloudflare/jobs/7904142?gh_jid=7904142
2026-07-28,NET,Cloudflare,Product Security Engineer,Security,In-Office,product_eng,mid,0,3,1,application,,https://boards.greenhouse.io/cloudflare/jobs/8053116?gh_jid=8053116
2026-07-28,NET,Cloudflare,Professional Services Intern – Global Customer Services (Fall 2026),University,In-Office,demand_validated,intern,0,12,1,application|model_infra,,https://boards.greenhouse.io/cloudflare/jobs/7796077?gh_jid=7796077
2026-07-28,NET,Cloudflare,Professional Services Project Manager,Professional Services,Hybrid,demand_validated,mid,0,0,0,,,https://boards.greenhouse.io/cloudflare/jobs/8050384?gh_jid=8050384
2026-07-28,NET,Cloudflare,Response Engineer - PhishGuard,Security,Hybrid,product_eng,mid,0,6,1,application|buzz|general_medium,,https://boards.greenhouse.io/cloudflare/jobs/8041746?gh_jid=8041746
2026-07-28,NET,Cloudflare,"Sales Director, Majors (TOLA)",Sales,Hybrid,nontech,director,0,1,0,buzz,440000,https://boards.greenhouse.io/cloudflare/jobs/7983529?gh_jid=7983529
2026-07-28,NET,Cloudflare,Sales Project Manager Intern (AI Innovation) (Fall 2026),University,In-Office,nontech,intern,1,0,0,,,https://boards.greenhouse.io/cloudflare/jobs/8020830?gh_jid=8020830
2026-07-28,NET,Cloudflare,"Senior Account Executive, LATAM",Field Sales,Hybrid,demand_validated,senior,0,0,0,,,https://boards.greenhouse.io/cloudflare/jobs/7839183?gh_jid=7839183
2026-07-28,NET,Cloudflare,"Senior Account Executive, Startups (Bay Area)",Mid Market,Hybrid,demand_validated,senior,0,0,0,,285000,https://boards.greenhouse.io/cloudflare/jobs/7867139?gh_jid=7867139
2026-07-28,NET,Cloudflare,"Senior Account Executive, Startups (Denver)",Mid Market,Distributed,demand_validated,senior,0,0,0,,252000,https://boards.greenhouse.io/cloudflare/jobs/7875143?gh_jid=7875143
2026-07-28,NET,Cloudflare,"Senior Account Executive, Start-ups (NYC OR Boston)",Mid Market,Hybrid,demand_validated,senior,0,0,0,,277500,https://boards.greenhouse.io/cloudflare/jobs/7681220?gh_jid=7681220
2026-07-28,NET,Cloudflare,"Senior Account Executive, Startups(NYC OR Boston)",Mid Market,Hybrid,demand_validated,senior,0,0,0,,277500,https://boards.greenhouse.io/cloudflare/jobs/7872031?gh_jid=7872031
2026-07-28,NET,Cloudflare,"Senior Account Executive, Startups (San Francisco)",Mid Market,Hybrid,demand_validated,senior,0,0,0,,285000,https://boards.greenhouse.io/cloudflare/jobs/8015719?gh_jid=8015719
2026-07-28,NET,Cloudflare,Senior Administrative Assistant,Admin,Hybrid,nontech,senior,0,0,0,,,https://boards.greenhouse.io/cloudflare/jobs/8029371?gh_jid=8029371
2026-07-28,NET,Cloudflare,Senior Administrative Assistant - Floater,Admin,Hybrid,nontech,senior,0,0,0,,94500,https://boards.greenhouse.io/cloudflare/jobs/7635977?gh_jid=7635977
2026-07-28,NET,Cloudflare,Senior Atlassian System Admin,Infrastructure,Hybrid,other,senior,0,0,0,,,https://boards.greenhouse.io/cloudflare/jobs/7641930?gh_jid=7641930
2026-07-28,NET,Cloudflare,Senior Cloudflare One GTM Specialist,Product Specialist,Distributed,other,senior,0,0,0,,,https://boards.greenhouse.io/cloudflare/jobs/7534033?gh_jid=7534033
2026-07-28,NET,Cloudflare,Senior Customer Engineer ,Solution Engineering,Hybrid,product_eng,senior,0,3,0,buzz,,https://boards.greenhouse.io/cloudflare/jobs/8018980?gh_jid=8018980
2026-07-28,NET,Cloudflare,Senior Customer Engineer-  (AI & Start-Ups). Los Angeles ,Solution Engineering,Hybrid,product_eng,senior,1,12,1,application|buzz|general_medium,,https://boards.greenhouse.io/cloudflare/jobs/8075795?gh_jid=8075795
2026-07-28,NET,Cloudflare,Senior Customer Engineer-  (AI & Start-Ups). San Francisco only.,Solution Engineering,Hybrid,product_eng,senior,1,12,1,application|buzz|general_medium,,https://boards.greenhouse.io/cloudflare/jobs/7521551?gh_jid=7521551
2026-07-28,NET,Cloudflare,Senior Customer Engineer - Brazil (US based),Solution Engineering,Distributed,product_eng,senior,0,0,0,,,https://boards.greenhouse.io/cloudflare/jobs/7956799?gh_jid=7956799
2026-07-28,NET,Cloudflare,Senior Customer Engineer - Calgary,Solution Engineering,Distributed,product_eng,senior,0,18,1,application,,https://boards.greenhouse.io/cloudflare/jobs/7778747?gh_jid=7778747
2026-07-28,NET,Cloudflare,"Senior Customer Engineer, Digital Native Enterprise - Bay Area",Solution Engineering,Hybrid,product_eng,senior,0,13,1,application|buzz,260500,https://boards.greenhouse.io/cloudflare/jobs/8077614?gh_jid=8077614
2026-07-28,NET,Cloudflare,"Senior Customer Engineer, Digital Native Enterprise - New York",Solution Engineering,Hybrid,product_eng,senior,0,13,1,application|buzz,240000,https://boards.greenhouse.io/cloudflare/jobs/8080187?gh_jid=8080187
2026-07-28,NET,Cloudflare,"Senior Customer Engineer, Digital Native Enterprise - West",Solution Engineering,Hybrid,product_eng,senior,0,13,1,application|buzz,260500,https://boards.greenhouse.io/cloudflare/jobs/8078129?gh_jid=8078129
2026-07-28,NET,Cloudflare,"Senior Customer Engineer, Majors",Solution Engineering,Distributed,product_eng,senior,0,18,1,application,238500,https://boards.greenhouse.io/cloudflare/jobs/7374554?gh_jid=7374554
2026-07-28,NET,Cloudflare,"Senior Customer Engineer, Majors - Detroit, MI",Solution Engineering,Distributed,product_eng,senior,0,18,1,application,,https://boards.greenhouse.io/cloudflare/jobs/8078323?gh_jid=8078323
2026-07-28,NET,Cloudflare,"Senior Customer Engineer, Majors - NYC",Solution Engineering,Distributed,product_eng,senior,0,18,1,application,263000,https://boards.greenhouse.io/cloudflare/jobs/7980647?gh_jid=7980647
2026-07-28,NET,Cloudflare,"Senior Customer Engineer, Majors, Philadelphia or Pittsburgh ",Solution Engineering,Distributed,product_eng,senior,0,18,1,application,,https://boards.greenhouse.io/cloudflare/jobs/7520051?gh_jid=7520051
2026-07-28,NET,Cloudflare,"Senior Customer Engineer, Majors, Raleigh, NC",Solution Engineering,Distributed,product_eng,senior,0,18,1,application,,https://boards.greenhouse.io/cloudflare/jobs/7864156?gh_jid=7864156
2026-07-28,NET,Cloudflare,"Senior Customer Engineer, Majors, San Francisco",Solution Engineering,Hybrid,product_eng,senior,0,18,1,application,285000,https://boards.greenhouse.io/cloudflare/jobs/7551589?gh_jid=7551589
2026-07-28,NET,Cloudflare,"Senior Customer Engineer, Named - Cincinnati, OH",Solution Engineering,Distributed,product_eng,senior,0,18,1,application,,https://boards.greenhouse.io/cloudflare/jobs/7954702?gh_jid=7954702
2026-07-28,NET,Cloudflare,"Senior Customer Engineer, Named - NYC",Solution Engineering,Distributed,product_eng,senior,0,18,1,application,263000,https://boards.greenhouse.io/cloudflare/jobs/7518699?gh_jid=7518699
2026-07-28,NET,Cloudflare,Senior Customer Engineer - New England,Solution Engineering,Distributed,product_eng,senior,0,18,1,application,263000,https://boards.greenhouse.io/cloudflare/jobs/7518670?gh_jid=7518670
2026-07-28,NET,Cloudflare,Senior Customer Engineer - San Francisco,Solution Engineering,Hybrid,product_eng,senior,0,18,1,application,290000,https://boards.greenhouse.io/cloudflare/jobs/8075765?gh_jid=8075765
2026-07-28,NET,Cloudflare,"Senior Customer Engineer, Territory - North East",Solution Engineering,Hybrid,product_eng,senior,0,3,1,application,240000,https://boards.greenhouse.io/cloudflare/jobs/8082781?gh_jid=8082781
2026-07-28,NET,Cloudflare,"Senior Customer Engineer, Web3 (Pre-sales)",Solution Engineering,Hybrid,demand_validated,senior,0,18,1,application,,https://boards.greenhouse.io/cloudflare/jobs/7953656?gh_jid=7953656
2026-07-28,NET,Cloudflare,Senior Customer Reliability Engineer,Customer Support,Hybrid,product_eng,senior,0,3,1,application,,https://boards.greenhouse.io/cloudflare/jobs/8037611?gh_jid=8037611
2026-07-28,NET,Cloudflare,Senior Data Engineer,Engineering,In-Office,product_eng,senior,0,13,1,application|buzz,,https://boards.greenhouse.io/cloudflare/jobs/8055118?gh_jid=8055118
2026-07-28,NET,Cloudflare,Senior Data Engineer,Business Intelligence,In-Office,product_eng,senior,0,13,1,application|buzz,,https://boards.greenhouse.io/cloudflare/jobs/8007032?gh_jid=8007032
2026-07-28,NET,Cloudflare,Senior Data Scientist,Business Intelligence,Hybrid,product_eng,senior,0,18,1,application|buzz|general_medium,,https://boards.greenhouse.io/cloudflare/jobs/7655695?gh_jid=7655695
2026-07-28,NET,Cloudflare,"Senior Data Scientist, Detection",Engineering,Hybrid,product_eng,senior,0,7,1,application|buzz|general_medium,208000,https://boards.greenhouse.io/cloudflare/jobs/8042547?gh_jid=8042547
2026-07-28,NET,Cloudflare,Senior Design Engineer,Emerging Technology and Incubation,Hybrid,product_eng,senior,0,0,0,,,https://boards.greenhouse.io/cloudflare/jobs/6998777?gh_jid=6998777
2026-07-28,NET,Cloudflare,"Senior Digital Native Named Account Executive, SoCal",Field Sales,Distributed,demand_validated,senior,0,0,0,,299000,https://boards.greenhouse.io/cloudflare/jobs/8044090?gh_jid=8044090
2026-07-28,NET,Cloudflare,"Senior Director, Executive Communications",Communications,Hybrid,nontech,director,0,1,0,buzz,268000,https://boards.greenhouse.io/cloudflare/jobs/8075719?gh_jid=8075719
2026-07-28,NET,Cloudflare,"Senior Director, Field Marketing, APAC",Marketing,Hybrid,nontech,director,0,4,1,application|buzz,,https://boards.greenhouse.io/cloudflare/jobs/7955374?gh_jid=7955374
2026-07-28,NET,Cloudflare,"Senior Director, Partner Sales - Japan (Based in Tokyo)",CAM,Hybrid,nontech,director,0,0,0,,,https://boards.greenhouse.io/cloudflare/jobs/7844485?gh_jid=7844485
2026-07-28,NET,Cloudflare,Senior Distributed Systems Engineer,Engineering,In-Office,product_eng,senior,0,0,0,,,https://boards.greenhouse.io/cloudflare/jobs/8066716?gh_jid=8066716
2026-07-28,NET,Cloudflare,Senior Employee Relations Partner,People & Places,Hybrid,other,senior,0,0,0,,,https://boards.greenhouse.io/cloudflare/jobs/7990300?gh_jid=7990300
2026-07-28,NET,Cloudflare,"Senior Engineering Manager, AI Gateway",Emerging Technology and Incubation,In-Office,product_eng,senior,1,10,1,application|data_ml_ops|general_medium,,https://boards.greenhouse.io/cloudflare/jobs/7997706?gh_jid=7997706
2026-07-28,NET,Cloudflare,Senior Engineering Manager - Cloudforce One,Security,Hybrid,product_eng,senior,0,3,1,application,,https://boards.greenhouse.io/cloudflare/jobs/8020472?gh_jid=8020472
2026-07-28,NET,Cloudflare,Senior Enterprise Account Executive - Brazil,Field Sales,Hybrid,demand_validated,senior,0,0,0,,,https://boards.greenhouse.io/cloudflare/jobs/7826565?gh_jid=7826565
2026-07-28,NET,Cloudflare,Senior Forward Deployed Engineer,Developer Relations,Hybrid,demand_validated,senior,0,3,1,application,230000,https://boards.greenhouse.io/cloudflare/jobs/8082556?gh_jid=8082556
2026-07-28,NET,Cloudflare,Senior Global Physical Security Specialist,Security,In-Office,other,senior,0,0,0,,,https://boards.greenhouse.io/cloudflare/jobs/8025514?gh_jid=8025514
2026-07-28,NET,Cloudflare,Senior Machine Learning Engineer,Business Intelligence,Hybrid,product_eng,senior,1,48,1,application|buzz|data_ml_ops|general_medium|model_infra,,https://boards.greenhouse.io/cloudflare/jobs/8042034?gh_jid=8042034
2026-07-28,NET,Cloudflare,Senior Machine Learning Engineer,Emerging Technology and Incubation,Hybrid,product_eng,senior,1,31,1,application|buzz|general_medium|model_infra,,https://boards.greenhouse.io/cloudflare/jobs/8043974?gh_jid=8043974
2026-07-28,NET,Cloudflare,Senior Majors Account Executive - Dallas,Sales,Hybrid,demand_validated,senior,0,0,0,,,https://boards.greenhouse.io/cloudflare/jobs/8084082?gh_jid=8084082
2026-07-28,NET,Cloudflare,Senior Majors Account Executive - Houston,Sales,Hybrid,demand_validated,senior,0,0,0,,350000,https://boards.greenhouse.io/cloudflare/jobs/7773428?gh_jid=7773428
2026-07-28,NET,Cloudflare,Senior Majors Account Executive - Houston,Sales,Hybrid,demand_validated,senior,0,0,0,,,https://boards.greenhouse.io/cloudflare/jobs/8083770?gh_jid=8083770
2026-07-28,NET,Cloudflare,"Senior Majors Account Executive (IBM), New York",Sales,Hybrid,demand_validated,senior,0,0,0,,355000,https://boards.greenhouse.io/cloudflare/jobs/8088881?gh_jid=8088881
2026-07-28,NET,Cloudflare,Senior Majors Account Executive - New Jersey,Sales,Hybrid,demand_validated,senior,0,0,0,,365000,https://boards.greenhouse.io/cloudflare/jobs/7535109?gh_jid=7535109
2026-07-28,NET,Cloudflare,Senior Majors Account Executive - Pittsburgh,Sales,Hybrid,demand_validated,senior,0,0,0,,360000,https://boards.greenhouse.io/cloudflare/jobs/7793581?gh_jid=7793581
2026-07-28,NET,Cloudflare,"Senior Majors Account Executive - San Francisco, Bay Area",Sales,Hybrid,demand_validated,senior,0,0,0,,340000,https://boards.greenhouse.io/cloudflare/jobs/7361295?gh_jid=7361295
2026-07-28,NET,Cloudflare,"Senior Majors Account Executive - St. Louis, MO",Sales,Hybrid,demand_validated,senior,0,0,0,,335000,https://boards.greenhouse.io/cloudflare/jobs/7960579?gh_jid=7960579
2026-07-28,NET,Cloudflare,"Senior Majors Account Executive, Toronto ",Field Sales,Distributed,demand_validated,senior,0,1,0,buzz,,https://boards.greenhouse.io/cloudflare/jobs/7474034?gh_jid=7474034
2026-07-28,NET,Cloudflare,"Senior Manager, Customer Engineering, India",Solution Engineering,Remote India,product_eng,senior,0,9,1,application,,https://boards.greenhouse.io/cloudflare/jobs/8020043?gh_jid=8020043
2026-07-28,NET,Cloudflare,"Senior Manager, Solutions Engineering",Solution Engineering,Distributed,demand_validated,senior,0,0,0,,,https://boards.greenhouse.io/cloudflare/jobs/7493333?gh_jid=7493333
2026-07-28,NET,Cloudflare,"Senior Manager, Solutions Engineering Pre-Sales, Northern Europe",Solution Engineering,Distributed,demand_validated,senior,0,0,0,,,https://boards.greenhouse.io/cloudflare/jobs/7439830?gh_jid=7439830
2026-07-28,NET,Cloudflare," Senior Manager, Territory Sales (Based in Tokyo)",Mid Market,"Tokyo, Japan",nontech,senior,0,0,0,,,https://boards.greenhouse.io/cloudflare/jobs/7767743?gh_jid=7767743
2026-07-28,NET,Cloudflare,Senior Named Account Executive,Field Sales,Hybrid,demand_validated,senior,0,0,0,,,https://boards.greenhouse.io/cloudflare/jobs/7978921?gh_jid=7978921
2026-07-28,NET,Cloudflare,Senior Named Account Executive,Field Sales,Hybrid,demand_validated,senior,0,0,0,,,https://boards.greenhouse.io/cloudflare/jobs/8071416?gh_jid=8071416
2026-07-28,NET,Cloudflare,Senior Named Account Executive (AI & Digital Natives),Field Sales,Hybrid,demand_validated,senior,1,0,0,,314500,https://boards.greenhouse.io/cloudflare/jobs/8089141?gh_jid=8089141
2026-07-28,NET,Cloudflare,Senior Named Account Executive (Austin/Houston),Field Sales,Distributed,demand_validated,senior,0,0,0,,,https://boards.greenhouse.io/cloudflare/jobs/7799240?gh_jid=7799240
2026-07-28,NET,Cloudflare,"Senior Named Account Executive, Benelux",Field Sales,Hybrid,demand_validated,senior,0,0,0,,,https://boards.greenhouse.io/cloudflare/jobs/7866619?gh_jid=7866619
2026-07-28,NET,Cloudflare,"Senior Named Account Executive, Bengaluru",Field Sales,Hybrid,demand_validated,senior,0,0,0,,,https://boards.greenhouse.io/cloudflare/jobs/7405115?gh_jid=7405115
2026-07-28,NET,Cloudflare,"Senior Named Account Executive, Boston",Field Sales,Hybrid,demand_validated,senior,0,0,0,,314500,https://boards.greenhouse.io/cloudflare/jobs/7842776?gh_jid=7842776
2026-07-28,NET,Cloudflare,Senior Named Account Executive -Digital Native,Sales,Hybrid,demand_validated,senior,0,0,0,,,https://boards.greenhouse.io/cloudflare/jobs/8044712?gh_jid=8044712
2026-07-28,NET,Cloudflare,"Senior Named Account Executive, Digital Natives",Field Sales,Hybrid,demand_validated,senior,0,0,0,,,https://boards.greenhouse.io/cloudflare/jobs/7857793?gh_jid=7857793
2026-07-28,NET,Cloudflare,"Senior Named Account Executive, Emerging Markets",Field Sales,Hybrid,demand_validated,senior,0,0,0,,,https://boards.greenhouse.io/cloudflare/jobs/8081326?gh_jid=8081326
2026-07-28,NET,Cloudflare,"Senior Named Account Executive, FedCiv",Field Sales,Hybrid,demand_validated,senior,0,0,0,,319500,https://boards.greenhouse.io/cloudflare/jobs/7695702?gh_jid=7695702
2026-07-28,NET,Cloudflare,"Senior Named Account Executive, Federal (COCOM/STRATCOM/TRANSCOM)",Field Sales,Distributed,demand_validated,senior,0,0,0,,370000,https://boards.greenhouse.io/cloudflare/jobs/8019052?gh_jid=8019052
2026-07-28,NET,Cloudflare,"Senior Named Account Executive, Houston",Field Sales,Distributed,demand_validated,senior,0,0,0,,,https://boards.greenhouse.io/cloudflare/jobs/7991283?gh_jid=7991283
2026-07-28,NET,Cloudflare,"Senior Named Account Executive, Idaho",Field Sales,Distributed,demand_validated,senior,0,0,0,,301000,https://boards.greenhouse.io/cloudflare/jobs/8067630?gh_jid=8067630
2026-07-28,NET,Cloudflare,"Senior Named Account Executive, Japan",Field Sales,Hybrid,demand_validated,senior,0,0,0,,,https://boards.greenhouse.io/cloudflare/jobs/7421718?gh_jid=7421718
2026-07-28,NET,Cloudflare,"Senior Named Account Executive, Las Vegas",Sales,Hybrid,demand_validated,senior,0,0,0,,290000,https://boards.greenhouse.io/cloudflare/jobs/7807860?gh_jid=7807860
2026-07-28,NET,Cloudflare,"Senior Named Account Executive, Melbourne",Sales,Distributed; Hybrid,demand_validated,senior,0,0,0,,,https://boards.greenhouse.io/cloudflare/jobs/8037985?gh_jid=8037985
2026-07-28,NET,Cloudflare,"Senior Named Account Executive, Minneapolis",Field Sales,Distributed,demand_validated,senior,0,0,0,,287000,https://boards.greenhouse.io/cloudflare/jobs/8082742?gh_jid=8082742
2026-07-28,NET,Cloudflare,"Senior Named Account Executive, Montreal",Field Sales,Distributed,demand_validated,senior,0,0,0,,,https://boards.greenhouse.io/cloudflare/jobs/8024272?gh_jid=8024272
2026-07-28,NET,Cloudflare,"Senior Named Account Executive, Nordics",Field Sales,Distributed,demand_validated,senior,0,0,0,,,https://boards.greenhouse.io/cloudflare/jobs/7668318?gh_jid=7668318
2026-07-28,NET,Cloudflare,"Senior Named Account Executive, Public Sector, Canada",Field Sales,Distributed,demand_validated,senior,0,0,0,,,https://boards.greenhouse.io/cloudflare/jobs/7668594?gh_jid=7668594
2026-07-28,NET,Cloudflare,"Senior Named Account Executive (Public Sector - Federal), Canberra",Sales,Distributed,demand_validated,senior,0,0,0,,,https://boards.greenhouse.io/cloudflare/jobs/7937299?gh_jid=7937299
2026-07-28,NET,Cloudflare,"Senior Named Account Executive, Salt Lake City ",Field Sales,Distributed,demand_validated,senior,0,0,0,,301000,https://boards.greenhouse.io/cloudflare/jobs/7943582?gh_jid=7943582
2026-07-28,NET,Cloudflare,"Senior Named Account Executive, Spain",Field Sales,Hybrid,demand_validated,senior,0,0,0,,,https://boards.greenhouse.io/cloudflare/jobs/7272028?gh_jid=7272028
2026-07-28,NET,Cloudflare,"Senior Named Account Executive, Western Michigan ",Field Sales,Distributed,demand_validated,senior,0,0,0,,287000,https://boards.greenhouse.io/cloudflare/jobs/7947904?gh_jid=7947904
2026-07-28,NET,Cloudflare,Senior Network Engineer,Engineering,Hybrid,product_eng,senior,0,6,1,application,,https://boards.greenhouse.io/cloudflare/jobs/7992903?gh_jid=7992903
2026-07-28,NET,Cloudflare,Senior OIC and OPA Developer,Information Technology,In-Office,product_eng,senior,0,3,1,application,,https://boards.greenhouse.io/cloudflare/jobs/7817755?gh_jid=7817755
2026-07-28,NET,Cloudflare,Senior Oracle Fusion Developer,Information Technology,In-Office,product_eng,senior,0,3,1,application,,https://boards.greenhouse.io/cloudflare/jobs/7963589?gh_jid=7963589
2026-07-28,NET,Cloudflare,Senior Oracle Procurement Specialist,Information Technology,In-Office,other,senior,0,3,1,application,,https://boards.greenhouse.io/cloudflare/jobs/7978887?gh_jid=7978887
2026-07-28,NET,Cloudflare,Senior Oracle SCM Specialist,Information Technology,In-Office,other,senior,0,3,1,application,,https://boards.greenhouse.io/cloudflare/jobs/7817793?gh_jid=7817793
2026-07-28,NET,Cloudflare,"Senior Partner Account Manager, Japan (Based in Tokyo)",CAM,Hybrid,other,senior,0,0,0,,,https://boards.greenhouse.io/cloudflare/jobs/7981489?gh_jid=7981489
2026-07-28,NET,Cloudflare,"Senior Principal, Sales Compensation Design & Strategy",Sales Ops,Remote,nontech,staff_principal,0,1,0,buzz,258500,https://boards.greenhouse.io/cloudflare/jobs/8024849?gh_jid=8024849
2026-07-28,NET,Cloudflare,Senior Product Manager - Ad Fraud and Identity Solutions,Product,Hybrid,product_eng,senior,0,0,0,,,https://boards.greenhouse.io/cloudflare/jobs/8007326?gh_jid=8007326
2026-07-28,NET,Cloudflare,Senior Product Manager - Enterprise (API & SDK),Product,Hybrid,product_eng,senior,0,3,1,application,,https://boards.greenhouse.io/cloudflare/jobs/7589006?gh_jid=7589006
2026-07-28,NET,Cloudflare,Senior Product Manager - FinTech,Product,In-Office,product_eng,senior,0,0,0,,,https://boards.greenhouse.io/cloudflare/jobs/8064473?gh_jid=8064473
2026-07-28,NET,Cloudflare,Senior Product Security Engineer,Security,Hybrid,product_eng,senior,0,6,1,application,,https://boards.greenhouse.io/cloudflare/jobs/8079931?gh_jid=8079931
2026-07-28,NET,Cloudflare,"Senior SASE Specialist, Enterprise (Central or East)",Product Specialist,Hybrid,other,senior,0,0,0,,224500,https://boards.greenhouse.io/cloudflare/jobs/7960699?gh_jid=7960699
2026-07-28,NET,Cloudflare,"Senior SASE Specialist, Enterprise (Central or East)",Product Specialist,Hybrid,other,senior,0,0,0,,224500,https://boards.greenhouse.io/cloudflare/jobs/7946795?gh_jid=7946795
2026-07-28,NET,Cloudflare,"Senior SASE Specialist, Enterprise (West)",Product Specialist,Hybrid,other,senior,0,0,0,,224500,https://boards.greenhouse.io/cloudflare/jobs/7648618?gh_jid=7648618
2026-07-28,NET,Cloudflare,Senior Security Compliance Specialist,Security,Distributed,other,senior,0,0,0,,,https://boards.greenhouse.io/cloudflare/jobs/8077641?gh_jid=8077641
2026-07-28,NET,Cloudflare,"Senior Software Engineer, Cloudflare Queues",Emerging Technology and Incubation,In-Office,product_eng,senior,0,0,0,,185000,https://boards.greenhouse.io/cloudflare/jobs/8080780?gh_jid=8080780
2026-07-28,NET,Cloudflare,"Senior Software Engineer, Distributed Databases",Emerging Technology and Incubation,In-Office,product_eng,senior,0,0,0,,219500,https://boards.greenhouse.io/cloudflare/jobs/7896462?gh_jid=7896462
2026-07-28,NET,Cloudflare,"Senior Software Engineer, Durable Objects (DO)",Emerging Technology and Incubation,In-Office,product_eng,senior,0,3,1,application,,https://boards.greenhouse.io/cloudflare/jobs/5390243?gh_jid=5390243
2026-07-28,NET,Cloudflare,"Senior Software Engineer, People Ops and AI Tools",Engineering,"Austin, TX, United States",product_eng,senior,1,9,1,application,,https://boards.greenhouse.io/cloudflare/jobs/8035679?gh_jid=8035679
2026-07-28,NET,Cloudflare,"Senior Software Engineer, R2 Metadata",Emerging Technology and Incubation,Hybrid,product_eng,senior,0,0,0,,,https://boards.greenhouse.io/cloudflare/jobs/7276690?gh_jid=7276690
2026-07-28,NET,Cloudflare,"Senior Software Engineer, Storage Infrastructure",Emerging Technology and Incubation,In-Office,product_eng,senior,0,0,0,,219500,https://boards.greenhouse.io/cloudflare/jobs/7629805?gh_jid=7629805
2026-07-28,NET,Cloudflare,"Senior Software Engineer, Workers Runtime",Emerging Technology and Incubation,In-Office,product_eng,senior,0,0,0,,,https://boards.greenhouse.io/cloudflare/jobs/6578726?gh_jid=6578726
2026-07-28,NET,Cloudflare,Senior Solution Engineer- Cloudflare Developer Platform (Start-Ups) Washington DC,Solution Engineering,Distributed,product_eng,senior,0,12,1,application|buzz|general_medium,,https://boards.greenhouse.io/cloudflare/jobs/8054072?gh_jid=8054072
2026-07-28,NET,Cloudflare,Senior Solutions Engineer - Arizona,Solution Engineering,Distributed,demand_validated,senior,0,0,0,,263000,https://boards.greenhouse.io/cloudflare/jobs/7954710?gh_jid=7954710
2026-07-28,NET,Cloudflare,"Senior Solutions Engineer, Enterprise Accounts - Charlotte or Raleigh, NC",Solution Engineering,Hybrid,demand_validated,senior,0,0,0,,,https://boards.greenhouse.io/cloudflare/jobs/7782508?gh_jid=7782508
2026-07-28,NET,Cloudflare,Senior Solutions Engineer LATAM-MCR  (Mexico City),Solution Engineering,Hybrid,demand_validated,senior,0,3,0,buzz,,https://boards.greenhouse.io/cloudflare/jobs/7975434?gh_jid=7975434
2026-07-28,NET,Cloudflare,"Senior Strategic Customer Engineer, Named - Charlotte, NC",Solution Engineering,Distributed,product_eng,senior,0,18,1,application,,https://boards.greenhouse.io/cloudflare/jobs/8082834?gh_jid=8082834
2026-07-28,NET,Cloudflare,Senior Strategic Solutions Engineer,Solution Engineering,Distributed,demand_validated,senior,0,0,0,,,https://boards.greenhouse.io/cloudflare/jobs/7967144?gh_jid=7967144
2026-07-28,NET,Cloudflare,"Senior Strategic Solutions Engineer, Delhi NCR",Solution Engineering,Hybrid,demand_validated,senior,0,0,0,,,https://boards.greenhouse.io/cloudflare/jobs/7767908?gh_jid=7767908
2026-07-28,NET,Cloudflare,Senior Systems Engineer,Engineering,In-Office,product_eng,senior,0,0,0,,,https://boards.greenhouse.io/cloudflare/jobs/8066589?gh_jid=8066589
2026-07-28,NET,Cloudflare,"Senior Systems Engineer, AI Gateway",Emerging Technology and Incubation,In-Office,product_eng,senior,1,10,1,application|data_ml_ops|general_medium,194000,https://boards.greenhouse.io/cloudflare/jobs/7560174?gh_jid=7560174
2026-07-28,NET,Cloudflare,"Senior Systems Engineer, Cloudflare Data Platform",Emerging Technology and Incubation,In-Office,product_eng,senior,0,0,0,,219500,https://boards.greenhouse.io/cloudflare/jobs/8030240?gh_jid=8030240
2026-07-28,NET,Cloudflare,"Senior Systems Engineer, Cloudflare Tunnel",Engineering,Hybrid,product_eng,senior,0,0,0,,,https://boards.greenhouse.io/cloudflare/jobs/8079117?gh_jid=8079117
2026-07-28,NET,Cloudflare,"Senior Systems Engineer, Pipelines",Emerging Technology and Incubation,In-Office,product_eng,senior,0,0,0,,219500,https://boards.greenhouse.io/cloudflare/jobs/7093840?gh_jid=7093840
2026-07-28,NET,Cloudflare,Senior Talent Acquisition Partner,People & Places,Hybrid; In-Office,other,senior,0,7,1,application|buzz,,https://boards.greenhouse.io/cloudflare/jobs/8016569?gh_jid=8016569
2026-07-28,NET,Cloudflare,Senior Technical Account Manager,Customer Support,Hybrid,demand_validated,senior,0,1,0,buzz,,https://boards.greenhouse.io/cloudflare/jobs/8027731?gh_jid=8027731
2026-07-28,NET,Cloudflare,"Senior Technical Account Manager (Austin, Seattle, Denver)",Customer Support,Hybrid,demand_validated,senior,0,1,0,buzz,136000,https://boards.greenhouse.io/cloudflare/jobs/8030327?gh_jid=8030327
2026-07-28,NET,Cloudflare,"Senior Territory Account Executive, Digital Native (Hong Kong)",Mid Market,Hybrid,demand_validated,senior,0,0,0,,,https://boards.greenhouse.io/cloudflare/jobs/7830335?gh_jid=7830335
2026-07-28,NET,Cloudflare,"Senior Territory Account Executive, Egypt",Mid Market,Hybrid,demand_validated,senior,0,0,0,,,https://boards.greenhouse.io/cloudflare/jobs/7481407?gh_jid=7481407
2026-07-28,NET,Cloudflare,Senior Territory Account Executive - iGaming (ASEAN),Mid Market,Hybrid,demand_validated,senior,0,0,0,,,https://boards.greenhouse.io/cloudflare/jobs/8042843?gh_jid=8042843
2026-07-28,NET,Cloudflare,"Senior Territory Account Executive, Korea",Mid Market,Hybrid,demand_validated,senior,0,0,0,,,https://boards.greenhouse.io/cloudflare/jobs/8027747?gh_jid=8027747
2026-07-28,NET,Cloudflare,Senior Territory Account Executive - North China ,Mid Market,Hybrid,demand_validated,senior,0,0,0,,,https://boards.greenhouse.io/cloudflare/jobs/8012884?gh_jid=8012884
2026-07-28,NET,Cloudflare,Senior Territory Account Executive (NY),Mid Market,Hybrid,demand_validated,senior,0,0,0,,277500,https://boards.greenhouse.io/cloudflare/jobs/7782141?gh_jid=7782141
2026-07-28,NET,Cloudflare,Senior Territory Account Executive - South China ,Mid Market,Hybrid,demand_validated,senior,0,0,0,,,https://boards.greenhouse.io/cloudflare/jobs/8012942?gh_jid=8012942
2026-07-28,NET,Cloudflare,"Software Engineer, AI Agents",Engineering,In-Office,product_eng,mid,1,6,1,application,,https://boards.greenhouse.io/cloudflare/jobs/7831810?gh_jid=7831810
2026-07-28,NET,Cloudflare,"Software Engineer Intern (Fall 2026) - Austin, TX",University,In-Office,product_eng,intern,0,0,0,,,https://boards.greenhouse.io/cloudflare/jobs/8052785?gh_jid=8052785
2026-07-28,NET,Cloudflare,"Software Engineer, Network Performance & Reliability",Engineering,Hybrid,product_eng,mid,0,1,0,buzz,,https://boards.greenhouse.io/cloudflare/jobs/7446310?gh_jid=7446310
2026-07-28,NET,Cloudflare,Software Engineer - Network Platforms,Engineering,Hybrid,product_eng,mid,0,0,0,,,https://boards.greenhouse.io/cloudflare/jobs/7541032?gh_jid=7541032
2026-07-28,NET,Cloudflare,"Software Engineer, Realtime",Emerging Technology and Incubation,Hybrid,product_eng,mid,0,0,0,,150000,https://boards.greenhouse.io/cloudflare/jobs/7887609?gh_jid=7887609
2026-07-28,NET,Cloudflare,"Software Engineer, Workers Deploy & Config",Emerging Technology and Incubation,In-Office,product_eng,mid,0,0,0,,178000,https://boards.greenhouse.io/cloudflare/jobs/7377424?gh_jid=7377424
2026-07-28,NET,Cloudflare,"Solutions Engineer, Benelux",Solution Engineering,Hybrid,demand_validated,mid,0,0,0,,,https://boards.greenhouse.io/cloudflare/jobs/7742347?gh_jid=7742347
2026-07-28,NET,Cloudflare,"Solutions Engineer, Central & Eastern Europe - Hebrew Speaking",Solution Engineering,Hybrid,demand_validated,mid,0,0,0,,,https://boards.greenhouse.io/cloudflare/jobs/7978788?gh_jid=7978788
2026-07-28,NET,Cloudflare,"Solutions Engineer, Nordics",Solution Engineering,Hybrid,demand_validated,mid,0,0,0,,,https://boards.greenhouse.io/cloudflare/jobs/7610071?gh_jid=7610071
2026-07-28,NET,Cloudflare,Sr. Technical Program Manager - Security (Enterprise Identity & Access),Security,Hybrid,other,senior,0,3,1,application,,https://boards.greenhouse.io/cloudflare/jobs/8021873?gh_jid=8021873
2026-07-28,NET,Cloudflare,Sr. Technical Program Manager - Security (Threat Detection & Response),Security,Hybrid,other,senior,0,3,1,application,,https://boards.greenhouse.io/cloudflare/jobs/8031141?gh_jid=8031141
2026-07-28,NET,Cloudflare,Staff Software Engineer - Security Platform,Engineering,Distributed; Hybrid,product_eng,staff_principal,0,0,0,,,https://boards.greenhouse.io/cloudflare/jobs/7053411?gh_jid=7053411
2026-07-28,NET,Cloudflare,"System Engineer, Cloudflare Hyperdrive",Emerging Technology and Incubation,In-Office,product_eng,mid,0,0,0,,178000,https://boards.greenhouse.io/cloudflare/jobs/8016162?gh_jid=8016162
2026-07-28,NET,Cloudflare,Systems Engineer (Data Intelligence & Analytics Team),Business Intelligence,In-Office,product_eng,mid,0,0,0,,,https://boards.greenhouse.io/cloudflare/jobs/8022909?gh_jid=8022909
2026-07-28,NET,Cloudflare,"Systems Engineer, Data Intelligence & Analytics Team",Engineering,In-Office,product_eng,mid,0,0,0,,,https://boards.greenhouse.io/cloudflare/jobs/8050813?gh_jid=8050813
2026-07-28,NET,Cloudflare,"Systems Engineer, Edge",Infrastructure,In-Office,product_eng,mid,0,0,0,,,https://boards.greenhouse.io/cloudflare/jobs/7068271?gh_jid=7068271
2026-07-28,NET,Cloudflare,Systems Engineer - Global Resource Management (Data Residency),Engineering,Hybrid,product_eng,mid,0,0,0,,,https://boards.greenhouse.io/cloudflare/jobs/8015230?gh_jid=8015230
2026-07-28,NET,Cloudflare,"Systems Engineer, MAPS",Engineering,Hybrid,product_eng,mid,0,0,0,,,https://boards.greenhouse.io/cloudflare/jobs/7742773?gh_jid=7742773
2026-07-28,NET,Cloudflare,"Systems Engineer, Product Platform Tools",Engineering,"Austin, TX, United States",product_eng,mid,0,0,0,,,https://boards.greenhouse.io/cloudflare/jobs/8089031?gh_jid=8089031
2026-07-28,NET,Cloudflare,Tax Analyst,Accounting and Finance,Hybrid,other,mid,0,0,0,,,https://boards.greenhouse.io/cloudflare/jobs/8064514?gh_jid=8064514
2026-07-28,NET,Cloudflare,Technical Account Manager,Customer Support,Hybrid,demand_validated,mid,0,1,0,buzz,,https://boards.greenhouse.io/cloudflare/jobs/8081039?gh_jid=8081039
2026-07-28,NET,Cloudflare,Technical Account Manager,Customer Support,Hybrid,demand_validated,mid,0,1,0,buzz,,https://boards.greenhouse.io/cloudflare/jobs/8076494?gh_jid=8076494
2026-07-28,NET,Cloudflare,Technical Account Manager,Customer Success,Hybrid,demand_validated,mid,0,0,0,,124000,https://boards.greenhouse.io/cloudflare/jobs/8029967?gh_jid=8029967
2026-07-28,NET,Cloudflare,Technical Support Engineer Intern (Fall 2026),Customer Support,In-Office,product_eng,intern,0,0,0,,,https://boards.greenhouse.io/cloudflare/jobs/8041135?gh_jid=8041135
2026-07-28,NET,Cloudflare,Territory Account Executive,Mid Market,Hybrid,demand_validated,mid,0,0,0,,,https://boards.greenhouse.io/cloudflare/jobs/6541183?gh_jid=6541183
2026-07-28,NET,Cloudflare,Territory Account Executive   ,Mid Market,Hybrid,demand_validated,mid,0,0,0,,,https://boards.greenhouse.io/cloudflare/jobs/6528593?gh_jid=6528593
2026-07-28,NET,Cloudflare,"Territory Account Executive, Central Canada",Mid Market,Distributed,demand_validated,mid,0,0,0,,,https://boards.greenhouse.io/cloudflare/jobs/7804941?gh_jid=7804941
2026-07-28,NET,Cloudflare,"Territory Account Executive, Digital Native (Hong Kong)",Mid Market,Hybrid,demand_validated,mid,0,0,0,,,https://boards.greenhouse.io/cloudflare/jobs/7972135?gh_jid=7972135
2026-07-28,NET,Cloudflare,"Territory Account Executive, Digital Native (Indonesia)",Mid Market,Hybrid,demand_validated,mid,0,0,0,,,https://boards.greenhouse.io/cloudflare/jobs/7975812?gh_jid=7975812
2026-07-28,NET,Cloudflare,"Territory Account Executive, Digital Native (Singapore)",Mid Market,Hybrid,demand_validated,mid,0,0,0,,,https://boards.greenhouse.io/cloudflare/jobs/7975733?gh_jid=7975733
2026-07-28,NET,Cloudflare,"Territory Account Executive, iGaming (Thailand)",Mid Market,Hybrid,demand_validated,mid,0,0,0,,,https://boards.greenhouse.io/cloudflare/jobs/7962217?gh_jid=7962217
2026-07-28,NET,Cloudflare,Territory Account Executive - Latin America,Field Sales,Hybrid,demand_validated,mid,0,0,0,,,https://boards.greenhouse.io/cloudflare/jobs/8002152?gh_jid=8002152
2026-07-28,NET,Cloudflare,"Territory Account Executive, Vancouver",Mid Market,Distributed,demand_validated,mid,0,0,0,,,https://boards.greenhouse.io/cloudflare/jobs/8028519?gh_jid=8028519
2026-07-28,NET,Cloudflare,"Territory Sales Director, NYC",Mid Market,Hybrid,nontech,director,0,0,0,,361000,https://boards.greenhouse.io/cloudflare/jobs/7926198?gh_jid=7926198
2026-07-28,NET,Cloudflare,"Threat Intelligence Software Engineer, Cloudforce One",Security,Hybrid,product_eng,mid,0,3,1,application,,https://boards.greenhouse.io/cloudflare/jobs/7309174?gh_jid=7309174
2026-07-28,NET,Cloudflare,"Vice President, Internal Audit",Accounting and Finance,Hybrid,other,intern,0,3,1,application,337500,https://boards.greenhouse.io/cloudflare/jobs/8080851?gh_jid=8080851
2026-07-28,NET,Cloudflare,"VP, Talent Acquisition & Strategy",People & Places,Hybrid,other,exec,0,6,1,application,387500,https://boards.greenhouse.io/cloudflare/jobs/8001502?gh_jid=8001502
2026-07-28,NET,Cloudflare,Vulnerability Management Engineer,Security,Hybrid,product_eng,mid,0,0,0,,,https://boards.greenhouse.io/cloudflare/jobs/7579269?gh_jid=7579269
2026-07-28,GTLB,GitLab,Account Executive - Italy,EMEA - Commercial,"Remote, Italy",demand_validated,mid,0,1,0,buzz,,https://job-boards.greenhouse.io/gitlab/jobs/8503792002
2026-07-28,GTLB,GitLab,AI Engineer,Enterprise Applications,"Remote, US",product_eng,mid,1,16,1,application|buzz|model_infra,119000,https://job-boards.greenhouse.io/gitlab/jobs/8565469002
2026-07-28,GTLB,GitLab,"AI Transformation Owner, CRO",Enablement,"Remote, United States",other,mid,1,0,0,,187200,https://job-boards.greenhouse.io/gitlab/jobs/8638232002
2026-07-28,GTLB,GitLab,"AI Transformation Owner, Marketing",Digital Marketing,"Remote, Canada; Remote, United Kingdom; Remote, US",nontech,mid,1,9,1,application,206000,https://job-boards.greenhouse.io/gitlab/jobs/8548105002
2026-07-28,GTLB,GitLab,Area Vice President - Financial Services ,AMER - Enterprise,"Remote, US",other,exec,0,0,0,,,https://job-boards.greenhouse.io/gitlab/jobs/8631068002
2026-07-28,GTLB,GitLab,Area Vice President - LATAM,AMER - Enterprise,"Remote, Brazil",other,exec,0,1,0,buzz,,https://job-boards.greenhouse.io/gitlab/jobs/8624025002
2026-07-28,GTLB,GitLab,"Backend Engineer (Ruby), AI Engineering: Agent Observability",AI Engineering,"Remote, Canada",product_eng,mid,1,4,1,application|buzz,,https://job-boards.greenhouse.io/gitlab/jobs/8620720002
2026-07-28,GTLB,GitLab,Business Development Representative ,Sales Development,"Remote, EMEA; Remote, Germany; Remote, Ireland; Remote, Netherlands; Remote, United Kingdom",other,mid,0,1,0,buzz,,https://job-boards.greenhouse.io/gitlab/jobs/8532274002
2026-07-28,GTLB,GitLab,Business Development Representative ,Sales Development,"Remote, North America",other,mid,0,1,0,buzz,71500,https://job-boards.greenhouse.io/gitlab/jobs/8532272002
2026-07-28,GTLB,GitLab,Business Development Representative - MENA   ,Sales Development,"Remote, UAE",other,mid,0,0,0,,,https://job-boards.greenhouse.io/gitlab/jobs/8608546002
2026-07-28,GTLB,GitLab,Commercial Account Executive - Australia,APAC - Commercial,"Remote, Australia",demand_validated,mid,0,1,0,buzz,,https://job-boards.greenhouse.io/gitlab/jobs/8617211002
2026-07-28,GTLB,GitLab,Commercial Account Executive- Australia and New Zealand,APAC - Commercial,"Remote, Australia",demand_validated,mid,0,1,0,buzz,,https://job-boards.greenhouse.io/gitlab/jobs/8589163002
2026-07-28,GTLB,GitLab,Commercial Account Executive - Balkans,EMEA - Commercial,"Remote Ireland; Remote, France; Remote, Germany; Remote, Italy; Remote, Spain; Remote, United Kingdom",demand_validated,mid,0,1,0,buzz,,https://job-boards.greenhouse.io/gitlab/jobs/8617751002
2026-07-28,GTLB,GitLab,Commercial Account Executive - Greece/Malta ,EMEA - Commercial,"Remote, France; Remote, Germany; Remote, Ireland; Remote, Italy; Remote, Spain; Remote, United Kingdom",demand_validated,mid,0,1,0,buzz,,https://job-boards.greenhouse.io/gitlab/jobs/8528922002
2026-07-28,GTLB,GitLab,Commercial Account Executive - MENA,EMEA - Commercial,"Remote, KSA; Remote, UAE",demand_validated,mid,0,1,0,buzz,,https://job-boards.greenhouse.io/gitlab/jobs/8638001002
2026-07-28,GTLB,GitLab,"Commercial Account Executive - Mid-Market, Canada",AMER - Commercial,"Remote, Canada",demand_validated,mid,0,1,0,buzz,,https://job-boards.greenhouse.io/gitlab/jobs/8561622002
2026-07-28,GTLB,GitLab,"Commercial Account Executive - Named, US West",AMER - Commercial,"Remote, US",demand_validated,mid,0,0,0,,122000,https://job-boards.greenhouse.io/gitlab/jobs/8543383002
2026-07-28,GTLB,GitLab,"Commercial Legal Counsel, Public Sector ",Legal,"Remote, US",nontech,mid,0,1,0,buzz,138500,https://job-boards.greenhouse.io/gitlab/jobs/8562593002
2026-07-28,GTLB,GitLab,Customer Success Architect,Customer Success,"Remote, United Arab Emirates",demand_validated,mid,0,0,0,,,https://job-boards.greenhouse.io/gitlab/jobs/8617525002
2026-07-28,GTLB,GitLab,"Customer Success Architect, EMEA",Customer Success,"Remote, Austria; Remote, France; Remote, Germany",demand_validated,mid,0,0,0,,,https://job-boards.greenhouse.io/gitlab/jobs/8561952002
2026-07-28,GTLB,GitLab,"Customer Success Architect, NEUR",Customer Success,"Remote, Ireland; Remote, Netherlands; Remote, United Kingdom",demand_validated,mid,0,0,0,,,https://job-boards.greenhouse.io/gitlab/jobs/8578321002
2026-07-28,GTLB,GitLab,"Customer Success Engineer, EMEA ",Customer Success,"Remote, France; Remote, Germany; Remote, Ireland; Remote, Netherlands; Remote, Spain; Remote, United Kingdom",demand_validated,mid,0,0,0,,,https://job-boards.greenhouse.io/gitlab/jobs/8583490002
2026-07-28,GTLB,GitLab,"Customer Success Engineer, India",Customer Success,"Remote, India",demand_validated,mid,0,0,0,,,https://job-boards.greenhouse.io/gitlab/jobs/8607271002
2026-07-28,GTLB,GitLab,"Customer Success Engineer, LATAM (Spanish, Portugese) ",Customer Success,"Remote, Brazil; Remote, Mexico; Remote, United States",demand_validated,mid,0,0,0,,132000,https://job-boards.greenhouse.io/gitlab/jobs/8637426002
2026-07-28,GTLB,GitLab,Customer Success Manager,Customer Success,"Remote, Netherlands; Remote, United Kingdom",demand_validated,mid,0,0,0,,,https://job-boards.greenhouse.io/gitlab/jobs/8618112002
2026-07-28,GTLB,GitLab,Customer Success Manager,Customer Success,"Remote, North America",demand_validated,mid,0,0,0,,114600,https://job-boards.greenhouse.io/gitlab/jobs/8533016002
2026-07-28,GTLB,GitLab,Customer Success Manager - Australia,Customer Success,"Remote, Australia",demand_validated,mid,0,0,0,,,https://job-boards.greenhouse.io/gitlab/jobs/8548980002
2026-07-28,GTLB,GitLab,Customer Success Manager- Public Sector,Customer Success - PubSec,"Remote, United States",demand_validated,mid,0,0,0,,114600,https://job-boards.greenhouse.io/gitlab/jobs/8646022002
2026-07-28,GTLB,GitLab,"Customer Success Manager, SEUR",Customer Success,"Remote, France; Remote, Spain",demand_validated,mid,0,0,0,,,https://job-boards.greenhouse.io/gitlab/jobs/8578341002
2026-07-28,GTLB,GitLab,"Director, Customer Experience Strategy",Field Operations,"Remote, US",other,director,0,0,0,,226800,https://job-boards.greenhouse.io/gitlab/jobs/8628537002
2026-07-28,GTLB,GitLab,"Director, Engineering, Platform Operations & Productivity",Architecture Engineering,"Bangalore, India",product_eng,director,0,0,0,,,https://job-boards.greenhouse.io/gitlab/jobs/8626772002
2026-07-28,GTLB,GitLab,"Director, Enterprise Architecture & Intelligent Automation",Enterprise Applications,"Remote, US",product_eng,director,0,3,1,application,220000,https://job-boards.greenhouse.io/gitlab/jobs/8510488002
2026-07-28,GTLB,GitLab,"Director of Engineering, Growth & Monetization",Monetization Engineering,"Remote, Canada; Remote, US",product_eng,director,0,1,0,buzz,274400,https://job-boards.greenhouse.io/gitlab/jobs/8592768002
2026-07-28,GTLB,GitLab,"Director of Engineering, Security Factory",Sec Engineering,"Remote, Israel; Remote, United Kingdom",product_eng,director,0,8,1,application|buzz,,https://job-boards.greenhouse.io/gitlab/jobs/8607104002
2026-07-28,GTLB,GitLab,"Director, Pipeline Excellence",Field Operations,"Remote, United States",other,director,0,0,0,,226800,https://job-boards.greenhouse.io/gitlab/jobs/8637101002
2026-07-28,GTLB,GitLab,"Director, Strategic Partnerships",Strategy,"Remote, US",other,director,0,2,0,buzz,226800,https://job-boards.greenhouse.io/gitlab/jobs/8615811002
2026-07-28,GTLB,GitLab,"Director, Support (Bengaluru)",Customer Support,"Bangalore, India",nontech,director,0,1,0,buzz,,https://job-boards.greenhouse.io/gitlab/jobs/8629019002
2026-07-28,GTLB,GitLab,"Director, Support (EMEA)",Customer Support,"Remote, United Kingdom",nontech,director,0,0,0,,,https://job-boards.greenhouse.io/gitlab/jobs/8629005002
2026-07-28,GTLB,GitLab,"Distinguished Engineer, Agentic SDLC & Non‑Linear Productivity",Architecture Engineering,"Remote, Canada; Remote, US",product_eng,staff_principal,0,9,1,application,339000,https://job-boards.greenhouse.io/gitlab/jobs/8537853002
2026-07-28,GTLB,GitLab,"Ecosystem Sales Manager, Carahsoft (Washington DC)",Alliances and Channel,Remote,nontech,mid,0,0,0,,,https://job-boards.greenhouse.io/gitlab/jobs/8618771002
2026-07-28,GTLB,GitLab,Enablement Content Manager,Enablement,"Remote, United States",nontech,mid,0,1,0,buzz,128000,https://job-boards.greenhouse.io/gitlab/jobs/8635277002
2026-07-28,GTLB,GitLab,"Engineering Manager, AI Engineering: Chat",AI Engineering,"Remote, Americas; Remote, Canada; Remote, United Kingdom",product_eng,mid,1,8,1,application|buzz,,https://job-boards.greenhouse.io/gitlab/jobs/8603824002
2026-07-28,GTLB,GitLab,"Engineering Manager, Cell Infrastructure",Tenant Scale Engineering,"Bangalore, India",product_eng,mid,0,3,1,application,,https://job-boards.greenhouse.io/gitlab/jobs/8615946002
2026-07-28,GTLB,GitLab,"Engineering Manager, Data Foundations",Data Engineering,"Remote, US",product_eng,mid,0,0,0,,206000,https://job-boards.greenhouse.io/gitlab/jobs/8592950002
2026-07-28,GTLB,GitLab,"Engineering Manager, Geo for Self-Managed Customers",Platforms Engineering,"Remote, United Kingdom",product_eng,mid,0,0,0,,,https://job-boards.greenhouse.io/gitlab/jobs/8607714002
2026-07-28,GTLB,GitLab,"Engineering Manager, Growth",Data Engineering,"Remote, Canada; Remote, US",product_eng,mid,0,0,0,,206000,https://job-boards.greenhouse.io/gitlab/jobs/8592891002
2026-07-28,GTLB,GitLab,"Engineering Manager, Observability, Monitoring, and Integrations (Monetization)",Data Engineering,"Bangalore, India",product_eng,mid,0,1,0,buzz,,https://job-boards.greenhouse.io/gitlab/jobs/8481197002
2026-07-28,GTLB,GitLab,"Engineering Manager, SSCS: Supply Chain",Sec Engineering,"Bangalore, India",product_eng,mid,0,0,0,,,https://job-boards.greenhouse.io/gitlab/jobs/8478405002
2026-07-28,GTLB,GitLab,"Engineering Manager, Switchboard",Platforms Engineering,"Remote, United Kingdom",product_eng,mid,0,0,0,,,https://job-boards.greenhouse.io/gitlab/jobs/8586632002
2026-07-28,GTLB,GitLab,"Engineering Manager, Tenant Scale:Git",Architecture Engineering,"Remote, Canada; Remote, United Kingdom; Remote, United States",product_eng,mid,0,0,0,,,https://job-boards.greenhouse.io/gitlab/jobs/8617538002
2026-07-28,GTLB,GitLab,Enterprise Account Executive - DACH,EMEA - Commercial,"Remote, Germany",demand_validated,mid,0,1,0,buzz,,https://job-boards.greenhouse.io/gitlab/jobs/8631153002
2026-07-28,GTLB,GitLab,Enterprise Account Executive - Singapore ,APAC - Enterprise,"Remote, Singapore",demand_validated,mid,0,1,0,buzz,,https://job-boards.greenhouse.io/gitlab/jobs/8640151002
2026-07-28,GTLB,GitLab,Executive Assistant (United Kingdom),Office of the CTO,"Remote, United Kingdom",other,mid,0,0,0,,,https://job-boards.greenhouse.io/gitlab/jobs/8584747002
2026-07-28,GTLB,GitLab,Forward Deployed Engineer - EMEA,Customer Experience,"Remote Ireland; Remote, Austria; Remote, Denmark; Remote, France; Remote, Germany; Remote, Netherlands; Remote, Switzerland; Remote, United Kingdom",demand_validated,mid,0,6,1,application|buzz|data_ml_ops,,https://job-boards.greenhouse.io/gitlab/jobs/8522408002
2026-07-28,GTLB,GitLab,Forward Deployed Engineer - EMEA,Customer Experience,"Remote Ireland; Remote, Denmark; Remote, France; Remote, Germany; Remote, Italy; Remote, Netherlands; Remote, Sweden; Remote, United Kingdom",demand_validated,mid,0,6,1,application|buzz|data_ml_ops,,https://job-boards.greenhouse.io/gitlab/jobs/8522265002
2026-07-28,GTLB,GitLab,Forward Deployed Engineer - META,Customer Experience,"Remote, United Arab Emirates",demand_validated,mid,0,6,1,application|buzz|data_ml_ops,,https://job-boards.greenhouse.io/gitlab/jobs/8524783002
2026-07-28,GTLB,GitLab,"FP&A Manager, R&D",FP&A,"Remote, Canada; Remote, US",other,mid,0,0,0,,154800,https://job-boards.greenhouse.io/gitlab/jobs/8626198002
2026-07-28,GTLB,GitLab,High Velocity Enablement Lead ,Enablement,"Remote, US",nontech,senior,0,0,0,,179500,https://job-boards.greenhouse.io/gitlab/jobs/8604633002
2026-07-28,GTLB,GitLab,Hyperscaler Operations Manager,Field Operations,"Remote, Canada; Remote, US",nontech,mid,0,3,1,application,140600,https://job-boards.greenhouse.io/gitlab/jobs/8632005002
2026-07-28,GTLB,GitLab,Intermediate Backend Engineer - Analytics Instrumentation,Data Engineering,"Bangalore, India",product_eng,mid,0,1,0,buzz,,https://job-boards.greenhouse.io/gitlab/jobs/8615389002
2026-07-28,GTLB,GitLab,Intermediate Backend Engineer - Platform Integrations (Monetization),Data Engineering,"Bangalore, India",product_eng,mid,0,0,0,,,https://job-boards.greenhouse.io/gitlab/jobs/8615332002
2026-07-28,GTLB,GitLab,Intermediate Fullstack Engineer - Data Products,Data Engineering,"Bangalore, India",product_eng,mid,0,1,0,buzz,,https://job-boards.greenhouse.io/gitlab/jobs/8623751002
2026-07-28,GTLB,GitLab,"Intermediate/Senior/Staff Backend Engineer (C), Tenant Scale: Git ",Architecture Engineering,"Remote, Canada; Remote, India; Remote, United Kingdom; Remote, United States",product_eng,staff_principal,0,0,0,,,https://job-boards.greenhouse.io/gitlab/jobs/8497793002
2026-07-28,GTLB,GitLab,Lead SEC Analyst,FP&A,Remote,other,senior,0,0,0,,187000,https://job-boards.greenhouse.io/gitlab/jobs/8633807002
2026-07-28,GTLB,GitLab,"Major Account Executive, Germany",EMEA - Enterprise,"Remote, Germany",demand_validated,mid,0,1,0,buzz,,https://job-boards.greenhouse.io/gitlab/jobs/8433107002
2026-07-28,GTLB,GitLab,"Manager, Business Development   ",Sales Development,"Remote, North America",other,mid,0,0,0,,116060,https://job-boards.greenhouse.io/gitlab/jobs/8614683002
2026-07-28,GTLB,GitLab,"Manager, Customer Success Managers, EMEA",Customer Success,"Remote, Austria; Remote, Germany",demand_validated,mid,0,0,0,,,https://job-boards.greenhouse.io/gitlab/jobs/8613199002
2026-07-28,GTLB,GitLab,"Manager, Customer Success Operations",Field Operations,"Remote, US",demand_validated,mid,0,0,0,,154800,https://job-boards.greenhouse.io/gitlab/jobs/8604996002
2026-07-28,GTLB,GitLab,"Manager, Engineering, Git & Gitaly Operations",Architecture Engineering,"Remote, Bangalore",product_eng,mid,0,0,0,,,https://job-boards.greenhouse.io/gitlab/jobs/8626740002
2026-07-28,GTLB,GitLab,"Manager, Engineering, Nonlinear Productivity (Friction Elimination & Solutions)",Architecture Engineering,"Remote, Bangalore",product_eng,mid,0,3,1,application,,https://job-boards.greenhouse.io/gitlab/jobs/8632388002
2026-07-28,GTLB,GitLab,"Manager, Solutions Architect - Asia",SA,"Remote, Singapore",demand_validated,mid,0,0,0,,,https://job-boards.greenhouse.io/gitlab/jobs/8589147002
2026-07-28,GTLB,GitLab,"Manager, Solutions Architect - CEUR",SA,"Remote, Germany",demand_validated,mid,0,0,0,,,https://job-boards.greenhouse.io/gitlab/jobs/8626770002
2026-07-28,GTLB,GitLab,"Manager, Solutions Architect - India ",SA,"Remote, India",demand_validated,mid,0,0,0,,,https://job-boards.greenhouse.io/gitlab/jobs/8627761002
2026-07-28,GTLB,GitLab,"Manager, Solutions Architects",SA,"Remote, US",demand_validated,mid,0,0,0,,192750,https://job-boards.greenhouse.io/gitlab/jobs/8396674002
2026-07-28,GTLB,GitLab,"Manager, Solutions Architects - Financial Services ",SA,"Remote, United States",demand_validated,mid,0,0,0,,177750,https://job-boards.greenhouse.io/gitlab/jobs/8639012002
2026-07-28,GTLB,GitLab,"Manager, Solutions Architecture - UK&I",SA,Remote,demand_validated,mid,0,0,0,,,https://job-boards.greenhouse.io/gitlab/jobs/8626762002
2026-07-28,GTLB,GitLab,"Manager, Strategic Finance",FP&A,"Remote, United States",nontech,mid,0,1,0,buzz,154800,https://job-boards.greenhouse.io/gitlab/jobs/8639170002
2026-07-28,GTLB,GitLab,New Business Account Executive - Nordics,New Business - EMEA,"Remote, Netherlands; Remote, Sweden",demand_validated,mid,0,1,0,buzz,,https://job-boards.greenhouse.io/gitlab/jobs/8615513002
2026-07-28,GTLB,GitLab,New Business Account Executive - SLED,New Business - PubSec,"Remote, US",demand_validated,mid,0,0,0,,101700,https://job-boards.greenhouse.io/gitlab/jobs/8610803002
2026-07-28,GTLB,GitLab,New Business Account Executive - Southern California ,New Business - AMER,"Remote, US",demand_validated,mid,0,1,0,buzz,118500,https://job-boards.greenhouse.io/gitlab/jobs/8615797002
2026-07-28,GTLB,GitLab,"Principal HRIS Analyst, People Technology - Workday",People Operations,"Remote, US",other,staff_principal,0,0,0,,206000,https://job-boards.greenhouse.io/gitlab/jobs/8574978002
2026-07-28,GTLB,GitLab,"Principal Product Manager, AI Custom Models",AI,"Remote, Canada; Remote, US",product_eng,staff_principal,1,3,1,application,274400,https://job-boards.greenhouse.io/gitlab/jobs/8564957002
2026-07-28,GTLB,GitLab,"Principal Product Manager, Engineering Intelligence & Insights",Core DevOps,"Remote, Canada; Remote, US",product_eng,staff_principal,0,4,1,application|buzz,,https://job-boards.greenhouse.io/gitlab/jobs/8597813002
2026-07-28,GTLB,GitLab,Professional Services Engagement Manager,Practice Management,"Remote, US",demand_validated,mid,0,0,0,,114600,https://job-boards.greenhouse.io/gitlab/jobs/8579044002
2026-07-28,GTLB,GitLab,Professional Services Program Manager,Consulting Delivery,"Remote, US",demand_validated,mid,0,0,0,,124740,https://job-boards.greenhouse.io/gitlab/jobs/8617252002
2026-07-28,GTLB,GitLab,Professional Services Technical Architect ,Consulting Delivery,"Remote, Canada; Remote, US",demand_validated,mid,0,0,0,,166680,https://job-boards.greenhouse.io/gitlab/jobs/8616847002
2026-07-28,GTLB,GitLab,Public Sector Solutions Architect,Solutions Architecture - PubSec,"Remote, US",demand_validated,mid,0,0,0,,152550,https://job-boards.greenhouse.io/gitlab/jobs/8627228002
2026-07-28,GTLB,GitLab,"Public Sector Strategic Account Executive, Federal Civilian",PubSec - FED,"Remote, US",demand_validated,mid,0,4,1,application|buzz,198200,https://job-boards.greenhouse.io/gitlab/jobs/8589192002
2026-07-28,GTLB,GitLab,"Public Sector Strategic Account Executive, FSI",PubSec - FED,"Remote, US",demand_validated,mid,0,1,0,buzz,163600,https://job-boards.greenhouse.io/gitlab/jobs/8596778002
2026-07-28,GTLB,GitLab,Renewals Manager,Renewals,"Remote, US",other,mid,0,1,0,buzz,88200,https://job-boards.greenhouse.io/gitlab/jobs/8611813002
2026-07-28,GTLB,GitLab,Renewals Manager Germany,Customer Success,Remote,other,mid,0,0,0,,,https://job-boards.greenhouse.io/gitlab/jobs/8620580002
2026-07-28,GTLB,GitLab,Revenue Analytics Manager,Field Operations,"Remote, Canada; Remote, US",other,mid,0,3,1,application,170000,https://job-boards.greenhouse.io/gitlab/jobs/8616247002
2026-07-28,GTLB,GitLab,"Revenue Strategist Manager, Renewals",Field Operations,"Remote, United States",other,mid,0,0,0,,170000,https://job-boards.greenhouse.io/gitlab/jobs/8645879002
2026-07-28,GTLB,GitLab,Revenue Technology Analyst,Field Operations,"Remote, Canada; Remote, US",other,mid,0,3,1,application,128000,https://job-boards.greenhouse.io/gitlab/jobs/8618795002
2026-07-28,GTLB,GitLab,Senior Absence Management Partner,Total Rewards,"Remote Ireland; Remote, Poland; Remote, United Kingdom",other,senior,0,1,0,buzz,,https://job-boards.greenhouse.io/gitlab/jobs/8638385002
2026-07-28,GTLB,GitLab,Senior AI Engineer,Enterprise Applications,"Remote, Bangalore",product_eng,senior,1,16,1,application|buzz|model_infra,,https://job-boards.greenhouse.io/gitlab/jobs/8556658002
2026-07-28,GTLB,GitLab,Senior Assigned Support Engineer (EMEA),ASE,"Remote, United Kingdom",product_eng,senior,0,0,0,,,https://job-boards.greenhouse.io/gitlab/jobs/8645825002
2026-07-28,GTLB,GitLab,"Senior Backend Engineer, AI Engineering: Chat   ",AI Engineering,"Remote, United Kingdom",product_eng,senior,1,11,1,application|buzz,,https://job-boards.greenhouse.io/gitlab/jobs/8621733002
2026-07-28,GTLB,GitLab,"Senior Backend Engineer, Analytics Instrumentation (Golang)",Data Engineering,"Remote, Canada; Remote, US",product_eng,senior,0,1,0,buzz,184800,https://job-boards.greenhouse.io/gitlab/jobs/8451512002
2026-07-28,GTLB,GitLab,"Senior Backend Engineer, Deployment Environments",Platforms Engineering,"Remote, United Kingdom",product_eng,senior,0,0,0,,,https://job-boards.greenhouse.io/gitlab/jobs/8636713002
2026-07-28,GTLB,GitLab,"Senior Backend Engineer, Gitlab Delivery: Zero Downtime Upgrades",Platforms Engineering,"Bangalore, India",product_eng,senior,0,0,0,,,https://job-boards.greenhouse.io/gitlab/jobs/8463925002
2026-07-28,GTLB,GitLab,Senior Backend Engineer - Monitoring and Anomaly Detection (Monetization),Data Engineering,"Remote, Bangalore",product_eng,senior,0,2,0,buzz,,https://job-boards.greenhouse.io/gitlab/jobs/8615319002
2026-07-28,GTLB,GitLab,Senior Backend Engineer - Platform Insights,Data Engineering,"Bangalore, India",product_eng,senior,0,0,0,,,https://job-boards.greenhouse.io/gitlab/jobs/8615439002
2026-07-28,GTLB,GitLab,"Senior Backend Engineer (Ruby), AI Engineering: AI Coding",AI Engineering,"Remote, United Kingdom",product_eng,senior,1,13,1,application|buzz|general_medium,,https://job-boards.greenhouse.io/gitlab/jobs/8621620002
2026-07-28,GTLB,GitLab,"Senior Backend Engineer (Ruby), AI Engineering: Duo Agent Platform Tools",AI Engineering,"Remote, Canada; Remote, United Kingdom",product_eng,senior,1,10,1,application|buzz,,https://job-boards.greenhouse.io/gitlab/jobs/8603839002
2026-07-28,GTLB,GitLab,"Senior Backend Engineer,  SSCS: Supply Chain",Sec Engineering,"Bangalore, India",product_eng,senior,0,0,0,,,https://job-boards.greenhouse.io/gitlab/jobs/8480580002
2026-07-28,GTLB,GitLab,Senior Benefits Analyst,Total Rewards,"Remote Ireland; Remote, Poland; Remote, United Kingdom",other,senior,0,1,0,buzz,,https://job-boards.greenhouse.io/gitlab/jobs/8641816002
2026-07-28,GTLB,GitLab,Senior Commercial Account Executive - CIS (Russian Speaker),EMEA - Commercial,"Remote, Germany",demand_validated,senior,0,1,0,buzz,,https://job-boards.greenhouse.io/gitlab/jobs/8551468002
2026-07-28,GTLB,GitLab,"Senior Commercial Legal Counsel, APAC",Legal,"Remote, Japan; Remote, Philippines; Remote, Singapore",nontech,senior,0,0,0,,,https://job-boards.greenhouse.io/gitlab/jobs/8500014002
2026-07-28,GTLB,GitLab,"Senior Customer Success Architect, France",Customer Success,"Remote, France",demand_validated,senior,0,0,0,,,https://job-boards.greenhouse.io/gitlab/jobs/8607642002
2026-07-28,GTLB,GitLab,Senior Customer Success Manager- Public Sector ,Customer Success - PubSec,"Remote, US",demand_validated,senior,0,0,0,,138900,https://job-boards.greenhouse.io/gitlab/jobs/8616005002
2026-07-28,GTLB,GitLab,"Senior Director, Associate General Counsel",Legal,"Remote, United States",nontech,director,0,0,0,,,https://job-boards.greenhouse.io/gitlab/jobs/8647506002
2026-07-28,GTLB,GitLab,"Senior Director, Field CTOs",Field CTO,"Remote, US",other,director,0,1,0,buzz,326850,https://job-boards.greenhouse.io/gitlab/jobs/8609650002
2026-07-28,GTLB,GitLab,"Senior Director, People Business Partner",People Business Partners,"Remote, US",other,director,0,3,1,application,282600,https://job-boards.greenhouse.io/gitlab/jobs/8592710002
2026-07-28,GTLB,GitLab,"Senior Director, Procurement",Accounting,"Remote, US",other,director,0,0,0,,249600,https://job-boards.greenhouse.io/gitlab/jobs/8539908002
2026-07-28,GTLB,GitLab,"Senior Director, Production and Tenant Platform Engineering",Platforms Engineering,"Remote, Canada; Remote, US",product_eng,director,0,0,0,,226800,https://job-boards.greenhouse.io/gitlab/jobs/8516340002
2026-07-28,GTLB,GitLab,"Senior Engineering Manager, Non-Linear Productivity",Architecture Engineering,"Remote, Canada; Remote, United Kingdom; Remote, US",product_eng,senior,0,3,1,application,217500,https://job-boards.greenhouse.io/gitlab/jobs/8626290002
2026-07-28,GTLB,GitLab,Senior Executive Assistant,SA,"Remote, US",other,senior,0,0,0,,127500,https://job-boards.greenhouse.io/gitlab/jobs/8609688002
2026-07-28,GTLB,GitLab,"Senior FP&A Analyst, Corporate Finance",FP&A,"Remote, Canada; Remote, United States",nontech,senior,0,0,0,,154800,https://job-boards.greenhouse.io/gitlab/jobs/8621204002
2026-07-28,GTLB,GitLab,"Senior Internal Auditor, Technology",Internal Audit,"Remote, Canada; Remote, United States",other,intern,0,2,0,buzz,116400,https://job-boards.greenhouse.io/gitlab/jobs/8643077002
2026-07-28,GTLB,GitLab,Senior Lifecycle Marketing Manager,Digital Marketing,"Remote, Canada; Remote, United States",nontech,senior,0,0,0,,154800,https://job-boards.greenhouse.io/gitlab/jobs/8637075002
2026-07-28,GTLB,GitLab,"Senior Manager, Business Development ",Sales Development,"Remote, Germany; Remote, Ireland; Remote, Netherlands; Remote, United Kingdom",other,senior,0,0,0,,,https://job-boards.greenhouse.io/gitlab/jobs/8606688002
2026-07-28,GTLB,GitLab,"Senior Manager, Customer Trust & Security Governance ",Security Assurance,"Remote, US",other,senior,0,1,0,buzz,206500,https://job-boards.greenhouse.io/gitlab/jobs/8599175002
2026-07-28,GTLB,GitLab,"Senior Manager, CX Services Operations",Field Operations,"Remote, US",nontech,senior,0,0,0,,174000,https://job-boards.greenhouse.io/gitlab/jobs/8561194002
2026-07-28,GTLB,GitLab,"Senior Manager, End User Services",Enterprise Applications,"Remote, North America",other,senior,0,0,0,,154800,https://job-boards.greenhouse.io/gitlab/jobs/8597889002
2026-07-28,GTLB,GitLab,"Senior Manager, Internal Audit - Audit Automation & Technology Risk",Internal Audit,"Bangalore, India",other,intern,0,4,1,application|buzz,,https://job-boards.greenhouse.io/gitlab/jobs/8642850002
2026-07-28,GTLB,GitLab,"Senior Manager, Product Management: Agentic Software Delivery",Core DevOps,"Remote, Canada; Remote, US",other,senior,0,7,1,application|buzz,,https://job-boards.greenhouse.io/gitlab/jobs/8597826002
2026-07-28,GTLB,GitLab,"Senior Manager, Professional Services Technical Architect",Consulting Delivery,"Remote, Canada; Remote, US",demand_validated,senior,0,1,0,buzz,230010,https://job-boards.greenhouse.io/gitlab/jobs/8597809002
2026-07-28,GTLB,GitLab,"Senior Manager, Solutions Architect - Australia & New Zealand",SA,"Remote, Australia",demand_validated,senior,0,0,0,,,https://job-boards.greenhouse.io/gitlab/jobs/8627764002
2026-07-28,GTLB,GitLab,Senior Named Account Executive - DACH,EMEA - Commercial,"Remote, Germany",demand_validated,senior,0,1,0,buzz,,https://job-boards.greenhouse.io/gitlab/jobs/8627798002
2026-07-28,GTLB,GitLab,"Senior People Business Partner, Product & Marketing",People Business Partners,"Remote, United States",nontech,senior,0,0,0,,154500,https://job-boards.greenhouse.io/gitlab/jobs/8617848002
2026-07-28,GTLB,GitLab,"Senior Product Designer, AI",Product Design,"Remote, Canada; Remote, US",product_eng,senior,1,7,1,application|buzz,170000,https://job-boards.greenhouse.io/gitlab/jobs/8464608002
2026-07-28,GTLB,GitLab,"Senior Product Manager, AI Platform Management",Security & Compliance,"Remote, Israel; Remote, United Kingdom",product_eng,senior,1,10,1,application|buzz,,https://job-boards.greenhouse.io/gitlab/jobs/8568868002
2026-07-28,GTLB,GitLab,"Senior Product Manager, Plan to Code",Core DevOps,"Remote, Canada; Remote, US",product_eng,senior,0,4,1,application|buzz,,https://job-boards.greenhouse.io/gitlab/jobs/8597805002
2026-07-28,GTLB,GitLab,Senior Professional Services Engineer - EMEA,Consulting Delivery,Remote,demand_validated,senior,0,0,0,,,https://job-boards.greenhouse.io/gitlab/jobs/8638017002
2026-07-28,GTLB,GitLab,Senior Professional Services Engineer - Japan,Customer Experience,"Remote, Japan",demand_validated,senior,0,0,0,,,https://job-boards.greenhouse.io/gitlab/jobs/8623542002
2026-07-28,GTLB,GitLab,"Senior Professional Services Partners Manager, Subcontractor Partner Solutions",Consulting Delivery,"Remote, US",demand_validated,senior,0,0,0,,140100,https://job-boards.greenhouse.io/gitlab/jobs/8597847002
2026-07-28,GTLB,GitLab,Senior Professional Services Project Manager (EMEA),Consulting Delivery,Remote,demand_validated,senior,0,0,0,,,https://job-boards.greenhouse.io/gitlab/jobs/8622433002
2026-07-28,GTLB,GitLab,"Senior Program Manager, Enterprise Technology & AI",Enterprise Applications,"Remote, Bangalore",other,senior,1,0,0,,,https://job-boards.greenhouse.io/gitlab/jobs/8584282002
2026-07-28,GTLB,GitLab,"Senior Regional Marketing Manager, EMEA",Regional Marketing,"Remote, EMEA",nontech,senior,0,0,0,,,https://job-boards.greenhouse.io/gitlab/jobs/8453504002
2026-07-28,GTLB,GitLab,Senior Revenue Analytics Analyst,Field Operations,"Remote, Canada; Remote, US",other,senior,0,1,0,buzz,154800,https://job-boards.greenhouse.io/gitlab/jobs/8616308002
2026-07-28,GTLB,GitLab,"Senior Security Engineer, Security Incident Response Team (SIRT) - EMEA",Security Operations,"Remote, Israel; Remote, United Kingdom",product_eng,senior,0,0,0,,,https://job-boards.greenhouse.io/gitlab/jobs/8628447002
2026-07-28,GTLB,GitLab,Senior Software Security Engineer,Security Operations,"Bangalore, India; Remote, Canada; Remote, Israel; Remote, United Kingdom; Remote, United States",product_eng,senior,0,6,1,application,167600,https://job-boards.greenhouse.io/gitlab/jobs/8637549002
2026-07-28,GTLB,GitLab,Senior Solutions Architect,SA,"Remote, United Kingdom",demand_validated,senior,0,1,0,buzz,,https://job-boards.greenhouse.io/gitlab/jobs/8611764002
2026-07-28,GTLB,GitLab,Senior Solutions Architect,SA,"Remote, Germany",demand_validated,senior,0,1,0,buzz,,https://job-boards.greenhouse.io/gitlab/jobs/8603849002
2026-07-28,GTLB,GitLab,"Senior Solutions Architect, AI / Core DevOps - EMEA",SA,"Remote, United Kingdom",demand_validated,senior,1,0,0,,,https://job-boards.greenhouse.io/gitlab/jobs/8468159002
2026-07-28,GTLB,GitLab,Senior Solutions Architect - AI & Platforms SME,SA,"Remote, Australia; Remote, Singapore",demand_validated,senior,1,7,1,application|buzz,,https://job-boards.greenhouse.io/gitlab/jobs/8476375002
2026-07-28,GTLB,GitLab,Senior Solutions Architect- Australia and New Zealand,SA,"Remote, Australia",demand_validated,senior,0,1,0,buzz,,https://job-boards.greenhouse.io/gitlab/jobs/8627772002
2026-07-28,GTLB,GitLab,Senior Solutions Architect - East,SA,"Remote, US",demand_validated,senior,0,1,0,buzz,184300,https://job-boards.greenhouse.io/gitlab/jobs/8589195002
2026-07-28,GTLB,GitLab,"Senior Solutions Architect, Financial Services - NYC area",SA,"Remote, US",demand_validated,senior,0,1,0,buzz,192750,https://job-boards.greenhouse.io/gitlab/jobs/8589176002
2026-07-28,GTLB,GitLab,"Senior Solutions Architect, Global SI (India)",SA,"Remote, Bangalore",demand_validated,senior,0,0,0,,,https://job-boards.greenhouse.io/gitlab/jobs/8591221002
2026-07-28,GTLB,GitLab,"Senior Solutions Architect, MEA",SA,"Remote, United Arab Emirates",demand_validated,senior,0,1,0,buzz,,https://job-boards.greenhouse.io/gitlab/jobs/8593622002
2026-07-28,GTLB,GitLab,Senior Solutions Architect - SF Bay area,SA,"Remote, US",demand_validated,senior,0,1,0,buzz,192750,https://job-boards.greenhouse.io/gitlab/jobs/8589178002
2026-07-28,GTLB,GitLab,Senior TA Operations Specialist,Talent Acquisition,"Remote, US",nontech,senior,0,9,1,application,125500,https://job-boards.greenhouse.io/gitlab/jobs/8588547002
2026-07-28,GTLB,GitLab,Senior Threat Intelligence Engineer ,Security Operations,"Remote, Canada; Remote, India; Remote, US",product_eng,senior,0,0,0,,170000,https://job-boards.greenhouse.io/gitlab/jobs/8631175002
2026-07-28,GTLB,GitLab,"Site Reliability Engineer, Cloud Cost Utilization",Platforms Engineering,"Remote, US",product_eng,mid,0,0,0,,,https://job-boards.greenhouse.io/gitlab/jobs/8515080002
2026-07-28,GTLB,GitLab,Site Reliability Engineer - Dedicated Hosted Runners,Platforms Engineering,"Bangalore, India",product_eng,mid,0,0,0,,,https://job-boards.greenhouse.io/gitlab/jobs/8644274002
2026-07-28,GTLB,GitLab,"Site Reliability Engineer, Intermediate to Senior Staff — Infrastructure Platforms",Platforms Engineering,"Remote, Canada; Remote, United Kingdom; Remote, US",product_eng,staff_principal,0,0,0,,220400,https://job-boards.greenhouse.io/gitlab/jobs/8623389002
2026-07-28,GTLB,GitLab,Solutions Architect,SA,"Remote, United Kingdom",demand_validated,mid,0,1,0,buzz,,https://job-boards.greenhouse.io/gitlab/jobs/8611767002
2026-07-28,GTLB,GitLab,Solutions Architect - MENA,SA,"Remote, KSA; Remote, UAE",demand_validated,mid,0,1,0,buzz,,https://job-boards.greenhouse.io/gitlab/jobs/8611700002
2026-07-28,GTLB,GitLab,Staff Account Based Marketing Manager,Digital Marketing,"Remote, Canada; Remote, United States",nontech,staff_principal,0,0,0,,187200,https://job-boards.greenhouse.io/gitlab/jobs/8637579002
2026-07-28,GTLB,GitLab,"Staff Backend Engineer, Gitlab Delivery: Upgrades",Platforms Engineering,"Bangalore, India",product_eng,staff_principal,0,0,0,,,https://job-boards.greenhouse.io/gitlab/jobs/8463922002
2026-07-28,GTLB,GitLab,"Staff Backend Engineer (Go), Events Platform",DevOps Engineering,"Bangalore, India",product_eng,staff_principal,0,0,0,,,https://job-boards.greenhouse.io/gitlab/jobs/8488961002
2026-07-28,GTLB,GitLab,"Staff Backend Engineer (Ruby on Rails/AI), Verify",DevOps Engineering,"Remote, United Kingdom",product_eng,staff_principal,1,13,1,application|buzz,,https://job-boards.greenhouse.io/gitlab/jobs/8448283002
2026-07-28,GTLB,GitLab,"Staff Backend Engineer,  Software Supply Chain Security",Sec Engineering,"Bangalore, India",product_eng,staff_principal,0,0,0,,,https://job-boards.greenhouse.io/gitlab/jobs/8480559002
2026-07-28,GTLB,GitLab,"Staff Engineer, People Technology",People Operations,"Remote, Canada; Remote, United States",product_eng,staff_principal,0,6,1,application,170000,https://job-boards.greenhouse.io/gitlab/jobs/8638295002
2026-07-28,GTLB,GitLab,Staff Forward Deployed Engineer,Customer Experience,"Remote, United States",demand_validated,staff_principal,0,6,1,application|buzz|data_ml_ops,,https://job-boards.greenhouse.io/gitlab/jobs/8517171002
2026-07-28,GTLB,GitLab,Staff Fullstack Engineer - Data Products,Data Engineering,"Bangalore, India",product_eng,staff_principal,0,0,0,,,https://job-boards.greenhouse.io/gitlab/jobs/8613165002
2026-07-28,GTLB,GitLab,Staff Fullstack Engineer - Data Products,Data Engineering,"Bangalore, India",product_eng,staff_principal,0,0,0,,,https://job-boards.greenhouse.io/gitlab/jobs/8623763002
2026-07-28,GTLB,GitLab,Staff Infrastructure Security Engineer ,Product Security,"Remote, India; Remote, Israel; Remote, United Kingdom; Remote, US",product_eng,staff_principal,0,0,0,,,https://job-boards.greenhouse.io/gitlab/jobs/8514960002
2026-07-28,GTLB,GitLab,Staff Lifecycle Marketing Manager,Digital Marketing,"Remote, Canada; Remote, US",nontech,staff_principal,0,0,0,,187200,https://job-boards.greenhouse.io/gitlab/jobs/8610952002
2026-07-28,GTLB,GitLab,"Staff Product Designer, Knowledge Graph",Product Design,"Remote, Canada; Remote, United Kingdom; Remote, US",product_eng,staff_principal,0,0,0,,182500,https://job-boards.greenhouse.io/gitlab/jobs/8475077002
2026-07-28,GTLB,GitLab,"Staff Product Manager,  RevOps & Finance Systems",Enterprise Applications,"Remote, US",product_eng,staff_principal,0,0,0,,,https://job-boards.greenhouse.io/gitlab/jobs/8612937002
2026-07-28,GTLB,GitLab,Staff Team Member Relations Partner ,People Business Partners,"Remote, Canada; Remote, United States",other,staff_principal,0,0,0,,170000,https://job-boards.greenhouse.io/gitlab/jobs/8637467002
2026-07-28,GTLB,GitLab,Strategic Account Executive  - Belgium & Luxembourg (Paris / Lille area based),EMEA - Enterprise,"Remote, France",demand_validated,mid,0,1,0,buzz,,https://job-boards.greenhouse.io/gitlab/jobs/8575027002
2026-07-28,GTLB,GitLab,"Strategic Account Executive, Germany (Ent Industry)",EMEA - Enterprise,"Remote, Germany",demand_validated,mid,0,1,0,buzz,,https://job-boards.greenhouse.io/gitlab/jobs/8520248002
2026-07-28,GTLB,GitLab,Strategic Account Executive - MENA,EMEA - Enterprise,"Remote, KSA; Remote, UAE",demand_validated,mid,0,1,0,buzz,,https://job-boards.greenhouse.io/gitlab/jobs/8637995002
2026-07-28,GTLB,GitLab,"Strategic Account Executive, San Francisco ",AMER - Enterprise,"Remote, US",demand_validated,mid,0,1,0,buzz,155300,https://job-boards.greenhouse.io/gitlab/jobs/8604630002
2026-07-28,GTLB,GitLab,Strategic Account Executive - South Africa,EMEA - Enterprise,"Remote, United Arab Emirates",demand_validated,mid,0,0,0,,,https://job-boards.greenhouse.io/gitlab/jobs/8555134002
2026-07-28,GTLB,GitLab,Strategic Account Executive - Turkey ,EMEA - Enterprise,"Remote, Turkey",demand_validated,mid,0,0,0,,,https://job-boards.greenhouse.io/gitlab/jobs/8609979002
2026-07-28,GTLB,GitLab,"Support Engineer, U.S. Government Support",Customer Success - PubSec,"Remote, US",product_eng,mid,0,3,1,application,128000,https://job-boards.greenhouse.io/gitlab/jobs/8628780002
2026-07-28,GTLB,GitLab,Technical Architect - Australia,Customer Experience,"Remote, Australia",product_eng,mid,0,0,0,,,https://job-boards.greenhouse.io/gitlab/jobs/8595143002
2026-07-28,GTLB,GitLab,Tech Operations Specialist,Enablement,"Remote, United States",nontech,mid,0,0,0,,128000,https://job-boards.greenhouse.io/gitlab/jobs/8638246002
2026-07-28,GTLB,GitLab,"Vice President, Data & Insights",Data,"Remote, US",other,exec,0,4,1,application|buzz,,https://job-boards.greenhouse.io/gitlab/jobs/8510676002
2026-07-28,GTLB,GitLab,"Vice President, Finance Strategy & Operations",Office of CFO,"Remote, US",nontech,exec,0,0,0,,,https://job-boards.greenhouse.io/gitlab/jobs/8467198002
2026-07-28,GTLB,GitLab,"Vice President, Legal Commercial",Legal,"Remote, US",nontech,exec,0,5,1,buzz|model_infra,,https://job-boards.greenhouse.io/gitlab/jobs/8499647002
2026-07-28,FIG,Figma,"Account Executive, Emerging Enterprise (Berlin, Germany)",Sales,"Berlin, Germany",demand_validated,mid,0,0,0,,,https://boards.greenhouse.io/figma/jobs/5364702004?gh_jid=5364702004
2026-07-28,FIG,Figma,"Account Executive, Enterprise",Sales,"San Francisco, CA • New York, NY • United States",demand_validated,mid,0,0,0,,177500,https://boards.greenhouse.io/figma/jobs/5426468004?gh_jid=5426468004
2026-07-28,FIG,Figma,"Account Executive, Enterprise (Bengaluru, India)",Sales,"Bengaluru, India",demand_validated,mid,0,0,0,,,https://boards.greenhouse.io/figma/jobs/5579204004?gh_jid=5579204004
2026-07-28,FIG,Figma,"Account Executive, Enterprise (Berlin, Germany)",Sales,"Berlin, Germany",demand_validated,mid,0,0,0,,,https://boards.greenhouse.io/figma/jobs/5783812004?gh_jid=5783812004
2026-07-28,FIG,Figma,"Account Executive, Enterprise (Paris, France) ",Sales,"Paris, France",demand_validated,mid,0,0,0,,,https://boards.greenhouse.io/figma/jobs/5428656004?gh_jid=5428656004
2026-07-28,FIG,Figma,"Account Executive, Enterprise (Singapore)",Sales,Singapore,demand_validated,mid,0,0,0,,,https://boards.greenhouse.io/figma/jobs/5753209004?gh_jid=5753209004
2026-07-28,FIG,Figma,"Account Executive, Enterprise (Sydney or Melbourne, Australia)",Sales,"Sydney, Australia • Melbourne, Australia",demand_validated,mid,0,0,0,,,https://boards.greenhouse.io/figma/jobs/5803515004?gh_jid=5803515004
2026-07-28,FIG,Figma,"Account Executive, Enterprise (Tokyo, Japan) ",Sales,"Tokyo, Japan",demand_validated,mid,0,0,0,,,https://boards.greenhouse.io/figma/jobs/5806875004?gh_jid=5806875004
2026-07-28,FIG,Figma,"Account Executive - Figma Weave (New York, United States)",Weavy - Figma Weave,"New York, NY • United States",demand_validated,mid,0,0,0,,110000,https://boards.greenhouse.io/figma/jobs/5755146004?gh_jid=5755146004
2026-07-28,FIG,Figma,"Account Executive, Mid-Market",Sales,"San Francisco, CA • New York, NY • United States",demand_validated,mid,0,0,0,,110000,https://boards.greenhouse.io/figma/jobs/5422236004?gh_jid=5422236004
2026-07-28,FIG,Figma,"Account Executive, Mid-Market (London, United Kingdom)",Sales,"London, England",demand_validated,mid,0,0,0,,,https://boards.greenhouse.io/figma/jobs/5415515004?gh_jid=5415515004
2026-07-28,FIG,Figma,"Account Executive, Mid-Market (Paris, France)",Sales,"Paris, France",demand_validated,mid,0,0,0,,,https://boards.greenhouse.io/figma/jobs/5844225004?gh_jid=5844225004
2026-07-28,FIG,Figma,"Account Executive, Mid-Market (Sydney, Australia)",Sales,"Sydney, Australia",demand_validated,mid,0,0,0,,,https://boards.greenhouse.io/figma/jobs/6117206004?gh_jid=6117206004
2026-07-28,FIG,Figma,"Account Executive, SMB ",Sales,"San Francisco, CA • New York, NY",demand_validated,mid,0,0,0,,70500,https://boards.greenhouse.io/figma/jobs/5694259004?gh_jid=5694259004
2026-07-28,FIG,Figma,"Account Executive, SMB (Berlin, Germany)",Sales,"Berlin, Germany",demand_validated,mid,0,0,0,,,https://boards.greenhouse.io/figma/jobs/5985397004?gh_jid=5985397004
2026-07-28,FIG,Figma,"Account Executive, SMB (Paris, France)",Sales,"Paris, France",demand_validated,mid,0,0,0,,,https://boards.greenhouse.io/figma/jobs/5675771004?gh_jid=5675771004
2026-07-28,FIG,Figma,"Account Executive, SMB, Spanish & Portuguese Speaking (São Paulo, Brazil)",Sales,"São Paulo, Brazil",demand_validated,mid,0,0,0,,,https://boards.greenhouse.io/figma/jobs/6100117004?gh_jid=6100117004
2026-07-28,FIG,Figma,"Account Executive, SMB (Tokyo, Japan) ",Sales,"Tokyo, Japan",demand_validated,mid,0,0,0,,,https://boards.greenhouse.io/figma/jobs/5729844004?gh_jid=5729844004
2026-07-28,FIG,Figma,"Account Executive, Strategic",Sales,"San Francisco, CA • New York, NY • United States",demand_validated,mid,0,0,0,,200000,https://boards.greenhouse.io/figma/jobs/5558737004?gh_jid=5558737004
2026-07-28,FIG,Figma,"Account Executive, Strategic (Paris, France) ",Sales,"Paris, France",demand_validated,mid,0,0,0,,,https://boards.greenhouse.io/figma/jobs/5565921004?gh_jid=5565921004
2026-07-28,FIG,Figma,"Account Executive, Strategic (Tokyo, Japan)",Sales,"Tokyo, Japan",demand_validated,mid,0,0,0,,,https://boards.greenhouse.io/figma/jobs/5756182004?gh_jid=5756182004
2026-07-28,FIG,Figma,AI Applied Scientist,Engineering,"San Francisco, CA • New York, NY • United States",other,mid,1,30,1,application|buzz|general_medium|model_infra,264500,https://boards.greenhouse.io/figma/jobs/5707966004?gh_jid=5707966004
2026-07-28,FIG,Figma,Associate Solutions Consultant,Sales,"San Francisco, CA • New York, NY",other,mid,0,0,0,,168400,https://boards.greenhouse.io/figma/jobs/5633324004?gh_jid=5633324004
2026-07-28,FIG,Figma,"Business Recruiter (São Paulo, Brazil)",Talent,"São Paulo, Brazil",nontech,mid,0,0,0,,,https://boards.greenhouse.io/figma/jobs/5832782004?gh_jid=5832782004
2026-07-28,FIG,Figma,Compensation Partner (Engineering),People,"San Francisco, CA • New York, NY • United States",product_eng,mid,0,0,0,,219000,https://boards.greenhouse.io/figma/jobs/6014642004?gh_jid=6014642004
2026-07-28,FIG,Figma,Corporate Counsel,Legal,"San Francisco, CA • New York, NY • United States",nontech,mid,0,0,0,,224500,https://boards.greenhouse.io/figma/jobs/6018708004?gh_jid=6018708004
2026-07-28,FIG,Figma,Customer Enablement Manager,Sales,"San Francisco, CA • New York, NY • United States",nontech,mid,0,0,0,,198000,https://boards.greenhouse.io/figma/jobs/5817899004?gh_jid=5817899004
2026-07-28,FIG,Figma,"Customer Enablement Manager - Figma Weave (New York, United States)",Weavy - Figma Weave,"New York, NY",nontech,mid,0,0,0,,198000,https://boards.greenhouse.io/figma/jobs/5765928004?gh_jid=5765928004
2026-07-28,FIG,Figma,"Customer Enablement Manager (Tokyo, Japan)",Sales,"Tokyo, Japan",nontech,mid,0,0,0,,,https://boards.greenhouse.io/figma/jobs/6099277004?gh_jid=6099277004
2026-07-28,FIG,Figma,"Customer Success Manager (London, United Kingdom)",Sales,"London, England",demand_validated,mid,0,0,0,,,https://boards.greenhouse.io/figma/jobs/6102903004?gh_jid=6102903004
2026-07-28,FIG,Figma,"Customer Success Manager (Paris, France)   ",Sales,"Paris, France",demand_validated,mid,0,0,0,,,https://boards.greenhouse.io/figma/jobs/5976498004?gh_jid=5976498004
2026-07-28,FIG,Figma,"Customer Success Manager (São Paulo, Brazil)",Sales,"São Paulo, Brazil",demand_validated,mid,0,0,0,,,https://boards.greenhouse.io/figma/jobs/6104028004?gh_jid=6104028004
2026-07-28,FIG,Figma,Data Engineer,Engineering,"San Francisco, CA • New York, NY • United States",product_eng,mid,0,0,0,,244000,https://boards.greenhouse.io/figma/jobs/5220003004?gh_jid=5220003004
2026-07-28,FIG,Figma,Data Scientist  ,Engineering,"San Francisco, CA • New York, NY • United States",product_eng,mid,0,0,0,,244000,https://boards.greenhouse.io/figma/jobs/5552580004?gh_jid=5552580004
2026-07-28,FIG,Figma,"Data Scientist, Core Data -  PhD (2026)",Early Career,"San Francisco, CA • New York, NY",product_eng,mid,0,7,1,application|buzz|general_medium,174000,https://boards.greenhouse.io/figma/jobs/5976930004?gh_jid=5976930004
2026-07-28,FIG,Figma,"Data Scientist, Finance",Engineering,"San Francisco, CA • New York, NY • United States",product_eng,mid,0,1,0,buzz,244000,https://boards.greenhouse.io/figma/jobs/6013304004?gh_jid=6013304004
2026-07-28,FIG,Figma,"Data Scientist, Marketing",Engineering,"San Francisco, CA • New York, NY • United States",product_eng,mid,0,5,0,buzz|general_medium,244000,https://boards.greenhouse.io/figma/jobs/6013303004?gh_jid=6013303004
2026-07-28,FIG,Figma,Designer Advocate,Marketing,"San Francisco, CA",product_eng,mid,0,0,0,,235000,https://boards.greenhouse.io/figma/jobs/6014530004?gh_jid=6014530004
2026-07-28,FIG,Figma,"Designer Advocate - Figma Weave (New York, United States)",Weavy - Figma Weave,"New York, NY",product_eng,mid,0,0,0,,235000,https://boards.greenhouse.io/figma/jobs/5692764004?gh_jid=5692764004
2026-07-28,FIG,Figma,"Designer Advocate (London, United Kingdom)",Marketing,"London, England",product_eng,mid,0,0,0,,,https://boards.greenhouse.io/figma/jobs/6122399004?gh_jid=6122399004
2026-07-28,FIG,Figma,"Designer Advocate, Partnerships",Marketing,"San Francisco, CA",product_eng,mid,0,3,1,application,235000,https://boards.greenhouse.io/figma/jobs/6114301004?gh_jid=6114301004
2026-07-28,FIG,Figma,"Designer Advocate (São Paulo, Brazil)",Marketing,"São Paulo, Brazil",product_eng,mid,0,0,0,,,https://boards.greenhouse.io/figma/jobs/6022151004?gh_jid=6022151004
2026-07-28,FIG,Figma,"Developer Advocate (Tokyo, Japan)",Marketing,"Tokyo, Japan",product_eng,mid,0,0,0,,,https://boards.greenhouse.io/figma/jobs/5969647004?gh_jid=5969647004
2026-07-28,FIG,Figma,"Director, Business Operations",Business Operations,"San Francisco, CA • New York, NY • United States",nontech,director,0,0,0,,303000,https://boards.greenhouse.io/figma/jobs/6092343004?gh_jid=6092343004
2026-07-28,FIG,Figma,"Director, Business Systems",Business Operations,"San Francisco, CA • New York, NY • United States",other,director,0,0,0,,303000,https://boards.greenhouse.io/figma/jobs/6019394004?gh_jid=6019394004
2026-07-28,FIG,Figma,"Director, Communications ",Marketing,"San Francisco, CA • New York, NY",nontech,director,0,0,0,,276000,https://boards.greenhouse.io/figma/jobs/5841222004?gh_jid=5841222004
2026-07-28,FIG,Figma,"Director, Enterprise Sales",Sales,"San Francisco, CA • United States",nontech,director,0,0,0,,237500,https://boards.greenhouse.io/figma/jobs/5996614004?gh_jid=5996614004
2026-07-28,FIG,Figma,"Director, Federal Sales",Sales,"San Francisco, CA • New York, NY • United States",nontech,director,0,0,0,,237500,https://boards.greenhouse.io/figma/jobs/5728495004?gh_jid=5728495004
2026-07-28,FIG,Figma,"Director, Growth Marketing",Marketing,"San Francisco, CA • New York, NY • United States",nontech,director,0,0,0,,276000,https://boards.greenhouse.io/figma/jobs/5998147004?gh_jid=5998147004
2026-07-28,FIG,Figma,"Director, IT",Business Operations,"San Francisco, CA • New York, NY • United States",other,director,0,1,0,buzz,303000,https://boards.greenhouse.io/figma/jobs/5850497004?gh_jid=5850497004
2026-07-28,FIG,Figma,"Director, Mid-Market Sales",Sales,"New York, NY; San Francisco, CA • New York, NY • United States",nontech,director,0,0,0,,180000,https://boards.greenhouse.io/figma/jobs/6018024004?gh_jid=6018024004
2026-07-28,FIG,Figma,"Director, Product - Enterprise ",Product,"San Francisco, CA • New York, NY • United States",other,director,0,1,0,buzz,333000,https://boards.greenhouse.io/figma/jobs/6002024004?gh_jid=6002024004
2026-07-28,FIG,Figma,"Director, Research - AI Evals",Design,"San Francisco, CA • New York, NY • United States",other,director,1,4,1,application|buzz,303000,https://boards.greenhouse.io/figma/jobs/6112112004?gh_jid=6112112004
2026-07-28,FIG,Figma,"Director, Solutions Consulting",Sales,"San Francisco, CA • New York, NY • United States",other,director,0,0,0,,303200,https://boards.greenhouse.io/figma/jobs/5820284004?gh_jid=5820284004
2026-07-28,FIG,Figma,"Director, Technical Revenue Accounting",Business Operations,"San Francisco, CA • New York, NY • United States",nontech,director,0,0,0,,276000,https://boards.greenhouse.io/figma/jobs/5835172004?gh_jid=5835172004
2026-07-28,FIG,Figma,Distribution Partner Manager,Business Development,"San Francisco, CA • New York, NY • United States",other,mid,0,0,0,,218000,https://boards.greenhouse.io/figma/jobs/5813967004?gh_jid=5813967004
2026-07-28,FIG,Figma, Distribution Partner Manager (Singapore),Business Development,Singapore,other,mid,0,0,0,,,https://boards.greenhouse.io/figma/jobs/5756184004?gh_jid=5756184004
2026-07-28,FIG,Figma,"Employment Counsel (London, United Kingdom) ",Legal,"London, England",nontech,mid,0,0,0,,,https://boards.greenhouse.io/figma/jobs/6100732004?gh_jid=6100732004
2026-07-28,FIG,Figma,"Enterprise Solutions Consultant (Bengaluru, India)",Sales,"Bengaluru, India",other,mid,0,0,0,,,https://boards.greenhouse.io/figma/jobs/5615966004?gh_jid=5615966004
2026-07-28,FIG,Figma,"Enterprise Support Specialist, Korean Speaking (London, United Kingdom)",Customer Operations and Support,"London, England",nontech,mid,0,2,0,buzz,,https://boards.greenhouse.io/figma/jobs/6105678004?gh_jid=6105678004
2026-07-28,FIG,Figma,"Enterprise Support Specialist, Korean Speaking (Singapore)",Customer Operations and Support,Singapore,nontech,mid,0,2,0,buzz,,https://boards.greenhouse.io/figma/jobs/6010954004?gh_jid=6010954004
2026-07-28,FIG,Figma,"Enterprise Support Specialist (London, United Kingdom)",Customer Operations and Support,"London, England",nontech,mid,0,2,0,buzz,,https://boards.greenhouse.io/figma/jobs/6116486004?gh_jid=6116486004
2026-07-28,FIG,Figma,"Events Manager - Figma Weave (New York, United States)",Weavy - Figma Weave,"New York, NY",other,mid,0,0,0,,192000,https://boards.greenhouse.io/figma/jobs/6126728004?gh_jid=6126728004
2026-07-28,FIG,Figma,"Executive Assistant, Design ",Design,"San Francisco, CA • New York, NY • United States",other,mid,0,0,0,,174000,https://boards.greenhouse.io/figma/jobs/6115082004?gh_jid=6115082004
2026-07-28,FIG,Figma,"Executive Assistant, Engineering",Engineering,"San Francisco, CA",product_eng,mid,0,0,0,,174000,https://boards.greenhouse.io/figma/jobs/6009197004?gh_jid=6009197004
2026-07-28,FIG,Figma,"Executive Assistant, People",Talent,"San Francisco, CA",other,mid,0,0,0,,198000,https://boards.greenhouse.io/figma/jobs/5969046004?gh_jid=5969046004
2026-07-28,FIG,Figma,Field Enablement Manager,Sales,"San Francisco, CA • New York, NY • United States",nontech,mid,0,0,0,,198000,https://boards.greenhouse.io/figma/jobs/6007619004?gh_jid=6007619004
2026-07-28,FIG,Figma,Forward Deployed Engineer ,Sales,"San Francisco, CA • New York, NY • United States",demand_validated,mid,0,0,0,,224400,https://boards.greenhouse.io/figma/jobs/6110219004?gh_jid=6110219004
2026-07-28,FIG,Figma,Governance Risk and Compliance,Business Operations,"San Francisco, CA • New York, NY • United States",other,mid,0,0,0,,224500,https://boards.greenhouse.io/figma/jobs/6015630004?gh_jid=6015630004
2026-07-28,FIG,Figma,"Head of Marketing, LATAM (São Paulo, Brazil)",Marketing,"São Paulo, Brazil",nontech,exec,0,0,0,,,https://boards.greenhouse.io/figma/jobs/5810842004?gh_jid=5810842004
2026-07-28,FIG,Figma,Inside Sales Representative - Early Career (2026),Sales,"San Francisco, CA • New York, NY",nontech,intern,0,0,0,,,https://boards.greenhouse.io/figma/jobs/5977327004?gh_jid=5977327004
2026-07-28,FIG,Figma,"Inside Sales Representative - French/German Speaker (London, United Kingdom) ",Sales,"London, England",nontech,mid,0,0,0,,,https://boards.greenhouse.io/figma/jobs/6122269004?gh_jid=6122269004
2026-07-28,FIG,Figma,"Manager, Data Science - AI Product",Engineering,"San Francisco, CA • New York, NY • United States",other,mid,1,0,0,,291500,https://boards.greenhouse.io/figma/jobs/5983820004?gh_jid=5983820004
2026-07-28,FIG,Figma,"Manager, Distribution Partnerships",Business Development,"San Francisco, CA • New York, NY • United States",other,mid,0,0,0,,251000,https://boards.greenhouse.io/figma/jobs/6118332004?gh_jid=6118332004
2026-07-28,FIG,Figma,"Manager, Enterprise Sales",Sales,"San Francisco, CA • New York, NY • United States",nontech,mid,0,0,0,,193000,https://boards.greenhouse.io/figma/jobs/5996930004?gh_jid=5996930004
2026-07-28,FIG,Figma,"Manager, Enterprise Support (Singapore)",Customer Operations and Support,Singapore,nontech,mid,0,0,0,,,https://boards.greenhouse.io/figma/jobs/6104574004?gh_jid=6104574004
2026-07-28,FIG,Figma,"Manager, Figma for Education (International)",Marketing,"San Francisco, CA • New York, NY • United States",other,intern,0,0,0,,251000,https://boards.greenhouse.io/figma/jobs/6004606004?gh_jid=6004606004
2026-07-28,FIG,Figma,"Manager, Inside Sales (London, United Kingdom)",Sales,"London, England",nontech,mid,0,0,0,,,https://boards.greenhouse.io/figma/jobs/6010992004?gh_jid=6010992004
2026-07-28,FIG,Figma,"Manager, IT Operations",Business Operations,"New York, NY",nontech,mid,0,0,0,,211000,https://boards.greenhouse.io/figma/jobs/6104563004?gh_jid=6104563004
2026-07-28,FIG,Figma,"Manager, Mid-Market Sales (Berlin, Germany)",Sales,"Berlin, Germany",nontech,mid,0,0,0,,,https://boards.greenhouse.io/figma/jobs/6110744004?gh_jid=6110744004
2026-07-28,FIG,Figma,"Manager, Product - Code",Product,"New York, NY • United States",other,mid,0,3,1,application,276000,https://boards.greenhouse.io/figma/jobs/6104919004?gh_jid=6104919004
2026-07-28,FIG,Figma,"Manager, Product Design",Design,"San Francisco, CA • New York, NY • United States",other,mid,0,3,1,application,276000,https://boards.greenhouse.io/figma/jobs/5790585004?gh_jid=5790585004
2026-07-28,FIG,Figma,"Manager, Security Operations",Business Operations,"San Francisco, CA • New York, NY • United States",nontech,mid,0,1,0,buzz,240500,https://boards.greenhouse.io/figma/jobs/6015609004?gh_jid=6015609004
2026-07-28,FIG,Figma,"Manager, Software Engineering - AI Product ",Engineering,"San Francisco, CA • New York, NY • United States",product_eng,mid,1,8,1,application|buzz|model_infra,317000,https://boards.greenhouse.io/figma/jobs/5838098004?gh_jid=5838098004
2026-07-28,FIG,Figma,"Manager, Software Engineering - AI Product (London, United Kingdom)",Engineering,"London, England",product_eng,mid,1,8,1,application|buzz|model_infra,,https://boards.greenhouse.io/figma/jobs/6099616004?gh_jid=6099616004
2026-07-28,FIG,Figma,"Manager, Software Engineering - Billing",Engineering,"San Francisco, CA • New York, NY • United States",product_eng,mid,0,0,0,,317000,https://boards.greenhouse.io/figma/jobs/5722244004?gh_jid=5722244004
2026-07-28,FIG,Figma,"Manager, Software Engineering - DevEx AI Tools",Engineering,"San Francisco, CA • New York, NY • United States",product_eng,mid,1,7,1,application|buzz,317000,https://boards.greenhouse.io/figma/jobs/6008752004?gh_jid=6008752004
2026-07-28,FIG,Figma,"Manager, Software Engineering - Figma Weave (Tel Aviv, Israel)",Weavy - Figma Weave,"Tel Aviv, Israel",product_eng,mid,0,0,0,,,https://boards.greenhouse.io/figma/jobs/6105734004?gh_jid=6105734004
2026-07-28,FIG,Figma,"Manager, Software Engineering - Growth Platform ",Engineering,"San Francisco, CA • New York, NY • United States",product_eng,mid,0,2,0,general_medium,317000,https://boards.greenhouse.io/figma/jobs/6010279004?gh_jid=6010279004
2026-07-28,FIG,Figma,"Manager, Software Engineering - Interaction Design",Engineering,"San Francisco, CA • New York, NY • United States",product_eng,mid,0,0,0,,317000,https://boards.greenhouse.io/figma/jobs/5778796004?gh_jid=5778796004
2026-07-28,FIG,Figma,"Manager, Software Engineering - Observability",Engineering,"San Francisco, CA • New York, NY • United States",product_eng,mid,0,4,1,application|buzz,317000,https://boards.greenhouse.io/figma/jobs/5807963004?gh_jid=5807963004
2026-07-28,FIG,Figma,"Manager, Software Engineering - Payload",Engineering,"San Francisco, CA • New York, NY • United States",product_eng,mid,0,3,1,application,317000,https://boards.greenhouse.io/figma/jobs/6092906004?gh_jid=6092906004
2026-07-28,FIG,Figma,"Manager, Software Engineering - Storage Platform",Engineering,"San Francisco, CA • New York, NY • United States",product_eng,mid,0,3,1,application,317000,https://boards.greenhouse.io/figma/jobs/6084344004?gh_jid=6084344004
2026-07-28,FIG,Figma,"Manager, Solutions Consultant (London, United Kingdom)",Sales,"London, England",other,mid,0,0,0,,,https://boards.greenhouse.io/figma/jobs/6111591004?gh_jid=6111591004
2026-07-28,FIG,Figma,"Manager, Solutions Consulting",Sales,"San Francisco, CA • New York, NY • United States",other,mid,0,0,0,,251200,https://boards.greenhouse.io/figma/jobs/5697641004?gh_jid=5697641004
2026-07-28,FIG,Figma,"Manager, Strategic Sales",Sales,"San Francisco, CA • New York, NY",nontech,mid,0,0,0,,193000,https://boards.greenhouse.io/figma/jobs/5620034004?gh_jid=5620034004
2026-07-28,FIG,Figma,Marketing Engineer,Marketing,"San Francisco, CA • New York, NY • United States",product_eng,mid,0,8,1,application|buzz,211500,https://boards.greenhouse.io/figma/jobs/6013495004?gh_jid=6013495004
2026-07-28,FIG,Figma,Motion Designer ,Customer Operations and Support,"San Francisco, CA • New York, NY • United States",product_eng,mid,0,0,0,,144000,https://boards.greenhouse.io/figma/jobs/6117563004?gh_jid=6117563004
2026-07-28,FIG,Figma,"Onboarding Manager, Customer Experience (Tokyo, Japan)",Sales,"Tokyo, Japan",other,mid,0,0,0,,,https://boards.greenhouse.io/figma/jobs/6051050004?gh_jid=6051050004
2026-07-28,FIG,Figma,Open Source Developer,Engineering,"San Francisco, CA • New York, NY • United States",product_eng,mid,0,6,1,application,198000,https://boards.greenhouse.io/figma/jobs/5980571004?gh_jid=5980571004
2026-07-28,FIG,Figma,People Operations Coordinator,People,"San Francisco, CA",nontech,mid,0,0,0,,,https://boards.greenhouse.io/figma/jobs/6104568004?gh_jid=6104568004
2026-07-28,FIG,Figma,"People Partner, Japan & APAC (Singapore)",People,Singapore,other,mid,0,0,0,,,https://boards.greenhouse.io/figma/jobs/5978282004?gh_jid=5978282004
2026-07-28,FIG,Figma,"Product Designer, AI Models",Design,"San Francisco, CA • New York, NY • United States",product_eng,mid,1,0,0,,236000,https://boards.greenhouse.io/figma/jobs/5711913004?gh_jid=5711913004
2026-07-28,FIG,Figma,"Product Designer, Design, Dev, & AI Tools",Design,"San Francisco, CA • New York, NY • United States",product_eng,mid,1,0,0,,236000,https://boards.greenhouse.io/figma/jobs/5711468004?gh_jid=5711468004
2026-07-28,FIG,Figma,"Product Designer - Figma Weave (Tel Aviv, Israel)",Weavy - Figma Weave,"Tel Aviv, Israel",product_eng,mid,0,1,0,buzz,,https://boards.greenhouse.io/figma/jobs/5991320004?gh_jid=5991320004
2026-07-28,FIG,Figma,"Product Designer, Growth & Monetization",Design,"San Francisco, CA • New York, NY • United States",product_eng,mid,0,0,0,,236000,https://boards.greenhouse.io/figma/jobs/5711595004?gh_jid=5711595004
2026-07-28,FIG,Figma,"Product Manager, Acquisition",Product,"San Francisco, CA • New York, NY • United States",product_eng,mid,0,1,0,buzz,236000,https://boards.greenhouse.io/figma/jobs/6119781004?gh_jid=6119781004
2026-07-28,FIG,Figma,"Product Manager, AI Growth",Product,"San Francisco, CA • New York, NY • United States",product_eng,mid,1,1,0,buzz,255000,https://boards.greenhouse.io/figma/jobs/5989185004?gh_jid=5989185004
2026-07-28,FIG,Figma,"Product Manager, AI Platform",Product,"San Francisco, CA • New York, NY • United States",product_eng,mid,1,4,1,application|buzz,236000,https://boards.greenhouse.io/figma/jobs/5830640004?gh_jid=5830640004
2026-07-28,FIG,Figma,"Product Manager, CMS",Product,"San Francisco, CA • New York, NY • United States",product_eng,mid,0,0,0,,236000,https://boards.greenhouse.io/figma/jobs/6092802004?gh_jid=6092802004
2026-07-28,FIG,Figma,"Product Manager, Code",Product,"San Francisco, CA • New York, NY • United States",product_eng,mid,0,4,1,application|buzz,236000,https://boards.greenhouse.io/figma/jobs/6100482004?gh_jid=6100482004
2026-07-28,FIG,Figma,"Product Manager, Design Tools",Product,"San Francisco, CA • New York, NY • United States",product_eng,mid,0,3,1,application,236000,https://boards.greenhouse.io/figma/jobs/5505263004?gh_jid=5505263004
2026-07-28,FIG,Figma,"Product Manager - Figma Weave (Tel-Aviv, Israel)",Weavy - Figma Weave,"Tel Aviv, Israel",product_eng,mid,0,1,0,buzz,,https://boards.greenhouse.io/figma/jobs/5991338004?gh_jid=5991338004
2026-07-28,FIG,Figma,"Product Marketing Manager, Audience and Messaging",Marketing,"San Francisco, CA • New York, NY • United States",nontech,mid,0,0,0,,235000,https://boards.greenhouse.io/figma/jobs/6009558004?gh_jid=6009558004
2026-07-28,FIG,Figma,"Product Marketing Manager - Figma Weave (Tel Aviv, Israel) ",Weavy - Figma Weave,"Tel Aviv, Israel",nontech,mid,0,0,0,,,https://boards.greenhouse.io/figma/jobs/6105673004?gh_jid=6105673004
2026-07-28,FIG,Figma,"Product Marketing Manager, Monetization",Marketing,"San Francisco, CA • New York, NY • United States",nontech,mid,0,1,0,buzz,235000,https://boards.greenhouse.io/figma/jobs/5989134004?gh_jid=5989134004
2026-07-28,FIG,Figma,Product Partner Manager ,Business Development,"San Francisco, CA • New York, NY • United States",other,mid,0,0,0,,218000,https://boards.greenhouse.io/figma/jobs/5822583004?gh_jid=5822583004
2026-07-28,FIG,Figma,"Recruiter (Bengaluru, India)",Talent,"Bengaluru, India",nontech,mid,0,0,0,,,https://boards.greenhouse.io/figma/jobs/5993654004?gh_jid=5993654004
2026-07-28,FIG,Figma,"Recruiter (Berlin, Germany)",Talent,"Berlin, Germany",nontech,mid,0,0,0,,,https://boards.greenhouse.io/figma/jobs/6014235004?gh_jid=6014235004
2026-07-28,FIG,Figma,"Recruiter (Paris, France)",Talent,"Paris, France",nontech,mid,0,0,0,,,https://boards.greenhouse.io/figma/jobs/6019700004?gh_jid=6019700004
2026-07-28,FIG,Figma,"Researcher, Core Product Strategy",Design,"San Francisco, CA • New York, NY • United States",research,mid,0,1,0,buzz,209500,https://boards.greenhouse.io/figma/jobs/5651744004?gh_jid=5651744004
2026-07-28,FIG,Figma,"Sales Operations Manager, New Business",Sales,"San Francisco, CA • New York, NY • United States",nontech,mid,0,0,0,,192500,https://boards.greenhouse.io/figma/jobs/5998224004?gh_jid=5998224004
2026-07-28,FIG,Figma,Sales Operations Manager (Singapore),Sales,Singapore,nontech,mid,0,0,0,,,https://boards.greenhouse.io/figma/jobs/6123146004?gh_jid=6123146004
2026-07-28,FIG,Figma,Security Engineer,Engineering,"San Francisco, CA • New York, NY • United States",product_eng,mid,0,1,0,buzz,264500,https://boards.greenhouse.io/figma/jobs/5829751004?gh_jid=5829751004
2026-07-28,FIG,Figma,Senior Accountant,Business Operations,"San Francisco, CA • New York, NY • United States",other,senior,0,0,0,,141000,https://boards.greenhouse.io/figma/jobs/6119198004?gh_jid=6119198004
2026-07-28,FIG,Figma,"Senior Account Executive, SMB",Sales,"San Francisco, CA • New York, NY • United States",demand_validated,senior,0,0,0,,82500,https://boards.greenhouse.io/figma/jobs/5565447004?gh_jid=5565447004
2026-07-28,FIG,Figma,"Senior Account Executive, UK Government (London, United Kingdom)",Sales,"London, England",demand_validated,senior,0,0,0,,,https://boards.greenhouse.io/figma/jobs/5988684004?gh_jid=5988684004
2026-07-28,FIG,Figma,"Senior Analyst, SEC Reporting & Technical Accounting",Business Operations,"San Francisco, CA • New York, NY • United States",nontech,senior,0,0,0,,174000,https://boards.greenhouse.io/figma/jobs/6105538004?gh_jid=6105538004
2026-07-28,FIG,Figma,Senior Credit & Collections Analyst,Business Operations,"San Francisco, CA • New York, NY • United States",other,senior,0,0,0,,,https://boards.greenhouse.io/figma/jobs/5995850004?gh_jid=5995850004
2026-07-28,FIG,Figma,"Senior Manager, Customer Experience & Solutions (Tokyo, Japan)",Sales,"Tokyo, Japan",other,senior,0,0,0,,,https://boards.greenhouse.io/figma/jobs/5856821004?gh_jid=5856821004
2026-07-28,FIG,Figma,"Senior Manager, Enterprise Sales (London, United Kingdom)",Sales,"London, England",nontech,senior,0,0,0,,,https://boards.greenhouse.io/figma/jobs/6124232004?gh_jid=6124232004
2026-07-28,FIG,Figma,"Senior Manager, Enterprise Sales (Tokyo, Japan)",Sales,"Tokyo, Japan",nontech,senior,0,0,0,,,https://boards.greenhouse.io/figma/jobs/5753194004?gh_jid=5753194004
2026-07-28,FIG,Figma,"Senior Manager, Payroll Compliance & International Operations (Sydney, Australia)",Business Operations,"Sydney, Australia",nontech,intern,0,0,0,,,https://boards.greenhouse.io/figma/jobs/6013144004?gh_jid=6013144004
2026-07-28,FIG,Figma,Senior Product Counsel,Legal,"San Francisco, CA • New York, NY • United States",nontech,senior,0,1,0,buzz,260500,https://boards.greenhouse.io/figma/jobs/6104505004?gh_jid=6104505004
2026-07-28,FIG,Figma,Senior Sales Enablement Manager (Singapore),Sales,Singapore,nontech,senior,0,0,0,,,https://boards.greenhouse.io/figma/jobs/6005428004?gh_jid=6005428004
2026-07-28,FIG,Figma,"Senior Sales Enablement Manager (Tokyo, Japan) ",Sales,"Tokyo, Japan",nontech,senior,0,0,0,,,https://boards.greenhouse.io/figma/jobs/6003308004?gh_jid=6003308004
2026-07-28,FIG,Figma,Senior Solutions Consultant (Singapore),Sales,Singapore,other,senior,0,0,0,,,https://boards.greenhouse.io/figma/jobs/6050054004?gh_jid=6050054004
2026-07-28,FIG,Figma,"Senior Technical Revenue Analyst (Dublin, Ireland) ",Business Operations,"Dublin, Ireland",other,senior,0,0,0,,,https://boards.greenhouse.io/figma/jobs/5835673004?gh_jid=5835673004
2026-07-28,FIG,Figma,"Software Engineer, AI Platforms",Engineering,"San Francisco, CA • New York, NY • United States",product_eng,mid,1,6,1,application|model_infra,264500,https://boards.greenhouse.io/figma/jobs/5691886004?gh_jid=5691886004
2026-07-28,FIG,Figma,"Software Engineer, AI Product",Engineering,"San Francisco, CA • New York, NY • United States",product_eng,mid,1,5,0,buzz|general_medium,264500,https://boards.greenhouse.io/figma/jobs/5551730004?gh_jid=5551730004
2026-07-28,FIG,Figma,"Software Engineer, AI Product (London, United Kingdom)",Engineering,"London, England",product_eng,mid,1,10,1,application|buzz,,https://boards.greenhouse.io/figma/jobs/5551697004?gh_jid=5551697004
2026-07-28,FIG,Figma,"Software Engineer, C++",Engineering,"San Francisco, CA • New York, NY • United States",product_eng,mid,0,0,0,,264500,https://boards.greenhouse.io/figma/jobs/5552530004?gh_jid=5552530004
2026-07-28,FIG,Figma,"Software Engineer, Data Infrastructure",Engineering,"San Francisco, CA • New York, NY • United States",product_eng,mid,0,8,0,buzz|data_ml_ops|general_medium,264500,https://boards.greenhouse.io/figma/jobs/5551686004?gh_jid=5551686004
2026-07-28,FIG,Figma,"Software Engineer, Developer Experience",Engineering,"San Francisco, CA • New York, NY • United States",product_eng,mid,0,0,0,,280500,https://boards.greenhouse.io/figma/jobs/5790627004?gh_jid=5790627004
2026-07-28,FIG,Figma,"Software Engineer, Distributed Systems",Engineering,"San Francisco, CA • New York, NY • United States",product_eng,mid,0,0,0,,264500,https://boards.greenhouse.io/figma/jobs/5552549004?gh_jid=5552549004
2026-07-28,FIG,Figma,"Software Engineer - Figma Weave (Tel Aviv, Israel) ",Weavy - Figma Weave,"Tel Aviv, Israel",product_eng,mid,0,0,0,,,https://boards.greenhouse.io/figma/jobs/6073106004?gh_jid=6073106004
2026-07-28,FIG,Figma,"Software Engineer, Full Stack",Engineering,"San Francisco, CA • New York, NY • United States",product_eng,mid,0,0,0,,264500,https://boards.greenhouse.io/figma/jobs/5691911004?gh_jid=5691911004
2026-07-28,FIG,Figma,"Software Engineer, Graphics & Media",Engineering,"San Francisco, CA • New York, NY • United States",product_eng,mid,0,0,0,,264500,https://boards.greenhouse.io/figma/jobs/5552522004?gh_jid=5552522004
2026-07-28,FIG,Figma,"Software Engineer, Growth & Monetization",Engineering,"San Francisco, CA • New York, NY • United States",product_eng,mid,0,0,0,,264500,https://boards.greenhouse.io/figma/jobs/5552560004?gh_jid=5552560004
2026-07-28,FIG,Figma,"Software Engineer, Machine Learning",Engineering,"San Francisco, CA • New York, NY • United States",product_eng,mid,1,24,1,application|buzz|data_ml_ops|general_medium|model_infra,264500,https://boards.greenhouse.io/figma/jobs/5551532004?gh_jid=5551532004
2026-07-28,FIG,Figma,"Software Engineer, Mobile Web",Engineering,"San Francisco, CA • New York, NY • United States",product_eng,mid,0,0,0,,264500,https://boards.greenhouse.io/figma/jobs/6100023004?gh_jid=6100023004
2026-07-28,FIG,Figma,"Software Engineer, Production Engineering",Engineering,"San Francisco, CA • New York, NY • United States",product_eng,mid,0,0,0,,264500,https://boards.greenhouse.io/figma/jobs/5551649004?gh_jid=5551649004
2026-07-28,FIG,Figma,"Software Engineer, Production Engineering  (London, United Kingdom)",Engineering,"London, England",product_eng,mid,0,0,0,,,https://boards.greenhouse.io/figma/jobs/5781928004?gh_jid=5781928004
2026-07-28,FIG,Figma,"Software Engineer, Traffic",Engineering,"San Francisco, CA • New York, NY • United States",product_eng,mid,0,0,0,,264500,https://boards.greenhouse.io/figma/jobs/6102379004?gh_jid=6102379004
2026-07-28,FIG,Figma,Solutions Consultant,Sales,"San Francisco, CA • New York, NY • United States",other,mid,0,0,0,,224400,https://boards.greenhouse.io/figma/jobs/5783377004?gh_jid=5783377004
2026-07-28,FIG,Figma,"Solutions Consultant, Federal",Sales,"New York, NY; Washington, DC",other,mid,0,0,0,,180400,https://boards.greenhouse.io/figma/jobs/5981822004?gh_jid=5981822004
2026-07-28,FIG,Figma,"Solutions Consultant (London, United Kingdom)",Sales,"London, England",other,mid,0,0,0,,,https://boards.greenhouse.io/figma/jobs/5735493004?gh_jid=5735493004
2026-07-28,FIG,Figma,"Solutions Consultant, Payload",Sales,"San Francisco, CA • New York, NY • United States",other,mid,0,0,0,,224400,https://boards.greenhouse.io/figma/jobs/6111166004?gh_jid=6111166004
2026-07-28,FIG,Figma,"Solutions Consultant (Sydney, Australia)",Sales,"Sydney, Australia",other,mid,0,0,0,,,https://boards.greenhouse.io/figma/jobs/5993635004?gh_jid=5993635004
2026-07-28,FIG,Figma,Strategic Finance,Business Operations,"San Francisco, CA • New York, NY • United States",nontech,mid,0,0,0,,180000,https://boards.greenhouse.io/figma/jobs/5792631004?gh_jid=5792631004
2026-07-28,FIG,Figma,"Strategic Finance, AI Innovation",Business Operations,"San Francisco, CA • New York, NY • United States",nontech,mid,1,3,1,application,207000,https://boards.greenhouse.io/figma/jobs/6112961004?gh_jid=6112961004
2026-07-28,FIG,Figma,"Strategic Finance, Planning Systems",Business Operations,"San Francisco, CA • New York, NY • United States",nontech,mid,0,3,1,application,207000,https://boards.greenhouse.io/figma/jobs/5998049004?gh_jid=5998049004
2026-07-28,FIG,Figma,"Strategic Program Manager - Figma Weave (New York, United States)",Weavy - Figma Weave,"New York, NY",other,mid,0,4,1,application|buzz,211000,https://boards.greenhouse.io/figma/jobs/6123582004?gh_jid=6123582004
2026-07-28,FIG,Figma,Support Content Engineer,Customer Operations and Support,"San Francisco, CA • New York, NY • United States",product_eng,mid,0,4,1,application|buzz,186000,https://boards.greenhouse.io/figma/jobs/6037719004?gh_jid=6037719004
2026-07-28,FIG,Figma,"Support Engineer, AI Infrastructure",Customer Operations and Support,"San Francisco, CA • New York, NY • United States",product_eng,mid,1,7,1,application|buzz,207000,https://boards.greenhouse.io/figma/jobs/5802956004?gh_jid=5802956004
2026-07-28,FIG,Figma,"Technical Account Manager (London, United Kingdom)",Sales,"London, England",demand_validated,mid,0,4,1,application|buzz,,https://boards.greenhouse.io/figma/jobs/6098063004?gh_jid=6098063004
2026-07-28,FIG,Figma,"Technical Account Manager, Spanish & Portuguese Speaking (São Paulo, Brazil)",Sales,"São Paulo, Brazil",demand_validated,mid,0,4,1,application|buzz,,https://boards.greenhouse.io/figma/jobs/5817394004?gh_jid=5817394004
2026-07-28,FIG,Figma,"Technical Account Manager (Tokyo, Japan)",Sales,"Tokyo, Japan",demand_validated,mid,0,4,1,application|buzz,,https://boards.greenhouse.io/figma/jobs/6006175004?gh_jid=6006175004
2026-07-28,FIG,Figma,"Technical Program Manager, AI Performance",Engineering,"San Francisco, CA • New York, NY • United States",other,mid,1,12,1,application|data_ml_ops|general_medium,251000,https://boards.greenhouse.io/figma/jobs/5837760004?gh_jid=5837760004
2026-07-28,FIG,Figma,"Technical Program Manager, Data",Engineering,"San Francisco, CA • New York, NY • United States",other,mid,0,7,1,application|buzz,251000,https://boards.greenhouse.io/figma/jobs/6009613004?gh_jid=6009613004
2026-07-28,FIG,Figma,"Technical Program Manager, Infrastructure",Engineering,"San Francisco, CA • New York, NY • United States",other,mid,0,0,0,,251000,https://boards.greenhouse.io/figma/jobs/6020719004?gh_jid=6020719004
2026-07-28,FIG,Figma,"Technical Program Manager, Security",Business Operations,"San Francisco, CA • New York, NY • United States",other,mid,0,0,0,,192500,https://boards.greenhouse.io/figma/jobs/5982942004?gh_jid=5982942004
2026-07-28,FIG,Figma,Technical Quality Specialist ,Customer Operations and Support,"San Francisco, CA • New York, NY • United States",other,mid,0,0,0,,,https://boards.greenhouse.io/figma/jobs/6111625004?gh_jid=6111625004
2026-07-28,FIG,Figma,Voice of the Customer Program Manager,Customer Operations and Support,"San Francisco, CA • New York, NY • United States",other,mid,0,0,0,,198000,https://boards.greenhouse.io/figma/jobs/6008343004?gh_jid=6008343004
2026-07-28,FIG,Figma,Workforce Management Analyst,Customer Operations and Support,"San Francisco, CA • New York, NY • United States",other,mid,0,0,0,,158500,https://boards.greenhouse.io/figma/jobs/6099183004?gh_jid=6099183004
2026-07-28,DBX,Dropbox,Account Executive,Direct Sales - AMER (Sub Team),Remote - US: Select locations,demand_validated,mid,0,0,0,,164250,https://jobs.dropbox.com/listing/7908701?gh_jid=7908701
2026-07-28,DBX,Dropbox,Account Executive UKI ,"Direct & Channel Sales, UKI (Sub Team)",Remote - Ireland; Remote - United Kingdom,demand_validated,mid,0,0,0,,,https://jobs.dropbox.com/listing/8051403?gh_jid=8051403
2026-07-28,DBX,Dropbox,Business Development Manager,Partnership Management (Sub Team),Remote - Canada: Select locations,other,mid,0,3,1,application,178000,https://jobs.dropbox.com/listing/8048848?gh_jid=8048848
2026-07-28,DBX,Dropbox,Business Development Manager,Partnership Management (Sub Team),Remote - US: Select locations,other,mid,0,3,1,application,181800,https://jobs.dropbox.com/listing/8048847?gh_jid=8048847
2026-07-28,DBX,Dropbox,"Director, Head of Scaled Sales",CSO Projects & Vendor Management (Sub Team),Remote - US: All locations,nontech,exec,0,0,0,,252050,https://jobs.dropbox.com/listing/7848536?gh_jid=7848536
2026-07-28,DBX,Dropbox,"Director, Head of Scaled Sales",CSO Projects & Vendor Management (Sub Team),Remote - Canada: Select locations,nontech,exec,0,0,0,,,https://jobs.dropbox.com/listing/7848539?gh_jid=7848539
2026-07-28,DBX,Dropbox,"Director, Product Design",Design Systems (Sub Team),Remote - US: Select locations,other,director,0,0,0,,264100,https://jobs.dropbox.com/listing/7822804?gh_jid=7822804
2026-07-28,DBX,Dropbox,"Director, Product Design",Design Systems (Sub Team),Remote - Canada: Select locations,other,director,0,0,0,,255050,https://jobs.dropbox.com/listing/7822807?gh_jid=7822807
2026-07-28,DBX,Dropbox,"Frontend Product Software Engineer, Design Systems",Design Systems (Sub Team),Remote - Mexico,product_eng,mid,0,13,1,application|buzz,,https://jobs.dropbox.com/listing/7862086?gh_jid=7862086
2026-07-28,DBX,Dropbox,Head of Field and Partner Marketing ,Marketing Strategy and Operations (Sub Team),Remote - US: Select locations,nontech,exec,0,0,0,,277800,https://jobs.dropbox.com/listing/8038750?gh_jid=8038750
2026-07-28,DBX,Dropbox,Infrastructure Software Engineer,EPD,Remote - Poland,product_eng,mid,0,0,0,,,https://jobs.dropbox.com/listing/6330377?gh_jid=6330377
2026-07-28,DBX,Dropbox,Principal Product Designer,Design Portfolio (Sub Team),Remote - US: Select locations,product_eng,staff_principal,0,4,1,application|buzz,264100,https://jobs.dropbox.com/listing/8003387?gh_jid=8003387
2026-07-28,DBX,Dropbox,Principal Product Designer,Design Portfolio (Sub Team),Remote - Canada: Select locations,product_eng,staff_principal,0,4,1,application|buzz,255050,https://jobs.dropbox.com/listing/8003390?gh_jid=8003390
2026-07-28,DBX,Dropbox,"Principal Software Engineer, Core Sharing & Collaboration",Eng - Teams and Collab (Sub Team),Remote - US: All locations,product_eng,staff_principal,0,7,1,application|buzz,306500,https://jobs.dropbox.com/listing/8006972?gh_jid=8006972
2026-07-28,DBX,Dropbox,"Principal Software Engineer, Core Sharing & Collaboration",Eng - Teams and Collab (Sub Team),Remote - Canada: Select locations,product_eng,staff_principal,0,7,1,application|buzz,293800,https://jobs.dropbox.com/listing/8006977?gh_jid=8006977
2026-07-28,DBX,Dropbox,Sales Operations Manager,CSO Projects & Vendor Management (Sub Team),Remote - Ireland; Remote - United Kingdom,nontech,mid,0,0,0,,,https://jobs.dropbox.com/listing/8075216?gh_jid=8075216
2026-07-28,DBX,Dropbox,Senior Compensation Business Partner,Rewards (Sub Team),Remote - Canada: Select locations,other,senior,0,0,0,,153500,https://jobs.dropbox.com/listing/8050991?gh_jid=8050991
2026-07-28,DBX,Dropbox,Senior Compensation Business Partner,Rewards (Sub Team),Remote - US: Select locations,other,senior,0,0,0,,168500,https://jobs.dropbox.com/listing/8050990?gh_jid=8050990
2026-07-28,DBX,Dropbox,"Senior Director, Revenue Operations",GCO Office (Sub Team),Remote - Canada: Select locations,nontech,director,0,0,0,,,https://jobs.dropbox.com/listing/8067367?gh_jid=8067367
2026-07-28,DBX,Dropbox,"Senior Director, Revenue Operations",GCO Office (Sub Team),Remote - US: Select locations,nontech,director,0,0,0,,299250,https://jobs.dropbox.com/listing/8067364?gh_jid=8067364
2026-07-28,DBX,Dropbox,"Senior Governance, Risk, & Compliance Program Manager",Risk and Compliance (Sub Team),Remote - Canada: Select locations,other,senior,0,0,0,,141500,https://jobs.dropbox.com/listing/7773722?gh_jid=7773722
2026-07-28,DBX,Dropbox,"Senior Governance, Risk, & Compliance Program Manager",Risk and Compliance (Sub Team),Remote - US: Select locations,other,senior,0,0,0,,180050,https://jobs.dropbox.com/listing/7773721?gh_jid=7773721
2026-07-28,DBX,Dropbox,Senior Infrastructure Software Engineer,EPD,Remote - Poland,product_eng,senior,0,0,0,,,https://jobs.dropbox.com/listing/6333181?gh_jid=6333181
2026-07-28,DBX,Dropbox,"Senior Infrastructure Software Engineer, Storage Core",Storage Platform (Sub Team),Remote - Canada: Select locations,product_eng,senior,0,0,0,,224000,https://jobs.dropbox.com/listing/8008893?gh_jid=8008893
2026-07-28,DBX,Dropbox,"Senior Infrastructure Software Engineer, Storage Core",Storage Platform (Sub Team),Remote - US: Select locations,product_eng,senior,0,0,0,,227250,https://jobs.dropbox.com/listing/8008890?gh_jid=8008890
2026-07-28,DBX,Dropbox,Senior Sales Operations Manager - Japan,CSO Projects & Vendor Management (Sub Team),Remote - Japan,nontech,senior,0,0,0,,,https://jobs.dropbox.com/listing/8075225?gh_jid=8075225
2026-07-28,DBX,Dropbox,"Staff Fullstack Software Engineer, Core Performance",Eng - Growth (Sub Team),Remote - US: All locations,product_eng,staff_principal,0,3,1,application,267200,https://jobs.dropbox.com/listing/7421149?gh_jid=7421149
2026-07-28,DBX,Dropbox,"Staff Fullstack Software Engineer, Core Performance",Eng - Growth (Sub Team),Remote - Canada: Select locations,product_eng,staff_principal,0,3,1,application,241050,https://jobs.dropbox.com/listing/7421153?gh_jid=7421153
2026-07-28,TWLO,Twilio,Account Executive 4,Sales,Remote - Brazil,demand_validated,mid,0,0,0,,,https://job-boards.greenhouse.io/twilio/jobs/8056292
2026-07-28,TWLO,Twilio,Account Executive 4,Sales,Remote - Mexico,demand_validated,mid,0,0,0,,,https://job-boards.greenhouse.io/twilio/jobs/7967998
2026-07-28,TWLO,Twilio,Account Executive New Business,Sales,Remote - Australia,demand_validated,mid,0,0,0,,,https://job-boards.greenhouse.io/twilio/jobs/7984917
2026-07-28,TWLO,Twilio,Applications Engineer 2,Sales Operations,Remote - India,product_eng,mid,0,0,0,,,https://job-boards.greenhouse.io/twilio/jobs/7781659
2026-07-28,TWLO,Twilio,Associate Application Engineer,Finance,Remote - India,product_eng,mid,0,0,0,,,https://job-boards.greenhouse.io/twilio/jobs/8048659
2026-07-28,TWLO,Twilio,Business Systems Analyst 2,Services,Remote - India,other,mid,0,0,0,,,https://job-boards.greenhouse.io/twilio/jobs/7254399
2026-07-28,TWLO,Twilio,Compensation Manager,People Team,Remote - US,other,mid,0,0,0,,158730,https://job-boards.greenhouse.io/twilio/jobs/7983662
2026-07-28,TWLO,Twilio,Compliance Operations Specialist,"Ops (Fraud, Compliance, Biz, Prod, Analyst)",Remote - Estonia,nontech,mid,0,0,0,,,https://job-boards.greenhouse.io/twilio/jobs/8023557
2026-07-28,TWLO,Twilio,Compliance Operations Specialist 1,Services,Remote - Colombia,nontech,mid,0,0,0,,,https://job-boards.greenhouse.io/twilio/jobs/7861935
2026-07-28,TWLO,Twilio,"Counsel, Policy Manager",Legal,Remote - Australia,nontech,mid,0,0,0,,,https://job-boards.greenhouse.io/twilio/jobs/7903417
2026-07-28,TWLO,Twilio,Deal Desk Senior Analyst,Finance,Remote - Mexico,other,senior,0,0,0,,,https://job-boards.greenhouse.io/twilio/jobs/8031643
2026-07-28,TWLO,Twilio,Digital Sales Representative 2,Sales,Remote - Brazil,nontech,mid,0,0,0,,,https://job-boards.greenhouse.io/twilio/jobs/7979242
2026-07-28,TWLO,Twilio,Digital Sales Representative 2,Sales,Remote - US,nontech,mid,0,0,0,,,https://job-boards.greenhouse.io/twilio/jobs/7990808
2026-07-28,TWLO,Twilio,Digital Sales Representative - Activate (Twilio.org),DotOrg,Remote - US,nontech,mid,0,0,0,,,https://job-boards.greenhouse.io/twilio/jobs/7992719
2026-07-28,TWLO,Twilio,"Director, EMEA Strategic Sales North",Sales,Remote - United Kingdom,nontech,director,0,0,0,,,https://job-boards.greenhouse.io/twilio/jobs/8015567
2026-07-28,TWLO,Twilio,"Director, Product Management",Product Management,Remote - India,other,director,0,3,1,application,,https://job-boards.greenhouse.io/twilio/jobs/7966926
2026-07-28,TWLO,Twilio,"Director, R&D Finance",Finance,Remote - US,nontech,director,0,0,0,,211400,https://job-boards.greenhouse.io/twilio/jobs/7939100
2026-07-28,TWLO,Twilio,"Director, Revenue & CoGS Accounting",Finance,Remote - US,nontech,director,0,0,0,,232470,https://job-boards.greenhouse.io/twilio/jobs/8078099
2026-07-28,TWLO,Twilio,"Director, Strategic Accounts",Sales,Remote - US,other,director,0,0,0,,221880,https://job-boards.greenhouse.io/twilio/jobs/7957637
2026-07-28,TWLO,Twilio,Enterprise Account Executive ,Sales,Remote - United Kingdom,demand_validated,mid,0,3,1,application,50000,https://job-boards.greenhouse.io/twilio/jobs/8026619
2026-07-28,TWLO,Twilio,Fast Track Onboarding Specialist 2,Services,Remote - US,other,mid,0,0,0,,,https://job-boards.greenhouse.io/twilio/jobs/8051057
2026-07-28,TWLO,Twilio,Fast Track Operations Specialist 2,Services,Remote - Colombia,nontech,mid,0,0,0,,,https://job-boards.greenhouse.io/twilio/jobs/7627768
2026-07-28,TWLO,Twilio,Fast Track Operations Specialist 2,Services,Remote - Colombia,nontech,mid,0,0,0,,,https://job-boards.greenhouse.io/twilio/jobs/8051051
2026-07-28,TWLO,Twilio,"Field Marketing Manager, Japan",Marketing,Remote - Japan,nontech,mid,0,1,0,buzz,,https://job-boards.greenhouse.io/twilio/jobs/8045297
2026-07-28,TWLO,Twilio,Forward Deployed Engineer,Solutions Engineering,Remote - United Kingdom,demand_validated,mid,0,12,1,application,,https://job-boards.greenhouse.io/twilio/jobs/8060160
2026-07-28,TWLO,Twilio,Forward Deployed Engineer,Sales,Remote - US,demand_validated,mid,0,12,1,application,211360,https://job-boards.greenhouse.io/twilio/jobs/8039605
2026-07-28,TWLO,Twilio,Frontend Software Engineer ,Engineering,Remote - United Kingdom,product_eng,mid,0,0,0,,,https://job-boards.greenhouse.io/twilio/jobs/7946608
2026-07-28,TWLO,Twilio,"Global Event Manager, Event Content and Speaker Operations",Marketing,Remote - US,nontech,mid,0,0,0,,102020,https://job-boards.greenhouse.io/twilio/jobs/8079364
2026-07-28,TWLO,Twilio,Global Events Marketing Manager,Marketing,Remote - US,nontech,mid,0,0,0,,102020,https://job-boards.greenhouse.io/twilio/jobs/8056278
2026-07-28,TWLO,Twilio,Global Security Operations Center Operator,Security,Remote - US,nontech,mid,0,0,0,,,https://job-boards.greenhouse.io/twilio/jobs/7808464
2026-07-28,TWLO,Twilio,Incident Commander,Security,Remote - Ireland,other,mid,0,0,0,,,https://job-boards.greenhouse.io/twilio/jobs/8072907
2026-07-28,TWLO,Twilio,IT Internal Auditor,Accounting,Remote - India,other,intern,0,0,0,,,https://job-boards.greenhouse.io/twilio/jobs/7982861
2026-07-28,TWLO,Twilio,IT Internal Auditor,Finance,Remote - Canada,other,intern,0,0,0,,76680,https://job-boards.greenhouse.io/twilio/jobs/7987846
2026-07-28,TWLO,Twilio,Lead Product Designer,UX/Design,Remote - US,product_eng,senior,0,1,0,buzz,183605,https://job-boards.greenhouse.io/twilio/jobs/7985808
2026-07-28,TWLO,Twilio,Machine Learning Engineer,Engineering,Remote - Spain,product_eng,mid,1,41,1,application|buzz|data_ml_ops|general_medium|model_infra,,https://job-boards.greenhouse.io/twilio/jobs/8007455
2026-07-28,TWLO,Twilio,Machine Learning Engineer,Engineering,Remote - US,product_eng,mid,1,39,1,application|buzz|data_ml_ops|general_medium|model_infra,192110,https://job-boards.greenhouse.io/twilio/jobs/7702644
2026-07-28,TWLO,Twilio,Machine Learning Engineer,Engineering,Remote - Ireland,product_eng,mid,1,41,1,application|buzz|data_ml_ops|general_medium|model_infra,,https://job-boards.greenhouse.io/twilio/jobs/7996774
2026-07-28,TWLO,Twilio,"Manager, Fast Track Operations",Services,Remote - US,nontech,mid,0,0,0,,144430,https://job-boards.greenhouse.io/twilio/jobs/8051059
2026-07-28,TWLO,Twilio,"Manager, Sales Development",Sales Development,Remote - US,nontech,mid,0,0,0,,144600,https://job-boards.greenhouse.io/twilio/jobs/8065928
2026-07-28,TWLO,Twilio,"Manager, Sales Development-LATAM / NAMER Hybrid",Sales Development,Remote - US,nontech,mid,0,0,0,,144600,https://job-boards.greenhouse.io/twilio/jobs/8065930
2026-07-28,TWLO,Twilio,"Manager, Software Engineering (L4)",Engineering,Remote - India,product_eng,mid,0,0,0,,,https://job-boards.greenhouse.io/twilio/jobs/6849268
2026-07-28,TWLO,Twilio,"Manager, Technical Support",Customer Support,Remote - India,nontech,mid,0,0,0,,,https://job-boards.greenhouse.io/twilio/jobs/8016226
2026-07-28,TWLO,Twilio,"Manager, Technical Support",Customer Support,Remote - Colombia,nontech,mid,0,0,0,,,https://job-boards.greenhouse.io/twilio/jobs/8056321
2026-07-28,TWLO,Twilio,Marketing Strategy & Planning Manager,Marketing,Remote - US,nontech,mid,0,6,1,application,144430,https://job-boards.greenhouse.io/twilio/jobs/8054764
2026-07-28,TWLO,Twilio,New Business Account Executive,Sales,Remote - Japan,demand_validated,mid,0,0,0,,,https://job-boards.greenhouse.io/twilio/jobs/7515753
2026-07-28,TWLO,Twilio,New Business Account Executive ,Sales,Remote - Singapore,demand_validated,mid,0,0,0,,,https://job-boards.greenhouse.io/twilio/jobs/6372770
2026-07-28,TWLO,Twilio,Partner Program Manager,Partners,Remote - US,other,mid,0,0,0,,144430,https://job-boards.greenhouse.io/twilio/jobs/8025913
2026-07-28,TWLO,Twilio,Presales Architect,Marketing,Remote - US,demand_validated,mid,0,3,1,application,195460,https://job-boards.greenhouse.io/twilio/jobs/8052885
2026-07-28,TWLO,Twilio,Presales Engineer,Sales,Remote - United Kingdom,demand_validated,mid,0,0,0,,,https://job-boards.greenhouse.io/twilio/jobs/8064090
2026-07-28,TWLO,Twilio,"Principal, Design Researcher",Engineering,Remote - US,research,staff_principal,0,0,0,,211360,https://job-boards.greenhouse.io/twilio/jobs/8071712
2026-07-28,TWLO,Twilio,Principal Engineer,Engineering,Remote - US,product_eng,staff_principal,0,9,1,application,232470,https://job-boards.greenhouse.io/twilio/jobs/7944264
2026-07-28,TWLO,Twilio,Principal Engineer (L5),Engineering,Remote - India,product_eng,staff_principal,0,4,1,application|buzz,,https://job-boards.greenhouse.io/twilio/jobs/7996776
2026-07-28,TWLO,Twilio,"Principal, Marketing Architecture & Strategy",Marketing,Remote - US,product_eng,staff_principal,0,6,1,application,174760,https://job-boards.greenhouse.io/twilio/jobs/7968269
2026-07-28,TWLO,Twilio,Principal Presales Engineer,Solutions Engineering,Remote - US,demand_validated,staff_principal,0,0,0,,165876,https://job-boards.greenhouse.io/twilio/jobs/7938968
2026-07-28,TWLO,Twilio,Principal Presales Engineer ,Solutions Engineering,Remote - United Kingdom,demand_validated,staff_principal,0,0,0,,,https://job-boards.greenhouse.io/twilio/jobs/7894914
2026-07-28,TWLO,Twilio,Principal Presales Engineer (German Speaking) ,Sales,Remote - Spain,demand_validated,staff_principal,0,0,0,,,https://job-boards.greenhouse.io/twilio/jobs/8000178
2026-07-28,TWLO,Twilio,Principal Price Realization Strategy Manager,Marketing,Remote - US,other,staff_principal,0,0,0,,174760,https://job-boards.greenhouse.io/twilio/jobs/7987837
2026-07-28,TWLO,Twilio,Principal Product Manager,Product Management,Remote - US,product_eng,staff_principal,0,0,0,,211360,https://job-boards.greenhouse.io/twilio/jobs/7851194
2026-07-28,TWLO,Twilio,Principal Product Manager,Product Management,Remote - US,product_eng,staff_principal,0,0,0,,211360,https://job-boards.greenhouse.io/twilio/jobs/7837829
2026-07-28,TWLO,Twilio,"Principal Product Manager, Enterprise Commerce Platform",Product Management,Remote - US,product_eng,staff_principal,0,0,0,,211360,https://job-boards.greenhouse.io/twilio/jobs/8069243
2026-07-28,TWLO,Twilio,Principal Product Manager - Product Catalog,Product Management,Remote - US,product_eng,staff_principal,0,3,1,application,211360,https://job-boards.greenhouse.io/twilio/jobs/8069245
2026-07-28,TWLO,Twilio,Principal Product Manager: Talent Acquisition & Management Applications,People Team,Remote - US,product_eng,staff_principal,0,2,0,general_medium,211360,https://job-boards.greenhouse.io/twilio/jobs/8083821
2026-07-28,TWLO,Twilio,Principal Software Engineer,Engineering,Remote - India,product_eng,staff_principal,0,0,0,,,https://job-boards.greenhouse.io/twilio/jobs/7644471
2026-07-28,TWLO,Twilio,Principal Software Engineer,Engineering,Remote - US,product_eng,staff_principal,0,0,0,,,https://job-boards.greenhouse.io/twilio/jobs/8081530
2026-07-28,TWLO,Twilio,Principal Software Engineer - Identity Graph,Security,Remote - US,product_eng,staff_principal,0,0,0,,232470,https://job-boards.greenhouse.io/twilio/jobs/8067270
2026-07-28,TWLO,Twilio,Principal Technical Talent Advisor,Talent Acquisition,Remote - US,other,staff_principal,0,0,0,,174760,https://job-boards.greenhouse.io/twilio/jobs/8016422
2026-07-28,TWLO,Twilio,Product Manager L3,Product Management,Remote - Canada,product_eng,mid,0,0,0,,,https://job-boards.greenhouse.io/twilio/jobs/7980740
2026-07-28,TWLO,Twilio,Project Manager 3,Services,Remote - Colombia,other,mid,0,0,0,,,https://job-boards.greenhouse.io/twilio/jobs/7818575
2026-07-28,TWLO,Twilio,Sales Development Representative,Sales Development,Remote - US,nontech,mid,0,0,0,,,https://job-boards.greenhouse.io/twilio/jobs/7481689
2026-07-28,TWLO,Twilio,"Sales Director, Strategic Accounts DACH & Benelux",Sales,Remote - United Kingdom,nontech,director,0,0,0,,,https://job-boards.greenhouse.io/twilio/jobs/8064093
2026-07-28,TWLO,Twilio,Security Compliance & Regulatory Affairs Analyst,Security,Remote - US,other,mid,0,0,0,,158730,https://job-boards.greenhouse.io/twilio/jobs/7599044
2026-07-28,TWLO,Twilio,"Security Engineer, Incident Response",Security,Remote - Ireland,product_eng,mid,0,4,1,application|buzz,,https://job-boards.greenhouse.io/twilio/jobs/8023560
2026-07-28,TWLO,Twilio,"Security Engineer, Incident Response",Security,Remote - United Kingdom,product_eng,mid,0,4,1,application|buzz,,https://job-boards.greenhouse.io/twilio/jobs/8055481
2026-07-28,TWLO,Twilio,Senior Account Executive,Sales,Remote - Ireland,demand_validated,senior,0,3,1,application,50000,https://job-boards.greenhouse.io/twilio/jobs/8045978
2026-07-28,TWLO,Twilio,"Senior Analyst, Security Risk",Finance,Remote - US,other,senior,0,0,0,,158730,https://job-boards.greenhouse.io/twilio/jobs/8088440
2026-07-28,TWLO,Twilio,"Senior Application Engineer, Zuora Billing ",Finance,Remote - India,product_eng,senior,0,0,0,,,https://job-boards.greenhouse.io/twilio/jobs/8048661
2026-07-28,TWLO,Twilio,Senior Cloud Software Engineer,Engineering,Remote - Spain,product_eng,senior,0,0,0,,,https://job-boards.greenhouse.io/twilio/jobs/7807419
2026-07-28,TWLO,Twilio,"Senior Counsel, Commercial",Legal,Remote - US,nontech,senior,0,0,0,,211360,https://job-boards.greenhouse.io/twilio/jobs/8081781
2026-07-28,TWLO,Twilio,"Senior Counsel, Commercial",Legal,Remote - Canada,nontech,senior,0,0,0,,164070,https://job-boards.greenhouse.io/twilio/jobs/8084593
2026-07-28,TWLO,Twilio,"Senior Director, Analyst Relations",Marketing,Remote - US,other,director,0,3,1,application,255900,https://job-boards.greenhouse.io/twilio/jobs/8029164
2026-07-28,TWLO,Twilio,"Senior Engineering Manager, Voice and Video",Engineering,Remote - Ireland,product_eng,senior,0,0,0,,,https://job-boards.greenhouse.io/twilio/jobs/8073683
2026-07-28,TWLO,Twilio,Senior Engineering Manager V&V Media,Engineering,"Remote - Ontario, Canada (DNU)",product_eng,senior,0,0,0,,,https://job-boards.greenhouse.io/twilio/jobs/8067501
2026-07-28,TWLO,Twilio,Senior Engineering Manager V&V Media,Engineering,Remote - US,product_eng,senior,0,0,0,,240700,https://job-boards.greenhouse.io/twilio/jobs/8067678
2026-07-28,TWLO,Twilio,Senior Engineering Manager V&V Media,Engineering,"Remote - Alberta, Canada (DNU)",product_eng,senior,0,0,0,,,https://job-boards.greenhouse.io/twilio/jobs/8067500
2026-07-28,TWLO,Twilio,Senior Engineering Manager V&V Media,Engineering,Remote - United Kingdom,product_eng,senior,0,0,0,,,https://job-boards.greenhouse.io/twilio/jobs/8067147
2026-07-28,TWLO,Twilio,Senior Environmental Sustainability & ESG Manager,Twilio.org,Remote - US,other,senior,0,0,0,,174760,https://job-boards.greenhouse.io/twilio/jobs/8008030
2026-07-28,TWLO,Twilio,"Senior Financial Analyst, R&D Finance",Finance,Remote - US,nontech,senior,0,3,1,application,119320,https://job-boards.greenhouse.io/twilio/jobs/8001044
2026-07-28,TWLO,Twilio,Senior GTM Business Architecture Manager,Sales,Remote - US,product_eng,senior,0,1,0,buzz,192110,https://job-boards.greenhouse.io/twilio/jobs/8041943
2026-07-28,TWLO,Twilio,Senior Infrastructure Engineer - Stytch,Engineering,Remote - US,product_eng,senior,0,3,1,application,153960,https://job-boards.greenhouse.io/twilio/jobs/7474040
2026-07-28,TWLO,Twilio,"Senior Manager, CEO Communications",Marketing,Remote - US,nontech,senior,0,0,0,,174760,https://job-boards.greenhouse.io/twilio/jobs/8077538
2026-07-28,TWLO,Twilio,"Senior Manager, GTMA Analysis and Compliance",IT,Remote - Canada,other,senior,0,0,0,,149220,https://job-boards.greenhouse.io/twilio/jobs/7960343
2026-07-28,TWLO,Twilio,"Senior Manager, Machine Learning",Data Science,Remote - India,product_eng,senior,1,20,1,application|buzz|data_ml_ops|general_medium,,https://job-boards.greenhouse.io/twilio/jobs/7919148
2026-07-28,TWLO,Twilio,"Senior Manager, Presales Engineering",Solutions Engineering,Remote - United Kingdom,demand_validated,senior,0,0,0,,,https://job-boards.greenhouse.io/twilio/jobs/7988973
2026-07-28,TWLO,Twilio,Senior Manager Software Engineering,Engineering,Remote - Ireland,product_eng,senior,0,0,0,,,https://job-boards.greenhouse.io/twilio/jobs/7938645
2026-07-28,TWLO,Twilio,Senior Network Engineer,IT,Remote - India,product_eng,senior,0,0,0,,,https://job-boards.greenhouse.io/twilio/jobs/7657993
2026-07-28,TWLO,Twilio,Senior Partner Enablement Manager,Partners,Remote - US,nontech,senior,0,0,0,,,https://job-boards.greenhouse.io/twilio/jobs/8051477
2026-07-28,TWLO,Twilio,Senior Presales Engineer,Sales,Remote - US,demand_validated,senior,0,0,0,,131080,https://job-boards.greenhouse.io/twilio/jobs/8001200
2026-07-28,TWLO,Twilio,Senior Principal Field Architect - AI Agents,Engineering,Remote - US,product_eng,staff_principal,1,7,1,application|buzz,344960,https://job-boards.greenhouse.io/twilio/jobs/8039186
2026-07-28,TWLO,Twilio,"Senior Principal, Technical Program Management (Research & Development)","Program Management (Project, Program, Agile, Technical)",Remote - US,other,staff_principal,0,0,0,,232470,https://job-boards.greenhouse.io/twilio/jobs/7707977
2026-07-28,TWLO,Twilio,"Senior Program Manager, Disaster Recovery",Security,Remote - US,other,senior,0,0,0,,144430,https://job-boards.greenhouse.io/twilio/jobs/8065038
2026-07-28,TWLO,Twilio,"Senior Security Engineer, Incident Response",People Team,Remote - US,product_eng,senior,0,4,1,application|buzz,174760,https://job-boards.greenhouse.io/twilio/jobs/8065040
2026-07-28,TWLO,Twilio,Senior Software Engineer,Engineering,Remote - Ireland,product_eng,senior,0,0,0,,,https://job-boards.greenhouse.io/twilio/jobs/8015771
2026-07-28,TWLO,Twilio,Senior Software Engineer,Engineering,Remote - US,product_eng,senior,0,0,0,,,https://job-boards.greenhouse.io/twilio/jobs/8065028
2026-07-28,TWLO,Twilio,Senior Software Engineer,Engineering,Remote - Estonia,product_eng,senior,0,0,0,,,https://job-boards.greenhouse.io/twilio/jobs/7993530
2026-07-28,TWLO,Twilio,"Senior Software Engineer, Fraud",Engineering,Remote - US,product_eng,senior,0,0,0,,161150,https://job-boards.greenhouse.io/twilio/jobs/7595407
2026-07-28,TWLO,Twilio,"Senior Software Engineer, Identity",Engineering,Remote - US,product_eng,senior,0,3,1,application,153960,https://job-boards.greenhouse.io/twilio/jobs/8056276
2026-07-28,TWLO,Twilio,Senior Software Engineer- Video Signalling ,Engineering,Remote - Ireland,product_eng,senior,0,0,0,,,https://job-boards.greenhouse.io/twilio/jobs/7394811
2026-07-28,TWLO,Twilio,Senior/Staff Applied Research Software Engineer,Engineering,Remote - India,research,staff_principal,0,7,1,application|buzz,,https://job-boards.greenhouse.io/twilio/jobs/8007449
2026-07-28,TWLO,Twilio,Senior / Staff Applied Research Software Engineer - Emerging Tech,Engineering,Remote - US,research,staff_principal,0,7,1,application|buzz,184010,https://job-boards.greenhouse.io/twilio/jobs/7993959
2026-07-28,TWLO,Twilio,Senior Strategic Account Executive,Sales,Remote - Singapore,demand_validated,senior,0,0,0,,,https://job-boards.greenhouse.io/twilio/jobs/7588505
2026-07-28,TWLO,Twilio,Senior Strategic Account Executive,Sales,Remote - US,demand_validated,senior,0,0,0,,189476,https://job-boards.greenhouse.io/twilio/jobs/8003867
2026-07-28,TWLO,Twilio,Senior Strategic Account Executive,Sales,Remote - US,demand_validated,senior,0,0,0,,189476,https://job-boards.greenhouse.io/twilio/jobs/8004114
2026-07-28,TWLO,Twilio,"Senior Technical Program Manager, Services Tools & Diagnostics",Services,Remote - US,other,senior,0,9,1,application,,https://job-boards.greenhouse.io/twilio/jobs/8067440
2026-07-28,TWLO,Twilio,Social Media Specialist,Marketing,Remote - US,other,mid,0,0,0,,,https://job-boards.greenhouse.io/twilio/jobs/7697439
2026-07-28,TWLO,Twilio,Software Architect (L6),Engineering,Remote - India,product_eng,mid,0,0,0,,,https://job-boards.greenhouse.io/twilio/jobs/7825089
2026-07-28,TWLO,Twilio,Software Engineer,Engineering,Remote - Estonia,product_eng,mid,0,0,0,,,https://job-boards.greenhouse.io/twilio/jobs/7647708
2026-07-28,TWLO,Twilio,Software Engineer ,Engineering,Remote - Ireland,product_eng,mid,0,0,0,,,https://job-boards.greenhouse.io/twilio/jobs/7785202
2026-07-28,TWLO,Twilio,"Software Engineer, Identity",Engineering,Remote - US,product_eng,mid,0,3,1,application,127240,https://job-boards.greenhouse.io/twilio/jobs/7605743
2026-07-28,TWLO,Twilio,Software Engineer (L2),Engineering,Remote - US,product_eng,mid,0,0,0,,,https://job-boards.greenhouse.io/twilio/jobs/7946610
2026-07-28,TWLO,Twilio,"Software Engineer, (L2) CDP",Engineering,Remote - US,product_eng,mid,0,0,0,,144430,https://job-boards.greenhouse.io/twilio/jobs/7602727
2026-07-28,TWLO,Twilio,Software Engineer L2 - Cloud Infrastructure ,Engineering,Remote - US,product_eng,mid,0,0,0,,116960,https://job-boards.greenhouse.io/twilio/jobs/7434770
2026-07-28,TWLO,Twilio,Software Engineer (L2) Email,Engineering,Remote - US,product_eng,mid,0,0,0,,,https://job-boards.greenhouse.io/twilio/jobs/7689461
2026-07-28,TWLO,Twilio,Software Engineer L3,Engineering,Remote - US,product_eng,mid,0,0,0,,171300,https://job-boards.greenhouse.io/twilio/jobs/8009057
2026-07-28,TWLO,Twilio,Software Engineer (L3) Data Substrate,Engineering,Remote - US,product_eng,mid,0,0,0,,171300,https://job-boards.greenhouse.io/twilio/jobs/7954715
2026-07-28,TWLO,Twilio,Software Engineer L3 Phone Numbers,Engineering,Remote - US,product_eng,mid,0,3,1,application,171300,https://job-boards.greenhouse.io/twilio/jobs/7724877
2026-07-28,TWLO,Twilio,Sr AI Architect - Conversational AI,Engineering,Remote - US,product_eng,senior,1,27,1,application|buzz|general_medium|model_infra,300160,https://job-boards.greenhouse.io/twilio/jobs/7926891
2026-07-28,TWLO,Twilio,Sr Architect - Emerging Technologies (Fraud Detection and Governance),Engineering,Remote - US,product_eng,senior,0,4,1,application|buzz,344960,https://job-boards.greenhouse.io/twilio/jobs/7960476
2026-07-28,TWLO,Twilio,"Staff, Analytics Engineer, GTM Data Science & Analytics",IT,Remote - US,product_eng,staff_principal,0,0,0,,192110,https://job-boards.greenhouse.io/twilio/jobs/8008538
2026-07-28,TWLO,Twilio,Staff Business Intelligence Engineer,Finance,Remote - India,product_eng,staff_principal,0,9,1,application,,https://job-boards.greenhouse.io/twilio/jobs/7972646
2026-07-28,TWLO,Twilio,"Staff, Business Intelligence Engineer",Business Intelligence,Remote - US,product_eng,staff_principal,0,0,0,,174760,https://job-boards.greenhouse.io/twilio/jobs/8074762
2026-07-28,TWLO,Twilio,"Staff, Business Intelligence Engineer",Business Intelligence,Remote - US,product_eng,staff_principal,0,0,0,,174760,https://job-boards.greenhouse.io/twilio/jobs/8076802
2026-07-28,TWLO,Twilio,"Staff, Data Product Manager",Business Operations,Remote - US,product_eng,staff_principal,0,0,0,,192110,https://job-boards.greenhouse.io/twilio/jobs/8076800
2026-07-28,TWLO,Twilio,Staff Design Researcher,Engineering,Remote - US,research,staff_principal,0,0,0,,174760,https://job-boards.greenhouse.io/twilio/jobs/7942214
2026-07-28,TWLO,Twilio,Staff Engineer - Offensive Security,Business Operations,Remote - US,product_eng,staff_principal,0,9,1,application|model_infra,192110,https://job-boards.greenhouse.io/twilio/jobs/8048657
2026-07-28,TWLO,Twilio,"Staff Engineer, Security Engineering Partners",People Team,Remote - Canada,product_eng,staff_principal,0,3,1,application,,https://job-boards.greenhouse.io/twilio/jobs/8042071
2026-07-28,TWLO,Twilio,"Staff Enterprise Security Engineer, AI Security",Security,Remote - Ireland,product_eng,staff_principal,1,6,1,application,,https://job-boards.greenhouse.io/twilio/jobs/7962686
2026-07-28,TWLO,Twilio,"Staff Enterprise Security Engineer, AI Security",Security,Remote - United Kingdom,product_eng,staff_principal,1,6,1,application,,https://job-boards.greenhouse.io/twilio/jobs/7904291
2026-07-28,TWLO,Twilio,"Staff, Machine Learning Engineer (L4)",Engineering,Remote - India,product_eng,staff_principal,1,14,1,application|buzz|general_medium|model_infra,,https://job-boards.greenhouse.io/twilio/jobs/7699243
2026-07-28,TWLO,Twilio,Staff Product Manager - Enterprise AI,Product Management,Remote - US,product_eng,staff_principal,1,15,1,application|buzz|general_medium,192110,https://job-boards.greenhouse.io/twilio/jobs/7918885
2026-07-28,TWLO,Twilio,Staff Software Engineer,Engineering,Remote - US,product_eng,staff_principal,0,0,0,,,https://job-boards.greenhouse.io/twilio/jobs/8065043
2026-07-28,TWLO,Twilio,Staff Software Engineer,Engineering,Remote - Ireland,product_eng,staff_principal,0,3,1,application,,https://job-boards.greenhouse.io/twilio/jobs/8071710
2026-07-28,TWLO,Twilio,Staff Software Engineer,Engineering,Remote - US,product_eng,staff_principal,0,9,1,application,211360,https://job-boards.greenhouse.io/twilio/jobs/7944328
2026-07-28,TWLO,Twilio,Staff Software Engineer (L4),IT,Remote - Canada,product_eng,staff_principal,0,13,1,application|buzz,180360,https://job-boards.greenhouse.io/twilio/jobs/7716279
2026-07-28,TWLO,Twilio,Staff Software Engineer (L4),Engineering,Remote - India,product_eng,staff_principal,0,0,0,,,https://job-boards.greenhouse.io/twilio/jobs/7996770
2026-07-28,TWLO,Twilio,Staff Software Engineer (L4) Data Platform,Engineering,Remote - US,product_eng,staff_principal,0,0,0,,211360,https://job-boards.greenhouse.io/twilio/jobs/7782805
2026-07-28,TWLO,Twilio,"Staff, Software Engineer (L4) - Email",Engineering,Remote - US,product_eng,staff_principal,0,0,0,,192510,https://job-boards.greenhouse.io/twilio/jobs/7967685
2026-07-28,TWLO,Twilio,"Staff Solutions Architect, Contract LifeCycle Management",IT,Remote - US,demand_validated,staff_principal,0,0,0,,158730,https://job-boards.greenhouse.io/twilio/jobs/7979245
2026-07-28,TWLO,Twilio,"Staff Solutions Architect, Opportunity LifeCycle Management",IT,Remote - US,demand_validated,staff_principal,0,0,0,,157730,https://job-boards.greenhouse.io/twilio/jobs/7979240
2026-07-28,TWLO,Twilio,"Staff, Technical Support Engineer",Customer Support,Remote - Ireland,product_eng,staff_principal,0,3,1,application,,https://job-boards.greenhouse.io/twilio/jobs/8081664
2026-07-28,TWLO,Twilio,Strategic Account Executive,Sales,Remote - Australia,demand_validated,mid,0,0,0,,,https://job-boards.greenhouse.io/twilio/jobs/8015556
2026-07-28,TWLO,Twilio,Strategic Account Executive,Sales,Remote - Mexico,demand_validated,mid,0,0,0,,,https://job-boards.greenhouse.io/twilio/jobs/7972644
2026-07-28,TWLO,Twilio,Strategic Account Executive 3,Sales,Remote - US,demand_validated,mid,0,0,0,,,https://job-boards.greenhouse.io/twilio/jobs/7842952
2026-07-28,TWLO,Twilio,Strategic Account Executive 3,Sales,Remote - US,demand_validated,mid,0,0,0,,123478,https://job-boards.greenhouse.io/twilio/jobs/8009909
2026-07-28,TWLO,Twilio,Strategic Account Executive 3 - ISV,Sales,Remote - US,demand_validated,mid,0,0,0,,123478,https://job-boards.greenhouse.io/twilio/jobs/7990647
2026-07-28,TWLO,Twilio,Strategic Account Executive 4,Sales,Remote - US,demand_validated,mid,0,0,0,,157896,https://job-boards.greenhouse.io/twilio/jobs/8026617
2026-07-28,TWLO,Twilio,Strategic Account Executive 4,Sales,Remote - US,demand_validated,mid,0,0,0,,157896,https://job-boards.greenhouse.io/twilio/jobs/8026615
2026-07-28,TWLO,Twilio,Strategic Account Executive 4,Sales,Remote - US,demand_validated,mid,0,0,0,,157896,https://job-boards.greenhouse.io/twilio/jobs/8036582
2026-07-28,TWLO,Twilio,Strategic Account Executive 4,Sales,Remote - US,demand_validated,mid,0,0,0,,157896,https://job-boards.greenhouse.io/twilio/jobs/8039188
2026-07-28,TWLO,Twilio,Strategic Account Executive 4,Sales,Remote - US,demand_validated,mid,0,0,0,,157896,https://job-boards.greenhouse.io/twilio/jobs/7834118
2026-07-28,TWLO,Twilio,Strategic Account Executive 4 - ISV,Sales,Remote - US,demand_validated,mid,0,0,0,,157896,https://job-boards.greenhouse.io/twilio/jobs/7917304
2026-07-28,TWLO,Twilio,Strategic Account Executive (German Speaking),Sales,Remote - Spain,demand_validated,mid,0,0,0,,,https://job-boards.greenhouse.io/twilio/jobs/7865849
2026-07-28,TWLO,Twilio,Strategic Account Executive (German Speaking) ,Sales,Remote - United Kingdom,demand_validated,mid,0,0,0,,,https://job-boards.greenhouse.io/twilio/jobs/7845781
2026-07-28,TWLO,Twilio,Supportability Engineer 3,Services,Remote - India,product_eng,mid,0,0,0,,,https://job-boards.greenhouse.io/twilio/jobs/7520866
2026-07-28,TWLO,Twilio,Systems Ops Administrator,Service Operations,Remote - India,other,mid,0,0,0,,,https://job-boards.greenhouse.io/twilio/jobs/7837165
2026-07-28,TWLO,Twilio,"Tech Lead, Applied Research - Emerging Tech",Engineering,Remote - US,research,senior,0,7,1,application|buzz,247920,https://job-boards.greenhouse.io/twilio/jobs/8011576
2026-07-28,TWLO,Twilio,Tech Lead (L6),Engineering,Remote - India,other,senior,0,7,1,application|buzz,,https://job-boards.greenhouse.io/twilio/jobs/7966928
2026-07-28,TWLO,Twilio,Technical Account Manager,Customer Support,Remote - Colombia,demand_validated,mid,0,0,0,,,https://job-boards.greenhouse.io/twilio/jobs/8067913
2026-07-28,TWLO,Twilio,Technical Account Manager 3,Customer Support,Remote - US,demand_validated,mid,0,0,0,,,https://job-boards.greenhouse.io/twilio/jobs/8059910
2026-07-28,TWLO,Twilio,Technical Account Manager 3,Customer Support,Remote - Colombia,demand_validated,mid,0,0,0,,,https://job-boards.greenhouse.io/twilio/jobs/8067909
2026-07-28,TWLO,Twilio,Technical Account Manager 3,Customer Support,Remote - Colombia,demand_validated,mid,0,0,0,,,https://job-boards.greenhouse.io/twilio/jobs/8028958
2026-07-28,TWLO,Twilio,Technical Account Manager 3,Customer Support,Remote - Colombia,demand_validated,mid,0,0,0,,,https://job-boards.greenhouse.io/twilio/jobs/8028956
2026-07-28,TWLO,Twilio,Technical Account Manager 3,Customer Support,Remote - Colombia,demand_validated,mid,0,0,0,,,https://job-boards.greenhouse.io/twilio/jobs/8021265
2026-07-28,TWLO,Twilio,Technical Support Engineer 1,Customer Support,Remote - India,product_eng,mid,0,0,0,,,https://job-boards.greenhouse.io/twilio/jobs/8016229
2026-07-28,TWLO,Twilio,Technical Support Engineer 2,Customer Support,Remote - India,product_eng,mid,0,0,0,,,https://job-boards.greenhouse.io/twilio/jobs/7917665
2026-07-28,TWLO,Twilio,Technical Support Engineer 2,Customer Support,Remote - Japan,product_eng,mid,0,0,0,,,https://job-boards.greenhouse.io/twilio/jobs/7984998
2026-07-28,TWLO,Twilio,Technical Support Engineer 3,Customer Support,Remote - Ireland,product_eng,mid,0,0,0,,,https://job-boards.greenhouse.io/twilio/jobs/8069518
2026-07-28,TWLO,Twilio,Technical Support Expert 2,Services,Remote - Colombia,nontech,mid,0,0,0,,,https://job-boards.greenhouse.io/twilio/jobs/7966810
2026-07-28,TWLO,Twilio,Technical Support Expert 2,Customer Support,Remote - Colombia,nontech,mid,0,0,0,,,https://job-boards.greenhouse.io/twilio/jobs/8052668
2026-07-28,TWLO,Twilio,Technical Support Expert 2,Customer Support,Remote - Colombia,nontech,mid,0,0,0,,,https://job-boards.greenhouse.io/twilio/jobs/7993860
2026-07-28,TWLO,Twilio,Technical Support Expert 2,Customer Support,Remote - Colombia,nontech,mid,0,0,0,,,https://job-boards.greenhouse.io/twilio/jobs/7863597
2026-07-28,TWLO,Twilio,Technical Support Expert 3,Customer Support,Remote - Colombia,nontech,mid,0,0,0,,,https://job-boards.greenhouse.io/twilio/jobs/8055895
2026-07-28,TWLO,Twilio,Transfer Pricing Manager,Finance,Remote - US,other,mid,0,3,1,application,144430,https://job-boards.greenhouse.io/twilio/jobs/7772685
2026-07-28,TWLO,Twilio,Workforce Scheduling Analyst 3,Services,Remote - Colombia,other,mid,0,0,0,,,https://job-boards.greenhouse.io/twilio/jobs/7979654
2026-07-28,DUOL,Duolingo,Brand Campaigns Director,Marketing and Communications,"New York, NY",nontech,director,0,0,0,,245000,https://careers.duolingo.com/jobs/8621574002?gh_jid=8621574002
2026-07-28,DUOL,Duolingo,Brand Campaigns Director,Marketing and Communications,"Pittsburgh, PA",nontech,director,0,0,0,,245000,https://careers.duolingo.com/jobs/8621586002?gh_jid=8621586002
2026-07-28,DUOL,Duolingo,Consumer Product Lead,Marketing and Communications,"Tokyo, Japan",other,senior,0,0,0,,,https://careers.duolingo.com/jobs/8625579002?gh_jid=8625579002
2026-07-28,DUOL,Duolingo,Corporate Counsel,Legal,"Pittsburgh, PA",nontech,mid,0,1,0,buzz,180000,https://careers.duolingo.com/jobs/8576434002?gh_jid=8576434002
2026-07-28,DUOL,Duolingo,"Creative Director, Marketing",Marketing and Communications,"New York, NY",nontech,director,0,0,0,,245000,https://careers.duolingo.com/jobs/8442932002?gh_jid=8442932002
2026-07-28,DUOL,Duolingo,"Creative Director, Marketing",Marketing and Communications,"London, England",nontech,director,0,0,0,,,https://careers.duolingo.com/jobs/8442934002?gh_jid=8442934002
2026-07-28,DUOL,Duolingo,Director of Communications,Marketing and Communications,"New York, NY",nontech,director,0,1,0,buzz,204000,https://careers.duolingo.com/jobs/8532790002?gh_jid=8532790002
2026-07-28,DUOL,Duolingo,Executive Assistant to the CEO,Executive + Senior Leadership,"Pittsburgh, PA",other,mid,0,2,0,buzz,190000,https://careers.duolingo.com/jobs/8602840002?gh_jid=8602840002
2026-07-28,DUOL,Duolingo,Executive Assistant to the CEO,Executive + Senior Leadership,"New York, NY",other,mid,0,2,0,buzz,190000,https://careers.duolingo.com/jobs/8602852002?gh_jid=8602852002
2026-07-28,DUOL,Duolingo,Government Affairs Manager,Legal,"Beijing, China",other,mid,0,1,0,buzz,,https://careers.duolingo.com/jobs/8611799002?gh_jid=8611799002
2026-07-28,DUOL,Duolingo,Head of Influencers & Community,Marketing and Communications,"Pittsburgh, PA",other,exec,0,0,0,,245000,https://careers.duolingo.com/jobs/8548793002?gh_jid=8548793002
2026-07-28,DUOL,Duolingo,Head of Influencers & Community,Marketing and Communications,"New York, NY",other,exec,0,0,0,,245000,https://careers.duolingo.com/jobs/8548803002?gh_jid=8548803002
2026-07-28,DUOL,Duolingo,Head of Talent Management Programs and PMO,Leadership + Talent Development,"Pittsburgh, PA",other,exec,0,1,0,buzz,229000,https://careers.duolingo.com/jobs/8590178002?gh_jid=8590178002
2026-07-28,DUOL,Duolingo,"Manager, Strategy and Business Operations",Strategy + Business Operations,"Pittsburgh, PA",nontech,mid,0,0,0,,152000,https://careers.duolingo.com/jobs/8489240002?gh_jid=8489240002
2026-07-28,DUOL,Duolingo,Managing Editor,Design Studio,"Tokyo, Japan",other,mid,0,0,0,,,https://careers.duolingo.com/jobs/8637185002?gh_jid=8637185002
2026-07-28,DUOL,Duolingo,Product Marketing Lead,Marketing and Communications,"New York, NY",nontech,senior,0,0,0,,204000,https://careers.duolingo.com/jobs/8604113002?gh_jid=8604113002
2026-07-28,DUOL,Duolingo,"Product Marketing Manager, Duolingo Math",Marketing and Communications,"New York, NY",nontech,mid,0,0,0,,153150,https://careers.duolingo.com/jobs/8400553002?gh_jid=8400553002
2026-07-28,DUOL,Duolingo,"Product Marketing Manager, Duolingo Math",Marketing and Communications,"London, England",nontech,mid,0,0,0,,,https://careers.duolingo.com/jobs/8400588002?gh_jid=8400588002
2026-07-28,DUOL,Duolingo,Senior Account Executive,Business,"New York, NY",demand_validated,senior,0,0,0,,142000,https://careers.duolingo.com/jobs/8374797002?gh_jid=8374797002
2026-07-28,DUOL,Duolingo,Senior AI Engineering Manager ,AI + Machine Learning Engineering,"New York, NY",product_eng,senior,1,19,1,application|buzz|general_medium|model_infra,276000,https://careers.duolingo.com/jobs/8583896002?gh_jid=8583896002
2026-07-28,DUOL,Duolingo,Senior AI Engineering Manager ,AI + Machine Learning Engineering,"Pittsburgh, PA",product_eng,senior,1,19,1,application|buzz|general_medium|model_infra,276000,https://careers.duolingo.com/jobs/8583866002?gh_jid=8583866002
2026-07-28,DUOL,Duolingo,"Senior B2B Marketing Manager, DET (UK, Europe & ANZ) ",DET,"London, England",nontech,senior,0,1,0,buzz,,https://careers.duolingo.com/jobs/8590308002?gh_jid=8590308002
2026-07-28,DUOL,Duolingo,Senior Community Manager,Marketing and Communications,"Seattle, WA",other,senior,0,0,0,,168000,https://careers.duolingo.com/jobs/8345186002?gh_jid=8345186002
2026-07-28,DUOL,Duolingo,Senior Community Manager,Marketing and Communications,"New York, NY",other,senior,0,0,0,,168000,https://careers.duolingo.com/jobs/8385180002?gh_jid=8385180002
2026-07-28,DUOL,Duolingo,Senior Community Manager,Marketing and Communications,"Pittsburgh, PA",other,senior,0,0,0,,168000,https://careers.duolingo.com/jobs/8524827002?gh_jid=8524827002
2026-07-28,DUOL,Duolingo,"Senior Director of Engineering, Math",Software Engineering,"New York, NY",product_eng,director,0,4,1,application|buzz,370000,https://careers.duolingo.com/jobs/8616695002?gh_jid=8616695002
2026-07-28,DUOL,Duolingo,"Senior Director of Engineering, New Subjects",Software Engineering,"New York, NY",product_eng,director,0,4,1,application|buzz,370000,https://careers.duolingo.com/jobs/8584465002?gh_jid=8584465002
2026-07-28,DUOL,Duolingo,"Senior Engineering Manager, Growth",Engineering,"Pittsburgh, PA",product_eng,senior,0,0,0,,255000,https://careers.duolingo.com/jobs/8468545002?gh_jid=8468545002
2026-07-28,DUOL,Duolingo,"Senior Engineering Manager, Growth",Engineering,"New York, NY",product_eng,senior,0,0,0,,255000,https://careers.duolingo.com/jobs/8468556002?gh_jid=8468556002
2026-07-28,DUOL,Duolingo,"Senior Engineering Manager, Language Learning",Software Engineering,"New York, NY",product_eng,senior,0,0,0,,255000,https://careers.duolingo.com/jobs/8627568002?gh_jid=8627568002
2026-07-28,DUOL,Duolingo,"Senior Engineering Manager, Language Learning",Software Engineering,"Pittsburgh, PA",product_eng,senior,0,0,0,,255000,https://careers.duolingo.com/jobs/8627565002?gh_jid=8627565002
2026-07-28,DUOL,Duolingo,"Senior Engineering Manager, Monetization",Software Engineering,"Pittsburgh, PA",product_eng,senior,0,1,0,buzz,255000,https://careers.duolingo.com/jobs/8534630002?gh_jid=8534630002
2026-07-28,DUOL,Duolingo,"Senior Engineering Manager, Monetization",Software Engineering,"New York, NY",product_eng,senior,0,1,0,buzz,255000,https://careers.duolingo.com/jobs/8537884002?gh_jid=8537884002
2026-07-28,DUOL,Duolingo,Senior iOS Engineer,Software Engineering,"Pittsburgh, PA",product_eng,senior,0,1,0,buzz,209050,https://careers.duolingo.com/jobs/8393272002?gh_jid=8393272002
2026-07-28,DUOL,Duolingo,Senior/iOS Engineer II,Software Engineering,"New York, NY",product_eng,senior,0,1,0,buzz,209050,https://careers.duolingo.com/jobs/8318257002?gh_jid=8318257002
2026-07-28,DUOL,Duolingo,"Senior Manager, Scaling Operations",Scaling Operations,"Pittsburgh, PA",nontech,senior,0,1,0,buzz,204000,https://careers.duolingo.com/jobs/8543137002?gh_jid=8543137002
2026-07-28,DUOL,Duolingo,"Senior Manager, Scaling Operations",Scaling Operations,"New York, NY",nontech,senior,0,1,0,buzz,204000,https://careers.duolingo.com/jobs/8543375002?gh_jid=8543375002
2026-07-28,DUOL,Duolingo,Senior People Technology Analyst,People Operations,"Pittsburgh, PA",other,senior,0,4,1,application|buzz,168000,https://careers.duolingo.com/jobs/8590390002?gh_jid=8590390002
2026-07-28,DUOL,Duolingo,Senior People Technology Analyst,People Operations,"New York, NY",other,senior,0,4,1,application|buzz,168000,https://careers.duolingo.com/jobs/8590394002?gh_jid=8590394002
2026-07-28,DUOL,Duolingo,Senior Product Designer,Product Design,"New York, NY",product_eng,senior,0,4,1,application|buzz,175000,https://careers.duolingo.com/jobs/8618405002?gh_jid=8618405002
2026-07-28,DUOL,Duolingo,Senior Product Designer,Product Design,"Pittsburgh, PA",product_eng,senior,0,4,1,application|buzz,175000,https://careers.duolingo.com/jobs/8489189002?gh_jid=8489189002
2026-07-28,DUOL,Duolingo,"Senior Product Manager, DET",Product Management,"Pittsburgh, PA",product_eng,senior,0,1,0,buzz,215050,https://careers.duolingo.com/jobs/8530395002?gh_jid=8530395002
2026-07-28,DUOL,Duolingo,"Senior Product Manager, Monetization",Product Management,"New York, NY",product_eng,senior,0,0,0,,215050,https://careers.duolingo.com/jobs/8474673002?gh_jid=8474673002
2026-07-28,DUOL,Duolingo,"Senior Software Engineer, Backend",Software Engineering,"New York, NY",product_eng,senior,0,0,0,,215050,https://careers.duolingo.com/jobs/8649527002?gh_jid=8649527002
2026-07-28,DUOL,Duolingo,Software Engineer I,Software Engineering,"Beijing, China",product_eng,mid,0,0,0,,,https://careers.duolingo.com/jobs/8612080002?gh_jid=8612080002
2026-07-28,DUOL,Duolingo,Software Engineer II,Software Engineering,"Beijing, China",product_eng,mid,0,0,0,,,https://careers.duolingo.com/jobs/8612120002?gh_jid=8612120002
2026-07-28,DUOL,Duolingo,"Software Engineer II, Android",Software Engineering,"Pittsburgh, PA",product_eng,mid,0,0,0,,180000,https://careers.duolingo.com/jobs/8628658002?gh_jid=8628658002
2026-07-28,DUOL,Duolingo,"Software Engineer II, Android",Software Engineering,"New York, NY",product_eng,mid,0,0,0,,180000,https://careers.duolingo.com/jobs/8628670002?gh_jid=8628670002
2026-07-28,DUOL,Duolingo,Staff Accountant,Accounting,"Pittsburgh, PA",other,staff_principal,0,1,0,buzz,100000,https://careers.duolingo.com/jobs/8573696002?gh_jid=8573696002
2026-07-28,DUOL,Duolingo,Staff AI Research Engineer ,AI + Machine Learning Engineering,"New York, NY",research,staff_principal,1,17,1,application|buzz|general_medium|model_infra,276000,https://careers.duolingo.com/jobs/8610353002?gh_jid=8610353002
2026-07-28,DUOL,Duolingo,Staff AI Research Engineer ,AI + Machine Learning Engineering,"Pittsburgh, PA",research,staff_principal,1,17,1,application|buzz|general_medium|model_infra,276000,https://careers.duolingo.com/jobs/8610345002?gh_jid=8610345002
2026-07-28,DUOL,Duolingo,Staff Product Designer,Product Design,"Pittsburgh, PA",product_eng,staff_principal,0,1,0,buzz,250000,https://careers.duolingo.com/jobs/8200009002?gh_jid=8200009002
2026-07-28,DUOL,Duolingo,Staff Product Designer,Product Design,"New York, NY",product_eng,staff_principal,0,1,0,buzz,250000,https://careers.duolingo.com/jobs/8200010002?gh_jid=8200010002
2026-07-28,DUOL,Duolingo,Staff Program Manager Brand Campaigns,Marketing and Communications,"New York, NY",nontech,staff_principal,0,0,0,,190000,https://careers.duolingo.com/jobs/8590229002?gh_jid=8590229002
2026-07-28,DUOL,Duolingo,Staff Program Manager Brand Campaigns,Marketing and Communications,"Pittsburgh, PA",nontech,staff_principal,0,0,0,,190000,https://careers.duolingo.com/jobs/8590215002?gh_jid=8590215002
2026-07-28,DUOL,Duolingo,Staff Technical Program Manager,Software Engineering,"Seattle, WA",other,staff_principal,0,8,1,application|buzz|data_ml_ops,227000,https://careers.duolingo.com/jobs/8638482002?gh_jid=8638482002
2026-07-28,DUOL,Duolingo,VP of Finance,Financial Planning & Analysis,"New York, NY",nontech,exec,0,1,0,buzz,440000,https://careers.duolingo.com/jobs/8492085002?gh_jid=8492085002
2026-07-28,DUOL,Duolingo,VP of Strategy and Corporate Development,Strategy + Business Operations,"New York, NY",other,exec,0,0,0,,440000,https://careers.duolingo.com/jobs/8562334002?gh_jid=8562334002
2026-07-28,DUOL,Duolingo,VP of Strategy and Corporate Development,Strategy + Business Operations,"Pittsburgh, PA",other,exec,0,0,0,,440000,https://careers.duolingo.com/jobs/8562297002?gh_jid=8562297002
2026-07-28,PINS,Pinterest,Agency Lead,Agency Sales,"Tokyo, JP",other,senior,0,1,0,buzz,,https://www.pinterestcareers.com/jobs/?gh_jid=8010505
2026-07-28,PINS,Pinterest,Agency Lead,Agency Sales,"Chicago, IL, US",other,senior,0,0,0,,157436,https://www.pinterestcareers.com/jobs/?gh_jid=7808602
2026-07-28,PINS,Pinterest,Agency Lead,Agency Sales,"New York, NY, US",other,senior,0,0,0,,237084,https://www.pinterestcareers.com/jobs/?gh_jid=7983420
2026-07-28,PINS,Pinterest,Agency Lead,Agency Sales,"Paris, FR",other,senior,0,0,0,,,https://www.pinterestcareers.com/jobs/?gh_jid=7989130
2026-07-28,PINS,Pinterest,"Client Account Manager, CPG Enterprise (French Market)",Europe Enterprise Sales,"Dublin, IE",other,mid,0,0,0,,,https://www.pinterestcareers.com/jobs/?gh_jid=8037865
2026-07-28,PINS,Pinterest,"Client Account Manager, Enterprise Nordics (English Speaking)",Europe Enterprise Sales,"Dublin, IE",other,mid,0,1,0,buzz,,https://www.pinterestcareers.com/jobs/?gh_jid=8075678
2026-07-28,PINS,Pinterest,"Client Account Manager, Enterprise Sales (International Retail)",Europe Enterprise Sales,"Dublin, IE",nontech,intern,0,1,0,buzz,,https://www.pinterestcareers.com/jobs/?gh_jid=8016712
2026-07-28,PINS,Pinterest,Client Account Manager - Greater China Region,APAC Enterprise Sales,"Singapore, SG",other,mid,0,0,0,,,https://www.pinterestcareers.com/jobs/?gh_jid=8016650
2026-07-28,PINS,Pinterest,"Client Account Manager II, CPG Food",North America Enterprise Sales,"Chicago, IL, US",other,mid,0,0,0,,103458,https://www.pinterestcareers.com/jobs/?gh_jid=7832719
2026-07-28,PINS,Pinterest,"Client Account Manager II, DACH Enterprise Sales",Europe Enterprise Sales,"Dublin, IE",nontech,mid,0,0,0,,,https://www.pinterestcareers.com/jobs/?gh_jid=8016745
2026-07-28,PINS,Pinterest,"Client Account Manager II, E-Commerce",North America Enterprise Sales,"New York, NY, US",other,mid,0,0,0,,121716,https://www.pinterestcareers.com/jobs/?gh_jid=7954726
2026-07-28,PINS,Pinterest,"Client Account Manager II, Fashion & Apparel",North America Enterprise Sales,"New York, NY, US",other,mid,0,0,0,,121716,https://www.pinterestcareers.com/jobs/?gh_jid=8055301
2026-07-28,PINS,Pinterest,"Client Account Manager I, Retail",North America Enterprise Sales,"Chicago, IL, US",other,mid,0,0,0,,82566,https://www.pinterestcareers.com/jobs/?gh_jid=7858267
2026-07-28,PINS,Pinterest,"Client Account Manager, Retail Enterprise Sales (Dutch Speaking)",Europe Enterprise Sales,"Dublin, IE",nontech,mid,0,1,0,buzz,,https://www.pinterestcareers.com/jobs/?gh_jid=8016982
2026-07-28,PINS,Pinterest,"Client Partner II, Mid-Market",SMB Sales,"Chicago, IL, US",other,mid,0,0,0,,85382,https://www.pinterestcareers.com/jobs/?gh_jid=7904011
2026-07-28,PINS,Pinterest,"Client Partner II, Mid-Market UK/I",SMB Sales,"Dublin, IE",other,mid,0,0,0,,,https://www.pinterestcareers.com/jobs/?gh_jid=7903959
2026-07-28,PINS,Pinterest,"Content Growth Specialist, LATAM",Global Content Organization,"São Paulo, BR",other,mid,0,0,0,,,https://www.pinterestcareers.com/jobs/?gh_jid=7957887
2026-07-28,PINS,Pinterest,"Creative Director, Copy (Brand Narratives)",Marketing,"San Francisco, CA, US; Remote, US",nontech,director,0,0,0,,224152,https://www.pinterestcareers.com/jobs/?gh_jid=8029917
2026-07-28,PINS,Pinterest,Data Scientist,"Engineering, Product and Design (L2)","San Francisco, CA, US; Remote, CA, US",product_eng,mid,0,9,1,buzz|general_medium|model_infra,155339,https://www.pinterestcareers.com/jobs/?gh_jid=4912949
2026-07-28,PINS,Pinterest,"Data Scientist II, Infrastructure",Data Engineering,"San Francisco, CA, US; Remote, US",product_eng,mid,0,0,0,,174808,https://www.pinterestcareers.com/jobs/?gh_jid=7816424
2026-07-28,PINS,Pinterest,"Data Scientist II, ML Infrastructure",Data Engineering,"Palo Alto, CA, US; Remote, US",product_eng,mid,1,11,1,data_ml_ops|general_medium|model_infra,174808,https://www.pinterestcareers.com/jobs/?gh_jid=8071670
2026-07-28,PINS,Pinterest,"Director, CPG Sales (DACH)",Europe Enterprise Sales,"Berlin, DE",nontech,director,0,0,0,,,https://www.pinterestcareers.com/jobs/?gh_jid=7953645
2026-07-28,PINS,Pinterest,"Director, Integrated Marketing- Mid Market",Marketing,"San Francisco, CA, US; Remote, US",nontech,director,0,0,0,,273094,https://www.pinterestcareers.com/jobs/?gh_jid=8022402
2026-07-28,PINS,Pinterest,"Director, Measurement",Ads Product & Innovation,"Dublin, IE",other,director,0,0,0,,,https://www.pinterestcareers.com/jobs/?gh_jid=8016126
2026-07-28,PINS,Pinterest,"Director, Partner Marketing",Marketing,"San Francisco, CA, US; Remote, US",nontech,director,0,1,0,buzz,273094,https://www.pinterestcareers.com/jobs/?gh_jid=7648625
2026-07-28,PINS,Pinterest,"Director, Technical Program Management-Monetization",Oversight Engineering,"San Francisco, CA, US; Remote, US",other,director,0,3,0,buzz|general_medium,295068,https://www.pinterestcareers.com/jobs/?gh_jid=7838848
2026-07-28,PINS,Pinterest,Distinguished Engineer,Core Engineering,"Seattle, WA, US; Palo Alto, CA, US; Remote, US",product_eng,staff_principal,0,30,1,application|buzz|data_ml_ops|general_medium|model_infra,428461,https://www.pinterestcareers.com/jobs/?gh_jid=7940044
2026-07-28,PINS,Pinterest,"Engineering Manager I, Innovative Ad Formats",Monetization,"San Francisco, CA, US; Palo Alto, CA, US",product_eng,mid,0,0,0,,251680,https://www.pinterestcareers.com/jobs/?gh_jid=7684573
2026-07-28,PINS,Pinterest,Experiential Producer,Marketing,"New York, NY, US",other,mid,0,0,0,,159436,https://www.pinterestcareers.com/jobs/?gh_jid=7929862
2026-07-28,PINS,Pinterest,Financial Analyst II - Sales,Finance,"New York, NY, US",nontech,mid,0,1,0,buzz,125290,https://www.pinterestcareers.com/jobs/?gh_jid=8046824
2026-07-28,PINS,Pinterest,"Group Product Manager II, Creative Tech - tvScientific",tvScientific,"San Francisco, CA, US; Remote, US",product_eng,mid,0,1,0,buzz,299364,https://www.pinterestcareers.com/jobs/?gh_jid=7890195
2026-07-28,PINS,Pinterest,"Industry Manager II, Mid-Market",SMB Sales,"Chicago, IL, US",other,mid,0,0,0,,139697,https://www.pinterestcareers.com/jobs/?gh_jid=8078223
2026-07-28,PINS,Pinterest,Lead Ads Product Marketing Manager,Product Marketing,"San Francisco, CA, US; Remote, US",nontech,senior,0,0,0,,222907,https://www.pinterestcareers.com/jobs/?gh_jid=8027260
2026-07-28,PINS,Pinterest,Lead Client Account Manager  (eCommerce) - Greater China Region,APAC Enterprise Sales,"Singapore, SG",other,senior,0,1,0,buzz,,https://www.pinterestcareers.com/jobs/?gh_jid=8016717
2026-07-28,PINS,Pinterest,"Lead Client Account Manager, Financial Services",North America Enterprise Sales,"New York, New York, US",other,senior,0,0,0,,185220,https://www.pinterestcareers.com/jobs/?gh_jid=8023412
2026-07-28,PINS,Pinterest,"Lead Client Account Manager, Mid-Market",SMB Sales,"Chicago, IL, US",other,senior,0,0,0,,157436,https://www.pinterestcareers.com/jobs/?gh_jid=7903948
2026-07-28,PINS,Pinterest,Lead Client Account Manager (tvScientific),tvScientific,"New York, NY, US",other,senior,0,0,0,,175116,https://www.pinterestcareers.com/jobs/?gh_jid=8026872
2026-07-28,PINS,Pinterest,Lead Client Partner [6-Month Fixed Term],Europe Enterprise Sales,"Berlin, DE",other,senior,0,0,0,,,https://www.pinterestcareers.com/jobs/?gh_jid=8074878
2026-07-28,PINS,Pinterest,"Lead Client Partner, CPG Food",North America Enterprise Sales,"Chicago, IL, US",other,senior,0,0,0,,139652,https://www.pinterestcareers.com/jobs/?gh_jid=8030915
2026-07-28,PINS,Pinterest,Lead Client Partner (eCommerce) - Greater China Region,APAC Enterprise Sales,"Singapore, SG",other,senior,0,1,0,buzz,,https://www.pinterestcareers.com/jobs/?gh_jid=8016658
2026-07-28,PINS,Pinterest,"Lead Client Partner, Financial Services",North America Enterprise Sales,"New York, NY, US",other,senior,0,0,0,,164298,https://www.pinterestcareers.com/jobs/?gh_jid=8023410
2026-07-28,PINS,Pinterest,"Lead Client Partner, FinServ",North America Enterprise Sales,"San Francisco, CA, US; Los Angeles, CA, US",other,senior,0,0,0,,164298,https://www.pinterestcareers.com/jobs/?gh_jid=7494991
2026-07-28,PINS,Pinterest,"Lead Client Partner, Global CPG ",Agency Sales,"London, UK",other,senior,0,0,0,,,https://www.pinterestcareers.com/jobs/?gh_jid=7857646
2026-07-28,PINS,Pinterest,"Lead Client Partner, Leave Coverage Program",North America Enterprise Sales,"New York, NY, US; Remote, US",other,senior,0,0,0,,155336,https://www.pinterestcareers.com/jobs/?gh_jid=8046836
2026-07-28,PINS,Pinterest,"Lead Client Partner, Pharma",North America Enterprise Sales,"New York, NY, US",other,senior,0,0,0,,164298,https://www.pinterestcareers.com/jobs/?gh_jid=8035781
2026-07-28,PINS,Pinterest,Lead Client Partner - SEA,APAC Enterprise Sales,"Singapore, SG",other,senior,0,1,0,buzz,,https://www.pinterestcareers.com/jobs/?gh_jid=8016726
2026-07-28,PINS,Pinterest," Lead, Compensation - Engineering & Product",Total Rewards,"San Francisco, CA, US; Remote, US",product_eng,senior,0,1,0,buzz,184020,https://www.pinterestcareers.com/jobs/?gh_jid=7958225
2026-07-28,PINS,Pinterest,"Lead, Executive Compensation",Total Rewards,"San Francisco, CA, US; Remote, US",other,senior,0,0,0,,184020,https://www.pinterestcareers.com/jobs/?gh_jid=8025136
2026-07-28,PINS,Pinterest,Lead Industry Manager (Scaled) - Greater China Region,APAC Enterprise Sales,"Singapore, SG",other,senior,0,0,0,,,https://www.pinterestcareers.com/jobs/?gh_jid=8016652
2026-07-28,PINS,Pinterest,Lead Industry Manager - SMB,SMB Sales,"Sydney, AU",other,senior,0,0,0,,,https://www.pinterestcareers.com/jobs/?gh_jid=8055344
2026-07-28,PINS,Pinterest,"Lead Product Analyst, Lifecycle Marketing",Marketing,"New York, NY, US; Remote, US",nontech,senior,0,0,0,,222907,https://www.pinterestcareers.com/jobs/?gh_jid=7890197
2026-07-28,PINS,Pinterest,"Machine Learning Engineer, Core Engineering",Core Engineering,"San Francisco, CA, US; Palo Alto, CA, US; Seattle, WA, US; Remote, US",product_eng,mid,1,15,1,application|buzz|general_medium|model_infra,212444,https://www.pinterestcareers.com/jobs/?gh_jid=6121450
2026-07-28,PINS,Pinterest,"Machine Learning Engineer II, Computer Vision Applied Science ",ATG,"San Francisco, CA, US; Remote, US",product_eng,mid,1,18,1,application|buzz|general_medium|model_infra,212444,https://www.pinterestcareers.com/jobs/?gh_jid=7697137
2026-07-28,PINS,Pinterest,"Machine Learning Engineer II, Core Engineering ",Core Engineering,"Toronto, ON, CA",product_eng,mid,1,16,1,application|buzz|general_medium|model_infra,195840,https://www.pinterestcareers.com/jobs/?gh_jid=7473497
2026-07-28,PINS,Pinterest,"Machine Learning Engineer, Monetization Engineering",Monetization,"San Francisco, CA, US; Palo Alto, CA, US; Seattle, WA, US",product_eng,mid,1,15,1,application|buzz|general_medium|model_infra,224700,https://www.pinterestcareers.com/jobs/?gh_jid=6121543
2026-07-28,PINS,Pinterest,"Manager I, Engineering",Data Engineering,"Toronto, ON, CA",product_eng,mid,0,1,0,buzz,,https://www.pinterestcareers.com/jobs/?gh_jid=8015529
2026-07-28,PINS,Pinterest,"Manager II, Engineering - Connections",Core Engineering,"San Francisco, CA, US; Remote, US",product_eng,mid,0,0,0,,286624,https://www.pinterestcareers.com/jobs/?gh_jid=7895567
2026-07-28,PINS,Pinterest,"Manager II, Escalation Operations ",Trust and Safety Ops,"San Francisco, CA, US; Remote, US",nontech,mid,0,3,1,application,184020,https://www.pinterestcareers.com/jobs/?gh_jid=8059251
2026-07-28,PINS,Pinterest,"Manager II, Machine Learning – Conversion Visibility",Monetization,"Seattle, WA, US; Remote, US",product_eng,mid,1,5,0,buzz|data_ml_ops|general_medium,289530,https://www.pinterestcareers.com/jobs/?gh_jid=8010903
2026-07-28,PINS,Pinterest,"Manager II, Machine Learning Engineering, Core Engineering ",Core Engineering,"San Francisco, CA, US;  Remote, US",product_eng,mid,1,14,1,application|buzz|general_medium,289530,https://www.pinterestcareers.com/jobs/?gh_jid=7075176
2026-07-28,PINS,Pinterest,"Manager II, Technical Program Management - Ads & Core Infrastructure",Oversight Engineering,"San Francisco, CA, US; Remote, US",other,mid,0,1,0,buzz,235767,https://www.pinterestcareers.com/jobs/?gh_jid=8002076
2026-07-28,PINS,Pinterest,"Manager II, Trends Engineering",Monetization,"San Francisco, CA, US; Remote, US",product_eng,mid,0,7,1,application|buzz,270990,https://www.pinterestcareers.com/jobs/?gh_jid=7909000
2026-07-28,PINS,Pinterest,"Measurement Partnerships Lead, EMEA",Ads Product & Innovation,"Dublin, IE",other,senior,0,0,0,,,https://www.pinterestcareers.com/jobs/?gh_jid=8042339
2026-07-28,PINS,Pinterest,Performance Solutions Lead,APAC Enterprise Sales,"Singapore, SG",other,senior,0,0,0,,,https://www.pinterestcareers.com/jobs/?gh_jid=8016723
2026-07-28,PINS,Pinterest,Performance Solutions Lead (tvScientific) ,tvScientific,"New York, NY, US; Remote, US",other,senior,0,0,0,,184020,https://www.pinterestcareers.com/jobs/?gh_jid=8026890
2026-07-28,PINS,Pinterest,Performance Solutions Partner II,Ads Product & Innovation,"San Francisco, CA, US; Remote, US",other,mid,0,0,0,,125290,https://www.pinterestcareers.com/jobs/?gh_jid=7958186
2026-07-28,PINS,Pinterest,Physical Security Specialist II,Workplace,"Singapore, SG",other,mid,0,0,0,,,https://www.pinterestcareers.com/jobs/?gh_jid=8047377
2026-07-28,PINS,Pinterest,"Principal Engineer, AI Platform",Data Engineering,"San Francisco, CA, US; Remote, US",product_eng,staff_principal,1,14,1,buzz|data_ml_ops|general_medium|model_infra,371088,https://www.pinterestcareers.com/jobs/?gh_jid=7888329
2026-07-28,PINS,Pinterest,"Principal Engineer, Online Systems",Data Engineering,"San Francisco, CA, US; Palo Alto, CA, US",product_eng,staff_principal,0,1,0,buzz,392496,https://www.pinterestcareers.com/jobs/?gh_jid=7782229
2026-07-28,PINS,Pinterest,"Principal Machine Learning Engineer, Ads Delivery",Monetization,"San Francisco, CA, US; Palo Alto, CA, US; Seattle, WA, US",product_eng,staff_principal,1,4,1,application|buzz,432548,https://www.pinterestcareers.com/jobs/?gh_jid=6963868
2026-07-28,PINS,Pinterest,"Principal Product Designer, AI Native, Core",Design,"San Francisco, CA, US; Remote, US",product_eng,staff_principal,1,6,1,application,321422,https://www.pinterestcareers.com/jobs/?gh_jid=7638599
2026-07-28,PINS,Pinterest,"Product Designer II, Pinner Actionability",Design,"San Francisco, CA, US; Remote, US",product_eng,mid,0,1,0,buzz,167076,https://www.pinterestcareers.com/jobs/?gh_jid=7698212
2026-07-28,PINS,Pinterest,"Product Design Manager II, Ad Formats",Design,"San Francisco, CA, US; Remote, US",other,mid,0,0,0,,242818,https://www.pinterestcareers.com/jobs/?gh_jid=7684636
2026-07-28,PINS,Pinterest,"Product Manager II, Content Compliance",Trust and Safety Ops,"San Francisco, CA, US; Seattle, WA, US; Remote, CA, US",product_eng,mid,0,0,0,,174808,https://www.pinterestcareers.com/jobs/?gh_jid=7901910
2026-07-28,PINS,Pinterest,"Programmatic Ads Sales Lead, EMEA",Programmatic Sales,"London, UK",nontech,senior,0,4,1,application|buzz,,https://www.pinterestcareers.com/jobs/?gh_jid=8016630
2026-07-28,PINS,Pinterest,"Sales Manager, Northern Europe",Europe Enterprise Sales,"Amsterdam, NL",nontech,mid,0,0,0,,,https://www.pinterestcareers.com/jobs/?gh_jid=8016741
2026-07-28,PINS,Pinterest,Sales Strategy & Operations Lead,GBO Strategy & Operations,"San Francisco, CA, US",nontech,senior,0,0,0,,202338,https://www.pinterestcareers.com/jobs/?gh_jid=8001339
2026-07-28,PINS,Pinterest,"SDET II, tvScientific",tvScientific,"San Francisco, CA, US; Remote, US",other,mid,0,0,0,,167076,https://www.pinterestcareers.com/jobs/?gh_jid=8011568
2026-07-28,PINS,Pinterest,"Security Software Engineer II, Detection and Response",Security,"San Francisco, CA, US; Remote, US",product_eng,mid,0,0,0,,189182,https://www.pinterestcareers.com/jobs/?gh_jid=8015490
2026-07-28,PINS,Pinterest,Senior Industry Manager (Growth) - Greater China Region,APAC Enterprise Sales,"Singapore, SG",other,senior,0,0,0,,,https://www.pinterestcareers.com/jobs/?gh_jid=8016673
2026-07-28,PINS,Pinterest,"Senior Staff Software Engineer, Configuration & Coordination",Data Engineering,"San Francisco, CA, US; Remote, US",product_eng,staff_principal,0,0,0,,319023,https://www.pinterestcareers.com/jobs/?gh_jid=7679640
2026-07-28,PINS,Pinterest,"Site Reliability Engineer II, tvScientific",tvScientific,"San Francisco, CA, US; Remote, US",product_eng,mid,0,0,0,,174808,https://www.pinterestcareers.com/jobs/?gh_jid=7782538
2026-07-28,PINS,Pinterest,"Software Engineer I, Backend",Monetization,"Seattle, WA, US; San Francisco, CA, US",product_eng,mid,0,0,0,,166036,https://www.pinterestcareers.com/jobs/?gh_jid=6816337
2026-07-28,PINS,Pinterest,Software Engineer II,Data Engineering,"Palo Alto, CA, US",product_eng,mid,0,0,0,,200096,https://www.pinterestcareers.com/jobs/?gh_jid=7958766
2026-07-28,PINS,Pinterest,Software Engineer II,Core Engineering,"Dublin, IE",product_eng,mid,0,3,1,application,,https://www.pinterestcareers.com/jobs/?gh_jid=7786418
2026-07-28,PINS,Pinterest,"Software Engineer II, Android",Core Engineering,"Toronto, ON, CA",product_eng,mid,0,0,0,,164378,https://www.pinterestcareers.com/jobs/?gh_jid=7987854
2026-07-28,PINS,Pinterest,"Software Engineer II, Backend","Engineering, Product and Design (L2)","Toronto, ON, CA",product_eng,mid,0,0,0,,164378,https://www.pinterestcareers.com/jobs/?gh_jid=5132899
2026-07-28,PINS,Pinterest,"Software Engineer II, Backend","Engineering, Product and Design (L2)","San Francisco, CA, US; Seattle, WA, US",product_eng,mid,0,0,0,,189182,https://www.pinterestcareers.com/jobs/?gh_jid=4813946
2026-07-28,PINS,Pinterest,"Software Engineer II, Backend, tvScientific",tvScientific,"San Francisco, CA, US; Remote, US",product_eng,mid,0,0,0,,189182,https://www.pinterestcareers.com/jobs/?gh_jid=7782552
2026-07-28,PINS,Pinterest,"Software Engineer II, Big Data, tvScientific",tvScientific,"San Francisco, CA, US; Remote, US",product_eng,mid,0,1,0,buzz,189182,https://www.pinterestcareers.com/jobs/?gh_jid=7782546
2026-07-28,PINS,Pinterest,"Software Engineer II, Full Stack",Data Engineering,"Toronto, ON, CA",product_eng,mid,0,0,0,,,https://www.pinterestcareers.com/jobs/?gh_jid=5459622
2026-07-28,PINS,Pinterest,"Software Engineer II, iOS ","Engineering, Product and Design (L2)","San Francisco, CA, US; Remote, US",product_eng,mid,0,0,0,,189182,https://www.pinterestcareers.com/jobs/?gh_jid=5601228
2026-07-28,PINS,Pinterest,"Software Engineer II, tvScientific",tvScientific,"Toronto, ON, CA",product_eng,mid,0,1,0,buzz,,https://www.pinterestcareers.com/jobs/?gh_jid=7782535
2026-07-28,PINS,Pinterest,"Software Engineer II, Web",Core Engineering,"Toronto, ON, CA",product_eng,mid,0,4,1,application|buzz,164378,https://www.pinterestcareers.com/jobs/?gh_jid=8024883
2026-07-28,PINS,Pinterest,"Software Engineer, iOS","Engineering, Product and Design (L2)","Toronto, ON, CA",product_eng,mid,0,1,0,buzz,164378,https://www.pinterestcareers.com/jobs/?gh_jid=6922682
2026-07-28,PINS,Pinterest,Sr. Ads Product Marketing Manager,Product Marketing,"San Francisco, CA, US; Remote, US",nontech,senior,0,0,0,,189164,https://www.pinterestcareers.com/jobs/?gh_jid=7638551
2026-07-28,PINS,Pinterest,Sr. Agency Partner - Greater China Region,APAC Enterprise Sales,"Singapore, SG",other,senior,0,1,0,buzz,,https://www.pinterestcareers.com/jobs/?gh_jid=8016681
2026-07-28,PINS,Pinterest,"Sr Client Account Manager, Amazon",North America Enterprise Sales,"New York, NY, US",other,senior,0,0,0,,148764,https://www.pinterestcareers.com/jobs/?gh_jid=7678040
2026-07-28,PINS,Pinterest,"Sr. Client Account Manager, DACH Retail ",Europe Enterprise Sales,"Berlin, DE; Hamburg, DE; Munich, DE",other,senior,0,0,0,,,https://www.pinterestcareers.com/jobs/?gh_jid=7983838
2026-07-28,PINS,Pinterest,"Sr. Client Account Manager, E-Commerce",North America Enterprise Sales,"New York, NY, US",other,senior,0,0,0,,148764,https://www.pinterestcareers.com/jobs/?gh_jid=7678180
2026-07-28,PINS,Pinterest,Sr. Client Account Manager (eCommerce) - Greater China Region,APAC Enterprise Sales,"Singapore, SG",other,senior,0,1,0,buzz,,https://www.pinterestcareers.com/jobs/?gh_jid=6483186
2026-07-28,PINS,Pinterest,Sr. Client Account Manager (Entertainment App) - Greater China Region,APAC Enterprise Sales,"Singapore, SG",other,senior,0,0,0,,,https://www.pinterestcareers.com/jobs/?gh_jid=8016626
2026-07-28,PINS,Pinterest,"Sr. Client Account Manager, Financial Services",North America Enterprise Sales,"Chicago, IL, US",other,senior,0,0,0,,126449,https://www.pinterestcareers.com/jobs/?gh_jid=7656243
2026-07-28,PINS,Pinterest,"Sr. Client Account Manager, French Market",Europe Enterprise Sales,"Dublin, IE",other,senior,0,0,0,,,https://www.pinterestcareers.com/jobs/?gh_jid=8022497
2026-07-28,PINS,Pinterest,"Sr. Client Account Manager, Mid-Market",SMB Sales,"Chicago, IL, US",other,senior,0,0,0,,126449,https://www.pinterestcareers.com/jobs/?gh_jid=7903944
2026-07-28,PINS,Pinterest,Sr. Client Account Manager | Nordics (CPG),Europe Enterprise Sales,"Stockholm, SE",other,senior,0,1,0,buzz,,https://www.pinterestcareers.com/jobs/?gh_jid=8016735
2026-07-28,PINS,Pinterest,Sr. Client Account Manager | Nordics (Retail),Europe Enterprise Sales,"Stockholm, SE",other,senior,0,1,0,buzz,,https://www.pinterestcareers.com/jobs/?gh_jid=8080469
2026-07-28,PINS,Pinterest,Sr. Client Account Manager - SEA,APAC Enterprise Sales,"Singapore, SG",other,senior,0,1,0,buzz,,https://www.pinterestcareers.com/jobs/?gh_jid=8016737
2026-07-28,PINS,Pinterest,"Sr. Client Account Manager, Tech",North America Enterprise Sales,"New York, NY, US",other,senior,0,0,0,,148764,https://www.pinterestcareers.com/jobs/?gh_jid=8054838
2026-07-28,PINS,Pinterest,Sr. Client Partner,LATAM Enterprise Sales,"Mexico City, MX",other,senior,0,0,0,,,https://www.pinterestcareers.com/jobs/?gh_jid=8023269
2026-07-28,PINS,Pinterest,Sr. Client Partner [11-Month Fixed Term],Europe Enterprise Sales,"Hamburg, DE",other,senior,0,0,0,,,https://www.pinterestcareers.com/jobs/?gh_jid=8074872
2026-07-28,PINS,Pinterest,Sr. Client Partner [11-Month Fixed Term],Europe Enterprise Sales,"Hamburg, DE",other,senior,0,0,0,,,https://www.pinterestcareers.com/jobs/?gh_jid=8074880
2026-07-28,PINS,Pinterest,Sr. Client Partner (6-Month Fixed Term),Europe Enterprise Sales,"Madrid, ES",other,senior,0,1,0,buzz,,https://www.pinterestcareers.com/jobs/?gh_jid=8067109
2026-07-28,PINS,Pinterest,"Sr. Client Partner, Amazon – Emerging Line of Business",North America Enterprise Sales,"New York, New York, US",other,senior,0,0,0,,128114,https://www.pinterestcareers.com/jobs/?gh_jid=8071595
2026-07-28,PINS,Pinterest,"Sr. Client Partner, Leave Coverage Program",North America Enterprise Sales,"New York, NY, US; Remote, US",other,senior,0,0,0,,121126,https://www.pinterestcareers.com/jobs/?gh_jid=8046828
2026-07-28,PINS,Pinterest,"Sr. Client Partner, Mid-Market",SMB Sales,"Chicago, IL, US",other,senior,0,0,0,,108898,https://www.pinterestcareers.com/jobs/?gh_jid=7903955
2026-07-28,PINS,Pinterest,"Sr. Data Scientist, Core","Engineering, Product and Design (L2)","San Francisco, CA, US; Remote, US",product_eng,senior,0,9,1,buzz|general_medium|model_infra,213756,https://www.pinterestcareers.com/jobs/?gh_jid=6087213
2026-07-28,PINS,Pinterest,"Sr. Data Scientist, Infrastructure",Infrastructure and SRE,"San Francisco, CA, US; Remote, US",product_eng,senior,0,0,0,,213756,https://www.pinterestcareers.com/jobs/?gh_jid=8024966
2026-07-28,PINS,Pinterest,"Sr. Data Scientist, Marketing",Marketing,"San Francisco, CA, US; Remote, US",product_eng,senior,0,5,0,buzz|general_medium,213756,https://www.pinterestcareers.com/jobs/?gh_jid=8011376
2026-07-28,PINS,Pinterest,"Sr. Data Scientist, Monetization","Engineering, Product and Design (L2)","San Francisco, CA, US; Seattle, WA, US",product_eng,senior,0,2,0,general_medium,226088,https://www.pinterestcareers.com/jobs/?gh_jid=5740948
2026-07-28,PINS,Pinterest,"Sr. Data Scientist, Performance Marketing",Marketing,"San Francisco, CA, US; Remote, US",product_eng,senior,0,5,0,buzz|general_medium,213756,https://www.pinterestcareers.com/jobs/?gh_jid=8014770
2026-07-28,PINS,Pinterest,"Sr. Data Scientist, tvScientific",tvScientific,"San Francisco, CA, US; Remote, US",product_eng,senior,0,0,0,,213756,https://www.pinterestcareers.com/jobs/?gh_jid=7642251
2026-07-28,PINS,Pinterest,"Sr. Engineering Manager, Programmatic Ad Tech, tvScientific",tvScientific,"San Francisco, CA, US; Remote, US",product_eng,senior,0,0,0,,319023,https://www.pinterestcareers.com/jobs/?gh_jid=7782569
2026-07-28,PINS,Pinterest,Sr. Industry Manager,APAC Enterprise Sales,"Tokyo, JP",other,senior,0,0,0,,,https://www.pinterestcareers.com/jobs/?gh_jid=7807888
2026-07-28,PINS,Pinterest,"Sr. Industry Manager, Ecommerce",North America Enterprise Sales,"New York, NY, US",other,senior,0,0,0,,204344,https://www.pinterestcareers.com/jobs/?gh_jid=8011928
2026-07-28,PINS,Pinterest,Sr. Insights Solutions Partner,Ads Product & Innovation,"London, UK",other,senior,0,0,0,,,https://www.pinterestcareers.com/jobs/?gh_jid=7678256
2026-07-28,PINS,Pinterest,"Sr. Lead Client Partner, Financial Services",North America Enterprise Sales,"New York, NY, US",other,senior,0,0,0,,204344,https://www.pinterestcareers.com/jobs/?gh_jid=7663075
2026-07-28,PINS,Pinterest,"Sr. Machine Learning Engineer, Applied Science","Engineering, Product and Design (L2)","San Francisco, CA, US; Remote, US",product_eng,senior,1,21,1,application|buzz|general_medium|model_infra,246638,https://www.pinterestcareers.com/jobs/?gh_jid=6894747
2026-07-28,PINS,Pinterest,"Sr. Machine Learning Engineer, Content Shopping",Core Engineering,"Toronto, ON, CA",product_eng,senior,1,20,1,application|buzz|general_medium|model_infra,,https://www.pinterestcareers.com/jobs/?gh_jid=5691478
2026-07-28,PINS,Pinterest,"Sr. Machine Learning Engineer, Core Engineering ",Core Engineering,"San Francisco, CA, US; Palo Alto, CA, US; Seattle, WA, US",product_eng,senior,1,17,1,application|buzz|general_medium|model_infra,260866,https://www.pinterestcareers.com/jobs/?gh_jid=6121464
2026-07-28,PINS,Pinterest,"Sr. Machine Learning Engineer, Monetization Engineering",Monetization,"San Francisco, CA, US; Palo Alto, CA, US; Seattle, WA, US",product_eng,senior,1,15,1,application|buzz|general_medium|model_infra,260866,https://www.pinterestcareers.com/jobs/?gh_jid=6121551
2026-07-28,PINS,Pinterest,"Sr. Machine Learning Engineer, Responsible AI– Applied Research Science",ATG,"San Francisco, CA, US; Remote, CA, US",research,senior,1,15,1,application|buzz|data_ml_ops|general_medium|model_infra,260866,https://www.pinterestcareers.com/jobs/?gh_jid=7494938
2026-07-28,PINS,Pinterest,"Sr. Manager, Communications DACH",Communications,"Hamburg, DE",nontech,senior,0,0,0,,,https://www.pinterestcareers.com/jobs/?gh_jid=7985917
2026-07-28,PINS,Pinterest,Sr. Partner Support Engineer,Global Content Organization,"Dublin, IE",product_eng,senior,0,0,0,,,https://www.pinterestcareers.com/jobs/?gh_jid=8016636
2026-07-28,PINS,Pinterest,Sr. Performance Solutions Partner,APAC Enterprise Sales,"Singapore, SG",other,senior,0,0,0,,,https://www.pinterestcareers.com/jobs/?gh_jid=8016692
2026-07-28,PINS,Pinterest,"Sr. Product Designer, Advertiser Experience",Design,"San Francisco, CA, US; Remote, US",product_eng,senior,0,0,0,,214200,https://www.pinterestcareers.com/jobs/?gh_jid=7770902
2026-07-28,PINS,Pinterest,"Sr. Production Engineer, Solutions Engineering",Infrastructure and SRE,"Chicago, IL, US; Remote, CA, US",demand_validated,senior,0,11,1,application|data_ml_ops,213756,https://www.pinterestcareers.com/jobs/?gh_jid=7772875
2026-07-28,PINS,Pinterest,"Sr. Product Manager, Core Saving Experience",Core Product,"San Francisco, CA, US; Remote, US",product_eng,senior,0,1,0,buzz,213756,https://www.pinterestcareers.com/jobs/?gh_jid=8046820
2026-07-28,PINS,Pinterest,Sr. Programmatic Ads Sales Partner,Programmatic Sales,"New York, NY, US",nontech,senior,0,4,1,application|buzz,140650,https://www.pinterestcareers.com/jobs/?gh_jid=7682046
2026-07-28,PINS,Pinterest,"Sr. Programmatic Tech Operations Specialist, EMEA",Programmatic Sales,"London, UK",nontech,senior,0,0,0,,,https://www.pinterestcareers.com/jobs/?gh_jid=8016632
2026-07-28,PINS,Pinterest,"Sr. Sales Manager, Retail",Europe Enterprise Sales,"Paris, FR",nontech,senior,0,0,0,,,https://www.pinterestcareers.com/jobs/?gh_jid=7983834
2026-07-28,PINS,Pinterest,Sr. Sales Strategy & Operations Manager,GBO Strategy & Operations,"New York, NY, US; Remote, US",nontech,senior,0,3,1,application,168990,https://www.pinterestcareers.com/jobs/?gh_jid=8036424
2026-07-28,PINS,Pinterest,Sr. Sales Strategy & Operations Manager (12-Month Fixed Term),GBO Strategy & Operations,"Amsterdam, NL",nontech,senior,0,0,0,,,https://www.pinterestcareers.com/jobs/?gh_jid=8049076
2026-07-28,PINS,Pinterest,"Sr. Security Software Engineer, Application Security",Security,"Chicago, IL, US; Remote, US",product_eng,senior,0,0,0,,237952,https://www.pinterestcareers.com/jobs/?gh_jid=7494708
2026-07-28,PINS,Pinterest,Sr. Software Engineer,Data Engineering,"Dublin, IE",product_eng,senior,0,0,0,,,https://www.pinterestcareers.com/jobs/?gh_jid=7896332
2026-07-28,PINS,Pinterest,"Sr. Software Engineer, Android",Core Engineering,"San Francisco, CA, US; Remote, US",product_eng,senior,0,1,0,buzz,228800,https://www.pinterestcareers.com/jobs/?gh_jid=5432095
2026-07-28,PINS,Pinterest,"Sr. Software Engineer, Android","Engineering, Product and Design (L2)","Toronto, ON, CA",product_eng,senior,0,0,0,,,https://www.pinterestcareers.com/jobs/?gh_jid=5773689
2026-07-28,PINS,Pinterest,"Sr. Software Engineer, Backend","Engineering, Product and Design (L2)","Toronto, ON, CA",product_eng,senior,0,5,1,application|buzz,,https://www.pinterestcareers.com/jobs/?gh_jid=5572858
2026-07-28,PINS,Pinterest,"Sr. Software Engineer, Backend","Engineering, Product and Design (L2)","San Francisco, CA, US; Remote, US",product_eng,senior,0,0,0,,237952,https://www.pinterestcareers.com/jobs/?gh_jid=4902175
2026-07-28,PINS,Pinterest,"Sr. Software Engineer, Big Data, tvScientific",tvScientific,"San Francisco, CA, US; Remote, US",product_eng,senior,0,0,0,,189182,https://www.pinterestcareers.com/jobs/?gh_jid=7642272
2026-07-28,PINS,Pinterest,Sr. Software Engineer - Full Stack,"Engineering, Product and Design (L2)","Toronto, ON, CA",product_eng,senior,0,1,0,buzz,,https://www.pinterestcareers.com/jobs/?gh_jid=6510646
2026-07-28,PINS,Pinterest,"Sr. Software Engineer, iOS",Core Engineering,"Toronto, ON, CA",product_eng,senior,0,1,0,buzz,,https://www.pinterestcareers.com/jobs/?gh_jid=8011547
2026-07-28,PINS,Pinterest,"Sr. Software Engineer, Machine Learning, tvScientific",tvScientific,"San Francisco, CA, US; Remote, US",product_eng,senior,1,22,1,application|buzz|data_ml_ops|general_medium|model_infra,237952,https://www.pinterestcareers.com/jobs/?gh_jid=7999050
2026-07-28,PINS,Pinterest,"Sr. Software Engineer, Web",Core Engineering,"Toronto, ON, CA",product_eng,senior,0,1,0,buzz,,https://www.pinterestcareers.com/jobs/?gh_jid=8024868
2026-07-28,PINS,Pinterest,"Sr. Staff Machine Learning Engineer, Content Quality",Core Engineering,"San Francisco, CA, US",product_eng,staff_principal,1,7,1,application|buzz|general_medium,368616,https://www.pinterestcareers.com/jobs/?gh_jid=7724254
2026-07-28,PINS,Pinterest,"Sr. Staff Machine Learning Engineer, Monetization Engineering",Monetization,"San Francisco, CA, US; Palo Alto, CA, US; Seattle, WA, US",product_eng,staff_principal,1,0,0,,348509,https://www.pinterestcareers.com/jobs/?gh_jid=8036258
2026-07-28,PINS,Pinterest,"Sr. Staff Product Owner, Accounting Systems",IT,"San Francisco, CA, US; Remote, US",nontech,staff_principal,0,0,0,,272626,https://www.pinterestcareers.com/jobs/?gh_jid=7684630
2026-07-28,PINS,Pinterest,"Sr. Staff Software Engineer, Ads Measurement",Monetization,"Seattle, WA, US; Palo Alto, CA, US; San Francisco, CA, US",product_eng,staff_principal,0,2,0,general_medium,337428,https://www.pinterestcareers.com/jobs/?gh_jid=7782478
2026-07-28,PINS,Pinterest,"Sr. Staff Software Engineer, Data Product Platform",Data Engineering,"San Francisco, CA, US; Remote, US",product_eng,staff_principal,0,0,0,,319023,https://www.pinterestcareers.com/jobs/?gh_jid=7746946
2026-07-28,PINS,Pinterest,"Sr. Staff Software Engineer, iOS Search and Shopping Journeys",Core Engineering,"San Francisco, CA, US; Remote, US",product_eng,staff_principal,0,3,1,application,319023,https://www.pinterestcareers.com/jobs/?gh_jid=8001913
2026-07-28,PINS,Pinterest,"Sr. Staff Software Engineer, Merchants",Monetization,"San Francisco, CA, US; Palo Alto, CA, US",product_eng,staff_principal,0,1,0,buzz,337428,https://www.pinterestcareers.com/jobs/?gh_jid=7770918
2026-07-28,PINS,Pinterest,Sr. Staff Technical Program Manager,Oversight Engineering,"San Francisco, CA, US; Remote, US",other,staff_principal,0,3,0,buzz|general_medium,250271,https://www.pinterestcareers.com/jobs/?gh_jid=7494652
2026-07-28,PINS,Pinterest,"Sr. Systems Engineer, Sales & Marketing",IT,"San Francisco, CA, US; Remote, US",product_eng,senior,0,7,1,application|buzz,202517,https://www.pinterestcareers.com/jobs/?gh_jid=8011573
2026-07-28,PINS,Pinterest,Sr. Technical Support Engineer,Global Content Organization,"San Francisco, CA, US; Remote, US",product_eng,senior,0,0,0,,189164,https://www.pinterestcareers.com/jobs/?gh_jid=7921160
2026-07-28,PINS,Pinterest,Sr. Treasury Analyst,Investor Relations,"San Francisco, CA, US",other,senior,0,0,0,,125290,https://www.pinterestcareers.com/jobs/?gh_jid=7902040
2026-07-28,PINS,Pinterest,"Staff Data Scientist, Ads Product",Monetization,"San Francisco, CA, US; Seattle, WA, US",product_eng,staff_principal,0,2,0,general_medium,251886,https://www.pinterestcareers.com/jobs/?gh_jid=7963755
2026-07-28,PINS,Pinterest,"Staff Data Scientist, Finance & Business Ops",Finance,"San Francisco, CA, US; Remote, US",product_eng,staff_principal,0,9,1,application,251886,https://www.pinterestcareers.com/jobs/?gh_jid=8036273
2026-07-28,PINS,Pinterest,"Staff Data Scientist, Forecasting",Core Engineering,"San Francisco, CA, US; Remote, US",product_eng,staff_principal,0,5,1,general_medium|model_infra,251886,https://www.pinterestcareers.com/jobs/?gh_jid=8001932
2026-07-28,PINS,Pinterest,Staff Machine Learning Engineer,Monetization,"San Francisco, CA, US; Remote, US",product_eng,staff_principal,1,26,1,application|buzz|general_medium|model_infra,289530,https://www.pinterestcareers.com/jobs/?gh_jid=7679180
2026-07-28,PINS,Pinterest,"Staff Machine Learning Engineer, Ads Conversion Core Modeling",Monetization,"San Francisco, CA, US; Palo Alto, CA, US; Seattle, WA, US",product_eng,staff_principal,1,6,1,application|buzz|general_medium,306234,https://www.pinterestcareers.com/jobs/?gh_jid=8011452
2026-07-28,PINS,Pinterest,"Staff Machine Learning Engineer, Computer Vision",ATG,"San Francisco, CA, US; Remote, US",product_eng,staff_principal,1,16,1,application|buzz|general_medium|model_infra,289530,https://www.pinterestcareers.com/jobs/?gh_jid=8015537
2026-07-28,PINS,Pinterest,"Staff Machine Learning Engineer, Programmatic Ads",Monetization,"San Francisco, CA, US; Palo Alto, CA, US; Seattle, WA, US",product_eng,staff_principal,1,6,1,application|model_infra,306234,https://www.pinterestcareers.com/jobs/?gh_jid=7494765
2026-07-28,PINS,Pinterest,"Staff Machine Learning Engineer, Shopping Merchants ",Monetization,"Toronto, ON, CA, Remote, Canada ",product_eng,staff_principal,1,12,1,application|buzz|data_ml_ops|general_medium,263670,https://www.pinterestcareers.com/jobs/?gh_jid=8049465
2026-07-28,PINS,Pinterest,"Staff Product Designer, Design Innovation",Design,"San Francisco, CA, US; Remote, US",product_eng,staff_principal,0,1,0,buzz,242818,https://www.pinterestcareers.com/jobs/?gh_jid=7839695
2026-07-28,PINS,Pinterest,Staff Product Manager,Data Engineering,"Toronto, ON, CA",product_eng,staff_principal,0,7,1,application|buzz,,https://www.pinterestcareers.com/jobs/?gh_jid=8050699
2026-07-28,PINS,Pinterest,"Staff Product Manager, AI/ML Personalization",Core Product,"San Francisco, CA, US; Remote, US",product_eng,staff_principal,1,0,0,,213756,https://www.pinterestcareers.com/jobs/?gh_jid=7368194
2026-07-28,PINS,Pinterest,"Staff Product Manager, AI Safety",Trust and Safety Ops,"San Francisco, CA, US; Remote, US",product_eng,staff_principal,1,13,1,application|buzz|general_medium|model_infra,251886,https://www.pinterestcareers.com/jobs/?gh_jid=7718015
2026-07-28,PINS,Pinterest,"Staff Product Manager, Billing",Ads Product,"San Francisco, CA, US; Remote, CA, US",product_eng,staff_principal,0,0,0,,251886,https://www.pinterestcareers.com/jobs/?gh_jid=7955593
2026-07-28,PINS,Pinterest,"Staff Product Manager, Connections",Core Product,"San Francisco, CA, US; Remote, US",product_eng,staff_principal,0,3,1,application,251886,https://www.pinterestcareers.com/jobs/?gh_jid=7525112
2026-07-28,PINS,Pinterest,"Staff Product Manager, Model Lifecycle & Management",Trust and Safety Ops,"San Francisco, CA, US; Remote, US",product_eng,staff_principal,0,2,0,data_ml_ops,251886,https://www.pinterestcareers.com/jobs/?gh_jid=7905508
2026-07-28,PINS,Pinterest,"Staff Product Owner, Collaboration & Productivity",IT,"Chicago, IL, US; Remote, US",other,staff_principal,0,0,0,,242818,https://www.pinterestcareers.com/jobs/?gh_jid=7494797
2026-07-28,PINS,Pinterest,"Staff Product Owner, Finance & Business Operations",IT,"San Francisco, CA, US; Remote, US",nontech,staff_principal,0,0,0,,242818,https://www.pinterestcareers.com/jobs/?gh_jid=7684618
2026-07-28,PINS,Pinterest,"Staff Software Engineer, Ads Measurement Products",Monetization,"San Francisco, CA, US; Remote, US",product_eng,staff_principal,0,0,0,,270990,https://www.pinterestcareers.com/jobs/?gh_jid=7494915
2026-07-28,PINS,Pinterest,"Staff Software Engineer, Ads Measurement Signal ",Monetization,"Seattle, WA, US; Remote, US",product_eng,staff_principal,0,5,1,application|buzz,270990,https://www.pinterestcareers.com/jobs/?gh_jid=7494904
2026-07-28,PINS,Pinterest,"Staff Software Engineer, AI Tools",IT,"San Francisco, CA, US; Remote, US",product_eng,staff_principal,1,3,1,application,270990,https://www.pinterestcareers.com/jobs/?gh_jid=7305880
2026-07-28,PINS,Pinterest,"Staff Software Engineer, Batch Processing Platform",Data Engineering,"Seattle, WA, US; Remote, US",product_eng,staff_principal,0,0,0,,270990,https://www.pinterestcareers.com/jobs/?gh_jid=7832348
2026-07-28,PINS,Pinterest,"Staff Software Engineer, Big Data Storage",Data Engineering,"Palo Alto, CA, US; Remote, US",product_eng,staff_principal,0,0,0,,270990,https://www.pinterestcareers.com/jobs/?gh_jid=7437356
2026-07-28,PINS,Pinterest,"Staff Software Engineer, Big Data, tvScientific",tvScientific,"San Francisco, CA, US; Remote, US",product_eng,staff_principal,0,0,0,,270990,https://www.pinterestcareers.com/jobs/?gh_jid=7642253
2026-07-28,PINS,Pinterest,"Staff Software Engineer, Capacity Engineering",Data Engineering,"San Francisco, CA, US; Remote, US",product_eng,staff_principal,0,0,0,,270990,https://www.pinterestcareers.com/jobs/?gh_jid=7494668
2026-07-28,PINS,Pinterest,"Staff Software Engineer, Edge",Data Engineering,"US; Remote, US",product_eng,staff_principal,0,0,0,,270990,https://www.pinterestcareers.com/jobs/?gh_jid=7990090
2026-07-28,PINS,Pinterest,Staff Software Engineer- Growth Performance Marketing,Core Engineering,"San Francisco, CA, US; Remote, US",product_eng,staff_principal,0,2,0,data_ml_ops,270990,https://www.pinterestcareers.com/jobs/?gh_jid=7874931
2026-07-28,PINS,Pinterest,"Staff Software Engineer, Observability",Data Engineering,"San Francisco, CA, US; Remote, US",product_eng,staff_principal,0,1,0,buzz,270990,https://www.pinterestcareers.com/jobs/?gh_jid=7954753
2026-07-28,PINS,Pinterest,"Staff Software Engineer, Service Communications",Data Engineering,"San Francisco, CA, US; Remote, US",product_eng,staff_principal,0,0,0,,270990,https://www.pinterestcareers.com/jobs/?gh_jid=7990086
2026-07-28,PINS,Pinterest,"Staff Software Engineer, Trends Engineering ",Monetization,"San Francisco, CA, US; Remote, US",product_eng,staff_principal,0,8,1,application|buzz,270990,https://www.pinterestcareers.com/jobs/?gh_jid=7960984
2026-07-28,PINS,Pinterest,"Staff Technical Program Manager, Compute Infrastructure",Oversight Engineering,"San Francisco, CA, US; Remote, US",other,staff_principal,0,0,0,,222907,https://www.pinterestcareers.com/jobs/?gh_jid=7494634
2026-07-28,PINS,Pinterest,"Staff Technical Program Manager, Monetization Data Science",Oversight Engineering,"San Francisco, CA, US; Remote, US",other,staff_principal,0,1,0,buzz,222907,https://www.pinterestcareers.com/jobs/?gh_jid=7494686
2026-07-28,PINS,Pinterest,"Staff Technical Program Manager, Search Relevance",Oversight Engineering,"San Francisco, CA, US; Remote, US",other,staff_principal,0,1,0,buzz,222907,https://www.pinterestcareers.com/jobs/?gh_jid=7957799
2026-07-28,PINS,Pinterest,"Strategy & Operations Lead, Strategic Enablement, MC2",Marketing,"San Francisco, CA, US; Remote, US",nontech,senior,0,0,0,,184020,https://www.pinterestcareers.com/jobs/?gh_jid=7648637
2026-07-28,RDDT,Reddit,"Acquisition Account Manager, Mid-Market (Southern Europe)",Mid Market & SMB,"Amsterdam, Netherlands",other,mid,0,0,0,,,https://job-boards.greenhouse.io/reddit/jobs/8069214
2026-07-28,RDDT,Reddit,"Ads Conversion Modeling, Machine Learning Engineering Manager",Ads Engineering,Remote - United States,product_eng,mid,1,14,1,buzz|general_medium|model_infra,276000,https://job-boards.greenhouse.io/reddit/jobs/7792848
2026-07-28,RDDT,Reddit,"Agency Development Lead, DACH",Agency Development,"Berlin, Germany",other,senior,0,0,0,,,https://job-boards.greenhouse.io/reddit/jobs/8015018
2026-07-28,RDDT,Reddit,Agency Development Lead III,Agency Development,"New York City, NY",other,senior,0,0,0,,319200,https://job-boards.greenhouse.io/reddit/jobs/7991536
2026-07-28,RDDT,Reddit,"Backend Engineer, Moderation Enforcement",Safety Engineering,Remote - United States,product_eng,mid,0,0,0,,197050,https://job-boards.greenhouse.io/reddit/jobs/7922994
2026-07-28,RDDT,Reddit,"Business Lead, Revenue Strategy & Operations",Sales Strategy & Operations,"New York City, NY",nontech,senior,0,0,0,,216250,https://job-boards.greenhouse.io/reddit/jobs/7731931
2026-07-28,RDDT,Reddit,"Client Account Manager, Large Customer Sales (Automotive)",Large Customer Sales,"Los Angeles, CA",nontech,mid,0,0,0,,126000,https://job-boards.greenhouse.io/reddit/jobs/8051511
2026-07-28,RDDT,Reddit,"Client Account Manager, Large Customer Sales (Financial Services)",Large Customer Sales,"Los Angeles, CA",nontech,mid,0,0,0,,162150,https://job-boards.greenhouse.io/reddit/jobs/7982890
2026-07-28,RDDT,Reddit,"Client Account Manager, Large Customer Sales (Financial Services)",Large Customer Sales,"New York City, NY",nontech,mid,0,0,0,,162150,https://job-boards.greenhouse.io/reddit/jobs/7982928
2026-07-28,RDDT,Reddit,"Client Account Manager, Large Customer Sales (Financial Services)",Large Customer Sales,"San Francisco, CA",nontech,mid,0,0,0,,162150,https://job-boards.greenhouse.io/reddit/jobs/7982927
2026-07-28,RDDT,Reddit,"Client Account Manager, Large Customer Sales (Retail Beauty)",Large Customer Sales,"New York City, NY",nontech,mid,0,0,0,,162150,https://job-boards.greenhouse.io/reddit/jobs/8052432
2026-07-28,RDDT,Reddit,"Client Account Manager, Large Customer Sales (Tech)",Large Customer Sales,"San Francisco, CA",nontech,mid,0,0,0,,162150,https://job-boards.greenhouse.io/reddit/jobs/7984021
2026-07-28,RDDT,Reddit,"Client Account Manager, Large Customer Sales (Tech)",Large Customer Sales,"Los Angeles, CA",nontech,mid,0,0,0,,162150,https://job-boards.greenhouse.io/reddit/jobs/8052032
2026-07-28,RDDT,Reddit,"Client Account Manager, Mid-Market Sales (Acquisitions)",Mid Market & SMB,"Toronto, Canada",nontech,mid,0,0,0,,,https://job-boards.greenhouse.io/reddit/jobs/8024865
2026-07-28,RDDT,Reddit,"Client Partner, Mid-Market (B2B Services Acquisitions)",Mid Market & SMB,"San Francisco, CA",other,mid,0,0,0,,122900,https://job-boards.greenhouse.io/reddit/jobs/7961073
2026-07-28,RDDT,Reddit,Community Manager - French speaker (contract),Community,Remote - United Kingdom,other,mid,0,0,0,,,https://job-boards.greenhouse.io/reddit/jobs/7669372
2026-07-28,RDDT,Reddit,Creative Strategist - App Dev,Global Client Solutions,"New York City, NY",other,mid,0,0,0,,138600,https://job-boards.greenhouse.io/reddit/jobs/7769002
2026-07-28,RDDT,Reddit,Creative Strategist - Finance,Global Client Solutions,"New York City, NY",nontech,mid,0,0,0,,138600,https://job-boards.greenhouse.io/reddit/jobs/8019018
2026-07-28,RDDT,Reddit,"Creative Strategist, KarmaLab",Global Client Solutions,"London, United Kingdom",other,mid,0,0,0,,,https://job-boards.greenhouse.io/reddit/jobs/8015790
2026-07-28,RDDT,Reddit,"Curriculum Lead, GTM Enablement",Global Client Solutions,"Chicago, IL",nontech,senior,0,0,0,,201000,https://job-boards.greenhouse.io/reddit/jobs/8024321
2026-07-28,RDDT,Reddit,"Curriculum Lead, GTM Enablement",Global Client Solutions,"New York City, NY",nontech,senior,0,0,0,,201000,https://job-boards.greenhouse.io/reddit/jobs/8016926
2026-07-28,RDDT,Reddit,"Curriculum Lead, GTM Enablement",Global Client Solutions,"San Francisco, CA",nontech,senior,0,0,0,,201000,https://job-boards.greenhouse.io/reddit/jobs/8024322
2026-07-28,RDDT,Reddit,"Curriculum Lead, GTM Enablement",Global Client Solutions,"Los Angeles, CA",nontech,senior,0,0,0,,201000,https://job-boards.greenhouse.io/reddit/jobs/8024327
2026-07-28,RDDT,Reddit,"Director, Ads Product Legal",Legal,Remote - United States,nontech,director,0,0,0,,359000,https://job-boards.greenhouse.io/reddit/jobs/7638071
2026-07-28,RDDT,Reddit,"Director, Mid-Market Sales (B2C Services)",Mid Market & SMB,"Los Angeles, CA",nontech,director,0,0,0,,252000,https://job-boards.greenhouse.io/reddit/jobs/7519923
2026-07-28,RDDT,Reddit,"Director, Mid-Market Sales (B2C Services)",Mid Market & SMB,"New York City, NY",nontech,director,0,0,0,,252000,https://job-boards.greenhouse.io/reddit/jobs/7532202
2026-07-28,RDDT,Reddit,"Director of Engineering, Developer Productivity",DevPlatform,Remote - United States,product_eng,director,0,7,1,application|buzz,312950,https://job-boards.greenhouse.io/reddit/jobs/7947591
2026-07-28,RDDT,Reddit,Director of Safety ML,SWAT,Remote - United States,other,director,1,16,1,application|buzz|data_ml_ops|general_medium|model_infra,332050,https://job-boards.greenhouse.io/reddit/jobs/7926627
2026-07-28,RDDT,Reddit,"Director, Technology FP&A",Corporate Finance,Remote - United States,other,director,0,0,0,,294950,https://job-boards.greenhouse.io/reddit/jobs/8011163
2026-07-28,RDDT,Reddit,EMEA Insights Specialist ,Business Marketing,Remote - Germany,other,mid,0,0,0,,,https://job-boards.greenhouse.io/reddit/jobs/7957771
2026-07-28,RDDT,Reddit,"Engineering Manager, Ads ML Efficiency",Ads Engineering,Remote - United States,product_eng,mid,1,18,1,data_ml_ops|general_medium|model_infra,276000,https://job-boards.greenhouse.io/reddit/jobs/8022366
2026-07-28,RDDT,Reddit,"Engineering Manager, Advanced Signals (SWE)",Ads Engineering,Remote - United States,product_eng,mid,0,0,0,,260450,https://job-boards.greenhouse.io/reddit/jobs/7966985
2026-07-28,RDDT,Reddit,"Engineering Manager, Media Foundations and Delivery",Growth,Remote - United States,product_eng,mid,0,0,0,,260000,https://job-boards.greenhouse.io/reddit/jobs/8055132
2026-07-28,RDDT,Reddit,"Engineering Manager, Search Storage",BE Platform,Remote - United States,product_eng,mid,0,9,1,application|buzz|general_medium,260000,https://job-boards.greenhouse.io/reddit/jobs/7859086
2026-07-28,RDDT,Reddit,"Experience Coordinator, San Francisco",Experience,"San Francisco, CA",other,mid,0,0,0,,115263,https://job-boards.greenhouse.io/reddit/jobs/7700153
2026-07-28,RDDT,Reddit,"Fullstack Software Engineer, Notifications Lifecycle",Economy,Remote - United States,product_eng,mid,0,1,0,buzz,196500,https://job-boards.greenhouse.io/reddit/jobs/7895468
2026-07-28,RDDT,Reddit,"Lead, Advertising Measurement (Australia)",Marketing Sciences,"Sydney, Australia",other,senior,0,0,0,,,https://job-boards.greenhouse.io/reddit/jobs/8013849
2026-07-28,RDDT,Reddit,"Lead, Advertising Measurement - UK",Marketing Sciences,"London, United Kingdom",other,senior,0,0,0,,,https://job-boards.greenhouse.io/reddit/jobs/7734973
2026-07-28,RDDT,Reddit,"Lead Product Adoption Strategist, Mid-Market",Global Client Solutions,Remote - United States,other,senior,0,0,0,,218400,https://job-boards.greenhouse.io/reddit/jobs/7997020
2026-07-28,RDDT,Reddit,"Machine Learning Engineer, Ads Optimization",Ads Engineering,Remote - United States,product_eng,mid,1,3,0,buzz|general_medium,260050,https://job-boards.greenhouse.io/reddit/jobs/8029120
2026-07-28,RDDT,Reddit,Machine Learning Engineering Manager - Ads Engagement Modeling ,Ads Engineering,Remote - United States,product_eng,mid,1,14,1,buzz|general_medium|model_infra,276000,https://job-boards.greenhouse.io/reddit/jobs/7993514
2026-07-28,RDDT,Reddit,"Machine Learning Systems Engineer, Ads ML Platform",Ads Engineering,Remote - United Kingdom,product_eng,mid,1,10,1,application|data_ml_ops|model_infra,,https://job-boards.greenhouse.io/reddit/jobs/8022937
2026-07-28,RDDT,Reddit,"Machine Learning Systems Engineer, Ads ML Platform",Ads Engineering,Remote - The Netherlands,product_eng,mid,1,10,1,application|data_ml_ops|model_infra,,https://job-boards.greenhouse.io/reddit/jobs/8022942
2026-07-28,RDDT,Reddit,"Manager, Large Customer Sales (Auto, Media & Entertainment, Telco)",Large Customer Sales,"Toronto, Canada",nontech,mid,0,0,0,,,https://job-boards.greenhouse.io/reddit/jobs/8010413
2026-07-28,RDDT,Reddit,"Manager, Large Customer Sales (Financial Services)",Large Customer Sales,"Toronto, Canada",nontech,mid,0,0,0,,,https://job-boards.greenhouse.io/reddit/jobs/8010405
2026-07-28,RDDT,Reddit,"Manager, Technical Solutions",Sales Strategy & Operations,"San Francisco, CA",other,mid,0,1,0,buzz,216250,https://job-boards.greenhouse.io/reddit/jobs/8016897
2026-07-28,RDDT,Reddit,"Manager, Technical Solutions",Sales Strategy & Operations,"Los Angeles, CA",other,mid,0,1,0,buzz,216250,https://job-boards.greenhouse.io/reddit/jobs/8068464
2026-07-28,RDDT,Reddit,Marketing Science Partnerships & Insights Lead,Global Client Solutions,"London, United Kingdom",nontech,senior,0,0,0,,,https://job-boards.greenhouse.io/reddit/jobs/8023359
2026-07-28,RDDT,Reddit,"Principal Data Scientist, Ads",Ads Data Science,Remote - United States,product_eng,staff_principal,0,7,0,buzz|data_ml_ops|general_medium,316550,https://job-boards.greenhouse.io/reddit/jobs/7330347
2026-07-28,RDDT,Reddit,"Principal Engineer, iOS Performance",Growth,Remote - United States,product_eng,staff_principal,0,0,0,,279000,https://job-boards.greenhouse.io/reddit/jobs/7886615
2026-07-28,RDDT,Reddit,"Principal Technical Program Manager, Developer Productivity ",BE Platform,Remote - United States,product_eng,staff_principal,0,7,1,application|buzz,312950,https://job-boards.greenhouse.io/reddit/jobs/7944159
2026-07-28,RDDT,Reddit,"Principal Technical Program Manager, Performance",TPM,Remote - United States,other,staff_principal,0,0,0,,312950,https://job-boards.greenhouse.io/reddit/jobs/7947049
2026-07-28,RDDT,Reddit,Revenue Growth & Strategy Partner,Sales Strategy & Operations,Remote - United States,other,mid,0,0,0,,203500,https://job-boards.greenhouse.io/reddit/jobs/8061819
2026-07-28,RDDT,Reddit,Revenue Growth & Strategy Partner,Sales Strategy & Operations,Remote - The Netherlands,other,mid,0,0,0,,,https://job-boards.greenhouse.io/reddit/jobs/8062296
2026-07-28,RDDT,Reddit,Revenue Growth & Strategy Partner,Sales Strategy & Operations,Remote - United Kingdom,other,mid,0,0,0,,,https://job-boards.greenhouse.io/reddit/jobs/8062273
2026-07-28,RDDT,Reddit,Revenue Growth & Strategy Partner,Sales Strategy & Operations,"Remote - Ontario, Canada",other,mid,0,0,0,,,https://job-boards.greenhouse.io/reddit/jobs/8062300
2026-07-28,RDDT,Reddit,Revenue Growth & Strategy Partner,Sales Strategy & Operations,Remote - Germany,other,mid,0,0,0,,,https://job-boards.greenhouse.io/reddit/jobs/8062298
2026-07-28,RDDT,Reddit,"Sales Manager, Mid-Market - UK",Mid Market & SMB,"London, United Kingdom",nontech,mid,0,0,0,,,https://job-boards.greenhouse.io/reddit/jobs/8012708
2026-07-28,RDDT,Reddit,Senior Agile Client Account Executive - EMEA,Mid Market & SMB,"Amsterdam, Netherlands",demand_validated,senior,0,0,0,,,https://job-boards.greenhouse.io/reddit/jobs/7759129
2026-07-28,RDDT,Reddit,"Senior Agile Client Partner, Large Customer Sales",Large Customer Sales,"New York City, NY",nontech,senior,0,0,0,,149650,https://job-boards.greenhouse.io/reddit/jobs/8021287
2026-07-28,RDDT,Reddit,"Senior Android Engineer, Design System",Platform and Apps,Remote - United States,product_eng,senior,0,0,0,,228950,https://job-boards.greenhouse.io/reddit/jobs/8055374
2026-07-28,RDDT,Reddit,"Senior Android Engineer, Media Foundation",Growth,Remote - United States,product_eng,senior,0,0,0,,217000,https://job-boards.greenhouse.io/reddit/jobs/8049005
2026-07-28,RDDT,Reddit,"Senior Backend Engineer, IAM",BE Platform,Remote - United States,product_eng,senior,0,0,0,,228950,https://job-boards.greenhouse.io/reddit/jobs/8044767
2026-07-28,RDDT,Reddit,Senior Business Engineer,Ads Engineering,"Remote - Ontario, Canada",product_eng,senior,0,0,0,,,https://job-boards.greenhouse.io/reddit/jobs/8022260
2026-07-28,RDDT,Reddit,Senior Business Engineer - Ads,Ads Engineering,Remote - United States,product_eng,senior,0,0,0,,216250,https://job-boards.greenhouse.io/reddit/jobs/7954598
2026-07-28,RDDT,Reddit,"Senior, Business Risk & AI Automation",Internal Audit,"Remote - Ontario, Canada",other,senior,1,3,1,application,,https://job-boards.greenhouse.io/reddit/jobs/8074846
2026-07-28,RDDT,Reddit,"Senior, Business Risk & AI Automation",Internal Audit,"Remote - British Columbia, Canada",other,senior,1,3,1,application,,https://job-boards.greenhouse.io/reddit/jobs/8074860
2026-07-28,RDDT,Reddit,"Senior Client Account Executive, Mid-Market Sales (B2B Services)",Mid Market & SMB,"San Francisco, CA",demand_validated,senior,0,0,0,,155250,https://job-boards.greenhouse.io/reddit/jobs/8067911
2026-07-28,RDDT,Reddit,Senior Client Account Manager (Contract),Large Customer Sales,"Remote - Ontario, Canada",other,senior,0,0,0,,,https://job-boards.greenhouse.io/reddit/jobs/7391478
2026-07-28,RDDT,Reddit,"Senior Client Account Manager, Global Strategic Accounts (UK)",Large Customer Sales,"London, United Kingdom",other,senior,0,0,0,,,https://job-boards.greenhouse.io/reddit/jobs/8017263
2026-07-28,RDDT,Reddit,"Senior Client Account Manager, Large Customer Sales (Pharma)",Large Customer Sales,"New York City, NY",nontech,senior,0,0,0,,162150,https://job-boards.greenhouse.io/reddit/jobs/7746526
2026-07-28,RDDT,Reddit,"Senior Client Account Manager, Large Customer Sales (Pharma)",Large Customer Sales,"Chicago, IL",nontech,senior,0,0,0,,162150,https://job-boards.greenhouse.io/reddit/jobs/7977257
2026-07-28,RDDT,Reddit,"Senior Client Account Manager, Large Customer Sales (Restaurants and Drinks)",Large Customer Sales,"Chicago, IL",nontech,senior,0,0,0,,162150,https://job-boards.greenhouse.io/reddit/jobs/8022663
2026-07-28,RDDT,Reddit,"Senior Client Account Manager, Large Customer Sales (Retail)",Large Customer Sales,"Toronto, Canada",nontech,senior,0,0,0,,,https://job-boards.greenhouse.io/reddit/jobs/8010396
2026-07-28,RDDT,Reddit,"Senior Client Account Manager, Large Customer Sales (Telco, Media & Entertainment)",Large Customer Sales,"Toronto, Canada",nontech,senior,0,0,0,,,https://job-boards.greenhouse.io/reddit/jobs/8010403
2026-07-28,RDDT,Reddit,"Senior Client Partner, Acquisitions DACH",Mid Market & SMB,"Amsterdam, Netherlands",other,senior,0,0,0,,,https://job-boards.greenhouse.io/reddit/jobs/7420175
2026-07-28,RDDT,Reddit,"Senior Client Partner, Global Strategic Accounts (UK)",Large Customer Sales,"London, United Kingdom",other,senior,0,0,0,,,https://job-boards.greenhouse.io/reddit/jobs/8017196
2026-07-28,RDDT,Reddit,"Senior Client Partner, Large Customer Sales - DACH",Large Customer Sales,"Berlin, Germany",nontech,senior,0,0,0,,,https://job-boards.greenhouse.io/reddit/jobs/7996471
2026-07-28,RDDT,Reddit,"Senior Client Partner, Large Customer Sales (Financial Services)",Large Customer Sales,"New York City, NY",nontech,senior,0,0,0,,170650,https://job-boards.greenhouse.io/reddit/jobs/8011115
2026-07-28,RDDT,Reddit,"Senior Client Partner, Large Customer Sales, Pharma",Large Customer Sales,"New York City, NY",nontech,senior,0,0,0,,170650,https://job-boards.greenhouse.io/reddit/jobs/8021708
2026-07-28,RDDT,Reddit,"Senior Client Partner, Large Customer Sales, Pharma",Large Customer Sales,"Chicago, IL",nontech,senior,0,0,0,,170650,https://job-boards.greenhouse.io/reddit/jobs/8044271
2026-07-28,RDDT,Reddit,"Senior Client Partner, Large Customer Sales (Retail)",Large Customer Sales,"Toronto, Canada",nontech,senior,0,0,0,,,https://job-boards.greenhouse.io/reddit/jobs/8010389
2026-07-28,RDDT,Reddit,"Senior Client Partner, Mid-Market (Services)",Mid Market & SMB,"Los Angeles, CA",other,senior,0,0,0,,149650,https://job-boards.greenhouse.io/reddit/jobs/7875300
2026-07-28,RDDT,Reddit,"Senior Data Science Manager, Marketing",Ads Data Science,"Remote - Ontario, Canada",nontech,senior,0,5,1,application|general_medium,,https://job-boards.greenhouse.io/reddit/jobs/7931010
2026-07-28,RDDT,Reddit,"Senior Data Science Manager, Marketing",Ads Data Science,Remote - United States,nontech,senior,0,5,1,application|general_medium,279000,https://job-boards.greenhouse.io/reddit/jobs/7834671
2026-07-28,RDDT,Reddit,"Senior Data Scientist, Ads",Ads Data Science,Remote - United States,product_eng,senior,0,9,1,buzz|general_medium|model_infra,228950,https://job-boards.greenhouse.io/reddit/jobs/6042236
2026-07-28,RDDT,Reddit,"Senior Data Scientist, Ads",Ads Data Science,"Remote - Ontario, Canada",product_eng,senior,0,9,1,buzz|general_medium|model_infra,,https://job-boards.greenhouse.io/reddit/jobs/7607121
2026-07-28,RDDT,Reddit,"Senior Data Scientist, Consumer",Consumer Data Science,"Remote - Ontario, Canada",product_eng,senior,0,0,0,,,https://job-boards.greenhouse.io/reddit/jobs/7931049
2026-07-28,RDDT,Reddit,"Senior Data Scientist, Consumer",Consumer Data Science,Remote - United States,product_eng,senior,0,2,0,general_medium,228950,https://job-boards.greenhouse.io/reddit/jobs/7275414
2026-07-28,RDDT,Reddit,"Senior Director of Product, Ads Platform",Ads Product,Remote - United States,other,director,0,6,1,application,359000,https://job-boards.greenhouse.io/reddit/jobs/7746311
2026-07-28,RDDT,Reddit,"Senior Engineering Manager, Unified Embeddings Platform ",Machine Learning,Remote - United States,product_eng,senior,0,9,1,application|buzz|general_medium|model_infra,319200,https://job-boards.greenhouse.io/reddit/jobs/7359367
2026-07-28,RDDT,Reddit,"Senior Frontend Engineer, Ads Creative",Ads Engineering,Remote - United States,product_eng,senior,0,7,1,application|buzz|general_medium,228950,https://job-boards.greenhouse.io/reddit/jobs/8082867
2026-07-28,RDDT,Reddit,"Senior Frontend Software Engineer, Home Experience",Consumer,Remote - United States,product_eng,senior,0,0,0,,228950,https://job-boards.greenhouse.io/reddit/jobs/7751064
2026-07-28,RDDT,Reddit,"Senior Growth Manager,  UK",Community,"London, United Kingdom",other,senior,0,0,0,,,https://job-boards.greenhouse.io/reddit/jobs/8030230
2026-07-28,RDDT,Reddit,"Senior iOS Engineer, Media Foundations",Growth,Remote - United States,product_eng,senior,0,0,0,,228500,https://job-boards.greenhouse.io/reddit/jobs/8049001
2026-07-28,RDDT,Reddit,"Senior Lead, Marketing Science Partnerships & Insights",Global Client Solutions,"New York City, NY",nontech,senior,0,0,0,,201000,https://job-boards.greenhouse.io/reddit/jobs/8022657
2026-07-28,RDDT,Reddit,Senior Machine Learning Engineer,Machine Learning,Remote - United States,product_eng,senior,1,31,1,application|buzz|data_ml_ops|general_medium|model_infra,260050,https://job-boards.greenhouse.io/reddit/jobs/6960831
2026-07-28,RDDT,Reddit,Senior Machine Learning Engineer,Machine Learning,"Remote - Ontario, Canada",product_eng,senior,1,31,1,application|buzz|data_ml_ops|general_medium|model_infra,,https://job-boards.greenhouse.io/reddit/jobs/6960833
2026-07-28,RDDT,Reddit,"Senior Machine Learning Engineer, Ads Content Understanding",Ads Engineering,Remote - United States,product_eng,senior,1,19,1,application|buzz|data_ml_ops|general_medium|model_infra,260050,https://job-boards.greenhouse.io/reddit/jobs/8008648
2026-07-28,RDDT,Reddit,"Senior Machine Learning Engineer, Ads Foundational Representations",Ads Engineering,Remote - United Kingdom,product_eng,senior,1,20,1,application|buzz|general_medium|model_infra,,https://job-boards.greenhouse.io/reddit/jobs/8018513
2026-07-28,RDDT,Reddit,"Senior Machine Learning Engineer, Ads Foundational Representations",Ads Engineering,Remote - The Netherlands,product_eng,senior,1,20,1,application|buzz|general_medium|model_infra,,https://job-boards.greenhouse.io/reddit/jobs/8018517
2026-07-28,RDDT,Reddit,"Senior Machine Learning Engineer, GenAI Security",Machine Learning,Remote - United States,product_eng,senior,1,36,1,application|buzz|data_ml_ops|general_medium|model_infra,260050,https://job-boards.greenhouse.io/reddit/jobs/7891887
2026-07-28,RDDT,Reddit,"Senior Machine Learning Engineer, ML Efficiency",Ads Engineering,Remote - United States,product_eng,senior,1,15,1,data_ml_ops|general_medium|model_infra,260050,https://job-boards.greenhouse.io/reddit/jobs/8084032
2026-07-28,RDDT,Reddit,"Senior Machine Learning Engineer, Safety",Anti-Evil Engineering,Remote - United States,product_eng,senior,1,35,1,application|buzz|data_ml_ops|general_medium|model_infra,260050,https://job-boards.greenhouse.io/reddit/jobs/7729096
2026-07-28,RDDT,Reddit,Senior Machine Learning Systems Engineer,Machine Learning,Remote - United States,product_eng,senior,1,19,1,buzz|data_ml_ops|general_medium|model_infra,260050,https://job-boards.greenhouse.io/reddit/jobs/7731772
2026-07-28,RDDT,Reddit,"Senior Machine Learning Systems Engineer, Ads ML Experience Platform",Ads Engineering,Remote - United States,product_eng,senior,1,11,1,application|buzz|data_ml_ops|model_infra,260050,https://job-boards.greenhouse.io/reddit/jobs/8022136
2026-07-28,RDDT,Reddit,"Senior Machine Learning Systems Engineer, Ranking Platform",Machine Learning,Remote - United States,product_eng,senior,1,4,0,buzz|general_medium,260050,https://job-boards.greenhouse.io/reddit/jobs/8009153
2026-07-28,RDDT,Reddit,"Senior Manager, Large Customer Sales (Entertainment)",Large Customer Sales,"Los Angeles, CA",nontech,senior,0,0,0,,234000,https://job-boards.greenhouse.io/reddit/jobs/8010607
2026-07-28,RDDT,Reddit,"Senior Manager, Large Customer Sales - UK",Large Customer Sales,"London, United Kingdom",nontech,senior,0,0,0,,,https://job-boards.greenhouse.io/reddit/jobs/8023926
2026-07-28,RDDT,Reddit,"Senior Product Adoption Strategist, Lower Funnel, EMEA",Global Client Solutions,"London, United Kingdom",other,senior,0,0,0,,,https://job-boards.greenhouse.io/reddit/jobs/7735760
2026-07-28,RDDT,Reddit,"Senior Product Adoption Strategist, Shopping",Global Client Solutions,Remote - United States,other,senior,0,0,0,,201600,https://job-boards.greenhouse.io/reddit/jobs/8081271
2026-07-28,RDDT,Reddit,"Senior Product Manager, GTM Automation",Sales Strategy & Operations,"San Francisco, CA",product_eng,senior,0,1,0,buzz,201000,https://job-boards.greenhouse.io/reddit/jobs/7762079
2026-07-28,RDDT,Reddit,"Senior Security Engineer, AI Security ",Privacy and Assurance,Remote - United States,product_eng,senior,1,18,1,application|buzz|data_ml_ops|general_medium,228950,https://job-boards.greenhouse.io/reddit/jobs/8039261
2026-07-28,RDDT,Reddit,"Senior Software Engineer, Ads",Ads Engineering,Remote - United States,product_eng,senior,0,0,0,,228950,https://job-boards.greenhouse.io/reddit/jobs/6909091
2026-07-28,RDDT,Reddit,"Senior Software Engineer, Compute Platform",BE Platform,Remote - United States,product_eng,senior,0,0,0,,228950,https://job-boards.greenhouse.io/reddit/jobs/7902277
2026-07-28,RDDT,Reddit,"Senior Software Engineer, Core Platform",BE Platform,"Los Angeles, CA",product_eng,senior,0,0,0,,228950,https://job-boards.greenhouse.io/reddit/jobs/8022447
2026-07-28,RDDT,Reddit,"Senior Software Engineer, Core Platform",BE Platform,"New York City, NY",product_eng,senior,0,0,0,,228950,https://job-boards.greenhouse.io/reddit/jobs/8022449
2026-07-28,RDDT,Reddit,"Senior Software Engineer, Core Platform",BE Platform,"Chicago, IL",product_eng,senior,0,0,0,,228950,https://job-boards.greenhouse.io/reddit/jobs/8022448
2026-07-28,RDDT,Reddit,"Senior Software Engineer, Core Platform",BE Platform,"San Francisco, CA",product_eng,senior,0,0,0,,228950,https://job-boards.greenhouse.io/reddit/jobs/8022446
2026-07-28,RDDT,Reddit,"Senior Software Engineer, Core Platform",BE Platform,Remote - United States,product_eng,senior,0,0,0,,228950,https://job-boards.greenhouse.io/reddit/jobs/8022441
2026-07-28,RDDT,Reddit,Senior Software Engineer - DevX,DevPlatform,Remote - United States,product_eng,senior,0,4,1,application|buzz,228950,https://job-boards.greenhouse.io/reddit/jobs/7950520
2026-07-28,RDDT,Reddit,Senior Software Engineer - Full Stack Internal Tooling (Build and Deployment Platform),BE Platform,Remote - United States,product_eng,intern,0,1,0,buzz,228950,https://job-boards.greenhouse.io/reddit/jobs/7976852
2026-07-28,RDDT,Reddit,"Senior Software Engineer, GenAI Platform",Safety,Remote - United States,product_eng,senior,1,36,1,application|buzz|data_ml_ops|general_medium|model_infra,228950,https://job-boards.greenhouse.io/reddit/jobs/7753480
2026-07-28,RDDT,Reddit,"Senior Software Engineer, GraphQL",BE Platform,Remote - United States,product_eng,senior,0,0,0,,228950,https://job-boards.greenhouse.io/reddit/jobs/7309137
2026-07-28,RDDT,Reddit,"Senior Software Engineer, Presence",Engineering,Remote - United States,product_eng,senior,0,0,0,,228500,https://job-boards.greenhouse.io/reddit/jobs/8024892
2026-07-28,RDDT,Reddit,"Senior Software Engineer, Storage",BE Platform,Remote - United States,product_eng,senior,0,1,0,buzz,260450,https://job-boards.greenhouse.io/reddit/jobs/7511679
2026-07-28,RDDT,Reddit,"Senior SRE, Ads",BE Platform,Remote - Ireland,product_eng,senior,0,0,0,,,https://job-boards.greenhouse.io/reddit/jobs/8018466
2026-07-28,RDDT,Reddit,"Senior SRE, Ads",BE Platform,Remote - United Kingdom,product_eng,senior,0,0,0,,,https://job-boards.greenhouse.io/reddit/jobs/8016253
2026-07-28,RDDT,Reddit,"Senior SRE, Ads",BE Platform,Remote - The Netherlands,product_eng,senior,0,0,0,,,https://job-boards.greenhouse.io/reddit/jobs/8018469
2026-07-28,RDDT,Reddit,Senior Staff Data Scientist - Consumer Experimentation,Consumer Data Science,"Remote - Ontario, Canada",product_eng,staff_principal,0,2,0,general_medium,,https://job-boards.greenhouse.io/reddit/jobs/7974507
2026-07-28,RDDT,Reddit,Senior Staff Data Scientist - Consumer Experimentation,Consumer Data Science,Remote - United States,product_eng,staff_principal,0,2,0,general_medium,279000,https://job-boards.greenhouse.io/reddit/jobs/7974504
2026-07-28,RDDT,Reddit,Senior Staff Data Scientist - Consumer Relevance,Consumer Data Science,"Remote - Ontario, Canada",product_eng,staff_principal,0,4,0,general_medium,,https://job-boards.greenhouse.io/reddit/jobs/7974647
2026-07-28,RDDT,Reddit,Senior Staff Data Scientist - Consumer Relevance,Consumer Data Science,Remote - United States,product_eng,staff_principal,0,4,0,general_medium,279000,https://job-boards.greenhouse.io/reddit/jobs/7974605
2026-07-28,RDDT,Reddit,"Senior Staff Machine Learning Engineer, GenAI Platform",BE Platform,Remote - United States,product_eng,staff_principal,1,18,1,application|buzz|data_ml_ops|general_medium,351000,https://job-boards.greenhouse.io/reddit/jobs/7772274
2026-07-28,RDDT,Reddit,"Senior Staff Machine Learning Engineer, ML Understanding",Machine Learning,Remote - United States,product_eng,staff_principal,1,14,1,application|buzz|data_ml_ops|general_medium,319200,https://job-boards.greenhouse.io/reddit/jobs/7847148
2026-07-28,RDDT,Reddit,"Senior Staff Machine Learning Engineer, Notifications",Growth,Remote - United States,product_eng,staff_principal,1,19,1,application|buzz|general_medium|model_infra,319200,https://job-boards.greenhouse.io/reddit/jobs/7979933
2026-07-28,RDDT,Reddit,"Senior Staff ML Engineer, Search & Recommendation",Machine Learning,Remote - United States,product_eng,staff_principal,1,17,1,application|general_medium|model_infra,319200,https://job-boards.greenhouse.io/reddit/jobs/7833622
2026-07-28,RDDT,Reddit,"Senior Staff Software Engineer, Client Architecture",Growth,Remote - United States,product_eng,staff_principal,0,0,0,,279000,https://job-boards.greenhouse.io/reddit/jobs/8060775
2026-07-28,RDDT,Reddit,Senior Technical Solutions Manager,Sales Strategy & Operations,"Sydney, Australia",other,senior,0,0,0,,,https://job-boards.greenhouse.io/reddit/jobs/8016908
2026-07-28,RDDT,Reddit,"Senior Technical Solutions Manager, Signals",Sales Strategy & Operations,"Los Angeles, CA",other,senior,0,0,0,,201000,https://job-boards.greenhouse.io/reddit/jobs/7905488
2026-07-28,RDDT,Reddit,"Senior Technical Solutions Manager, Signals",Sales Strategy & Operations,"San Francisco, CA",other,senior,0,0,0,,201000,https://job-boards.greenhouse.io/reddit/jobs/7905472
2026-07-28,RDDT,Reddit,"Senior Vendor Performance Manager, North America",Mid Market & SMB,"Salt Lake City, UT",other,senior,0,0,0,,176350,https://job-boards.greenhouse.io/reddit/jobs/8067983
2026-07-28,RDDT,Reddit,Software Engineer,Ads Engineering,"Remote - Ontario, Canada",product_eng,mid,0,0,0,,,https://job-boards.greenhouse.io/reddit/jobs/6909093
2026-07-28,RDDT,Reddit,"Software Engineer, Ads",Ads Engineering,Remote - United States,product_eng,mid,0,0,0,,197050,https://job-boards.greenhouse.io/reddit/jobs/6469397
2026-07-28,RDDT,Reddit,"Software Engineer, Ads",Ads Engineering,"Remote - Ontario, Canada",product_eng,mid,0,5,0,buzz|data_ml_ops|general_medium,,https://job-boards.greenhouse.io/reddit/jobs/6512458
2026-07-28,RDDT,Reddit,Software Engineer - Data Movement Platform,Data Platform,Remote - United States,product_eng,mid,0,0,0,,197050,https://job-boards.greenhouse.io/reddit/jobs/7997866
2026-07-28,RDDT,Reddit,"Sr. Manager, Large Customer Sales (Big Box Retail)",Large Customer Sales,"Chicago, IL",nontech,senior,0,0,0,,234000,https://job-boards.greenhouse.io/reddit/jobs/7947897
2026-07-28,RDDT,Reddit,"Sr. Staff Data Scientist - Ads Measurement, Signals, Privacy",Ads Data Science,Remote - United States,product_eng,staff_principal,0,3,0,buzz|general_medium,279000,https://job-boards.greenhouse.io/reddit/jobs/8072046
2026-07-28,RDDT,Reddit,"Staff Android Engineer, Brand Ad Formats",Engineering,"Chicago, IL",product_eng,staff_principal,0,1,0,buzz,260450,https://job-boards.greenhouse.io/reddit/jobs/7847270
2026-07-28,RDDT,Reddit,"Staff Android Engineer, Brand Ad Formats",Engineering,"New York City, NY",product_eng,staff_principal,0,1,0,buzz,260450,https://job-boards.greenhouse.io/reddit/jobs/7847274
2026-07-28,RDDT,Reddit,"Staff Android Engineer, Brand Ad Formats",Engineering,Remote - United States,product_eng,staff_principal,0,1,0,buzz,260450,https://job-boards.greenhouse.io/reddit/jobs/7847266
2026-07-28,RDDT,Reddit,Staff Android Engineer (Clients Platform),Engineering,"Chicago, IL",product_eng,staff_principal,0,0,0,,260450,https://job-boards.greenhouse.io/reddit/jobs/7833379
2026-07-28,RDDT,Reddit,Staff Android Engineer (Clients Platform),Engineering,Remote - United States,product_eng,staff_principal,0,0,0,,260450,https://job-boards.greenhouse.io/reddit/jobs/7825665
2026-07-28,RDDT,Reddit,Staff Android Engineer (Clients Platform),Engineering,"San Francisco, CA",product_eng,staff_principal,0,0,0,,260450,https://job-boards.greenhouse.io/reddit/jobs/7833378
2026-07-28,RDDT,Reddit,Staff Android Engineer (Clients Platform),Engineering,"New York City, NY",product_eng,staff_principal,0,0,0,,260450,https://job-boards.greenhouse.io/reddit/jobs/7833380
2026-07-28,RDDT,Reddit,"Staff Backend Engineer, Safety","Consumer, Contributor, Moderator",Remote - United States,product_eng,staff_principal,0,0,0,,260450,https://job-boards.greenhouse.io/reddit/jobs/8011428
2026-07-28,RDDT,Reddit,"Staff Data Scientist, Ads",Ads Data Science,"Remote - Ontario, Canada",product_eng,staff_principal,0,3,0,buzz|general_medium,,https://job-boards.greenhouse.io/reddit/jobs/7721851
2026-07-28,RDDT,Reddit,"Staff Data Scientist, Ads",Ads Data Science,Remote - United States,product_eng,staff_principal,0,3,0,buzz|general_medium,260450,https://job-boards.greenhouse.io/reddit/jobs/7721787
2026-07-28,RDDT,Reddit,"Staff Data Scientist - Ads Measurement, Signals, Privacy",Ads Data Science,Remote - United States,product_eng,staff_principal,0,3,0,buzz|general_medium,260450,https://job-boards.greenhouse.io/reddit/jobs/8072076
2026-07-28,RDDT,Reddit,"Staff Data Scientist, Consumer",Consumer Data Science,Remote - United States,product_eng,staff_principal,0,2,0,general_medium,260450,https://job-boards.greenhouse.io/reddit/jobs/6745284
2026-07-28,RDDT,Reddit,"Staff Data Scientist, Consumer",Consumer Data Science,"Remote - Ontario, Canada",product_eng,staff_principal,0,2,0,general_medium,,https://job-boards.greenhouse.io/reddit/jobs/7931007
2026-07-28,RDDT,Reddit,"Staff Data Scientist, Marketing",Consumer Data Science,"Remote - Ontario, Canada",product_eng,staff_principal,0,3,0,buzz|general_medium,,https://job-boards.greenhouse.io/reddit/jobs/7931000
2026-07-28,RDDT,Reddit,"Staff Data Scientist, Marketing",Consumer Data Science,Remote - United States,product_eng,staff_principal,0,3,0,buzz|general_medium,260450,https://job-boards.greenhouse.io/reddit/jobs/7445240
2026-07-28,RDDT,Reddit,"Staff Engineer, Ads Business Manager",Ads Engineering,Remote - United States,product_eng,staff_principal,0,0,0,,260450,https://job-boards.greenhouse.io/reddit/jobs/7980795
2026-07-28,RDDT,Reddit,"Staff iOS Engineer, Media Foundation",Growth,Remote - United States,product_eng,staff_principal,0,0,0,,260000,https://job-boards.greenhouse.io/reddit/jobs/7895156
2026-07-28,RDDT,Reddit,"Staff Machine Learning Engineer, Ads Content Understanding",Ads Engineering,Remote - United States,product_eng,staff_principal,1,19,1,application|buzz|data_ml_ops|general_medium|model_infra,276000,https://job-boards.greenhouse.io/reddit/jobs/7851761
2026-07-28,RDDT,Reddit,"Staff Machine Learning Engineer, Ads Measurement Modeling",Ads Engineering,Remote - United States,product_eng,staff_principal,1,12,1,buzz|general_medium|model_infra,276000,https://job-boards.greenhouse.io/reddit/jobs/7890096
2026-07-28,RDDT,Reddit,"Staff Machine Learning Engineer, Consumer ",Machine Learning,Remote - United States,product_eng,staff_principal,1,42,1,application|buzz|data_ml_ops|general_medium|model_infra,276000,https://job-boards.greenhouse.io/reddit/jobs/7747244
2026-07-28,RDDT,Reddit,"Staff Machine Learning Engineer, ML Efficiency ",Ads Engineering,Remote - United Kingdom,product_eng,staff_principal,1,19,1,buzz|data_ml_ops|general_medium|model_infra,,https://job-boards.greenhouse.io/reddit/jobs/8018527
2026-07-28,RDDT,Reddit,"Staff Machine Learning Engineer, ML Efficiency ",Ads Engineering,Remote - The Netherlands,product_eng,staff_principal,1,19,1,buzz|data_ml_ops|general_medium|model_infra,,https://job-boards.greenhouse.io/reddit/jobs/8018532
2026-07-28,RDDT,Reddit,"Staff Machine Learning Engineer, Notifications Relevance",Machine Learning,Remote - United States,product_eng,staff_principal,1,21,1,application|buzz|general_medium|model_infra,276000,https://job-boards.greenhouse.io/reddit/jobs/7992035
2026-07-28,RDDT,Reddit,Staff Machine Learning Systems Engineer,Machine Learning,Remote - United States,product_eng,staff_principal,1,19,1,buzz|data_ml_ops|general_medium|model_infra,276000,https://job-boards.greenhouse.io/reddit/jobs/7731788
2026-07-28,RDDT,Reddit,"Staff Machine Learning Systems Engineer, Embeddings Platform",Machine Learning,Remote - United States,product_eng,staff_principal,1,21,1,application|buzz|data_ml_ops|general_medium|model_infra,303950,https://job-boards.greenhouse.io/reddit/jobs/8001642
2026-07-28,RDDT,Reddit,"Staff Product Manager, Ads Trust and Safety",Ads Product,Remote - United States,product_eng,staff_principal,0,1,0,buzz,260450,https://job-boards.greenhouse.io/reddit/jobs/8070669
2026-07-28,RDDT,Reddit,"Staff Product Manager, Games Ecosystem",Consumer,Remote - United States,product_eng,staff_principal,0,0,0,,260450,https://job-boards.greenhouse.io/reddit/jobs/8060091
2026-07-28,RDDT,Reddit,"Staff Product Manager, Growth",Consumer,Remote - United States,product_eng,staff_principal,0,3,1,application,260450,https://job-boards.greenhouse.io/reddit/jobs/7997186
2026-07-28,RDDT,Reddit,Staff Product Security Engineer,Privacy and Assurance,Remote - United States,product_eng,staff_principal,0,9,1,application,260450,https://job-boards.greenhouse.io/reddit/jobs/7868511
2026-07-28,RDDT,Reddit,"Staff Research Engineer, Post-training & Evaluation",Anti-Evil Engineering,Remote - United States,research,staff_principal,0,31,1,application|general_medium|model_infra,276000,https://job-boards.greenhouse.io/reddit/jobs/7555007
2026-07-28,RDDT,Reddit,Staff Site Reliability Engineer - Site Experience,Site Reliability,"Dublin, Ireland",product_eng,staff_principal,0,0,0,,,https://job-boards.greenhouse.io/reddit/jobs/7909463
2026-07-28,RDDT,Reddit,Staff Site Reliability Engineer - Site Experience,Site Reliability,Remote - United Kingdom,product_eng,staff_principal,0,0,0,,,https://job-boards.greenhouse.io/reddit/jobs/7956443
2026-07-28,RDDT,Reddit,"Staff Software Engineer, Community Builders","Consumer, Contributor, Moderator",Remote - United States,product_eng,staff_principal,0,5,0,buzz|general_medium,260450,https://job-boards.greenhouse.io/reddit/jobs/7875645
2026-07-28,RDDT,Reddit,"Staff Software Engineer, DevPlatform",DevPlatform,Remote - United States,product_eng,staff_principal,0,0,0,,260000,https://job-boards.greenhouse.io/reddit/jobs/8049901
2026-07-28,RDDT,Reddit,"Staff Software Engineer, Identity & Access Management",Security,Remote - United States,product_eng,staff_principal,0,3,1,application,260450,https://job-boards.greenhouse.io/reddit/jobs/8031491
2026-07-28,RDDT,Reddit,"Staff Software Engineer, Media Experiences",Growth,Remote - United States,product_eng,staff_principal,0,3,0,buzz|general_medium,260000,https://job-boards.greenhouse.io/reddit/jobs/8029641
2026-07-28,RDDT,Reddit,"Staff Software Engineer, Onboarding",Growth,Remote - United States,product_eng,staff_principal,0,5,0,buzz|general_medium,260000,https://job-boards.greenhouse.io/reddit/jobs/7961154
2026-07-28,RDDT,Reddit,"Staff SRE, Ads",BE Platform,Remote - The Netherlands,product_eng,staff_principal,0,5,0,buzz|general_medium,,https://job-boards.greenhouse.io/reddit/jobs/8018562
2026-07-28,RDDT,Reddit,"Staff SRE, Ads",BE Platform,Remote - Ireland,product_eng,staff_principal,0,5,0,buzz|general_medium,,https://job-boards.greenhouse.io/reddit/jobs/8018561
2026-07-28,RDDT,Reddit,"Staff SRE, Ads",BE Platform,Remote - United Kingdom,product_eng,staff_principal,0,5,0,buzz|general_medium,,https://job-boards.greenhouse.io/reddit/jobs/8018555
2026-07-28,RDDT,Reddit,"Staff Technical Product Manager, Ads ML Platform ",Ads Product,Remote - United States,product_eng,staff_principal,1,22,1,application|buzz|data_ml_ops|general_medium|model_infra,260450,https://job-boards.greenhouse.io/reddit/jobs/7954001
2026-07-28,RDDT,Reddit,Staff Technical Program Manager,TPM,Remote - United States,other,staff_principal,0,0,0,,233500,https://job-boards.greenhouse.io/reddit/jobs/8049762
2026-07-28,RDDT,Reddit,"Tax, Senior Manager",Tax & Strategic Sourcing,Remote - United States,other,senior,0,3,1,application,216250,https://job-boards.greenhouse.io/reddit/jobs/7572902
2026-07-28,RBLX,Roblox,"[2026] Data Scientist, Social ",Data Science,"San Mateo, CA, United States",product_eng,mid,0,10,1,application|buzz|general_medium,203620,https://careers.roblox.com/jobs/7463634?gh_jid=7463634
2026-07-28,RBLX,Roblox,"[2026] Senior Machine Learning Engineer, Recommendation Systems - PhD Early Career",Early Career Full-Time,"San Mateo, CA, United States",product_eng,intern,1,15,1,application|buzz|general_medium|model_infra,218940,https://careers.roblox.com/jobs/7350081?gh_jid=7350081
2026-07-28,RBLX,Roblox,"[2026] Senior Machine Learning Engineer (Systems), Embodied AI/NPCs, ML Platform - PhD Early Career",Early Career Full-Time,"San Mateo, CA, United States",product_eng,intern,1,23,1,application|buzz|data_ml_ops|general_medium|model_infra,220020,https://careers.roblox.com/jobs/8027587?gh_jid=8027587
2026-07-28,RBLX,Roblox,"[2026] Senior Machine Learning Engineer (Systems), Embodied AI/NPCs, ML Platform - PhD Early Career",Early Career Full-Time,"San Mateo, CA, United States",product_eng,intern,1,23,1,application|buzz|data_ml_ops|general_medium|model_infra,220020,https://careers.roblox.com/jobs/8027588?gh_jid=8027588
2026-07-28,RBLX,Roblox,3D Animator (Short Term),3D Artist,"San Mateo, CA, United States",other,mid,0,0,0,,,https://careers.roblox.com/jobs/8054257?gh_jid=8054257
2026-07-28,RBLX,Roblox,Core Engine Developer - Systems (C++),Software Engineering,"San Mateo, CA, United States",product_eng,mid,0,0,0,,218940,https://careers.roblox.com/jobs/7561736?gh_jid=7561736
2026-07-28,RBLX,Roblox,"Data Analyst, Operations (IP & Legal Compliance)",Business Operations (BizOps),"Gurugram, Haryana, India",nontech,mid,0,0,0,,,https://careers.roblox.com/jobs/7856888?gh_jid=7856888
2026-07-28,RBLX,Roblox,Data Center Asset Management Analyst,Engineering Operations,"San Mateo, CA, United States",other,mid,0,0,0,,176890,https://careers.roblox.com/jobs/7736671?gh_jid=7736671
2026-07-28,RBLX,Roblox,Data Center Asset Management Specialist,Business Operations,"Goodyear, Arizona, United States",other,mid,0,0,0,,110510,https://careers.roblox.com/jobs/8047847?gh_jid=8047847
2026-07-28,RBLX,Roblox,Design Engineer,UI/UX,"San Mateo, CA, United States",product_eng,mid,0,10,1,application|buzz,183190,https://careers.roblox.com/jobs/7826363?gh_jid=7826363
2026-07-28,RBLX,Roblox,Developer Engagement Representative - ANZ (Australia / New Zealand)  (Part-Time Contract),Developer Relations (Non-Tech),Remote,product_eng,mid,0,0,0,,,https://careers.roblox.com/jobs/8020695?gh_jid=8020695
2026-07-28,RBLX,Roblox,"Developer Engagement Representative - Creator Events Program, UK (Part Time Contract)",Developer Relations (Non-Tech),United Kingdom,product_eng,mid,0,0,0,,,https://careers.roblox.com/jobs/7979262?gh_jid=7979262
2026-07-28,RBLX,Roblox,Developer Engagement Representative - LATAM (Part-Time Contract),Developer Relations (Non-Tech),Remote,product_eng,mid,0,0,0,,,https://careers.roblox.com/jobs/7705949?gh_jid=7705949
2026-07-28,RBLX,Roblox,Developer Engagement Representative - Malaysia  (Part-Time Contract),Developer Relations (Non-Tech),Remote,product_eng,mid,0,0,0,,,https://careers.roblox.com/jobs/7978940?gh_jid=7978940
2026-07-28,RBLX,Roblox,Developer Engagement Representative - Thailand (Part-Time Contract),Developer Relations (Non-Tech),Remote,product_eng,mid,0,0,0,,,https://careers.roblox.com/jobs/7992558?gh_jid=7992558
2026-07-28,RBLX,Roblox,Developer Relations Manager -  EU region,Developer Relations (Tech),"Amsterdam, North Holland, Netherlands",product_eng,mid,0,0,0,,,https://careers.roblox.com/jobs/7911884?gh_jid=7911884
2026-07-28,RBLX,Roblox,"Director, Corporate and Securities Counsel",Legal,"San Mateo, CA, United States",nontech,director,0,1,0,buzz,401580,https://careers.roblox.com/jobs/8031014?gh_jid=8031014
2026-07-28,RBLX,Roblox,"Director, Engineering — Engineering Acceleration",Software Engineering,"San Mateo, CA, United States",product_eng,director,0,7,1,application|buzz,428695,https://careers.roblox.com/jobs/8029414?gh_jid=8029414
2026-07-28,RBLX,Roblox,"Director of Business Development, Payments",Business Development,"San Mateo, CA, United States",other,director,0,7,1,application|buzz,293560,https://careers.roblox.com/jobs/7604271?gh_jid=7604271
2026-07-28,RBLX,Roblox,"Director of Engineering, Economy ML",Software Engineering,"San Mateo, CA, United States",product_eng,director,1,22,1,application|buzz|data_ml_ops|general_medium|model_infra,428695,https://careers.roblox.com/jobs/7963129?gh_jid=7963129
2026-07-28,RBLX,Roblox,Director of Engineering – Studio Systems,Software Engineering,"San Mateo, CA, United States",product_eng,director,0,4,1,application|buzz,428695,https://careers.roblox.com/jobs/7719455?gh_jid=7719455
2026-07-28,RBLX,Roblox,"Director of Public Policy, UAE/Middle East",Public Policy,Remote,other,director,0,1,0,buzz,,https://careers.roblox.com/jobs/7832171?gh_jid=7832171
2026-07-28,RBLX,Roblox,"Director, Product Management, Consumer Frontend",Product Management,"San Mateo, CA, United States",other,director,0,1,0,buzz,411200,https://careers.roblox.com/jobs/7913665?gh_jid=7913665
2026-07-28,RBLX,Roblox,"Distinguished Engineer, Machine Learning Systems – Economy",Software Engineering,"San Mateo, CA, United States",product_eng,staff_principal,1,37,1,application|buzz|data_ml_ops|general_medium|model_infra,426590,https://careers.roblox.com/jobs/7332473?gh_jid=7332473
2026-07-28,RBLX,Roblox,Distinguished Machine Learning Engineer - Safety,Software Engineering,"San Mateo, CA, United States",product_eng,staff_principal,1,11,1,application|buzz|general_medium,428695,https://careers.roblox.com/jobs/7931911?gh_jid=7931911
2026-07-28,RBLX,Roblox,Engineering Manager - Account Security,Software Engineering,"San Mateo, CA, United States",product_eng,mid,0,0,0,,320145,https://careers.roblox.com/jobs/7940279?gh_jid=7940279
2026-07-28,RBLX,Roblox,"Engineering Manager, Application Security",Software Engineering,"San Mateo, CA, United States",product_eng,mid,0,0,0,,320145,https://careers.roblox.com/jobs/7887896?gh_jid=7887896
2026-07-28,RBLX,Roblox,"Engineering Manager, Creator Analytics",Software Engineering,"San Mateo, CA, United States",product_eng,mid,0,0,0,,320145,https://careers.roblox.com/jobs/8040179?gh_jid=8040179
2026-07-28,RBLX,Roblox,"Engineering Manager, Home Infrastructure",Software Engineering,"San Mateo, CA, United States",product_eng,mid,0,1,0,buzz,320145,https://careers.roblox.com/jobs/7905464?gh_jid=7905464
2026-07-28,RBLX,Roblox,"Engineering Manager, Observability Infrastructure",Software Engineering,"San Mateo, CA, United States",product_eng,mid,0,2,0,buzz,320145,https://careers.roblox.com/jobs/7901793?gh_jid=7901793
2026-07-28,RBLX,Roblox,"Executive Business Partner, Office of the CEO",Administrative,"San Mateo, CA, United States",nontech,mid,0,0,0,,,https://careers.roblox.com/jobs/7778939?gh_jid=7778939
2026-07-28,RBLX,Roblox,Facilities Engineer ,Facilities,"San Mateo, CA, United States",product_eng,mid,0,0,0,,131700,https://careers.roblox.com/jobs/7857818?gh_jid=7857818
2026-07-28,RBLX,Roblox,"Finance Business Partner, Trust & Safety (6319)",Finance,"San Mateo, CA, United States",nontech,mid,0,0,0,,211530,https://careers.roblox.com/jobs/7977161?gh_jid=7977161
2026-07-28,RBLX,Roblox,"General Manager, South East Asia",Strategic Planning,Singapore,other,exec,0,0,0,,,https://careers.roblox.com/jobs/7838662?gh_jid=7838662
2026-07-28,RBLX,Roblox,Global Benefits Program Manager (Short Term) ,Total Rewards,"San Mateo, CA, United States",other,mid,0,0,0,,,https://careers.roblox.com/jobs/8068295?gh_jid=8068295
2026-07-28,RBLX,Roblox,"Global Developer Engagement Representative, Part-Time, Contractor",Developer Relations (Non-Tech),Remote,product_eng,mid,0,0,0,,,https://careers.roblox.com/jobs/7736682?gh_jid=7736682
2026-07-28,RBLX,Roblox,Global Mobility Lead,People,"San Mateo, CA, United States",other,senior,0,1,0,buzz,223280,https://careers.roblox.com/jobs/7944233?gh_jid=7944233
2026-07-28,RBLX,Roblox,"Global Security Manager, Campus Security",Administrative,"San Mateo, CA, United States",other,intern,0,0,0,,174970,https://careers.roblox.com/jobs/8075125?gh_jid=8075125
2026-07-28,RBLX,Roblox,Growth Marketing Manager Lead ,Growth Marketing,"San Mateo, CA, United States",nontech,senior,0,6,0,buzz|general_medium,236800,https://careers.roblox.com/jobs/8077671?gh_jid=8077671
2026-07-28,RBLX,Roblox,"Human Evaluator, Studio (Contract)",Project Management (Non-Tech),United States,other,mid,0,0,0,,,https://careers.roblox.com/jobs/7697520?gh_jid=7697520
2026-07-28,RBLX,Roblox,Junior Incident and Investigations Specialist,Safety Operations (Non-Tech),"Gurugram, Haryana, India",other,mid,0,0,0,,,https://careers.roblox.com/jobs/7894733?gh_jid=7894733
2026-07-28,RBLX,Roblox,"Law Enforcement and Digital Safety Specialist, West Virginia",Legal,Remote,other,mid,0,0,0,,,https://careers.roblox.com/jobs/7963220?gh_jid=7963220
2026-07-28,RBLX,Roblox,Litigation Paralegal,Paralegal,"San Mateo, CA, United States",nontech,mid,0,0,0,,119715,https://careers.roblox.com/jobs/8027420?gh_jid=8027420
2026-07-28,RBLX,Roblox,Localization Program Manager,Localization,"San Mateo, CA, United States",other,mid,0,0,0,,186825,https://careers.roblox.com/jobs/7813041?gh_jid=7813041
2026-07-28,RBLX,Roblox,"Machine Learning Engineering Manager, Critical Harms",Software Engineering,"San Mateo, CA, United States",product_eng,mid,1,3,0,buzz,320145,https://careers.roblox.com/jobs/7739622?gh_jid=7739622
2026-07-28,RBLX,Roblox,Manager Data Center Operations,Engineering Operations,"Goodyear, Arizona, United States",nontech,mid,0,0,0,,206985,https://careers.roblox.com/jobs/7808741?gh_jid=7808741
2026-07-28,RBLX,Roblox,"Manager, Workplace Services ",Facilities,"San Mateo, CA, United States",other,mid,0,0,0,,162015,https://careers.roblox.com/jobs/8060957?gh_jid=8060957
2026-07-28,RBLX,Roblox,"Marketing Manager, Europe",Marketing,"Amsterdam, North Holland, Netherlands",nontech,mid,0,0,0,,,https://careers.roblox.com/jobs/7965517?gh_jid=7965517
2026-07-28,RBLX,Roblox,"Marketing Manager, India",Marketing,"Gurugram, Haryana, India",nontech,mid,0,0,0,,,https://careers.roblox.com/jobs/7921673?gh_jid=7921673
2026-07-28,RBLX,Roblox,Principal App Store Manager,Technical Program Management,"San Mateo, CA, United States",other,staff_principal,0,0,0,,303840,https://careers.roblox.com/jobs/7719252?gh_jid=7719252
2026-07-28,RBLX,Roblox,Principal Core Systems Software Engineer - Game Engine (C++),Software Engineering,"San Mateo, CA, United States",product_eng,staff_principal,0,0,0,,318570,https://careers.roblox.com/jobs/7449585?gh_jid=7449585
2026-07-28,RBLX,Roblox,Principal Data Scientist - Safety,Data Science,"San Mateo, CA, United States",product_eng,staff_principal,0,7,0,buzz|general_medium,347455,https://careers.roblox.com/jobs/7411636?gh_jid=7411636
2026-07-28,RBLX,Roblox,Principal Detection and Response Engineer,Software Engineering,"San Mateo, CA, United States",product_eng,staff_principal,0,0,0,,320145,https://careers.roblox.com/jobs/8039302?gh_jid=8039302
2026-07-28,RBLX,Roblox,"Principal Engineer, Studio Builder Tools ",Software Engineering,"San Mateo, CA, United States",product_eng,staff_principal,0,0,0,,372230,https://careers.roblox.com/jobs/7834163?gh_jid=7834163
2026-07-28,RBLX,Roblox,Principal Engine Programmer - Systems (C++),Software Engineering,"San Mateo, CA, United States",other,staff_principal,0,0,0,,318570,https://careers.roblox.com/jobs/7561743?gh_jid=7561743
2026-07-28,RBLX,Roblox,Principal Enterprise Security Engineer,Software Engineering,"San Mateo, CA, United States",product_eng,staff_principal,0,4,1,application|buzz,318570,https://careers.roblox.com/jobs/8036430?gh_jid=8036430
2026-07-28,RBLX,Roblox,"Principal Frontend Engineer, Co-Experience   ",Software Engineering,"San Mateo, CA, United States",product_eng,staff_principal,0,1,0,buzz,320145,https://careers.roblox.com/jobs/7889880?gh_jid=7889880
2026-07-28,RBLX,Roblox,Principal Frontend Engineer - Discovery ,Software Engineering,"San Mateo, CA, United States",product_eng,staff_principal,0,0,0,,320145,https://careers.roblox.com/jobs/7623438?gh_jid=7623438
2026-07-28,RBLX,Roblox,"Principal Frontend Software Engineer, Connections",Software Engineering,"San Mateo, CA, United States",product_eng,staff_principal,0,0,0,,320145,https://careers.roblox.com/jobs/8025477?gh_jid=8025477
2026-07-28,RBLX,Roblox,"Principal Machine Learning Engineer, Content Safety",Software Engineering,"San Mateo, CA, United States",product_eng,staff_principal,1,8,0,buzz|general_medium,320145,https://careers.roblox.com/jobs/8073283?gh_jid=8073283
2026-07-28,RBLX,Roblox,"Principal Machine Learning Engineer, Embodied AI and Smart NPCs",Software Engineering,"San Mateo, CA, United States",product_eng,staff_principal,1,20,1,buzz|general_medium|model_infra,372230,https://careers.roblox.com/jobs/7629843?gh_jid=7629843
2026-07-28,RBLX,Roblox,"Principal Machine Learning Infrastructure Engineer, Ads & Discovery",Software Engineering,"San Mateo, CA, United States",product_eng,staff_principal,1,8,1,buzz|data_ml_ops|general_medium|model_infra,320145,https://careers.roblox.com/jobs/7351202?gh_jid=7351202
2026-07-28,RBLX,Roblox,Principal Model Optimization Engineer ,Software Engineering,"San Mateo, CA, United States",product_eng,staff_principal,0,21,1,application|buzz|data_ml_ops|general_medium|model_infra,320145,https://careers.roblox.com/jobs/7872401?gh_jid=7872401
2026-07-28,RBLX,Roblox,Principal Network Engineer,Software Engineering,"San Mateo, CA, United States",product_eng,staff_principal,0,0,0,,320145,https://careers.roblox.com/jobs/7645403?gh_jid=7645403
2026-07-28,RBLX,Roblox,"Principal Security Software Engineer, Application Security",Engineering,"San Mateo, CA, United States",product_eng,staff_principal,0,7,1,application|buzz,355555,https://careers.roblox.com/jobs/7789332?gh_jid=7789332
2026-07-28,RBLX,Roblox,"Principal Security Software Engineer, Enterprise IAM",Software Engineering,"San Mateo, CA, United States",product_eng,staff_principal,0,0,0,,414125,https://careers.roblox.com/jobs/7983905?gh_jid=7983905
2026-07-28,RBLX,Roblox,Principal/Senior Machine Learning Scientist - Search and Discovery ,Software Engineering,"San Mateo, CA, United States",product_eng,staff_principal,1,15,1,application|buzz|general_medium|model_infra,311785,https://careers.roblox.com/jobs/7655346?gh_jid=7655346
2026-07-28,RBLX,Roblox,Principal Software Engineer,Software Engineering,"San Mateo, CA, United States",product_eng,staff_principal,0,8,1,application|buzz|data_ml_ops,320145,https://careers.roblox.com/jobs/8017415?gh_jid=8017415
2026-07-28,RBLX,Roblox,Principal Software Engineer,Software Engineering,"San Mateo, CA, United States",product_eng,staff_principal,0,0,0,,320145,https://careers.roblox.com/jobs/7744272?gh_jid=7744272
2026-07-28,RBLX,Roblox,"Principal Software Engineer, Ads Experience",Software Engineering,"San Mateo, CA, United States",product_eng,staff_principal,0,1,0,buzz,318570,https://careers.roblox.com/jobs/7460850?gh_jid=7460850
2026-07-28,RBLX,Roblox,Principal Software Engineer - Asset Loading,Software Engineering,"San Mateo, CA, United States",product_eng,staff_principal,0,0,0,,318570,https://careers.roblox.com/jobs/7561827?gh_jid=7561827
2026-07-28,RBLX,Roblox,"Principal Software Engineer (Backend), Communication Platform",Software Engineering,"San Mateo, CA, United States",product_eng,staff_principal,0,1,0,buzz,320145,https://careers.roblox.com/jobs/8060252?gh_jid=8060252
2026-07-28,RBLX,Roblox,"Principal Software Engineer, Backend - Sharing",Software Engineering,"San Mateo, CA, United States",product_eng,staff_principal,0,0,0,,320145,https://careers.roblox.com/jobs/8013437?gh_jid=8013437
2026-07-28,RBLX,Roblox,"Principal Software Engineer, CI and CD Foundation",Software Engineering,"San Mateo, CA, United States",product_eng,staff_principal,0,4,1,application|buzz,372230,https://careers.roblox.com/jobs/8047821?gh_jid=8047821
2026-07-28,RBLX,Roblox,"Principal Software Engineer, Compute Fleet Management",Software Engineering,"San Mateo, CA, United States",product_eng,staff_principal,0,1,0,buzz,372230,https://careers.roblox.com/jobs/7983990?gh_jid=7983990
2026-07-28,RBLX,Roblox,Principal Software Engineer - Compute (Kubernetes),Software Engineering,"San Mateo, CA, United States",product_eng,staff_principal,0,0,0,,372230,https://careers.roblox.com/jobs/8024627?gh_jid=8024627
2026-07-28,RBLX,Roblox,Principal Software Engineer - Content Lifecycle,Software Engineering,"San Mateo, CA, United States",product_eng,staff_principal,0,4,1,application|buzz,320145,https://careers.roblox.com/jobs/7650307?gh_jid=7650307
2026-07-28,RBLX,Roblox,Principal Software Engineer - Content Platform,Software Engineering,"San Mateo, CA, United States",product_eng,staff_principal,0,0,0,,372230,https://careers.roblox.com/jobs/7821818?gh_jid=7821818
2026-07-28,RBLX,Roblox,Principal Software Engineer - Creator Collaboration,Software Engineering,"San Mateo, CA, United States",product_eng,staff_principal,0,4,1,application|buzz,320145,https://careers.roblox.com/jobs/7769510?gh_jid=7769510
2026-07-28,RBLX,Roblox,Principal Software Engineer - Creator Distributed Systems & Storage   ,Software Engineering,"San Mateo, CA, United States",product_eng,staff_principal,0,3,0,buzz,372230,https://careers.roblox.com/jobs/7740153?gh_jid=7740153
2026-07-28,RBLX,Roblox,"Principal Software Engineer, Data Engineering",Software Engineering,"San Mateo, CA, United States",product_eng,staff_principal,0,1,0,buzz,320145,https://careers.roblox.com/jobs/7678832?gh_jid=7678832
2026-07-28,RBLX,Roblox,"Principal Software Engineer, Data Infrastructure",Software Engineering,"San Mateo, CA, United States",product_eng,staff_principal,0,10,1,application|buzz,320145,https://careers.roblox.com/jobs/8029695?gh_jid=8029695
2026-07-28,RBLX,Roblox,Principal Software Engineer - Economy ML (Data Systems),Software Engineering,"San Mateo, CA, United States",product_eng,staff_principal,1,5,0,buzz|data_ml_ops,324645,https://careers.roblox.com/jobs/7629489?gh_jid=7629489
2026-07-28,RBLX,Roblox,Principal Software Engineer - Game Engine Systems,Software Engineering,"San Mateo, CA, United States",product_eng,staff_principal,0,0,0,,318570,https://careers.roblox.com/jobs/7473601?gh_jid=7473601
2026-07-28,RBLX,Roblox,"Principal Software Engineer, Game Safety ",Software Engineering,"San Mateo, CA, United States",product_eng,staff_principal,0,5,0,buzz|data_ml_ops,320145,https://careers.roblox.com/jobs/8031166?gh_jid=8031166
2026-07-28,RBLX,Roblox,"Principal Software Engineer, GPU Compute",Software Engineering,"San Mateo, CA, United States",product_eng,staff_principal,0,8,1,buzz|general_medium|model_infra,372230,https://careers.roblox.com/jobs/7978492?gh_jid=7978492
2026-07-28,RBLX,Roblox,"Principal Software Engineering, App Performance (C++)",Software Engineering,"San Mateo, CA, United States",product_eng,staff_principal,0,0,0,,320145,https://careers.roblox.com/jobs/8025516?gh_jid=8025516
2026-07-28,RBLX,Roblox,"Principal Software Engineer, Physics",Software Engineering,"San Mateo, CA, United States",product_eng,staff_principal,0,0,0,,320145,https://careers.roblox.com/jobs/7998366?gh_jid=7998366
2026-07-28,RBLX,Roblox,"Principal Software Engineer, Physics",Software Engineering,"Vancouver, British Columbia, Canada",product_eng,staff_principal,0,0,0,,305780,https://careers.roblox.com/jobs/8084445?gh_jid=8084445
2026-07-28,RBLX,Roblox,Principal Software Engineer - Roblox Database,Software Engineering,"San Mateo, CA, United States",product_eng,staff_principal,0,0,0,,318570,https://careers.roblox.com/jobs/8036892?gh_jid=8036892
2026-07-28,RBLX,Roblox,Principal Software Engineer - Roblox Economy Platform,Software Engineering,"San Mateo, CA, United States",product_eng,staff_principal,0,0,0,,318570,https://careers.roblox.com/jobs/7545955?gh_jid=7545955
2026-07-28,RBLX,Roblox,"Principal Software Engineer, WebRTC",Software Engineering,"San Mateo, CA, United States",product_eng,staff_principal,0,0,0,,320145,https://careers.roblox.com/jobs/8036680?gh_jid=8036680
2026-07-28,RBLX,Roblox,"Principal Technical Program Manager, Compute",Technical Program Management,"San Mateo, CA, United States",other,staff_principal,0,3,0,buzz|data_ml_ops,303840,https://careers.roblox.com/jobs/7997105?gh_jid=7997105
2026-07-28,RBLX,Roblox,"Product Counsel/ Sr Product Counsel, Advertising",Legal,"San Mateo, CA, United States",nontech,senior,0,0,0,,267740,https://careers.roblox.com/jobs/7779120?gh_jid=7779120
2026-07-28,RBLX,Roblox,"Product Manager, Consumer Payments and Subscriptions",Product Management,"San Mateo, CA, United States",product_eng,mid,0,0,0,,206255,https://careers.roblox.com/jobs/8009151?gh_jid=8009151
2026-07-28,RBLX,Roblox,"Product Marketing Manager, Creator Monetization",Marketing,"San Mateo, CA, United States",nontech,mid,0,0,0,,240420,https://careers.roblox.com/jobs/7951971?gh_jid=7951971
2026-07-28,RBLX,Roblox,"Product Marketing Manager, Discovery ",Marketing,"San Mateo, CA, United States",nontech,mid,0,1,0,buzz,240420,https://careers.roblox.com/jobs/7950883?gh_jid=7950883
2026-07-28,RBLX,Roblox,Product Support Specialist - Text Filter,Safety Operations (Non-Tech),"Gurugram, Haryana, India",nontech,mid,0,0,0,,,https://careers.roblox.com/jobs/8069995?gh_jid=8069995
2026-07-28,RBLX,Roblox,Quality Analyst,Safety Operations (Non-Tech),"Gurugram, Haryana, India",other,mid,0,0,0,,,https://careers.roblox.com/jobs/7785784?gh_jid=7785784
2026-07-28,RBLX,Roblox,"Scientist / Senior Scientist, Ads Systems",Data Science,"San Mateo, CA, United States",other,senior,0,7,0,buzz|data_ml_ops|general_medium,285780,https://careers.roblox.com/jobs/7894481?gh_jid=7894481
2026-07-28,RBLX,Roblox,"Senior Analyst, Tools and Systems Administrator",Safety Operations (Non-Tech),"Gurugram, Haryana, India",other,senior,0,4,1,application|buzz,,https://careers.roblox.com/jobs/7957849?gh_jid=7957849
2026-07-28,RBLX,Roblox,Senior Child Safety Intelligence Analyst,Safety Operations (Non-Tech),"San Mateo, CA, United States",other,senior,0,1,0,buzz,190790,https://careers.roblox.com/jobs/8047106?gh_jid=8047106
2026-07-28,RBLX,Roblox,Senior Cloud Security Engineer ,Engineering,"San Mateo, CA, United States",product_eng,senior,0,0,0,,242925,https://careers.roblox.com/jobs/7997039?gh_jid=7997039
2026-07-28,RBLX,Roblox,"Senior Corporate FP&A Manager, Workforce Planning & Total Rewards",Finance,"San Mateo, CA, United States",other,senior,0,1,0,buzz,254095,https://careers.roblox.com/jobs/7758622?gh_jid=7758622
2026-07-28,RBLX,Roblox,Senior Creative Motion Designer (Short Term),Creative,"San Mateo, CA, United States",product_eng,senior,0,0,0,,207740,https://careers.roblox.com/jobs/8050041?gh_jid=8050041
2026-07-28,RBLX,Roblox,Senior Data Scientist - Consumer Frontend,Data Science,"San Mateo, CA, United States",product_eng,senior,0,4,0,buzz|general_medium,293245,https://careers.roblox.com/jobs/7977682?gh_jid=7977682
2026-07-28,RBLX,Roblox,"Senior Data Scientist, Creator Platform",Data Science,"San Mateo, CA, United States",product_eng,senior,0,8,1,application|buzz|general_medium,293245,https://careers.roblox.com/jobs/8049802?gh_jid=8049802
2026-07-28,RBLX,Roblox,"Senior Data Scientist, Engine Systems",Data Science,"San Mateo, CA, United States",product_eng,senior,0,3,0,buzz|general_medium,242525,https://careers.roblox.com/jobs/7848812?gh_jid=7848812
2026-07-28,RBLX,Roblox,Senior Data Scientist - Family Experience,Data Science,"San Mateo, CA, United States",product_eng,senior,0,7,0,buzz|general_medium,242525,https://careers.roblox.com/jobs/7977798?gh_jid=7977798
2026-07-28,RBLX,Roblox,Senior Data Scientist - Growth Measurement,Data Science,"San Mateo, CA, United States",product_eng,senior,0,3,0,buzz|general_medium,241340,https://careers.roblox.com/jobs/7477577?gh_jid=7477577
2026-07-28,RBLX,Roblox,Senior Data Scientist - Machine Intelligence (Creator Services),Data Science,"San Mateo, CA, United States",product_eng,senior,0,6,0,buzz|general_medium,242525,https://careers.roblox.com/jobs/7822736?gh_jid=7822736
2026-07-28,RBLX,Roblox,Senior Detection and Response Engineer,Software Engineering,"San Mateo, CA, United States",product_eng,senior,0,0,0,,220020,https://careers.roblox.com/jobs/8070890?gh_jid=8070890
2026-07-28,RBLX,Roblox,"Senior Engineering Manager, AI Safety Platform",Software Engineering,"San Mateo, CA, United States",product_eng,senior,1,6,1,application|buzz,372230,https://careers.roblox.com/jobs/8030839?gh_jid=8030839
2026-07-28,RBLX,Roblox,"Senior Engineering Manager, Search and Discovery",Software Engineering,"San Mateo, CA, United States",product_eng,senior,0,10,1,application|buzz|data_ml_ops|general_medium,372230,https://careers.roblox.com/jobs/7764306?gh_jid=7764306
2026-07-28,RBLX,Roblox,Senior Enterprise Security Engineer,Software Engineering,"San Mateo, CA, United States",product_eng,senior,0,4,1,application|buzz,269270,https://careers.roblox.com/jobs/8042523?gh_jid=8042523
2026-07-28,RBLX,Roblox,"Senior Frontend Engineer, Voice Communication",Software Engineering,"San Mateo, CA, United States",product_eng,senior,0,1,0,buzz,269270,https://careers.roblox.com/jobs/8011015?gh_jid=8011015
2026-07-28,RBLX,Roblox,"Senior Frontend/Fullstack engineer, Social Graph",Software Engineering,"San Mateo, CA, United States",product_eng,senior,0,0,0,,269270,https://careers.roblox.com/jobs/7678482?gh_jid=7678482
2026-07-28,RBLX,Roblox,"Senior Frontend/Fullstack Software Engineer, Social Graph",Software Engineering,"San Mateo, CA, United States",product_eng,senior,0,0,0,,220020,https://careers.roblox.com/jobs/7760129?gh_jid=7760129
2026-07-28,RBLX,Roblox,"Senior Frontend Software Engineer, Ads Experience",Software Engineering,"San Mateo, CA, United States",product_eng,senior,0,0,0,,267950,https://careers.roblox.com/jobs/7396342?gh_jid=7396342
2026-07-28,RBLX,Roblox,Senior Frontend Software Engineer - Marketplace,Software Engineering,"San Mateo, CA, United States",product_eng,senior,0,0,0,,220020,https://careers.roblox.com/jobs/7913878?gh_jid=7913878
2026-07-28,RBLX,Roblox,"Senior Fullstack Software Engineer, Social Play",Software Engineering,"San Mateo, CA, United States",product_eng,senior,0,0,0,,220020,https://careers.roblox.com/jobs/7859569?gh_jid=7859569
2026-07-28,RBLX,Roblox,Senior Growth Marketing Manager ,Growth Marketing,"San Mateo, CA, United States",nontech,senior,0,6,0,buzz|general_medium,196305,https://careers.roblox.com/jobs/7977893?gh_jid=7977893
2026-07-28,RBLX,Roblox,Senior Hardware Engineer - GPU & AI Infrastructure,Software Engineering,"San Mateo, CA, United States",product_eng,senior,1,5,0,buzz|general_medium,269270,https://careers.roblox.com/jobs/7463674?gh_jid=7463674
2026-07-28,RBLX,Roblox,Senior Hardware Engineer - Infrastructure,Software Engineering,"San Mateo, CA, United States",product_eng,senior,0,3,0,buzz|general_medium,269270,https://careers.roblox.com/jobs/7947153?gh_jid=7947153
2026-07-28,RBLX,Roblox,"Senior Machine Learning - Avatar, Core AI",Software Engineering,"San Mateo, CA, United States",product_eng,senior,1,16,1,buzz|general_medium|model_infra,218940,https://careers.roblox.com/jobs/7249513?gh_jid=7249513
2026-07-28,RBLX,Roblox,"Senior Machine Learning Engineer, Ads",Software Engineering,"San Mateo, CA, United States",product_eng,senior,1,13,1,buzz|general_medium|model_infra,285230,https://careers.roblox.com/jobs/7351220?gh_jid=7351220
2026-07-28,RBLX,Roblox,"Senior Machine Learning Engineering Manager, Safety AI Systems",Software Engineering,"San Mateo, CA, United States",product_eng,senior,1,7,1,buzz|general_medium|model_infra,320145,https://careers.roblox.com/jobs/8047877?gh_jid=8047877
2026-07-28,RBLX,Roblox,"Senior Machine Learning Engineer, Reliability ",Software Engineering,"San Mateo, CA, United States",product_eng,senior,1,6,1,buzz|general_medium|model_infra,220020,https://careers.roblox.com/jobs/8010058?gh_jid=8010058
2026-07-28,RBLX,Roblox,"Senior Machine Learning Engineer, User Behavior",Software Engineering,"San Mateo, CA, United States",product_eng,senior,1,24,1,application|buzz|data_ml_ops|general_medium|model_infra,220020,https://careers.roblox.com/jobs/8001369?gh_jid=8001369
2026-07-28,RBLX,Roblox,"Senior Manager, Moderation Escalations",Safety Operations (Non-Tech),"Gurugram, Haryana, India",other,senior,0,1,0,buzz,,https://careers.roblox.com/jobs/7983067?gh_jid=7983067
2026-07-28,RBLX,Roblox,"Senior Mobile Systems Engineer, Audio Team (Android & C++)",Software Engineering,"San Mateo, CA, United States",product_eng,senior,0,0,0,,267950,https://careers.roblox.com/jobs/7528070?gh_jid=7528070
2026-07-28,RBLX,Roblox,Senior Offensive Security Engineer,Software Engineering,"San Mateo, CA, United States",product_eng,senior,0,0,0,,220020,https://careers.roblox.com/jobs/8070888?gh_jid=8070888
2026-07-28,RBLX,Roblox,Senior / Principal Data Scientist - Discovery,Data Science,"San Mateo, CA, United States",product_eng,staff_principal,0,7,0,buzz|general_medium,340555,https://careers.roblox.com/jobs/8037082?gh_jid=8037082
2026-07-28,RBLX,Roblox,Senior / Principal Infrastructure Engineer - ML Platform,Software Engineering,"San Mateo, CA, United States",product_eng,staff_principal,1,7,0,buzz|data_ml_ops|general_medium,311785,https://careers.roblox.com/jobs/8027755?gh_jid=8027755
2026-07-28,RBLX,Roblox,"Senior/Principal Platform Engineer, ML Platform",Software Engineering,"San Mateo, CA, United States",product_eng,staff_principal,1,8,0,buzz|data_ml_ops|general_medium,310255,https://careers.roblox.com/jobs/7185278?gh_jid=7185278
2026-07-28,RBLX,Roblox,Senior Privacy Software Engineer,Engineering,"San Mateo, CA, United States",product_eng,senior,0,0,0,,242925,https://careers.roblox.com/jobs/8022674?gh_jid=8022674
2026-07-28,RBLX,Roblox,"Senior Product Counsel, Consumer",Legal,"San Mateo, CA, United States",nontech,senior,0,0,0,,274880,https://careers.roblox.com/jobs/8003825?gh_jid=8003825
2026-07-28,RBLX,Roblox,"Senior Product Manager, AI Content Safety",Product Management,"San Mateo, CA, United States",product_eng,senior,1,2,0,buzz,305745,https://careers.roblox.com/jobs/8035873?gh_jid=8035873
2026-07-28,RBLX,Roblox,"Senior Product Manager, App Architecture",Product Management,"San Mateo, CA, United States",product_eng,senior,0,0,0,,305745,https://careers.roblox.com/jobs/7839534?gh_jid=7839534
2026-07-28,RBLX,Roblox,"Senior Product Manager, Compute Platform ",Product Management,"San Mateo, CA, United States",product_eng,senior,0,8,1,application|buzz|general_medium,305745,https://careers.roblox.com/jobs/7994532?gh_jid=7994532
2026-07-28,RBLX,Roblox,"Senior Product Manager, Engineering Acceleration",Product Management,"San Mateo, CA, United States",product_eng,senior,0,1,0,buzz,305745,https://careers.roblox.com/jobs/7701911?gh_jid=7701911
2026-07-28,RBLX,Roblox,"Senior Product Manager, Jobs Platform ",Product Management,"San Mateo, CA, United States",product_eng,senior,0,9,1,application|buzz|general_medium,305745,https://careers.roblox.com/jobs/7997195?gh_jid=7997195
2026-07-28,RBLX,Roblox,"Senior Product Manager, UI Ecosystems",Product Management,"San Mateo, CA, United States",product_eng,senior,0,1,0,buzz,254775,https://careers.roblox.com/jobs/7816527?gh_jid=7816527
2026-07-28,RBLX,Roblox,"Senior Product Manager, User Life Cycle: Engagement",Product Management,"San Mateo, CA, United States",product_eng,senior,0,1,0,buzz,254775,https://careers.roblox.com/jobs/8014742?gh_jid=8014742
2026-07-28,RBLX,Roblox,"Senior Product Policy Manager, Regional Policy (Europe)",Product Management,"Amsterdam, North Holland, Netherlands",other,senior,0,0,0,,,https://careers.roblox.com/jobs/7962542?gh_jid=7962542
2026-07-28,RBLX,Roblox,"Senior Product Policy Manager, Regional Policy (LATAM)",Product Management,"São Paulo, Brazil",other,senior,0,0,0,,,https://careers.roblox.com/jobs/7928938?gh_jid=7928938
2026-07-28,RBLX,Roblox,"Senior Product Policy Manager, Regional Policy (SEA/ SA)",Product Management,"Gurugram, Haryana, India; India",other,senior,0,0,0,,,https://careers.roblox.com/jobs/8012671?gh_jid=8012671
2026-07-28,RBLX,Roblox,"Senior Product Policy Manager, Regional Policy (SEA/SA)",Product Management,Singapore,other,senior,0,0,0,,,https://careers.roblox.com/jobs/7981917?gh_jid=7981917
2026-07-28,RBLX,Roblox,"Senior QA Engineer, Safety",Engineering Quality Assurance (QA),"San Mateo, CA, United States",product_eng,senior,0,4,1,application|buzz,205720,https://careers.roblox.com/jobs/7656541?gh_jid=7656541
2026-07-28,RBLX,Roblox,Senior Rendering Engineer,Software Engineering,"San Mateo, CA, United States; Vancouver, British Columbia, Canada",product_eng,senior,0,2,0,general_medium,269270,https://careers.roblox.com/jobs/7595020?gh_jid=7595020
2026-07-28,RBLX,Roblox,Senior Rendering Engineer Manager,Software Engineering,"Vancouver, British Columbia, Canada",product_eng,senior,0,2,0,general_medium,362405,https://careers.roblox.com/jobs/7441754?gh_jid=7441754
2026-07-28,RBLX,Roblox,Senior Rendering Engineer Manager,Software Engineering,"San Mateo, CA, United States",product_eng,senior,0,2,0,general_medium,370400,https://careers.roblox.com/jobs/7100730?gh_jid=7100730
2026-07-28,RBLX,Roblox,"Senior Security Engineer, Detection and Response",Software Engineering,"London, England, United Kingdom",product_eng,senior,0,0,0,,,https://careers.roblox.com/jobs/8037805?gh_jid=8037805
2026-07-28,RBLX,Roblox,Senior Security GRC Analyst,Engineering,"San Mateo, CA, United States",other,senior,0,1,0,buzz,248010,https://careers.roblox.com/jobs/8056346?gh_jid=8056346
2026-07-28,RBLX,Roblox,"Senior Security Software Engineer, Application Security",Engineering,"San Mateo, CA, United States",product_eng,senior,0,4,1,application|buzz,297615,https://careers.roblox.com/jobs/7896293?gh_jid=7896293
2026-07-28,RBLX,Roblox,"Senior Security Software Engineer, IAM",Engineering,"San Mateo, CA, United States",product_eng,senior,0,10,1,application|buzz,297615,https://careers.roblox.com/jobs/8016408?gh_jid=8016408
2026-07-28,RBLX,Roblox,"Senior Security Software Engineer, Infrastructure Security",Engineering,"San Mateo, CA, United States",product_eng,senior,0,0,0,,251370,https://careers.roblox.com/jobs/7896061?gh_jid=7896061
2026-07-28,RBLX,Roblox,"Senior Security Software Engineer, Vulnerability Management",Engineering,"San Mateo, CA, United States",product_eng,senior,0,0,0,,242925,https://careers.roblox.com/jobs/7922649?gh_jid=7922649
2026-07-28,RBLX,Roblox,"Senior Site Reliability Engineer, Compute",Software Engineering,"San Mateo, CA, United States",product_eng,senior,0,0,0,,269270,https://careers.roblox.com/jobs/8042554?gh_jid=8042554
2026-07-28,RBLX,Roblox,"Senior Software Engineer, Ads Experience (C++) ",Software Engineering,"San Mateo, CA, United States",product_eng,senior,0,0,0,,269270,https://careers.roblox.com/jobs/7655780?gh_jid=7655780
2026-07-28,RBLX,Roblox,"Senior Software Engineer, Ads Platform",Software Engineering,"San Mateo, CA, United States",product_eng,senior,0,0,0,,220020,https://careers.roblox.com/jobs/8011079?gh_jid=8011079
2026-07-28,RBLX,Roblox,"Senior Software Engineer, App Performance",Software Engineering,"San Mateo, CA, United States",product_eng,senior,0,0,0,,218940,https://careers.roblox.com/jobs/7360413?gh_jid=7360413
2026-07-28,RBLX,Roblox,Senior Software Engineer: Assistant,Software Engineering,"San Mateo, CA, United States",product_eng,senior,0,7,1,application|buzz,220020,https://careers.roblox.com/jobs/8047823?gh_jid=8047823
2026-07-28,RBLX,Roblox,"Senior Software Engineer, Avatar Animation ",Engineering,"Vancouver, British Columbia, Canada",product_eng,senior,0,0,0,,254570,https://careers.roblox.com/jobs/7923268?gh_jid=7923268
2026-07-28,RBLX,Roblox,"Senior Software Engineer, Avatar Animation ",Software Engineering,"San Mateo, CA, United States",product_eng,senior,0,0,0,,267950,https://careers.roblox.com/jobs/7540219?gh_jid=7540219
2026-07-28,RBLX,Roblox,Senior Software Engineer - Avatar Personalization,Software Engineering,"San Mateo, CA, United States",product_eng,senior,0,0,0,,220020,https://careers.roblox.com/jobs/7545202?gh_jid=7545202
2026-07-28,RBLX,Roblox,"Senior Software Engineer (Backend), Communications",Software Engineering,"San Mateo, CA, United States",product_eng,senior,0,3,0,buzz|general_medium,269270,https://careers.roblox.com/jobs/8001022?gh_jid=8001022
2026-07-28,RBLX,Roblox,Senior Software Engineer - Bot Defense,Software Engineering,"San Mateo, CA, United States",product_eng,senior,0,3,0,buzz,220020,https://careers.roblox.com/jobs/8047817?gh_jid=8047817
2026-07-28,RBLX,Roblox,Senior Software Engineer (C++),Software Engineering,"San Mateo, CA, United States",product_eng,senior,0,0,0,,218940,https://careers.roblox.com/jobs/8025510?gh_jid=8025510
2026-07-28,RBLX,Roblox,"Senior Software Engineer, Client Systems (C++)",Software Engineering,"San Mateo, CA, United States",product_eng,senior,0,0,0,,218940,https://careers.roblox.com/jobs/8036535?gh_jid=8036535
2026-07-28,RBLX,Roblox,"Senior Software Engineer, Compute Cell Platform",Software Engineering,"San Mateo, CA, United States",product_eng,senior,0,0,0,,220020,https://careers.roblox.com/jobs/8056362?gh_jid=8056362
2026-07-28,RBLX,Roblox,"Senior Software Engineer, Content Suitability ",Software Engineering,"San Mateo, CA, United States",product_eng,senior,0,5,0,buzz|general_medium,220020,https://careers.roblox.com/jobs/7987819?gh_jid=7987819
2026-07-28,RBLX,Roblox,"Senior Software Engineer, Core UI",Software Engineering,"San Mateo, CA, United States",product_eng,senior,0,0,0,,245515,https://careers.roblox.com/jobs/7708489?gh_jid=7708489
2026-07-28,RBLX,Roblox,Senior Software Engineer - Creator Business,Software Engineering,"San Mateo, CA, United States",product_eng,senior,0,0,0,,269270,https://careers.roblox.com/jobs/8003347?gh_jid=8003347
2026-07-28,RBLX,Roblox,Senior Software Engineer - Data Access,Software Engineering,"San Mateo, CA, United States",product_eng,senior,0,0,0,,269270,https://careers.roblox.com/jobs/7437922?gh_jid=7437922
2026-07-28,RBLX,Roblox,"Senior Software Engineer, Data Infrastructure",Software Engineering,"San Mateo, CA, United States",product_eng,senior,0,7,1,application|buzz,269270,https://careers.roblox.com/jobs/8014486?gh_jid=8014486
2026-07-28,RBLX,Roblox,"Senior Software Engineer - Data Infrastructure, Safety",Software Engineering,"San Mateo, CA, United States",product_eng,senior,0,8,1,application|buzz|data_ml_ops,220020,https://careers.roblox.com/jobs/7852258?gh_jid=7852258
2026-07-28,RBLX,Roblox,"Senior Software Engineer, Data Insights",Software Engineering,"San Mateo, CA, United States",product_eng,senior,0,3,1,application,220020,https://careers.roblox.com/jobs/8011273?gh_jid=8011273
2026-07-28,RBLX,Roblox,"Senior Software Engineer, Engineering Acceleration Foundations ",Software Engineering,"San Mateo, CA, United States",product_eng,senior,0,1,0,buzz,220020,https://careers.roblox.com/jobs/7998339?gh_jid=7998339
2026-07-28,RBLX,Roblox,"Senior Software Engineer, Engine Systems",Software Engineering,"San Mateo, CA, United States",product_eng,senior,0,0,0,,267950,https://careers.roblox.com/jobs/7309267?gh_jid=7309267
2026-07-28,RBLX,Roblox,Senior Software Engineer - Fraud,Software Engineering,"San Mateo, CA, United States",product_eng,senior,0,1,0,buzz,220020,https://careers.roblox.com/jobs/8008607?gh_jid=8008607
2026-07-28,RBLX,Roblox,"Senior Software Engineer, Frontend",Software Engineering,"San Mateo, CA, United States",product_eng,senior,0,0,0,,277535,https://careers.roblox.com/jobs/7472910?gh_jid=7472910
2026-07-28,RBLX,Roblox,"Senior Software Engineer (Frontend/Engine), Messaging",Software Engineering,"San Mateo, CA, United States",product_eng,senior,0,0,0,,220020,https://careers.roblox.com/jobs/8001172?gh_jid=8001172
2026-07-28,RBLX,Roblox,Senior Software Engineer - Game Engine Network (C++),Software Engineering,"San Mateo, CA, United States",product_eng,senior,0,0,0,,218940,https://careers.roblox.com/jobs/7409676?gh_jid=7409676
2026-07-28,RBLX,Roblox,"Senior Software Engineer, Game Engine Systems",Software Engineering,"San Mateo, CA, United States",product_eng,senior,0,0,0,,267950,https://careers.roblox.com/jobs/7354277?gh_jid=7354277
2026-07-28,RBLX,Roblox,"Senior Software Engineer, Game Solutions",Software Engineering,"San Mateo, CA, United States",product_eng,senior,0,0,0,,218940,https://careers.roblox.com/jobs/7535925?gh_jid=7535925
2026-07-28,RBLX,Roblox,"Senior Software Engineer, Geometry",Software Engineering,"Vancouver, British Columbia, Canada",product_eng,senior,0,0,0,,254570,https://careers.roblox.com/jobs/7997934?gh_jid=7997934
2026-07-28,RBLX,Roblox,"Senior Software Engineer, Geometry",Software Engineering,"San Mateo, CA, United States",product_eng,senior,0,0,0,,269270,https://careers.roblox.com/jobs/7998292?gh_jid=7998292
2026-07-28,RBLX,Roblox,"Senior Software Engineer, iOS",Software Engineering,"San Mateo, CA, United States",product_eng,senior,0,2,0,buzz,320145,https://careers.roblox.com/jobs/7899865?gh_jid=7899865
2026-07-28,RBLX,Roblox,"Senior Software Engineer, Kubernetes Networking",Software Engineering,"San Mateo, CA, United States",product_eng,senior,0,4,0,buzz|general_medium,269270,https://careers.roblox.com/jobs/8015824?gh_jid=8015824
2026-07-28,RBLX,Roblox,"Senior Software Engineer, Machine Learning (Communication Safety)",Software Engineering,"San Mateo, CA, United States",product_eng,senior,1,4,0,buzz|general_medium,286635,https://careers.roblox.com/jobs/8073279?gh_jid=8073279
2026-07-28,RBLX,Roblox,Senior Software Engineer - Marketplace Merchandise,Software Engineering,"San Mateo, CA, United States",product_eng,senior,0,3,0,buzz|general_medium,246000,https://careers.roblox.com/jobs/7913302?gh_jid=7913302
2026-07-28,RBLX,Roblox,Senior Software Engineer - NPC Behavior ,Software Engineering,"San Mateo, CA, United States",product_eng,senior,0,11,1,application|buzz|general_medium|model_infra,220020,https://careers.roblox.com/jobs/8016277?gh_jid=8016277
2026-07-28,RBLX,Roblox,Senior Software Engineer - Release ,Software Engineering,"San Mateo, CA, United States",product_eng,senior,0,0,0,,269270,https://careers.roblox.com/jobs/7923586?gh_jid=7923586
2026-07-28,RBLX,Roblox,Senior Software Engineer - Safety Experience,Software Engineering,"San Mateo, CA, United States",product_eng,senior,0,9,1,application|buzz,269270,https://careers.roblox.com/jobs/7985997?gh_jid=7985997
2026-07-28,RBLX,Roblox,"Senior Software Engineer, Safety Foundation",Software Engineering,"San Mateo, CA, United States",product_eng,senior,0,6,1,application|buzz,220020,https://careers.roblox.com/jobs/8017352?gh_jid=8017352
2026-07-28,RBLX,Roblox,"Senior Software Engineer, Service Mesh",Software Engineering,"San Mateo, CA, United States",product_eng,senior,0,0,0,,261310,https://careers.roblox.com/jobs/7698330?gh_jid=7698330
2026-07-28,RBLX,Roblox,Senior Software Engineer - Storage Cache,Software Engineering,"San Mateo, CA, United States",product_eng,senior,0,0,0,,269270,https://careers.roblox.com/jobs/7862605?gh_jid=7862605
2026-07-28,RBLX,Roblox,"Senior Software Engineer, UGC Validation",Software Engineering,"San Mateo, CA, United States",product_eng,senior,0,1,0,buzz,220020,https://careers.roblox.com/jobs/7997637?gh_jid=7997637
2026-07-28,RBLX,Roblox,"Senior Software Engineer, UGC Validation",Software Engineering,"Vancouver, British Columbia, Canada",product_eng,senior,0,1,0,buzz,206305,https://careers.roblox.com/jobs/7997339?gh_jid=7997339
2026-07-28,RBLX,Roblox,"Senior Talent Business Partner, Early Career - AI/ML PhD (Short-Term)",Talent Acquisition,"Remote; San Mateo, CA, United States",other,intern,1,11,1,application|buzz|general_medium,,https://careers.roblox.com/jobs/7998438?gh_jid=7998438
2026-07-28,RBLX,Roblox,Senior Technical Recruiter,Talent Acquisition,"San Mateo, CA, United States",nontech,senior,0,0,0,,194345,https://careers.roblox.com/jobs/8078014?gh_jid=8078014
2026-07-28,RBLX,Roblox,"Software Engineer, Ads Platform",Early Career FT - Engineering,"San Mateo, CA, United States",product_eng,mid,0,0,0,,174935,https://careers.roblox.com/jobs/8047815?gh_jid=8047815
2026-07-28,RBLX,Roblox,"Software Engineer, Data Engineering",Early Career FT - Engineering,"San Mateo, CA, United States",product_eng,mid,0,1,0,buzz,174935,https://careers.roblox.com/jobs/8025021?gh_jid=8025021
2026-07-28,RBLX,Roblox,"Software Engineering Manager, Engine UI",Software Engineering,"San Mateo, CA, United States",product_eng,mid,0,0,0,,318570,https://careers.roblox.com/jobs/7482015?gh_jid=7482015
2026-07-28,RBLX,Roblox,Sr Internal Auditor  ,Finance,"Gurugram, Haryana, India",other,intern,0,0,0,,,https://careers.roblox.com/jobs/7918044?gh_jid=7918044
2026-07-28,RBLX,Roblox,"Strategic Financial Analyst, Revenue",Business Operations (BizOps),"San Mateo, CA, United States",other,mid,0,0,0,,151225,https://careers.roblox.com/jobs/8065848?gh_jid=8065848
2026-07-28,RBLX,Roblox,Strategic Sourcing Manager - Technology,Engineering Operations,"San Mateo, CA, United States",other,mid,0,0,0,,176890,https://careers.roblox.com/jobs/8047841?gh_jid=8047841
2026-07-28,RBLX,Roblox,Support Escalations Specialist,Safety Operations (Non-Tech),"Gurugram, Haryana, India",nontech,mid,0,0,0,,,https://careers.roblox.com/jobs/7886349?gh_jid=7886349
2026-07-28,RBLX,Roblox,Systems Software Engineer - Game Engine Network (C++),Software Engineering,"San Mateo, CA, United States",product_eng,mid,0,0,0,,218940,https://careers.roblox.com/jobs/7561739?gh_jid=7561739
2026-07-28,RBLX,Roblox,Talent Sourcing Partner (Short Term),Talent Acquisition,"San Mateo, CA, United States",other,mid,0,0,0,,,https://careers.roblox.com/jobs/8036991?gh_jid=8036991
2026-07-28,RBLX,Roblox,Tech Lead Manager (TLM) - Ads Experience,Software Engineering,"San Mateo, CA, United States",other,senior,0,1,0,buzz,320145,https://careers.roblox.com/jobs/7655813?gh_jid=7655813
2026-07-28,RBLX,Roblox,Technical Director - AI Roblox Studio,Software Engineering,"San Mateo, CA, United States",other,director,1,15,1,application|buzz|general_medium|model_infra,428695,https://careers.roblox.com/jobs/8046794?gh_jid=8046794
2026-07-28,RBLX,Roblox,"Technical Director, Content Platform",Software Engineering,"San Mateo, CA, United States",other,director,0,0,0,,428695,https://careers.roblox.com/jobs/7754152?gh_jid=7754152
2026-07-28,RBLX,Roblox,Technical Director - Data Science (Discovery),Data Science,"San Mateo, CA, United States",other,director,0,9,0,buzz|general_medium,402055,https://careers.roblox.com/jobs/7376352?gh_jid=7376352
2026-07-28,RBLX,Roblox,"Technical Director, Frontend Architecture",Software Engineering,"San Mateo, CA, United States",product_eng,director,0,3,1,application,428695,https://careers.roblox.com/jobs/7975445?gh_jid=7975445
2026-07-28,RBLX,Roblox,Workforce Management Analyst,Safety Operations (Non-Tech),"Gurugram, Haryana, India",other,mid,0,0,0,,,https://careers.roblox.com/jobs/7792862?gh_jid=7792862
2026-07-28,ABNB,Airbnb,Acquisition Manager,Sales,"Berlin, Germany ",other,mid,0,0,0,,,https://careers.airbnb.com/positions/7995153?gh_jid=7995153
2026-07-28,ABNB,Airbnb,Acquisition Manager,Sales,"Paris, France",other,mid,0,0,0,,,https://careers.airbnb.com/positions/7995199?gh_jid=7995199
2026-07-28,ABNB,Airbnb,"AI Engineer, Community Support Engineering",Software Engineering,China - Remote,product_eng,mid,1,11,1,application|buzz,,https://careers.airbnb.com/positions/7946288?gh_jid=7946288
2026-07-28,ABNB,Airbnb,AMER Gathering Programs Manager,Employee Experience,"New York, United States, Los Angeles, United States",other,mid,0,1,0,buzz,143000,https://careers.airbnb.com/positions/8067991?gh_jid=8067991
2026-07-28,ABNB,Airbnb,"Associate Counsel, Innovation and Thought Leadership",Legal,United States ,nontech,mid,0,1,0,buzz,171000,https://careers.airbnb.com/positions/8074833?gh_jid=8074833
2026-07-28,ABNB,Airbnb,"Associate Legal Counsel, Japan",Legal,"Tokyo, Japan",nontech,mid,0,1,0,buzz,,https://careers.airbnb.com/positions/7789554?gh_jid=7789554
2026-07-28,ABNB,Airbnb,Business Operations and Growth Lead,Strategy & Planning,"Sydney, Australia",nontech,senior,0,1,0,buzz,,https://careers.airbnb.com/positions/7999656?gh_jid=7999656
2026-07-28,ABNB,Airbnb,Business Operations and Growth Lead,Business Operations/Analysis,United States ,nontech,senior,0,1,0,buzz,185500,https://careers.airbnb.com/positions/7834481?gh_jid=7834481
2026-07-28,ABNB,Airbnb,Community Support Forecasting and Demand Planning Analyst,Community Support,United States ,nontech,mid,0,1,0,buzz,189000,https://careers.airbnb.com/positions/7839229?gh_jid=7839229
2026-07-28,ABNB,Airbnb,"(Contract) Senior Data Scientist, Platform Inference - MarTech DS Measurement",Data Science,United States,product_eng,senior,0,6,1,application|buzz|general_medium,,https://careers.airbnb.com/positions/7732569?gh_jid=7732569
2026-07-28,ABNB,Airbnb,Creative Producer,Communications,San Francisco,other,mid,0,0,0,,171000,https://careers.airbnb.com/positions/8008818?gh_jid=8008818
2026-07-28,ABNB,Airbnb,Customer Support Specialist,Community Support,"Gurugram, India",nontech,mid,0,0,0,,,https://careers.airbnb.com/positions/8050665?gh_jid=8050665
2026-07-28,ABNB,Airbnb,"Data Scientist - Algorithms, Community Support",Data Science,Remote - USA,product_eng,mid,0,7,1,application|buzz|general_medium,163000,https://careers.airbnb.com/positions/8031901?gh_jid=8031901
2026-07-28,ABNB,Airbnb,"Data Scientist - Inference, Community Support",Data Science,Remote - USA,product_eng,mid,0,4,0,buzz|general_medium,163000,https://careers.airbnb.com/positions/8031907?gh_jid=8031907
2026-07-28,ABNB,Airbnb,"Engineering Manager, Cloud & Data Security",Software Engineering,United States,product_eng,mid,0,0,0,,238500,https://careers.airbnb.com/positions/8074765?gh_jid=8074765
2026-07-28,ABNB,Airbnb,"Engineering Manager, Community Support Engineering",Software Engineering,China,product_eng,mid,0,2,0,buzz,,https://careers.airbnb.com/positions/7760914?gh_jid=7760914
2026-07-28,ABNB,Airbnb,"Engineering Manager, Marketing Technology - Segmentation Platform & Insights Platform",Software Engineering,United States,product_eng,mid,0,9,1,application|buzz,238500,https://careers.airbnb.com/positions/7927488?gh_jid=7927488
2026-07-28,ABNB,Airbnb,"Engineering Manager, Payments",Software Engineering,USA - Remote,product_eng,mid,0,0,0,,238500,https://careers.airbnb.com/positions/8044558?gh_jid=8044558
2026-07-28,ABNB,Airbnb,Enterprise Accounts Associate,Sales,"London, United Kingdom",other,mid,0,0,0,,,https://careers.airbnb.com/positions/8066835?gh_jid=8066835
2026-07-28,ABNB,Airbnb,Enterprise Accounts Associate,Sales,"Berlin, Germany",other,mid,0,0,0,,,https://careers.airbnb.com/positions/8066843?gh_jid=8066843
2026-07-28,ABNB,Airbnb,Enterprise Accounts Associate,Sales,"Paris, France",other,mid,0,0,0,,,https://careers.airbnb.com/positions/8066840?gh_jid=8066840
2026-07-28,ABNB,Airbnb,Executive Escalations Senior Associate,Community Support,"Gurugram, India",other,senior,0,0,0,,,https://careers.airbnb.com/positions/7956004?gh_jid=7956004
2026-07-28,ABNB,Airbnb,"Gestionnaire de bureau, Montréal",Administrative,"Montreal, Canada",other,mid,0,0,0,,92500,https://careers.airbnb.com/positions/8038315?gh_jid=8038315
2026-07-28,ABNB,Airbnb,"Gestionnaire, Soutien Premium",Community Support,Canada,other,mid,0,0,0,,105500,https://careers.airbnb.com/positions/7862110?gh_jid=7862110
2026-07-28,ABNB,Airbnb,Global Law Enforcement Operations Enablement Manager,Trust and Safety,United States ,nontech,mid,0,0,0,,135000,https://careers.airbnb.com/positions/8055459?gh_jid=8055459
2026-07-28,ABNB,Airbnb,Global Threat Assessment Program Regional Operations Manager,Trust and Safety,United States,nontech,mid,0,0,0,,175500,https://careers.airbnb.com/positions/8065199?gh_jid=8065199
2026-07-28,ABNB,Airbnb,"Growth Marketing Lead, Japan ",Marketing,"Tokyo, Japan",nontech,senior,0,0,0,,,https://careers.airbnb.com/positions/7590542?gh_jid=7590542
2026-07-28,ABNB,Airbnb,"Growth Marketing Lead, SEM",Marketing,United States,nontech,senior,0,1,0,buzz,180000,https://careers.airbnb.com/positions/8070656?gh_jid=8070656
2026-07-28,ABNB,Airbnb,HR Generalist / HR Business Partner,Employee Experience,United States,nontech,mid,0,1,0,buzz,171000,https://careers.airbnb.com/positions/8084251?gh_jid=8084251
2026-07-28,ABNB,Airbnb,"Lead, Advanced Analytics, Acquisition",Analytics,United States,other,senior,0,1,0,buzz,177500,https://careers.airbnb.com/positions/7948314?gh_jid=7948314
2026-07-28,ABNB,Airbnb,"Lead Advanced Analytics, Guest Product",Analytics,United States,other,senior,0,1,0,buzz,177500,https://careers.airbnb.com/positions/8080954?gh_jid=8080954
2026-07-28,ABNB,Airbnb,"Lead, Advanced Analytics, Hosting Services (Brazil) ",Analytics,Brazil ,other,senior,0,9,1,application|buzz|general_medium,,https://careers.airbnb.com/positions/7964249?gh_jid=7964249
2026-07-28,ABNB,Airbnb,"Lead, Advanced Analytics, Hosting Services (Mexico)",Analytics,Mexico,other,senior,0,9,1,application|buzz|general_medium,112500,https://careers.airbnb.com/positions/7964205?gh_jid=7964205
2026-07-28,ABNB,Airbnb,"Lead, Advanced Analytics, Payments",Analytics,United States,other,senior,0,4,0,buzz|general_medium,177500,https://careers.airbnb.com/positions/7967712?gh_jid=7967712
2026-07-28,ABNB,Airbnb,Learning Tools Manager,Community Support,United States ,other,mid,0,1,0,buzz,134000,https://careers.airbnb.com/positions/8073189?gh_jid=8073189
2026-07-28,ABNB,Airbnb,"Localization Manager, Canada",Localization,Canada,other,mid,0,0,0,,99000,https://careers.airbnb.com/positions/7258829?gh_jid=7258829
2026-07-28,ABNB,Airbnb,"Localization Manager, Canada",Localization,Canada,other,mid,0,0,0,,99000,https://careers.airbnb.com/positions/7258830?gh_jid=7258830
2026-07-28,ABNB,Airbnb,"Machine Learning Engineer, Customer Support Engineering",Software Engineering,China,product_eng,mid,1,16,1,application|buzz|model_infra,,https://careers.airbnb.com/positions/7716341?gh_jid=7716341
2026-07-28,ABNB,Airbnb,"Manager, Field Operations, Southeast",Sales,United States,nontech,mid,0,0,0,,180000,https://careers.airbnb.com/positions/7531247?gh_jid=7531247
2026-07-28,ABNB,Airbnb,"Manager, Fraud Intelligence",Trust and Safety,United States ,other,mid,0,0,0,,167500,https://careers.airbnb.com/positions/7793861?gh_jid=7793861
2026-07-28,ABNB,Airbnb,"Manager, Guest Services",Community Support,United States ,other,mid,0,0,0,,180000,https://careers.airbnb.com/positions/8068433?gh_jid=8068433
2026-07-28,ABNB,Airbnb,"Manager, Machine Learning, Customer Support Engineering ",Software Engineering,China,product_eng,mid,1,8,1,application|buzz|general_medium,,https://careers.airbnb.com/positions/7672101?gh_jid=7672101
2026-07-28,ABNB,Airbnb,"Manager, Premium Support",Community Support,Canada,nontech,mid,0,0,0,,105500,https://careers.airbnb.com/positions/7862109?gh_jid=7862109
2026-07-28,ABNB,Airbnb,"Manager, Premium Support (French/English)",Community Support,Ireland,nontech,mid,0,0,0,,,https://careers.airbnb.com/positions/8071424?gh_jid=8071424
2026-07-28,ABNB,Airbnb,"Manager, Recruiting Systems and Data",Employee Experience,United States,nontech,mid,0,0,0,,163500,https://careers.airbnb.com/positions/7979134?gh_jid=7979134
2026-07-28,ABNB,Airbnb,Market Associate,Business Development,"Florida, United States ",other,mid,0,0,0,,95500,https://careers.airbnb.com/positions/8089765?gh_jid=8089765
2026-07-28,ABNB,Airbnb,Market Coordinator,Sales,"Berlin, Germany ",other,mid,0,0,0,,,https://careers.airbnb.com/positions/8088050?gh_jid=8088050
2026-07-28,ABNB,Airbnb,Marketing Operations Lead,Marketing,United States,nontech,senior,0,0,0,,174500,https://careers.airbnb.com/positions/8056124?gh_jid=8056124
2026-07-28,ABNB,Airbnb,Market Manager,Sales,"Paris, France",other,mid,0,0,0,,,https://careers.airbnb.com/positions/8043473?gh_jid=8043473
2026-07-28,ABNB,Airbnb,Market Manager ,Sales,"Berlin, Germany",other,mid,0,0,0,,,https://careers.airbnb.com/positions/7960390?gh_jid=7960390
2026-07-28,ABNB,Airbnb,"Market Manager, Japan - Hotels",Business Development,"Tokyo, Japan",other,mid,0,0,0,,,https://careers.airbnb.com/positions/7649950?gh_jid=7649950
2026-07-28,ABNB,Airbnb,Market Manager - Vacation Rental,Business Development,"Tokyo, Japan",other,mid,0,0,0,,,https://careers.airbnb.com/positions/8000413?gh_jid=8000413
2026-07-28,ABNB,Airbnb,"Office Manager, Berlin",Administrative,"Berlin, Germany",nontech,mid,0,0,0,,,https://careers.airbnb.com/positions/8039365?gh_jid=8039365
2026-07-28,ABNB,Airbnb,"Office Manager, Mexico City",Administrative,"Mexico City, Mexico",nontech,mid,0,0,0,,58500,https://careers.airbnb.com/positions/8038161?gh_jid=8038161
2026-07-28,ABNB,Airbnb,"Office Manager, Montreal",Administrative,"Montreal, Canada",nontech,mid,0,0,0,,92500,https://careers.airbnb.com/positions/8038314?gh_jid=8038314
2026-07-28,ABNB,Airbnb,"Office Manager, Paris",Administrative,"Paris, France",nontech,mid,0,0,0,,,https://careers.airbnb.com/positions/8039417?gh_jid=8039417
2026-07-28,ABNB,Airbnb,"Office Manager, São Paulo",Administrative,"São Paulo, Brazil",nontech,mid,0,0,0,,,https://careers.airbnb.com/positions/8038264?gh_jid=8038264
2026-07-28,ABNB,Airbnb,"Office Manager, Seoul",Administrative,"Seoul, South Korea",nontech,mid,0,0,0,,,https://careers.airbnb.com/positions/8039307?gh_jid=8039307
2026-07-28,ABNB,Airbnb,"Office Manager, Tokyo ",Administrative,"Tokyo, Japan",nontech,mid,0,0,0,,,https://careers.airbnb.com/positions/8039271?gh_jid=8039271
2026-07-28,ABNB,Airbnb,"Operations Engineer, BizTech",Software Engineering,Remote- USA,product_eng,mid,0,7,1,application|buzz,148000,https://careers.airbnb.com/positions/8074955?gh_jid=8074955
2026-07-28,ABNB,Airbnb,"Payments Partnerships Manager, Host Payouts",Partnerships,United States ,other,mid,0,0,0,,189000,https://careers.airbnb.com/positions/8075714?gh_jid=8075714
2026-07-28,ABNB,Airbnb,"Policy Manager, Korea",Public Policy,"Seoul, South Korea",other,mid,0,0,0,,,https://careers.airbnb.com/positions/7859539?gh_jid=7859539
2026-07-28,ABNB,Airbnb,"Principal AI/ML Researcher / Engineer In Bayesian, Large Foundational Systems, and Distributional Reinforcement Learning",Software Engineering,United States,research,staff_principal,1,27,1,application|buzz|data_ml_ops|model_infra,333000,https://careers.airbnb.com/positions/7947456?gh_jid=7947456
2026-07-28,ABNB,Airbnb,"Principal AI/ML Researcher / Engineer In Reasoning, Planning, and Decision-making systems",Software Engineering,United States,research,staff_principal,1,34,1,application|buzz|data_ml_ops|general_medium|model_infra,333000,https://careers.airbnb.com/positions/7955573?gh_jid=7955573
2026-07-28,ABNB,Airbnb,"Principal, APAC Tax",Finance & Accounting,"Singapore, Singapore",other,staff_principal,0,3,1,application,,https://careers.airbnb.com/positions/8025609?gh_jid=8025609
2026-07-28,ABNB,Airbnb,"Principal, APAC Tax",Finance & Accounting,"Sydney, Australia",other,staff_principal,0,3,1,application,,https://careers.airbnb.com/positions/8025692?gh_jid=8025692
2026-07-28,ABNB,Airbnb,Principal Machine Learning Engineer- LLM Fine-tuning and Optimization ,Software Engineering,United States,product_eng,staff_principal,1,32,1,application|buzz|data_ml_ops|general_medium|model_infra,328500,https://careers.airbnb.com/positions/7955579?gh_jid=7955579
2026-07-28,ABNB,Airbnb,"Principal Software Engineer, Performance",Software Engineering,Remote-US,product_eng,staff_principal,0,5,0,buzz|data_ml_ops|general_medium,328500,https://careers.airbnb.com/positions/7826679?gh_jid=7826679
2026-07-28,ABNB,Airbnb,"Principal, Strategic Finance, Community Support",Financial Planning and Analysis,United States ,nontech,staff_principal,0,1,0,buzz,187000,https://careers.airbnb.com/positions/7759059?gh_jid=7759059
2026-07-28,ABNB,Airbnb,Process Risk and Compliance Operations Manager,Community Support,United States ,nontech,mid,0,1,0,buzz,174500,https://careers.airbnb.com/positions/8003178?gh_jid=8003178
2026-07-28,ABNB,Airbnb,"Product Manager, EMEA",Product Management,"London, United Kingdom",product_eng,mid,0,0,0,,,https://careers.airbnb.com/positions/7775427?gh_jid=7775427
2026-07-28,ABNB,Airbnb,"Product Manager, Identity",Product Management,"California, Oregon, Washington",product_eng,mid,0,0,0,,220000,https://careers.airbnb.com/positions/8055637?gh_jid=8055637
2026-07-28,ABNB,Airbnb,"Product Manager, Incubations",Product Management,"San Francisco, CA, New York, NY",product_eng,mid,0,1,0,buzz,257000,https://careers.airbnb.com/positions/8044715?gh_jid=8044715
2026-07-28,ABNB,Airbnb,"Product Manager, Relevance and Personalization",Product Management,"San Francisco, United States",product_eng,mid,0,9,1,application|buzz|model_infra,257000,https://careers.airbnb.com/positions/7905365?gh_jid=7905365
2026-07-28,ABNB,Airbnb,"Product Manager, Services",Product Management,"San Francisco, CA, Seattle WA, New York, NY",product_eng,mid,0,1,0,buzz,257000,https://careers.airbnb.com/positions/8081925?gh_jid=8081925
2026-07-28,ABNB,Airbnb,"Product Manager, Tickets",Product Management,United States,product_eng,mid,0,0,0,,220000,https://careers.airbnb.com/positions/8082161?gh_jid=8082161
2026-07-28,ABNB,Airbnb,"Product Manager, Wallet",Product Management,United States,product_eng,mid,0,0,0,,220000,https://careers.airbnb.com/positions/8082854?gh_jid=8082854
2026-07-28,ABNB,Airbnb,"Product Program Manager, Roadmap Planning & Program Management",Financial Planning and Analysis,"San Francisco, United States ",other,mid,0,0,0,,198000,https://careers.airbnb.com/positions/6557174?gh_jid=6557174
2026-07-28,ABNB,Airbnb,"Program Manager, Community Support",Program Management,Canada,nontech,mid,0,0,0,,144000,https://careers.airbnb.com/positions/7927170?gh_jid=7927170
2026-07-28,ABNB,Airbnb,"Program Manager, Community Support",Program Management,Canada,nontech,mid,0,0,0,,144000,https://careers.airbnb.com/positions/7927169?gh_jid=7927169
2026-07-28,ABNB,Airbnb,Programs and Business Operations Lead,Operations,United States,nontech,senior,0,0,0,,185500,https://careers.airbnb.com/positions/8028783?gh_jid=8028783
2026-07-28,ABNB,Airbnb,"Public Policy Manager, UK",Public Policy,"London, United Kingdom",other,mid,0,1,0,buzz,,https://careers.airbnb.com/positions/8076545?gh_jid=8076545
2026-07-28,ABNB,Airbnb,"Quality Analyst, Premium Support (German/English)",Community Support,Ireland,nontech,mid,0,1,0,buzz,,https://careers.airbnb.com/positions/8053429?gh_jid=8053429
2026-07-28,ABNB,Airbnb,Regional Workplace Operations Manager,Employee Experience,"Seattle, United States",nontech,mid,0,0,0,,143500,https://careers.airbnb.com/positions/8067929?gh_jid=8067929
2026-07-28,ABNB,Airbnb,Regulatory Operations Lead,Business Operations/Analysis,United States,nontech,senior,0,0,0,,180000,https://careers.airbnb.com/positions/7789528?gh_jid=7789528
2026-07-28,ABNB,Airbnb,"Responsable, Gestion des Effectifs, Opérations",Operations,Canada,other,mid,0,3,1,model_infra,144000,https://careers.airbnb.com/positions/8000973?gh_jid=8000973
2026-07-28,ABNB,Airbnb,Safety Specialist,Community Support,Korea,other,mid,0,0,0,,,https://careers.airbnb.com/positions/7964996?gh_jid=7964996
2026-07-28,ABNB,Airbnb,Safety Specialist,Community Support,Japan,other,mid,0,0,0,,,https://careers.airbnb.com/positions/7870802?gh_jid=7870802
2026-07-28,ABNB,Airbnb,"Sales Operations Intern, Italy",Intern,"Milan, Italy",nontech,intern,0,0,0,,,https://careers.airbnb.com/positions/7979270?gh_jid=7979270
2026-07-28,ABNB,Airbnb,Senior Account Executive,Sales,"New York, United States ",demand_validated,senior,0,0,0,,151000,https://careers.airbnb.com/positions/8049936?gh_jid=8049936
2026-07-28,ABNB,Airbnb,"Senior Account Executive, Hotels (London-based)",Sales,"London, United Kingdom",demand_validated,senior,0,0,0,,,https://careers.airbnb.com/positions/8045384?gh_jid=8045384
2026-07-28,ABNB,Airbnb,"Senior Account Executive, Hotels (Milan-based)",Sales,"Milan, Italy",demand_validated,senior,0,0,0,,,https://careers.airbnb.com/positions/8046210?gh_jid=8046210
2026-07-28,ABNB,Airbnb,"Senior Analyst, Advanced Analytics - Gurugram",Analytics,"Gurugram, India",other,senior,0,23,1,application|buzz,,https://careers.airbnb.com/positions/8081180?gh_jid=8081180
2026-07-28,ABNB,Airbnb,"Senior Business Development Manager, EMEA",Real Estate,"London, United Kingdom",other,senior,0,0,0,,,https://careers.airbnb.com/positions/8000361?gh_jid=8000361
2026-07-28,ABNB,Airbnb,"Senior Business Operations and Growth Lead, Ticketing",Business Development,United States,nontech,senior,0,1,0,buzz,226500,https://careers.airbnb.com/positions/8065827?gh_jid=8065827
2026-07-28,ABNB,Airbnb,"Senior Business Solutions Engineer, BizTech(LegalTech)",Engineering & Technology,"Bangalore, India",demand_validated,senior,0,14,1,application|buzz,,https://careers.airbnb.com/positions/8053132?gh_jid=8053132
2026-07-28,ABNB,Airbnb,"Senior Connectivity Partner Manager - Seoul, South Korea",Partnerships,"Seoul, South Korea",other,senior,0,0,0,,,https://careers.airbnb.com/positions/7945815?gh_jid=7945815
2026-07-28,ABNB,Airbnb,"Senior Counsel, Commercial & Partnerships",Legal,United States,nontech,senior,0,0,0,,234000,https://careers.airbnb.com/positions/7978155?gh_jid=7978155
2026-07-28,ABNB,Airbnb,"Senior Data Engineer, BizTech",Software Engineering,"Bangalore, India",product_eng,senior,0,3,0,buzz|general_medium,,https://careers.airbnb.com/positions/7640881?gh_jid=7640881
2026-07-28,ABNB,Airbnb,"Senior Frontend Engineer, Quality Platform",Software Engineering,Brazil,product_eng,senior,0,7,1,application|buzz,,https://careers.airbnb.com/positions/8031737?gh_jid=8031737
2026-07-28,ABNB,Airbnb,Senior Influencer Manager,Communications,"San Francisco, United States ",other,senior,0,0,0,,151000,https://careers.airbnb.com/positions/8068640?gh_jid=8068640
2026-07-28,ABNB,Airbnb,Senior iOS Automation Engineer,Software Engineering,Brazil - Remote,product_eng,senior,0,1,0,buzz,,https://careers.airbnb.com/positions/7453190?gh_jid=7453190
2026-07-28,ABNB,Airbnb,"Senior iOS Engineer, Global Markets ",Software Engineering,China,product_eng,senior,0,2,0,buzz,,https://careers.airbnb.com/positions/7817040?gh_jid=7817040
2026-07-28,ABNB,Airbnb,Senior Key Accounts Manager,Sales,"Paris, France",other,senior,0,0,0,,,https://careers.airbnb.com/positions/7916840?gh_jid=7916840
2026-07-28,ABNB,Airbnb,"Senior Machine Learning Engineer, Customer Support Engineering",Software Engineering,China,product_eng,senior,1,16,1,application|buzz|model_infra,,https://careers.airbnb.com/positions/7975743?gh_jid=7975743
2026-07-28,ABNB,Airbnb,"Senior Machine Learning Engineer, Price Modeling",Software Engineering,United States,product_eng,senior,1,6,1,buzz|general_medium|model_infra,211500,https://careers.airbnb.com/positions/8070678?gh_jid=8070678
2026-07-28,ABNB,Airbnb,"Senior Machine Learning Engineer, Relevance and Personalization",Software Engineering,United States,product_eng,senior,1,21,1,application|buzz|general_medium|model_infra,208000,https://careers.airbnb.com/positions/7258033?gh_jid=7258033
2026-07-28,ABNB,Airbnb,"Senior Machine Learning Engineer, Relevance and Personalization (Query Intelligence)",Engineering & Technology,United States,product_eng,senior,1,28,1,application|buzz|general_medium|model_infra,217500,https://careers.airbnb.com/positions/8065789?gh_jid=8065789
2026-07-28,ABNB,Airbnb,"Senior Manager, Advanced Analytics, Fraud & Safety Operations",Analytics,United States,nontech,senior,0,2,0,data_ml_ops,238500,https://careers.airbnb.com/positions/7788160?gh_jid=7788160
2026-07-28,ABNB,Airbnb,"Senior Manager, Field Operations",Sales,"Mexico City, Mexico",nontech,senior,0,0,0,,214583,https://careers.airbnb.com/positions/8044801?gh_jid=8044801
2026-07-28,ABNB,Airbnb,Senior Manager Global Capacity and Operational Planning (Community Support),Community Support,United States ,nontech,senior,0,1,0,buzz,229500,https://careers.airbnb.com/positions/7840101?gh_jid=7840101
2026-07-28,ABNB,Airbnb,"Senior Manager, Machine Learning Engineering - Communication & Connectivity",Software Engineering,Remote - US,product_eng,senior,1,5,0,buzz|general_medium,279000,https://careers.airbnb.com/positions/8070121?gh_jid=8070121
2026-07-28,ABNB,Airbnb,"Senior Manager, Public Policy, Texas ",Public Policy,"Texas, United States ",other,senior,0,0,0,,,https://careers.airbnb.com/positions/7736028?gh_jid=7736028
2026-07-28,ABNB,Airbnb,"Senior Manager, Technical Program Management (Search & AI Foundations)",Technical Program Management,United States,other,senior,1,11,1,application|buzz|data_ml_ops|general_medium,257000,https://careers.airbnb.com/positions/8077683?gh_jid=8077683
2026-07-28,ABNB,Airbnb,Senior Market Manager,Business Development,"Mexico City, Mexico",other,senior,0,0,0,,112500,https://careers.airbnb.com/positions/7895069?gh_jid=7895069
2026-07-28,ABNB,Airbnb,"Senior Market Manager, Experiences ",Business Development,"Rome, Italy",other,senior,0,0,0,,,https://careers.airbnb.com/positions/7591196?gh_jid=7591196
2026-07-28,ABNB,Airbnb,"Senior Market Manager, Hotels",Business Development,"Sydney, Australia",other,senior,0,0,0,,,https://careers.airbnb.com/positions/7587869?gh_jid=7587869
2026-07-28,ABNB,Airbnb,"Senior Market Manager, Luxe - Thailand",Business Development,"Bangkok, Thailand",other,senior,0,0,0,,,https://careers.airbnb.com/positions/7920440?gh_jid=7920440
2026-07-28,ABNB,Airbnb,"Senior Platform Manager, Data Products, Finance Accounting",Product Management,United States,nontech,senior,0,1,0,buzz,193000,https://careers.airbnb.com/positions/8070705?gh_jid=8070705
2026-07-28,ABNB,Airbnb,"Senior Platform Manager, Defense Platform",Product Management,United States,other,senior,0,2,0,buzz,193000,https://careers.airbnb.com/positions/7917687?gh_jid=7917687
2026-07-28,ABNB,Airbnb,"Senior Platform Manager, Payment Platform Accounts",Product Management,United States ,other,senior,0,1,0,buzz,193000,https://careers.airbnb.com/positions/8082863?gh_jid=8082863
2026-07-28,ABNB,Airbnb,"Senior Platform Manager, Trust and Safety",Product Management,United States ,other,senior,0,3,0,buzz|general_medium,193000,https://careers.airbnb.com/positions/8029984?gh_jid=8029984
2026-07-28,ABNB,Airbnb,Senior Policy Economist ,Data Science,United States ,other,senior,0,3,0,buzz|general_medium,194500,https://careers.airbnb.com/positions/7918327?gh_jid=7918327
2026-07-28,ABNB,Airbnb,"Senior Principal, Competitive Intelligence",Financial Planning and Analysis,United States ,other,staff_principal,0,1,0,buzz,224500,https://careers.airbnb.com/positions/8053756?gh_jid=8053756
2026-07-28,ABNB,Airbnb,"Senior Principal, Tax Controversy",Legal,"Ireland, Spain, United Kingdom",other,staff_principal,0,0,0,,,https://careers.airbnb.com/positions/7920760?gh_jid=7920760
2026-07-28,ABNB,Airbnb,"Senior Product Program Manager, Roadmap Planning & Program Management ",Financial Planning and Analysis,"San Francisco, United States ",other,senior,0,0,0,,238500,https://careers.airbnb.com/positions/6153760?gh_jid=6153760
2026-07-28,ABNB,Airbnb,"Senior Programs and Business Operations Lead, Monthly Stays",Business Operations/Analysis,United States ,nontech,senior,0,0,0,,223500,https://careers.airbnb.com/positions/7736820?gh_jid=7736820
2026-07-28,ABNB,Airbnb,Senior Regulatory Operations Lead - Regulatory Products,Business Operations/Analysis,United States ,nontech,senior,0,0,0,,220500,https://careers.airbnb.com/positions/8054361?gh_jid=8054361
2026-07-28,ABNB,Airbnb,Senior Regulatory Operations Manager,Business Operations/Analysis,United States,nontech,senior,0,0,0,,151000,https://careers.airbnb.com/positions/7789483?gh_jid=7789483
2026-07-28,ABNB,Airbnb,"Senior Regulatory Operations Manager, Cities",Business Operations/Analysis,United States ,nontech,senior,0,0,0,,151000,https://careers.airbnb.com/positions/7944595?gh_jid=7944595
2026-07-28,ABNB,Airbnb,Senior Sales Operations Lead,Business Operations/Analysis,United States,nontech,senior,0,0,0,,226500,https://careers.airbnb.com/positions/8083716?gh_jid=8083716
2026-07-28,ABNB,Airbnb,"Senior Social Content Operations Manager, China",Operations,China,nontech,senior,0,0,0,,,https://careers.airbnb.com/positions/8078406?gh_jid=8078406
2026-07-28,ABNB,Airbnb,"Senior Software Engineer, Content Platform",Software Engineering,United States,product_eng,senior,0,4,1,application|buzz,211500,https://careers.airbnb.com/positions/8077451?gh_jid=8077451
2026-07-28,ABNB,Airbnb,"Senior Software Engineer, Infrastructure",Software Engineering,Brazil - Remote,product_eng,senior,0,5,1,application|buzz,,https://careers.airbnb.com/positions/7453202?gh_jid=7453202
2026-07-28,ABNB,Airbnb,"Senior Software Engineer, (Python, Java,  GenAI)",Software Engineering,"Remote - Bangalore, India",product_eng,senior,1,17,1,application|buzz|model_infra,,https://careers.airbnb.com/positions/7556182?gh_jid=7556182
2026-07-28,ABNB,Airbnb,"Senior Software Engineer, Reliability Engineering Team",Software Engineering,Brazil,product_eng,senior,0,0,0,,,https://careers.airbnb.com/positions/8026696?gh_jid=8026696
2026-07-28,ABNB,Airbnb,"Senior Software Engineer, Search Platform",Software Engineering,Brazil,product_eng,senior,0,0,0,,,https://careers.airbnb.com/positions/8089559?gh_jid=8089559
2026-07-28,ABNB,Airbnb,"Senior Software Engineer, Service Tools   ",Software Engineering,Brazil,product_eng,senior,0,1,0,buzz,,https://careers.airbnb.com/positions/8024057?gh_jid=8024057
2026-07-28,ABNB,Airbnb,"Senior Specialist, Luxe",Operations,"Gurugram, India",other,senior,0,0,0,,,https://careers.airbnb.com/positions/7682735?gh_jid=7682735
2026-07-28,ABNB,Airbnb,Senior Staff Data Engineer - Data Stewardship,Software Engineering,United States,product_eng,staff_principal,0,1,0,buzz,279000,https://careers.airbnb.com/positions/7998356?gh_jid=7998356
2026-07-28,ABNB,Airbnb,"Senior Staff Data Scientist, Guest & Host Marketplace AI",Data Science,Remote,product_eng,staff_principal,1,6,1,application|buzz|general_medium,252000,https://careers.airbnb.com/positions/7107054?gh_jid=7107054
2026-07-28,ABNB,Airbnb,"Senior Staff Engineer, Communication & Connectivity",Software Engineering,Remote - USA,product_eng,staff_principal,0,5,0,buzz|general_medium,279000,https://careers.airbnb.com/positions/8017277?gh_jid=8017277
2026-07-28,ABNB,Airbnb,"Senior Staff Machine Learning Engineer, Data & Eval",Software Engineering,United States,product_eng,staff_principal,1,15,1,application|buzz|data_ml_ops|model_infra,274500,https://careers.airbnb.com/positions/6757302?gh_jid=6757302
2026-07-28,ABNB,Airbnb,"Senior Staff Machine Learning Engineer, Growth Platform Engineering",Software Engineering,Remote - USA,product_eng,staff_principal,1,25,1,application|buzz|data_ml_ops|general_medium|model_infra,274500,https://careers.airbnb.com/positions/7747259?gh_jid=7747259
2026-07-28,ABNB,Airbnb,"Senior Staff Machine Learning Engineer, Guest & Host",Software Engineering,Remote - USA,product_eng,staff_principal,1,10,1,application|buzz|general_medium,274500,https://careers.airbnb.com/positions/7005605?gh_jid=7005605
2026-07-28,ABNB,Airbnb,"Senior Staff Machine Learning Engineer, Post Training",Software Engineering,Remote - USA,product_eng,staff_principal,1,32,1,application|buzz|data_ml_ops|general_medium|model_infra,279000,https://careers.airbnb.com/positions/7858738?gh_jid=7858738
2026-07-28,ABNB,Airbnb,"Senior Staff Machine Learning Engineer, Trust",Software Engineering,Remote - USA,product_eng,staff_principal,1,23,1,application|buzz|general_medium|model_infra,274500,https://careers.airbnb.com/positions/7592146?gh_jid=7592146
2026-07-28,ABNB,Airbnb,"Senior Staff Operations Engineer, AIOps",Engineering & Technology,Remote - United States,product_eng,staff_principal,0,1,0,buzz,238500,https://careers.airbnb.com/positions/7644921?gh_jid=7644921
2026-07-28,ABNB,Airbnb,"Senior Staff Software Engineer, Host Pricing & Settings",Software Engineering,Remote - USA,product_eng,staff_principal,0,4,0,data_ml_ops|general_medium,,https://careers.airbnb.com/positions/8039723?gh_jid=8039723
2026-07-28,ABNB,Airbnb,"Senior Staff Software Engineer, Payments",Software Engineering,"Remote, USA",product_eng,staff_principal,0,0,0,,274500,https://careers.airbnb.com/positions/7688467?gh_jid=7688467
2026-07-28,ABNB,Airbnb,"Senior Staff Software Engineer, Payments",Software Engineering,"Remote - Bangalore, India",product_eng,staff_principal,0,1,0,buzz,,https://careers.airbnb.com/positions/7525479?gh_jid=7525479
2026-07-28,ABNB,Airbnb,"Senior Staff Software Engineer, Trust",Software Engineering,Remote - US,product_eng,staff_principal,0,4,1,application|buzz,279000,https://careers.airbnb.com/positions/7818982?gh_jid=7818982
2026-07-28,ABNB,Airbnb,"Senior Staff UX Writer, International",Design,"London, United Kingdom",other,intern,0,0,0,,,https://careers.airbnb.com/positions/8007402?gh_jid=8007402
2026-07-28,ABNB,Airbnb,"Software Engineer, BizTech(Python, Java, GenAI)",Engineering & Technology,"Bangalore, India",product_eng,mid,1,14,1,application|buzz,,https://careers.airbnb.com/positions/7902817?gh_jid=7902817
2026-07-28,ABNB,Airbnb,"Software Engineer, Cloud Networking",Software Engineering,Remote - USA or Canada,product_eng,mid,0,0,0,,171000,https://careers.airbnb.com/positions/8037090?gh_jid=8037090
2026-07-28,ABNB,Airbnb,"Software Engineer, Guest & Host - Notifications",Software Engineering,"Beijing, China",product_eng,mid,0,0,0,,,https://careers.airbnb.com/positions/7725256?gh_jid=7725256
2026-07-28,ABNB,Airbnb,"Software Engineer, Quality Platform",Software Engineering,Brazil,product_eng,mid,0,20,1,application|buzz,,https://careers.airbnb.com/positions/8077506?gh_jid=8077506
2026-07-28,ABNB,Airbnb,"Software Engineer, Tax Experience, BizTech",Software Engineering,United States,product_eng,mid,0,0,0,,174000,https://careers.airbnb.com/positions/8070597?gh_jid=8070597
2026-07-28,ABNB,Airbnb,"Spécialiste, Sécurité",Community Support,Canada,other,mid,0,0,0,,63000,https://careers.airbnb.com/positions/7417294?gh_jid=7417294
2026-07-28,ABNB,Airbnb,"Specialist, Premium Support",Community Support,Canada,nontech,mid,0,0,0,,60500,https://careers.airbnb.com/positions/6852954?gh_jid=6852954
2026-07-28,ABNB,Airbnb,"Specialist, Premium Support (French/English)",Community Support,Ireland,nontech,mid,0,0,0,,,https://careers.airbnb.com/positions/7946318?gh_jid=7946318
2026-07-28,ABNB,Airbnb,"Specialist, Premium Support (Spanish/English)",Community Support,Ireland,nontech,mid,0,0,0,,,https://careers.airbnb.com/positions/8071684?gh_jid=8071684
2026-07-28,ABNB,Airbnb,"Specialist, Safety",Community Support,Canada,other,mid,0,0,0,,63000,https://careers.airbnb.com/positions/7417293?gh_jid=7417293
2026-07-28,ABNB,Airbnb,"Sr Manager, Advanced Analytics, FSI",Analytics,United States,other,senior,0,2,0,data_ml_ops,238500,https://careers.airbnb.com/positions/7926527?gh_jid=7926527
2026-07-28,ABNB,Airbnb,Sr Social Measurement Lead,Marketing,"San Francisco, CA",other,senior,0,1,0,buzz,213500,https://careers.airbnb.com/positions/8042783?gh_jid=8042783
2026-07-28,ABNB,Airbnb,"Staff Advanced Analyst, Guest Engagement",Analytics,United States,other,staff_principal,0,0,0,,200500,https://careers.airbnb.com/positions/7927588?gh_jid=7927588
2026-07-28,ABNB,Airbnb,"Staff Advanced Analytics, Guest Product",Analytics,United States,other,staff_principal,0,1,0,buzz,200500,https://careers.airbnb.com/positions/7943874?gh_jid=7943874
2026-07-28,ABNB,Airbnb,"Staff Analyst, Advanced Analytics, Payments",Analytics,United States,other,staff_principal,0,6,0,buzz|general_medium,200500,https://careers.airbnb.com/positions/8003341?gh_jid=8003341
2026-07-28,ABNB,Airbnb,Staff Backend Engineer - Ads Platform,Software Engineering,Remote - USA,product_eng,staff_principal,0,5,1,application|buzz,238500,https://careers.airbnb.com/positions/8074897?gh_jid=8074897
2026-07-28,ABNB,Airbnb,"Staff Backend Engineer, Host Serving and Access",Software Engineering,Remote - USA,product_eng,staff_principal,0,0,0,,238500,https://careers.airbnb.com/positions/8077995?gh_jid=8077995
2026-07-28,ABNB,Airbnb,Staff Data Scientist - Long Term Impact,Data Science,Remote - USA,product_eng,staff_principal,0,2,0,general_medium,221000,https://careers.airbnb.com/positions/8042680?gh_jid=8042680
2026-07-28,ABNB,Airbnb,"Staff Frontend Engineer, Client Data & Networking Platform",Software Engineering,Remote - USA,product_eng,staff_principal,0,4,1,application|buzz,229500,https://careers.airbnb.com/positions/7962101?gh_jid=7962101
2026-07-28,ABNB,Airbnb,"Staff Machine Learning Engineer, Community Support Engineering",Software Engineering,"San Francisco, CA",product_eng,staff_principal,1,16,1,application|buzz|model_infra,236000,https://careers.airbnb.com/positions/8024316?gh_jid=8024316
2026-07-28,ABNB,Airbnb,"Staff Machine Learning Engineer, Customer Support Engineering",Software Engineering,China,product_eng,staff_principal,1,18,1,application|buzz|general_medium|model_infra,,https://careers.airbnb.com/positions/7693033?gh_jid=7693033
2026-07-28,ABNB,Airbnb,"Staff Machine Learning Engineer, Listings and Host Tools Data and AI",Software Engineering,Remote-USA,product_eng,staff_principal,1,18,1,buzz|general_medium|model_infra,229500,https://careers.airbnb.com/positions/7454348?gh_jid=7454348
2026-07-28,ABNB,Airbnb,"Staff Platform Manager, Chargebacks and Disputes",Product Management,United States ,other,staff_principal,0,1,0,buzz,220000,https://careers.airbnb.com/positions/8003786?gh_jid=8003786
2026-07-28,ABNB,Airbnb,"Staff Platform Manager, Quality",Product Management,Remote - United States ,other,staff_principal,0,2,0,buzz,220000,https://careers.airbnb.com/positions/8060054?gh_jid=8060054
2026-07-28,ABNB,Airbnb,"Staff Software Engineer, Build (Bazel)",Software Engineering,Remote - USA,product_eng,staff_principal,0,4,1,application|buzz,229500,https://careers.airbnb.com/positions/7739337?gh_jid=7739337
2026-07-28,ABNB,Airbnb,"Staff Software Engineer, Communication & Connectivity",Software Engineering,United States,product_eng,staff_principal,0,12,1,application|buzz|data_ml_ops|general_medium,229500,https://careers.airbnb.com/positions/7421419?gh_jid=7421419
2026-07-28,ABNB,Airbnb,"Staff Software Engineer, Community Support Engineering",Software Engineering,Remote - USA,product_eng,staff_principal,0,14,1,application|buzz|model_infra,229500,https://careers.airbnb.com/positions/7463421?gh_jid=7463421
2026-07-28,ABNB,Airbnb,"Staff Software Engineer, Community Support Engineering",Software Engineering,China,product_eng,staff_principal,0,3,1,application,,https://careers.airbnb.com/positions/6448191?gh_jid=6448191
2026-07-28,ABNB,Airbnb,"Staff Software Engineer, Global Markets (Backend)",Software Engineering,China,product_eng,staff_principal,0,0,0,,,https://careers.airbnb.com/positions/7768427?gh_jid=7768427
2026-07-28,ABNB,Airbnb,"Staff Software Engineer, Infrastructure",Software Engineering,United States,product_eng,staff_principal,0,0,0,,229500,https://careers.airbnb.com/positions/7702714?gh_jid=7702714
2026-07-28,ABNB,Airbnb,"Staff Software Engineer, Unified Data Store",Software Engineering,Brazil,product_eng,staff_principal,0,1,0,buzz,,https://careers.airbnb.com/positions/7867435?gh_jid=7867435
2026-07-28,ABNB,Airbnb,"Staff System Engineer, BizTech",Software Engineering,United States,product_eng,staff_principal,0,0,0,,202500,https://careers.airbnb.com/positions/8076299?gh_jid=8076299
2026-07-28,ABNB,Airbnb,"Staff Web Automation Engineer, Quality Engineering",Software Engineering,Brazil - Remote,product_eng,staff_principal,0,1,0,buzz,,https://careers.airbnb.com/positions/7380185?gh_jid=7380185
2026-07-28,ABNB,Airbnb,"Strategic Partnerships Lead, Central and Eastern Europe",Sales,"Berlin, Germany",other,senior,0,0,0,,,https://careers.airbnb.com/positions/7641058?gh_jid=7641058
2026-07-28,ABNB,Airbnb,"Strategic Sourcing, Manager - Engineering & Infrastructure",Financial Planning and Analysis,United States ,product_eng,mid,0,1,0,buzz,139000,https://careers.airbnb.com/positions/7736738?gh_jid=7736738
2026-07-28,ABNB,Airbnb,"Supervisor, Fraud Investigations",Community Support,"Gurugram, India",other,mid,0,0,0,,,https://careers.airbnb.com/positions/8007130?gh_jid=8007130
2026-07-28,ABNB,Airbnb,"Supervisor, Hosting",Operations,"Gurugram, India",other,mid,0,1,0,buzz,,https://careers.airbnb.com/positions/8015149?gh_jid=8015149
2026-07-28,ABNB,Airbnb,"Supply Category Lead, Airbnb Services ",Business Operations/Analysis,United States ,other,senior,0,0,0,,226500,https://careers.airbnb.com/positions/7822781?gh_jid=7822781
2026-07-28,ABNB,Airbnb,"Workforce Management Lead,  Enterprise Ops",Operations,Canada,other,senior,0,1,0,buzz,144000,https://careers.airbnb.com/positions/8000972?gh_jid=8000972
2026-07-28,ABNB,Airbnb,Workplace Operations Program Manager,Employee Experience,"San Francisco, United States",nontech,mid,0,1,0,buzz,174500,https://careers.airbnb.com/positions/8079378?gh_jid=8079378
2026-07-28,HOOD,Robinhood,"Android Engineer, Government Products",ENG Infrastructure,"New York, NY",product_eng,mid,0,0,0,,162500,https://boards.greenhouse.io/robinhood/jobs/6669758?t=gh_src=&gh_jid=6669758
2026-07-28,HOOD,Robinhood,"Android Engineer, Money Experience",ENG Infrastructure,"Menlo Park, CA",product_eng,mid,0,0,0,,162500,https://boards.greenhouse.io/robinhood/jobs/7350823?t=gh_src=&gh_jid=7350823
2026-07-28,HOOD,Robinhood,"Assistant General Counsel, Credit Cards",Legal,"Menlo Park, CA; New York, NY; Washington, DC",nontech,mid,0,0,0,,212500,https://boards.greenhouse.io/robinhood/jobs/7943204?t=gh_src=&gh_jid=7943204
2026-07-28,HOOD,Robinhood,"Assistant General Counsel, Employment",Legal,"Menlo Park, CA; New York, NY; Washington, DC",nontech,mid,0,0,0,,212500,https://boards.greenhouse.io/robinhood/jobs/7943216?t=gh_src=&gh_jid=7943216
2026-07-28,HOOD,Robinhood,"Assistant General Counsel, Regulatory",Legal,"Menlo Park, CA; New York, NY; Washington, DC",nontech,mid,0,0,0,,212500,https://boards.greenhouse.io/robinhood/jobs/8003458?t=gh_src=&gh_jid=8003458
2026-07-28,HOOD,Robinhood,Benchmarking & Strategy Manager,[Prospect],"New York, NY",other,mid,0,0,0,,130908,https://boards.greenhouse.io/robinhood/jobs/7976543?t=gh_src=&gh_jid=7976543
2026-07-28,HOOD,Robinhood,Cashiering Support Associate,TradePMR Operations Division,"Westlake, TX",nontech,mid,0,0,0,,,https://boards.greenhouse.io/robinhood/jobs/8060605?t=gh_src=&gh_jid=8060605
2026-07-28,HOOD,Robinhood,"Chief of Staff, Brokerage Product",Brokerage Product,"Menlo Park, CA",other,exec,0,0,0,,187500,https://boards.greenhouse.io/robinhood/jobs/7839130?t=gh_src=&gh_jid=7839130
2026-07-28,HOOD,Robinhood,Communications Compliance Senior Specialist,Compliance - RHM,"Denver, CO; Menlo Park, CA; New York, NY; Washington, DC",nontech,senior,0,1,0,buzz,112000,https://boards.greenhouse.io/robinhood/jobs/8072899?t=gh_src=&gh_jid=8072899
2026-07-28,HOOD,Robinhood,Compliance Senior Specialist,Investment Strategy,"Chicago, IL; Denver, CO; Lake Mary, FL; New York, NY",other,senior,0,0,0,,112000,https://boards.greenhouse.io/robinhood/jobs/8077870?t=gh_src=&gh_jid=8077870
2026-07-28,HOOD,Robinhood,Concierge Relationship Manager,Customer Care,"Chicago, IL; Denver, CO; Lake Mary, FL; Menlo Park, CA; New York, NY; Westlake, TX",other,mid,0,1,0,buzz,145500,https://boards.greenhouse.io/robinhood/jobs/7875387?t=gh_src=&gh_jid=7875387
2026-07-28,HOOD,Robinhood,Crypto AML Program Manager,[INACTIVE] Crypto Compliance,"Denver, CO; Menlo Park, CA; New York, NY; Westlake, TX",other,mid,0,0,0,,166500,https://boards.greenhouse.io/robinhood/jobs/8060590?t=gh_src=&gh_jid=8060590
2026-07-28,HOOD,Robinhood,Crypto Risk Senior Specialist,Crypto Operations,"Denver, CO; Menlo Park, CA; New York, NY; Westlake, TX",other,senior,0,0,0,,133000,https://boards.greenhouse.io/robinhood/jobs/8068377?t=gh_src=&gh_jid=8068377
2026-07-28,HOOD,Robinhood,Customer Experience Associate (New Grad),Customer Care,"Westlake, TX",other,intern,0,0,0,,,https://boards.greenhouse.io/robinhood/jobs/8024530?t=gh_src=&gh_jid=8024530
2026-07-28,HOOD,Robinhood,"Customer Experience Lead, Money",Customer Care,"Westlake, TX",other,senior,0,0,0,,,https://boards.greenhouse.io/robinhood/jobs/8014045?t=gh_src=&gh_jid=8014045
2026-07-28,HOOD,Robinhood,"Customer Experience Manager, Advanced Services",Customer Care,"Westlake, TX",other,mid,0,0,0,,128925,https://boards.greenhouse.io/robinhood/jobs/7974199?t=gh_src=&gh_jid=7974199
2026-07-28,HOOD,Robinhood,"Customer Experience Representative, Active Trader",Customer Care,"Chicago, IL; Denver, CO; Westlake, TX",other,mid,0,0,0,,,https://boards.greenhouse.io/robinhood/jobs/8011599?t=gh_src=&gh_jid=8011599
2026-07-28,HOOD,Robinhood,"Customer Experience Representative, Advanced Services",Customer Care,"Chicago, IL; Denver, CO; Westlake, TX",other,mid,0,0,0,,,https://boards.greenhouse.io/robinhood/jobs/7958747?t=gh_src=&gh_jid=7958747
2026-07-28,HOOD,Robinhood,"Customer Experience Representative, Concierge",Customer Care,"Chicago, IL; Denver, CO; Westlake, TX",other,mid,0,0,0,,,https://boards.greenhouse.io/robinhood/jobs/7958748?t=gh_src=&gh_jid=7958748
2026-07-28,HOOD,Robinhood,"Customer Experience Representative, Core Services",Customer Care,"Chicago, IL; Denver, CO; Westlake, TX",other,mid,0,0,0,,,https://boards.greenhouse.io/robinhood/jobs/7958750?t=gh_src=&gh_jid=7958750
2026-07-28,HOOD,Robinhood,"Customer Experience Representative, Executive Office",Customer Care,"Chicago, IL; Denver, CO; Westlake, TX",nontech,mid,0,0,0,,,https://boards.greenhouse.io/robinhood/jobs/7982916?t=gh_src=&gh_jid=7982916
2026-07-28,HOOD,Robinhood,Customer Experience Team Lead,Customer Care,"Westlake, TX",other,senior,0,0,0,,,https://boards.greenhouse.io/robinhood/jobs/7729424?t=gh_src=&gh_jid=7729424
2026-07-28,HOOD,Robinhood,"Deal Lead, Robinhood Ventures",Robinhood Ventures,"Menlo Park, CA",other,senior,0,2,0,buzz,216500,https://boards.greenhouse.io/robinhood/jobs/7685092?t=gh_src=&gh_jid=7685092
2026-07-28,HOOD,Robinhood,Deputy CCO ,International G and A,"Vilnius, Lithuania",other,mid,0,0,0,,,https://boards.greenhouse.io/robinhood/jobs/7914059?t=gh_src=&gh_jid=7914059
2026-07-28,HOOD,Robinhood,Derivatives Risk Oversight Lead,Bitstamp G&A,"Luxembourg, Luxembourg",other,senior,0,0,0,,,https://boards.greenhouse.io/robinhood/jobs/7539100?t=gh_src=&gh_jid=7539100
2026-07-28,HOOD,Robinhood,Derivatives Risk Oversight Lead,Bitstamp G&A,"Ljubljana, Slovenia",other,senior,0,0,0,,,https://boards.greenhouse.io/robinhood/jobs/7539106?t=gh_src=&gh_jid=7539106
2026-07-28,HOOD,Robinhood,Derivatives Risk Oversight Lead,Bitstamp G&A,"London, UK",other,senior,0,0,0,,,https://boards.greenhouse.io/robinhood/jobs/7473824?t=gh_src=&gh_jid=7473824
2026-07-28,HOOD,Robinhood,Director of Accounting,Accounting,"Menlo Park, CA",nontech,director,0,1,0,buzz,208000,https://boards.greenhouse.io/robinhood/jobs/8088954?t=gh_src=&gh_jid=8088954
2026-07-28,HOOD,Robinhood,Employee Relations Business Partner,People Relations and Operations,"Chicago, IL",other,mid,0,0,0,,162000,https://boards.greenhouse.io/robinhood/jobs/8051290?t=gh_src=&gh_jid=8051290
2026-07-28,HOOD,Robinhood,"Engineering Manager, Agentic AI",ENG Data and AI Platform Division,"Menlo Park, CA",product_eng,mid,1,11,1,application|buzz|data_ml_ops,249500,https://boards.greenhouse.io/robinhood/jobs/8054116?t=gh_src=&gh_jid=8054116
2026-07-28,HOOD,Robinhood,"Engineering Manager, International Expansion",Crypto Engineering,"New York, NY",product_eng,intern,0,0,0,,225000,https://boards.greenhouse.io/robinhood/jobs/7799655?t=gh_src=&gh_jid=7799655
2026-07-28,HOOD,Robinhood,"Engineering Manager, Prediction Markets",Futures Engineering,"New York, NY",product_eng,mid,0,0,0,,225000,https://boards.greenhouse.io/robinhood/jobs/8036664?t=gh_src=&gh_jid=8036664
2026-07-28,HOOD,Robinhood,Executive Sourcer,Talent Acquisition,"Bellevue, WA; Chicago, IL; Denver, CO; Menlo Park, CA; New York, NY",other,mid,0,1,0,buzz,124500,https://boards.greenhouse.io/robinhood/jobs/7977245?t=gh_src=&gh_jid=7977245
2026-07-28,HOOD,Robinhood,Finance & Strategy Senior Analyst,Finance Division,"Menlo Park, CA",nontech,senior,0,1,0,buzz,108000,https://boards.greenhouse.io/robinhood/jobs/7456663?t=gh_src=&gh_jid=7456663
2026-07-28,HOOD,Robinhood,Financial Operations Manager,Financial Operations,Singapore,nontech,mid,0,0,0,,,https://boards.greenhouse.io/robinhood/jobs/8090190?t=gh_src=&gh_jid=8090190
2026-07-28,HOOD,Robinhood,Fraud Investigations Analyst ,Customer Trust and Safety,"Denver, CO; Westlake, TX",other,mid,0,0,0,,,https://boards.greenhouse.io/robinhood/jobs/7729808?t=gh_src=&gh_jid=7729808
2026-07-28,HOOD,Robinhood,"Full Stack Software Engineer, Credit Cards & Banking",Money Engineering,"Bellevue, WA; Menlo Park, CA; New York, NY",product_eng,mid,0,0,0,,162500,https://boards.greenhouse.io/robinhood/jobs/8008723?t=gh_src=&gh_jid=8008723
2026-07-28,HOOD,Robinhood,Futures Risk Program Manager,[Prospect],"Chicago, IL",other,mid,0,0,0,,156816,https://boards.greenhouse.io/robinhood/jobs/7975474?t=gh_src=&gh_jid=7975474
2026-07-28,HOOD,Robinhood,"iOS Engineer, Government Products",ENG Infrastructure,"New York, NY",product_eng,mid,0,0,0,,162500,https://boards.greenhouse.io/robinhood/jobs/6674980?t=gh_src=&gh_jid=6674980
2026-07-28,HOOD,Robinhood,"iOS Engineer, Money Experience",ENG Infrastructure,"Menlo Park, CA",product_eng,mid,0,0,0,,162500,https://boards.greenhouse.io/robinhood/jobs/7794027?t=gh_src=&gh_jid=7794027
2026-07-28,HOOD,Robinhood,Knowledge Management Strategy Lead,Customer Care,"Denver, CO; Westlake, TX",other,senior,0,1,0,buzz,112000,https://boards.greenhouse.io/robinhood/jobs/8052609?t=gh_src=&gh_jid=8052609
2026-07-28,HOOD,Robinhood,Machine Learning Engineer,[Prospect],"Bellevue, WA",product_eng,mid,1,21,1,buzz|general_medium|model_infra,180569,https://boards.greenhouse.io/robinhood/jobs/7960680?t=gh_src=&gh_jid=7960680
2026-07-28,HOOD,Robinhood,"Manager of Response, Automation, Intelligence & Detection Engineering",Security Division,"Denver, CO; Menlo Park, CA",product_eng,mid,0,1,0,buzz,212000,https://boards.greenhouse.io/robinhood/jobs/8055526?t=gh_src=&gh_jid=8055526
2026-07-28,HOOD,Robinhood,"Product Compliance Analyst, Money",Money Compliance,"Menlo Park, CA; New York, NY; Washington, DC",other,mid,0,0,0,,112000,https://boards.greenhouse.io/robinhood/jobs/8054481?t=gh_src=&gh_jid=8054481
2026-07-28,HOOD,Robinhood,"Product Designer, Redesign",Brokerage Design,"Menlo Park, CA; New York, NY",product_eng,mid,0,1,0,buzz,187500,https://boards.greenhouse.io/robinhood/jobs/6494244?t=gh_src=&gh_jid=6494244
2026-07-28,HOOD,Robinhood,"Product Marketing Manager, International",International G and A,"Ljubljana, Slovenia",nontech,intern,0,0,0,,,https://boards.greenhouse.io/robinhood/jobs/8074057?t=gh_src=&gh_jid=8074057
2026-07-28,HOOD,Robinhood,"Product Marketing Manager, International",International G and A,"London, UK",nontech,intern,0,0,0,,,https://boards.greenhouse.io/robinhood/jobs/8067556?t=gh_src=&gh_jid=8067556
2026-07-28,HOOD,Robinhood,"Product Marketing Manager, International",International G and A,"Luxembourg, Luxembourg",nontech,intern,0,0,0,,,https://boards.greenhouse.io/robinhood/jobs/8074011?t=gh_src=&gh_jid=8074011
2026-07-28,HOOD,Robinhood,"Product Operations Manager, Crypto",Crypto Operations,"New York, NY",nontech,mid,0,1,0,buzz,100000,https://boards.greenhouse.io/robinhood/jobs/8089302?t=gh_src=&gh_jid=8089302
2026-07-28,HOOD,Robinhood,"Quality Engineer, iOS/Android",ENG Technical Assurance,"Toronto, Canada",product_eng,mid,0,5,1,application|buzz,87875,https://boards.greenhouse.io/robinhood/jobs/7739588?t=gh_src=&gh_jid=7739588
2026-07-28,HOOD,Robinhood,Risk and Compliance Senior Associate ,International G and A,"London, UK",other,senior,0,0,0,,,https://boards.greenhouse.io/robinhood/jobs/7979707?t=gh_src=&gh_jid=7979707
2026-07-28,HOOD,Robinhood,Salesforce Applications Engineer,Enterprise Technology Division,"Menlo Park, CA",product_eng,mid,0,1,0,buzz,129000,https://boards.greenhouse.io/robinhood/jobs/8044173?t=gh_src=&gh_jid=8044173
2026-07-28,HOOD,Robinhood,"Security Engineer, Application Security",Security Division,"Bellevue, WA; Menlo Park, CA",product_eng,mid,0,1,0,buzz,153500,https://boards.greenhouse.io/robinhood/jobs/7918258?t=gh_src=&gh_jid=7918258
2026-07-28,HOOD,Robinhood,"Senior Android Engineer, iRAD",Brokerage Engineering,"Menlo Park, CA; New York, NY",product_eng,senior,0,0,0,,191500,https://boards.greenhouse.io/robinhood/jobs/8049885?t=gh_src=&gh_jid=8049885
2026-07-28,HOOD,Robinhood,"Senior Android Engineer, Trading Products",Brokerage Engineering,"Menlo Park, CA",product_eng,senior,0,0,0,,191500,https://boards.greenhouse.io/robinhood/jobs/8049809?t=gh_src=&gh_jid=8049809
2026-07-28,HOOD,Robinhood,"Senior Applications Engineer, Corporate Systems",Enterprise Technology Division,"Menlo Park, CA",product_eng,senior,0,1,0,buzz,157900,https://boards.greenhouse.io/robinhood/jobs/7901507?t=gh_src=&gh_jid=7901507
2026-07-28,HOOD,Robinhood,Senior Business Recruiter,Talent Acquisition,"Chicago, IL; Menlo Park, CA; New York, NY",nontech,senior,0,1,0,buzz,124500,https://boards.greenhouse.io/robinhood/jobs/7834459?t=gh_src=&gh_jid=7834459
2026-07-28,HOOD,Robinhood,"Senior Business Recruiter, High Volume",Talent Acquisition,"Chicago, IL; Menlo Park, CA; New York, NY; Westlake, TX",nontech,senior,0,1,0,buzz,124500,https://boards.greenhouse.io/robinhood/jobs/7707958?t=gh_src=&gh_jid=7707958
2026-07-28,HOOD,Robinhood,Senior Cloud Engineer,Bitstamp - Engineering Division,"London, UK",product_eng,senior,0,0,0,,,https://boards.greenhouse.io/robinhood/jobs/8035713?t=gh_src=&gh_jid=8035713
2026-07-28,HOOD,Robinhood,Senior Cloud Security Engineer,Security Division,"Bellevue, WA",product_eng,senior,0,0,0,,183000,https://boards.greenhouse.io/robinhood/jobs/7178427?t=gh_src=&gh_jid=7178427
2026-07-28,HOOD,Robinhood,Senior Compensation Analyst,Total Rewards,"Chicago, IL; Menlo Park, CA; New York, NY",other,senior,0,1,0,buzz,133000,https://boards.greenhouse.io/robinhood/jobs/8060703?t=gh_src=&gh_jid=8060703
2026-07-28,HOOD,Robinhood,Senior Director of Income Tax,Tax,"Menlo Park, CA",other,director,0,3,1,application,249500,https://boards.greenhouse.io/robinhood/jobs/8039695?t=gh_src=&gh_jid=8039695
2026-07-28,HOOD,Robinhood,Senior Engineering Manager,Brokerage Engineering,"New York, NY",product_eng,senior,0,0,0,,287000,https://boards.greenhouse.io/robinhood/jobs/7804654?t=gh_src=&gh_jid=7804654
2026-07-28,HOOD,Robinhood,"Senior Growth Engagement Manager, International",International Marketing,"London, UK",other,intern,0,0,0,,,https://boards.greenhouse.io/robinhood/jobs/8080179?t=gh_src=&gh_jid=8080179
2026-07-28,HOOD,Robinhood,"Senior Growth Engagement Manager, International",International Marketing,"Ljubljana, Slovenia",other,intern,0,0,0,,,https://boards.greenhouse.io/robinhood/jobs/8080181?t=gh_src=&gh_jid=8080181
2026-07-28,HOOD,Robinhood,"Senior Growth Engagement Manager, International",International Marketing,"Luxembourg, Luxembourg",other,intern,0,0,0,,,https://boards.greenhouse.io/robinhood/jobs/8080182?t=gh_src=&gh_jid=8080182
2026-07-28,HOOD,Robinhood,"Senior iOS Engineer, Crypto Trading",ENG Infrastructure,"New York, NY",product_eng,senior,0,0,0,,191500,https://boards.greenhouse.io/robinhood/jobs/8027506?t=gh_src=&gh_jid=8027506
2026-07-28,HOOD,Robinhood,"Senior Manager, Capital Markets",[Prospect],"Bellevue, WA",other,senior,0,0,0,,240218,https://boards.greenhouse.io/robinhood/jobs/7960708?t=gh_src=&gh_jid=7960708
2026-07-28,HOOD,Robinhood,Senior Network Reliability Engineer,[Prospect],"Bellevue, WA",product_eng,senior,0,0,0,,166993,https://boards.greenhouse.io/robinhood/jobs/7976534?t=gh_src=&gh_jid=7976534
2026-07-28,HOOD,Robinhood,"Senior Partnerships Manager, Crypto",Crypto Division,"New York, NY",other,senior,0,0,0,,174500,https://boards.greenhouse.io/robinhood/jobs/7816451?t=gh_src=&gh_jid=7816451
2026-07-28,HOOD,Robinhood,"Senior PM, International Trading",Crypto Product Management,"Menlo Park, CA; New York, NY",product_eng,intern,0,0,0,,179000,https://boards.greenhouse.io/robinhood/jobs/8060600?t=gh_src=&gh_jid=8060600
2026-07-28,HOOD,Robinhood,Senior Product Designer,[Prospect],"Menlo Park, CA",product_eng,senior,0,0,0,,190882,https://boards.greenhouse.io/robinhood/jobs/7960697?t=gh_src=&gh_jid=7960697
2026-07-28,HOOD,Robinhood,Senior Product Designer,Growth Design Division,"Menlo Park, CA; New York, NY",product_eng,senior,0,4,1,application|buzz,162000,https://boards.greenhouse.io/robinhood/jobs/7490017?t=gh_src=&gh_jid=7490017
2026-07-28,HOOD,Robinhood,"Senior Product Manager, Money Movement",Customer Trust and Safety,"Menlo Park, CA",product_eng,senior,0,0,0,,162000,https://boards.greenhouse.io/robinhood/jobs/7747728?t=gh_src=&gh_jid=7747728
2026-07-28,HOOD,Robinhood,"Senior Software Developer, Infrastructure",ENG Infrastructure,"Toronto, Canada",product_eng,senior,0,2,0,buzz,180500,https://boards.greenhouse.io/robinhood/jobs/6889390?t=gh_src=&gh_jid=6889390
2026-07-28,HOOD,Robinhood,"Senior Software Developer, Kubernetes Compute",ENG Infrastructure,"Toronto, Canada",product_eng,senior,0,2,0,buzz,180500,https://boards.greenhouse.io/robinhood/jobs/7871254?t=gh_src=&gh_jid=7871254
2026-07-28,HOOD,Robinhood,Senior Software Engineer,[Prospect],"Menlo Park, CA",product_eng,senior,0,14,1,buzz|data_ml_ops|general_medium|model_infra,229256,https://boards.greenhouse.io/robinhood/jobs/7975563?t=gh_src=&gh_jid=7975563
2026-07-28,HOOD,Robinhood,Senior Software Engineer,[Prospect],"Menlo Park, CA",product_eng,senior,0,0,0,,221756,https://boards.greenhouse.io/robinhood/jobs/7975544?t=gh_src=&gh_jid=7975544
2026-07-28,HOOD,Robinhood,"Senior Software Engineer, Backend",ENG Platforms,"Menlo Park, CA; New York, NY",product_eng,senior,0,0,0,,191500,https://boards.greenhouse.io/robinhood/jobs/7264931?t=gh_src=&gh_jid=7264931
2026-07-28,HOOD,Robinhood,"Senior Software Engineer, Cloud Integration",Bitstamp - Engineering Division,"Ljubljana, Slovenia",product_eng,senior,0,1,0,buzz,,https://boards.greenhouse.io/robinhood/jobs/7648454?t=gh_src=&gh_jid=7648454
2026-07-28,HOOD,Robinhood,"Senior Software Engineer, Cloud Networking",ENG Infrastructure,"Bellevue, WA",product_eng,senior,0,0,0,,213000,https://boards.greenhouse.io/robinhood/jobs/8080244?t=gh_src=&gh_jid=8080244
2026-07-28,HOOD,Robinhood,Senior Software Engineer - Data Lake Ingestion,ENG Infrastructure,"Bellevue, WA",product_eng,senior,0,0,0,,191500,https://boards.greenhouse.io/robinhood/jobs/8083951?t=gh_src=&gh_jid=8083951
2026-07-28,HOOD,Robinhood,"Senior Software Engineer, Kubernetes Compute",ENG Infrastructure,"Bellevue, WA",product_eng,senior,0,0,0,,191500,https://boards.greenhouse.io/robinhood/jobs/8036588?t=gh_src=&gh_jid=8036588
2026-07-28,HOOD,Robinhood,Senior Software Engineer - Robinhood Command Center,ENG Technical Assurance,"Menlo Park, CA",product_eng,senior,0,0,0,,213000,https://boards.greenhouse.io/robinhood/jobs/7838644?t=gh_src=&gh_jid=7838644
2026-07-28,HOOD,Robinhood,"Senior Software Engineer, Robinhood Command Center",ENG Technical Assurance,"New York, NY",product_eng,senior,0,0,0,,213000,https://boards.greenhouse.io/robinhood/jobs/7993511?t=gh_src=&gh_jid=7993511
2026-07-28,HOOD,Robinhood,"Senior Software Engineer, Security Platform",Security Division,"Bellevue, WA",product_eng,senior,0,1,0,buzz,191500,https://boards.greenhouse.io/robinhood/jobs/7899482?t=gh_src=&gh_jid=7899482
2026-07-28,HOOD,Robinhood,"Senior Software Engineer, Streaming Platform",ENG Infrastructure,"Bellevue, WA",product_eng,senior,0,0,0,,191500,https://boards.greenhouse.io/robinhood/jobs/8083811?t=gh_src=&gh_jid=8083811
2026-07-28,HOOD,Robinhood,"Senior Staff Software Engineer, Data Platform",ENG Infrastructure,"Bellevue, WA",product_eng,staff_principal,0,0,0,,287000,https://boards.greenhouse.io/robinhood/jobs/7729014?t=gh_src=&gh_jid=7729014
2026-07-28,HOOD,Robinhood,Senior Tax Operations Analyst,Tax,"Menlo Park, CA; New York, NY",nontech,senior,0,1,0,buzz,112000,https://boards.greenhouse.io/robinhood/jobs/8048650?t=gh_src=&gh_jid=8048650
2026-07-28,HOOD,Robinhood,"Senior Technical Program Manager, Privacy",Privacy Division,"New York, NY",other,senior,0,0,0,,162000,https://boards.greenhouse.io/robinhood/jobs/7773503?t=gh_src=&gh_jid=7773503
2026-07-28,HOOD,Robinhood,Senior Underwriting Associate,Brokerage Operations - RHF,"Chicago, IL; Denver, CO; Lake Mary, FL; New York, NY",other,senior,0,0,0,,145500,https://boards.greenhouse.io/robinhood/jobs/7979657?t=gh_src=&gh_jid=7979657
2026-07-28,HOOD,Robinhood,"Software Developer, Kubernetes Compute",ENG Infrastructure,"Toronto, Canada",product_eng,mid,0,2,0,buzz,148000,https://boards.greenhouse.io/robinhood/jobs/7770009?t=gh_src=&gh_jid=7770009
2026-07-28,HOOD,Robinhood,"Software Developer, Ops Platform and Fraud Investigations",ENG Platforms,"Toronto, Canada",product_eng,mid,0,8,1,application|buzz|general_medium,148000,https://boards.greenhouse.io/robinhood/jobs/7737164?t=gh_src=&gh_jid=7737164
2026-07-28,HOOD,Robinhood,Software Engineer,[Prospect],"Menlo Park, CA",product_eng,mid,0,0,0,,178318,https://boards.greenhouse.io/robinhood/jobs/7975530?t=gh_src=&gh_jid=7975530
2026-07-28,HOOD,Robinhood,Software Engineer,[Prospect],"Menlo Park, CA",product_eng,mid,0,14,1,buzz|data_ml_ops|general_medium|model_infra,180818,https://boards.greenhouse.io/robinhood/jobs/7975558?t=gh_src=&gh_jid=7975558
2026-07-28,HOOD,Robinhood,Software Engineer,[Prospect],"Menlo Park, CA",product_eng,mid,0,14,1,buzz|data_ml_ops|general_medium|model_infra,180818,https://boards.greenhouse.io/robinhood/jobs/7975557?t=gh_src=&gh_jid=7975557
2026-07-28,HOOD,Robinhood,Software Engineer,[Prospect],"Menlo Park, CA",product_eng,mid,0,0,0,,134138,https://boards.greenhouse.io/robinhood/jobs/7975550?t=gh_src=&gh_jid=7975550
2026-07-28,HOOD,Robinhood,Software Engineer,[Prospect],"Menlo Park, CA",product_eng,mid,0,0,0,,169818,https://boards.greenhouse.io/robinhood/jobs/7975549?t=gh_src=&gh_jid=7975549
2026-07-28,HOOD,Robinhood,Software Engineer,[Prospect],"Menlo Park, CA",product_eng,mid,0,0,0,,142850,https://boards.greenhouse.io/robinhood/jobs/7975529?t=gh_src=&gh_jid=7975529
2026-07-28,HOOD,Robinhood,Software Engineer,[Prospect],"Menlo Park, CA",product_eng,mid,0,0,0,,178318,https://boards.greenhouse.io/robinhood/jobs/7975531?t=gh_src=&gh_jid=7975531
2026-07-28,HOOD,Robinhood,Software Engineer,[Prospect],"Menlo Park, CA",product_eng,mid,0,0,0,,178318,https://boards.greenhouse.io/robinhood/jobs/7975507?t=gh_src=&gh_jid=7975507
2026-07-28,HOOD,Robinhood,Software Engineer,[Prospect],"Menlo Park, CA",product_eng,mid,0,0,0,,178318,https://boards.greenhouse.io/robinhood/jobs/7975526?t=gh_src=&gh_jid=7975526
2026-07-28,HOOD,Robinhood,"Software Engineer, Backend",Brokerage Engineering,"Menlo Park, CA",product_eng,mid,0,0,0,,162500,https://boards.greenhouse.io/robinhood/jobs/7263592?t=gh_src=&gh_jid=7263592
2026-07-28,HOOD,Robinhood,"Staff Data Scientist,  ML (Credit Risk)",Money Underwriting,"Menlo Park, CA; New York, NY; Washington, DC",product_eng,staff_principal,1,1,0,buzz,212500,https://boards.greenhouse.io/robinhood/jobs/7997218?t=gh_src=&gh_jid=7997218
2026-07-28,HOOD,Robinhood,"Staff Data Scientist, ML (People Analytics & Insights)",ENG Data Science,"Chicago, IL; Menlo Park, CA; New York, NY",product_eng,staff_principal,1,1,0,buzz,212500,https://boards.greenhouse.io/robinhood/jobs/8072766?t=gh_src=&gh_jid=8072766
2026-07-28,HOOD,Robinhood,Staff Offensive Security Engineer,Security Division,"Toronto, Canada",product_eng,staff_principal,0,2,0,buzz,208125,https://boards.greenhouse.io/robinhood/jobs/7460169?t=gh_src=&gh_jid=7460169
2026-07-28,HOOD,Robinhood,Staff Offensive Security Engineer,Security Division,"Bellevue, WA; Menlo Park, CA; New York, NY",product_eng,staff_principal,0,0,0,,212000,https://boards.greenhouse.io/robinhood/jobs/7460167?t=gh_src=&gh_jid=7460167
2026-07-28,HOOD,Robinhood,"Staff PM, International Growth & Expansion",Crypto Product Management,"Menlo Park, CA; New York, NY",product_eng,intern,0,0,0,,212500,https://boards.greenhouse.io/robinhood/jobs/8060585?t=gh_src=&gh_jid=8060585
2026-07-28,HOOD,Robinhood,"Staff Product Designer, Brokerage",Brokerage Design,"Menlo Park, CA; New York, NY",product_eng,staff_principal,0,1,0,buzz,187500,https://boards.greenhouse.io/robinhood/jobs/7804648?t=gh_src=&gh_jid=7804648
2026-07-28,HOOD,Robinhood,"Staff Product Designer, Prediction Markets",Brokerage Design,"Menlo Park, CA; New York, NY",product_eng,staff_principal,0,1,0,buzz,187500,https://boards.greenhouse.io/robinhood/jobs/7490012?t=gh_src=&gh_jid=7490012
2026-07-28,HOOD,Robinhood,"Staff Product Manager, Banking",Money Product Division,"Bellevue, WA; Chicago, IL; Denver, CO; Menlo Park, CA; New York, NY; Washington, DC; Westlake, TX",product_eng,staff_principal,0,0,0,,187500,https://boards.greenhouse.io/robinhood/jobs/7587151?t=gh_src=&gh_jid=7587151
2026-07-28,HOOD,Robinhood,"Staff Product Manager, Government Products",Brokerage Product,"New York, NY",product_eng,staff_principal,0,1,0,buzz,187500,https://boards.greenhouse.io/robinhood/jobs/7968044?t=gh_src=&gh_jid=7968044
2026-07-28,HOOD,Robinhood,"Staff Product Manager, Platform Operations",Customer Trust and Safety,"Menlo Park, CA; New York, NY",product_eng,staff_principal,0,1,0,buzz,187500,https://boards.greenhouse.io/robinhood/jobs/8079744?t=gh_src=&gh_jid=8079744
2026-07-28,HOOD,Robinhood,Staff Quality Engineer  ,ENG Technical Assurance,"Menlo Park, CA",product_eng,staff_principal,0,5,1,application|buzz,174500,https://boards.greenhouse.io/robinhood/jobs/8082056?t=gh_src=&gh_jid=8082056
2026-07-28,HOOD,Robinhood,"Staff Security Engineer, Detection & Response",Security Division,"Bellevue, WA; Menlo Park, CA",product_eng,staff_principal,0,7,1,application|buzz,212000,https://boards.greenhouse.io/robinhood/jobs/7939818?t=gh_src=&gh_jid=7939818
2026-07-28,HOOD,Robinhood,"Staff Software Engineer, Security",Security Division,"Bellevue, WA",product_eng,staff_principal,0,2,0,buzz,225000,https://boards.greenhouse.io/robinhood/jobs/7819461?t=gh_src=&gh_jid=7819461
2026-07-28,HOOD,Robinhood,"Staff Software Engineer, Storage Platform",ENG Infrastructure,"Bellevue, WA",product_eng,staff_principal,0,0,0,,225000,https://boards.greenhouse.io/robinhood/jobs/8044227?t=gh_src=&gh_jid=8044227
2026-07-28,HOOD,Robinhood,"Staff Software Engineer, Trade PMR",TradePMR Engineering Division,"New York, NY",product_eng,staff_principal,0,0,0,,225000,https://boards.greenhouse.io/robinhood/jobs/7684760?t=gh_src=&gh_jid=7684760
2026-07-28,HOOD,Robinhood,"Staff Software Engineer, Web3",Crypto Engineering,"Toronto, Canada",product_eng,staff_principal,0,2,0,buzz,217500,https://boards.greenhouse.io/robinhood/jobs/7489952?t=gh_src=&gh_jid=7489952
2026-07-28,HOOD,Robinhood,"Staff Software Engineer, Web3",Crypto Engineering,"Menlo Park, CA; New York, NY",product_eng,staff_principal,0,1,0,buzz,225000,https://boards.greenhouse.io/robinhood/jobs/7489950?t=gh_src=&gh_jid=7489950
2026-07-28,HOOD,Robinhood,"Staff Web Engineer, Legend",Brokerage Engineering,"Menlo Park, CA; New York, NY",product_eng,staff_principal,0,0,0,,225000,https://boards.greenhouse.io/robinhood/jobs/8003233?t=gh_src=&gh_jid=8003233
2026-07-28,HOOD,Robinhood,Tax Operations Manager,Tax,"Menlo Park, CA; New York, NY",nontech,mid,0,1,0,buzz,137500,https://boards.greenhouse.io/robinhood/jobs/8042449?t=gh_src=&gh_jid=8042449
2026-07-28,HOOD,Robinhood,"Technical Accounting Manager, New Product",Accounting,"Menlo Park, CA; New York, NY",nontech,mid,0,0,0,,145500,https://boards.greenhouse.io/robinhood/jobs/8076097?t=gh_src=&gh_jid=8076097
2026-07-28,HOOD,Robinhood,"Visual Designer, Product Creative",Brokerage Design,"Bellevue, WA; Menlo Park, CA; New York, NY",product_eng,mid,0,2,0,buzz,187500,https://boards.greenhouse.io/robinhood/jobs/7868994?t=gh_src=&gh_jid=7868994
2026-07-28,IOT,Samsara,Account Development Representative - BeNeLux,Account Development Representative,Remote - Netherlands,other,mid,0,0,0,,,https://www.samsara.com/company/careers/roles/7617960?gh_jid=7617960
2026-07-28,IOT,Samsara,Account Development Representative - DACH,Account Development Representative,Remote - Germany,other,mid,0,0,0,,,https://www.samsara.com/company/careers/roles/7618026?gh_jid=7618026
2026-07-28,IOT,Samsara,Account Development Representative - UK,Account Development Representative,"London, England, United Kingdom",other,mid,0,0,0,,,https://www.samsara.com/company/careers/roles/7614550?gh_jid=7614550
2026-07-28,IOT,Samsara,"Account Executive, Commercial",US Commercial AE1,"Atlanta, GA",demand_validated,mid,0,0,0,,128775,https://www.samsara.com/company/careers/roles/6605601?gh_jid=6605601
2026-07-28,IOT,Samsara,"Account Executive, Commercial",US Commercial AE1,"Boston, MA",demand_validated,mid,0,0,0,,128775,https://www.samsara.com/company/careers/roles/6605604?gh_jid=6605604
2026-07-28,IOT,Samsara,"Account Executive, Commercial",US Commercial AE1,Remote - US,demand_validated,mid,0,0,0,,128775,https://www.samsara.com/company/careers/roles/6605599?gh_jid=6605599
2026-07-28,IOT,Samsara,"Account Executive, Commercial",US Commercial AE1,"Salt Lake City, UT",demand_validated,mid,0,0,0,,113625,https://www.samsara.com/company/careers/roles/7612445?gh_jid=7612445
2026-07-28,IOT,Samsara,"Account Executive, Commercial",US Commercial AE1,Remote - US,demand_validated,mid,0,0,0,,128775,https://www.samsara.com/company/careers/roles/7612441?gh_jid=7612441
2026-07-28,IOT,Samsara,"Account Executive, Commercial",US Commercial AE1,"San Diego, CA",demand_validated,mid,0,0,0,,113625,https://www.samsara.com/company/careers/roles/7612446?gh_jid=7612446
2026-07-28,IOT,Samsara,"Account Executive, Commercial",US Commercial AE1,"Seattle, WA",demand_validated,mid,0,0,0,,113625,https://www.samsara.com/company/careers/roles/7612447?gh_jid=7612447
2026-07-28,IOT,Samsara,"Account Executive, Commercial",US Commercial AE1,"Las Vegas, NV",demand_validated,mid,0,0,0,,128775,https://www.samsara.com/company/careers/roles/7612448?gh_jid=7612448
2026-07-28,IOT,Samsara,"Account Executive, Commercial",US Commercial AE1,"Phoenix, Arizona",demand_validated,mid,0,0,0,,128775,https://www.samsara.com/company/careers/roles/7612449?gh_jid=7612449
2026-07-28,IOT,Samsara,"Account Executive, Commercial",US Commercial AE1,"Portland, OR",demand_validated,mid,0,0,0,,128775,https://www.samsara.com/company/careers/roles/7612450?gh_jid=7612450
2026-07-28,IOT,Samsara,"Account Executive, Commercial",US Commercial AE1,"Columbus, OH",demand_validated,mid,0,0,0,,128775,https://www.samsara.com/company/careers/roles/6605602?gh_jid=6605602
2026-07-28,IOT,Samsara,"Account Executive, Commercial",US Commercial AE1,"Denver, CO",demand_validated,mid,0,0,0,,128775,https://www.samsara.com/company/careers/roles/7612443?gh_jid=7612443
2026-07-28,IOT,Samsara,"Account Executive, Commercial",US Commercial AE1,"Los Angeles, CA",demand_validated,mid,0,0,0,,128775,https://www.samsara.com/company/careers/roles/7612444?gh_jid=7612444
2026-07-28,IOT,Samsara,"Account Executive, Commercial - Mexico",Mexico,Remote - Mexico,demand_validated,mid,0,0,0,,,https://www.samsara.com/company/careers/roles/7516554?gh_jid=7516554
2026-07-28,IOT,Samsara,"Account Executive, Majors (Select) - UK&I",EU Sales,Remote - UK,demand_validated,mid,0,0,0,,,https://www.samsara.com/company/careers/roles/7266224?gh_jid=7266224
2026-07-28,IOT,Samsara,"Account Executive, Mid Market (Midwest)",US Mid Market AE2,Remote - US,demand_validated,mid,0,0,0,,145000,https://www.samsara.com/company/careers/roles/7609126?gh_jid=7609126
2026-07-28,IOT,Samsara,"Account Executive, Mid Market (Northeast)",US Mid Market AE2,Remote - US,demand_validated,mid,0,0,0,,145000,https://www.samsara.com/company/careers/roles/7609147?gh_jid=7609147
2026-07-28,IOT,Samsara,"Account Executive, Mid Market (Southeast)",US Mid Market AE2,Remote - US,demand_validated,mid,0,0,0,,145000,https://www.samsara.com/company/careers/roles/7609156?gh_jid=7609156
2026-07-28,IOT,Samsara,"Account Executive, Mid Market (TOLA)",US Mid Market AE2,Remote - US,demand_validated,mid,0,0,0,,145000,https://www.samsara.com/company/careers/roles/7608969?gh_jid=7608969
2026-07-28,IOT,Samsara,"Account Executive, Mid Market (West)",US Mid Market AE2,Remote - US,demand_validated,mid,0,0,0,,145000,https://www.samsara.com/company/careers/roles/7609057?gh_jid=7609057
2026-07-28,IOT,Samsara,Account Validation Specialist - MX,Account Development Representative,Mexico,other,mid,0,2,0,buzz,,https://www.samsara.com/company/careers/roles/7967689?gh_jid=7967689
2026-07-28,IOT,Samsara,AI Engineer,Business Systems,Remote - US,product_eng,mid,1,28,1,application|buzz,136372,https://www.samsara.com/company/careers/roles/7491153?gh_jid=7491153
2026-07-28,IOT,Samsara,AI Engineer,Business Systems,Remote - Canada,product_eng,mid,1,28,1,application|buzz,119925,https://www.samsara.com/company/careers/roles/7589442?gh_jid=7589442
2026-07-28,IOT,Samsara,"Applied AI Specialist, Commercial Customer Success",Customer Success,Remote - US,demand_validated,mid,1,10,1,application|buzz,133055,https://www.samsara.com/company/careers/roles/8024110?gh_jid=8024110
2026-07-28,IOT,Samsara,"Associate Sales Engineer, UK&I ",Sales Engineering,"London, England, United Kingdom; Remote - UK",demand_validated,mid,0,3,0,buzz|general_medium,,https://www.samsara.com/company/careers/roles/8083447?gh_jid=8083447
2026-07-28,IOT,Samsara,Bilingual Customer Support Specialist,Support,Remote - US,nontech,mid,0,0,0,,50918,https://www.samsara.com/company/careers/roles/8079873?gh_jid=8079873
2026-07-28,IOT,Samsara,"Business Operations Manager, Technical Support Ops",Support,Remote - US,nontech,mid,0,1,0,buzz,134176,https://www.samsara.com/company/careers/roles/7761103?gh_jid=7761103
2026-07-28,IOT,Samsara,"Business Operations Manager, Technical Support Ops",Support,Remote - Toronto,nontech,mid,0,1,0,buzz,123025,https://www.samsara.com/company/careers/roles/7852547?gh_jid=7852547
2026-07-28,IOT,Samsara,Business Technology Engineer II,Information Technology,Remote - US,product_eng,mid,0,2,0,buzz,139562,https://www.samsara.com/company/careers/roles/8022729?gh_jid=8022729
2026-07-28,IOT,Samsara,Business Technology Engineer II,Information Technology,Remote - Canada,product_eng,mid,0,2,0,buzz,116512,https://www.samsara.com/company/careers/roles/8031880?gh_jid=8031880
2026-07-28,IOT,Samsara,Commercial Account Executive ,Canada,"Toronto, Canada",demand_validated,mid,0,0,0,,147525,https://www.samsara.com/company/careers/roles/7612495?gh_jid=7612495
2026-07-28,IOT,Samsara,Commercial Account Executive ,Canada,"Vancouver, Canada",demand_validated,mid,0,0,0,,147525,https://www.samsara.com/company/careers/roles/7612496?gh_jid=7612496
2026-07-28,IOT,Samsara,Commercial Account Executive ,Canada,Remote - Toronto,demand_validated,mid,0,0,0,,147525,https://www.samsara.com/company/careers/roles/7612493?gh_jid=7612493
2026-07-28,IOT,Samsara,Commercial Account Executive ,Canada,"Québec City, Québec",demand_validated,mid,0,0,0,,147525,https://www.samsara.com/company/careers/roles/7612499?gh_jid=7612499
2026-07-28,IOT,Samsara,Commercial Account Executive ,Canada,"Montreal, Québec",demand_validated,mid,0,0,0,,147525,https://www.samsara.com/company/careers/roles/7612498?gh_jid=7612498
2026-07-28,IOT,Samsara,Commercial Account Executive ,Canada,"Calgary, Canada",demand_validated,mid,0,0,0,,147525,https://www.samsara.com/company/careers/roles/7612497?gh_jid=7612497
2026-07-28,IOT,Samsara,Customer Success Manager,Customer Success,Remote - Canada,demand_validated,mid,0,0,0,,89944,https://www.samsara.com/company/careers/roles/8029097?gh_jid=8029097
2026-07-28,IOT,Samsara,Customer Success Manager - Canada,Customer Success,Remote - Toronto,demand_validated,mid,0,0,0,,99938,https://www.samsara.com/company/careers/roles/7646124?gh_jid=7646124
2026-07-28,IOT,Samsara,Customer Success Manager III,Customer Success,Remote - US,demand_validated,mid,0,1,0,buzz,114739,https://www.samsara.com/company/careers/roles/8013860?gh_jid=8013860
2026-07-28,IOT,Samsara,Customer Success Manager V,Customer Success,Remote - CA,demand_validated,mid,0,0,0,,158171,https://www.samsara.com/company/careers/roles/7487346?gh_jid=7487346
2026-07-28,IOT,Samsara,Data Annotator,Safety Review,Bengaluru - BLR1,other,mid,0,0,0,,,https://www.samsara.com/company/careers/roles/7543969?gh_jid=7543969
2026-07-28,IOT,Samsara,"Director, Enablement - Skills and Leadership Excellence",Revenue Operations,Remote - US,nontech,director,0,1,0,buzz,155040,https://www.samsara.com/company/careers/roles/8041418?gh_jid=8041418
2026-07-28,IOT,Samsara,"Director, Field Onboarding",Revenue Operations,Remote - US,other,director,0,0,0,,158340,https://www.samsara.com/company/careers/roles/7283904?gh_jid=7283904
2026-07-28,IOT,Samsara,"Director, Field Sales Engineering",Sales Engineering,Remote - US,demand_validated,director,0,0,0,,215145,https://www.samsara.com/company/careers/roles/7695309?gh_jid=7695309
2026-07-28,IOT,Samsara,"Director, Global Service Partnerships",Customer Success,Remote - US,other,director,0,0,0,,184080,https://www.samsara.com/company/careers/roles/7530460?gh_jid=7530460
2026-07-28,IOT,Samsara,"Director, GTM Business Operations",Sales Business Operations,Remote - US,nontech,director,0,1,0,buzz,207090,https://www.samsara.com/company/careers/roles/7974118?gh_jid=7974118
2026-07-28,IOT,Samsara,"Director, GTM Data Governance & Strategy",Revenue Operations,Remote - US,other,director,0,0,0,,207090,https://www.samsara.com/company/careers/roles/7847218?gh_jid=7847218
2026-07-28,IOT,Samsara,"Director, Marketing - Mexico",Growth Marketing,Mexico,nontech,director,0,0,0,,1396000,https://www.samsara.com/company/careers/roles/8069516?gh_jid=8069516
2026-07-28,IOT,Samsara,"Director, Mid-Market Sales - Canada",Canada,Remote - Canada,nontech,director,0,0,0,,375100,https://www.samsara.com/company/careers/roles/7547204?gh_jid=7547204
2026-07-28,IOT,Samsara,"Director, Product Design",Product Design,San Francisco - SF9,other,director,0,0,0,,265050,https://www.samsara.com/company/careers/roles/7839138?gh_jid=7839138
2026-07-28,IOT,Samsara,"Director, Revenue Enablement EMEA",Revenue Operations,"London, England, United Kingdom",nontech,director,0,1,0,buzz,,https://www.samsara.com/company/careers/roles/7791232?gh_jid=7791232
2026-07-28,IOT,Samsara,"Director, Sales Finance",Deal Desk,Remote - US,nontech,director,0,1,0,buzz,187980,https://www.samsara.com/company/careers/roles/7980594?gh_jid=7980594
2026-07-28,IOT,Samsara,Enablement Business Partner – Customer Success,Revenue Operations,Remote - US,demand_validated,mid,0,0,0,,112646,https://www.samsara.com/company/careers/roles/7640343?gh_jid=7640343
2026-07-28,IOT,Samsara,Engagement Services Manager,Customer Success,Remote - US,other,mid,0,0,0,,127414,https://www.samsara.com/company/careers/roles/8064909?gh_jid=8064909
2026-07-28,IOT,Samsara,Engineering Manager II,Hardware Engineering,Remote - CA,product_eng,mid,0,1,0,buzz,207350,https://www.samsara.com/company/careers/roles/7801077?gh_jid=7801077
2026-07-28,IOT,Samsara,Enterprise Account Executive,US Enterprise Sales,San Francisco - SF9,demand_validated,mid,0,0,0,,425000,https://www.samsara.com/company/careers/roles/8042135?gh_jid=8042135
2026-07-28,IOT,Samsara,Enterprise Account Executive-Major Accounts,Canada,Remote - Canada,demand_validated,mid,0,0,0,,396000,https://www.samsara.com/company/careers/roles/7818512?gh_jid=7818512
2026-07-28,IOT,Samsara,Enterprise Account Executive-Major Accounts,Canada,Remote - Calgary,demand_validated,mid,0,0,0,,396000,https://www.samsara.com/company/careers/roles/8046302?gh_jid=8046302
2026-07-28,IOT,Samsara,Enterprise Account Executive-Major Accounts,Canada,Remote - Vancouver,demand_validated,mid,0,0,0,,396000,https://www.samsara.com/company/careers/roles/8046296?gh_jid=8046296
2026-07-28,IOT,Samsara,Enterprise Account Executive-Major Accounts,Canada,Remote - Toronto,demand_validated,mid,0,0,0,,396000,https://www.samsara.com/company/careers/roles/7613076?gh_jid=7613076
2026-07-28,IOT,Samsara,"Enterprise Account Executive - Public Sector, West",US Public Sector,Remote - SF Bay Area,demand_validated,mid,0,0,0,,425000,https://www.samsara.com/company/careers/roles/7954575?gh_jid=7954575
2026-07-28,IOT,Samsara,Enterprise Core Account Executive - Public Sector,US Public Sector,Remote - US,demand_validated,mid,0,0,0,,361200,https://www.samsara.com/company/careers/roles/7423809?gh_jid=7423809
2026-07-28,IOT,Samsara,"Enterprise Core Account Executive, UK",EU Sales,London - UK2,demand_validated,mid,0,0,0,,300000,https://www.samsara.com/company/careers/roles/7759354?gh_jid=7759354
2026-07-28,IOT,Samsara,Enterprise Core Customer Success Manager,Customer Success,Remote - GA,demand_validated,mid,0,0,0,,114739,https://www.samsara.com/company/careers/roles/8001822?gh_jid=8001822
2026-07-28,IOT,Samsara,Enterprise Core Implementation Consultant,Customer Success,Remote - US,demand_validated,mid,0,0,0,,111784,https://www.samsara.com/company/careers/roles/8079982?gh_jid=8079982
2026-07-28,IOT,Samsara,Enterprise Core Sales Engineer,Sales Engineering,Remote - US,demand_validated,mid,0,0,0,,153238,https://www.samsara.com/company/careers/roles/7985044?gh_jid=7985044
2026-07-28,IOT,Samsara,Enterprise Core Sales Engineer - Midwest,Sales Engineering,Remote - US,demand_validated,mid,0,0,0,,153238,https://www.samsara.com/company/careers/roles/7848518?gh_jid=7848518
2026-07-28,IOT,Samsara,Enterprise Core Sales Engineer - Northeast,Sales Engineering,Remote - US,demand_validated,mid,0,0,0,,153238,https://www.samsara.com/company/careers/roles/7848486?gh_jid=7848486
2026-07-28,IOT,Samsara,Enterprise Core Sales Engineer - Southeast,Sales Engineering,Remote - US,demand_validated,mid,0,0,0,,153238,https://www.samsara.com/company/careers/roles/7848497?gh_jid=7848497
2026-07-28,IOT,Samsara,Enterprise Core Sales Engineer - TOLA,Sales Engineering,Remote - US,demand_validated,mid,0,0,0,,153238,https://www.samsara.com/company/careers/roles/7848501?gh_jid=7848501
2026-07-28,IOT,Samsara,Enterprise Core Sales Engineer - West,Sales Engineering,Remote - US,demand_validated,mid,0,0,0,,153238,https://www.samsara.com/company/careers/roles/7848529?gh_jid=7848529
2026-07-28,IOT,Samsara,Enterprise Customer Success Manager,Customer Success,Remote - US,demand_validated,mid,0,0,0,,114739,https://www.samsara.com/company/careers/roles/7482459?gh_jid=7482459
2026-07-28,IOT,Samsara,Enterprise Customer Success Manager,Customer Success,Remote - IL,demand_validated,mid,0,0,0,,114739,https://www.samsara.com/company/careers/roles/7625030?gh_jid=7625030
2026-07-28,IOT,Samsara,Enterprise Customer Success Manager - Public Sector,Customer Success,Remote - US,demand_validated,mid,0,0,0,,114739,https://www.samsara.com/company/careers/roles/7481333?gh_jid=7481333
2026-07-28,IOT,Samsara,Enterprise Implementation Consultant,Customer Success,Remote - US,demand_validated,mid,0,0,0,,111784,https://www.samsara.com/company/careers/roles/7852948?gh_jid=7852948
2026-07-28,IOT,Samsara,Enterprise Implementation Consultant,Customer Success,Remote - US,demand_validated,mid,0,0,0,,111785,https://www.samsara.com/company/careers/roles/7742566?gh_jid=7742566
2026-07-28,IOT,Samsara,Enterprise Implementation Consultant,Customer Success,Remote - Mexico,demand_validated,mid,0,0,0,,,https://www.samsara.com/company/careers/roles/8046973?gh_jid=8046973
2026-07-28,IOT,Samsara,Enterprise Implementation Consultant,Customer Success,Remote - US,demand_validated,mid,0,0,0,,104308,https://www.samsara.com/company/careers/roles/8068287?gh_jid=8068287
2026-07-28,IOT,Samsara,Enterprise Implementation Consultant,Customer Success,Remote - UK,demand_validated,mid,0,1,0,buzz,,https://www.samsara.com/company/careers/roles/8074109?gh_jid=8074109
2026-07-28,IOT,Samsara,Enterprise Implementation Consultant - Public Sector,Customer Success,Remote - US,demand_validated,mid,0,0,0,,104308,https://www.samsara.com/company/careers/roles/7826401?gh_jid=7826401
2026-07-28,IOT,Samsara,Enterprise Sales Engineer - Toronto,Sales Engineering,Remote - Toronto,demand_validated,mid,0,3,0,buzz|general_medium,239112,https://www.samsara.com/company/careers/roles/7818569?gh_jid=7818569
2026-07-28,IOT,Samsara,Enterprise Select Implementation Consultant,Customer Success,Remote - US,demand_validated,mid,0,0,0,,127415,https://www.samsara.com/company/careers/roles/8001262?gh_jid=8001262
2026-07-28,IOT,Samsara,Especialista en Instalación de Sistemas Vehiculares,Customer Success,Remote - Mexico,other,mid,0,1,0,buzz,,https://www.samsara.com/company/careers/roles/8073243?gh_jid=8073243
2026-07-28,IOT,Samsara,Especialista en Instalación de Sistemas Vehiculares,Customer Success,Remote - Mexico,other,mid,0,1,0,buzz,,https://www.samsara.com/company/careers/roles/8073242?gh_jid=8073242
2026-07-28,IOT,Samsara,Especialista en Instalación de Sistemas Vehiculares,Customer Success,Remote - Mexico,other,mid,0,1,0,buzz,,https://www.samsara.com/company/careers/roles/8073244?gh_jid=8073244
2026-07-28,IOT,Samsara,Especialista en Sistemas Telemáticos,Customer Success,Remote - Mexico,other,mid,0,1,0,buzz,,https://www.samsara.com/company/careers/roles/8073240?gh_jid=8073240
2026-07-28,IOT,Samsara,Especialista en Sistemas Telemáticos,Customer Success,Remote - Mexico,other,mid,0,1,0,buzz,,https://www.samsara.com/company/careers/roles/8073236?gh_jid=8073236
2026-07-28,IOT,Samsara,Especialista en Sistemas Telemáticos,Customer Success,Remote - Mexico,other,mid,0,1,0,buzz,,https://www.samsara.com/company/careers/roles/8073241?gh_jid=8073241
2026-07-28,IOT,Samsara,Field Sales Engineer - Public Sector - US West,Sales Engineering,Remote - US,demand_validated,mid,0,0,0,,198050,https://www.samsara.com/company/careers/roles/8068209?gh_jid=8068209
2026-07-28,IOT,Samsara,Field Service Engineer (Automotive),Customer Success,Remote - Mexico,product_eng,mid,0,1,0,buzz,,https://www.samsara.com/company/careers/roles/8073247?gh_jid=8073247
2026-07-28,IOT,Samsara,Field Service Engineer (Automotive),Customer Success,Remote - Mexico,product_eng,mid,0,1,0,buzz,,https://www.samsara.com/company/careers/roles/8073245?gh_jid=8073245
2026-07-28,IOT,Samsara,Field Service Engineer (Automotive),Customer Success,Remote - Mexico,product_eng,mid,0,1,0,buzz,,https://www.samsara.com/company/careers/roles/8073246?gh_jid=8073246
2026-07-28,IOT,Samsara,Full-Stack Engineering Manager,Business Systems,Remote - India,product_eng,mid,0,10,1,application|buzz,,https://www.samsara.com/company/careers/roles/8020028?gh_jid=8020028
2026-07-28,IOT,Samsara,Global Operations Rotation Program,Supply Chain,Remote - CA,nontech,mid,0,1,0,buzz,100165,https://www.samsara.com/company/careers/roles/7741190?gh_jid=7741190
2026-07-28,IOT,Samsara,GTM Business Operations Manager,Sales Business Operations,Remote - Houston,nontech,mid,0,1,0,buzz,134176,https://www.samsara.com/company/careers/roles/7942733?gh_jid=7942733
2026-07-28,IOT,Samsara,GTM Contract Recruiter,Recruiting,Remote - US,nontech,mid,0,0,0,,104949,https://www.samsara.com/company/careers/roles/7377416?gh_jid=7377416
2026-07-28,IOT,Samsara,GTM Sourcer,Recruiting,Remote - UK,other,mid,0,0,0,,,https://www.samsara.com/company/careers/roles/7646081?gh_jid=7646081
2026-07-28,IOT,Samsara,GTM Sourcer,Recruiting,"London, England, United Kingdom",other,mid,0,0,0,,,https://www.samsara.com/company/careers/roles/7646085?gh_jid=7646085
2026-07-28,IOT,Samsara,Head of GTM AI and Engineering,Executive,Remote - US,product_eng,exec,1,11,1,application|buzz,273000,https://www.samsara.com/company/careers/roles/8052310?gh_jid=8052310
2026-07-28,IOT,Samsara,Implementation Consultant,Customer Success,Remote - Mexico,demand_validated,mid,0,0,0,,,https://www.samsara.com/company/careers/roles/7960358?gh_jid=7960358
2026-07-28,IOT,Samsara,Implementation Consultant ,Customer Success,Remote - UK,demand_validated,mid,0,1,0,buzz,,https://www.samsara.com/company/careers/roles/7961276?gh_jid=7961276
2026-07-28,IOT,Samsara,Implementation Consultant ,Customer Success,Remote - Germany,demand_validated,mid,0,1,0,buzz,,https://www.samsara.com/company/careers/roles/8088205?gh_jid=8088205
2026-07-28,IOT,Samsara,"Inside Sales Manager, Account Development",Account Development Representative,"London, England, United Kingdom",nontech,mid,0,0,0,,,https://www.samsara.com/company/careers/roles/7966557?gh_jid=7966557
2026-07-28,IOT,Samsara,Installation Manager,Customer Success,London - UK2,other,mid,0,1,0,buzz,,https://www.samsara.com/company/careers/roles/8002357?gh_jid=8002357
2026-07-28,IOT,Samsara,Installation Specialist,Customer Success,Remote - Mexico,other,mid,0,1,0,buzz,,https://www.samsara.com/company/careers/roles/7950569?gh_jid=7950569
2026-07-28,IOT,Samsara,Installation Specialist,Customer Success,Remote - US,other,mid,0,1,0,buzz,104320,https://www.samsara.com/company/careers/roles/7266206?gh_jid=7266206
2026-07-28,IOT,Samsara,Lead Machine Learning Engineer - ML Infrastructure,Safety AI,Remote - Canada,product_eng,senior,1,14,1,application|buzz|data_ml_ops|general_medium|model_infra,232750,https://www.samsara.com/company/careers/roles/7746586?gh_jid=7746586
2026-07-28,IOT,Samsara,Lead Machine Learning Engineer - ML Infrastructure ,Safety AI,Remote - US,product_eng,senior,1,14,1,application|buzz|data_ml_ops|general_medium|model_infra,278850,https://www.samsara.com/company/careers/roles/7721193?gh_jid=7721193
2026-07-28,IOT,Samsara,Lead Video Producer,Corporate Marketing,San Francisco - SF9,other,senior,0,1,0,buzz,164650,https://www.samsara.com/company/careers/roles/7939301?gh_jid=7939301
2026-07-28,IOT,Samsara,Litigation and E-Discovery Counsel,Legal,Remote - US,nontech,mid,0,1,0,buzz,139849,https://www.samsara.com/company/careers/roles/8008896?gh_jid=8008896
2026-07-28,IOT,Samsara,"Manager, Consulting Services",Customer Success,Remote - US,other,mid,0,0,0,,118892,https://www.samsara.com/company/careers/roles/7992188?gh_jid=7992188
2026-07-28,IOT,Samsara,"Manager, Enterprise Core Sales Engineering",Sales Engineering,Remote - US,demand_validated,mid,0,0,0,,183138,https://www.samsara.com/company/careers/roles/8053767?gh_jid=8053767
2026-07-28,IOT,Samsara,"Manager, Enterprise Customer Success - Select",Customer Success,Remote - US,demand_validated,mid,0,0,0,,147591,https://www.samsara.com/company/careers/roles/7702368?gh_jid=7702368
2026-07-28,IOT,Samsara,"Manager I, Customer Success",Customer Success,Remote - Mexico,demand_validated,mid,0,0,0,,,https://www.samsara.com/company/careers/roles/7743690?gh_jid=7743690
2026-07-28,IOT,Samsara,"Manager II, Customer Success",Customer Success,Remote - US,demand_validated,mid,0,2,0,buzz,130781,https://www.samsara.com/company/careers/roles/7487344?gh_jid=7487344
2026-07-28,IOT,Samsara,Manager II - IT  Automation Engineer,Information Technology,Bengaluru - BLR1,product_eng,mid,0,1,0,buzz,,https://www.samsara.com/company/careers/roles/7867789?gh_jid=7867789
2026-07-28,IOT,Samsara,"Manager, Implementation - Public Sector Customer Success",Customer Success,Remote - US,demand_validated,mid,0,1,0,buzz,128340,https://www.samsara.com/company/careers/roles/7759850?gh_jid=7759850
2026-07-28,IOT,Samsara,"Manager, Operations Program Management",Global Ops Engineering,Remote - US,nontech,mid,0,0,0,,168272,https://www.samsara.com/company/careers/roles/7558150?gh_jid=7558150
2026-07-28,IOT,Samsara,"Manager, Resident Consultants",Customer Success,Remote - US,other,mid,0,0,0,,118892,https://www.samsara.com/company/careers/roles/7852950?gh_jid=7852950
2026-07-28,IOT,Samsara,"Manager, Sales Enablement - Learning Design",Revenue Operations,Remote - US,nontech,mid,0,1,0,buzz,112646,https://www.samsara.com/company/careers/roles/8041422?gh_jid=8041422
2026-07-28,IOT,Samsara,"Manager, SMB Sales",US Commercial AE1,Remote - Canada; Remote - Toronto,nontech,mid,0,0,0,,228150,https://www.samsara.com/company/careers/roles/8028300?gh_jid=8028300
2026-07-28,IOT,Samsara,"Manager, Strategic Services",Customer Success,Remote - US,other,mid,0,0,0,,118892,https://www.samsara.com/company/careers/roles/7992189?gh_jid=7992189
2026-07-28,IOT,Samsara,"Manager, Technical Program Management",Revenue Operations,Remote - US,other,mid,0,1,0,buzz,119621,https://www.samsara.com/company/careers/roles/8008386?gh_jid=8008386
2026-07-28,IOT,Samsara,Mexico Major AE,Mexico,Remote - Mexico,other,mid,0,0,0,,500000,https://www.samsara.com/company/careers/roles/7618041?gh_jid=7618041
2026-07-28,IOT,Samsara,Mid-Market Account Executive - Canada,Canada,Remote - Vancouver,demand_validated,mid,0,0,0,,144875,https://www.samsara.com/company/careers/roles/7612505?gh_jid=7612505
2026-07-28,IOT,Samsara,Mid-Market Account Executive - Canada,Canada,Remote - Toronto,demand_validated,mid,0,0,0,,144875,https://www.samsara.com/company/careers/roles/7612504?gh_jid=7612504
2026-07-28,IOT,Samsara,Mid-Market Account Executive - Canada,Canada,Remote - Canada,demand_validated,mid,0,0,0,,144875,https://www.samsara.com/company/careers/roles/7612507?gh_jid=7612507
2026-07-28,IOT,Samsara,Mid-Market Account Executive - Canada,Canada,Remote - Calgary,demand_validated,mid,0,0,0,,144875,https://www.samsara.com/company/careers/roles/7612506?gh_jid=7612506
2026-07-28,IOT,Samsara,Mid Market Account Executive - DACH,EU Sales,"London, England, United Kingdom; Remote - Germany",demand_validated,mid,0,0,0,,,https://www.samsara.com/company/careers/roles/7266176?gh_jid=7266176
2026-07-28,IOT,Samsara,Mid-Market Account Executive - France,EU Sales,Remote - France,demand_validated,mid,0,0,0,,,https://www.samsara.com/company/careers/roles/7571463?gh_jid=7571463
2026-07-28,IOT,Samsara,Mid-Market Account Executive -  French Fluent,Canada,Remote - Montreal,demand_validated,mid,0,0,0,,144875,https://www.samsara.com/company/careers/roles/7926750?gh_jid=7926750
2026-07-28,IOT,Samsara,Mid-Market Account Executive - Mexico,Mexico,Remote - Mexico,demand_validated,mid,0,0,0,,100000,https://www.samsara.com/company/careers/roles/5868615?gh_jid=5868615
2026-07-28,IOT,Samsara,Mid-Market Account Executive - Public Sector,US Public Sector,Remote - CA,demand_validated,mid,0,0,0,,201000,https://www.samsara.com/company/careers/roles/7651583?gh_jid=7651583
2026-07-28,IOT,Samsara,Mid-Market Account Executive - Public Sector,US Public Sector,Remote - US,demand_validated,mid,0,0,0,,201000,https://www.samsara.com/company/careers/roles/7612559?gh_jid=7612559
2026-07-28,IOT,Samsara,Mid-Market Account Executive - Public Sector,US Public Sector,Remote - Chicago,demand_validated,mid,0,0,0,,201000,https://www.samsara.com/company/careers/roles/7651562?gh_jid=7651562
2026-07-28,IOT,Samsara,Mid-Market Account Executive - Public Sector,US Public Sector,Remote - SF Bay Area,demand_validated,mid,0,0,0,,201000,https://www.samsara.com/company/careers/roles/7651569?gh_jid=7651569
2026-07-28,IOT,Samsara,Mid-Market Account Executive - Public Sector,US Public Sector,Remote - CA,demand_validated,mid,0,0,0,,201000,https://www.samsara.com/company/careers/roles/7651574?gh_jid=7651574
2026-07-28,IOT,Samsara,Mid-Market Account Executive - Public Sector,US Public Sector,Remote - NE,demand_validated,mid,0,0,0,,201000,https://www.samsara.com/company/careers/roles/7651593?gh_jid=7651593
2026-07-28,IOT,Samsara,Mid-Market Account Executive - Public Sector,US Public Sector,Remote - IN,demand_validated,mid,0,0,0,,201000,https://www.samsara.com/company/careers/roles/7651589?gh_jid=7651589
2026-07-28,IOT,Samsara,Mid-Market Account Executive - UK&I,EU Sales,"London - UK2; London, England, United Kingdom",demand_validated,mid,0,0,0,,,https://www.samsara.com/company/careers/roles/7613161?gh_jid=7613161
2026-07-28,IOT,Samsara,Partner Operations Analyst,Partner Sales,Remote - US,nontech,mid,0,0,0,,111378,https://www.samsara.com/company/careers/roles/8010288?gh_jid=8010288
2026-07-28,IOT,Samsara,Partner Sales Engineer,Sales Engineering,London - UK2; Remote - UK,demand_validated,mid,0,0,0,,,https://www.samsara.com/company/careers/roles/7858119?gh_jid=7858119
2026-07-28,IOT,Samsara,Payroll Manager - EMEA,Payroll and Equity,London - UK2,nontech,mid,0,1,0,buzz,,https://www.samsara.com/company/careers/roles/8052199?gh_jid=8052199
2026-07-28,IOT,Samsara,People Analytics AI Engineer,People Experience,Remote - Seattle,product_eng,mid,1,19,1,application|buzz|data_ml_ops|model_infra,183885,https://www.samsara.com/company/careers/roles/7858719?gh_jid=7858719
2026-07-28,IOT,Samsara,People Operations Specialist II,People Experience,Remote - US,nontech,mid,0,1,0,buzz,92663,https://www.samsara.com/company/careers/roles/8068005?gh_jid=8068005
2026-07-28,IOT,Samsara,Pre-Sales Services Consultant (Engagement Services Manager),Customer Success,Remote - US,demand_validated,mid,0,0,0,,127414,https://www.samsara.com/company/careers/roles/8070083?gh_jid=8070083
2026-07-28,IOT,Samsara,Pricing and Revenue Planner,Planning,Remote - Dallas,other,mid,0,0,0,,126540,https://www.samsara.com/company/careers/roles/7892020?gh_jid=7892020
2026-07-28,IOT,Samsara,Principal Business Technology Product Manager,Business Systems,Remote - TX,product_eng,staff_principal,0,4,1,application|buzz,153799,https://www.samsara.com/company/careers/roles/8060732?gh_jid=8060732
2026-07-28,IOT,Samsara,Principal Product Manager,STCE & Maintenance,Remote - SF Bay Area,product_eng,staff_principal,0,1,0,buzz,191100,https://www.samsara.com/company/careers/roles/7604461?gh_jid=7604461
2026-07-28,IOT,Samsara,Product Manager - Revenue Tools,Revenue Operations,Remote - US,product_eng,mid,0,1,0,buzz,146136,https://www.samsara.com/company/careers/roles/7750279?gh_jid=7750279
2026-07-28,IOT,Samsara,Product Operations Manager,R&D Ops,Remote - Canada; Remote - US,nontech,mid,0,1,0,buzz,143151,https://www.samsara.com/company/careers/roles/7729297?gh_jid=7729297
2026-07-28,IOT,Samsara,Product Support Engineer,Engineering Support,Remote - US,product_eng,mid,0,0,0,,113246,https://www.samsara.com/company/careers/roles/8016952?gh_jid=8016952
2026-07-28,IOT,Samsara,Product Support Engineer,Engineering Support,Remote - Canada,product_eng,mid,0,0,0,,116025,https://www.samsara.com/company/careers/roles/8060689?gh_jid=8060689
2026-07-28,IOT,Samsara,Product Support Engineer,Engineering Support,Bengaluru - BLR1,product_eng,mid,0,0,0,,,https://www.samsara.com/company/careers/roles/7782002?gh_jid=7782002
2026-07-28,IOT,Samsara,Product Support Engineer III,Engineering Support,Bengaluru - BLR1,product_eng,mid,0,0,0,,,https://www.samsara.com/company/careers/roles/7960367?gh_jid=7960367
2026-07-28,IOT,Samsara,"Public Policy and Government Affairs Manager, State/Local",Policy,Remote - US,other,mid,0,1,0,buzz,113994,https://www.samsara.com/company/careers/roles/7989914?gh_jid=7989914
2026-07-28,IOT,Samsara,Public Sector Major Account Executive,US Public Sector,Remote - MN; Remote - NE,demand_validated,mid,0,0,0,,275000,https://www.samsara.com/company/careers/roles/7612978?gh_jid=7612978
2026-07-28,IOT,Samsara,Public Sector Major Account Executive,US Public Sector,Remote - OR,demand_validated,mid,0,0,0,,275000,https://www.samsara.com/company/careers/roles/7612984?gh_jid=7612984
2026-07-28,IOT,Samsara,"Regional Sales Director, Strategic Enterprise - UK",EU Sales,Remote - UK,nontech,director,0,0,0,,,https://www.samsara.com/company/careers/roles/7909004?gh_jid=7909004
2026-07-28,IOT,Samsara,Sales Contract Administrator,Revenue Operations,Remote - Mexico,nontech,mid,0,0,0,,,https://www.samsara.com/company/careers/roles/7911659?gh_jid=7911659
2026-07-28,IOT,Samsara," Sales Director, Product Specialists (Smart Trailers)",Product Specialists,Remote - MA,nontech,director,0,0,0,,420000,https://www.samsara.com/company/careers/roles/8026008?gh_jid=8026008
2026-07-28,IOT,Samsara,"Sales Director, Product Specialists (Smart Trailers)",Product Specialists,Remote - Dallas,nontech,director,0,0,0,,420000,https://www.samsara.com/company/careers/roles/8025991?gh_jid=8025991
2026-07-28,IOT,Samsara,"Sales Director, Product Specialists (Smart Trailers)",Product Specialists,Remote - NYC,nontech,director,0,0,0,,420000,https://www.samsara.com/company/careers/roles/8026009?gh_jid=8026009
2026-07-28,IOT,Samsara,"Sales Director, Product Specialists (Smart Trailers)",Product Specialists,"Atlanta, Georgia, United States",nontech,director,0,0,0,,420000,https://www.samsara.com/company/careers/roles/8025998?gh_jid=8025998
2026-07-28,IOT,Samsara,"Sales Director, Product Specialists (Smart Trailers)",Product Specialists,Remote - Chicago,nontech,director,0,0,0,,420000,https://www.samsara.com/company/careers/roles/8025995?gh_jid=8025995
2026-07-28,IOT,Samsara,"Sales Director, Product Specialists (Smart Trailers)",Product Specialists,Remote - Houston,nontech,director,0,0,0,,420000,https://www.samsara.com/company/careers/roles/8025992?gh_jid=8025992
2026-07-28,IOT,Samsara,"Sales Director, Product Specialists (Smart Trailers)",Product Specialists,Remote - US,nontech,director,0,0,0,,420000,https://www.samsara.com/company/careers/roles/7458517?gh_jid=7458517
2026-07-28,IOT,Samsara,"Sales Director, Product Specialists (Smart Trailers)",Product Specialists,Remote - Denver,nontech,director,0,0,0,,420000,https://www.samsara.com/company/careers/roles/8025989?gh_jid=8025989
2026-07-28,IOT,Samsara,"Sales Director, Product Specialists (Smart Trailers)",Product Specialists,Remote - LA,nontech,director,0,0,0,,420000,https://www.samsara.com/company/careers/roles/8025987?gh_jid=8025987
2026-07-28,IOT,Samsara,"Sales Director, Product Specialists (Smart Trailers)",Product Specialists,Remote - SF Bay Area,nontech,director,0,0,0,,420000,https://www.samsara.com/company/careers/roles/8025981?gh_jid=8025981
2026-07-28,IOT,Samsara,Sales Engineer 4 - Associate Specialist,Sales Engineering,Remote - US,demand_validated,mid,0,0,0,,120348,https://www.samsara.com/company/careers/roles/7717258?gh_jid=7717258
2026-07-28,IOT,Samsara,"Sales Engineer II, SE Desk (French Bilingual)",Sales Engineering,Remote - US,demand_validated,mid,0,0,0,,90675,https://www.samsara.com/company/careers/roles/7624120?gh_jid=7624120
2026-07-28,IOT,Samsara,"Sales Engineer II, SE Desk - Mid West",Sales Engineering,Remote - US,demand_validated,mid,0,3,0,buzz|general_medium,90675,https://www.samsara.com/company/careers/roles/7311761?gh_jid=7311761
2026-07-28,IOT,Samsara,"Sales Engineer II, SE Desk - Northeast",Sales Engineering,Remote - US,demand_validated,mid,0,3,0,buzz|general_medium,90675,https://www.samsara.com/company/careers/roles/7311741?gh_jid=7311741
2026-07-28,IOT,Samsara,"Sales Engineer II, SE Desk - Southeast",Sales Engineering,Remote - US,demand_validated,mid,0,3,0,buzz|general_medium,90675,https://www.samsara.com/company/careers/roles/7848351?gh_jid=7848351
2026-07-28,IOT,Samsara,"Sales Engineer II, SE Desk - TOLA",Sales Engineering,Remote - US,demand_validated,mid,0,3,0,buzz|general_medium,90675,https://www.samsara.com/company/careers/roles/7848363?gh_jid=7848363
2026-07-28,IOT,Samsara,Sales Engineer II - Specialist,Sales Engineering,Remote - NYC,demand_validated,mid,0,0,0,,215525,https://www.samsara.com/company/careers/roles/7341443?gh_jid=7341443
2026-07-28,IOT,Samsara,"Sales Engineer, Mid-Market Mexico",Sales Engineering,Remote - Mexico,demand_validated,mid,0,0,0,,,https://www.samsara.com/company/careers/roles/7946971?gh_jid=7946971
2026-07-28,IOT,Samsara,Sales Engineer - Mid-Market Midwest,Sales Engineering,Remote - US,demand_validated,mid,0,3,0,buzz|general_medium,120348,https://www.samsara.com/company/careers/roles/7187197?gh_jid=7187197
2026-07-28,IOT,Samsara,"Sales Engineer, Mid Market - Northeast",Sales Engineering,Remote - US,demand_validated,mid,0,3,0,buzz|general_medium,120348,https://www.samsara.com/company/careers/roles/7848428?gh_jid=7848428
2026-07-28,IOT,Samsara,"Sales Engineer, Mid Market - Public Sector",Sales Engineering,Remote - US,demand_validated,mid,0,3,0,buzz|general_medium,128800,https://www.samsara.com/company/careers/roles/8036863?gh_jid=8036863
2026-07-28,IOT,Samsara,Sales Engineer - Mid-Market Southeast,Sales Engineering,Remote - US,demand_validated,mid,0,3,0,buzz|general_medium,120348,https://www.samsara.com/company/careers/roles/7187159?gh_jid=7187159
2026-07-28,IOT,Samsara,"Sales Engineer, Mid Market - TOLA",Sales Engineering,Remote - TX,demand_validated,mid,0,3,0,buzz|general_medium,120348,https://www.samsara.com/company/careers/roles/7848459?gh_jid=7848459
2026-07-28,IOT,Samsara,Sales Engineer - Mid-Market West,Sales Engineering,Remote - US,demand_validated,mid,0,3,0,buzz|general_medium,120348,https://www.samsara.com/company/careers/roles/7187219?gh_jid=7187219
2026-07-28,IOT,Samsara,"Sales Manager, Mid Market UKI",EU Sales,London - UK2,nontech,mid,0,0,0,,,https://www.samsara.com/company/careers/roles/8007727?gh_jid=8007727
2026-07-28,IOT,Samsara,Sales Operations Manager,Revenue Operations,Remote - US,nontech,mid,0,0,0,,111949,https://www.samsara.com/company/careers/roles/7555217?gh_jid=7555217
2026-07-28,IOT,Samsara,Sales Operations Manager - Enterprise,Revenue Operations,Remote - US,nontech,mid,0,0,0,,116082,https://www.samsara.com/company/careers/roles/7815804?gh_jid=7815804
2026-07-28,IOT,Samsara,Sales Recruiter - EMEA (AE & ADR Focus),Recruiting,"London, England, United Kingdom",nontech,mid,0,0,0,,,https://www.samsara.com/company/careers/roles/7594366?gh_jid=7594366
2026-07-28,IOT,Samsara,Sales Recruiter - EMEA (AE & ADR Focus),Recruiting,Remote - UK,nontech,mid,0,0,0,,,https://www.samsara.com/company/careers/roles/7558801?gh_jid=7558801
2026-07-28,IOT,Samsara, Select Major Account Executive (CST),US Enterprise Sales,Remote - IN,demand_validated,mid,0,0,0,,425000,https://www.samsara.com/company/careers/roles/7818255?gh_jid=7818255
2026-07-28,IOT,Samsara, Select Major Account Executive (CST),US Enterprise Sales,Remote - IA,demand_validated,mid,0,0,0,,425000,https://www.samsara.com/company/careers/roles/7818253?gh_jid=7818253
2026-07-28,IOT,Samsara,Select Major Account Executive (CST),US Enterprise Sales,Remote - MN,demand_validated,mid,0,0,0,,425000,https://www.samsara.com/company/careers/roles/7663744?gh_jid=7663744
2026-07-28,IOT,Samsara,Select Major Account Executive (CST),US Enterprise Sales,Remote - MO,demand_validated,mid,0,0,0,,425000,https://www.samsara.com/company/careers/roles/7663741?gh_jid=7663741
2026-07-28,IOT,Samsara,Select Major Account Executive (CST),US Enterprise Sales,Remote - Chicago,demand_validated,mid,0,0,0,,425000,https://www.samsara.com/company/careers/roles/7663746?gh_jid=7663746
2026-07-28,IOT,Samsara,Select Major Account Executive (CST),US Enterprise Sales,Remote - IL,demand_validated,mid,0,0,0,,425000,https://www.samsara.com/company/careers/roles/7663743?gh_jid=7663743
2026-07-28,IOT,Samsara,Select Major Account Executive (CST),US Enterprise Sales,Remote - MI,demand_validated,mid,0,0,0,,425000,https://www.samsara.com/company/careers/roles/7818248?gh_jid=7818248
2026-07-28,IOT,Samsara,Select Major Account Executive (CST),US Enterprise Sales,Remote - WI,demand_validated,mid,0,0,0,,425000,https://www.samsara.com/company/careers/roles/7663745?gh_jid=7663745
2026-07-28,IOT,Samsara,Select Major Account Executive (EST),US Enterprise Sales,Remote - US,demand_validated,mid,0,0,0,,425000,https://www.samsara.com/company/careers/roles/7663706?gh_jid=7663706
2026-07-28,IOT,Samsara,"Senior AI Engineer, Platform",Revenue Operations,Remote - CA,product_eng,senior,1,25,1,application|buzz|data_ml_ops,170665,https://www.samsara.com/company/careers/roles/7618581?gh_jid=7618581
2026-07-28,IOT,Samsara,Senior Applied Scientist,Safety AI,Remote - US,other,senior,0,13,1,buzz|general_medium|model_infra,228085,https://www.samsara.com/company/careers/roles/8042166?gh_jid=8042166
2026-07-28,IOT,Samsara,Senior Business Technology Product Manager- Supply Chain Planning,Business Systems,Remote - US,product_eng,senior,0,20,1,application|buzz,164824,https://www.samsara.com/company/careers/roles/8017174?gh_jid=8017174
2026-07-28,IOT,Samsara,Senior Business Value Strategist,Business Value & Strategy,Remote - US,other,senior,0,0,0,,170539,https://www.samsara.com/company/careers/roles/7482355?gh_jid=7482355
2026-07-28,IOT,Samsara,Senior Category Manager,Procurement,Remote - Seattle,other,senior,0,1,0,buzz,118852,https://www.samsara.com/company/careers/roles/8044056?gh_jid=8044056
2026-07-28,IOT,Samsara,Senior Communications Manager - Mexico,Communications,Remote - Mexico,nontech,senior,0,0,0,,1350000,https://www.samsara.com/company/careers/roles/8052363?gh_jid=8052363
2026-07-28,IOT,Samsara,Senior Customer Success Manager,Customer Success,Remote - Mexico,demand_validated,senior,0,0,0,,,https://www.samsara.com/company/careers/roles/8068410?gh_jid=8068410
2026-07-28,IOT,Samsara,Senior Data Engineer,Business Systems,Remote - Canada,product_eng,senior,0,10,1,application|buzz,136500,https://www.samsara.com/company/careers/roles/8025794?gh_jid=8025794
2026-07-28,IOT,Samsara,Senior Data Engineer,Business Systems,Remote - US,product_eng,senior,0,10,1,application|buzz,148379,https://www.samsara.com/company/careers/roles/7964565?gh_jid=7964565
2026-07-28,IOT,Samsara,Senior Data Engineer,Platform,Remote - Canada,product_eng,senior,0,6,1,buzz|general_medium|model_infra,147538,https://www.samsara.com/company/careers/roles/7997311?gh_jid=7997311
2026-07-28,IOT,Samsara,Senior Data Engineer,Platform,Remote - US,product_eng,senior,0,6,1,buzz|general_medium|model_infra,160298,https://www.samsara.com/company/careers/roles/7859702?gh_jid=7859702
2026-07-28,IOT,Samsara,Senior Data Engineer II,Business Systems,Remote - US,product_eng,senior,0,10,1,application|buzz,168935,https://www.samsara.com/company/careers/roles/8039914?gh_jid=8039914
2026-07-28,IOT,Samsara,Senior Deal Desk Analyst,Deal Desk,Remote - SF Bay Area,other,senior,0,4,1,application|buzz,106466,https://www.samsara.com/company/careers/roles/7974089?gh_jid=7974089
2026-07-28,IOT,Samsara,"Senior Director, Finance Operations",Executive,Remote - US,nontech,director,0,1,0,buzz,213330,https://www.samsara.com/company/careers/roles/7836977?gh_jid=7836977
2026-07-28,IOT,Samsara,Senior Employee Relations Partner (Contractor) ,People Experience,Remote - US,other,senior,0,0,0,,,https://www.samsara.com/company/careers/roles/8021946?gh_jid=8021946
2026-07-28,IOT,Samsara,Senior Hardware Reliability Engineer,Hardware Engineering,"San Francisco, CA, United States",product_eng,senior,0,0,0,,222000,https://www.samsara.com/company/careers/roles/7460051?gh_jid=7460051
2026-07-28,IOT,Samsara,Senior Legal Analyst & Litigation Project Manager,Legal,Remote - US,nontech,senior,0,0,0,,108810,https://www.samsara.com/company/careers/roles/8029100?gh_jid=8029100
2026-07-28,IOT,Samsara,"Senior Manager, Deal Desk - EMEA & Mexico",Deal Desk,London - UK2,other,senior,0,0,0,,,https://www.samsara.com/company/careers/roles/7974115?gh_jid=7974115
2026-07-28,IOT,Samsara,"Senior Manager, Finance and Strategy",Finance and Strategy,Remote - SF Bay Area,nontech,senior,0,1,0,buzz,165360,https://www.samsara.com/company/careers/roles/7932125?gh_jid=7932125
2026-07-28,IOT,Samsara,Senior Marketing Analytics Manager - BI & Data Architecture,Marketing Systems & Intelligence,Remote - US,product_eng,senior,0,12,1,application|buzz,149500,https://www.samsara.com/company/careers/roles/7917475?gh_jid=7917475
2026-07-28,IOT,Samsara,Senior Performance Marketing Manager - Paid Social,Growth Marketing,Remote - Mexico,nontech,senior,0,0,0,,,https://www.samsara.com/company/careers/roles/7992933?gh_jid=7992933
2026-07-28,IOT,Samsara,Senior Performance Marketing Manager - Paid Social,Growth Marketing,Remote - CA,nontech,senior,0,0,0,,155911,https://www.samsara.com/company/careers/roles/7941390?gh_jid=7941390
2026-07-28,IOT,Samsara,Senior Performance Marketing Manager - Paid Social,Growth Marketing,Remote - Canada,nontech,senior,0,0,0,,136012,https://www.samsara.com/company/careers/roles/7992926?gh_jid=7992926
2026-07-28,IOT,Samsara,Senior Pipeline Programs Manager,Revenue Operations,Remote - US,other,senior,0,2,0,buzz,139500,https://www.samsara.com/company/careers/roles/8022378?gh_jid=8022378
2026-07-28,IOT,Samsara,Senior Product Design Engineer (Mechanical),Hardware Engineering,Remote - Taiwan,product_eng,senior,0,0,0,,,https://www.samsara.com/company/careers/roles/7842530?gh_jid=7842530
2026-07-28,IOT,Samsara,Senior Product Designer,Product Design,Remote - US,product_eng,senior,0,1,0,buzz,184222,https://www.samsara.com/company/careers/roles/8007939?gh_jid=8007939
2026-07-28,IOT,Samsara,Senior Product Designer,Product Design,Remote - Canada,product_eng,senior,0,1,0,buzz,173550,https://www.samsara.com/company/careers/roles/8018876?gh_jid=8018876
2026-07-28,IOT,Samsara,Senior Product Manager,Telematics,Remote - Canada,product_eng,senior,0,2,0,buzz,138380,https://www.samsara.com/company/careers/roles/8039658?gh_jid=8039658
2026-07-28,IOT,Samsara,Senior Product Manager,Telematics,Remote - US,product_eng,senior,0,2,0,buzz,155911,https://www.samsara.com/company/careers/roles/8035756?gh_jid=8035756
2026-07-28,IOT,Samsara,Senior Product Manager,Telematics,London - UK2; Remote - UK,product_eng,senior,0,2,0,buzz,,https://www.samsara.com/company/careers/roles/8039663?gh_jid=8039663
2026-07-28,IOT,Samsara,"Senior Product Manager, Growth",Marketing Systems & Intelligence,Remote - SF Bay Area,product_eng,senior,0,0,0,,175051,https://www.samsara.com/company/careers/roles/7700461?gh_jid=7700461
2026-07-28,IOT,Samsara,"Senior Program Manager, Sales Programs – AI",Revenue Operations,Remote - US,nontech,senior,1,7,1,application|buzz|data_ml_ops,128196,https://www.samsara.com/company/careers/roles/7742662?gh_jid=7742662
2026-07-28,IOT,Samsara,Senior Program Manager - Sales Programs (Transformational),Revenue Operations,Remote - US,nontech,senior,0,0,0,,119621,https://www.samsara.com/company/careers/roles/7615410?gh_jid=7615410
2026-07-28,IOT,Samsara,Senior Program Manager - Sales Programs (Transformational),Revenue Operations,Remote - Canada,nontech,senior,0,0,0,,127628,https://www.samsara.com/company/careers/roles/7536597?gh_jid=7536597
2026-07-28,IOT,Samsara,"Senior Recruiter, Customer Success",Recruiting,Remote - US,demand_validated,senior,0,1,0,buzz,156400,https://www.samsara.com/company/careers/roles/8053814?gh_jid=8053814
2026-07-28,IOT,Samsara,Senior Recruiting Manager,Recruiting,London - UK2,nontech,senior,0,0,0,,,https://www.samsara.com/company/careers/roles/8067829?gh_jid=8067829
2026-07-28,IOT,Samsara,Senior Security Engineer,IT Security,Remote - UK,product_eng,senior,0,0,0,,,https://www.samsara.com/company/careers/roles/8038153?gh_jid=8038153
2026-07-28,IOT,Samsara,Senior Security Operations Engineer I,IT Security,Remote - Canada,product_eng,senior,0,0,0,,152100,https://www.samsara.com/company/careers/roles/8027084?gh_jid=8027084
2026-07-28,IOT,Samsara,Senior Security Operations Engineer I,IT Security,Remote - US,product_eng,senior,0,0,0,,181590,https://www.samsara.com/company/careers/roles/8021105?gh_jid=8021105
2026-07-28,IOT,Samsara,Senior Software Engineer- Agentic Platform & Integrations (Full Stack),Platform,Remote - Poland,product_eng,senior,0,10,1,application|buzz,,https://www.samsara.com/company/careers/roles/8052685?gh_jid=8052685
2026-07-28,IOT,Samsara,Senior Software Engineer - Connected Workflows,Platform,Remote - US,product_eng,senior,0,0,0,,153450,https://www.samsara.com/company/careers/roles/7847219?gh_jid=7847219
2026-07-28,IOT,Samsara,Senior Software Engineer - Data Platform,Platform,Remote - Canada,product_eng,senior,0,1,0,buzz,144788,https://www.samsara.com/company/careers/roles/7992889?gh_jid=7992889
2026-07-28,IOT,Samsara,Senior Software Engineer - Data Platform,Platform,Remote - US,product_eng,senior,0,1,0,buzz,175450,https://www.samsara.com/company/careers/roles/7922530?gh_jid=7922530
2026-07-28,IOT,Samsara,Senior Software Engineer I - Agent Foundations,Platform,Remote - Canada,product_eng,senior,0,3,1,application,144788,https://www.samsara.com/company/careers/roles/7558088?gh_jid=7558088
2026-07-28,IOT,Samsara,Senior Software Engineer I - Agent Foundations,Platform,Remote - SF Bay Area,product_eng,senior,0,3,1,application,203500,https://www.samsara.com/company/careers/roles/7349219?gh_jid=7349219
2026-07-28,IOT,Samsara,Senior Software Engineer II,Safety,Remote - Canada,product_eng,senior,0,11,1,application|buzz,163800,https://www.samsara.com/company/careers/roles/8083934?gh_jid=8083934
2026-07-28,IOT,Samsara,Senior Software Engineer II,Safety,Remote - US,product_eng,senior,0,11,1,application|buzz,207350,https://www.samsara.com/company/careers/roles/8063736?gh_jid=8063736
2026-07-28,IOT,Samsara,Senior Software Engineer II - Agent Foundations,Platform,Remote - US,product_eng,senior,0,3,1,application,223500,https://www.samsara.com/company/careers/roles/7356410?gh_jid=7356410
2026-07-28,IOT,Samsara,"Senior Software Engineer II, Developer Experience / Operational Excellence",Platform,Remote - UK,product_eng,senior,0,1,0,buzz,,https://www.samsara.com/company/careers/roles/7717540?gh_jid=7717540
2026-07-28,IOT,Samsara,"Senior Software Engineer II, DevEx, OPX",Platform,Remote - Canada; Remote - US,product_eng,senior,0,1,0,buzz,207350,https://www.samsara.com/company/careers/roles/8044126?gh_jid=8044126
2026-07-28,IOT,Samsara,Senior Software Engineer II - Web Experience,Platform,Remote - US,product_eng,senior,0,2,0,buzz,207350,https://www.samsara.com/company/careers/roles/8055217?gh_jid=8055217
2026-07-28,IOT,Samsara,Senior Software Engineer I - Route Execution,Telematics,Remote - Canada,product_eng,senior,0,0,0,,163800,https://www.samsara.com/company/careers/roles/7573118?gh_jid=7573118
2026-07-28,IOT,Samsara,Senior Software Engineer I- Route Execution,Telematics,Remote - US,product_eng,senior,0,0,0,,240500,https://www.samsara.com/company/careers/roles/7569229?gh_jid=7569229
2026-07-28,IOT,Samsara,Senior Software Engineer - Safety Detection Precision,Safety,London - UK2,product_eng,senior,0,1,0,buzz,,https://www.samsara.com/company/careers/roles/7966918?gh_jid=7966918
2026-07-28,IOT,Samsara,Senior Supply Chain Manager,Supply Chain,Remote - US,other,senior,0,0,0,,140156,https://www.samsara.com/company/careers/roles/7768924?gh_jid=7768924
2026-07-28,IOT,Samsara,Senior Technical Recruiter,Recruiting,Remote - Canada,nontech,senior,0,2,0,buzz,141375,https://www.samsara.com/company/careers/roles/7871658?gh_jid=7871658
2026-07-28,IOT,Samsara,Senior Technical Recruiter,Recruiting,Remote - US,nontech,senior,0,1,0,buzz,146136,https://www.samsara.com/company/careers/roles/7858218?gh_jid=7858218
2026-07-28,IOT,Samsara,Senior Training Specialist,Customer Success,Remote - US,other,senior,0,1,0,buzz,94511,https://www.samsara.com/company/careers/roles/7822470?gh_jid=7822470
2026-07-28,IOT,Samsara,Senior Trial Success Manager ,Business Value & Strategy,Remote - US,other,senior,0,0,0,,141016,https://www.samsara.com/company/careers/roles/7993670?gh_jid=7993670
2026-07-28,IOT,Samsara,Senior Workday Analyst - Payroll & Time Tracking,People Experience,Remote - US,nontech,senior,0,0,0,,128796,https://www.samsara.com/company/careers/roles/7957787?gh_jid=7957787
2026-07-28,IOT,Samsara,Software Engineer II,Safety,Remote - US,product_eng,mid,0,8,1,application|buzz,152322,https://www.samsara.com/company/careers/roles/8036387?gh_jid=8036387
2026-07-28,IOT,Samsara,Solutions Consultant (Engagement Services Manager),Customer Success,Remote - US,other,mid,0,0,0,,127414,https://www.samsara.com/company/careers/roles/8070084?gh_jid=8070084
2026-07-28,IOT,Samsara,Solutions Integration Engineer IV,Customer Success,Remote - US,product_eng,mid,0,7,1,application|buzz,133055,https://www.samsara.com/company/careers/roles/7775532?gh_jid=7775532
2026-07-28,IOT,Samsara,Specialist Seller - Connected Maintenance - Public Sector,Product Specialists,Remote - TX,other,mid,0,0,0,,425000,https://www.samsara.com/company/careers/roles/7961459?gh_jid=7961459
2026-07-28,IOT,Samsara,Specialist Seller - Connected Maintenance - Public Sector,Product Specialists,Remote - NY,other,mid,0,0,0,,425000,https://www.samsara.com/company/careers/roles/7961186?gh_jid=7961186
2026-07-28,IOT,Samsara,Specialist Seller - Connected Maintenance - Public Sector,Product Specialists,Remote - MA,other,mid,0,0,0,,425000,https://www.samsara.com/company/careers/roles/7961449?gh_jid=7961449
2026-07-28,IOT,Samsara,Specialist Seller - Connected Maintenance - Public Sector,Product Specialists,"Atlanta, Georgia, United States",other,mid,0,0,0,,425000,https://www.samsara.com/company/careers/roles/7961458?gh_jid=7961458
2026-07-28,IOT,Samsara,Specialist Seller - Connected Maintenance - Public Sector,Product Specialists,Remote - LA,other,mid,0,0,0,,425000,https://www.samsara.com/company/careers/roles/7961471?gh_jid=7961471
2026-07-28,IOT,Samsara,Specialist Seller - Connected Maintenance - Public Sector,Product Specialists,Remote - US,other,mid,0,0,0,,425000,https://www.samsara.com/company/careers/roles/7922805?gh_jid=7922805
2026-07-28,IOT,Samsara,Specialist Seller - Connected Maintenance - Public Sector,Product Specialists,Remote - SF Bay Area,other,mid,0,0,0,,425000,https://www.samsara.com/company/careers/roles/7961464?gh_jid=7961464
2026-07-28,IOT,Samsara,Specialist Seller - Connected Maintenance - Public Sector,Product Specialists,Remote - Chicago,other,mid,0,0,0,,425000,https://www.samsara.com/company/careers/roles/7961462?gh_jid=7961462
2026-07-28,IOT,Samsara,"Specialist Seller - Core, Enterprise",Product Specialists,Remote - US,other,mid,0,0,0,,189000,https://www.samsara.com/company/careers/roles/7449097?gh_jid=7449097
2026-07-28,IOT,Samsara,Specialist Seller - Enterprise,Product Specialists,Remote - US,other,mid,0,0,0,,425000,https://www.samsara.com/company/careers/roles/7292081?gh_jid=7292081
2026-07-28,IOT,Samsara,"Specialist Seller, Mid-Market",Product Specialists,Remote - Austin,other,mid,0,1,0,buzz,110500,https://www.samsara.com/company/careers/roles/8069596?gh_jid=8069596
2026-07-28,IOT,Samsara,"Specialist Seller, Mid-Market",Product Specialists,Remote - NY,other,mid,0,1,0,buzz,110500,https://www.samsara.com/company/careers/roles/8069605?gh_jid=8069605
2026-07-28,IOT,Samsara,"Specialist Seller, Mid-Market",Product Specialists,Remote - US,other,mid,0,1,0,buzz,110500,https://www.samsara.com/company/careers/roles/8069607?gh_jid=8069607
2026-07-28,IOT,Samsara,"Specialist Seller, Mid-Market",Product Specialists,"San Francisco, CA, United States",other,mid,0,1,0,buzz,110500,https://www.samsara.com/company/careers/roles/8069604?gh_jid=8069604
2026-07-28,IOT,Samsara,"Specialist Seller, Mid-Market",Product Specialists,Remote - Denver,other,mid,0,1,0,buzz,110500,https://www.samsara.com/company/careers/roles/8069601?gh_jid=8069601
2026-07-28,IOT,Samsara,"Specialist Seller, Mid-Market",Product Specialists,"Atlanta, Georgia, United States",other,mid,0,1,0,buzz,110500,https://www.samsara.com/company/careers/roles/8069598?gh_jid=8069598
2026-07-28,IOT,Samsara,"Specialist Seller, Mid-Market",Product Specialists,Remote - Houston,other,mid,0,1,0,buzz,110500,https://www.samsara.com/company/careers/roles/8069597?gh_jid=8069597
2026-07-28,IOT,Samsara,"Specialist Seller, Mid-Market",Product Specialists,Remote - Dallas,other,mid,0,1,0,buzz,110500,https://www.samsara.com/company/careers/roles/8069595?gh_jid=8069595
2026-07-28,IOT,Samsara,"Specialist Seller, Mid-Market",Product Specialists,Remote - US,other,mid,0,1,0,buzz,110500,https://www.samsara.com/company/careers/roles/7409548?gh_jid=7409548
2026-07-28,IOT,Samsara,"Specialist Seller, Mid-Market",Product Specialists,Remote - Chicago,other,mid,0,1,0,buzz,110500,https://www.samsara.com/company/careers/roles/8069593?gh_jid=8069593
2026-07-28,IOT,Samsara,"Sr. Analyst, Sales Operations",Revenue Operations,Remote - US,nontech,senior,0,0,0,,83346,https://www.samsara.com/company/careers/roles/7592390?gh_jid=7592390
2026-07-28,IOT,Samsara,Sr. Data Ops Engineer,Business Systems,Remote - Canada,product_eng,senior,0,1,0,buzz,129188,https://www.samsara.com/company/careers/roles/8029219?gh_jid=8029219
2026-07-28,IOT,Samsara,"Sr. Director, Enablement - Shared Services",Revenue Operations,Remote - US,nontech,director,0,0,0,,182920,https://www.samsara.com/company/careers/roles/8041428?gh_jid=8041428
2026-07-28,IOT,Samsara,"Sr. Director, Field Activation",Revenue Operations,Remote - US,other,director,0,0,0,,182920,https://www.samsara.com/company/careers/roles/8041424?gh_jid=8041424
2026-07-28,IOT,Samsara,Sr. Executive Assistant II,Sales Exec Admin,Remote - SF Bay Area,other,senior,0,4,1,application|buzz,138366,https://www.samsara.com/company/careers/roles/8039057?gh_jid=8039057
2026-07-28,IOT,Samsara,Sr. Image Quality Hardware Engineer,Hardware Engineering,Remote - Taiwan,product_eng,senior,0,0,0,,,https://www.samsara.com/company/careers/roles/7767914?gh_jid=7767914
2026-07-28,IOT,Samsara,Sr. Knowledge Developer,Support,Remote - Mexico,product_eng,senior,0,1,0,buzz,,https://www.samsara.com/company/careers/roles/7951885?gh_jid=7951885
2026-07-28,IOT,Samsara,"Sr. Manager, Customer Success",Customer Success,Remote - US,demand_validated,senior,0,2,0,buzz,186150,https://www.samsara.com/company/careers/roles/7589195?gh_jid=7589195
2026-07-28,IOT,Samsara,"Sr. Manager, Customer Success",Customer Success,Remote - US,demand_validated,senior,0,2,0,buzz,186150,https://www.samsara.com/company/careers/roles/8066951?gh_jid=8066951
2026-07-28,IOT,Samsara,"Sr. Manager, New Products Strategy",Sales Strategy,Remote - US,other,senior,0,1,0,buzz,175500,https://www.samsara.com/company/careers/roles/8065687?gh_jid=8065687
2026-07-28,IOT,Samsara,"Sr. Manager, Support Readiness & Quality Insights",Support,Remote - US,nontech,senior,0,4,1,application|buzz,154395,https://www.samsara.com/company/careers/roles/8012365?gh_jid=8012365
2026-07-28,IOT,Samsara,Sr. Marketing Operations Manager - Global Lead Flow,Marketing Systems & Intelligence,Remote - US,nontech,senior,0,2,0,buzz,132308,https://www.samsara.com/company/careers/roles/8053373?gh_jid=8053373
2026-07-28,IOT,Samsara,"Sr. Product Manager I, In-vehicle Experience",Safety,Remote - US,product_eng,senior,0,2,0,buzz,155911,https://www.samsara.com/company/careers/roles/7786156?gh_jid=7786156
2026-07-28,IOT,Samsara,Sr. Product Marketing Manager - Release Marketing & PMM Operations,Product Marketing,Remote - SF Bay Area,nontech,senior,0,1,0,buzz,159899,https://www.samsara.com/company/careers/roles/7864137?gh_jid=7864137
2026-07-28,IOT,Samsara,Sr. Security Engineer - Enterprise Security,IT Security,Remote - CA,product_eng,senior,0,1,0,buzz,181591,https://www.samsara.com/company/careers/roles/7752492?gh_jid=7752492
2026-07-28,IOT,Samsara,Sr. Security Engineer - Enterprise Security,IT Security,Remote - Vancouver,product_eng,senior,0,1,0,buzz,152100,https://www.samsara.com/company/careers/roles/7834975?gh_jid=7834975
2026-07-28,IOT,Samsara,Sr. Social Producer,Corporate Marketing,San Francisco - SF9,other,senior,0,1,0,buzz,127999,https://www.samsara.com/company/careers/roles/7974884?gh_jid=7974884
2026-07-28,IOT,Samsara,"Sr. Software Engineer, Cloud Platform ",Platform,Remote - UK,product_eng,senior,0,0,0,,,https://www.samsara.com/company/careers/roles/8042387?gh_jid=8042387
2026-07-28,IOT,Samsara,"Sr. Software Engineer II, AI Platform",Revenue Operations,Remote - SF Bay Area,product_eng,senior,1,17,1,application|buzz|data_ml_ops,164450,https://www.samsara.com/company/careers/roles/8050373?gh_jid=8050373
2026-07-28,IOT,Samsara,Sr. Sourcing Analyst,Procurement,Remote - Seattle,other,senior,0,0,0,,94932,https://www.samsara.com/company/careers/roles/8044609?gh_jid=8044609
2026-07-28,IOT,Samsara,Sr Staff / Staff Applied Scientist,Safety AI,Remote - US,other,staff_principal,0,8,1,buzz|general_medium|model_infra,278850,https://www.samsara.com/company/careers/roles/7266629?gh_jid=7266629
2026-07-28,IOT,Samsara,"Sr. Support Product Manager, Tooling and Ops",Support,Remote - US,product_eng,senior,0,4,1,application|buzz,145015,https://www.samsara.com/company/careers/roles/7621277?gh_jid=7621277
2026-07-28,IOT,Samsara,"Sr. Support Product Manager, Tooling and Ops",Support,Remote - Toronto,product_eng,senior,0,4,1,application|buzz,140400,https://www.samsara.com/company/careers/roles/7583834?gh_jid=7583834
2026-07-28,IOT,Samsara,Staff Machine Learning Engineer - Edge AI,Safety AI,Remote - US,product_eng,staff_principal,1,11,1,buzz|data_ml_ops|general_medium|model_infra,248820,https://www.samsara.com/company/careers/roles/7266357?gh_jid=7266357
2026-07-28,IOT,Samsara,Staff Machine Learning Engineer - Edge AI,Safety AI,Remote - Canada,product_eng,staff_principal,1,11,1,buzz|data_ml_ops|general_medium|model_infra,202350,https://www.samsara.com/company/careers/roles/7431070?gh_jid=7431070
2026-07-28,IOT,Samsara,Staff Product Design Engineer,Hardware Engineering,San Francisco - SF9,product_eng,staff_principal,0,0,0,,247500,https://www.samsara.com/company/careers/roles/7525300?gh_jid=7525300
2026-07-28,IOT,Samsara,Staff Software Engineer,Platform,Remote - CA,product_eng,staff_principal,0,4,1,application|buzz,226200,https://www.samsara.com/company/careers/roles/7752678?gh_jid=7752678
2026-07-28,IOT,Samsara,Staff Software Engineer - CAM,STCE & Maintenance,Remote - SF Bay Area,product_eng,staff_principal,0,6,0,buzz|data_ml_ops|general_medium,226200,https://www.samsara.com/company/careers/roles/7588828?gh_jid=7588828
2026-07-28,IOT,Samsara,Staff Software Engineer - Platform,Platform,Remote - SF Bay Area,product_eng,staff_principal,0,0,0,,226200,https://www.samsara.com/company/careers/roles/7266385?gh_jid=7266385
2026-07-28,IOT,Samsara,Staff Software Engineer - Platform and Infrastructure,Platform,Bengaluru - BLR1,product_eng,staff_principal,0,0,0,,,https://www.samsara.com/company/careers/roles/7266287?gh_jid=7266287
2026-07-28,IOT,Samsara,"Staff Software Engineer, Routing",Telematics,Remote - CA,product_eng,staff_principal,0,0,0,,290000,https://www.samsara.com/company/careers/roles/7892030?gh_jid=7892030
2026-07-28,IOT,Samsara,Staff Software Engineer - Sustainability,Telematics,"London, England, United Kingdom",product_eng,staff_principal,0,1,0,buzz,,https://www.samsara.com/company/careers/roles/7548384?gh_jid=7548384
2026-07-28,IOT,Samsara,Staff Software Engineer - Sustainability,Telematics,Remote - UK,product_eng,staff_principal,0,1,0,buzz,,https://www.samsara.com/company/careers/roles/7398072?gh_jid=7398072
2026-07-28,IOT,Samsara,Staff Systems Engineering Program Manager,Hardware Engineering,San Francisco - SF9,product_eng,staff_principal,0,0,0,,203450,https://www.samsara.com/company/careers/roles/7266465?gh_jid=7266465
2026-07-28,IOT,Samsara,Strategic Customer Success Manager,Customer Success,Remote - US,demand_validated,mid,0,0,0,,140156,https://www.samsara.com/company/careers/roles/7398075?gh_jid=7398075
2026-07-28,IOT,Samsara,Strategic Customer Success Manager,Customer Success,Remote - Canada,demand_validated,mid,0,0,0,,138513,https://www.samsara.com/company/careers/roles/8010753?gh_jid=8010753
2026-07-28,IOT,Samsara,Strategic Customer Success Manager,Customer Success,Remote - Mexico,demand_validated,mid,0,0,0,,,https://www.samsara.com/company/careers/roles/7960376?gh_jid=7960376
2026-07-28,IOT,Samsara,Strategic Implementation Consultant,Customer Success,Remote - US,demand_validated,mid,0,0,0,,117703,https://www.samsara.com/company/careers/roles/8039126?gh_jid=8039126
2026-07-28,IOT,Samsara,Strategic Implementation Consultant - German Fluency,Customer Success,Remote - UK,demand_validated,mid,0,1,0,buzz,,https://www.samsara.com/company/careers/roles/8074111?gh_jid=8074111
2026-07-28,IOT,Samsara,Strategic Implementation Consultant - Public Sector,Customer Success,Remote - US,demand_validated,mid,0,0,0,,126140,https://www.samsara.com/company/careers/roles/7950044?gh_jid=7950044
2026-07-28,IOT,Samsara,"Supervisor, Data Annotation",Safety Review,Bengaluru - BLR1,other,mid,0,1,0,buzz,,https://www.samsara.com/company/careers/roles/8077147?gh_jid=8077147
2026-07-28,IOT,Samsara,Technical Account Manager,Support,Remote - Mexico,demand_validated,mid,0,1,0,buzz,,https://www.samsara.com/company/careers/roles/7733786?gh_jid=7733786
2026-07-28,IOT,Samsara,Technical Support Engineer,Support,Remote - Mexico,product_eng,mid,0,1,0,buzz,,https://www.samsara.com/company/careers/roles/8068215?gh_jid=8068215
2026-07-28,IOT,Samsara,Technical Support Engineer,Support,Remote - US,product_eng,mid,0,1,0,buzz,83351,https://www.samsara.com/company/careers/roles/8017146?gh_jid=8017146
