date,ticker,company,title,department,location,role_bucket,seniority,ai_title,weighted_score,strong_hit,categories,salary_mid,url
2026-08-25,DDOG,Datadog,AI Research Engineer - Datadog AI Research (DAIR),Dev Eng,"Paris, France",research,mid,1,26,1,buzz|general_medium|model_infra,,https://careers.datadoghq.com/detail/7194969/?gh_jid=7194969
2026-08-25,DDOG,Datadog,AI Research Scientist - Datadog AI Research (DAIR),Dev Eng,"Paris, France",research,mid,1,24,1,application|buzz|general_medium|model_infra,,https://careers.datadoghq.com/detail/6652564/?gh_jid=6652564
2026-08-25,DDOG,Datadog,AI Research Scientist - Datadog AI Research (DAIR),Dev Eng,"New York, New York, USA",research,mid,1,24,1,application|buzz|general_medium|model_infra,360000,https://careers.datadoghq.com/detail/6572669/?gh_jid=6572669
2026-08-25,DDOG,Datadog,"Area Vice President, Sales Engineering",Enterprise Sales Engineering,"Boston, Massachusetts, USA; Denver, Colorado, USA; New York, New York, USA; San Francisco, California, USA",demand_validated,exec,0,0,0,,277500,https://careers.datadoghq.com/detail/7762722/?gh_jid=7762722
2026-08-25,DDOG,Datadog,Associate Field Marketing Manager (US East and Canada),Field Marketing,"New York, New York, USA",nontech,mid,0,4,1,application|buzz,82500,https://careers.datadoghq.com/detail/8097690/?gh_jid=8097690
2026-08-25,DDOG,Datadog,Associate Growth Marketing Manager,Demand Generation,"New York, New York, USA; San Francisco, California, USA",nontech,mid,0,0,0,,85000,https://careers.datadoghq.com/detail/8059723/?gh_jid=8059723
2026-08-25,DDOG,Datadog,Commercial Account Executive,Commercial Sales,"Bangalore, India",demand_validated,mid,0,0,0,,,https://careers.datadoghq.com/detail/6512321/?gh_jid=6512321
2026-08-25,DDOG,Datadog,Commercial Account Executive,Commercial Sales,"Denver, Colorado, USA",demand_validated,mid,0,0,0,,67500,https://careers.datadoghq.com/detail/1694375/?gh_jid=1694375
2026-08-25,DDOG,Datadog,Commercial Account Executive,Commercial Sales,"Tokyo, Japan",demand_validated,mid,0,0,0,,,https://careers.datadoghq.com/detail/5798241/?gh_jid=5798241
2026-08-25,DDOG,Datadog,Commercial Account Executive,Commercial Sales,"Tokyo, Japan",demand_validated,mid,0,0,0,,,https://careers.datadoghq.com/detail/6009777/?gh_jid=6009777
2026-08-25,DDOG,Datadog,Commercial Account Executive,Commercial Sales,"Seoul, South Korea",demand_validated,mid,0,0,0,,,https://careers.datadoghq.com/detail/6512586/?gh_jid=6512586
2026-08-25,DDOG,Datadog,Commercial Account Executive,Commercial Sales,"Seoul, South Korea",demand_validated,mid,0,0,0,,,https://careers.datadoghq.com/detail/6512326/?gh_jid=6512326
2026-08-25,DDOG,Datadog,Commercial Account Executive,Commercial Sales,"Sydney, Australia",demand_validated,mid,0,0,0,,,https://careers.datadoghq.com/detail/7463765/?gh_jid=7463765
2026-08-25,DDOG,Datadog,Commercial Account Executive - Boston,Commercial Sales,"Boston, Massachusetts, USA",demand_validated,mid,0,0,0,,67500,https://careers.datadoghq.com/detail/1497543/?gh_jid=1497543
2026-08-25,DDOG,Datadog,Commercial Account Executive (DACH),Commercial Sales,"Amsterdam, The Netherlands; Dublin, Ireland",demand_validated,mid,0,0,0,,,https://careers.datadoghq.com/detail/5283132/?gh_jid=5283132
2026-08-25,DDOG,Datadog,Commercial Account Executive (Hong Kong Market),Commercial Sales,"Singapore, Singapore",demand_validated,mid,0,0,0,,,https://careers.datadoghq.com/detail/7919037/?gh_jid=7919037
2026-08-25,DDOG,Datadog,Commercial Account Executive (Indonesia Market),Commercial Sales,"Singapore, Singapore",demand_validated,mid,0,0,0,,,https://careers.datadoghq.com/detail/7463727/?gh_jid=7463727
2026-08-25,DDOG,Datadog,Commercial Account Executive - Israel,Commercial Sales,"Tel Aviv, Israel",demand_validated,mid,0,0,0,,,https://careers.datadoghq.com/detail/8025860/?gh_jid=8025860
2026-08-25,DDOG,Datadog,Commercial Account Executive - LATAM (Portuguese Speaking) - Denver,Commercial Sales,"Denver, Colorado, USA",demand_validated,mid,0,0,0,,67500,https://careers.datadoghq.com/detail/7858788/?gh_jid=7858788
2026-08-25,DDOG,Datadog,Commercial Account Executive - LATAM (Spanish Speaking) - Boston,Commercial Sales,"Boston, Massachusetts, USA",demand_validated,mid,0,0,0,,67500,https://careers.datadoghq.com/detail/7329207/?gh_jid=7329207
2026-08-25,DDOG,Datadog,Commercial Account Executive (Portugal),Commercial Sales,"Amsterdam, The Netherlands; Dublin, Ireland",demand_validated,mid,0,0,0,,,https://careers.datadoghq.com/detail/8078805/?gh_jid=8078805
2026-08-25,DDOG,Datadog,Commercial Account Executive - Sao Paulo (Portuguese Speaking),Commercial Sales,"Sao Paulo, Brazil",demand_validated,mid,0,0,0,,,https://careers.datadoghq.com/detail/7792997/?gh_jid=7792997
2026-08-25,DDOG,Datadog,Commercial Account Executive (Saudi Arabia),Commercial Sales,"Riyadh, Saudi Arabia",demand_validated,mid,0,0,0,,,https://careers.datadoghq.com/detail/7576831/?gh_jid=7576831
2026-08-25,DDOG,Datadog,Commercial Account Executive (Spanish Speaking) - Mexico City,Commercial Sales,"Mexico City, Mexico",demand_validated,mid,0,0,0,,,https://careers.datadoghq.com/detail/8022193/?gh_jid=8022193
2026-08-25,DDOG,Datadog,Commercial Account Executive UKI/Nordics,Commercial Sales,"Amsterdam, The Netherlands; Dublin, Ireland",demand_validated,mid,0,0,0,,,https://careers.datadoghq.com/detail/6427176/?gh_jid=6427176
2026-08-25,DDOG,Datadog,Commercial Customer Success Manager (DACH; German-Speaking),Commercial Customer Success,"Dublin, Ireland",demand_validated,mid,0,0,0,,,https://careers.datadoghq.com/detail/7180265/?gh_jid=7180265
2026-08-25,DDOG,Datadog,Commercial & Mid-Market Sales Engineer,Commercial & Mid-Market Sales Engineering,"Seoul, South Korea",demand_validated,mid,0,0,0,,,https://careers.datadoghq.com/detail/8130580/?gh_jid=8130580
2026-08-25,DDOG,Datadog,Commercial & Mid-Market Sales Engineer,Commercial & Mid-Market Sales Engineering,"Seoul, South Korea",demand_validated,mid,0,0,0,,,https://careers.datadoghq.com/detail/8131949/?gh_jid=8131949
2026-08-25,DDOG,Datadog,Commercial & Mid-Market Sales Engineer,Commercial & Mid-Market Sales Engineering,"Tokyo, Japan",demand_validated,mid,0,0,0,,,https://careers.datadoghq.com/detail/8138342/?gh_jid=8138342
2026-08-25,DDOG,Datadog,Commercial Sales Engineer 2 (AMER - West),Commercial & Mid-Market Sales Engineering,"Denver, Colorado, USA",demand_validated,mid,0,0,0,,107000,https://careers.datadoghq.com/detail/8053714/?gh_jid=8053714
2026-08-25,DDOG,Datadog,Commercial Sales Engineer 2 (Sao Paulo),Commercial & Mid-Market Sales Engineering,"Sao Paulo, Brazil",demand_validated,mid,0,0,0,,,https://careers.datadoghq.com/detail/8080601/?gh_jid=8080601
2026-08-25,DDOG,Datadog,Commercial Sales Engineer (AMER - West),Commercial & Mid-Market Sales Engineering,"Denver, Colorado, USA",demand_validated,mid,0,0,0,,93000,https://careers.datadoghq.com/detail/7683226/?gh_jid=7683226
2026-08-25,DDOG,Datadog,Commercial Sales Engineer - Amsterdam,Commercial & Mid-Market Sales Engineering,"Amsterdam, The Netherlands",demand_validated,mid,0,0,0,,,https://careers.datadoghq.com/detail/8074211/?gh_jid=8074211
2026-08-25,DDOG,Datadog,Commercial Sales Engineer - Boston,Commercial & Mid-Market Sales Engineering,"Boston, Massachusetts, USA",demand_validated,mid,0,0,0,,93000,https://careers.datadoghq.com/detail/7452669/?gh_jid=7452669
2026-08-25,DDOG,Datadog,Commercial Sales Engineer (Spanish-Speaking),Commercial & Mid-Market Sales Engineering,"Amsterdam, The Netherlands; Dublin, Ireland",demand_validated,mid,0,0,0,,,https://careers.datadoghq.com/detail/8080628/?gh_jid=8080628
2026-08-25,DDOG,Datadog,Commercial Sales Engineer (Tel Aviv),Commercial & Mid-Market Sales Engineering,"Tel Aviv, Israel",demand_validated,mid,0,0,0,,,https://careers.datadoghq.com/detail/8092637/?gh_jid=8092637
2026-08-25,DDOG,Datadog,"Coordinator, Business Recruiting - Contract",People,"Boston, Massachusetts, USA; New York, New York, USA",nontech,mid,0,0,0,,57000,https://careers.datadoghq.com/detail/7950433/?gh_jid=7950433
2026-08-25,DDOG,Datadog,"Coordinator, Emerging Talent Recruiting",Technical Recruiting,"Paris, France",nontech,mid,0,0,0,,,https://careers.datadoghq.com/detail/8119837/?gh_jid=8119837
2026-08-25,DDOG,Datadog,Country Manager,Enterprise Sales,"Tokyo, Japan",other,mid,0,1,0,buzz,,https://careers.datadoghq.com/detail/7975747/?gh_jid=7975747
2026-08-25,DDOG,Datadog,Customer Marketing Manager,Corporate Marketing & Comms,"New York, New York, USA; San Francisco, California, USA",nontech,mid,0,0,0,,109500,https://careers.datadoghq.com/detail/7967202/?gh_jid=7967202
2026-08-25,DDOG,Datadog,Customer Success Associate,Commercial Customer Success,"Tokyo, Japan",demand_validated,mid,0,0,0,,,https://careers.datadoghq.com/detail/5486716/?gh_jid=5486716
2026-08-25,DDOG,Datadog,Customer Success Associate,Commercial Customer Success,"Tokyo, Japan",demand_validated,mid,0,0,0,,,https://careers.datadoghq.com/detail/6009779/?gh_jid=6009779
2026-08-25,DDOG,Datadog,Customer Success Associate - Boston,Commercial Customer Success,"Boston, Massachusetts, USA",demand_validated,mid,0,0,0,,63000,https://careers.datadoghq.com/detail/7172466/?gh_jid=7172466
2026-08-25,DDOG,Datadog,Customer Success Associate - Commercial Accounts,Commercial Customer Success,"Sydney, Australia",demand_validated,mid,0,0,0,,,https://careers.datadoghq.com/detail/7548129/?gh_jid=7548129
2026-08-25,DDOG,Datadog,Customer Success Associate - Denver,Commercial Customer Success,"Denver, Colorado, USA",demand_validated,mid,0,0,0,,63000,https://careers.datadoghq.com/detail/7228240/?gh_jid=7228240
2026-08-25,DDOG,Datadog,Customer Success Manager,Commercial Customer Success,"Seoul, South Korea",demand_validated,mid,0,0,0,,,https://careers.datadoghq.com/detail/7790098/?gh_jid=7790098
2026-08-25,DDOG,Datadog,Customer Success Manager,Commercial Customer Success,"Seoul, South Korea",demand_validated,mid,0,0,0,,,https://careers.datadoghq.com/detail/7790048/?gh_jid=7790048
2026-08-25,DDOG,Datadog,Customer Success Manager - Boston,Commercial Customer Success,"Boston, Massachusetts, USA",demand_validated,mid,0,0,0,,103500,https://careers.datadoghq.com/detail/7128703/?gh_jid=7128703
2026-08-25,DDOG,Datadog,Customer Success Manager - Denver,Commercial Customer Success,"Denver, Colorado, USA",demand_validated,mid,0,0,0,,103500,https://careers.datadoghq.com/detail/7232590/?gh_jid=7232590
2026-08-25,DDOG,Datadog,Datadog for Startups - Forward Deployed Engineering Lead,Corporate Development,"San Francisco, California, USA",demand_validated,senior,0,3,1,application,225000,https://careers.datadoghq.com/detail/8003181/?gh_jid=8003181
2026-08-25,DDOG,Datadog,Datadog for Startups Founding Engineering Lead,Corporate Development,"San Francisco, California, USA",product_eng,senior,0,3,1,application,225000,https://careers.datadoghq.com/detail/7536402/?gh_jid=7536402
2026-08-25,DDOG,Datadog,Deal Desk Analyst - Boston,Deal Desk,"Boston, Massachusetts, USA",other,mid,0,1,0,buzz,81500,https://careers.datadoghq.com/detail/8029969/?gh_jid=8029969
2026-08-25,DDOG,Datadog,Deal Desk Analyst - Dublin,Deal Desk,"Dublin, Ireland",other,mid,0,0,0,,,https://careers.datadoghq.com/detail/7982644/?gh_jid=7982644
2026-08-25,DDOG,Datadog,Deal Desk Analyst - NYC,Deal Desk,"New York, New York, USA",other,mid,0,0,0,,79500,https://careers.datadoghq.com/detail/7993638/?gh_jid=7993638
2026-08-25,DDOG,Datadog,Deal Desk Analyst - US West,Deal Desk,"Denver, Colorado, USA; San Francisco, California, USA",other,mid,0,0,0,,79500,https://careers.datadoghq.com/detail/8003080/?gh_jid=8003080
2026-08-25,DDOG,Datadog,Developer Advocate - Service Management,Community,"California, USA, Remote; New York, USA, Remote",product_eng,mid,0,0,0,,,https://careers.datadoghq.com/detail/8139662/?gh_jid=8139662
2026-08-25,DDOG,Datadog,"Director, Commercial Sales",Commercial Sales,"Tokyo, Japan",nontech,director,0,0,0,,,https://careers.datadoghq.com/detail/8059382/?gh_jid=8059382
2026-08-25,DDOG,Datadog,"Director, Engineering - Cloud Observability",Leadership,"Boston, Massachusetts, USA; New York, New York, USA",product_eng,director,0,2,0,general_medium,333000,https://careers.datadoghq.com/detail/8069508/?gh_jid=8069508
2026-08-25,DDOG,Datadog,"Director, Engineering - Detection Platform ",Leadership,"New York, New York, USA",product_eng,director,0,2,0,buzz,315000,https://careers.datadoghq.com/detail/8026520/?gh_jid=8026520
2026-08-25,DDOG,Datadog,"Director, Engineering - Digital Experience Monitoring",Dev Eng,"Paris, France",product_eng,director,0,0,0,,,https://careers.datadoghq.com/detail/8050591/?gh_jid=8050591
2026-08-25,DDOG,Datadog,"Director, Enterprise Sales",Enterprise Sales,"Texas, USA, Remote",nontech,director,0,0,0,,184000,https://careers.datadoghq.com/detail/7773320/?gh_jid=7773320
2026-08-25,DDOG,Datadog,"Director, Enterprise Sales Engineering - US Central",Enterprise Sales Engineering,"Illinois, USA, Remote; Michigan, USA, Remote; Texas, USA, Remote",demand_validated,director,0,3,1,application,210000,https://careers.datadoghq.com/detail/8136510/?gh_jid=8136510
2026-08-25,DDOG,Datadog,"Director, Enterprise Sales Engineering - US East",Enterprise Sales Engineering,"Boston, Massachusetts, USA; New York, New York, USA",demand_validated,director,0,3,1,application,210000,https://careers.datadoghq.com/detail/8136512/?gh_jid=8136512
2026-08-25,DDOG,Datadog,"Director, GTM Enablement Operations",GTM Enablement,"New York, New York, USA",nontech,director,0,6,1,application,236500,https://careers.datadoghq.com/detail/8137579/?gh_jid=8137579
2026-08-25,DDOG,Datadog,"Director, Product Management - AI Observability",Product Management,"New York, New York, USA",other,director,1,7,1,application|buzz|general_medium,315000,https://careers.datadoghq.com/detail/7798672/?gh_jid=7798672
2026-08-25,DDOG,Datadog,"Director, Product Management - Cloud Security and Shared Capabilities",Product Management,"Paris, France",other,director,0,0,0,,,https://careers.datadoghq.com/detail/8030324/?gh_jid=8030324
2026-08-25,DDOG,Datadog,"Director, Product Management - Core Platforms",Product Management,"New York, New York, USA",other,director,0,0,0,,315000,https://careers.datadoghq.com/detail/7583609/?gh_jid=7583609
2026-08-25,DDOG,Datadog,"Director, Security Channels (North America)",Channels & Alliances,"Colorado, USA, Remote; Illinois, USA, Remote; New York, New York, USA; New York, USA, Remote; San Francisco, California, USA; Texas, USA, Remote",other,director,0,0,0,,191000,https://careers.datadoghq.com/detail/7984985/?gh_jid=7984985
2026-08-25,DDOG,Datadog,"Director, Technical Account Management ",Technical Post Sales,"Dublin, Ireland; London, United Kingdom; Paris, France",other,director,0,0,0,,,https://careers.datadoghq.com/detail/7658810/?gh_jid=7658810
2026-08-25,DDOG,Datadog,"Director, Technical Program Management - Technical Solutions Operations",Technical Solutions Operations,"Boston, Massachusetts, USA; New York, New York, USA; San Francisco, California, USA",nontech,director,0,0,0,,252000,https://careers.datadoghq.com/detail/8010585/?gh_jid=8010585
2026-08-25,DDOG,Datadog,"Director, Technical Support Engineering",Support Engineering,"Mexico City, Mexico; Sao Paulo, Brazil",product_eng,director,0,0,0,,,https://careers.datadoghq.com/detail/7707345/?gh_jid=7707345
2026-08-25,DDOG,Datadog,"Distinguished Architect, AI",Product Solutions Architecture,"New York, New York, USA; San Francisco, California, USA",product_eng,staff_principal,1,3,1,application,385000,https://careers.datadoghq.com/detail/7966795/?gh_jid=7966795
2026-08-25,DDOG,Datadog,"Emerging Talent Recruiter, Engineering",Technical Recruiting,"Paris, France",product_eng,mid,0,0,0,,,https://careers.datadoghq.com/detail/8104969/?gh_jid=8104969
2026-08-25,DDOG,Datadog,Employment Counsel - AMER,Legal Operations,"New York, New York, USA",nontech,mid,0,0,0,,199500,https://careers.datadoghq.com/detail/8075664/?gh_jid=8075664
2026-08-25,DDOG,Datadog,"Enablement Operations Manager, Technical Solutions",GTM Enablement,"New York, New York, USA",nontech,mid,0,0,0,,121000,https://careers.datadoghq.com/detail/8134425/?gh_jid=8134425
2026-08-25,DDOG,Datadog,Engineering Compensation Partner,People,"Boston, Massachusetts, USA; New York, New York, USA",product_eng,mid,0,0,0,,166500,https://careers.datadoghq.com/detail/8051616/?gh_jid=8051616
2026-08-25,DDOG,Datadog,"Engineering Manager I, Commercial Audit",Security,"New York, New York, USA",product_eng,mid,0,0,0,,216000,https://careers.datadoghq.com/detail/8098939/?gh_jid=8098939
2026-08-25,DDOG,Datadog,"Engineering Manager I, Threat Detection",Security,"New York, New York, USA",product_eng,mid,0,3,1,application,216000,https://careers.datadoghq.com/detail/7958663/?gh_jid=7958663
2026-08-25,DDOG,Datadog,Enterprise Account Executive - Denmark,Enterprise Sales,"Copenhagen, Denmark",demand_validated,mid,0,0,0,,100000,https://careers.datadoghq.com/detail/6677658/?gh_jid=6677658
2026-08-25,DDOG,Datadog,Enterprise Account Executive - UKI,Enterprise Sales,"London, United Kingdom",demand_validated,mid,0,0,0,,100000,https://careers.datadoghq.com/detail/6836442/?gh_jid=6836442
2026-08-25,DDOG,Datadog,Enterprise Account Executive (UKI) - Public Sector,Enterprise Sales,"London, United Kingdom",demand_validated,mid,0,0,0,,100000,https://careers.datadoghq.com/detail/7599334/?gh_jid=7599334
2026-08-25,DDOG,Datadog,Enterprise Customer Success Manager,Enterprise Customer Success,"Tokyo, Japan",demand_validated,mid,0,0,0,,,https://careers.datadoghq.com/detail/7436312/?gh_jid=7436312
2026-08-25,DDOG,Datadog,Enterprise Customer Success Manager,Enterprise Customer Success,"Singapore, Singapore",demand_validated,mid,0,0,0,,,https://careers.datadoghq.com/detail/7794029/?gh_jid=7794029
2026-08-25,DDOG,Datadog,Enterprise Customer Success Manager,Enterprise Customer Success,"Jakarta, Indonesia",demand_validated,mid,0,0,0,,,https://careers.datadoghq.com/detail/7794297/?gh_jid=7794297
2026-08-25,DDOG,Datadog,Enterprise Customer Success Manager,Enterprise Customer Success,"Tokyo, Japan",demand_validated,mid,0,0,0,,,https://careers.datadoghq.com/detail/7435209/?gh_jid=7435209
2026-08-25,DDOG,Datadog,Enterprise Customer Success Manager - Chicago,Enterprise Customer Success,"Chicago, Illinois, USA",demand_validated,mid,0,0,0,,105000,https://careers.datadoghq.com/detail/8052114/?gh_jid=8052114
2026-08-25,DDOG,Datadog,Enterprise Customer Success Manager - East,Enterprise Customer Success,"Boston, Massachusetts, USA; New York, New York, USA",demand_validated,mid,0,0,0,,106000,https://careers.datadoghq.com/detail/8077474/?gh_jid=8077474
2026-08-25,DDOG,Datadog,Enterprise Customer Success Manager (German Speaking),Enterprise Customer Success,"Dublin, Ireland",demand_validated,mid,0,0,0,,,https://careers.datadoghq.com/detail/8035351/?gh_jid=8035351
2026-08-25,DDOG,Datadog,Enterprise IT Support Technician I,Enterprise Technology,"Paris, France",nontech,mid,0,0,0,,,https://careers.datadoghq.com/detail/8035671/?gh_jid=8035671
2026-08-25,DDOG,Datadog,Enterprise Sales Engineer,Enterprise Sales Engineering,"Osaka, Japan",demand_validated,mid,0,0,0,,,https://careers.datadoghq.com/detail/6430289/?gh_jid=6430289
2026-08-25,DDOG,Datadog,Enterprise Sales Engineer,Enterprise Sales Engineering,"Osaka, Japan",demand_validated,mid,0,0,0,,,https://careers.datadoghq.com/detail/6703351/?gh_jid=6703351
2026-08-25,DDOG,Datadog,Enterprise Sales Engineer,Enterprise Sales Engineering,"Brisbane, Australia",demand_validated,mid,0,0,0,,,https://careers.datadoghq.com/detail/7721005/?gh_jid=7721005
2026-08-25,DDOG,Datadog,Enterprise Sales Engineer,Enterprise Sales Engineering,"Singapore, Singapore",demand_validated,mid,0,0,0,,,https://careers.datadoghq.com/detail/7868421/?gh_jid=7868421
2026-08-25,DDOG,Datadog,Enterprise Sales Engineer (Bahasa Indonesia Speaking),Enterprise Sales Engineering,"Singapore, Singapore",demand_validated,mid,0,0,0,,,https://careers.datadoghq.com/detail/6832925/?gh_jid=6832925
2026-08-25,DDOG,Datadog,Enterprise Sales Engineer (Bahasa Indonesia Speaking),Enterprise Sales Engineering,"Jakarta, Indonesia",demand_validated,mid,0,0,0,,,https://careers.datadoghq.com/detail/6831903/?gh_jid=6831903
2026-08-25,DDOG,Datadog,Enterprise Sales Engineer - Brazil,Enterprise Sales Engineering,"Sao Paulo, Brazil",demand_validated,mid,0,0,0,,,https://careers.datadoghq.com/detail/7255532/?gh_jid=7255532
2026-08-25,DDOG,Datadog,Enterprise Sales Engineer - FED,Enterprise Sales Engineering,"District of Columbia, USA, Remote; Maryland, USA, Remote; Virginia, USA, Remote",demand_validated,mid,0,0,0,,137500,https://careers.datadoghq.com/detail/8144607/?gh_jid=8144607
2026-08-25,DDOG,Datadog,Enterprise Sales Engineer - Nordics,Enterprise Sales Engineering,"Copenhagen, Denmark; Stockholm, Sweden",demand_validated,mid,0,0,0,,,https://careers.datadoghq.com/detail/7101976/?gh_jid=7101976
2026-08-25,DDOG,Datadog,Enterprise Sales Engineer - Rockies,Enterprise Sales Engineering,"Colorado, USA, Remote",demand_validated,mid,0,0,0,,137500,https://careers.datadoghq.com/detail/7857714/?gh_jid=7857714
2026-08-25,DDOG,Datadog,Enterprise Sales Engineer - UK,Enterprise Sales Engineering,"United Kingdom, Remote",demand_validated,mid,0,0,0,,,https://careers.datadoghq.com/detail/7487353/?gh_jid=7487353
2026-08-25,DDOG,Datadog,Enterprise Sales Executive,Enterprise Sales,"North Carolina, USA, Remote; Tennessee, USA, Remote",nontech,mid,0,0,0,,110000,https://careers.datadoghq.com/detail/7465857/?gh_jid=7465857
2026-08-25,DDOG,Datadog,Enterprise Sales Executive,Enterprise Sales,"Boston, Massachusetts, USA",nontech,mid,0,0,0,,110000,https://careers.datadoghq.com/detail/7410254/?gh_jid=7410254
2026-08-25,DDOG,Datadog,Enterprise Sales Executive,Enterprise Sales,"Washington, District of Columbia, USA",nontech,mid,0,0,0,,110000,https://careers.datadoghq.com/detail/7426707/?gh_jid=7426707
2026-08-25,DDOG,Datadog,Enterprise Sales Executive,Enterprise Sales,"Montreal, Canada; Quebec City, Quebec, Canada",nontech,mid,0,0,0,,100000,https://careers.datadoghq.com/detail/4828332/?gh_jid=4828332
2026-08-25,DDOG,Datadog,Enterprise Sales Executive,Enterprise Sales,"New York, New York, USA",nontech,mid,0,0,0,,105000,https://careers.datadoghq.com/detail/7405831/?gh_jid=7405831
2026-08-25,DDOG,Datadog,Enterprise Sales Executive,Enterprise Sales,"Florida, USA, Remote",nontech,mid,0,0,0,,110000,https://careers.datadoghq.com/detail/7466155/?gh_jid=7466155
2026-08-25,DDOG,Datadog,Enterprise Sales Executive,Enterprise Sales,"Georgia, USA, Remote",nontech,mid,0,0,0,,125000,https://careers.datadoghq.com/detail/7405822/?gh_jid=7405822
2026-08-25,DDOG,Datadog,Enterprise Sales Executive (Benelux),Enterprise Sales,"Amsterdam, The Netherlands",nontech,mid,0,0,0,,100000,https://careers.datadoghq.com/detail/6185452/?gh_jid=6185452
2026-08-25,DDOG,Datadog,Enterprise Sales Executive (FED),Enterprise Sales,"Washington, District of Columbia, USA",nontech,mid,0,0,0,,105000,https://careers.datadoghq.com/detail/7426680/?gh_jid=7426680
2026-08-25,DDOG,Datadog,Enterprise Sales Executive (FED),Enterprise Sales,"Maryland, USA, Remote; Virginia, USA, Remote",nontech,mid,0,0,0,,105000,https://careers.datadoghq.com/detail/7421284/?gh_jid=7421284
2026-08-25,DDOG,Datadog,Enterprise Sales Executive (SLED),Enterprise Sales,"Illinois, USA, Remote; Michigan, USA, Remote; Texas, USA, Remote",nontech,mid,0,0,0,,85000,https://careers.datadoghq.com/detail/7453039/?gh_jid=7453039
2026-08-25,DDOG,Datadog,Enterprise Sales Executive (SLED),Enterprise Sales,"San Francisco, California, USA",nontech,mid,0,0,0,,85000,https://careers.datadoghq.com/detail/7426752/?gh_jid=7426752
2026-08-25,DDOG,Datadog,Enterprise Sales Executive (Sweden) ,Enterprise Sales,"Stockholm, Sweden",nontech,mid,0,0,0,,100000,https://careers.datadoghq.com/detail/5925905/?gh_jid=5925905
2026-08-25,DDOG,Datadog,Enterprise Sales Executive (Vietnam Market),Enterprise Sales,"Singapore, Singapore",nontech,mid,0,0,0,,100000,https://careers.datadoghq.com/detail/7590670/?gh_jid=7590670
2026-08-25,DDOG,Datadog,Enterprise Security Sales Specialist,Enterprise Sales,"District of Columbia, USA, Remote; North Carolina, USA, Remote",nontech,mid,0,0,0,,131500,https://careers.datadoghq.com/detail/7132132/?gh_jid=7132132
2026-08-25,DDOG,Datadog,Enterprise Security Sales Specialist,Enterprise Sales,"New York, New York, USA",nontech,mid,0,0,0,,131500,https://careers.datadoghq.com/detail/7129425/?gh_jid=7129425
2026-08-25,DDOG,Datadog,Equity Administration Assistant Manager,Finance,"New York, New York, USA",other,mid,0,0,0,,142500,https://careers.datadoghq.com/detail/8140297/?gh_jid=8140297
2026-08-25,DDOG,Datadog,Executive Assistant II - Paris,People,"Paris, France",other,mid,0,0,0,,,https://careers.datadoghq.com/detail/8096323/?gh_jid=8096323
2026-08-25,DDOG,Datadog,Federal Support Engineer 3,Support Engineering,"Denver, Colorado, USA",product_eng,mid,0,0,0,,107000,https://careers.datadoghq.com/detail/7997846/?gh_jid=7997846
2026-08-25,DDOG,Datadog,Field CTO (Japan),Product Solutions Architecture,"Tokyo, Japan",other,mid,0,0,0,,,https://careers.datadoghq.com/detail/7526356/?gh_jid=7526356
2026-08-25,DDOG,Datadog,Field CTO (Japan),Product Solutions Architecture,"Tokyo, Japan",other,mid,0,0,0,,,https://careers.datadoghq.com/detail/7703553/?gh_jid=7703553
2026-08-25,DDOG,Datadog,Field Marketing Manager,Field Marketing,"Bangalore, India",nontech,mid,0,0,0,,,https://careers.datadoghq.com/detail/8003073/?gh_jid=8003073
2026-08-25,DDOG,Datadog,Field Marketing Manager (APJ),Field Marketing,"Singapore, Singapore",nontech,mid,0,0,0,,,https://careers.datadoghq.com/detail/8081919/?gh_jid=8081919
2026-08-25,DDOG,Datadog,Field Marketing Manager (North Central),Field Marketing,"San Francisco, California, USA",nontech,mid,0,0,0,,114500,https://careers.datadoghq.com/detail/8122915/?gh_jid=8122915
2026-08-25,DDOG,Datadog,Field Marketing Manager (UKI),Field Marketing,"London, United Kingdom",nontech,mid,0,0,0,,,https://careers.datadoghq.com/detail/8114585/?gh_jid=8114585
2026-08-25,DDOG,Datadog,FP&A Analyst - Data Insights,Finance,"New York, New York, USA",other,mid,0,0,0,,115500,https://careers.datadoghq.com/detail/7964916/?gh_jid=7964916
2026-08-25,DDOG,Datadog,Group Product Manager - Bring Your Own Cloud,Product Management,"New York, New York, USA",product_eng,mid,0,6,1,application,274500,https://careers.datadoghq.com/detail/8024863/?gh_jid=8024863
2026-08-25,DDOG,Datadog,"Group Product Manager, Cloud Security",Product Management,"New York, New York, USA",product_eng,mid,0,0,0,,274500,https://careers.datadoghq.com/detail/8029539/?gh_jid=8029539
2026-08-25,DDOG,Datadog,Group Product Manager - Code Security,Product Management,"New York, New York, USA",product_eng,mid,0,0,0,,274500,https://careers.datadoghq.com/detail/8023763/?gh_jid=8023763
2026-08-25,DDOG,Datadog,GTM Operations Associate,Sales Strategy,"New York, New York, USA",nontech,mid,0,3,1,application,116500,https://careers.datadoghq.com/detail/8049521/?gh_jid=8049521
2026-08-25,DDOG,Datadog,"Head of Enterprise Sales, Japan",Enterprise Sales,"Tokyo, Japan",nontech,exec,0,0,0,,,https://careers.datadoghq.com/detail/7730200/?gh_jid=7730200
2026-08-25,DDOG,Datadog,"Head of Enterprise Sales, Japan",Enterprise Sales,"Tokyo, Japan",nontech,exec,0,0,0,,,https://careers.datadoghq.com/detail/7729887/?gh_jid=7729887
2026-08-25,DDOG,Datadog,"Head of Executive Search, Business Recruiting",Business Recruiting,"Boston, Massachusetts, USA; Denver, Colorado, USA; New York, New York, USA; San Francisco, California, USA",nontech,exec,0,0,0,,201500,https://careers.datadoghq.com/detail/7961311/?gh_jid=7961311
2026-08-25,DDOG,Datadog,HRIS Manager,People,"New York, New York, USA",other,mid,0,0,0,,161000,https://careers.datadoghq.com/detail/8024708/?gh_jid=8024708
2026-08-25,DDOG,Datadog,Implementation Services Project Manager,Technical Post Sales,"Singapore, Singapore",demand_validated,mid,0,0,0,,,https://careers.datadoghq.com/detail/7809909/?gh_jid=7809909
2026-08-25,DDOG,Datadog,Indirect Tax Manager,Finance,"New York, New York, USA",other,mid,0,0,0,,140000,https://careers.datadoghq.com/detail/8091967/?gh_jid=8091967
2026-08-25,DDOG,Datadog,Key Accounts Executive,Enterprise Sales,"Atlanta, Georgia, USA; Boston, Massachusetts, USA; New York, New York, USA",other,mid,0,0,0,,125000,https://careers.datadoghq.com/detail/7409236/?gh_jid=7409236
2026-08-25,DDOG,Datadog,Key Accounts Executive - EMEA,Enterprise Sales,"Germany, Remote; London, United Kingdom",other,mid,0,0,0,,100000,https://careers.datadoghq.com/detail/6485604/?gh_jid=6485604
2026-08-25,DDOG,Datadog,Lead Designer,Creative Marketing,"New York, New York, USA",product_eng,senior,0,0,0,,139000,https://careers.datadoghq.com/detail/8083862/?gh_jid=8083862
2026-08-25,DDOG,Datadog,Major Account Manager (EMEA),Enterprise Sales,"Paris, France; Switzerland, Remote",other,mid,0,0,0,,,https://careers.datadoghq.com/detail/7409175/?gh_jid=7409175
2026-08-25,DDOG,Datadog,"Manager 1, Premier Support Engineering - Denver",Support Engineering,"Denver, Colorado, USA",product_eng,mid,0,0,0,,126000,https://careers.datadoghq.com/detail/8083563/?gh_jid=8083563
2026-08-25,DDOG,Datadog,"Manager 2, Premier Support Engineering",Support Engineering,"Tokyo, Japan",product_eng,mid,0,0,0,,,https://careers.datadoghq.com/detail/7894188/?gh_jid=7894188
2026-08-25,DDOG,Datadog,"Manager, Commercial Customer Success",Commercial Customer Success,"Sao Paulo, Brazil",demand_validated,mid,0,0,0,,,https://careers.datadoghq.com/detail/8041622/?gh_jid=8041622
2026-08-25,DDOG,Datadog,"Manager, Commercial Sales",Commercial Sales,"Tokyo, Japan",nontech,mid,0,0,0,,,https://careers.datadoghq.com/detail/7463989/?gh_jid=7463989
2026-08-25,DDOG,Datadog,"Manager, Commercial Sales",Commercial Sales,"Tokyo, Japan",nontech,mid,0,0,0,,,https://careers.datadoghq.com/detail/7463769/?gh_jid=7463769
2026-08-25,DDOG,Datadog,"Manager, Customer Success - Boston",Commercial Customer Success,"Boston, Massachusetts, USA",demand_validated,mid,0,0,0,,126000,https://careers.datadoghq.com/detail/8146986/?gh_jid=8146986
2026-08-25,DDOG,Datadog,"Manager I, Applied AI - Distilled Models",Leadership,"Paris, France",other,mid,1,21,1,application|buzz|general_medium,,https://careers.datadoghq.com/detail/8030598/?gh_jid=8030598
2026-08-25,DDOG,Datadog,"Manager I, Documentation",Community,"California, USA, Remote; Colorado, USA, Remote; Illinois, USA, Remote; New York, USA, Remote; Washington, USA, Remote",other,mid,0,0,0,,162000,https://careers.datadoghq.com/detail/7974666/?gh_jid=7974666
2026-08-25,DDOG,Datadog,"Manager I, Engineering - AI Platform - Evaluation & Annotation",Leadership,"Paris, France",product_eng,mid,1,4,0,data_ml_ops|general_medium,,https://careers.datadoghq.com/detail/7965428/?gh_jid=7965428
2026-08-25,DDOG,Datadog,"Manager I, Engineering - AI Platform - Training & Serving",Leadership,"Paris, France",product_eng,mid,1,5,1,general_medium|model_infra,,https://careers.datadoghq.com/detail/7529852/?gh_jid=7529852
2026-08-25,DDOG,Datadog,"Manager I, Engineering - APM Serverless",Leadership,"New York, New York, USA",product_eng,mid,0,0,0,,216000,https://careers.datadoghq.com/detail/8060821/?gh_jid=8060821
2026-08-25,DDOG,Datadog,"Manager I, Engineering - Applied AI/ML Product Analytics Suite",Leadership,"Paris, France",product_eng,mid,1,5,1,application|general_medium,,https://careers.datadoghq.com/detail/8127768/?gh_jid=8127768
2026-08-25,DDOG,Datadog,"Manager I, Engineering - Applied AI - Natural Language & Conversational Interfaces",Leadership,"New York, New York, USA",product_eng,mid,1,21,1,application|buzz|general_medium,216000,https://careers.datadoghq.com/detail/7560494/?gh_jid=7560494
2026-08-25,DDOG,Datadog,"Manager I, Engineering - Change Experience Platform",Leadership,"New York, New York, USA",product_eng,mid,0,0,0,,216000,https://careers.datadoghq.com/detail/8031007/?gh_jid=8031007
2026-08-25,DDOG,Datadog,"Manager I, Engineering - Code Coverage",Leadership,"Madrid, Spain",product_eng,mid,0,7,1,application|buzz,,https://careers.datadoghq.com/detail/8048588/?gh_jid=8048588
2026-08-25,DDOG,Datadog,"Manager I, Engineering - Code Security",Leadership,"Paris, France",product_eng,mid,0,6,1,application,,https://careers.datadoghq.com/detail/8108378/?gh_jid=8108378
2026-08-25,DDOG,Datadog,"Manager I, Engineering - Core Analytics",Leadership,"New York, New York, USA",product_eng,mid,0,6,1,application|model_infra,216000,https://careers.datadoghq.com/detail/7696093/?gh_jid=7696093
2026-08-25,DDOG,Datadog,"Manager I, Engineering - Data Visualization Explorations",Leadership,"New York, New York, USA",product_eng,mid,0,0,0,,216000,https://careers.datadoghq.com/detail/7947742/?gh_jid=7947742
2026-08-25,DDOG,Datadog,"Manager I, Engineering - Experiments",Leadership,"New York, New York, USA",product_eng,mid,0,0,0,,216000,https://careers.datadoghq.com/detail/8060788/?gh_jid=8060788
2026-08-25,DDOG,Datadog,"Manager I, Engineering - Husky",Leadership,"Paris, France",product_eng,mid,0,0,0,,,https://careers.datadoghq.com/detail/7959705/?gh_jid=7959705
2026-08-25,DDOG,Datadog,"Manager I, Engineering - Observability Pipelines (OP)",Dev Eng,"Paris, France",product_eng,mid,0,0,0,,,https://careers.datadoghq.com/detail/8074318/?gh_jid=8074318
2026-08-25,DDOG,Datadog,"Manager I, Engineering - Onboarding Growth",Leadership,"New York, New York, USA",product_eng,mid,0,0,0,,216000,https://careers.datadoghq.com/detail/8041594/?gh_jid=8041594
2026-08-25,DDOG,Datadog,"Manager I, Engineering - OrgStore Blueprint",Leadership,"Madrid, Spain",product_eng,mid,0,0,0,,,https://careers.datadoghq.com/detail/7586019/?gh_jid=7586019
2026-08-25,DDOG,Datadog,"Manager I, Engineering - Security Libraries",Dev Eng,"Paris, France",product_eng,mid,0,0,0,,,https://careers.datadoghq.com/detail/8094219/?gh_jid=8094219
2026-08-25,DDOG,Datadog,"Manager I, Engineering - Sensitive Data Scanner",Leadership,"Paris, France",product_eng,mid,0,0,0,,,https://careers.datadoghq.com/detail/8102794/?gh_jid=8102794
2026-08-25,DDOG,Datadog,"Manager I, Engineering - Source Code Integration",Leadership,"Paris, France",product_eng,mid,0,3,1,application,,https://careers.datadoghq.com/detail/8051068/?gh_jid=8051068
2026-08-25,DDOG,Datadog,"Manager II, Engineering - Observability Pipelines",Leadership,"New York, New York, USA",product_eng,mid,0,0,0,,283500,https://careers.datadoghq.com/detail/8103585/?gh_jid=8103585
2026-08-25,DDOG,Datadog,"Manager II, Premier Support Engineering - EMEA",Support Engineering,"Paris, France",product_eng,mid,0,0,0,,,https://careers.datadoghq.com/detail/7496237/?gh_jid=7496237
2026-08-25,DDOG,Datadog,"Manager II, Services Architect",Technical Post Sales,"Singapore, Singapore",product_eng,mid,0,0,0,,,https://careers.datadoghq.com/detail/7939294/?gh_jid=7939294
2026-08-25,DDOG,Datadog,"Manager, Internal Product Analytics",Product Management,"New York, New York, USA",other,intern,0,4,1,application|buzz,180000,https://careers.datadoghq.com/detail/8128810/?gh_jid=8128810
2026-08-25,DDOG,Datadog,"Manager I, Technical Account Management - Chicago/Denver",Technical Post Sales,"Chicago, Illinois, USA",other,mid,0,0,0,,179500,https://careers.datadoghq.com/detail/7787715/?gh_jid=7787715
2026-08-25,DDOG,Datadog,"Manager I, Technical Escalations Engineering - Paris",Support Engineering,"Paris, France",product_eng,mid,0,0,0,,,https://careers.datadoghq.com/detail/8013353/?gh_jid=8013353
2026-08-25,DDOG,Datadog,"Manager I, Technical Support Engineering",Support Engineering,"Seoul, South Korea",product_eng,mid,0,0,0,,,https://careers.datadoghq.com/detail/8014851/?gh_jid=8014851
2026-08-25,DDOG,Datadog,"Manager I, Technical Support Engineering",Support Engineering,"Tokyo, Japan",product_eng,mid,0,0,0,,,https://careers.datadoghq.com/detail/7343626/?gh_jid=7343626
2026-08-25,DDOG,Datadog,"Manager, Mid Market - Brazil",Mid-Market Sales,"Sao Paulo, Brazil",other,mid,0,0,0,,,https://careers.datadoghq.com/detail/7800409/?gh_jid=7800409
2026-08-25,DDOG,Datadog,"Manager, Networking",Enterprise Technology,"Boston, Massachusetts, USA; Denver, Colorado, USA; New York, New York, USA",other,mid,0,0,0,,166000,https://careers.datadoghq.com/detail/6632056/?gh_jid=6632056
2026-08-25,DDOG,Datadog,"Manager, Sales Field Enablement, APJ",GTM Enablement,"Singapore, Singapore",nontech,mid,0,0,0,,,https://careers.datadoghq.com/detail/8047666/?gh_jid=8047666
2026-08-25,DDOG,Datadog,"Manager, Strategic Sourcing, AI Infrastructure & Services",Finance,"New York, New York, USA",other,mid,1,4,0,general_medium,157500,https://careers.datadoghq.com/detail/8024670/?gh_jid=8024670
2026-08-25,DDOG,Datadog,Mid Market Account Executive,Mid-Market Sales,"Tokyo, Japan",demand_validated,mid,0,0,0,,,https://careers.datadoghq.com/detail/6522009/?gh_jid=6522009
2026-08-25,DDOG,Datadog,Mid Market Account Executive,Mid-Market Sales,"New York, New York, USA",demand_validated,mid,0,0,0,,92500,https://careers.datadoghq.com/detail/6665385/?gh_jid=6665385
2026-08-25,DDOG,Datadog,Mid Market Account Executive,Mid-Market Sales,"Denver, Colorado, USA",demand_validated,mid,0,0,0,,92500,https://careers.datadoghq.com/detail/6163246/?gh_jid=6163246
2026-08-25,DDOG,Datadog,Mid Market Account Executive,Mid-Market Sales,"Tokyo, Japan",demand_validated,mid,0,0,0,,,https://careers.datadoghq.com/detail/6523631/?gh_jid=6523631
2026-08-25,DDOG,Datadog,Mid Market Account Executive,Mid-Market Sales,"Bangalore, India",demand_validated,mid,0,0,0,,,https://careers.datadoghq.com/detail/7785319/?gh_jid=7785319
2026-08-25,DDOG,Datadog,Mid Market Account Executive - Benelux,Mid-Market Sales,"Amsterdam, The Netherlands",demand_validated,mid,0,0,0,,,https://careers.datadoghq.com/detail/8096105/?gh_jid=8096105
2026-08-25,DDOG,Datadog,Mid-Market Account Executive - Boston,Mid-Market Sales,"Boston, Massachusetts, USA",demand_validated,mid,0,0,0,,92500,https://careers.datadoghq.com/detail/6798820/?gh_jid=6798820
2026-08-25,DDOG,Datadog,Mid Market Account Executive (Brazil),Mid-Market Sales,"Sao Paulo, Brazil",demand_validated,mid,0,0,0,,,https://careers.datadoghq.com/detail/7773458/?gh_jid=7773458
2026-08-25,DDOG,Datadog,Mid-Market Account Executive (DACH),Mid-Market Sales,"Amsterdam, The Netherlands; Dublin, Ireland",demand_validated,mid,0,0,0,,,https://careers.datadoghq.com/detail/7476847/?gh_jid=7476847
2026-08-25,DDOG,Datadog,Mid-Market Account Executive - San Francisco,Mid-Market Sales,"San Francisco, California, USA",demand_validated,mid,0,0,0,,92500,https://careers.datadoghq.com/detail/7082012/?gh_jid=7082012
2026-08-25,DDOG,Datadog,Mid-Market Account Executive - (Turkey),Mid-Market Sales,"Amsterdam, The Netherlands",demand_validated,mid,0,0,0,,,https://careers.datadoghq.com/detail/8030635/?gh_jid=8030635
2026-08-25,DDOG,Datadog,Mid-Market Sales Engineer (AMER - East),Commercial & Mid-Market Sales Engineering,"Boston, Massachusetts, USA",demand_validated,mid,0,0,0,,137500,https://careers.datadoghq.com/detail/8088995/?gh_jid=8088995
2026-08-25,DDOG,Datadog,Mid-Market Sales Engineer (Sao Paulo),Commercial & Mid-Market Sales Engineering,"Sao Paulo, Brazil",demand_validated,mid,0,0,0,,,https://careers.datadoghq.com/detail/8080606/?gh_jid=8080606
2026-08-25,DDOG,Datadog,Mid-Market Sales (Italy/Spain),Mid-Market Sales,"Amsterdam, The Netherlands",nontech,mid,0,0,0,,,https://careers.datadoghq.com/detail/7530418/?gh_jid=7530418
2026-08-25,DDOG,Datadog,Office Operations Associate,Business Operations,"Bangalore, India",nontech,mid,0,0,0,,,https://careers.datadoghq.com/detail/8102152/?gh_jid=8102152
2026-08-25,DDOG,Datadog,Office Operations Associate - Boston,Business Operations,"Boston, Massachusetts, USA",nontech,mid,0,0,0,,59500,https://careers.datadoghq.com/detail/8110038/?gh_jid=8110038
2026-08-25,DDOG,Datadog,Office Technology Administrator II,Enterprise Technology,"Paris, France",nontech,mid,0,0,0,,,https://careers.datadoghq.com/detail/8028254/?gh_jid=8028254
2026-08-25,DDOG,Datadog,Partner Manager - Channels,Channels & Alliances,"Illinois, USA, Remote; Michigan, USA, Remote; Minnesota, USA, Remote; Ohio, USA, Remote; Texas, USA, Remote",other,mid,0,0,0,,95500,https://careers.datadoghq.com/detail/7872382/?gh_jid=7872382
2026-08-25,DDOG,Datadog,Partner Manager - Channels ,Channels & Alliances,"Mexico City, Mexico",other,mid,0,0,0,,,https://careers.datadoghq.com/detail/7868711/?gh_jid=7868711
2026-08-25,DDOG,Datadog,Partner Marketing Manager,Partner Marketing,"Bangalore, India",nontech,mid,0,0,0,,,https://careers.datadoghq.com/detail/8139190/?gh_jid=8139190
2026-08-25,DDOG,Datadog,Partner Solutions Architect,Channels & Alliances,"Seoul, South Korea",demand_validated,mid,0,0,0,,,https://careers.datadoghq.com/detail/7926141/?gh_jid=7926141
2026-08-25,DDOG,Datadog,Partner Solutions Architect (ANZ),Channels & Alliances,"Sydney, Australia",demand_validated,mid,0,0,0,,,https://careers.datadoghq.com/detail/7922975/?gh_jid=7922975
2026-08-25,DDOG,Datadog,Partner Solutions Architect (Brazil),Channels & Alliances,"Sao Paulo, Brazil",demand_validated,mid,0,0,0,,,https://careers.datadoghq.com/detail/7967871/?gh_jid=7967871
2026-08-25,DDOG,Datadog,Partner Solutions Architect (Colombia),Channels & Alliances,"Colombia, Remote",demand_validated,mid,0,0,0,,,https://careers.datadoghq.com/detail/7977644/?gh_jid=7977644
2026-08-25,DDOG,Datadog,Partner Solutions Architect (EMEA),Channels & Alliances,"Amsterdam, The Netherlands; Germany, Remote",demand_validated,mid,0,0,0,,,https://careers.datadoghq.com/detail/8094179/?gh_jid=8094179
2026-08-25,DDOG,Datadog,Partner Solutions Architect (EMEA),Channels & Alliances,"Italy, Remote; Paris, France; Portugal, Remote; Spain, Remote",demand_validated,mid,0,0,0,,,https://careers.datadoghq.com/detail/7683726/?gh_jid=7683726
2026-08-25,DDOG,Datadog,Partner Solutions Architect (GSI) - AMER East,Channels & Alliances,"Boston, Massachusetts, USA; New York, New York, USA",demand_validated,mid,0,0,0,,174000,https://careers.datadoghq.com/detail/8003977/?gh_jid=8003977
2026-08-25,DDOG,Datadog,Partner Solutions Architect (GSI) - AMER West,Channels & Alliances,"California, USA, Remote; Illinois, USA, Remote; Texas, USA, Remote; Washington, USA, Remote",demand_validated,mid,0,0,0,,174000,https://careers.datadoghq.com/detail/8015631/?gh_jid=8015631
2026-08-25,DDOG,Datadog,Partner Solutions Architect (GSI) - AMER West,Channels & Alliances,"Denver, Colorado, USA; San Francisco, California, USA",demand_validated,mid,0,0,0,,174000,https://careers.datadoghq.com/detail/8010455/?gh_jid=8010455
2026-08-25,DDOG,Datadog,Partner Solutions Architect (India GSI),Channels & Alliances,"Bangalore, India",demand_validated,mid,0,0,0,,,https://careers.datadoghq.com/detail/7984988/?gh_jid=7984988
2026-08-25,DDOG,Datadog,Partner Solutions Architect (Pan-EMEA GSI),Channels & Alliances,"Amsterdam, The Netherlands; Germany, Remote; Italy, Remote; London, United Kingdom; Madrid, Spain; Stockholm, Sweden",demand_validated,mid,0,0,0,,,https://careers.datadoghq.com/detail/7997198/?gh_jid=7997198
2026-08-25,DDOG,Datadog,Partner Solutions Architect (Pan-EMEA GSI),Channels & Alliances,"Lisbon, Portugal",demand_validated,mid,0,0,0,,,https://careers.datadoghq.com/detail/8095963/?gh_jid=8095963
2026-08-25,DDOG,Datadog,Partner Technology Solutions Engineer,Product Management,"New York, New York, USA",demand_validated,mid,0,0,0,,175500,https://careers.datadoghq.com/detail/7961297/?gh_jid=7961297
2026-08-25,DDOG,Datadog,Payroll Specialist,People,"Boston, Massachusetts, USA; Denver, Colorado, USA; New York, New York, USA",nontech,mid,0,0,0,,93000,https://careers.datadoghq.com/detail/8028508/?gh_jid=8028508
2026-08-25,DDOG,Datadog,People Solutions Coordinator (NYC),People,"New York, New York, USA",other,mid,0,0,0,,65000,https://careers.datadoghq.com/detail/7728298/?gh_jid=7728298
2026-08-25,DDOG,Datadog,"People Strategy, Engineering",People,"New York, New York, USA",product_eng,mid,0,1,0,buzz,189000,https://careers.datadoghq.com/detail/8098833/?gh_jid=8098833
2026-08-25,DDOG,Datadog,People Systems Developer,People,"Boston, Massachusetts, USA; Denver, Colorado, USA; New York, New York, USA",product_eng,mid,0,3,1,application,175500,https://careers.datadoghq.com/detail/7874990/?gh_jid=7874990
2026-08-25,DDOG,Datadog,Principal Partner Manager - Channels (GSI),Channels & Alliances,"Florida, USA, Remote; Illinois, USA, Remote; New Jersey, USA, Remote; Texas, USA, Remote; Washington, USA, Remote",other,staff_principal,0,0,0,,161000,https://careers.datadoghq.com/detail/7584250/?gh_jid=7584250
2026-08-25,DDOG,Datadog,Principal Partner Manager - Channels (GSI),Channels & Alliances,"Boston, Massachusetts, USA; Denver, Colorado, USA; New York, New York, USA; San Francisco, California, USA",other,staff_principal,0,0,0,,161000,https://careers.datadoghq.com/detail/7582679/?gh_jid=7582679
2026-08-25,DDOG,Datadog,Principal Partner Manager - Channels (UKI Security),Channels & Alliances,"London, United Kingdom",other,staff_principal,0,0,0,,,https://careers.datadoghq.com/detail/7747740/?gh_jid=7747740
2026-08-25,DDOG,Datadog,Principal Partner Manager - Channels (UKI Security),Channels & Alliances,"United Kingdom, Remote",other,staff_principal,0,0,0,,,https://careers.datadoghq.com/detail/8146927/?gh_jid=8146927
2026-08-25,DDOG,Datadog,Principal Partner Manager - Technology Alliances,Channels & Alliances,"California, USA, Remote; Massachusetts, USA, Remote; New York, New York, USA; New York, USA, Remote; Texas, USA, Remote; Washington, USA, Remote",other,staff_principal,0,0,0,,227500,https://careers.datadoghq.com/detail/7976823/?gh_jid=7976823
2026-08-25,DDOG,Datadog,Principal Partner Solutions Architect (Public Sector - Fed),Channels & Alliances,"District of Columbia, USA, Remote; Maryland, USA, Remote; Virginia, USA, Remote",demand_validated,staff_principal,0,0,0,,227500,https://careers.datadoghq.com/detail/7943824/?gh_jid=7943824
2026-08-25,DDOG,Datadog,Product Management Intern,Engineering Interns,"New York, New York, USA",other,intern,0,1,0,buzz,105000,https://careers.datadoghq.com/detail/8108241/?gh_jid=8108241
2026-08-25,DDOG,Datadog,"Product Manager II, AI & Data Security",Product Management,"Paris, France",product_eng,mid,1,8,1,application|buzz|model_infra,,https://careers.datadoghq.com/detail/8012549/?gh_jid=8012549
2026-08-25,DDOG,Datadog,"Product Manager II, AI & Data Security",Product Management,"Boston, Massachusetts, USA; New York, New York, USA",product_eng,mid,1,8,1,application|buzz|model_infra,175500,https://careers.datadoghq.com/detail/7982288/?gh_jid=7982288
2026-08-25,DDOG,Datadog,Product Manager II - Alerting,Product Management,"New York, New York, USA",product_eng,mid,0,1,0,buzz,175000,https://careers.datadoghq.com/detail/8076871/?gh_jid=8076871
2026-08-25,DDOG,Datadog,Product Manager II - Application Performance Monitoring,Product Management,"New York, New York, USA",product_eng,mid,0,3,1,application,175500,https://careers.datadoghq.com/detail/8021327/?gh_jid=8021327
2026-08-25,DDOG,Datadog,Product Manager II - Developer Engagement,Product Management,"New York, New York, USA",product_eng,mid,0,1,0,buzz,175500,https://careers.datadoghq.com/detail/8064898/?gh_jid=8064898
2026-08-25,DDOG,Datadog,Product Manager II - SQL & Sheets Growth,Product Management,"New York, New York, USA",product_eng,mid,0,0,0,,175500,https://careers.datadoghq.com/detail/8119973/?gh_jid=8119973
2026-08-25,DDOG,Datadog,Product Operations Manager,Product Management,"New York, New York, USA",nontech,mid,0,7,1,application|buzz,147500,https://careers.datadoghq.com/detail/7991343/?gh_jid=7991343
2026-08-25,DDOG,Datadog,"Product Strategy and Corporate Development Lead, AI",Corporate Development,"New York, New York, USA",other,senior,1,0,0,,198500,https://careers.datadoghq.com/detail/8011158/?gh_jid=8011158
2026-08-25,DDOG,Datadog,Product Strategy and Corporate Development Lead (EMEA),Corporate Development,"Paris, France",other,senior,0,5,1,application|data_ml_ops,,https://careers.datadoghq.com/detail/7413847/?gh_jid=7413847
2026-08-25,DDOG,Datadog,"Program Manager, AI and Developer Community Content and Events",Community,"San Francisco, California, USA",product_eng,mid,1,0,0,,163500,https://careers.datadoghq.com/detail/8094924/?gh_jid=8094924
2026-08-25,DDOG,Datadog,Program Manager - Community Content and Events (EMEA),Community,"Paris, France",other,mid,0,0,0,,,https://careers.datadoghq.com/detail/8091868/?gh_jid=8091868
2026-08-25,DDOG,Datadog,"Recruiter, Enterprise Sales",Business Recruiting,"Dublin, Ireland; London, United Kingdom",nontech,mid,0,0,0,,,https://careers.datadoghq.com/detail/8096400/?gh_jid=8096400
2026-08-25,DDOG,Datadog,"Recruiter, GTM",Business Recruiting,"Boston, Massachusetts, USA; New York, New York, USA",nontech,mid,0,0,0,,114000,https://careers.datadoghq.com/detail/7927485/?gh_jid=7927485
2026-08-25,DDOG,Datadog,"Recruiter II, Business Recruiting",Business Recruiting,"Singapore, Singapore",nontech,mid,0,0,0,,,https://careers.datadoghq.com/detail/8041182/?gh_jid=8041182
2026-08-25,DDOG,Datadog,"Recruiter II, Business Recruiting",Business Recruiting,"Tokyo, Japan",nontech,mid,0,0,0,,,https://careers.datadoghq.com/detail/7650367/?gh_jid=7650367
2026-08-25,DDOG,Datadog,Regional Director - Enterprise Sales (Saudi Arabia) ,Enterprise Sales,"Riyadh, Saudi Arabia",nontech,director,0,0,0,,,https://careers.datadoghq.com/detail/7338847/?gh_jid=7338847
2026-08-25,DDOG,Datadog,"Regional Manager, Sales Engineering - Public Sector",Enterprise Sales Engineering,"Tokyo, Japan",demand_validated,mid,0,0,0,,,https://careers.datadoghq.com/detail/8003531/?gh_jid=8003531
2026-08-25,DDOG,Datadog,"Regional Manager, Sales Engineering - Public Sector",Enterprise Sales Engineering,"Tokyo, Japan",demand_validated,mid,0,0,0,,,https://careers.datadoghq.com/detail/8113562/?gh_jid=8113562
2026-08-25,DDOG,Datadog,"Regional Manager, Sales Engineering - Security (NORAM)",Enterprise Sales Engineering,"Maryland, USA, Remote; Massachusetts, USA, Remote; New Jersey, USA, Remote; New York, New York, USA; Virginia, USA, Remote",demand_validated,mid,0,0,0,,175000,https://careers.datadoghq.com/detail/8016279/?gh_jid=8016279
2026-08-25,DDOG,Datadog,"Regional Manager, Sales Engineering - UK",Enterprise Sales Engineering,"London, United Kingdom",demand_validated,mid,0,0,0,,,https://careers.datadoghq.com/detail/8048106/?gh_jid=8048106
2026-08-25,DDOG,Datadog,Sales Development Representative,Sales Development,"Seoul, South Korea",nontech,mid,0,0,0,,,https://careers.datadoghq.com/detail/6686710/?gh_jid=6686710
2026-08-25,DDOG,Datadog,Sales Development Representative,Sales Development,"Sydney, Australia",nontech,mid,0,0,0,,,https://careers.datadoghq.com/detail/8042600/?gh_jid=8042600
2026-08-25,DDOG,Datadog,Sales Development Representative,Sales Development,"Seoul, South Korea",nontech,mid,0,0,0,,,https://careers.datadoghq.com/detail/6690499/?gh_jid=6690499
2026-08-25,DDOG,Datadog,Sales Development Representative,Sales Development,"Bangalore, India",nontech,mid,0,0,0,,,https://careers.datadoghq.com/detail/7531575/?gh_jid=7531575
2026-08-25,DDOG,Datadog,Sales Development Representative,Sales Development,"Tokyo, Japan",nontech,mid,0,0,0,,,https://careers.datadoghq.com/detail/7806043/?gh_jid=7806043
2026-08-25,DDOG,Datadog,Sales Development Representative,Sales Development,"Tokyo, Japan",nontech,mid,0,0,0,,,https://careers.datadoghq.com/detail/7806117/?gh_jid=7806117
2026-08-25,DDOG,Datadog,Sales Development Representative (Benelux),Sales Development,"Dublin, Ireland",nontech,mid,0,0,0,,,https://careers.datadoghq.com/detail/7180254/?gh_jid=7180254
2026-08-25,DDOG,Datadog,Sales Development Representative (DACH) ,Sales Development,"Amsterdam, The Netherlands",nontech,mid,0,0,0,,,https://careers.datadoghq.com/detail/6307160/?gh_jid=6307160
2026-08-25,DDOG,Datadog,Sales Development Representative (Indonesia Market),Sales Development,"Singapore, Singapore",nontech,mid,0,0,0,,,https://careers.datadoghq.com/detail/8042602/?gh_jid=8042602
2026-08-25,DDOG,Datadog,Sales Development Representative (Israel),Sales Development,"Amsterdam, The Netherlands",nontech,mid,0,0,0,,,https://careers.datadoghq.com/detail/8141489/?gh_jid=8141489
2026-08-25,DDOG,Datadog,Sales Development Representative (LATAM - Portuguese Speaking),Sales Development,"Boston, Massachusetts, USA",nontech,mid,0,0,0,,50000,https://careers.datadoghq.com/detail/8139396/?gh_jid=8139396
2026-08-25,DDOG,Datadog,Sales Development Representative (LATAM - Portuguese Speaking),Sales Development,"Denver, Colorado, USA",nontech,mid,0,0,0,,50000,https://careers.datadoghq.com/detail/6685931/?gh_jid=6685931
2026-08-25,DDOG,Datadog,Sales Development Representative (Nordics) - Dublin,Sales Development,"Dublin, Ireland",nontech,mid,0,0,0,,,https://careers.datadoghq.com/detail/6857395/?gh_jid=6857395
2026-08-25,DDOG,Datadog,Sales Development Representative - Turkey,Sales Development,"Dublin, Ireland",nontech,mid,0,0,0,,,https://careers.datadoghq.com/detail/8094071/?gh_jid=8094071
2026-08-25,DDOG,Datadog,Sales Development Representative (UKI),Sales Development,"Dublin, Ireland",nontech,mid,0,0,0,,,https://careers.datadoghq.com/detail/7016097/?gh_jid=7016097
2026-08-25,DDOG,Datadog,Sales Engineer (Customer Success),Commercial & Mid-Market Sales Engineering,"Boston, Massachusetts, USA",demand_validated,mid,0,0,0,,93000,https://careers.datadoghq.com/detail/8045678/?gh_jid=8045678
2026-08-25,DDOG,Datadog,Sales Engineer - Enterprise,Enterprise Sales Engineering,"Tokyo, Japan",demand_validated,mid,0,0,0,,,https://careers.datadoghq.com/detail/8088095/?gh_jid=8088095
2026-08-25,DDOG,Datadog,Sales Engineer - Enterprise,Enterprise Sales Engineering,"Tokyo, Japan",demand_validated,mid,0,0,0,,,https://careers.datadoghq.com/detail/8090275/?gh_jid=8090275
2026-08-25,DDOG,Datadog,Sales Revenue Analyst - Boston,Sales Operations,"Boston, Massachusetts, USA",nontech,mid,0,0,0,,92000,https://careers.datadoghq.com/detail/7587086/?gh_jid=7587086
2026-08-25,DDOG,Datadog,Sales Revenue Analyst - NYC,Sales Operations,"New York, New York, USA",nontech,mid,0,0,0,,92000,https://careers.datadoghq.com/detail/8132294/?gh_jid=8132294
2026-08-25,DDOG,Datadog,Security Sales Engineer,Enterprise Sales Engineering,"California, USA, Remote; Colorado, USA, Remote; Washington, USA, Remote",demand_validated,mid,0,0,0,,137500,https://careers.datadoghq.com/detail/8141243/?gh_jid=8141243
2026-08-25,DDOG,Datadog,Security Sales Engineer,Enterprise Sales Engineering,"Illinois, USA, Remote; Texas, USA, Remote",demand_validated,mid,0,0,0,,137500,https://careers.datadoghq.com/detail/7554877/?gh_jid=7554877
2026-08-25,DDOG,Datadog,Security Sales Engineer,Enterprise Sales Engineering,"Florida, USA, Remote; Georgia, USA, Remote; Massachusetts, USA, Remote; New York, USA, Remote",demand_validated,mid,0,0,0,,137500,https://careers.datadoghq.com/detail/8141240/?gh_jid=8141240
2026-08-25,DDOG,Datadog,Senior ABM Marketing Manager,Demand Generation,"Boston, Massachusetts, USA",nontech,senior,0,0,0,,146000,https://careers.datadoghq.com/detail/8130003/?gh_jid=8130003
2026-08-25,DDOG,Datadog,Senior Accountant,Finance,"New York, New York, USA",other,senior,0,0,0,,99000,https://careers.datadoghq.com/detail/7921854/?gh_jid=7921854
2026-08-25,DDOG,Datadog,Senior Accounts Receivable Analyst,Finance,"New York, New York, USA",other,senior,0,0,0,,95000,https://careers.datadoghq.com/detail/8143849/?gh_jid=8143849
2026-08-25,DDOG,Datadog,Senior Applied Scientist,Dev Eng,"Paris, France",other,senior,0,1,0,buzz,,https://careers.datadoghq.com/detail/6781197/?gh_jid=6781197
2026-08-25,DDOG,Datadog,Senior Applied Scientist - Behavior AI,Dev Eng,"Paris, France",other,senior,1,9,1,application|buzz|general_medium|model_infra,,https://careers.datadoghq.com/detail/8045964/?gh_jid=8045964
2026-08-25,DDOG,Datadog,Senior Capture Manager,Channels & Alliances,"District of Columbia, USA, Remote; Maryland, USA, Remote; New York, New York, USA; New York, USA, Remote; Virginia, USA, Remote",other,senior,0,0,0,,183500,https://careers.datadoghq.com/detail/8113116/?gh_jid=8113116
2026-08-25,DDOG,Datadog,Senior Cloud Security Engineer - K8s,Security,"New York, New York, USA",product_eng,senior,0,0,0,,213500,https://careers.datadoghq.com/detail/7815616/?gh_jid=7815616
2026-08-25,DDOG,Datadog,Senior Commercial Counsel,Legal Operations,"Singapore, Singapore",nontech,senior,0,3,1,application,,https://careers.datadoghq.com/detail/7905276/?gh_jid=7905276
2026-08-25,DDOG,Datadog,"Senior Corporate Development Lead, AI",Corporate Development,"San Francisco, California, USA",other,senior,1,0,0,,248500,https://careers.datadoghq.com/detail/7555575/?gh_jid=7555575
2026-08-25,DDOG,Datadog,Senior Developer Advocate - Modern App Development,Community,"California, USA, Remote; Nevada, USA, Remote; Texas, USA, Remote; Washington, USA, Remote",product_eng,senior,0,0,0,,193500,https://careers.datadoghq.com/detail/7985840/?gh_jid=7985840
2026-08-25,DDOG,Datadog,"Senior Director, Growth Marketing - Organic Growth (SEO/GEO/PLG)",Demand Generation,"San Francisco, California, USA",nontech,director,0,3,1,application,249500,https://careers.datadoghq.com/detail/8036385/?gh_jid=8036385
2026-08-25,DDOG,Datadog,"Senior Enablement Program Manager, TS",GTM Enablement,"New York, New York, USA",nontech,senior,0,4,1,application|buzz,135500,https://careers.datadoghq.com/detail/8128764/?gh_jid=8128764
2026-08-25,DDOG,Datadog,Senior Enterprise Customer Success Manager,Enterprise Customer Success,"Tokyo, Japan",demand_validated,senior,0,0,0,,,https://careers.datadoghq.com/detail/8054774/?gh_jid=8054774
2026-08-25,DDOG,Datadog,Senior Enterprise Customer Success Manager,Enterprise Customer Success,"Tokyo, Japan",demand_validated,senior,0,0,0,,,https://careers.datadoghq.com/detail/8054902/?gh_jid=8054902
2026-08-25,DDOG,Datadog,Senior Financial Systems Analyst,Finance,"New York, New York, USA",other,senior,0,0,0,,93500,https://careers.datadoghq.com/detail/8002771/?gh_jid=8002771
2026-08-25,DDOG,Datadog,"Senior Manager, Enterprise Customer Success",Enterprise Customer Success,"Tokyo, Japan",demand_validated,senior,0,0,0,,,https://careers.datadoghq.com/detail/8108349/?gh_jid=8108349
2026-08-25,DDOG,Datadog,"Senior Manager, Product Solutions Architecture",Product Solutions Architecture,"Boston, Massachusetts, USA; Denver, Colorado, USA; New York, New York, USA; San Francisco, California, USA",demand_validated,senior,0,0,0,,246000,https://careers.datadoghq.com/detail/7960450/?gh_jid=7960450
2026-08-25,DDOG,Datadog,Senior Partner Enablement Manager,Channels & Alliances,"Tokyo, Japan",nontech,senior,0,0,0,,,https://careers.datadoghq.com/detail/8003723/?gh_jid=8003723
2026-08-25,DDOG,Datadog,Senior Partner Enablement Manager,Channels & Alliances,"Tokyo, Japan",nontech,senior,0,0,0,,,https://careers.datadoghq.com/detail/8007394/?gh_jid=8007394
2026-08-25,DDOG,Datadog,Senior Partner Manager - Channels,Channels & Alliances,"Tokyo, Japan",other,senior,0,0,0,,,https://careers.datadoghq.com/detail/7984184/?gh_jid=7984184
2026-08-25,DDOG,Datadog,Senior Partner Manager - Channels,Channels & Alliances,"Tokyo, Japan",other,senior,0,0,0,,,https://careers.datadoghq.com/detail/7982373/?gh_jid=7982373
2026-08-25,DDOG,Datadog,Senior Partner Manager - Channels,Channels & Alliances,"Mumbai, India",other,senior,0,0,0,,,https://careers.datadoghq.com/detail/7976683/?gh_jid=7976683
2026-08-25,DDOG,Datadog,Senior Partner Manager - Channels (Indian GSI),Channels & Alliances,"Bangalore, India",other,senior,0,3,1,application,,https://careers.datadoghq.com/detail/8074700/?gh_jid=8074700
2026-08-25,DDOG,Datadog,Senior Partner Manager - Channels (Security),Channels & Alliances,"Sao Paulo, Brazil",other,senior,0,0,0,,,https://careers.datadoghq.com/detail/7582681/?gh_jid=7582681
2026-08-25,DDOG,Datadog,Senior Partner Manager - Channels (UKI),Channels & Alliances,"London, United Kingdom; United Kingdom, Remote",other,senior,0,0,0,,,https://careers.datadoghq.com/detail/8082007/?gh_jid=8082007
2026-08-25,DDOG,Datadog,Senior Partner Marketing Manager - Cloud & Channel,Partner Marketing,"London, United Kingdom; Madrid, Spain; Paris, France",nontech,senior,0,0,0,,,https://careers.datadoghq.com/detail/8127916/?gh_jid=8127916
2026-08-25,DDOG,Datadog,Senior Partner Program Manager - Datadog Reseller Program,Channels & Alliances,"Boston, Massachusetts, USA; New York, New York, USA",other,senior,0,0,0,,147500,https://careers.datadoghq.com/detail/7984983/?gh_jid=7984983
2026-08-25,DDOG,Datadog,Senior Partner Program Manager - Strategic Initiatives,Channels & Alliances,"California, USA, Remote; Colorado, USA, Remote; Massachusetts, USA, Remote; New York, New York, USA; New York, USA, Remote",other,senior,0,0,0,,183500,https://careers.datadoghq.com/detail/7977339/?gh_jid=7977339
2026-08-25,DDOG,Datadog,Senior Payroll Specialist,People,"Boston, Massachusetts, USA; Denver, Colorado, USA; New York, New York, USA",nontech,senior,0,0,0,,128500,https://careers.datadoghq.com/detail/8030851/?gh_jid=8030851
2026-08-25,DDOG,Datadog,Senior People Business Partner,People,"Sao Paulo, Brazil",other,senior,0,0,0,,,https://careers.datadoghq.com/detail/8099069/?gh_jid=8099069
2026-08-25,DDOG,Datadog,Senior People Business Partner,People,"Tokyo, Japan",other,senior,0,0,0,,,https://careers.datadoghq.com/detail/7461043/?gh_jid=7461043
2026-08-25,DDOG,Datadog,Senior Platform Product Manager - AI SDLC Trusted Throughput,Product Management,"New York, New York, USA",product_eng,senior,1,4,1,application|buzz,216000,https://careers.datadoghq.com/detail/7947683/?gh_jid=7947683
2026-08-25,DDOG,Datadog,Senior Platform Security Engineer,Security,"Paris, France",product_eng,senior,0,0,0,,,https://careers.datadoghq.com/detail/8094188/?gh_jid=8094188
2026-08-25,DDOG,Datadog,Senior Product Designer - AAA,Product Design,"New York, New York, USA",product_eng,senior,0,0,0,,182000,https://careers.datadoghq.com/detail/8002906/?gh_jid=8002906
2026-08-25,DDOG,Datadog,Senior Product Manager - Agent Integrations,Product Management,"New York, New York, USA",product_eng,senior,0,10,1,application|general_medium,216000,https://careers.datadoghq.com/detail/8030599/?gh_jid=8030599
2026-08-25,DDOG,Datadog,Senior Product Manager - Application Performance Monitoring,Product Management,"Paris, France",product_eng,senior,0,0,0,,,https://careers.datadoghq.com/detail/8028422/?gh_jid=8028422
2026-08-25,DDOG,Datadog,Senior Product Manager - Bits Agent Builder,Product Management,"New York, New York, USA",product_eng,senior,0,10,1,application|buzz,216000,https://careers.datadoghq.com/detail/8092004/?gh_jid=8092004
2026-08-25,DDOG,Datadog,Senior Product Manager - Data Agent,Product Management,"New York, New York, USA",product_eng,senior,0,7,1,application|buzz,216000,https://careers.datadoghq.com/detail/7785350/?gh_jid=7785350
2026-08-25,DDOG,Datadog,Senior Product Manager - Database AI Optimization,Product Management,"New York, New York, USA",product_eng,senior,1,3,1,application,216000,https://careers.datadoghq.com/detail/7065807/?gh_jid=7065807
2026-08-25,DDOG,Datadog,Senior Product Manager - Fleet and Lifecycle Management,Product Management,"Boston, Massachusetts, USA; New York, New York, USA",product_eng,senior,0,3,1,application,216000,https://careers.datadoghq.com/detail/8077142/?gh_jid=8077142
2026-08-25,DDOG,Datadog,Senior Product Manager - Journey Monitoring,Product Management,"New York, New York, USA",product_eng,senior,0,1,0,buzz,216000,https://careers.datadoghq.com/detail/8115033/?gh_jid=8115033
2026-08-25,DDOG,Datadog,Senior Product Manager - Network Path,Product Management,"New York, New York, USA",product_eng,senior,0,0,0,,216000,https://careers.datadoghq.com/detail/7763117/?gh_jid=7763117
2026-08-25,DDOG,Datadog,Senior Product Manager - Observability Data Platform,Product Management,"New York, New York, USA",product_eng,senior,0,0,0,,216000,https://careers.datadoghq.com/detail/8065192/?gh_jid=8065192
2026-08-25,DDOG,Datadog,Senior Product Manager - Search,Product Management,"Boston, Massachusetts, USA; New York, New York, USA",product_eng,senior,0,14,1,application|buzz|general_medium,216000,https://careers.datadoghq.com/detail/7974481/?gh_jid=7974481
2026-08-25,DDOG,Datadog,Senior Product Manager - Serverless,Product Management,"Boston, Massachusetts, USA; New York, New York, USA",product_eng,senior,0,1,0,buzz,216000,https://careers.datadoghq.com/detail/7905006/?gh_jid=7905006
2026-08-25,DDOG,Datadog,Senior Product Marketing Manager - Incident Response,Product Marketing,"New York, New York, USA; San Francisco, California, USA",nontech,senior,0,0,0,,179500,https://careers.datadoghq.com/detail/8121553/?gh_jid=8121553
2026-08-25,DDOG,Datadog,Senior Product Solutions Architect - Autonomous Incident Response,Product Solutions Architecture,"Boston, Massachusetts, USA; Denver, Colorado, USA; New York, New York, USA; San Francisco, California, USA",demand_validated,senior,0,0,0,,215500,https://careers.datadoghq.com/detail/8131750/?gh_jid=8131750
2026-08-25,DDOG,Datadog,Senior Product Solutions Architect - LLM Observability,Product Solutions Architecture,"Boston, Massachusetts, USA; Denver, Colorado, USA; New York, New York, USA; San Francisco, California, USA",demand_validated,senior,1,3,1,application,215500,https://careers.datadoghq.com/detail/7627531/?gh_jid=7627531
2026-08-25,DDOG,Datadog,"Senior Program Manager, People Team (NYC)",People,"New York, New York, USA",other,senior,0,0,0,,210000,https://careers.datadoghq.com/detail/7958756/?gh_jid=7958756
2026-08-25,DDOG,Datadog,"Senior Program Manager, Sales Enablement",GTM Enablement,"New York, New York, USA",nontech,senior,0,0,0,,135500,https://careers.datadoghq.com/detail/8067190/?gh_jid=8067190
2026-08-25,DDOG,Datadog,Senior Regional Content Manager (APJ),Field Marketing,"Singapore, Singapore",other,senior,0,2,0,buzz,,https://careers.datadoghq.com/detail/8035726/?gh_jid=8035726
2026-08-25,DDOG,Datadog,Senior Revenue Accountant,Finance,"New York, New York, USA",other,senior,0,0,0,,105000,https://careers.datadoghq.com/detail/8075583/?gh_jid=8075583
2026-08-25,DDOG,Datadog,Senior Revenue Accountant - Dublin,Finance,"Dublin, Ireland",other,senior,0,0,0,,,https://careers.datadoghq.com/detail/8079970/?gh_jid=8079970
2026-08-25,DDOG,Datadog,Senior Sales Engineer - Bay Area,Enterprise Sales Engineering,"California, USA, Remote",demand_validated,senior,0,0,0,,173500,https://careers.datadoghq.com/detail/8105684/?gh_jid=8105684
2026-08-25,DDOG,Datadog,Senior Sales Engineer - Brazil,Enterprise Sales Engineering,"Sao Paulo, Brazil",demand_validated,senior,0,0,0,,,https://careers.datadoghq.com/detail/7792033/?gh_jid=7792033
2026-08-25,DDOG,Datadog,Senior Sales Engineer - FED,Enterprise Sales Engineering,"District of Columbia, USA, Remote; Maryland, USA, Remote; Virginia, USA, Remote",demand_validated,senior,0,0,0,,173500,https://careers.datadoghq.com/detail/8144628/?gh_jid=8144628
2026-08-25,DDOG,Datadog,Senior Sales Engineer - Key Accounts,Enterprise Sales Engineering,"Arizona, USA, Remote; California, USA, Remote; Nevada, USA, Remote; Oregon, USA, Remote; Washington, USA, Remote",demand_validated,senior,0,0,0,,173500,https://careers.datadoghq.com/detail/7516279/?gh_jid=7516279
2026-08-25,DDOG,Datadog,Senior Sales Engineer - Majors (East),Enterprise Sales Engineering,"New York, USA, Remote",demand_validated,senior,0,0,0,,173500,https://careers.datadoghq.com/detail/7917340/?gh_jid=7917340
2026-08-25,DDOG,Datadog,Senior Sales Engineer - Majors (France),Enterprise Sales Engineering,"France, Remote",demand_validated,senior,0,0,0,,,https://careers.datadoghq.com/detail/7791296/?gh_jid=7791296
2026-08-25,DDOG,Datadog,Senior Sales Engineer - Majors (UK/Nordics/Netherlands),Enterprise Sales Engineering,"Denmark, Remote; Sweden, Remote; The Netherlands, Remote; United Kingdom, Remote",demand_validated,senior,0,0,0,,,https://careers.datadoghq.com/detail/7904634/?gh_jid=7904634
2026-08-25,DDOG,Datadog,Senior Sales Engineer - Majors (West),Enterprise Sales Engineering,"California, USA, Remote",demand_validated,senior,0,0,0,,173500,https://careers.datadoghq.com/detail/8126596/?gh_jid=8126596
2026-08-25,DDOG,Datadog,Senior Sales Engineer - NorthCentral,Enterprise Sales Engineering,"Illinois, USA, Remote; Minnesota, USA, Remote",demand_validated,senior,0,0,0,,173500,https://careers.datadoghq.com/detail/8142217/?gh_jid=8142217
2026-08-25,DDOG,Datadog,Senior Sales Engineer - Paris,Enterprise Sales Engineering,"Paris, France",demand_validated,senior,0,0,0,,,https://careers.datadoghq.com/detail/8142150/?gh_jid=8142150
2026-08-25,DDOG,Datadog,Senior Sales Engineer - Public Sector (UK),Enterprise Sales Engineering,"London, United Kingdom",demand_validated,senior,0,0,0,,,https://careers.datadoghq.com/detail/8030214/?gh_jid=8030214
2026-08-25,DDOG,Datadog,Senior Security Engineer - Cloud SIEM,Security,"Dublin, Ireland; Madrid, Spain; Paris, France",product_eng,senior,0,4,1,application|buzz,,https://careers.datadoghq.com/detail/7996898/?gh_jid=7996898
2026-08-25,DDOG,Datadog,Senior Security Engineer - Cloud SIEM,Security,"Lisbon, Portugal",product_eng,senior,0,4,1,application|buzz,,https://careers.datadoghq.com/detail/8000258/?gh_jid=8000258
2026-08-25,DDOG,Datadog,"Senior Security Engineer, Offensive Security",Security,"New York, New York, USA",product_eng,senior,0,0,0,,217500,https://careers.datadoghq.com/detail/7871543/?gh_jid=7871543
2026-08-25,DDOG,Datadog,"Senior Services Architect, Security-Cloud SIEM",Technical Post Sales,"New York, New York, USA",product_eng,senior,0,0,0,,179500,https://careers.datadoghq.com/detail/7996907/?gh_jid=7996907
2026-08-25,DDOG,Datadog,Senior Software Engineer ,Dev Eng,"Boston, Massachusetts, USA; New York, New York, USA",product_eng,senior,0,0,0,,216000,https://careers.datadoghq.com/detail/3851935/?gh_jid=3851935
2026-08-25,DDOG,Datadog,Senior Software Engineer - Action Platform,Dev Eng,"Paris, France",product_eng,senior,0,3,1,application,,https://careers.datadoghq.com/detail/8102624/?gh_jid=8102624
2026-08-25,DDOG,Datadog,Senior Software Engineer - AI (EMEA),Dev Eng,"Bordeaux, France; Grenoble, France; Lyon, France; Madrid, Spain; Montpellier, France; Nantes, France; Nice, France; Paris, France; Sophia Antipolis, France",product_eng,senior,1,10,1,application|buzz,,https://careers.datadoghq.com/detail/8015588/?gh_jid=8015588
2026-08-25,DDOG,Datadog,Senior Software Engineer - Backend ,Dev Eng,"Bordeaux, France; Paris, France",product_eng,senior,0,0,0,,,https://careers.datadoghq.com/detail/4599148/?gh_jid=4599148
2026-08-25,DDOG,Datadog,Senior Software Engineer - Bazel Tools,Dev Eng,"Atlanta, Georgia, USA; Boston, Massachusetts, USA; New York, New York, USA",product_eng,senior,0,0,0,,274500,https://careers.datadoghq.com/detail/8095166/?gh_jid=8095166
2026-08-25,DDOG,Datadog,Senior Software Engineer - Distributed Systems,Dev Eng,"Boston, Massachusetts, USA; New York, New York, USA",product_eng,senior,0,0,0,,216000,https://careers.datadoghq.com/detail/3851927/?gh_jid=3851927
2026-08-25,DDOG,Datadog,Senior Software Engineer - Incident Insights & Readiness,Security,"Paris, France",product_eng,senior,0,3,1,application,,https://careers.datadoghq.com/detail/8094111/?gh_jid=8094111
2026-08-25,DDOG,Datadog,Senior Software Engineer - Linux,Dev Eng,"Tel Aviv, Israel",product_eng,senior,0,0,0,,,https://careers.datadoghq.com/detail/8038652/?gh_jid=8038652
2026-08-25,DDOG,Datadog,Senior Software Engineer - REDAPL Graph Engine,Dev Eng,"Lisbon, Portugal",product_eng,senior,0,0,0,,,https://careers.datadoghq.com/detail/7959967/?gh_jid=7959967
2026-08-25,DDOG,Datadog,Senior Software Engineer - REDAPL Graph Engine,Dev Eng,"Dublin, Ireland; Madrid, Spain; Paris, France",product_eng,senior,0,0,0,,,https://careers.datadoghq.com/detail/7959962/?gh_jid=7959962
2026-08-25,DDOG,Datadog,Senior Software Engineer - REDAPL Graph Engine,Dev Eng,"France, Remote; Germany, Remote; Italy, Remote; Spain, Remote; Switzerland, Remote; United Kingdom, Remote",product_eng,senior,0,0,0,,,https://careers.datadoghq.com/detail/7959966/?gh_jid=7959966
2026-08-25,DDOG,Datadog,Senior Software Engineer - Security Libraries,Dev Eng,"Bordeaux, France; Lyon, France; Madrid, Spain; Nantes, France; Paris, France; Sophia Antipolis, France",product_eng,senior,0,3,1,application,,https://careers.datadoghq.com/detail/8081477/?gh_jid=8081477
2026-08-25,DDOG,Datadog,Senior Software Engineer - Security Libraries,Dev Eng,"Lisbon, Portugal",product_eng,senior,0,3,1,application,,https://careers.datadoghq.com/detail/8088590/?gh_jid=8088590
2026-08-25,DDOG,Datadog,Senior Software Engineer - Streaming Platform ,Dev Eng,"New York, New York, USA",product_eng,senior,0,0,0,,216000,https://careers.datadoghq.com/detail/7993551/?gh_jid=7993551
2026-08-25,DDOG,Datadog,Senior Software Engineer - Streaming Platform Client,Dev Eng,"New York, New York, USA",product_eng,senior,0,0,0,,216000,https://careers.datadoghq.com/detail/8035492/?gh_jid=8035492
2026-08-25,DDOG,Datadog,Senior Staff GenAI Engineer - Application Performance Monitoring (APM),Dev Eng,"New York, New York, USA",product_eng,staff_principal,1,5,1,application|buzz,306000,https://careers.datadoghq.com/detail/6960503/?gh_jid=6960503
2026-08-25,DDOG,Datadog,"Senior Staff Product Designer, Design Lab",Product Design,"New York, New York, USA",product_eng,staff_principal,0,0,0,,229500,https://careers.datadoghq.com/detail/8100001/?gh_jid=8100001
2026-08-25,DDOG,Datadog,Senior Staff Software Engineer ,Dev Eng,"New York, New York, USA",product_eng,staff_principal,0,0,0,,306000,https://careers.datadoghq.com/detail/5608424/?gh_jid=5608424
2026-08-25,DDOG,Datadog,"Senior Staff Visual Designer, Design Lab",Product Design,"New York, New York, USA",product_eng,staff_principal,0,0,0,,261000,https://careers.datadoghq.com/detail/7793359/?gh_jid=7793359
2026-08-25,DDOG,Datadog,Senior Talent Manager (Talent Partner),People,"New York, New York, USA",other,senior,0,1,0,buzz,189000,https://careers.datadoghq.com/detail/8049232/?gh_jid=8049232
2026-08-25,DDOG,Datadog,Senior Technical Product Marketing Manager - Security,Product Marketing,"New York, New York, USA; San Francisco, California, USA",nontech,senior,0,0,0,,179500,https://careers.datadoghq.com/detail/7695546/?gh_jid=7695546
2026-08-25,DDOG,Datadog,Senior Technical Program Manager,Dev Eng,"New York, New York, USA",other,senior,0,8,1,buzz|data_ml_ops|general_medium|model_infra,207000,https://careers.datadoghq.com/detail/8141670/?gh_jid=8141670
2026-08-25,DDOG,Datadog,Services Architect 3 - Denver,Technical Post Sales,"Denver, Colorado, USA",product_eng,mid,0,0,0,,144500,https://careers.datadoghq.com/detail/7807783/?gh_jid=7807783
2026-08-25,DDOG,Datadog,Services Architect 3 - Paris/London,Technical Post Sales,"Paris, France",product_eng,mid,0,0,0,,,https://careers.datadoghq.com/detail/8128182/?gh_jid=8128182
2026-08-25,DDOG,Datadog,"Social Media Lead, Developer Audience",Community,"New York, New York, USA",product_eng,senior,0,0,0,,151500,https://careers.datadoghq.com/detail/8103045/?gh_jid=8103045
2026-08-25,DDOG,Datadog,Social Media Manager,Corporate Marketing & Comms,"New York, New York, USA",other,mid,0,3,1,application,109500,https://careers.datadoghq.com/detail/8137729/?gh_jid=8137729
2026-08-25,DDOG,Datadog,Software Engineering Intern (Winter),Engineering Interns,"Boston, Massachusetts, USA; New York, New York, USA",product_eng,intern,0,1,0,buzz,105000,https://careers.datadoghq.com/detail/8052095/?gh_jid=8052095
2026-08-25,DDOG,Datadog,"Sourcer II, Business Recruiting",Business Recruiting,"Tokyo, Japan",nontech,mid,0,0,0,,,https://careers.datadoghq.com/detail/7811537/?gh_jid=7811537
2026-08-25,DDOG,Datadog,Staff Application Security Engineer,Security,"Boston, Massachusetts, USA; Connecticut, USA, Remote; Delaware, USA, Remote; District of Columbia, USA, Remote; Maryland, USA, Remote; Massachusetts, USA, Remote; New Jersey, USA, Remote; New York, New York, USA; New York, USA, Remote; Rhode Island, USA, Remote",product_eng,staff_principal,0,4,1,application|buzz,274500,https://careers.datadoghq.com/detail/7777798/?gh_jid=7777798
2026-08-25,DDOG,Datadog,Staff Applied Scientist - Agentic Interfaces,Dev Eng,"New York, New York, USA",other,staff_principal,0,7,1,application|buzz,310500,https://careers.datadoghq.com/detail/7964141/?gh_jid=7964141
2026-08-25,DDOG,Datadog,Staff Applied Scientist - Dashboards,Dev Eng,"New York, New York, USA",other,staff_principal,0,1,0,buzz,310500,https://careers.datadoghq.com/detail/7984962/?gh_jid=7984962
2026-08-25,DDOG,Datadog,Staff Competitive Intelligence Analyst,Community,"New York, New York, USA; San Francisco, California, USA",other,staff_principal,0,0,0,,245000,https://careers.datadoghq.com/detail/8054420/?gh_jid=8054420
2026-08-25,DDOG,Datadog,Staff Developer Advocate - Asia Pacific & Japan Lead,Community,"Singapore, Singapore",product_eng,staff_principal,0,0,0,,,https://careers.datadoghq.com/detail/8081537/?gh_jid=8081537
2026-08-25,DDOG,Datadog,Staff Engineer - Cloud Networks,Dev Eng,"Boston, Massachusetts, USA; Denver, Colorado, USA; New York, New York, USA",product_eng,staff_principal,0,0,0,,274500,https://careers.datadoghq.com/detail/8128450/?gh_jid=8128450
2026-08-25,DDOG,Datadog,"Staff Engineer, Compute",Dev Eng,"Dublin, Ireland; Madrid, Spain; Paris, France",product_eng,staff_principal,0,0,0,,,https://careers.datadoghq.com/detail/8139277/?gh_jid=8139277
2026-08-25,DDOG,Datadog,"Staff Engineer, Compute",Dev Eng,"Lisbon, Portugal",product_eng,staff_principal,0,0,0,,,https://careers.datadoghq.com/detail/8139279/?gh_jid=8139279
2026-08-25,DDOG,Datadog,Staff Engineer - Data Platform Experience,Dev Eng,"Dublin, Ireland; Madrid, Spain; Paris, France",product_eng,staff_principal,0,1,0,buzz,,https://careers.datadoghq.com/detail/8119493/?gh_jid=8119493
2026-08-25,DDOG,Datadog,Staff Engineer - Data Platform Experience,Dev Eng,"Lisbon, Portugal",product_eng,staff_principal,0,1,0,buzz,,https://careers.datadoghq.com/detail/8119496/?gh_jid=8119496
2026-08-25,DDOG,Datadog,Staff Engineer - Data Semantics,Dev Eng,"Madrid, Spain; Paris, France",product_eng,staff_principal,0,1,0,buzz,,https://careers.datadoghq.com/detail/8043560/?gh_jid=8043560
2026-08-25,DDOG,Datadog,"Staff Forward Deployed Engineer, Feature Flags",Product Management,"New York, New York, USA",demand_validated,staff_principal,0,0,0,,274500,https://careers.datadoghq.com/detail/8144946/?gh_jid=8144946
2026-08-25,DDOG,Datadog,Staff GenAI Engineer - Application Performance Monitoring (APM),Dev Eng,"New York, New York, USA",product_eng,staff_principal,1,8,1,application|buzz|model_infra,234000,https://careers.datadoghq.com/detail/7974511/?gh_jid=7974511
2026-08-25,DDOG,Datadog,"Staff Product Designer, APM",Product Design,"New York, New York, USA",product_eng,staff_principal,0,3,1,application,229500,https://careers.datadoghq.com/detail/7989348/?gh_jid=7989348
2026-08-25,DDOG,Datadog,"Staff Product Designer, Modern Compute",Product Design,"New York, New York, USA",product_eng,staff_principal,0,0,0,,229500,https://careers.datadoghq.com/detail/8094854/?gh_jid=8094854
2026-08-25,DDOG,Datadog,"Staff Product Manager, Observability Data Platforms",Product Management,"New York, New York, USA",product_eng,staff_principal,0,3,1,application,274500,https://careers.datadoghq.com/detail/8065187/?gh_jid=8065187
2026-08-25,DDOG,Datadog,Staff Software Engineer,Dev Eng,"New York, New York, USA",product_eng,staff_principal,0,0,0,,274500,https://careers.datadoghq.com/detail/3210217/?gh_jid=3210217
2026-08-25,DDOG,Datadog,Staff Software Engineer - Corporate Development,Corporate Development,"San Francisco, California, USA",product_eng,staff_principal,0,0,0,,225000,https://careers.datadoghq.com/detail/8094106/?gh_jid=8094106
2026-08-25,DDOG,Datadog,Staff Software Engineer - Corporate Development,Corporate Development,"New York, New York, USA",product_eng,staff_principal,0,0,0,,225000,https://careers.datadoghq.com/detail/8105372/?gh_jid=8105372
2026-08-25,DDOG,Datadog,Staff Software Engineer - Logs Management,Dev Eng,"New York, New York, USA",product_eng,staff_principal,0,4,1,application|buzz,274500,https://careers.datadoghq.com/detail/7635298/?gh_jid=7635298
2026-08-25,DDOG,Datadog,Staff Software Engineer - Logs Observability Pipelines ,Dev Eng,"New York, New York, USA",product_eng,staff_principal,0,0,0,,274500,https://careers.datadoghq.com/detail/7743369/?gh_jid=7743369
2026-08-25,DDOG,Datadog,Staff Software Engineer - ML Observability,Dev Eng,"Boston, Massachusetts, USA; New York, New York, USA",product_eng,staff_principal,1,16,1,application|buzz|data_ml_ops|general_medium,267000,https://careers.datadoghq.com/detail/7107437/?gh_jid=7107437
2026-08-25,DDOG,Datadog,Staff Software Engineer - Security Agent,Dev Eng,"Portugal, Remote",product_eng,staff_principal,0,0,0,,,https://careers.datadoghq.com/detail/8007606/?gh_jid=8007606
2026-08-25,DDOG,Datadog,Staff Software Engineer - Security Agent,Dev Eng,"Paris, France",product_eng,staff_principal,0,0,0,,,https://careers.datadoghq.com/detail/8007589/?gh_jid=8007589
2026-08-25,DDOG,Datadog,Staff Software Engineer - Security Agent,Dev Eng,"France, Remote; Germany, Remote; Ireland, Remote; Italy, Remote; Spain, Remote",product_eng,staff_principal,0,0,0,,,https://careers.datadoghq.com/detail/8007598/?gh_jid=8007598
2026-08-25,DDOG,Datadog,"Staff Visual Designer, Design Lab",Product Design,"New York, New York, USA",product_eng,staff_principal,0,0,0,,261000,https://careers.datadoghq.com/detail/7496207/?gh_jid=7496207
2026-08-25,DDOG,Datadog,Strategic Account Executive,Enterprise Sales,"Seoul, South Korea",demand_validated,mid,0,0,0,,100000,https://careers.datadoghq.com/detail/7142205/?gh_jid=7142205
2026-08-25,DDOG,Datadog,Strategic Account Executive,Enterprise Sales,"Boston, Massachusetts, USA",demand_validated,mid,0,0,0,,125000,https://careers.datadoghq.com/detail/7117086/?gh_jid=7117086
2026-08-25,DDOG,Datadog,Strategic Account Executive,Enterprise Sales,"Mexico City, Mexico",demand_validated,mid,0,0,0,,100000,https://careers.datadoghq.com/detail/7131396/?gh_jid=7131396
2026-08-25,DDOG,Datadog,Strategic Account Executive,Enterprise Sales,"Washington, USA, Remote",demand_validated,mid,0,0,0,,132500,https://careers.datadoghq.com/detail/7131495/?gh_jid=7131495
2026-08-25,DDOG,Datadog,Strategic Account Executive,Enterprise Sales,"Georgia, USA, Remote; Tennessee, USA, Remote",demand_validated,mid,0,0,0,,125000,https://careers.datadoghq.com/detail/6522720/?gh_jid=6522720
2026-08-25,DDOG,Datadog,Strategic Account Executive,Enterprise Sales,"Singapore, Singapore",demand_validated,mid,0,0,0,,100000,https://careers.datadoghq.com/detail/7439145/?gh_jid=7439145
2026-08-25,DDOG,Datadog,Strategic Account Executive,Enterprise Sales,"Jakarta, Indonesia",demand_validated,mid,0,0,0,,100000,https://careers.datadoghq.com/detail/7131726/?gh_jid=7131726
2026-08-25,DDOG,Datadog,Strategic Account Executive,Enterprise Sales,"Texas, USA, Remote",demand_validated,mid,0,0,0,,111000,https://careers.datadoghq.com/detail/7134079/?gh_jid=7134079
2026-08-25,DDOG,Datadog,Strategic Account Executive,Enterprise Sales,"Denver, Colorado, USA",demand_validated,mid,0,0,0,,125000,https://careers.datadoghq.com/detail/6873775/?gh_jid=6873775
2026-08-25,DDOG,Datadog,Strategic Account Executive,Enterprise Sales,"Florida, USA, Remote",demand_validated,mid,0,0,0,,125000,https://careers.datadoghq.com/detail/6242929/?gh_jid=6242929
2026-08-25,DDOG,Datadog,Strategic Account Executive,Enterprise Sales,"Chile, Remote",demand_validated,mid,0,0,0,,100000,https://careers.datadoghq.com/detail/7131404/?gh_jid=7131404
2026-08-25,DDOG,Datadog,Strategic Account Executive,Enterprise Sales,"New York, New York, USA",demand_validated,mid,0,0,0,,125000,https://careers.datadoghq.com/detail/7131386/?gh_jid=7131386
2026-08-25,DDOG,Datadog,Strategic Account Executive,Enterprise Sales,"North Carolina, USA, Remote; South Carolina, USA, Remote",demand_validated,mid,0,0,0,,125000,https://careers.datadoghq.com/detail/7131363/?gh_jid=7131363
2026-08-25,DDOG,Datadog,Strategic Account Executive,Enterprise Sales,"District of Columbia, USA, Remote; Maryland, USA, Remote; Virginia, USA, Remote",demand_validated,mid,0,0,0,,125000,https://careers.datadoghq.com/detail/7057036/?gh_jid=7057036
2026-08-25,DDOG,Datadog,Strategic Account Executive,Enterprise Sales,"Sao Paulo, Brazil",demand_validated,mid,0,0,0,,100000,https://careers.datadoghq.com/detail/7055008/?gh_jid=7055008
2026-08-25,DDOG,Datadog,Strategic Account Executive (DACH),Enterprise Sales,"Austria, Remote ; Germany, Remote; Poland, Remote",demand_validated,mid,0,0,0,,100000,https://careers.datadoghq.com/detail/5511968/?gh_jid=5511968
2026-08-25,DDOG,Datadog,Strategic Account Executive (FED),Enterprise Sales,"Maryland, USA, Remote; Virginia, USA, Remote; Washington, District of Columbia, USA",demand_validated,mid,0,0,0,,125000,https://careers.datadoghq.com/detail/8021535/?gh_jid=8021535
2026-08-25,DDOG,Datadog,Strategic Account Executive (FED),Enterprise Sales,"Canberra, Australia",demand_validated,mid,0,0,0,,50000,https://careers.datadoghq.com/detail/7645709/?gh_jid=7645709
2026-08-25,DDOG,Datadog,Strategic Account Executive (Hong Kong Market),Enterprise Sales,"Singapore, Singapore",demand_validated,mid,0,0,0,,100000,https://careers.datadoghq.com/detail/7442122/?gh_jid=7442122
2026-08-25,DDOG,Datadog,Strategic Account Executive - Paris,Enterprise Sales,"Paris, France",demand_validated,mid,0,0,0,,100000,https://careers.datadoghq.com/detail/7101117/?gh_jid=7101117
2026-08-25,DDOG,Datadog,"Strategic Account Executive, Public Sector Japan, FED",Enterprise Sales,"Tokyo, Japan",demand_validated,mid,0,0,0,,100000,https://careers.datadoghq.com/detail/7439149/?gh_jid=7439149
2026-08-25,DDOG,Datadog,"Strategic Account Executive, Public Sector Japan, FED",Enterprise Sales,"Tokyo, Japan",demand_validated,mid,0,0,0,,,https://careers.datadoghq.com/detail/7439569/?gh_jid=7439569
2026-08-25,DDOG,Datadog,"Strategic Account Executive, Public Sector Japan, SLED",Enterprise Sales,"Tokyo, Japan",demand_validated,mid,0,0,0,,100000,https://careers.datadoghq.com/detail/7439152/?gh_jid=7439152
2026-08-25,DDOG,Datadog,"Strategic Account Executive, Public Sector Japan, SLED",Enterprise Sales,"Tokyo, Japan",demand_validated,mid,0,0,0,,,https://careers.datadoghq.com/detail/7439573/?gh_jid=7439573
2026-08-25,DDOG,Datadog,Strategic Account Executive (Rome - Italy) ,Enterprise Sales,"Rome, Italy",demand_validated,mid,0,0,0,,100000,https://careers.datadoghq.com/detail/5742916/?gh_jid=5742916
2026-08-25,DDOG,Datadog,Strategic Account Executive (Saudi Arabia),Enterprise Sales,"Riyadh, Saudi Arabia",demand_validated,mid,0,0,0,,100000,https://careers.datadoghq.com/detail/7338800/?gh_jid=7338800
2026-08-25,DDOG,Datadog,Strategic Account Executive (SLED),Enterprise Sales,"California, USA, Remote; Oregon, USA, Remote; Washington, USA, Remote",demand_validated,mid,0,0,0,,125000,https://careers.datadoghq.com/detail/6430945/?gh_jid=6430945
2026-08-25,DDOG,Datadog,Strategic Account Executive (SLED),Enterprise Sales,"Texas, USA, Remote",demand_validated,mid,0,0,0,,125000,https://careers.datadoghq.com/detail/7453034/?gh_jid=7453034
2026-08-25,DDOG,Datadog,Strategic Account Executive (SLED),Enterprise Sales,"Sydney, Australia",demand_validated,mid,0,0,0,,50000,https://careers.datadoghq.com/detail/8043036/?gh_jid=8043036
2026-08-25,DDOG,Datadog,Strategic Account Executive (SLED),Enterprise Sales,"Boston, Massachusetts, USA; New York, New York, USA",demand_validated,mid,0,0,0,,125000,https://careers.datadoghq.com/detail/7314667/?gh_jid=7314667
2026-08-25,DDOG,Datadog,Strategic Account Executive (UKI),Enterprise Sales,"London, United Kingdom",demand_validated,mid,0,0,0,,100000,https://careers.datadoghq.com/detail/5622381/?gh_jid=5622381
2026-08-25,DDOG,Datadog,Strategic Account Executive (UKI) - Public Sector,Enterprise Sales,"London, United Kingdom",demand_validated,mid,0,0,0,,100000,https://careers.datadoghq.com/detail/7591735/?gh_jid=7591735
2026-08-25,DDOG,Datadog,Strategic Account Executive (Vietnam Market),Enterprise Sales,"Singapore, Singapore",demand_validated,mid,0,0,0,,100000,https://careers.datadoghq.com/detail/7515110/?gh_jid=7515110
2026-08-25,DDOG,Datadog,"Systems Engineer 2, Technical Solutions (US-East)",Technical Solutions Operations,"New York, New York, USA",product_eng,mid,0,10,1,application|buzz,100500,https://careers.datadoghq.com/detail/8092973/?gh_jid=8092973
2026-08-25,DDOG,Datadog,"Team Lead, Strategic Sourcing (IT, SaaS, Hardware)",Finance,"New York, New York, USA",other,senior,0,0,0,,135000,https://careers.datadoghq.com/detail/8082391/?gh_jid=8082391
2026-08-25,DDOG,Datadog,Technical Account Manager,Technical Post Sales,"Tokyo, Japan",demand_validated,mid,0,0,0,,,https://careers.datadoghq.com/detail/8020530/?gh_jid=8020530
2026-08-25,DDOG,Datadog,Technical Account Manager,Technical Post Sales,"Tokyo, Japan",demand_validated,mid,0,0,0,,,https://careers.datadoghq.com/detail/8018694/?gh_jid=8018694
2026-08-25,DDOG,Datadog,Technical Account Manager 2 - Boston,Technical Post Sales,"Boston, Massachusetts, USA",demand_validated,mid,0,0,0,,117500,https://careers.datadoghq.com/detail/8026835/?gh_jid=8026835
2026-08-25,DDOG,Datadog,Technical Account Manager 2 - San Francisco,Technical Post Sales,"San Francisco, California, USA",demand_validated,mid,0,0,0,,117500,https://careers.datadoghq.com/detail/7989146/?gh_jid=7989146
2026-08-25,DDOG,Datadog,Technical Account Manager 2 - São Paulo,Technical Post Sales,"Sao Paulo, Brazil",demand_validated,mid,0,0,0,,,https://careers.datadoghq.com/detail/7834545/?gh_jid=7834545
2026-08-25,DDOG,Datadog,Technical Account Manager 2 - South Africa,Technical Post Sales,"South Africa, Remote",demand_validated,mid,0,0,0,,,https://careers.datadoghq.com/detail/8018696/?gh_jid=8018696
2026-08-25,DDOG,Datadog,Technical Account Manager 2 - West,Technical Post Sales,"Chicago, Illinois, USA; Denver, Colorado, USA",demand_validated,mid,0,0,0,,117500,https://careers.datadoghq.com/detail/8026831/?gh_jid=8026831
2026-08-25,DDOG,Datadog,Technical Account Manager 3 - East,Technical Post Sales,"Boston, Massachusetts, USA; New York, New York, USA",demand_validated,mid,0,0,0,,144500,https://careers.datadoghq.com/detail/8046392/?gh_jid=8046392
2026-08-25,DDOG,Datadog,Technical Account Manager 3 - Madrid,Technical Post Sales,"Madrid, Spain",demand_validated,mid,0,0,0,,,https://careers.datadoghq.com/detail/7982225/?gh_jid=7982225
2026-08-25,DDOG,Datadog,Technical Enablement Manager 3 (Italian Speaking),Technical Post Sales,"Amsterdam, The Netherlands; Dublin, Ireland; Paris, France",nontech,mid,0,0,0,,,https://careers.datadoghq.com/detail/8046399/?gh_jid=8046399
2026-08-25,DDOG,Datadog,Technical Escalations Engineer 2 (Agent) - US-West,Support Engineering,"Denver, Colorado, USA; San Francisco, California, USA",product_eng,mid,0,0,0,,99000,https://careers.datadoghq.com/detail/8094796/?gh_jid=8094796
2026-08-25,DDOG,Datadog,Technical Escalations Engineer 2 (Network Monitoring) - EMEA,Support Engineering,"Dublin, Ireland; Paris, France",product_eng,mid,0,0,0,,,https://careers.datadoghq.com/detail/8064226/?gh_jid=8064226
2026-08-25,DDOG,Datadog,Technical Escalations Engineer 2 (Revenue and Cost Management) - APJ,Support Engineering,"Seoul, South Korea; Sydney, Australia; Tokyo, Japan",product_eng,mid,0,0,0,,,https://careers.datadoghq.com/detail/8095826/?gh_jid=8095826
2026-08-25,DDOG,Datadog,Technical Escalations Engineer 2 (RUM) - APJ,Support Engineering,"Seoul, South Korea; Sydney, Australia; Tokyo, Japan",product_eng,mid,0,0,0,,,https://careers.datadoghq.com/detail/8138482/?gh_jid=8138482
2026-08-25,DDOG,Datadog,Technical Escalations Engineer 2 (Web Platform) - US-West,Support Engineering,"Denver, Colorado, USA; San Francisco, California, USA",product_eng,mid,0,0,0,,99000,https://careers.datadoghq.com/detail/8130723/?gh_jid=8130723
2026-08-25,DDOG,Datadog,"Technical Program Manager 2, Technical Solutions",Technical Solutions Operations,"Boston, Massachusetts, USA; New York, New York, USA; San Francisco, California, USA",other,mid,0,0,0,,130500,https://careers.datadoghq.com/detail/8030837/?gh_jid=8030837
2026-08-25,DDOG,Datadog,Technical Program Manager II,Dev Eng,"New York, New York, USA",other,mid,0,8,1,buzz|data_ml_ops|general_medium|model_infra,163800,https://careers.datadoghq.com/detail/8144018/?gh_jid=8144018
2026-08-25,DDOG,Datadog,"Technical Support Engineer 1, Premier - USA",Support Engineering,"Denver, Colorado, USA; New York, New York, USA; San Francisco, California, USA",product_eng,mid,0,0,0,,77000,https://careers.datadoghq.com/detail/7449072/?gh_jid=7449072
2026-08-25,DDOG,Datadog,Technical Support Engineer 2,Support Engineering,"Tokyo, Japan",product_eng,mid,0,0,0,,,https://careers.datadoghq.com/detail/6759702/?gh_jid=6759702
2026-08-25,DDOG,Datadog,Technical Support Engineer 2,Support Engineering,"Tokyo, Japan",product_eng,mid,0,0,0,,,https://careers.datadoghq.com/detail/6761448/?gh_jid=6761448
2026-08-25,DDOG,Datadog,"Technical Support Engineer 2, Premier - EMEA",Support Engineering,"Dublin, Ireland; Paris, France",product_eng,mid,0,0,0,,,https://careers.datadoghq.com/detail/7496253/?gh_jid=7496253
2026-08-25,DDOG,Datadog,"Technical Support Engineer 2, Premier - NYC (Japanese Speaking)",Support Engineering,"New York, New York, USA",product_eng,mid,0,0,0,,94500,https://careers.datadoghq.com/detail/8109441/?gh_jid=8109441
2026-08-25,DDOG,Datadog,"Technical Support Engineer 2, Premier - Sao Paulo",Support Engineering,"Sao Paulo, Brazil",product_eng,mid,0,0,0,,,https://careers.datadoghq.com/detail/8096181/?gh_jid=8096181
2026-08-25,DDOG,Datadog,"Technical Support Engineer 2, Premier - USA",Support Engineering,"Denver, Colorado, USA; New York, New York, USA; San Francisco, California, USA",product_eng,mid,0,0,0,,94500,https://careers.datadoghq.com/detail/7997872/?gh_jid=7997872
2026-08-25,DDOG,Datadog,"Technical Support Engineer 3, Premier - EMEA",Support Engineering,"Dublin, Ireland; Paris, France",product_eng,mid,0,0,0,,,https://careers.datadoghq.com/detail/8083128/?gh_jid=8083128
2026-08-25,DDOG,Datadog,"Technical Support Engineer 3, Premier - Sao Paulo",Support Engineering,"Sao Paulo, Brazil",product_eng,mid,0,0,0,,,https://careers.datadoghq.com/detail/8097533/?gh_jid=8097533
2026-08-25,DDOG,Datadog,"Technical Support Engineer 3, Premier - US-West",Support Engineering,"Denver, Colorado, USA; San Francisco, California, USA",product_eng,mid,0,0,0,,112000,https://careers.datadoghq.com/detail/7758574/?gh_jid=7758574
2026-08-25,MDB,MongoDB,Account Development Representative,Sales Development,Toronto,other,mid,0,0,0,,66500,https://www.mongodb.com/careers/job/?gh_jid=7311234
2026-08-25,MDB,MongoDB,Account Development Representative,Sales Development,"Dublin, Ireland",other,mid,0,0,0,,,https://www.mongodb.com/careers/job/?gh_jid=8081378
2026-08-25,MDB,MongoDB,Account Development Representative,Sales Development,Gurugram,other,mid,0,0,0,,,https://www.mongodb.com/careers/job/?gh_jid=7318558
2026-08-25,MDB,MongoDB,Account Development Representative,Sales Development,Bengaluru,other,mid,0,0,0,,,https://www.mongodb.com/careers/job/?gh_jid=7318466
2026-08-25,MDB,MongoDB,Account Development Representative,Sales Development,Mexico City,other,mid,0,0,0,,,https://www.mongodb.com/careers/job/?gh_jid=7318049
2026-08-25,MDB,MongoDB,Account Development Representative - English Speaking,Sales Development,Kuala Lumpur,other,mid,0,0,0,,,https://www.mongodb.com/careers/job/?gh_jid=8079914
2026-08-25,MDB,MongoDB,"Account Development Representative, French Speaking",Sales Development,Dublin,other,mid,0,0,0,,,https://www.mongodb.com/careers/job/?gh_jid=7335567
2026-08-25,MDB,MongoDB,"Account Development Representative, German Speaking",Sales Development,Dublin,other,mid,0,0,0,,,https://www.mongodb.com/careers/job/?gh_jid=7337287
2026-08-25,MDB,MongoDB,"Account Development Representative, Hebrew Speaking",Sales Development,Tel Aviv,other,mid,0,0,0,,,https://www.mongodb.com/careers/job/?gh_jid=7334938
2026-08-25,MDB,MongoDB,"Account Development Representative, Italian Speaking",Sales Development,Dublin,other,mid,0,1,0,buzz,,https://www.mongodb.com/careers/job/?gh_jid=7338090
2026-08-25,MDB,MongoDB,Account Development Representative - Mandarin Speaking,Sales Development,Kuala Lumpur,other,mid,0,0,0,,,https://www.mongodb.com/careers/job/?gh_jid=7566671
2026-08-25,MDB,MongoDB,"Account Development Representative, Spanish Speaking",Sales Development,Dublin,other,mid,0,1,0,buzz,,https://www.mongodb.com/careers/job/?gh_jid=7335205
2026-08-25,MDB,MongoDB,Account Development Representative - Thai Speaking,Sales Development,Malaysia,other,mid,0,0,0,,,https://www.mongodb.com/careers/job/?gh_jid=7746436
2026-08-25,MDB,MongoDB,"Account Executive, Acquisition",Sales Greater China,Hong Kong,demand_validated,mid,0,0,0,,,https://www.mongodb.com/careers/job/?gh_jid=7154017
2026-08-25,MDB,MongoDB,"Account Executive, Acquisition/Growth",Sales APAC (India),Bengaluru; Gurugram; Mumbai,demand_validated,mid,0,0,0,,,https://www.mongodb.com/careers/job/?gh_jid=7870623
2026-08-25,MDB,MongoDB,"Account Executive (Bahasa, Thai or Vietnamese Speaker)",Sales APAC (ASEAN),Singapore,demand_validated,mid,0,0,0,,,https://www.mongodb.com/careers/job/?gh_jid=7211619
2026-08-25,MDB,MongoDB,"Account Executive, Growth",Sales LatAm,São Paulo,demand_validated,mid,0,0,0,,,https://www.mongodb.com/careers/job/?gh_jid=6531094
2026-08-25,MDB,MongoDB,"Account Executive, Growth",Sales Growth EMEA,Zurich,demand_validated,mid,0,0,0,,,https://www.mongodb.com/careers/job/?gh_jid=7217822
2026-08-25,MDB,MongoDB,Advisory Partner Solutions Architect,"Solutions Architecture, Partners",India,demand_validated,mid,0,10,1,application|buzz,,https://www.mongodb.com/careers/job/?gh_jid=8050418
2026-08-25,MDB,MongoDB,Advisory / Senior Solutions Architect,"Solutions Architecture, APAC",Seoul,demand_validated,senior,0,7,1,application|buzz,,https://www.mongodb.com/careers/job/?gh_jid=8119297
2026-08-25,MDB,MongoDB,Advisory Solutions Architect,"Solutions Architecture, APAC",Singapore,demand_validated,mid,0,7,1,application|buzz,,https://www.mongodb.com/careers/job/?gh_jid=8023912
2026-08-25,MDB,MongoDB,Advisory Solutions Architect,"Solutions Architecture, LATAM",Mexico City,demand_validated,mid,0,8,1,application|buzz,,https://www.mongodb.com/careers/job/?gh_jid=7997764
2026-08-25,MDB,MongoDB,Answer Engine Optimization (AEO) Lead,Global Demand Center,United States,other,senior,0,18,1,application,154000,https://www.mongodb.com/careers/job/?gh_jid=8067253
2026-08-25,MDB,MongoDB,Associate Account Executive (Abu Dhabi Public Sector),Sales Growth EMEA,Dubai,demand_validated,mid,0,1,0,buzz,,https://www.mongodb.com/careers/job/?gh_jid=8066869
2026-08-25,MDB,MongoDB,Associate Commercial Growth Account Executive,Commercial Growth,Austin,demand_validated,mid,0,0,0,,60008,https://www.mongodb.com/careers/job/?gh_jid=7615794
2026-08-25,MDB,MongoDB,Associate Legal Counsel,Legal & Risk Mgmt,"Dublin, Ireland",nontech,mid,0,0,0,,,https://www.mongodb.com/careers/job/?gh_jid=8139166
2026-08-25,MDB,MongoDB,Associate Technical Services Engineer II,Technical Support AMER,Brazil; São Paulo,product_eng,mid,0,0,0,,,https://www.mongodb.com/careers/job/?gh_jid=8054311
2026-08-25,MDB,MongoDB,Associate Technical Services Engineer II,Technical Support AMER,Austin,product_eng,mid,0,0,0,,112500,https://www.mongodb.com/careers/job/?gh_jid=8044218
2026-08-25,MDB,MongoDB,Associate Technical Services Engineer II,Technical Support EMEA,"Dublin, Ireland; Ireland",product_eng,mid,0,0,0,,,https://www.mongodb.com/careers/job/?gh_jid=7721092
2026-08-25,MDB,MongoDB,Associate TSE I,Technical Support APAC,Bengaluru,other,mid,0,0,0,,,https://www.mongodb.com/careers/job/?gh_jid=8097618
2026-08-25,MDB,MongoDB,Associate TSE II,Technical Support APAC,Gurugram,other,mid,0,0,0,,,https://www.mongodb.com/careers/job/?gh_jid=8076090
2026-08-25,MDB,MongoDB,Associate TSE II,Technical Support EMEA,"Dublin, Ireland",other,mid,0,0,0,,,https://www.mongodb.com/careers/job/?gh_jid=8041640
2026-08-25,MDB,MongoDB,Associate TSE II,Technical Support AMER,Mexico City,other,mid,0,0,0,,,https://www.mongodb.com/careers/job/?gh_jid=8054102
2026-08-25,MDB,MongoDB,Associate TSE II,Technical Support APAC,Gurugram,other,mid,0,0,0,,,https://www.mongodb.com/careers/job/?gh_jid=8089396
2026-08-25,MDB,MongoDB,Associate TSE II,Technical Support APAC,Sydney,other,mid,0,0,0,,,https://www.mongodb.com/careers/job/?gh_jid=8113537
2026-08-25,MDB,MongoDB,Associate TSE II,Technical Support APAC,Bengaluru,other,mid,0,0,0,,,https://www.mongodb.com/careers/job/?gh_jid=8089399
2026-08-25,MDB,MongoDB,Associate TSE II,Technical Support APAC,Bengaluru,other,mid,0,0,0,,,https://www.mongodb.com/careers/job/?gh_jid=8110518
2026-08-25,MDB,MongoDB,"Candidate Experience Coordinator, Contract",Early Talent Recruiting,United States,other,mid,0,0,0,,62400,https://www.mongodb.com/careers/job/?gh_jid=7742585
2026-08-25,MDB,MongoDB,Cloud Operations Engineer,Cloud Operations,"Cork, Ireland; Dublin, Ireland",product_eng,mid,0,0,0,,,https://www.mongodb.com/careers/job/?gh_jid=7453323
2026-08-25,MDB,MongoDB,Cloud Operations Engineer,Cloud Operations,"Cork, Ireland; Dublin, Ireland",product_eng,mid,0,0,0,,,https://www.mongodb.com/careers/job/?gh_jid=8025824
2026-08-25,MDB,MongoDB,Cloud Operations Engineer,Cloud Operations,"Cork, Ireland; Dublin, Ireland",product_eng,mid,0,0,0,,,https://www.mongodb.com/careers/job/?gh_jid=8025827
2026-08-25,MDB,MongoDB,"Cloud Operations Engineer (2nd Shift, Weekend)",Cloud Operations,United States,product_eng,mid,0,0,0,,133000,https://www.mongodb.com/careers/job/?gh_jid=8045688
2026-08-25,MDB,MongoDB,Commercial Growth Account Executive - Acquisition,Commercial Growth,Tel Aviv,demand_validated,mid,0,0,0,,,https://www.mongodb.com/careers/job/?gh_jid=8143761
2026-08-25,MDB,MongoDB,Commercial Growth Account Executive (Arabic Speaker),Commercial Growth,"Cork, Ireland; Dublin, Ireland",demand_validated,mid,0,0,0,,,https://www.mongodb.com/careers/job/?gh_jid=7056256
2026-08-25,MDB,MongoDB,Commercial Growth Account Executive (Dutch Speaker),Commercial Growth,Dublin,demand_validated,mid,0,0,0,,,https://www.mongodb.com/careers/job/?gh_jid=8143614
2026-08-25,MDB,MongoDB,Commercial Growth Account Executive (German Speaker),Commercial Growth,"Cork, Ireland; Dublin, Ireland",demand_validated,mid,0,0,0,,,https://www.mongodb.com/careers/job/?gh_jid=7276216
2026-08-25,MDB,MongoDB,Commercial Growth Account Executive - Turkish Speaker,Commercial Growth,"Dublin, Ireland",demand_validated,mid,0,1,0,buzz,,https://www.mongodb.com/careers/job/?gh_jid=8074863
2026-08-25,MDB,MongoDB,Contract Sourcer,Early Talent Recruiting,"Dublin, Ireland",other,mid,0,0,0,,,https://www.mongodb.com/careers/job/?gh_jid=8105037
2026-08-25,MDB,MongoDB,Contract Sourcer,Early Talent Recruiting,Gurugram,other,mid,0,0,0,,,https://www.mongodb.com/careers/job/?gh_jid=8099122
2026-08-25,MDB,MongoDB,"Coordinator, Shared Services",HR Operations,Gurugram,other,mid,0,0,0,,,https://www.mongodb.com/careers/job/?gh_jid=8121324
2026-08-25,MDB,MongoDB,"Customer Advocate, Core Products, Office of the CPO",Core Products Leadership,Austin; Chicago; New York City; United States; Washington DC,nontech,mid,0,0,0,,191000,https://www.mongodb.com/careers/job/?gh_jid=8122664
2026-08-25,MDB,MongoDB,Customer Success Manager,Customer Success APAC,Japan,demand_validated,mid,0,0,0,,,https://www.mongodb.com/careers/job/?gh_jid=7640985
2026-08-25,MDB,MongoDB,Customer Success Manager,Customer Success Americas,New York City,demand_validated,mid,0,0,0,,120500,https://www.mongodb.com/careers/job/?gh_jid=8060800
2026-08-25,MDB,MongoDB,"Director, Escalation Management",Technical Support Escalation Management,"Dublin, Ireland",other,director,0,3,1,application,,https://www.mongodb.com/careers/job/?gh_jid=8060669
2026-08-25,MDB,MongoDB,"Director, International Financial Compliance",Controllership,Dublin,other,intern,0,0,0,,,https://www.mongodb.com/careers/job/?gh_jid=7811458
2026-08-25,MDB,MongoDB,"Director, ISV Partnerships",Partner Programs,United States,other,director,0,0,0,,216900,https://www.mongodb.com/careers/job/?gh_jid=7942142
2026-08-25,MDB,MongoDB,"Director, Partner Programs",Partner Programs,United States,other,director,0,0,0,,207500,https://www.mongodb.com/careers/job/?gh_jid=8077491
2026-08-25,MDB,MongoDB,"Director, Solutions Architecture","Solutions Architecture, Partners",Bengaluru,demand_validated,director,0,0,0,,,https://www.mongodb.com/careers/job/?gh_jid=8066684
2026-08-25,MDB,MongoDB,"Director, Strategic Events",Strategic Events,United States,other,director,0,3,1,application,170500,https://www.mongodb.com/careers/job/?gh_jid=8069976
2026-08-25,MDB,MongoDB,"Director, Web Platform & Technology",Website,"Cork, Ireland; Dublin, Ireland",other,director,0,4,1,application|buzz,,https://www.mongodb.com/careers/job/?gh_jid=8009965
2026-08-25,MDB,MongoDB,Enablement Delivery Specialist,GTM Enablement,Singapore,nontech,mid,0,0,0,,,https://www.mongodb.com/careers/job/?gh_jid=7974991
2026-08-25,MDB,MongoDB,Enablement Delivery Specialist,GTM Enablement,Chicago,nontech,mid,0,0,0,,74500,https://www.mongodb.com/careers/job/?gh_jid=8013287
2026-08-25,MDB,MongoDB,Engagement Manager,PS Engagement Management,Seoul,other,mid,0,0,0,,,https://www.mongodb.com/careers/job/?gh_jid=7861722
2026-08-25,MDB,MongoDB,Engagement Manager (Services Sales),PS Engagement Management,Rome,nontech,mid,0,1,0,buzz,,https://www.mongodb.com/careers/job/?gh_jid=7982616
2026-08-25,MDB,MongoDB,Engagement Manager (Services Sales),PS Engagement Management,Amsterdam; Germany,nontech,mid,0,1,0,buzz,,https://www.mongodb.com/careers/job/?gh_jid=7996557
2026-08-25,MDB,MongoDB,Engineer 3 - GTM Tech,GTM Tech,Gurugram,product_eng,mid,0,4,1,application|buzz,,https://www.mongodb.com/careers/job/?gh_jid=7943868
2026-08-25,MDB,MongoDB,Engineering Manager,AI Builder Experience,Gurugram,product_eng,mid,0,12,1,application,,https://www.mongodb.com/careers/job/?gh_jid=8106167
2026-08-25,MDB,MongoDB,"Engineering Manager, Server Networking Security (Rust)",Clusters & Interfaces,"Cork, Ireland; Dublin, Ireland",product_eng,mid,0,0,0,,,https://www.mongodb.com/careers/job/?gh_jid=7698054
2026-08-25,MDB,MongoDB,Enterprise Account Executive,Sales Growth EMEA,London,demand_validated,mid,0,0,0,,,https://www.mongodb.com/careers/job/?gh_jid=8153715
2026-08-25,MDB,MongoDB,Enterprise Account Executive,Sales APAC (ASEAN),Singapore,demand_validated,mid,0,0,0,,,https://www.mongodb.com/careers/job/?gh_jid=8074220
2026-08-25,MDB,MongoDB,Enterprise Account Executive,Sales Growth EMEA,Munich,demand_validated,mid,0,0,0,,,https://www.mongodb.com/careers/job/?gh_jid=7979277
2026-08-25,MDB,MongoDB,Enterprise Account Executive,Sales Growth EMEA,Germany,demand_validated,mid,0,0,0,,,https://www.mongodb.com/careers/job/?gh_jid=7996801
2026-08-25,MDB,MongoDB,Enterprise Account Executive,Sales Growth EMEA,Barcelona,demand_validated,mid,0,0,0,,,https://www.mongodb.com/careers/job/?gh_jid=7921450
2026-08-25,MDB,MongoDB,Enterprise Account Executive,Sales Growth EMEA,Frankfurt,demand_validated,mid,0,0,0,,,https://www.mongodb.com/careers/job/?gh_jid=7160353
2026-08-25,MDB,MongoDB,Enterprise Account Executive,Sales Growth EMEA,Amsterdam,demand_validated,mid,0,0,0,,,https://www.mongodb.com/careers/job/?gh_jid=7721659
2026-08-25,MDB,MongoDB,Enterprise Account Executive,Sales Growth EMEA,Madrid,demand_validated,mid,0,0,0,,,https://www.mongodb.com/careers/job/?gh_jid=7257330
2026-08-25,MDB,MongoDB,Enterprise Account Executive,Sales Growth EMEA,Dubai,demand_validated,mid,0,0,0,,,https://www.mongodb.com/careers/job/?gh_jid=7578590
2026-08-25,MDB,MongoDB,Enterprise Account Executive,Sales Growth EMEA,London,demand_validated,mid,0,0,0,,,https://www.mongodb.com/careers/job/?gh_jid=7607210
2026-08-25,MDB,MongoDB,Enterprise Account Executive,Sales Growth EMEA,Paris,demand_validated,mid,0,0,0,,,https://www.mongodb.com/careers/job/?gh_jid=7256839
2026-08-25,MDB,MongoDB,Enterprise Account Executive	,Sales Growth NAMER,Los Angeles,demand_validated,mid,0,0,0,,150000,https://www.mongodb.com/careers/job/?gh_jid=6587328
2026-08-25,MDB,MongoDB,Enterprise Account Executive	,Sales Growth EMEA,London,demand_validated,mid,0,0,0,,,https://www.mongodb.com/careers/job/?gh_jid=7219459
2026-08-25,MDB,MongoDB,"Enterprise Account Executive, Acquisition",Sales APAC (ANZ),Melbourne,demand_validated,mid,0,0,0,,,https://www.mongodb.com/careers/job/?gh_jid=8079676
2026-08-25,MDB,MongoDB,"Enterprise Account Executive, Acquisition",Sales LatAm,Mexico City,demand_validated,mid,0,0,0,,,https://www.mongodb.com/careers/job/?gh_jid=5607962
2026-08-25,MDB,MongoDB,Enterprise Account Executive - Bahasa Speaker,Sales APAC (ASEAN),Singapore,demand_validated,mid,0,0,0,,,https://www.mongodb.com/careers/job/?gh_jid=7955987
2026-08-25,MDB,MongoDB,"Enterprise Account Executive (Bahasa, Vietnamese and Thai speaker)",Sales APAC (ASEAN),Singapore,demand_validated,mid,0,0,0,,,https://www.mongodb.com/careers/job/?gh_jid=7211805
2026-08-25,MDB,MongoDB,Enterprise Account Executive (Cyber),Sales Growth EMEA,Tel Aviv,demand_validated,mid,0,0,0,,,https://www.mongodb.com/careers/job/?gh_jid=7628750
2026-08-25,MDB,MongoDB,"Enterprise Account Executive, Federal",Sales US Public Sector,Tysons,demand_validated,mid,0,0,0,,148500,https://www.mongodb.com/careers/job/?gh_jid=7028355
2026-08-25,MDB,MongoDB,"Enterprise Account Executive, Growth",Sales Greater China,Beijing; Shanghai; Shenzhen,demand_validated,mid,0,0,0,,,https://www.mongodb.com/careers/job/?gh_jid=6740470
2026-08-25,MDB,MongoDB,"Enterprise Account Executive, Growth",Sales Growth EMEA,Frankfurt,demand_validated,mid,0,0,0,,,https://www.mongodb.com/careers/job/?gh_jid=6848268
2026-08-25,MDB,MongoDB,"Enterprise Account Executive, Growth",Sales Growth EMEA,Paris,demand_validated,mid,0,0,0,,,https://www.mongodb.com/careers/job/?gh_jid=6949764
2026-08-25,MDB,MongoDB,"Enterprise Account Executive, Growth",Sales Growth EMEA,Poland,demand_validated,mid,0,0,0,,,https://www.mongodb.com/careers/job/?gh_jid=6987968
2026-08-25,MDB,MongoDB,"Enterprise Account Executive, Growth",Sales Growth NAMER,Austin,demand_validated,mid,0,0,0,,150000,https://www.mongodb.com/careers/job/?gh_jid=7027846
2026-08-25,MDB,MongoDB,"Enterprise Account Executive, Growth",Sales Growth EMEA,Israel,demand_validated,mid,0,0,0,,,https://www.mongodb.com/careers/job/?gh_jid=7996805
2026-08-25,MDB,MongoDB,"Enterprise Account Executive, Growth",Sales Growth NAMER,New York City,demand_validated,mid,0,0,0,,150000,https://www.mongodb.com/careers/job/?gh_jid=7032023
2026-08-25,MDB,MongoDB,"Enterprise Account Executive, Growth",Sales Growth NAMER,Toronto,demand_validated,mid,0,0,0,,170000,https://www.mongodb.com/careers/job/?gh_jid=7141759
2026-08-25,MDB,MongoDB,"Enterprise Account Executive, Growth",Sales APAC (ANZ),Auckland; Melbourne,demand_validated,mid,0,0,0,,,https://www.mongodb.com/careers/job/?gh_jid=8066559
2026-08-25,MDB,MongoDB,"Enterprise Account Executive, Growth",Sales Growth NAMER,Chicago,demand_validated,mid,0,0,0,,150000,https://www.mongodb.com/careers/job/?gh_jid=7191603
2026-08-25,MDB,MongoDB,"Enterprise Account Executive, Growth",Sales Growth EMEA,Dubai,demand_validated,mid,0,0,0,,,https://www.mongodb.com/careers/job/?gh_jid=8051197
2026-08-25,MDB,MongoDB,"Enterprise Account Executive, Growth",Sales Growth EMEA,Rome,demand_validated,mid,0,0,0,,,https://www.mongodb.com/careers/job/?gh_jid=6275509
2026-08-25,MDB,MongoDB,"Enterprise Account Executive, Growth",Sales Korea,Seoul,demand_validated,mid,0,0,0,,,https://www.mongodb.com/careers/job/?gh_jid=7912343
2026-08-25,MDB,MongoDB,"Enterprise Account Executive, Growth",Sales Greater China,Taipei,demand_validated,mid,0,0,0,,,https://www.mongodb.com/careers/job/?gh_jid=6688075
2026-08-25,MDB,MongoDB,"Enterprise Account Executive, Growth",Sales Growth NAMER,Montreal,demand_validated,mid,0,0,0,,170000,https://www.mongodb.com/careers/job/?gh_jid=7269518
2026-08-25,MDB,MongoDB,"Enterprise Account Executive, Growth",Sales Growth EMEA,Zurich,demand_validated,mid,0,0,0,,,https://www.mongodb.com/careers/job/?gh_jid=7217805
2026-08-25,MDB,MongoDB,"Enterprise Account Executive, Growth",Sales APAC (ANZ),Melbourne,demand_validated,mid,0,0,0,,,https://www.mongodb.com/careers/job/?gh_jid=7403891
2026-08-25,MDB,MongoDB,"Enterprise Account Executive, Growth",Sales Growth EMEA,Berlin; Frankfurt; Munich,demand_validated,mid,0,0,0,,,https://www.mongodb.com/careers/job/?gh_jid=7219021
2026-08-25,MDB,MongoDB,"Enterprise Account Executive, Growth",Sales Growth EMEA,Paris,demand_validated,mid,0,0,0,,,https://www.mongodb.com/careers/job/?gh_jid=7256796
2026-08-25,MDB,MongoDB,"Enterprise Account Executive, Growth",Sales Growth NAMER,Boston; New York City; Pennsylvania,demand_validated,mid,0,0,0,,150000,https://www.mongodb.com/careers/job/?gh_jid=7362626
2026-08-25,MDB,MongoDB,"Enterprise Account Executive, Growth",Sales Growth NAMER,Ohio,demand_validated,mid,0,0,0,,150000,https://www.mongodb.com/careers/job/?gh_jid=7362411
2026-08-25,MDB,MongoDB,"Enterprise Account Executive, Growth",Sales Growth EMEA,Madrid,demand_validated,mid,0,0,0,,,https://www.mongodb.com/careers/job/?gh_jid=7257122
2026-08-25,MDB,MongoDB,"Enterprise Account Executive, Growth	",Sales Growth NAMER,San Francisco,demand_validated,mid,0,0,0,,150000,https://www.mongodb.com/careers/job/?gh_jid=6755285
2026-08-25,MDB,MongoDB,"Enterprise Account Executive, Growth ( Bahasa Speaker)",Sales APAC (ASEAN),Singapore,demand_validated,mid,0,0,0,,,https://www.mongodb.com/careers/job/?gh_jid=7552596
2026-08-25,MDB,MongoDB,"Enterprise Account Executive, Growth (Digital Native)",Sales Growth EMEA,Tel Aviv,demand_validated,mid,0,0,0,,,https://www.mongodb.com/careers/job/?gh_jid=6640101
2026-08-25,MDB,MongoDB,"Enterprise Account Executive, Growth (FSI)",Sales Growth EMEA,Tel Aviv,demand_validated,mid,0,0,0,,,https://www.mongodb.com/careers/job/?gh_jid=6601414
2026-08-25,MDB,MongoDB,"Enterprise Account Executive, KSA Public Sector (Arabic Speaker)",Sales Growth EMEA,Dubai,demand_validated,mid,0,0,0,,,https://www.mongodb.com/careers/job/?gh_jid=7429695
2026-08-25,MDB,MongoDB,Enterprise Account Manager - OEM,Sales Greater China,Beijing; Shanghai; Shenzhen,other,mid,0,0,0,,,https://www.mongodb.com/careers/job/?gh_jid=6829771
2026-08-25,MDB,MongoDB,Enterprise Sales Development Representative,Sales Development,Austin,nontech,mid,0,0,0,,50003,https://www.mongodb.com/careers/job/?gh_jid=7311204
2026-08-25,MDB,MongoDB,Escalation Manager,Technical Support Escalation Management,"Dublin, Ireland",other,mid,0,1,0,buzz,,https://www.mongodb.com/careers/job/?gh_jid=8073670
2026-08-25,MDB,MongoDB,Executive Assistant,Executive Support - Sales,Bengaluru; Gurugram,other,mid,0,0,0,,,https://www.mongodb.com/careers/job/?gh_jid=8089929
2026-08-25,MDB,MongoDB,Global Deal Strategy Sr. Manager,Deal Strategy,"Cork, Ireland",other,senior,0,1,0,buzz,,https://www.mongodb.com/careers/job/?gh_jid=8098473
2026-08-25,MDB,MongoDB,Head of Partner Enablement,Partner Enablement,"Dublin, Ireland; London",nontech,exec,0,0,0,,,https://www.mongodb.com/careers/job/?gh_jid=8077499
2026-08-25,MDB,MongoDB,Head of Revenue Accounting & Order to Cash,"Revenue, OTC & QTC",Palo Alto; San Francisco,nontech,exec,0,0,0,,203500,https://www.mongodb.com/careers/job/?gh_jid=8072501
2026-08-25,MDB,MongoDB,Inside Account Executive,Inside Sales NAMER,Toronto,demand_validated,mid,0,0,0,,90000,https://www.mongodb.com/careers/job/?gh_jid=8021118
2026-08-25,MDB,MongoDB,Inside Account Executive,Inside Sales NAMER,San Francisco; Utah,demand_validated,mid,0,0,0,,75005,https://www.mongodb.com/careers/job/?gh_jid=8126598
2026-08-25,MDB,MongoDB,Inside Account Executive,Inside Sales NAMER,Chicago,demand_validated,mid,0,0,0,,60008,https://www.mongodb.com/careers/job/?gh_jid=8122877
2026-08-25,MDB,MongoDB,International Tax Director,Tax & Treasury,Atlanta; Austin; Baltimore; Charlotte; Chicago; Florida; Houston; Nashville; Raleigh,other,intern,0,3,1,application,191000,https://www.mongodb.com/careers/job/?gh_jid=7843814
2026-08-25,MDB,MongoDB,"Lead, Cloud Operations Engineering",Cloud Operations,"Dublin, Ireland",product_eng,senior,0,0,0,,,https://www.mongodb.com/careers/job/?gh_jid=8060943
2026-08-25,MDB,MongoDB,"Lead, Engineering",Magenta,Gurugram,product_eng,senior,0,0,0,,,https://www.mongodb.com/careers/job/?gh_jid=7590547
2026-08-25,MDB,MongoDB,Lead Forward Deployed Engineer,Magenta,New York City,demand_validated,senior,0,3,1,application,203500,https://www.mongodb.com/careers/job/?gh_jid=8065401
2026-08-25,MDB,MongoDB,"Lead, Platform Engineering",Data & Platform,Gurugram,product_eng,senior,0,0,0,,,https://www.mongodb.com/careers/job/?gh_jid=8071475
2026-08-25,MDB,MongoDB,"Lead, Revenue","Revenue, OTC & QTC",Gurugram,other,senior,0,0,0,,,https://www.mongodb.com/careers/job/?gh_jid=7736169
2026-08-25,MDB,MongoDB,Lead Salesforce Engineer,GTM Tech,Gurugram,product_eng,senior,0,1,0,buzz,,https://www.mongodb.com/careers/job/?gh_jid=8018420
2026-08-25,MDB,MongoDB,"Manager, Customer Success",Customer Success APAC,Seoul,demand_validated,mid,0,0,0,,,https://www.mongodb.com/careers/job/?gh_jid=7375469
2026-08-25,MDB,MongoDB,"Manager, Customer Success Management",Customer Success EMEA,Milan; Rome,demand_validated,mid,0,0,0,,,https://www.mongodb.com/careers/job/?gh_jid=8074078
2026-08-25,MDB,MongoDB,"Manager, Engineering",Magenta,Bengaluru,product_eng,mid,0,0,0,,,https://www.mongodb.com/careers/job/?gh_jid=8076975
2026-08-25,MDB,MongoDB,"Manager, Engineering",Observability & Adoption Engineering,"Dublin, Ireland",product_eng,mid,0,0,0,,,https://www.mongodb.com/careers/job/?gh_jid=8066812
2026-08-25,MDB,MongoDB,"Manager, Marketplace Accounts Receivable","Revenue, OTC & QTC",Gurugram,other,mid,0,0,0,,,https://www.mongodb.com/careers/job/?gh_jid=7982613
2026-08-25,MDB,MongoDB,"Manager, Premium Support Services",Technical Support Premium Services,Palo Alto,nontech,mid,0,3,1,application,207500,https://www.mongodb.com/careers/job/?gh_jid=7983071
2026-08-25,MDB,MongoDB,"Manager, Sales Development",Sales Development,Boston,nontech,mid,0,0,0,,110000,https://www.mongodb.com/careers/job/?gh_jid=8014384
2026-08-25,MDB,MongoDB,"Manager, Sales Development - French",Sales Development,"Dublin, Ireland",nontech,mid,0,0,0,,,https://www.mongodb.com/careers/job/?gh_jid=8069203
2026-08-25,MDB,MongoDB,"Manager, Sales Development (Kuala Lumpur Based)",Sales Development,Malaysia,nontech,mid,0,0,0,,,https://www.mongodb.com/careers/job/?gh_jid=7732991
2026-08-25,MDB,MongoDB,"Manager, Sales Strategy & Planning",GTM Operations,San Francisco,nontech,mid,0,0,0,,145500,https://www.mongodb.com/careers/job/?gh_jid=8049846
2026-08-25,MDB,MongoDB,"Manager, Site Reliability Engineering - Storage Layer Service",Site Reliability Engineering,New York City,product_eng,mid,0,0,0,,213500,https://www.mongodb.com/careers/job/?gh_jid=7743304
2026-08-25,MDB,MongoDB,"Manager, Site Reliability Engineering - Storage Layer Service",Site Reliability Engineering,Cork,product_eng,mid,0,0,0,,,https://www.mongodb.com/careers/job/?gh_jid=7957589
2026-08-25,MDB,MongoDB,"Manager, Site Reliability Engineering - Storage Layer Service",Site Reliability Engineering,Dublin,product_eng,mid,0,0,0,,,https://www.mongodb.com/careers/job/?gh_jid=7818635
2026-08-25,MDB,MongoDB,"Manager, Solutions Architecture","Solutions Architecture, LATAM",Mexico City,demand_validated,mid,0,0,0,,,https://www.mongodb.com/careers/job/?gh_jid=7728309
2026-08-25,MDB,MongoDB,"Manager, Technical Services",Technical Support AMER Public Sector,Austin,other,mid,0,0,0,,197000,https://www.mongodb.com/careers/job/?gh_jid=8056743
2026-08-25,MDB,MongoDB,"Manager, Technical Services",Technical Support Partners & Migrations,Austin,other,mid,0,0,0,,197000,https://www.mongodb.com/careers/job/?gh_jid=8053153
2026-08-25,MDB,MongoDB,"Manager, Technical Services",Technical Support APAC,Sydney,other,mid,0,0,0,,,https://www.mongodb.com/careers/job/?gh_jid=8097615
2026-08-25,MDB,MongoDB,"Manager, Travel",Controllership,United States,other,mid,0,0,0,,102000,https://www.mongodb.com/careers/job/?gh_jid=8083437
2026-08-25,MDB,MongoDB,Marketing Operations Manager,Marketing Operations,"Dublin, Ireland",nontech,mid,0,3,1,application,,https://www.mongodb.com/careers/job/?gh_jid=8152810
2026-08-25,MDB,MongoDB,Pre-Sales Solutions Architect,Solutions Architecture,Mexico City,demand_validated,mid,0,7,1,application|buzz,,https://www.mongodb.com/careers/job/?gh_jid=7843982
2026-08-25,MDB,MongoDB,Pre-Sales Solutions Architect,Solutions Architecture,São Paulo,demand_validated,mid,0,7,1,application|buzz,,https://www.mongodb.com/careers/job/?gh_jid=7847296
2026-08-25,MDB,MongoDB,Pricing & Monetization Associate,Pricing and Packaging,Toronto,other,mid,0,0,0,,,https://www.mongodb.com/careers/job/?gh_jid=8122634
2026-08-25,MDB,MongoDB,Principal Partner Programs Lead,Partner Programs,London,other,staff_principal,0,0,0,,,https://www.mongodb.com/careers/job/?gh_jid=7942147
2026-08-25,MDB,MongoDB,Principal Partner Specialist,APAC Partner Specialists,Japan,other,staff_principal,0,0,0,,,https://www.mongodb.com/careers/job/?gh_jid=8020464
2026-08-25,MDB,MongoDB,Principal Partner Specialist,APAC Partner Specialists,Beijing,other,staff_principal,0,0,0,,,https://www.mongodb.com/careers/job/?gh_jid=8141592
2026-08-25,MDB,MongoDB,Principal Partner Specialist,APAC Partner Specialists,Seoul,other,staff_principal,0,0,0,,,https://www.mongodb.com/careers/job/?gh_jid=8143286
2026-08-25,MDB,MongoDB,Principal Partner Specialist,SI Partners,Frankfurt,other,staff_principal,0,0,0,,,https://www.mongodb.com/careers/job/?gh_jid=7887608
2026-08-25,MDB,MongoDB,Principal Solutions Architect,"AMP, Sales",France,demand_validated,staff_principal,0,1,0,buzz,,https://www.mongodb.com/careers/job/?gh_jid=7564234
2026-08-25,MDB,MongoDB,Principal Solutions Architect,"AMP, Sales",Great Britain,demand_validated,staff_principal,0,1,0,buzz,,https://www.mongodb.com/careers/job/?gh_jid=7657688
2026-08-25,MDB,MongoDB,Principal Solutions Architect,"AMP, Sales",Ireland,demand_validated,staff_principal,0,1,0,buzz,,https://www.mongodb.com/careers/job/?gh_jid=7657684
2026-08-25,MDB,MongoDB,Principal Technologist / Field CTO,Strategic Developer Relations,India,other,staff_principal,0,0,0,,,https://www.mongodb.com/careers/job/?gh_jid=6381035
2026-08-25,MDB,MongoDB,Product Communications Manager,Global Communications,United States,nontech,mid,0,3,1,application,104000,https://www.mongodb.com/careers/job/?gh_jid=8091841
2026-08-25,MDB,MongoDB,"Product Manager, Internal Financial Data",Data & Platform,Austin; New York City; Palo Alto; San Francisco; United States,product_eng,intern,0,0,0,,160000,https://www.mongodb.com/careers/job/?gh_jid=7908293
2026-08-25,MDB,MongoDB,Product Pricing & Monetization Strategy - Associate,Product Management,New York City,other,mid,0,0,0,,124500,https://www.mongodb.com/careers/job/?gh_jid=7523751
2026-08-25,MDB,MongoDB,"Product Security Engineer, Server",Product Security,New York City; Seattle; United States,product_eng,mid,0,0,0,,157500,https://www.mongodb.com/careers/job/?gh_jid=8098695
2026-08-25,MDB,MongoDB,"Program Coordinator, Early Talent",Early Talent Recruiting,Austin,other,mid,0,0,0,,56160,https://www.mongodb.com/careers/job/?gh_jid=8106084
2026-08-25,MDB,MongoDB,Program Manager 3,Finance Enablement & Operations,Dublin,other,mid,0,0,0,,,https://www.mongodb.com/careers/job/?gh_jid=7960940
2026-08-25,MDB,MongoDB,"Public Sector Enterprise Account Executive, Growth",Sales Growth EMEA,Amsterdam,demand_validated,mid,0,0,0,,,https://www.mongodb.com/careers/job/?gh_jid=6633264
2026-08-25,MDB,MongoDB,Recruiter,Recruiting ,India,nontech,mid,0,0,0,,,https://www.mongodb.com/careers/job/?gh_jid=8106260
2026-08-25,MDB,MongoDB,Recruiter,Recruiting ,Gurugram,nontech,mid,0,0,0,,,https://www.mongodb.com/careers/job/?gh_jid=8119756
2026-08-25,MDB,MongoDB,Regional Employee Experience Manager,Employee Experience APAC & India,Tokyo,other,mid,0,0,0,,,https://www.mongodb.com/careers/job/?gh_jid=8089932
2026-08-25,MDB,MongoDB,Regional Marketing Manager,International Marketing - EMEA,London,nontech,mid,0,0,0,,,https://www.mongodb.com/careers/job/?gh_jid=8129878
2026-08-25,MDB,MongoDB,"Regional Vice President, Enterprise, Acquisition",Sales APAC (ASEAN),Japan,other,exec,0,0,0,,,https://www.mongodb.com/careers/job/?gh_jid=8090745
2026-08-25,MDB,MongoDB,"Regional Vice President, Enterprise, Growth",Sales APAC (India),Gurugram,other,exec,0,0,0,,,https://www.mongodb.com/careers/job/?gh_jid=8079967
2026-08-25,MDB,MongoDB,Renewals Manager - French Speaker,Renewals,"Dublin, Ireland",other,mid,0,0,0,,,https://www.mongodb.com/careers/job/?gh_jid=8122025
2026-08-25,MDB,MongoDB,Salesforce CPQ engineer 3,GTM Tech,Gurugram,product_eng,mid,0,4,1,application|buzz,,https://www.mongodb.com/careers/job/?gh_jid=7779016
2026-08-25,MDB,MongoDB,"Salesforce Engineer III, FedRAMP",GTM Tech,United States,product_eng,mid,0,1,0,buzz,149500,https://www.mongodb.com/careers/job/?gh_jid=7948530
2026-08-25,MDB,MongoDB,Sales Operations Analyst,Sales Data Strategy & Insights,Gurugram,nontech,mid,0,0,0,,,https://www.mongodb.com/careers/job/?gh_jid=8015833
2026-08-25,MDB,MongoDB,Sales Support Associate,Sales Data Strategy & Insights,Gurugram,nontech,mid,0,0,0,,,https://www.mongodb.com/careers/job/?gh_jid=8108390
2026-08-25,MDB,MongoDB,Sales Support Associate,Sales Data Strategy & Insights,Gurugram,nontech,mid,0,0,0,,,https://www.mongodb.com/careers/job/?gh_jid=7110155
2026-08-25,MDB,MongoDB,"Security Software Engineer, Infrastructure Security (Staff or Senior)",Site Reliability Engineering,Dublin; Ireland,product_eng,staff_principal,0,0,0,,,https://www.mongodb.com/careers/job/?gh_jid=7727899
2026-08-25,MDB,MongoDB,"Security Software Engineer, Infrastructure Security (Staff or Senior)",Site Reliability Engineering,Austin; New York City; San Francisco; Seattle; United States,product_eng,staff_principal,0,0,0,,188000,https://www.mongodb.com/careers/job/?gh_jid=7727896
2026-08-25,MDB,MongoDB,"Senior Accountant, Technical Revenue",Global Accounting ,Austin; New York City; Palo Alto,other,senior,0,0,0,,99500,https://www.mongodb.com/careers/job/?gh_jid=7557741
2026-08-25,MDB,MongoDB,"Senior Account Executive, Acquisition - Digital Native",Sales APAC (ANZ),Sydney,demand_validated,senior,0,1,0,buzz,,https://www.mongodb.com/careers/job/?gh_jid=6586315
2026-08-25,MDB,MongoDB,"Senior Account Executive, Acquisition ( Digital Native)",Sales APAC (ANZ),Sydney,demand_validated,senior,0,1,0,buzz,,https://www.mongodb.com/careers/job/?gh_jid=8003451
2026-08-25,MDB,MongoDB,Senior Administrator - Business Systems,GTM Tech,Gurugram,other,senior,0,4,1,application|buzz,,https://www.mongodb.com/careers/job/?gh_jid=7778975
2026-08-25,MDB,MongoDB,Senior Administrator - Business Systems,GTM Tech,Gurugram,other,senior,0,4,1,application|buzz,,https://www.mongodb.com/careers/job/?gh_jid=8036348
2026-08-25,MDB,MongoDB,"Senior Associate, HR Shared Services",HR Operations,Gurugram,nontech,senior,0,0,0,,,https://www.mongodb.com/careers/job/?gh_jid=8128617
2026-08-25,MDB,MongoDB,"Senior Commercial Growth Account Executive, Acquisition ( Bahasa Speaker)",Sales APAC (ASEAN),Singapore,demand_validated,senior,0,0,0,,,https://www.mongodb.com/careers/job/?gh_jid=7759971
2026-08-25,MDB,MongoDB,Senior Compensation Manager,Total Rewards,Atlanta; Austin; Baltimore; Boston; Chicago; Houston; Minneapolis; New York City; Philadelphia; Pittsburgh; Washington DC,other,senior,0,0,0,,145500,https://www.mongodb.com/careers/job/?gh_jid=8055126
2026-08-25,MDB,MongoDB,Senior Consulting Engineer,PS Field Delivery,Great Britain; London,product_eng,senior,0,0,0,,,https://www.mongodb.com/careers/job/?gh_jid=8127859
2026-08-25,MDB,MongoDB,Senior Consulting Engineer,PS Field Delivery,Paris,product_eng,senior,0,0,0,,,https://www.mongodb.com/careers/job/?gh_jid=8109743
2026-08-25,MDB,MongoDB,Senior Consulting Engineer,PS Field Delivery,Rome,product_eng,senior,0,0,0,,,https://www.mongodb.com/careers/job/?gh_jid=8109295
2026-08-25,MDB,MongoDB,Senior Consulting Engineer,PS Field Delivery,Tel Aviv,product_eng,senior,0,0,0,,,https://www.mongodb.com/careers/job/?gh_jid=7925284
2026-08-25,MDB,MongoDB,Senior Customer Success Manager,Customer Success Americas,Montreal,demand_validated,senior,0,0,0,,127500,https://www.mongodb.com/careers/job/?gh_jid=7944089
2026-08-25,MDB,MongoDB,Senior Customer Success Manager,Customer Success Americas,Atlanta; Austin; Dallas; Denver,demand_validated,senior,0,1,0,buzz,143500,https://www.mongodb.com/careers/job/?gh_jid=8059729
2026-08-25,MDB,MongoDB,Senior Customer Success Manager,Customer Success Americas,Chicago,demand_validated,senior,0,0,0,,143500,https://www.mongodb.com/careers/job/?gh_jid=8053367
2026-08-25,MDB,MongoDB,Senior Customer Success Manager,Customer Success Americas,Washington DC,demand_validated,senior,0,0,0,,143500,https://www.mongodb.com/careers/job/?gh_jid=8060803
2026-08-25,MDB,MongoDB,Senior Customer Success Manager,Customer Success APAC,Melbourne,demand_validated,senior,0,0,0,,,https://www.mongodb.com/careers/job/?gh_jid=8129890
2026-08-25,MDB,MongoDB,Senior Customer Success Manager,Customer Success Americas,San Francisco,demand_validated,senior,0,0,0,,143500,https://www.mongodb.com/careers/job/?gh_jid=7530648
2026-08-25,MDB,MongoDB,Senior Customer Success Manager,Customer Success EMEA,Berlin; Frankfurt; Hamburg; Munich,demand_validated,senior,0,0,0,,,https://www.mongodb.com/careers/job/?gh_jid=7906059
2026-08-25,MDB,MongoDB,Senior Customer Success Manager,Customer Success EMEA,Madrid,demand_validated,senior,0,0,0,,,https://www.mongodb.com/careers/job/?gh_jid=8071152
2026-08-25,MDB,MongoDB,Senior Customer Success Manager,Customer Success,Tel Aviv,demand_validated,senior,0,0,0,,,https://www.mongodb.com/careers/job/?gh_jid=8081197
2026-08-25,MDB,MongoDB,Senior Data Analyst,Analytics,United States,other,senior,0,0,0,,122500,https://www.mongodb.com/careers/job/?gh_jid=7696633
2026-08-25,MDB,MongoDB,"Senior Data Product Manager, Product Telemetry",Data & Platform,New York City; Palo Alto; San Francisco,product_eng,senior,0,3,1,application,243500,https://www.mongodb.com/careers/job/?gh_jid=7428476
2026-08-25,MDB,MongoDB,Senior Data Scientist,Analytics,"Cork, Ireland; Dublin, Ireland",product_eng,senior,0,6,1,buzz|general_medium|model_infra,,https://www.mongodb.com/careers/job/?gh_jid=8135458
2026-08-25,MDB,MongoDB,Senior Developer Advocate,Developer Advocacy,Dublin,product_eng,senior,0,3,1,application,,https://www.mongodb.com/careers/job/?gh_jid=7950357
2026-08-25,MDB,MongoDB,"Senior Director, Customer Health & Critical Accounts",Customer Success Center of Excellence,Austin; Boston; Chicago; Denver; Los Angeles; New York City; United States,other,director,0,1,0,buzz,300500,https://www.mongodb.com/careers/job/?gh_jid=8088171
2026-08-25,MDB,MongoDB,"Senior Director, Global AI Native & POD Program",GTM Operations,Austin; New York City; San Francisco,other,director,1,0,0,,190000,https://www.mongodb.com/careers/job/?gh_jid=8092253
2026-08-25,MDB,MongoDB,"Senior Director, HR Business Partnering",HR Business Partners,Atlanta; Austin; Baltimore; Boston; Chicago; Dallas; Houston; Minneapolis; Nashville; New York City; Palo Alto; Raleigh; San Francisco; Seattle; St. Louis,nontech,director,0,3,1,application,224000,https://www.mongodb.com/careers/job/?gh_jid=7858876
2026-08-25,MDB,MongoDB,"Senior Director of Engineering, Developer Productivity",R&D Developer Productivity,Alberta; British Columbia; Manitoba; Nova Scotia; Ontario; Quebec,product_eng,director,0,0,0,,255000,https://www.mongodb.com/careers/job/?gh_jid=8052617
2026-08-25,MDB,MongoDB,"Senior Director of Engineering, Developer Productivity",R&D Developer Productivity,United States,product_eng,director,0,0,0,,249000,https://www.mongodb.com/careers/job/?gh_jid=8052615
2026-08-25,MDB,MongoDB,"Senior Director, Partner Specialists",APAC Partner Specialists,Bengaluru; Gurugram; Mumbai,other,director,0,0,0,,,https://www.mongodb.com/careers/job/?gh_jid=8020483
2026-08-25,MDB,MongoDB,"Senior Director, Partner Specialists",Cloud Partners,London,other,director,0,0,0,,,https://www.mongodb.com/careers/job/?gh_jid=8029188
2026-08-25,MDB,MongoDB,Senior Engineer,Internal Engineering,Gurugram,product_eng,senior,0,0,0,,,https://www.mongodb.com/careers/job/?gh_jid=8119523
2026-08-25,MDB,MongoDB,Senior Engineer - Business Systems (FP&A),FIN Tech,Bengaluru; Gurugram,product_eng,senior,0,0,0,,,https://www.mongodb.com/careers/job/?gh_jid=7942613
2026-08-25,MDB,MongoDB,Senior Engineer - Business Systems (Integrations),GTM Tech,Gurugram,product_eng,senior,0,3,1,application,,https://www.mongodb.com/careers/job/?gh_jid=7778978
2026-08-25,MDB,MongoDB,Senior Engineer - GTM Tech,GTM Tech,Gurugram,product_eng,senior,0,4,1,application|buzz,,https://www.mongodb.com/careers/job/?gh_jid=8094387
2026-08-25,MDB,MongoDB,Senior Engineer - GTM Tech,GTM Tech,Gurugram,product_eng,senior,0,4,1,application|buzz,,https://www.mongodb.com/careers/job/?gh_jid=8008794
2026-08-25,MDB,MongoDB,"Senior Engineering Manager, Developer Productivity",R&D Developer Productivity,Alberta; British Columbia; Manitoba; Nova Scotia; Ontario; Quebec,product_eng,senior,0,3,1,application,228000,https://www.mongodb.com/careers/job/?gh_jid=8052620
2026-08-25,MDB,MongoDB,"Senior Engineering Manager, Developer Productivity",R&D Developer Productivity,United States,product_eng,senior,0,3,1,application,224000,https://www.mongodb.com/careers/job/?gh_jid=8052618
2026-08-25,MDB,MongoDB,Senior Enterprise Account Executive,Sales Growth EMEA,London,demand_validated,senior,0,0,0,,,https://www.mongodb.com/careers/job/?gh_jid=7227836
2026-08-25,MDB,MongoDB,"Senior Enterprise Account Executive, Acquisition",Sales APAC (India),Mumbai,demand_validated,senior,0,0,0,,,https://www.mongodb.com/careers/job/?gh_jid=8081026
2026-08-25,MDB,MongoDB,"Senior Enterprise Account Executive, Growth",Sales Growth NAMER,St. Louis,demand_validated,senior,0,0,0,,160000,https://www.mongodb.com/careers/job/?gh_jid=8039113
2026-08-25,MDB,MongoDB,"Senior Enterprise Account Executive, Growth",Sales APAC (ASEAN),Singapore,demand_validated,senior,0,0,0,,,https://www.mongodb.com/careers/job/?gh_jid=8050026
2026-08-25,MDB,MongoDB,"Senior Enterprise Account Executive, Growth",Sales Growth NAMER,New York City,demand_validated,senior,0,0,0,,160000,https://www.mongodb.com/careers/job/?gh_jid=8097302
2026-08-25,MDB,MongoDB,"Senior Enterprise Account Executive, Growth",Sales Growth NAMER,Denver,demand_validated,senior,0,0,0,,160000,https://www.mongodb.com/careers/job/?gh_jid=7687359
2026-08-25,MDB,MongoDB,"Senior Enterprise Account Executive, Growth",Sales Growth NAMER,Austin; Dallas; Houston,demand_validated,senior,0,0,0,,160000,https://www.mongodb.com/careers/job/?gh_jid=7998023
2026-08-25,MDB,MongoDB,"Senior Enterprise Account Executive, Growth",Sales LatAm,Mexico City,demand_validated,senior,0,0,0,,,https://www.mongodb.com/careers/job/?gh_jid=5050863
2026-08-25,MDB,MongoDB,Senior/ Enterprise Account Executive - Strategic Account,Sales APAC (ASEAN),Singapore,demand_validated,senior,0,0,0,,,https://www.mongodb.com/careers/job/?gh_jid=7490900
2026-08-25,MDB,MongoDB,Senior Executive Assistant,Executive Support - Sales,Los Angeles; Palo Alto; San Francisco,other,senior,0,0,0,,100500,https://www.mongodb.com/careers/job/?gh_jid=8060719
2026-08-25,MDB,MongoDB,Senior Executive Recruiter,Recruiting ,New York City,nontech,senior,0,0,0,,129000,https://www.mongodb.com/careers/job/?gh_jid=8130878
2026-08-25,MDB,MongoDB,Senior Forward Deployed Engineer,Magenta,Gurugram,demand_validated,senior,0,6,1,application,,https://www.mongodb.com/careers/job/?gh_jid=8094513
2026-08-25,MDB,MongoDB,Senior Forward Deployed Engineer,Magenta,United States,demand_validated,senior,0,6,1,application,187000,https://www.mongodb.com/careers/job/?gh_jid=8094523
2026-08-25,MDB,MongoDB,Senior IT VIP Support Specialist,Global Enterprise Technology (GET),Palo Alto,nontech,senior,0,3,1,application,140000,https://www.mongodb.com/careers/job/?gh_jid=8046751
2026-08-25,MDB,MongoDB,"Senior Legal Counsel, Public Sector",Legal & Risk Mgmt,United States,nontech,senior,0,0,0,,232500,https://www.mongodb.com/careers/job/?gh_jid=7950376
2026-08-25,MDB,MongoDB,"Senior Manager, EMEA Payroll",Controllership,"Cork, Ireland; Dublin, Ireland",nontech,senior,0,0,0,,,https://www.mongodb.com/careers/job/?gh_jid=8003632
2026-08-25,MDB,MongoDB,"Senior Manager, Financial Planning & Analysis",FP&A - G&A & Corporate,Austin; New York City,other,senior,0,0,0,,149500,https://www.mongodb.com/careers/job/?gh_jid=8072504
2026-08-25,MDB,MongoDB,"Senior Manager, Financial Planning & Analysis",FP&A - G&A & Corporate,Dublin,other,senior,0,0,0,,,https://www.mongodb.com/careers/job/?gh_jid=8072506
2026-08-25,MDB,MongoDB,"Senior Manager, Growth Marketing ",Growth Marketing,New York City; Tysons,nontech,senior,0,0,0,,129500,https://www.mongodb.com/careers/job/?gh_jid=7950458
2026-08-25,MDB,MongoDB,"Senior Manager, M&A Integration",Finance & Administration ,Austin; New York City; Palo Alto; United States,other,senior,0,0,0,,141000,https://www.mongodb.com/careers/job/?gh_jid=8119799
2026-08-25,MDB,MongoDB,"Senior Manager, Martech Transformation",Marketing Operations,"Cork, Ireland; Dublin, Ireland",other,senior,0,0,0,,,https://www.mongodb.com/careers/job/?gh_jid=7527949
2026-08-25,MDB,MongoDB,"Senior Manager, Policy and Controls Governance","Assurance, Risk & Compliance",United States,other,senior,0,0,0,,169000,https://www.mongodb.com/careers/job/?gh_jid=8089892
2026-08-25,MDB,MongoDB,"Senior Manager, Revenue","Revenue, OTC & QTC",Austin; New York City; Palo Alto,other,senior,0,0,0,,157500,https://www.mongodb.com/careers/job/?gh_jid=7736164
2026-08-25,MDB,MongoDB,"Senior Manager, Sales Operations",GTM Operations,"Dublin, Ireland",nontech,senior,0,0,0,,,https://www.mongodb.com/careers/job/?gh_jid=8056742
2026-08-25,MDB,MongoDB,"Senior Manager, Solutions Architecture (Cloud Partnerships)","Solutions Architecture, Partners",Seattle; United States,demand_validated,senior,0,0,0,,216000,https://www.mongodb.com/careers/job/?gh_jid=8119328
2026-08-25,MDB,MongoDB,Senior Marketing Manager,Global Demand Center,Austin,nontech,senior,0,0,0,,124500,https://www.mongodb.com/careers/job/?gh_jid=8130589
2026-08-25,MDB,MongoDB,"Senior Marketing Manager, U.S. Public Sector",Americas Marketing,United States,nontech,senior,0,0,0,,124500,https://www.mongodb.com/careers/job/?gh_jid=8035641
2026-08-25,MDB,MongoDB,Senior Partner Solutions Architect,"Solutions Architecture, Partners",Sydney,demand_validated,senior,0,0,0,,,https://www.mongodb.com/careers/job/?gh_jid=7952245
2026-08-25,MDB,MongoDB,Senior Partner Solutions Architect,"Solutions Architecture, Partners",India,demand_validated,senior,0,6,1,application,,https://www.mongodb.com/careers/job/?gh_jid=7997737
2026-08-25,MDB,MongoDB,Senior Partner Solutions Architect,"Solutions Architecture, Partners",São Paulo,demand_validated,senior,0,0,0,,,https://www.mongodb.com/careers/job/?gh_jid=7700740
2026-08-25,MDB,MongoDB,Senior Partner Solutions Architect,"Solutions Architecture, Partners",Atlanta; Austin; Dallas; Florida; Miami,demand_validated,senior,0,0,0,,154000,https://www.mongodb.com/careers/job/?gh_jid=7683484
2026-08-25,MDB,MongoDB,Senior Platform Engineer,Data & Platform,Gurugram,product_eng,senior,0,0,0,,,https://www.mongodb.com/careers/job/?gh_jid=7924987
2026-08-25,MDB,MongoDB,Senior Pre-Sales Solutions Architect,Scaled Solutions Architecture,São Paulo,demand_validated,senior,0,7,1,application|buzz,,https://www.mongodb.com/careers/job/?gh_jid=7658084
2026-08-25,MDB,MongoDB,Senior Pre-Sales Solutions Architect,Scaled Solutions Architecture,Mexico City,demand_validated,senior,0,7,1,application|buzz,,https://www.mongodb.com/careers/job/?gh_jid=7719062
2026-08-25,MDB,MongoDB,Senior Product Manager,Magenta,Gurugram,product_eng,senior,0,11,1,application|data_ml_ops|model_infra,,https://www.mongodb.com/careers/job/?gh_jid=7851080
2026-08-25,MDB,MongoDB,Senior Product Manager,Product Management,Dublin; Ireland,product_eng,senior,0,0,0,,,https://www.mongodb.com/careers/job/?gh_jid=7113803
2026-08-25,MDB,MongoDB,"Senior Product Manager, Post Sales",GTM Tech,Austin; New York City; Palo Alto; Seattle,product_eng,senior,0,1,0,buzz,201000,https://www.mongodb.com/careers/job/?gh_jid=7975695
2026-08-25,MDB,MongoDB,"Senior Product Security Engineer, Server",Product Security,"Cork, Ireland",product_eng,senior,0,0,0,,,https://www.mongodb.com/careers/job/?gh_jid=7956226
2026-08-25,MDB,MongoDB,"Senior Product Security Engineer, Server",Product Security,"Dublin, Ireland",product_eng,senior,0,0,0,,,https://www.mongodb.com/careers/job/?gh_jid=7484909
2026-08-25,MDB,MongoDB,Senior Python Engineer,Database Experience,United States,product_eng,senior,0,9,1,application,187000,https://www.mongodb.com/careers/job/?gh_jid=7742875
2026-08-25,MDB,MongoDB,Senior Python Engineer,Database Experience,British Columbia; Ontario,product_eng,senior,0,9,1,application,163000,https://www.mongodb.com/careers/job/?gh_jid=7742877
2026-08-25,MDB,MongoDB,Senior Real Estate Coordinator,Real Estate,Bengaluru; Gurugram,other,senior,0,0,0,,,https://www.mongodb.com/careers/job/?gh_jid=8094118
2026-08-25,MDB,MongoDB,Senior Relationship Account Manager,Relationship Account Management,Bengaluru; Gurugram,other,senior,0,0,0,,,https://www.mongodb.com/careers/job/?gh_jid=8083346
2026-08-25,MDB,MongoDB,Senior Research Scientist,Voyage AI Research,Palo Alto,research,senior,0,24,1,application|buzz|general_medium|model_infra,187000,https://www.mongodb.com/careers/job/?gh_jid=7891161
2026-08-25,MDB,MongoDB,Senior Salesforce Engineer,GTM Tech,Gurugram,product_eng,senior,0,4,1,application|buzz,,https://www.mongodb.com/careers/job/?gh_jid=8018423
2026-08-25,MDB,MongoDB,Senior Salesforce Engineer,GTM Tech,New York City,product_eng,senior,0,4,1,application|buzz,174500,https://www.mongodb.com/careers/job/?gh_jid=7991447
2026-08-25,MDB,MongoDB,Senior Sales Operations Analyst,GTM Operations,"Cork, Ireland; Dublin, Ireland",nontech,senior,0,10,1,application|buzz|general_medium,,https://www.mongodb.com/careers/job/?gh_jid=7892114
2026-08-25,MDB,MongoDB,Senior Site Reliability Engineer,Magenta,Gurugram,product_eng,senior,0,0,0,,,https://www.mongodb.com/careers/job/?gh_jid=8051379
2026-08-25,MDB,MongoDB,"Senior Site Reliability Engineer,  Fleet Management",Site Reliability Engineering,Austin; Boston; Chicago; Denver; Miami; New York City; San Francisco; Seattle; United States,product_eng,senior,0,0,0,,188000,https://www.mongodb.com/careers/job/?gh_jid=7727873
2026-08-25,MDB,MongoDB,Senior Software Engineer,Durable TXs & Availability,Sydney,product_eng,senior,0,0,0,,,https://www.mongodb.com/careers/job/?gh_jid=8020377
2026-08-25,MDB,MongoDB,Senior Software Engineer,Database Experience,Atlanta; Austin; Baltimore; Boston; Charlotte; Chicago; Columbus; Dallas; Miami; Nashville; New York City; Philadelphia; Pittsburgh; Princeton; Raleigh; Tysons; Washington DC,product_eng,senior,0,0,0,,187000,https://www.mongodb.com/careers/job/?gh_jid=8065483
2026-08-25,MDB,MongoDB,Senior Software Engineer,Atlas Search,Toronto,product_eng,senior,0,6,1,application,189000,https://www.mongodb.com/careers/job/?gh_jid=8081430
2026-08-25,MDB,MongoDB,"Senior Software Engineer, AI Builder Experience (ABX)",AI Builder Experience,Gurugram,product_eng,senior,1,6,1,application,,https://www.mongodb.com/careers/job/?gh_jid=8106099
2026-08-25,MDB,MongoDB,"Senior Software Engineer, AI Framework Integrations",AI Builder Experience,Gurugram,product_eng,senior,1,18,1,application,,https://www.mongodb.com/careers/job/?gh_jid=8107301
2026-08-25,MDB,MongoDB,"Senior Software Engineer, Application Migration",App Modernization ENG,Sydney,product_eng,senior,0,4,0,buzz|general_medium,,https://www.mongodb.com/careers/job/?gh_jid=7838287
2026-08-25,MDB,MongoDB,"Senior Software Engineer, Atlas API Experience",Atlas Core Data Services,Dublin,product_eng,senior,0,0,0,,,https://www.mongodb.com/careers/job/?gh_jid=8035228
2026-08-25,MDB,MongoDB,"Senior Software Engineer, Atlas Clusters",Atlas Core Data Services,Dublin,product_eng,senior,0,0,0,,,https://www.mongodb.com/careers/job/?gh_jid=7588895
2026-08-25,MDB,MongoDB,"Senior Software Engineer, Forward Deployed AI Engineer",App Modernization PM,Ireland,demand_validated,senior,1,1,0,buzz,,https://www.mongodb.com/careers/job/?gh_jid=7590735
2026-08-25,MDB,MongoDB,"Senior Software Engineer, Forward Deployed AI Engineer",App Modernization PM,"Cork, Ireland; Dublin, Ireland",demand_validated,senior,1,1,0,buzz,,https://www.mongodb.com/careers/job/?gh_jid=7392902
2026-08-25,MDB,MongoDB,"Senior Software Engineer, Identity & Access Management",Identity and Access Management,New York City,product_eng,senior,0,0,0,,187000,https://www.mongodb.com/careers/job/?gh_jid=8140617
2026-08-25,MDB,MongoDB,"Senior Software Engineer, Observability",Product & Technology,Dublin,product_eng,senior,0,0,0,,,https://www.mongodb.com/careers/job/?gh_jid=7695616
2026-08-25,MDB,MongoDB,"Senior Software Engineer, Public Backup",Durable TXs & Availability,New York City,product_eng,senior,0,0,0,,187000,https://www.mongodb.com/careers/job/?gh_jid=7975692
2026-08-25,MDB,MongoDB,"Senior Software Engineer, Query Execution",Query,Ireland,product_eng,senior,0,0,0,,,https://www.mongodb.com/careers/job/?gh_jid=8055471
2026-08-25,MDB,MongoDB," Senior Software Engineer, Search Deployments Infrastructure ",Atlas Search,San Francisco,product_eng,senior,0,9,1,application,187000,https://www.mongodb.com/careers/job/?gh_jid=8081945
2026-08-25,MDB,MongoDB,"Senior Software Engineer, Server Networking Security (Rust)",Clusters & Interfaces,"Cork, Ireland; Dublin, Ireland",product_eng,senior,0,0,0,,,https://www.mongodb.com/careers/job/?gh_jid=7653008
2026-08-25,MDB,MongoDB,"Senior Software Engineer, Server Security",Clusters & Interfaces,Toronto,product_eng,senior,0,0,0,,163000,https://www.mongodb.com/careers/job/?gh_jid=7815679
2026-08-25,MDB,MongoDB,"Senior Software Engineer, Server Security",Clusters & Interfaces,New York City,product_eng,senior,0,0,0,,187000,https://www.mongodb.com/careers/job/?gh_jid=7815677
2026-08-25,MDB,MongoDB,"Senior Software Engineer, Storage Layer Services",Durable TXs & Availability,New York City; United States,product_eng,senior,0,0,0,,187000,https://www.mongodb.com/careers/job/?gh_jid=7947560
2026-08-25,MDB,MongoDB,Senior Solutions Architect,"Solutions Architecture, APAC",Shenzhen,demand_validated,senior,0,7,1,application|buzz,,https://www.mongodb.com/careers/job/?gh_jid=7157100
2026-08-25,MDB,MongoDB,Senior Solutions Architect,"Solutions Architecture, Growth EMEA",Sweden,demand_validated,senior,0,7,1,application|buzz,,https://www.mongodb.com/careers/job/?gh_jid=8109509
2026-08-25,MDB,MongoDB,Senior Solutions Architect,"Solutions Architecture, Growth EMEA",Warsaw,demand_validated,senior,0,7,1,application|buzz,,https://www.mongodb.com/careers/job/?gh_jid=8053142
2026-08-25,MDB,MongoDB,Senior Solutions Architect,"Solutions Architecture, Growth EMEA",London,demand_validated,senior,0,7,1,application|buzz,,https://www.mongodb.com/careers/job/?gh_jid=8109970
2026-08-25,MDB,MongoDB,Senior Solutions Architect,"Solutions Architecture, Growth EMEA",Paris,demand_validated,senior,0,7,1,application|buzz,,https://www.mongodb.com/careers/job/?gh_jid=7806547
2026-08-25,MDB,MongoDB,Senior Solutions Architect (Pre-Sales),"Solutions Architecture, Growth NA",Los Angeles; San Diego,demand_validated,senior,0,7,1,application|buzz,154000,https://www.mongodb.com/careers/job/?gh_jid=8078069
2026-08-25,MDB,MongoDB,Senior Solutions Architect (Pre-Sales),"Solutions Architecture, LATAM",São Paulo,demand_validated,senior,0,8,1,application|buzz,,https://www.mongodb.com/careers/job/?gh_jid=8050412
2026-08-25,MDB,MongoDB,Senior Solutions Architect (Pre-Sales),"Solutions Architecture, Growth NA",Minneapolis; Minnesota,demand_validated,senior,0,7,1,application|buzz,154000,https://www.mongodb.com/careers/job/?gh_jid=8128855
2026-08-25,MDB,MongoDB,Senior Solutions Architect (Pre-Sales),"Solutions Architecture, Growth NA",Denver,demand_validated,senior,0,7,1,application|buzz,154000,https://www.mongodb.com/careers/job/?gh_jid=8119292
2026-08-25,MDB,MongoDB,Senior Solutions Architect (Pre-Sales),Solutions Architecture,Montreal; Toronto,demand_validated,senior,0,8,1,application|buzz,155000,https://www.mongodb.com/careers/job/?gh_jid=8054272
2026-08-25,MDB,MongoDB,Senior Solutions Architect (Thai Speaking),"Solutions Architecture, APAC",Singapore,demand_validated,senior,0,7,1,application|buzz,,https://www.mongodb.com/careers/job/?gh_jid=8012626
2026-08-25,MDB,MongoDB,"Senior Specialist 2, Revenue","Revenue, OTC & QTC",Gurugram,other,senior,0,0,0,,,https://www.mongodb.com/careers/job/?gh_jid=7736180
2026-08-25,MDB,MongoDB,"Senior Specialist 2, Tax",Tax & Treasury,Gurugram,other,senior,0,0,0,,,https://www.mongodb.com/careers/job/?gh_jid=7951947
2026-08-25,MDB,MongoDB,"Senior Specialist, Industry Solutions",Industry Solutions,Barcelona,other,senior,0,0,0,,,https://www.mongodb.com/careers/job/?gh_jid=8045879
2026-08-25,MDB,MongoDB,Senior Staff Engineer,Atlas Core Data Services,Dublin,product_eng,staff_principal,0,0,0,,,https://www.mongodb.com/careers/job/?gh_jid=7711840
2026-08-25,MDB,MongoDB,"Senior Staff Engineer, AMP",App Modernization ENG,British Columbia,product_eng,staff_principal,0,2,0,buzz,249500,https://www.mongodb.com/careers/job/?gh_jid=7678147
2026-08-25,MDB,MongoDB,"Senior Staff Engineer, AMP",App Modernization ENG,California; Oregon; Washington,product_eng,staff_principal,0,2,0,buzz,274000,https://www.mongodb.com/careers/job/?gh_jid=7617019
2026-08-25,MDB,MongoDB,"Senior Staff Enterprise Architect, Data",Enterprise Architecture,Palo Alto,product_eng,staff_principal,0,7,1,application|buzz,263000,https://www.mongodb.com/careers/job/?gh_jid=7644002
2026-08-25,MDB,MongoDB,"Senior Staff Product Manager, Query",Product Management,United States,product_eng,staff_principal,0,3,1,application,274000,https://www.mongodb.com/careers/job/?gh_jid=7993419
2026-08-25,MDB,MongoDB,"Senior Staff Product Manager, Query",Product Management,Alberta; British Columbia; Manitoba; Nova Scotia; Quebec,product_eng,staff_principal,0,3,1,application,206500,https://www.mongodb.com/careers/job/?gh_jid=8028593
2026-08-25,MDB,MongoDB,"Senior Staff Product Manager, Query",Product Management,Ontario,product_eng,staff_principal,0,3,1,application,206500,https://www.mongodb.com/careers/job/?gh_jid=8028587
2026-08-25,MDB,MongoDB,Senior Technical Product Marketing Manager,Product Marketing,United States,nontech,senior,0,13,1,application|buzz,137000,https://www.mongodb.com/careers/job/?gh_jid=7942539
2026-08-25,MDB,MongoDB,Senior Technical Program Manager Atlas Clusters,Atlas Core Data Services,"Cork, Ireland; Dublin, Ireland",other,senior,0,0,0,,,https://www.mongodb.com/careers/job/?gh_jid=7672303
2026-08-25,MDB,MongoDB,Senior Workplace Coordinator,Workplace,Austin,other,senior,0,0,0,,66500,https://www.mongodb.com/careers/job/?gh_jid=8075787
2026-08-25,MDB,MongoDB,Services Sales (Engagement Manager),PS Engagement Management,San Francisco,nontech,mid,0,0,0,,155500,https://www.mongodb.com/careers/job/?gh_jid=7599693
2026-08-25,MDB,MongoDB,Site Reliability Engineer 3,Site Reliability Engineering,New York City,product_eng,mid,0,0,0,,164500,https://www.mongodb.com/careers/job/?gh_jid=7821316
2026-08-25,MDB,MongoDB,"Site Reliability Engineering, Fabric (Mid, Senior, or Staff)",Site Reliability Engineering,Toronto; Vancouver,product_eng,staff_principal,0,0,0,,172000,https://www.mongodb.com/careers/job/?gh_jid=7727923
2026-08-25,MDB,MongoDB,"Site Reliability Engineering, Fabric (Mid, Senior, or Staff)",Site Reliability Engineering,United States,product_eng,staff_principal,0,0,0,,188000,https://www.mongodb.com/careers/job/?gh_jid=7727920
2026-08-25,MDB,MongoDB,"Site Reliability Engineer (Senior or Staff), Atlas",Site Reliability Engineering,Austin; Boston; Chicago; Miami; New York City; Philadelphia; Pittsburgh; Raleigh; United States; Washington DC,product_eng,staff_principal,0,0,0,,188000,https://www.mongodb.com/careers/job/?gh_jid=7727964
2026-08-25,MDB,MongoDB,"Site Reliability Engineer (Senior or Staff), Deployments",Site Reliability Engineering,Boston; Miami; New Jersey; New York City; Princeton; Raleigh; Washington DC,product_eng,staff_principal,0,0,0,,188000,https://www.mongodb.com/careers/job/?gh_jid=7727910
2026-08-25,MDB,MongoDB,"Site Reliability Engineer (Senior or Staff), Deployments",Site Reliability Engineering,Toronto,product_eng,staff_principal,0,0,0,,172000,https://www.mongodb.com/careers/job/?gh_jid=7727913
2026-08-25,MDB,MongoDB,"Site Reliability Engineer (Senior or Staff), Infrastructure Security",Site Reliability Engineering,Austin; New York City; San Francisco; Seattle; United States,product_eng,staff_principal,0,0,0,,188000,https://www.mongodb.com/careers/job/?gh_jid=7758610
2026-08-25,MDB,MongoDB,"Site Reliability Engineer (Senior or Staff), Storage Layer Services (SLS)",Site Reliability Engineering,Boston; Miami; New York City; Pittsburgh; Raleigh; United States,product_eng,staff_principal,0,0,0,,187000,https://www.mongodb.com/careers/job/?gh_jid=7743366
2026-08-25,MDB,MongoDB,"Site Reliability Engineer (Senior or Staff), Storage Layer Services (SLS)",Site Reliability Engineering,Montreal; Toronto,product_eng,staff_principal,0,0,0,,172000,https://www.mongodb.com/careers/job/?gh_jid=7793634
2026-08-25,MDB,MongoDB,"Site Reliability Engineer (Senior or Staff), Storage Layer Services (SLS) ",Site Reliability Engineering,"Cork, Ireland; Dublin, Ireland",product_eng,staff_principal,0,0,0,,,https://www.mongodb.com/careers/job/?gh_jid=6984814
2026-08-25,MDB,MongoDB,Software Engineer 2,Office of the CTO,Dublin,product_eng,mid,0,0,0,,,https://www.mongodb.com/careers/job/?gh_jid=7613695
2026-08-25,MDB,MongoDB,Software Engineer 3,AI Builder Experience,Gurugram,product_eng,mid,0,6,1,application,,https://www.mongodb.com/careers/job/?gh_jid=8111979
2026-08-25,MDB,MongoDB,Software Engineer 3,Durable TXs & Availability,New York City,product_eng,mid,0,0,0,,157500,https://www.mongodb.com/careers/job/?gh_jid=8107198
2026-08-25,MDB,MongoDB,Software Engineer 3,Atlas Search,Sydney,product_eng,mid,0,11,1,application|general_medium|model_infra,,https://www.mongodb.com/careers/job/?gh_jid=8092317
2026-08-25,MDB,MongoDB,Software Engineer 3,AI Builder Experience,Alberta; British Columbia; Manitoba; Nova Scotia; Ontario; Quebec,product_eng,mid,0,6,1,application,128500,https://www.mongodb.com/careers/job/?gh_jid=8108725
2026-08-25,MDB,MongoDB,Software Engineer 3,Website,Gurugram,product_eng,mid,0,1,0,buzz,,https://www.mongodb.com/careers/job/?gh_jid=8083366
2026-08-25,MDB,MongoDB,Software Engineer 3,Atlas Core Data Services,New York City,product_eng,mid,0,1,0,buzz,157500,https://www.mongodb.com/careers/job/?gh_jid=8083761
2026-08-25,MDB,MongoDB,Software Engineer 3,AI Builder Experience,United States,product_eng,mid,0,6,1,application,162000,https://www.mongodb.com/careers/job/?gh_jid=8089124
2026-08-25,MDB,MongoDB,Software Engineer 3,Internal Engineering,Gurugram,product_eng,mid,0,0,0,,,https://www.mongodb.com/careers/job/?gh_jid=7993984
2026-08-25,MDB,MongoDB,"Software Engineer 3, App Analysis & Modelling",App Modernization ENG,Sydney,product_eng,mid,0,12,1,application|buzz|general_medium,,https://www.mongodb.com/careers/job/?gh_jid=7523878
2026-08-25,MDB,MongoDB,"Software Engineer 3, Atlas Clusters Platform",Atlas Core Data Services,New York City,product_eng,mid,0,0,0,,157500,https://www.mongodb.com/careers/job/?gh_jid=8089859
2026-08-25,MDB,MongoDB,"Software Engineer 3, Atlas Growth 2",Observability & Adoption Engineering,"Dublin, Ireland",product_eng,mid,0,2,0,general_medium,,https://www.mongodb.com/careers/job/?gh_jid=8064448
2026-08-25,MDB,MongoDB,"Software Engineer 3, Atlas Identity and Access Management",Identity and Access Management,New York City,product_eng,mid,0,0,0,,157500,https://www.mongodb.com/careers/job/?gh_jid=8069776
2026-08-25,MDB,MongoDB,"Software Engineer 3, Atlas Search Systems",Atlas Search,San Francisco,product_eng,mid,0,4,1,application|buzz,165500,https://www.mongodb.com/careers/job/?gh_jid=7523920
2026-08-25,MDB,MongoDB,"Software Engineer 3, Atlas Search Systems",Atlas Search,Toronto,product_eng,mid,0,3,1,application,128500,https://www.mongodb.com/careers/job/?gh_jid=7662950
2026-08-25,MDB,MongoDB,"Software Engineer 3, Atlas Vector Search",Atlas Search,San Francisco,product_eng,mid,0,3,1,application,157500,https://www.mongodb.com/careers/job/?gh_jid=7523911
2026-08-25,MDB,MongoDB,"Software Engineer 3, Networking & Observability",Clusters & Interfaces,New York City; United States,product_eng,mid,0,0,0,,157500,https://www.mongodb.com/careers/job/?gh_jid=8119841
2026-08-25,MDB,MongoDB,"Software Engineer 3, Networking & Observability",Clusters & Interfaces,Alberta; British Columbia; Ontario; Quebec,product_eng,mid,0,0,0,,146000,https://www.mongodb.com/careers/job/?gh_jid=8119843
2026-08-25,MDB,MongoDB,"Software Engineer 3, Query Execution",Query,"Cork, Ireland; Dublin, Ireland",product_eng,mid,0,0,0,,,https://www.mongodb.com/careers/job/?gh_jid=7699932
2026-08-25,MDB,MongoDB,"Software Engineer 3, Search Systems Replication & Routing",Atlas Search,San Francisco,product_eng,mid,0,3,1,application,157500,https://www.mongodb.com/careers/job/?gh_jid=7235322
2026-08-25,MDB,MongoDB,Solutions Architect,"Solutions Architecture, Growth EMEA",Great Britain,demand_validated,mid,0,7,1,application|buzz,,https://www.mongodb.com/careers/job/?gh_jid=8111814
2026-08-25,MDB,MongoDB,Solutions Architect,"Solutions Architecture, Growth EMEA",Berlin; Cologne; Frankfurt; Hamburg; Munich; Stuttgart,demand_validated,mid,0,7,1,application|buzz,,https://www.mongodb.com/careers/job/?gh_jid=8066544
2026-08-25,MDB,MongoDB,Solutions Architect,"Solutions Architecture, Growth EMEA",Germany,demand_validated,mid,0,7,1,application|buzz,,https://www.mongodb.com/careers/job/?gh_jid=8066560
2026-08-25,MDB,MongoDB,Solutions Architect,Scaled Solutions Architecture,Singapore,demand_validated,mid,0,7,1,application|buzz,,https://www.mongodb.com/careers/job/?gh_jid=7795864
2026-08-25,MDB,MongoDB,Solutions Architect - French Speaking,Scaled Solutions Architecture,"Dublin, Ireland; Ireland",demand_validated,mid,0,7,1,application|buzz,,https://www.mongodb.com/careers/job/?gh_jid=8106419
2026-08-25,MDB,MongoDB,"Solutions Architect, German speaker",Solutions Architecture,Poland,demand_validated,mid,0,7,1,application|buzz,,https://www.mongodb.com/careers/job/?gh_jid=7557618
2026-08-25,MDB,MongoDB,Solutions Architect - Italian Speaker,Solutions Architecture,"Dublin, Ireland",demand_validated,mid,0,7,1,application|buzz,,https://www.mongodb.com/careers/job/?gh_jid=8077145
2026-08-25,MDB,MongoDB,Solutions Architect / Sr. Solutions Architect (Pre-Sales),"Solutions Architecture, LATAM",Mexico City,demand_validated,senior,0,7,1,application|buzz,,https://www.mongodb.com/careers/job/?gh_jid=8109873
2026-08-25,MDB,MongoDB,"Specialist, Sales Compensation",Controllership,Gurugram,nontech,mid,0,0,0,,,https://www.mongodb.com/careers/job/?gh_jid=7558720
2026-08-25,MDB,MongoDB,"Sr. Director, IT Product Management – Post Sales and Partner Technology",GTM Tech,Palo Alto,nontech,director,0,12,1,application,249000,https://www.mongodb.com/careers/job/?gh_jid=8003065
2026-08-25,MDB,MongoDB,"Sr. Executive Assistant, Chief Legal Officer",Legal & Risk Mgmt,Palo Alto,nontech,exec,0,0,0,,100500,https://www.mongodb.com/careers/job/?gh_jid=7961719
2026-08-25,MDB,MongoDB,Sr Finance Systems Admin (L1 Support & Admin),FIN Tech,Gurugram,nontech,senior,0,0,0,,,https://www.mongodb.com/careers/job/?gh_jid=8017380
2026-08-25,MDB,MongoDB,Sr. Partner Marketing Manager,Global Demand Center,Bengaluru,nontech,senior,0,0,0,,,https://www.mongodb.com/careers/job/?gh_jid=8125813
2026-08-25,MDB,MongoDB,"Sr. Technical Program Manager, FDE Engagements",Magenta,Mexico City,other,senior,0,6,1,application,,https://www.mongodb.com/careers/job/?gh_jid=8065459
2026-08-25,MDB,MongoDB,Staff Analyst,Analytics,Gurugram,other,staff_principal,0,1,0,buzz,,https://www.mongodb.com/careers/job/?gh_jid=8077182
2026-08-25,MDB,MongoDB,Staff Data Engineer,Data & Platform,Gurugram,product_eng,staff_principal,0,6,1,application,,https://www.mongodb.com/careers/job/?gh_jid=7858063
2026-08-25,MDB,MongoDB,Staff Engineer,Durable TXs & Availability,Sydney,product_eng,staff_principal,0,0,0,,,https://www.mongodb.com/careers/job/?gh_jid=8075467
2026-08-25,MDB,MongoDB,Staff Engineer,Atlas Core Data Services,Dublin,product_eng,staff_principal,0,0,0,,,https://www.mongodb.com/careers/job/?gh_jid=8003635
2026-08-25,MDB,MongoDB,Staff Engineer,Observability & Adoption Engineering,"Cork, Ireland",product_eng,staff_principal,0,0,0,,,https://www.mongodb.com/careers/job/?gh_jid=8045017
2026-08-25,MDB,MongoDB,Staff Engineer,Observability & Adoption Engineering,"Dublin, Ireland",product_eng,staff_principal,0,0,0,,,https://www.mongodb.com/careers/job/?gh_jid=7613562
2026-08-25,MDB,MongoDB,Staff Engineer,Magenta,Gurugram,product_eng,staff_principal,0,0,0,,,https://www.mongodb.com/careers/job/?gh_jid=7590587
2026-08-25,MDB,MongoDB,"Staff Engineer, AMP",App Modernization ENG,Gurugram,product_eng,staff_principal,0,5,1,application|buzz,,https://www.mongodb.com/careers/job/?gh_jid=7583617
2026-08-25,MDB,MongoDB,Staff Engineer - Business Systems (Integrations),GTM Tech,Gurugram,product_eng,staff_principal,0,0,0,,,https://www.mongodb.com/careers/job/?gh_jid=7778981
2026-08-25,MDB,MongoDB,"Staff Engineer, Observability",Observability & Adoption Engineering,"Dublin, Ireland",product_eng,staff_principal,0,0,0,,,https://www.mongodb.com/careers/job/?gh_jid=7613587
2026-08-25,MDB,MongoDB,"Staff Engineer, Query Optimization",Query,United States,product_eng,staff_principal,0,0,0,,224000,https://www.mongodb.com/careers/job/?gh_jid=7870876
2026-08-25,MDB,MongoDB,Staff Forward Deployed Engineer,Magenta,Gurugram,demand_validated,staff_principal,0,3,1,application,,https://www.mongodb.com/careers/job/?gh_jid=8094522
2026-08-25,MDB,MongoDB,Staff Product Manager,Product Management,"Dublin, Ireland",product_eng,staff_principal,0,4,1,application|buzz,,https://www.mongodb.com/careers/job/?gh_jid=8111736
2026-08-25,MDB,MongoDB,"Staff Product Manager, Identity and Security",Security Product Management,United States,product_eng,staff_principal,0,6,1,application,224000,https://www.mongodb.com/careers/job/?gh_jid=8126618
2026-08-25,MDB,MongoDB,"Staff Product Manager, Identity and Security",Security Product Management,Alberta; British Columbia; Manitoba; Nova Scotia; Ontario; Quebec; Toronto,product_eng,staff_principal,0,6,1,application,174500,https://www.mongodb.com/careers/job/?gh_jid=8126620
2026-08-25,MDB,MongoDB,Staff Product Manager - Internal AI,Internal AI,Palo Alto,product_eng,intern,1,4,1,application|buzz,243500,https://www.mongodb.com/careers/job/?gh_jid=7781724
2026-08-25,MDB,MongoDB,"Staff Product Manager, Security and Compliance (Public Sector)",Security Product Management,United States,product_eng,staff_principal,0,0,0,,224000,https://www.mongodb.com/careers/job/?gh_jid=8054250
2026-08-25,MDB,MongoDB,Staff Product Marketing Manager,Product Marketing,United States,nontech,staff_principal,0,3,1,application,154000,https://www.mongodb.com/careers/job/?gh_jid=8072861
2026-08-25,MDB,MongoDB,Staff Research Scientist,Voyage AI Research,Palo Alto,research,staff_principal,0,21,1,application|buzz|general_medium|model_infra,224000,https://www.mongodb.com/careers/job/?gh_jid=7956670
2026-08-25,MDB,MongoDB,Staff Site Reliability Engineer,Magenta,Bengaluru,product_eng,staff_principal,0,0,0,,,https://www.mongodb.com/careers/job/?gh_jid=8051387
2026-08-25,MDB,MongoDB,Staff Software Engineer - Query Execution,Query,United States,product_eng,staff_principal,0,3,1,application,224000,https://www.mongodb.com/careers/job/?gh_jid=7915330
2026-08-25,MDB,MongoDB,"Staff Software Engineer, Server Networking Security (Rust)",Clusters & Interfaces,"Cork, Ireland; Dublin, Ireland",product_eng,staff_principal,0,0,0,,,https://www.mongodb.com/careers/job/?gh_jid=7696228
2026-08-25,MDB,MongoDB,"Staff Technical Product Marketing Manager, Context Engineering",Product Marketing,"Dublin, Ireland",product_eng,staff_principal,0,6,1,application,,https://www.mongodb.com/careers/job/?gh_jid=8121863
2026-08-25,MDB,MongoDB,Staff Technical Program Manager,Observability & Adoption Engineering,"Dublin, Ireland",other,staff_principal,0,0,0,,,https://www.mongodb.com/careers/job/?gh_jid=8044870
2026-08-25,MDB,MongoDB,Staff Technical Program Manager,Atlas Core Data Services,"Cork, Ireland; Dublin, Ireland",other,staff_principal,0,0,0,,,https://www.mongodb.com/careers/job/?gh_jid=7465124
2026-08-25,MDB,MongoDB,"Staff Technical Program Manager, GTM Tech",GTM Tech,Gurugram,other,staff_principal,0,0,0,,,https://www.mongodb.com/careers/job/?gh_jid=7493634
2026-08-25,MDB,MongoDB,"Staff Technical Program Manager, Site Reliability Engineering",Site Reliability Engineering,"Cork, Ireland; Dublin, Ireland; Ireland",product_eng,staff_principal,0,0,0,,,https://www.mongodb.com/careers/job/?gh_jid=7831454
2026-08-25,MDB,MongoDB,"Staff Technical Program Manager, Site Reliability Engineering",Site Reliability Engineering,Atlanta; Boston; Florida; Georgia; Maine; Miami; New Hampshire; New Jersey; New York; New York City; Pennsylvania; Philadelphia; Pittsburgh; Raleigh; Vermont; Virginia; Washington DC,product_eng,staff_principal,0,0,0,,224000,https://www.mongodb.com/careers/job/?gh_jid=7555398
2026-08-25,MDB,MongoDB,Startup & Venture Ecosystem Lead,Marketing Management,San Francisco,other,senior,0,0,0,,149500,https://www.mongodb.com/careers/job/?gh_jid=7779540
2026-08-25,MDB,MongoDB,Strategic Customer Success Manager,Customer Success Americas,New York City; Philadelphia,demand_validated,mid,0,0,0,,170500,https://www.mongodb.com/careers/job/?gh_jid=8129880
2026-08-25,MDB,MongoDB,"Technical Director, Builder Relations",Developer Advocacy,India,other,director,0,0,0,,,https://www.mongodb.com/careers/job/?gh_jid=7993078
2026-08-25,MDB,MongoDB,Technical Lead Manager,Atlas Core Data Services,"Cork, Ireland",other,senior,0,0,0,,,https://www.mongodb.com/careers/job/?gh_jid=8045345
2026-08-25,MDB,MongoDB,Technical Lead Manager,Atlas Core Data Services,"Dublin, Ireland",other,senior,0,0,0,,,https://www.mongodb.com/careers/job/?gh_jid=7711876
2026-08-25,MDB,MongoDB,Technical Services Curriculum Engineer,Technical Support Operations,Vancouver,product_eng,mid,0,4,1,application|buzz,137500,https://www.mongodb.com/careers/job/?gh_jid=7968777
2026-08-25,MDB,MongoDB,Technical Services Engineer,Technical Support EMEA,"Dublin, Ireland",product_eng,mid,0,9,1,application,,https://www.mongodb.com/careers/job/?gh_jid=7947090
2026-08-25,MDB,MongoDB,Technical Services Engineer,Technical Support EMEA,Dublin,product_eng,mid,0,3,1,application,,https://www.mongodb.com/careers/job/?gh_jid=8043909
2026-08-25,MDB,MongoDB,Technical Services Engineer,Technical Support APAC,Bengaluru,product_eng,mid,0,0,0,,,https://www.mongodb.com/careers/job/?gh_jid=8007613
2026-08-25,MDB,MongoDB,Technical Services Engineer,Technical Support AMER,Palo Alto,product_eng,mid,0,3,1,application,133000,https://www.mongodb.com/careers/job/?gh_jid=8065812
2026-08-25,MDB,MongoDB,Technical Services Engineer,Technical Support APAC,Sydney,product_eng,mid,0,9,1,application,,https://www.mongodb.com/careers/job/?gh_jid=8070880
2026-08-25,MDB,MongoDB,Technical Services Engineer,Technical Support EMEA,Dublin,product_eng,mid,0,0,0,,,https://www.mongodb.com/careers/job/?gh_jid=7948529
2026-08-25,MDB,MongoDB,Technical Services Engineer,Technical Support AMER,Mexico City,product_eng,mid,0,0,0,,,https://www.mongodb.com/careers/job/?gh_jid=8055356
2026-08-25,MDB,MongoDB,"Technical Services Engineer, 1st shift (Weekend)",Technical Support AMER Public Sector,United States,product_eng,mid,0,0,0,,133000,https://www.mongodb.com/careers/job/?gh_jid=8030936
2026-08-25,MDB,MongoDB,"Technical Services Engineer, Infrastructure - Weekend",Technical Support AMER,Palo Alto,product_eng,mid,0,3,1,application,133000,https://www.mongodb.com/careers/job/?gh_jid=7460019
2026-08-25,MDB,MongoDB,"Technical Services Engineer, Named Accounts",Technical Support Premium Services,Palo Alto; San Francisco,product_eng,mid,0,0,0,,133000,https://www.mongodb.com/careers/job/?gh_jid=8041641
2026-08-25,MDB,MongoDB,Technical Services Engineer - Partners,Technical Support Partners & Migrations,"Dublin, Ireland",product_eng,mid,0,1,0,buzz,,https://www.mongodb.com/careers/job/?gh_jid=8053152
2026-08-25,MDB,MongoDB,Technical Services Engineer - Weekend Shift,Technical Support AMER Public Sector,United States,product_eng,mid,0,0,0,,133000,https://www.mongodb.com/careers/job/?gh_jid=8070616
2026-08-25,MDB,MongoDB,"VP, AI Marketing Strategy",Marketing Management,Palo Alto; San Francisco,nontech,exec,1,6,1,application,215000,https://www.mongodb.com/careers/job/?gh_jid=8072839
2026-08-25,MDB,MongoDB,"VP, Global Specialist Sales",Sales Growth NAMER,Austin; New York City; Palo Alto; San Francisco,nontech,exec,0,12,1,application,270000,https://www.mongodb.com/careers/job/?gh_jid=8077553
2026-08-25,FSLY,Fastly,"Assistant General Counsel, Commercial",Legal,"New York City, NY; San Francisco, CA",nontech,mid,0,1,0,buzz,271205,https://www.fastly.com/about/jobs/apply?gh_jid=8105433
2026-08-25,FSLY,Fastly,Deal Desk Manager,CFO,"San Francisco, CA",other,mid,0,0,0,,146520,https://www.fastly.com/about/jobs/apply?gh_jid=8041932
2026-08-25,FSLY,Fastly,"Director, APJ Field Marketing  ",Corporate Marketing,"Singapore, Singapore",nontech,director,0,0,0,,,https://www.fastly.com/about/jobs/apply?gh_jid=7916520
2026-08-25,FSLY,Fastly,"Director, Deal Desk & Strategy",CFO,"San Francisco, CA",other,director,0,1,0,buzz,215292,https://www.fastly.com/about/jobs/apply?gh_jid=7990049
2026-08-25,FSLY,Fastly,"Director, Enterprise Architecture, Automation and Integration",Go-To-Market Systems,"Denver, CO; New York City, NY; San Francisco, CA",product_eng,director,0,11,1,application|buzz,216657,https://www.fastly.com/about/jobs/apply?gh_jid=8119301
2026-08-25,FSLY,Fastly,"Director, Product Marketing – Security, AI and Emerging Technology",Product Marketing,"Denver, CO; New York City, NY; San Francisco, CA",nontech,director,1,3,0,buzz|data_ml_ops,233988,https://www.fastly.com/about/jobs/apply?gh_jid=8119740
2026-08-25,FSLY,Fastly,Finance Systems Analyst,Finance Systems,"Denver, CO; New York City, NY",nontech,mid,0,1,0,buzz,117055,https://www.fastly.com/about/jobs/apply?gh_jid=7744225
2026-08-25,FSLY,Fastly,"Head of PR, APJ",Field Marketing,"Singapore, Singapore",other,exec,0,0,0,,,https://www.fastly.com/about/jobs/apply?gh_jid=8028501
2026-08-25,FSLY,Fastly,Manager - Customer Solutions Engineering,Cloud Engineering - COR,"Denver, CO; New York City, NY; San Francisco, CA",demand_validated,mid,0,0,0,,171989,https://www.fastly.com/about/jobs/apply?gh_jid=7980055
2026-08-25,FSLY,Fastly,Network Support Engineer,Service Delivery - CSE,"Singapore, Singapore",product_eng,mid,0,0,0,,,https://www.fastly.com/about/jobs/apply?gh_jid=7738594
2026-08-25,FSLY,Fastly,Order Management Manager,Accounting,"New York City, NY; San Francisco, CA",other,mid,0,0,0,,146520,https://www.fastly.com/about/jobs/apply?gh_jid=8119283
2026-08-25,FSLY,Fastly,Program Manager,Program Management,"Denver, CO; New York City, NY; San Francisco, CA",other,mid,0,0,0,,151051,https://www.fastly.com/about/jobs/apply?gh_jid=8017302
2026-08-25,FSLY,Fastly,Sales Operations Manager,Sales Ops & Enablement,"London, United Kingdom",nontech,mid,0,0,0,,,https://www.fastly.com/about/jobs/apply?gh_jid=8124359
2026-08-25,FSLY,Fastly,Senior Account Executive,APJ Sales,"Tokyo, Japan",demand_validated,senior,0,0,0,,,https://www.fastly.com/about/jobs/apply?gh_jid=6873321
2026-08-25,FSLY,Fastly,"Senior Account Executive, Commercial",Commercial Sales,"New York City, NY",demand_validated,senior,0,0,0,,239122,https://www.fastly.com/about/jobs/apply?gh_jid=7889308
2026-08-25,FSLY,Fastly,"Senior Account Executive, Enterprise (SoCal)",Enterprise Sales,"Los Angeles, CA",demand_validated,senior,0,0,0,,276123,https://www.fastly.com/about/jobs/apply?gh_jid=8013533
2026-08-25,FSLY,Fastly,Senior Channel Enablement Manager,Sales Ops & Enablement,"San Francisco, CA",nontech,senior,0,0,0,,142417,https://www.fastly.com/about/jobs/apply?gh_jid=8139388
2026-08-25,FSLY,Fastly,Senior Cloud Engineer,Cloud Engineering - COR,"San Francisco, CA",product_eng,senior,0,0,0,,147456,https://www.fastly.com/about/jobs/apply?gh_jid=8082266
2026-08-25,FSLY,Fastly,"Senior Counsel, Privacy and Regulatory",Legal,"New York City, NY; San Francisco, CA",nontech,senior,0,5,1,application|buzz,232507,https://www.fastly.com/about/jobs/apply?gh_jid=8017300
2026-08-25,FSLY,Fastly,Senior Customer Solutions Engineer,Cloud Engineering - COR,"Denver, CO; San Francisco, CA",demand_validated,senior,0,0,0,,159252,https://www.fastly.com/about/jobs/apply?gh_jid=7733190
2026-08-25,FSLY,Fastly,Senior DataCenter Provisioning Engineer,Global Network Infrastructure,"Denver, CO; New York City, NY; Raleigh, NC; Washington, D.C.",product_eng,senior,0,0,0,,147456,https://www.fastly.com/about/jobs/apply?gh_jid=8128533
2026-08-25,FSLY,Fastly,Senior Data Security Architect,Security Architecture,"San Francisco, CA",product_eng,senior,0,0,0,,199342,https://www.fastly.com/about/jobs/apply?gh_jid=8089506
2026-08-25,FSLY,Fastly,"Senior Deal Strategy Manager, APJ",CFO,"Singapore, Singapore",other,senior,0,0,0,,,https://www.fastly.com/about/jobs/apply?gh_jid=8064565
2026-08-25,FSLY,Fastly,Senior Engineering Manager - Containers at Edge,Infrastructure Engineering,"Denver, CO; New York City, NY; San Francisco, CA",product_eng,senior,0,0,0,,251108,https://www.fastly.com/about/jobs/apply?gh_jid=8049212
2026-08-25,FSLY,Fastly,Senior Engineer - Security Products (Backend APIs),Core Systems Engineering,"Denver, CO; San Francisco, CA",product_eng,senior,0,1,0,buzz,199342,https://www.fastly.com/about/jobs/apply?gh_jid=8011076
2026-08-25,FSLY,Fastly,Senior Enterprise Account Executive,EMEA Sales,"London, United Kingdom",demand_validated,senior,0,0,0,,,https://www.fastly.com/about/jobs/apply?gh_jid=7954066
2026-08-25,FSLY,Fastly,Senior Enterprise Account Executive (NYC),Enterprise Sales,"New York City, NY",demand_validated,senior,0,0,0,,306803,https://www.fastly.com/about/jobs/apply?gh_jid=8089199
2026-08-25,FSLY,Fastly,Senior Executive Assistant,Human Resources,"San Francisco, CA",other,senior,0,2,0,buzz,,https://www.fastly.com/about/jobs/apply?gh_jid=8097890
2026-08-25,FSLY,Fastly,"Senior Manager, Engineering - Platform Security",Platform Engineering,"Denver, CO; New York City, NY; San Francisco, CA",product_eng,senior,0,0,0,,251108,https://www.fastly.com/about/jobs/apply?gh_jid=7901940
2026-08-25,FSLY,Fastly,Senior Partnerships Lead,Partner & Indirect Sales,"New York City, NY",other,senior,0,0,0,,202958,https://www.fastly.com/about/jobs/apply?gh_jid=8027022
2026-08-25,FSLY,Fastly,Senior Pricing & Packaging Manager,CFO,"San Francisco, CA",other,senior,0,0,0,,158246,https://www.fastly.com/about/jobs/apply?gh_jid=8081734
2026-08-25,FSLY,Fastly,Senior Product Marketing Manager – AI & Emerging Technologies,Product Marketing,"Denver, CO; New York City, NY; San Francisco, CA",nontech,senior,1,3,0,buzz|general_medium,159252,https://www.fastly.com/about/jobs/apply?gh_jid=8119888
2026-08-25,FSLY,Fastly,Senior Sales Engineer,Sales Engineering,"Sydney, Australia",demand_validated,senior,0,0,0,,,https://www.fastly.com/about/jobs/apply?gh_jid=8121024
2026-08-25,FSLY,Fastly,Senior Security Technical Account Manager,Customer Security TAMs,"Denver, CO; New York City, NY; San Francisco, CA",demand_validated,senior,0,0,0,,147456,https://www.fastly.com/about/jobs/apply?gh_jid=8114333
2026-08-25,FSLY,Fastly,Senior SRE - Networks,Technical Operations,United Kingdom (Remote),product_eng,senior,0,0,0,,,https://www.fastly.com/about/jobs/apply?gh_jid=8045052
2026-08-25,FSLY,Fastly,Senior Support Engineer - Security Products,Service Delivery - CSE,"Pune, India",product_eng,senior,0,0,0,,,https://www.fastly.com/about/jobs/apply?gh_jid=8012702
2026-08-25,FSLY,Fastly,Software Development Engineer,Core Systems Engineering,"San Francisco, CA",product_eng,mid,0,0,0,,170907,https://www.fastly.com/about/jobs/apply?gh_jid=8128535
2026-08-25,FSLY,Fastly,Staff Engineer - Control Systems,Core Systems Engineering,"Denver, CO; New York City, NY; San Francisco, CA",product_eng,staff_principal,0,0,0,,232507,https://www.fastly.com/about/jobs/apply?gh_jid=8094476
2026-08-25,FSLY,Fastly,Staff Engineer - Edge Protocols,Content Delivery Systems,"Denver, CO; New York City, NY; San Francisco, CA",product_eng,staff_principal,0,0,0,,211370,https://www.fastly.com/about/jobs/apply?gh_jid=8010849
2026-08-25,FSLY,Fastly,Staff Engineer - Monetization,Core Systems Engineering,"San Francisco, CA",product_eng,staff_principal,0,1,0,buzz,211370,https://www.fastly.com/about/jobs/apply?gh_jid=8046788
2026-08-25,FSLY,Fastly,Staff Product Marketing Manager: Compute,Product Marketing,"Denver, CO; New York City, NY; San Francisco, CA",nontech,staff_principal,0,0,0,,200612,https://www.fastly.com/about/jobs/apply?gh_jid=8120166
2026-08-25,FSLY,Fastly,Staff Product Marketing Manager – Security,Product Marketing,"Denver, CO; New York City, NY; San Francisco, CA",nontech,staff_principal,0,1,0,buzz,200612,https://www.fastly.com/about/jobs/apply?gh_jid=8120168
2026-08-25,FSLY,Fastly,Staff Software Engineer - Customer Identity & Access Management (CIAM),Core Systems Engineering,"Denver, CO; New York City, NY; San Francisco, CA",product_eng,staff_principal,0,0,0,,232507,https://www.fastly.com/about/jobs/apply?gh_jid=8136477
2026-08-25,FSLY,Fastly,"Staff Strategic Operations Lead, Performance Center",OCA,"Denver, CO; New York City, NY; San Francisco, CA",nontech,staff_principal,0,0,0,,200612,https://www.fastly.com/about/jobs/apply?gh_jid=7858457
2026-08-25,FSLY,Fastly,"Staff Technical Product Manager, Runtimes",Product Management,"New York City, NY",product_eng,staff_principal,0,1,0,buzz,232507,https://www.fastly.com/about/jobs/apply?gh_jid=8079946
2026-08-25,FSLY,Fastly,Threat Detection Analyst (Japanese & English speaking),Customer Security - CSOC,"Singapore, Singapore",other,mid,0,0,0,,,https://www.fastly.com/about/jobs/apply?gh_jid=7912475
2026-08-25,FSLY,Fastly,Threat Detection Analyst (Japanese & English speaking),Customer Security - CSOC,Australia (Remote),other,mid,0,0,0,,,https://www.fastly.com/about/jobs/apply?gh_jid=7912473
2026-08-25,FSLY,Fastly,Threat Detection Analyst (Japanese Speaking) ,Customer Security - CSOC,"Tokyo, Japan",other,mid,0,0,0,,,https://www.fastly.com/about/jobs/apply?gh_jid=7641510
2026-08-25,NET,Cloudflare,"Account Executive, FedCiv",Field Sales,Hybrid,demand_validated,mid,0,0,0,,319500,https://boards.greenhouse.io/cloudflare/jobs/7695702?gh_jid=7695702
2026-08-25,NET,Cloudflare,Accounting Intern (Fall 2026),Accounting and Finance,In-Office,nontech,intern,0,1,0,buzz,,https://boards.greenhouse.io/cloudflare/jobs/7902104?gh_jid=7902104
2026-08-25,NET,Cloudflare,AI Security Research & Red Team Engineer,Security,Hybrid,product_eng,mid,1,9,1,application,187000,https://boards.greenhouse.io/cloudflare/jobs/8097321?gh_jid=8097321
2026-08-25,NET,Cloudflare,"Associate General Counsel, Privacy Compliance","Legal, Policy, Trust & Safety",Hybrid,nontech,mid,0,0,0,,,https://boards.greenhouse.io/cloudflare/jobs/8144669?gh_jid=8144669
2026-08-25,NET,Cloudflare,Business Development Manager,BDR,Hybrid,other,mid,0,1,0,buzz,171000,https://boards.greenhouse.io/cloudflare/jobs/8084358?gh_jid=8084358
2026-08-25,NET,Cloudflare,Business Development Representative - Arabic Speaking,BDR,Hybrid,other,mid,0,0,0,,,https://boards.greenhouse.io/cloudflare/jobs/6696709?gh_jid=6696709
2026-08-25,NET,Cloudflare,Business Development Representative - Bahasa Indonesia Speaking,BDR,Hybrid,other,mid,0,0,0,,,https://boards.greenhouse.io/cloudflare/jobs/7167659?gh_jid=7167659
2026-08-25,NET,Cloudflare, Business Development Representative (BDR) ,BDR,Hybrid,other,mid,0,0,0,,76500,https://boards.greenhouse.io/cloudflare/jobs/6557318?gh_jid=6557318
2026-08-25,NET,Cloudflare," Business Development Representative (BDR), LATAM Spanish Speaking",BDR,Hybrid,other,mid,0,0,0,,,https://boards.greenhouse.io/cloudflare/jobs/7991345?gh_jid=7991345
2026-08-25,NET,Cloudflare,"Business Development Representative, Bengaluru",BDR,Hybrid,other,mid,0,0,0,,,https://boards.greenhouse.io/cloudflare/jobs/8143314?gh_jid=8143314
2026-08-25,NET,Cloudflare,Business Development Representative (Cantonese Speaking),BDR,Hybrid,other,mid,0,0,0,,,https://boards.greenhouse.io/cloudflare/jobs/8143252?gh_jid=8143252
2026-08-25,NET,Cloudflare,"Business Development Representative - Danish, Norwegian or Swedish Speaking",BDR,Hybrid,other,mid,0,0,0,,,https://boards.greenhouse.io/cloudflare/jobs/7657028?gh_jid=7657028
2026-08-25,NET,Cloudflare,Business Development Representative - Dutch Speaking,BDR,Hybrid,other,mid,0,0,0,,,https://boards.greenhouse.io/cloudflare/jobs/7883803?gh_jid=7883803
2026-08-25,NET,Cloudflare,Business Development Representative - German Speaking,BDR,Hybrid,other,mid,0,0,0,,,https://boards.greenhouse.io/cloudflare/jobs/7504487?gh_jid=7504487
2026-08-25,NET,Cloudflare,Business Development Representative - Turkish Speaking,BDR,Hybrid,other,mid,0,0,0,,,https://boards.greenhouse.io/cloudflare/jobs/7772239?gh_jid=7772239
2026-08-25,NET,Cloudflare,Chief of Staff to Chief Strategy Officer,Strategy,Hybrid,nontech,exec,0,3,1,application,257500,https://boards.greenhouse.io/cloudflare/jobs/8076815?gh_jid=8076815
2026-08-25,NET,Cloudflare,Commercial Account Executive (German speaking),Mid Market,Hybrid,demand_validated,mid,0,0,0,,,https://boards.greenhouse.io/cloudflare/jobs/7478874?gh_jid=7478874
2026-08-25,NET,Cloudflare,"Commercial Account Executive, Saudi Arabia",Mid Market,Hybrid,demand_validated,mid,0,0,0,,,https://boards.greenhouse.io/cloudflare/jobs/8045313?gh_jid=8045313
2026-08-25,NET,Cloudflare,"Country Director, India",Field Sales,Remote India,other,director,0,0,0,,,https://boards.greenhouse.io/cloudflare/jobs/7588061?gh_jid=7588061
2026-08-25,NET,Cloudflare,CTO Operations Lead,Product,Hybrid,nontech,senior,0,0,0,,,https://boards.greenhouse.io/cloudflare/jobs/8120031?gh_jid=8120031
2026-08-25,NET,Cloudflare,"Customer Engineer, India (Based in Mumbai)",Solution Engineering,Remote India,product_eng,mid,0,18,1,application,,https://boards.greenhouse.io/cloudflare/jobs/7955378?gh_jid=7955378
2026-08-25,NET,Cloudflare,"Customer Engineer (Pre-Sales), Korea (Based in Seoul)",Solution Engineering,Hybrid,demand_validated,mid,0,18,1,application,,https://boards.greenhouse.io/cloudflare/jobs/8027774?gh_jid=8027774
2026-08-25,NET,Cloudflare,Customer Experience Manager,Customer Renewals,Hybrid,other,mid,0,4,1,application|buzz,,https://boards.greenhouse.io/cloudflare/jobs/7988072?gh_jid=7988072
2026-08-25,NET,Cloudflare,Customer Experience Manager - French Speaking,Customer Renewals,Hybrid,other,mid,0,4,1,application|buzz,,https://boards.greenhouse.io/cloudflare/jobs/8063946?gh_jid=8063946
2026-08-25,NET,Cloudflare,Customer Experience Manager - Russian Speaking,Customer Renewals,Hybrid,other,mid,0,4,1,application|buzz,,https://boards.greenhouse.io/cloudflare/jobs/7241874?gh_jid=7241874
2026-08-25,NET,Cloudflare,Data Center DCIM Program Leader - Infrastructure Operations,Infrastructure,Hybrid,nontech,mid,0,0,0,,,https://boards.greenhouse.io/cloudflare/jobs/7535803?gh_jid=7535803
2026-08-25,NET,Cloudflare,Data Center Infrastructure Management (DCIM) Administrator - Infrastructure Operations,Infrastructure,Hybrid,nontech,mid,0,0,0,,,https://boards.greenhouse.io/cloudflare/jobs/7736431?gh_jid=7736431
2026-08-25,NET,Cloudflare,Deal Desk Engineer,Emerging Technology and Incubation,Hybrid,product_eng,mid,0,1,0,buzz,,https://boards.greenhouse.io/cloudflare/jobs/8059772?gh_jid=8059772
2026-08-25,NET,Cloudflare,Deal Desk Manager,Accounting and Finance,Hybrid,other,mid,0,14,1,application|buzz,168000,https://boards.greenhouse.io/cloudflare/jobs/8052464?gh_jid=8052464
2026-08-25,NET,Cloudflare,"Deal Desk Manager, EMEA",Accounting and Finance,Hybrid,other,mid,0,14,1,application|buzz,,https://boards.greenhouse.io/cloudflare/jobs/7544182?gh_jid=7544182
2026-08-25,NET,Cloudflare,Detection & Mitigation Engineer,Security,Hybrid,product_eng,mid,0,0,0,,,https://boards.greenhouse.io/cloudflare/jobs/7489019?gh_jid=7489019
2026-08-25,NET,Cloudflare,Digital Communications Director,Communications,Hybrid,nontech,director,0,0,0,,198500,https://boards.greenhouse.io/cloudflare/jobs/8049608?gh_jid=8049608
2026-08-25,NET,Cloudflare,Digital Customer Engineer,Solution Engineering,Hybrid,product_eng,mid,0,0,0,,,https://boards.greenhouse.io/cloudflare/jobs/8041034?gh_jid=8041034
2026-08-25,NET,Cloudflare,"Director, Customer Engineering",Solution Engineering,Hybrid or Remote,product_eng,director,0,3,1,application,,https://boards.greenhouse.io/cloudflare/jobs/8077424?gh_jid=8077424
2026-08-25,NET,Cloudflare,"Director, Developer GTM Finance",Accounting and Finance,Hybrid,product_eng,director,0,2,0,general_medium,279000,https://boards.greenhouse.io/cloudflare/jobs/8056660?gh_jid=8056660
2026-08-25,NET,Cloudflare,"Director, Enterprise Sales (AI & Digital Natives)",Field Sales,Hybrid,nontech,director,1,3,1,application,455500,https://boards.greenhouse.io/cloudflare/jobs/8051547?gh_jid=8051547
2026-08-25,NET,Cloudflare,"Director, Enterprise Sales (AI & Digital Natives)",Field Sales,Hybrid,nontech,director,1,3,1,application,455500,https://boards.greenhouse.io/cloudflare/jobs/8051548?gh_jid=8051548
2026-08-25,NET,Cloudflare,"Director, Enterprise Sales, Japan   ",Field Sales,Hybrid,nontech,director,0,0,0,,,https://boards.greenhouse.io/cloudflare/jobs/7374496?gh_jid=7374496
2026-08-25,NET,Cloudflare,Director of Developer Events,Emerging Technology and Incubation,In-Office,product_eng,director,0,3,1,application,231000,https://boards.greenhouse.io/cloudflare/jobs/7964809?gh_jid=7964809
2026-08-25,NET,Cloudflare,"Director, Strategic Finance & Investor Relations",Accounting and Finance,Hybrid,nontech,director,0,0,0,,232500,https://boards.greenhouse.io/cloudflare/jobs/8036150?gh_jid=8036150
2026-08-25,NET,Cloudflare,"Distributed Systems Engineer, Analytical Database Platform",Engineering,Hybrid,product_eng,mid,0,0,0,,183500,https://boards.greenhouse.io/cloudflare/jobs/7462799?gh_jid=7462799
2026-08-25,NET,Cloudflare,Distributed Systems Engineer - Data Platform - Analytics and Alerts,Engineering,Hybrid,product_eng,mid,0,0,0,,183500,https://boards.greenhouse.io/cloudflare/jobs/7462803?gh_jid=7462803
2026-08-25,NET,Cloudflare,"Distributed Systems Engineer - Data Platform (Delivery, Database, Retrieval)",Engineering,Hybrid,product_eng,mid,0,0,0,,183500,https://boards.greenhouse.io/cloudflare/jobs/7462801?gh_jid=7462801
2026-08-25,NET,Cloudflare,Distributed Systems Engineer - Data Platform - Logs and Audit Logs,Engineering,Hybrid,product_eng,mid,0,0,0,,183500,https://boards.greenhouse.io/cloudflare/jobs/7462802?gh_jid=7462802
2026-08-25,NET,Cloudflare,EIAM Business Enablement & Operations Intern (Fall 2026) ,Security,In-Office,nontech,intern,0,0,0,,,https://boards.greenhouse.io/cloudflare/jobs/8068479?gh_jid=8068479
2026-08-25,NET,Cloudflare,"Engineering Manager, Browser Run",Emerging Technology and Incubation,Hybrid,product_eng,mid,0,3,1,application,,https://boards.greenhouse.io/cloudflare/jobs/8099000?gh_jid=8099000
2026-08-25,NET,Cloudflare,"Engineering Manager, Cloudflare Network Interconnect",Infrastructure,Hybrid,product_eng,mid,0,0,0,,,https://boards.greenhouse.io/cloudflare/jobs/8083701?gh_jid=8083701
2026-08-25,NET,Cloudflare,"Engineering Manager, Linux Team",Infrastructure,Hybrid,product_eng,mid,0,0,0,,236500,https://boards.greenhouse.io/cloudflare/jobs/7647474?gh_jid=7647474
2026-08-25,NET,Cloudflare,"Engineering Manager - Workers Runtime, Edge Team",Emerging Technology and Incubation,Hybrid,product_eng,mid,0,0,0,,,https://boards.greenhouse.io/cloudflare/jobs/7653558?gh_jid=7653558
2026-08-25,NET,Cloudflare,Forward Deployed Engineer (FDE),Professional Services,Hybrid,demand_validated,mid,0,3,1,application,210000,https://boards.greenhouse.io/cloudflare/jobs/7572075?gh_jid=7572075
2026-08-25,NET,Cloudflare,"Forward Deployed Engineer, Hebrew speaker",Developer Relations,Hybrid,demand_validated,mid,0,3,1,application,,https://boards.greenhouse.io/cloudflare/jobs/7778816?gh_jid=7778816
2026-08-25,NET,Cloudflare,"Forward Deployed Engineer, Professional Services",Professional Services,Hybrid,demand_validated,mid,0,0,0,,,https://boards.greenhouse.io/cloudflare/jobs/8043287?gh_jid=8043287
2026-08-25,NET,Cloudflare,Full Stack Engineer - Internal Audit,Accounting and Finance,Hybrid,product_eng,intern,0,4,1,application|buzz,,https://boards.greenhouse.io/cloudflare/jobs/8014902?gh_jid=8014902
2026-08-25,NET,Cloudflare,GRC Engineer,Security,Hybrid,product_eng,mid,0,7,1,application|buzz,,https://boards.greenhouse.io/cloudflare/jobs/8045914?gh_jid=8045914
2026-08-25,NET,Cloudflare,GRC Team Intern (Fall 2026) ,University,In-Office,other,intern,0,0,0,,,https://boards.greenhouse.io/cloudflare/jobs/8129796?gh_jid=8129796
2026-08-25,NET,Cloudflare,"Head of GTM, AI Inference",Developer Relations,Hybrid,other,exec,1,4,0,general_medium,,https://boards.greenhouse.io/cloudflare/jobs/7428796?gh_jid=7428796
2026-08-25,NET,Cloudflare,Incident Response Analyst - React,Security,In-Office,other,mid,0,0,0,,,https://boards.greenhouse.io/cloudflare/jobs/8025650?gh_jid=8025650
2026-08-25,NET,Cloudflare,Indirect Tax Manager,Accounting and Finance,Hybrid,other,mid,0,0,0,,,https://boards.greenhouse.io/cloudflare/jobs/8081435?gh_jid=8081435
2026-08-25,NET,Cloudflare,Insider Threat Engineer,Security,Hybrid,product_eng,mid,0,0,0,,,https://boards.greenhouse.io/cloudflare/jobs/8064055?gh_jid=8064055
2026-08-25,NET,Cloudflare,Intelligence Production Lead,Security,Hybrid; In-Office,other,senior,0,6,1,application,190000,https://boards.greenhouse.io/cloudflare/jobs/8046137?gh_jid=8046137
2026-08-25,NET,Cloudflare,"Interconnection Manager, Network Strategy Americas",Strategy,Hybrid,other,mid,0,6,1,application,175000,https://boards.greenhouse.io/cloudflare/jobs/8046869?gh_jid=8046869
2026-08-25,NET,Cloudflare,Lead Vulnerability Management Engineer,Security,Hybrid,product_eng,senior,0,0,0,,,https://boards.greenhouse.io/cloudflare/jobs/8138788?gh_jid=8138788
2026-08-25,NET,Cloudflare,Litigation Counsel,"Legal, Policy, Trust & Safety",Hybrid,nontech,mid,0,0,0,,178500,https://boards.greenhouse.io/cloudflare/jobs/7972472?gh_jid=7972472
2026-08-25,NET,Cloudflare,"Major Account Executive, France",Field Sales,Hybrid,demand_validated,mid,0,0,0,,,https://boards.greenhouse.io/cloudflare/jobs/7552575?gh_jid=7552575
2026-08-25,NET,Cloudflare,Marketing Campaigns & Account-Based Marketing (ABM) Intern (Fall 2026),University,In-Office,nontech,intern,0,1,0,buzz,,https://boards.greenhouse.io/cloudflare/jobs/7838607?gh_jid=7838607
2026-08-25,NET,Cloudflare,Marketing Events and Campaigns Intern (Fall 2026),Marketing,In-Office,nontech,intern,0,3,1,application,,https://boards.greenhouse.io/cloudflare/jobs/8053546?gh_jid=8053546
2026-08-25,NET,Cloudflare,Marketing Strategy and Operations Lead ,Marketing,Hybrid,nontech,senior,0,0,0,,170000,https://boards.greenhouse.io/cloudflare/jobs/8030678?gh_jid=8030678
2026-08-25,NET,Cloudflare,Named Account Executive,Field Sales,Hybrid,demand_validated,mid,0,0,0,,,https://boards.greenhouse.io/cloudflare/jobs/6540163?gh_jid=6540163
2026-08-25,NET,Cloudflare,"Named Account Executive, FSI (Hong Kong)",Field Sales,Hybrid,demand_validated,mid,0,0,0,,,https://boards.greenhouse.io/cloudflare/jobs/7868936?gh_jid=7868936
2026-08-25,NET,Cloudflare,"Named Account Executive, Thailand",Field Sales,Hybrid,demand_validated,mid,0,0,0,,,https://boards.greenhouse.io/cloudflare/jobs/7783835?gh_jid=7783835
2026-08-25,NET,Cloudflare,"Network Acquisition Manager, APAC",Infrastructure,Hybrid,other,mid,0,3,1,application,,https://boards.greenhouse.io/cloudflare/jobs/8052843?gh_jid=8052843
2026-08-25,NET,Cloudflare,Network Deployment Engineer,Infrastructure,Hybrid,product_eng,mid,0,0,0,,143500,https://boards.greenhouse.io/cloudflare/jobs/8099671?gh_jid=8099671
2026-08-25,NET,Cloudflare,Network Deployment Engineer - APJC,Infrastructure,Hybrid,product_eng,mid,0,3,1,application,,https://boards.greenhouse.io/cloudflare/jobs/8088046?gh_jid=8088046
2026-08-25,NET,Cloudflare,Network Reliability Engineer,Infrastructure,Hybrid,product_eng,mid,0,6,1,application,,https://boards.greenhouse.io/cloudflare/jobs/7649981?gh_jid=7649981
2026-08-25,NET,Cloudflare,Network Security Engineer,Customer Support,Hybrid,product_eng,mid,0,1,0,buzz,,https://boards.greenhouse.io/cloudflare/jobs/8081027?gh_jid=8081027
2026-08-25,NET,Cloudflare,Oracle ALM Finance Lead,Information Technology,Hybrid,nontech,senior,0,0,0,,,https://boards.greenhouse.io/cloudflare/jobs/8103793?gh_jid=8103793
2026-08-25,NET,Cloudflare,Oracle Operations Manager,Information Technology,Hybrid,nontech,mid,0,0,0,,,https://boards.greenhouse.io/cloudflare/jobs/8128846?gh_jid=8128846
2026-08-25,NET,Cloudflare,"Partner Solutions Architect- Service Providers  Location New York, Atlanta, Charlotte, New Jersey and FL",Solution Engineering,Distributed,demand_validated,mid,0,9,1,application,,https://boards.greenhouse.io/cloudflare/jobs/8049820?gh_jid=8049820
2026-08-25,NET,Cloudflare,Post-Award Governance Specialist,Sales Ops,Hybrid,other,mid,0,0,0,,157000,https://boards.greenhouse.io/cloudflare/jobs/8112140?gh_jid=8112140
2026-08-25,NET,Cloudflare,"Pre-Sales Customer Engineer, Digital Native",Solution Engineering,Hybrid,demand_validated,mid,0,18,1,application,,https://boards.greenhouse.io/cloudflare/jobs/7956851?gh_jid=7956851
2026-08-25,NET,Cloudflare,"Presales Customer Engineer, Enterprise (based in Melbourne)",Solution Engineering,Hybrid,demand_validated,mid,0,18,1,application,,https://boards.greenhouse.io/cloudflare/jobs/8076565?gh_jid=8076565
2026-08-25,NET,Cloudflare,"Presales Customer Engineer, Enterprise (Sydney)",Solution Engineering,Hybrid,demand_validated,mid,0,18,1,application,,https://boards.greenhouse.io/cloudflare/jobs/8076538?gh_jid=8076538
2026-08-25,NET,Cloudflare,Presales Customer Engineer (Sydney),Solution Engineering,Hybrid,demand_validated,mid,0,18,1,application,,https://boards.greenhouse.io/cloudflare/jobs/8087911?gh_jid=8087911
2026-08-25,NET,Cloudflare,"Principal Account Executive, SLED West (R1 Institutions and Higher Ed) ",Field Sales,Distributed,demand_validated,staff_principal,0,0,0,,,https://boards.greenhouse.io/cloudflare/jobs/7958083?gh_jid=7958083
2026-08-25,NET,Cloudflare,Principal Content Engineer,Developer Relations,Hybrid; In-Office,product_eng,staff_principal,0,7,1,application|buzz,268500,https://boards.greenhouse.io/cloudflare/jobs/8109939?gh_jid=8109939
2026-08-25,NET,Cloudflare,Principal Engineer - Cloudforce One,Security,Hybrid,product_eng,staff_principal,0,3,1,application,,https://boards.greenhouse.io/cloudflare/jobs/8023395?gh_jid=8023395
2026-08-25,NET,Cloudflare,Principal Engineer - GTM Data Platform,Developer Relations,Hybrid,product_eng,staff_principal,0,0,0,,,https://boards.greenhouse.io/cloudflare/jobs/8054669?gh_jid=8054669
2026-08-25,NET,Cloudflare,"Principal Finance Partner, Revenue & Strategic Modeling",Accounting and Finance,Hybrid,nontech,staff_principal,0,3,1,application,211000,https://boards.greenhouse.io/cloudflare/jobs/8003273?gh_jid=8003273
2026-08-25,NET,Cloudflare,"Principal, GTM Strategic Initiatives Program Manager ",CRO Office,Hybrid,other,staff_principal,0,0,0,,,https://boards.greenhouse.io/cloudflare/jobs/8106415?gh_jid=8106415
2026-08-25,NET,Cloudflare,Principal Integrated Marketing Program Manager,Marketing,Hybrid,nontech,staff_principal,0,3,1,application,,https://boards.greenhouse.io/cloudflare/jobs/8136547?gh_jid=8136547
2026-08-25,NET,Cloudflare,"Principal Partner Account Manager - Service Provider, APAC (Based in Singapore)",Partnerships,Hybrid,other,staff_principal,0,0,0,,,https://boards.greenhouse.io/cloudflare/jobs/7573757?gh_jid=7573757
2026-08-25,NET,Cloudflare,"Principal Partner Solutions Engineer, SAARC (Based in Bangalore)",Solution Engineering,Hybrid or Remote,demand_validated,staff_principal,0,9,1,application,,https://boards.greenhouse.io/cloudflare/jobs/8024889?gh_jid=8024889
2026-08-25,NET,Cloudflare,Principal People Team Business Partner - R&D,People & Places,Hybrid,other,staff_principal,0,0,0,,209500,https://boards.greenhouse.io/cloudflare/jobs/7567848?gh_jid=7567848
2026-08-25,NET,Cloudflare,Principal Professional Services Engineer,Professional Services,Hybrid,demand_validated,staff_principal,0,0,0,,,https://boards.greenhouse.io/cloudflare/jobs/8050386?gh_jid=8050386
2026-08-25,NET,Cloudflare,"Principal Software Engineer, Data",Engineering,"Austin, TX, United States",product_eng,staff_principal,0,8,1,application|buzz|data_ml_ops|general_medium,,https://boards.greenhouse.io/cloudflare/jobs/8102350?gh_jid=8102350
2026-08-25,NET,Cloudflare,"Principal Software Engineer: Distributed Systems (Config, Test, & Deployment)",Infrastructure,Hybrid,product_eng,staff_principal,0,3,1,application,244000,https://boards.greenhouse.io/cloudflare/jobs/8038898?gh_jid=8038898
2026-08-25,NET,Cloudflare,"Principal Software Engineer, Workers Deploy & Config",Emerging Technology and Incubation,In-Office,product_eng,staff_principal,0,3,1,application,261500,https://boards.greenhouse.io/cloudflare/jobs/8055320?gh_jid=8055320
2026-08-25,NET,Cloudflare,"Principal Solutions Architect, Public Sector Federal",Solution Engineering,Hybrid,demand_validated,staff_principal,0,0,0,,289000,https://boards.greenhouse.io/cloudflare/jobs/8131824?gh_jid=8131824
2026-08-25,NET,Cloudflare,"Principal Systems Engineer, DevTools",Engineering,Hybrid,product_eng,staff_principal,0,6,1,application,240500,https://boards.greenhouse.io/cloudflare/jobs/8116208?gh_jid=8116208
2026-08-25,NET,Cloudflare,Product Counsel,"Legal, Policy, Trust & Safety",Hybrid,nontech,mid,0,2,0,general_medium,183500,https://boards.greenhouse.io/cloudflare/jobs/8028310?gh_jid=8028310
2026-08-25,NET,Cloudflare,Product Security Engineer,Security,Hybrid,product_eng,mid,0,3,1,application,,https://boards.greenhouse.io/cloudflare/jobs/8102768?gh_jid=8102768
2026-08-25,NET,Cloudflare,Professional Services Consultant,Professional Services,Hybrid,demand_validated,mid,0,0,0,,,https://boards.greenhouse.io/cloudflare/jobs/8079544?gh_jid=8079544
2026-08-25,NET,Cloudflare,Professional Services Project Manager,Professional Services,Hybrid,demand_validated,mid,0,0,0,,,https://boards.greenhouse.io/cloudflare/jobs/8050384?gh_jid=8050384
2026-08-25,NET,Cloudflare,Public Relations Associate,Communications,Hybrid,other,mid,0,0,0,,,https://boards.greenhouse.io/cloudflare/jobs/8092138?gh_jid=8092138
2026-08-25,NET,Cloudflare,Recruiting Coordinator (12-month Contract),People & Places,Hybrid,nontech,mid,0,0,0,,,https://boards.greenhouse.io/cloudflare/jobs/8099018?gh_jid=8099018
2026-08-25,NET,Cloudflare,Research Engineer Intern (Fall 2026),Technology Research,In-Office,research,intern,0,1,0,buzz,,https://boards.greenhouse.io/cloudflare/jobs/8089407?gh_jid=8089407
2026-08-25,NET,Cloudflare,Research Engineer Intern (Fall 2026),Technology Research,In-Office,research,intern,0,1,0,buzz,,https://boards.greenhouse.io/cloudflare/jobs/8089379?gh_jid=8089379
2026-08-25,NET,Cloudflare,Research Engineer Intern (Fall 2026),Technology Research,In-Office,research,intern,0,1,0,buzz,,https://boards.greenhouse.io/cloudflare/jobs/8089400?gh_jid=8089400
2026-08-25,NET,Cloudflare,Sales Development Representative,BDR,Hybrid,nontech,mid,0,0,0,,,https://boards.greenhouse.io/cloudflare/jobs/8143309?gh_jid=8143309
2026-08-25,NET,Cloudflare,"Sales Director, Majors (TOLA)",Sales,Hybrid,nontech,director,0,1,0,buzz,440000,https://boards.greenhouse.io/cloudflare/jobs/7983529?gh_jid=7983529
2026-08-25,NET,Cloudflare,"Sales Manager, Digital Native (ASEAN)",Mid Market,Hybrid,nontech,mid,0,0,0,,,https://boards.greenhouse.io/cloudflare/jobs/8129494?gh_jid=8129494
2026-08-25,NET,Cloudflare,Security Engineer (IAM),Security,In-Office,product_eng,mid,0,3,1,application,,https://boards.greenhouse.io/cloudflare/jobs/8124227?gh_jid=8124227
2026-08-25,NET,Cloudflare,"Senior Account Executive, Chile",Field Sales,Hybrid,demand_validated,senior,0,0,0,,,https://boards.greenhouse.io/cloudflare/jobs/8097869?gh_jid=8097869
2026-08-25,NET,Cloudflare,"Senior Account Executive, Colombia",Field Sales,Hybrid,demand_validated,senior,0,0,0,,,https://boards.greenhouse.io/cloudflare/jobs/8097852?gh_jid=8097852
2026-08-25,NET,Cloudflare,"Senior Account Executive, Startups (Bay Area)",Mid Market,Hybrid,demand_validated,senior,0,0,0,,285000,https://boards.greenhouse.io/cloudflare/jobs/7867139?gh_jid=7867139
2026-08-25,NET,Cloudflare,"Senior Account Executive, Startups (NYC OR Boston)",Mid Market,Hybrid,demand_validated,senior,0,0,0,,277500,https://boards.greenhouse.io/cloudflare/jobs/7681220?gh_jid=7681220
2026-08-25,NET,Cloudflare,"Senior Account Executive, Startups (San Francisco)",Mid Market,Hybrid,demand_validated,senior,0,0,0,,285000,https://boards.greenhouse.io/cloudflare/jobs/8015719?gh_jid=8015719
2026-08-25,NET,Cloudflare,"Senior Account Executive, Startups (SoCal)",Mid Market,Distributed,demand_validated,senior,0,0,0,,277500,https://boards.greenhouse.io/cloudflare/jobs/8130735?gh_jid=8130735
2026-08-25,NET,Cloudflare,Senior Atlassian System Admin,Information Technology,Hybrid,other,senior,0,0,0,,,https://boards.greenhouse.io/cloudflare/jobs/7641930?gh_jid=7641930
2026-08-25,NET,Cloudflare,Senior Cloudflare One GTM Specialist,Product Specialist,Distributed,other,senior,0,0,0,,,https://boards.greenhouse.io/cloudflare/jobs/7534033?gh_jid=7534033
2026-08-25,NET,Cloudflare,Senior Commercial Account Executive,Mid Market,Hybrid,demand_validated,senior,0,0,0,,277500,https://boards.greenhouse.io/cloudflare/jobs/8089418?gh_jid=8089418
2026-08-25,NET,Cloudflare,Senior Customer Engagement Strategy Manager    ,Strategy,Hybrid,other,senior,0,0,0,,186500,https://boards.greenhouse.io/cloudflare/jobs/8059775?gh_jid=8059775
2026-08-25,NET,Cloudflare,Senior Customer Engineer ,Solution Engineering,Hybrid,product_eng,senior,0,3,0,buzz,,https://boards.greenhouse.io/cloudflare/jobs/8018980?gh_jid=8018980
2026-08-25,NET,Cloudflare,Senior Customer Engineer-  (AI & Start-Ups). Los Angeles ,Solution Engineering,Distributed,product_eng,senior,1,12,1,application|buzz|general_medium,260500,https://boards.greenhouse.io/cloudflare/jobs/8075795?gh_jid=8075795
2026-08-25,NET,Cloudflare,Senior Customer Engineer-  (AI & Start-Ups). San Francisco only.,Solution Engineering,Hybrid,product_eng,senior,1,12,1,application|buzz|general_medium,248000,https://boards.greenhouse.io/cloudflare/jobs/7521551?gh_jid=7521551
2026-08-25,NET,Cloudflare,Senior Customer Engineer - Calgary,Solution Engineering,Distributed,product_eng,senior,0,18,1,application,,https://boards.greenhouse.io/cloudflare/jobs/7778747?gh_jid=7778747
2026-08-25,NET,Cloudflare,Senior Customer Engineer- Cloudflare Developer Platform (Start-Ups) Miami,Solution Engineering,Distributed,product_eng,senior,0,12,1,application|buzz|general_medium,,https://boards.greenhouse.io/cloudflare/jobs/8054072?gh_jid=8054072
2026-08-25,NET,Cloudflare,"Senior Customer Engineer, Commercial ",Solution Engineering,Hybrid,product_eng,senior,0,18,1,application,252000,https://boards.greenhouse.io/cloudflare/jobs/8126829?gh_jid=8126829
2026-08-25,NET,Cloudflare,"Senior Customer Engineer, Digital Native Enterprise - Bay Area",Solution Engineering,Hybrid,product_eng,senior,0,13,1,application|buzz,248000,https://boards.greenhouse.io/cloudflare/jobs/8077614?gh_jid=8077614
2026-08-25,NET,Cloudflare,"Senior Customer Engineer, Digital Native Enterprise - New York",Solution Engineering,Hybrid,product_eng,senior,0,13,1,application|buzz,240000,https://boards.greenhouse.io/cloudflare/jobs/8080187?gh_jid=8080187
2026-08-25,NET,Cloudflare,"Senior Customer Engineer, East China",Solution Engineering,Distributed,product_eng,senior,0,18,1,application,,https://boards.greenhouse.io/cloudflare/jobs/8147148?gh_jid=8147148
2026-08-25,NET,Cloudflare,"Senior Customer Engineer, Fed - Toronto, CA",Solution Engineering,Distributed,product_eng,senior,0,18,1,application,,https://boards.greenhouse.io/cloudflare/jobs/8122071?gh_jid=8122071
2026-08-25,NET,Cloudflare,"Senior Customer Engineer, Hong Kong (Pre-sales)",Solution Engineering,Hybrid,demand_validated,senior,0,18,1,application,,https://boards.greenhouse.io/cloudflare/jobs/8097947?gh_jid=8097947
2026-08-25,NET,Cloudflare,"Senior Customer Engineer, iGaming ",Solution Engineering,Hybrid,product_eng,senior,0,18,1,application,,https://boards.greenhouse.io/cloudflare/jobs/8147213?gh_jid=8147213
2026-08-25,NET,Cloudflare,"Senior Customer Engineering Manager, Majors - Texas",Solution Engineering,Distributed,product_eng,senior,0,9,1,application,,https://boards.greenhouse.io/cloudflare/jobs/8070722?gh_jid=8070722
2026-08-25,NET,Cloudflare,"Senior Customer Engineer, Majors",Solution Engineering,Distributed,product_eng,senior,0,18,1,application,238500,https://boards.greenhouse.io/cloudflare/jobs/7374554?gh_jid=7374554
2026-08-25,NET,Cloudflare,"Senior Customer Engineer, Majors - Detroit, MI",Solution Engineering,Distributed,product_eng,senior,0,18,1,application,,https://boards.greenhouse.io/cloudflare/jobs/8078323?gh_jid=8078323
2026-08-25,NET,Cloudflare,"Senior Customer Engineer, Majors - NYC",Solution Engineering,Distributed,product_eng,senior,0,18,1,application,263000,https://boards.greenhouse.io/cloudflare/jobs/7980647?gh_jid=7980647
2026-08-25,NET,Cloudflare,"Senior Customer Engineer, Majors, Raleigh, NC",Solution Engineering,Distributed,product_eng,senior,0,18,1,application,,https://boards.greenhouse.io/cloudflare/jobs/7864156?gh_jid=7864156
2026-08-25,NET,Cloudflare,"Senior Customer Engineer, Majors, San Francisco",Solution Engineering,Hybrid,product_eng,senior,0,18,1,application,285000,https://boards.greenhouse.io/cloudflare/jobs/7551589?gh_jid=7551589
2026-08-25,NET,Cloudflare,"Senior Customer Engineer, Majors - Toronto, CA",Solution Engineering,Distributed,product_eng,senior,0,18,1,application,,https://boards.greenhouse.io/cloudflare/jobs/8121983?gh_jid=8121983
2026-08-25,NET,Cloudflare,"Senior Customer Engineer, Named - Charlotte, NC",Solution Engineering,Distributed,product_eng,senior,0,18,1,application,,https://boards.greenhouse.io/cloudflare/jobs/8082834?gh_jid=8082834
2026-08-25,NET,Cloudflare,"Senior Customer Engineer, Named - Cincinnati, OH",Solution Engineering,Distributed,product_eng,senior,0,18,1,application,,https://boards.greenhouse.io/cloudflare/jobs/7954702?gh_jid=7954702
2026-08-25,NET,Cloudflare,"Senior Customer Engineer, Named - Minnesota",Solution Engineering,Distributed,product_eng,senior,0,18,1,application,,https://boards.greenhouse.io/cloudflare/jobs/8121827?gh_jid=8121827
2026-08-25,NET,Cloudflare,"Senior Customer Engineer, Named - NYC",Solution Engineering,Distributed,product_eng,senior,0,18,1,application,263000,https://boards.greenhouse.io/cloudflare/jobs/7518699?gh_jid=7518699
2026-08-25,NET,Cloudflare,"Senior Customer Engineer, Named - Philadelphia, PA",Solution Engineering,Distributed,product_eng,senior,0,18,1,application,,https://boards.greenhouse.io/cloudflare/jobs/8132642?gh_jid=8132642
2026-08-25,NET,Cloudflare,Senior Customer Engineer - Nashville,Solution Engineering,Distributed,product_eng,senior,0,18,1,application,,https://boards.greenhouse.io/cloudflare/jobs/8087769?gh_jid=8087769
2026-08-25,NET,Cloudflare,Senior Customer Engineer - San Francisco,Solution Engineering,Hybrid,product_eng,senior,0,18,1,application,252000,https://boards.greenhouse.io/cloudflare/jobs/8075765?gh_jid=8075765
2026-08-25,NET,Cloudflare,"Senior Customer Engineer, Shenzhen",Solution Engineering,Distributed,product_eng,senior,0,18,1,application,,https://boards.greenhouse.io/cloudflare/jobs/8115936?gh_jid=8115936
2026-08-25,NET,Cloudflare,"Senior Customer Engineer, SLED",Solution Engineering,Hybrid,product_eng,senior,0,0,0,,248000,https://boards.greenhouse.io/cloudflare/jobs/8131819?gh_jid=8131819
2026-08-25,NET,Cloudflare,"Senior Customer Engineer, SLED West (California or Arizona)",Solution Engineering,Hybrid,product_eng,senior,0,18,1,application,255500,https://boards.greenhouse.io/cloudflare/jobs/8142219?gh_jid=8142219
2026-08-25,NET,Cloudflare,"Senior Customer Engineer, South China",Solution Engineering,Distributed,product_eng,senior,0,18,1,application,,https://boards.greenhouse.io/cloudflare/jobs/8146651?gh_jid=8146651
2026-08-25,NET,Cloudflare,"Senior Customer Engineer, Territory - North East",Solution Engineering,Hybrid,product_eng,senior,0,3,1,application,240000,https://boards.greenhouse.io/cloudflare/jobs/8082781?gh_jid=8082781
2026-08-25,NET,Cloudflare,"Senior Customer Engineer - Vancouver, BC",Solution Engineering,Distributed,product_eng,senior,0,18,1,application,,https://boards.greenhouse.io/cloudflare/jobs/8093023?gh_jid=8093023
2026-08-25,NET,Cloudflare,Senior Customer Engineer - Washington DC,Solution Engineering,Hybrid,product_eng,senior,0,18,1,application,240000,https://boards.greenhouse.io/cloudflare/jobs/8087772?gh_jid=8087772
2026-08-25,NET,Cloudflare,Senior Customer Experience Manager,Customer Renewals,Hybrid,other,senior,0,4,1,application|buzz,,https://boards.greenhouse.io/cloudflare/jobs/8127210?gh_jid=8127210
2026-08-25,NET,Cloudflare,Senior Customer Experience Manager - German Speaking,Customer Renewals,Hybrid,other,senior,0,4,1,application|buzz,,https://boards.greenhouse.io/cloudflare/jobs/6629769?gh_jid=6629769
2026-08-25,NET,Cloudflare,Senior Data Engineer,Business Intelligence,In-Office,product_eng,senior,0,13,1,application|buzz,,https://boards.greenhouse.io/cloudflare/jobs/8007032?gh_jid=8007032
2026-08-25,NET,Cloudflare,Senior Data Engineer,Engineering,In-Office,product_eng,senior,0,13,1,application|buzz,,https://boards.greenhouse.io/cloudflare/jobs/8055118?gh_jid=8055118
2026-08-25,NET,Cloudflare,Senior Data Scientist,Business Intelligence,Hybrid,product_eng,senior,0,18,1,application|buzz|general_medium,,https://boards.greenhouse.io/cloudflare/jobs/7655695?gh_jid=7655695
2026-08-25,NET,Cloudflare,Senior Design Engineer,Emerging Technology and Incubation,Hybrid,product_eng,senior,0,0,0,,,https://boards.greenhouse.io/cloudflare/jobs/6998777?gh_jid=6998777
2026-08-25,NET,Cloudflare,"Senior Director, Executive Communications",Communications,Hybrid,nontech,director,0,1,0,buzz,268000,https://boards.greenhouse.io/cloudflare/jobs/8075719?gh_jid=8075719
2026-08-25,NET,Cloudflare,"Senior Director of Engineering, Billing Platform",Engineering,Hybrid,product_eng,director,0,0,0,,299500,https://boards.greenhouse.io/cloudflare/jobs/8152825?gh_jid=8152825
2026-08-25,NET,Cloudflare,Senior Distributed Systems Engineer,Engineering,In-Office,product_eng,senior,0,0,0,,,https://boards.greenhouse.io/cloudflare/jobs/8066716?gh_jid=8066716
2026-08-25,NET,Cloudflare,Senior Employee Relations Partner,People & Places,Hybrid,other,senior,0,0,0,,,https://boards.greenhouse.io/cloudflare/jobs/7990300?gh_jid=7990300
2026-08-25,NET,Cloudflare,Senior Engineering Manager - Cloudforce One,Security,Hybrid,product_eng,senior,0,3,1,application,,https://boards.greenhouse.io/cloudflare/jobs/8020472?gh_jid=8020472
2026-08-25,NET,Cloudflare,Senior Enterprise Account Executive - Brazil,Field Sales,Hybrid,demand_validated,senior,0,0,0,,,https://boards.greenhouse.io/cloudflare/jobs/7826565?gh_jid=7826565
2026-08-25,NET,Cloudflare,Senior Ethics and Compliance Manager,"Legal, Policy, Trust & Safety",Hybrid,other,senior,0,0,0,,,https://boards.greenhouse.io/cloudflare/jobs/8023448?gh_jid=8023448
2026-08-25,NET,Cloudflare,Senior Forward Deployed Engineer,Developer Relations,Hybrid,demand_validated,senior,0,3,1,application,230000,https://boards.greenhouse.io/cloudflare/jobs/8082556?gh_jid=8082556
2026-08-25,NET,Cloudflare,Senior Forward Deployed Engineer,Developer Relations,Hybrid,demand_validated,senior,0,3,1,application,,https://boards.greenhouse.io/cloudflare/jobs/8110209?gh_jid=8110209
2026-08-25,NET,Cloudflare,Senior Incident Response Analyst - REACT ,Security,Hybrid,other,senior,0,0,0,,,https://boards.greenhouse.io/cloudflare/jobs/8050511?gh_jid=8050511
2026-08-25,NET,Cloudflare,Senior Machine Learning Engineer,Business Intelligence,Hybrid,product_eng,senior,1,48,1,application|buzz|data_ml_ops|general_medium|model_infra,,https://boards.greenhouse.io/cloudflare/jobs/8042034?gh_jid=8042034
2026-08-25,NET,Cloudflare,Senior Machine Learning Engineer,Emerging Technology and Incubation,Hybrid,product_eng,senior,1,31,1,application|buzz|general_medium|model_infra,,https://boards.greenhouse.io/cloudflare/jobs/8043974?gh_jid=8043974
2026-08-25,NET,Cloudflare,Senior Majors Account Executive - Chicago,Sales,Distributed,demand_validated,senior,0,0,0,,337000,https://boards.greenhouse.io/cloudflare/jobs/8099002?gh_jid=8099002
2026-08-25,NET,Cloudflare,Senior Majors Account Executive - Dallas,Sales,Hybrid,demand_validated,senior,0,0,0,,,https://boards.greenhouse.io/cloudflare/jobs/8084082?gh_jid=8084082
2026-08-25,NET,Cloudflare,Senior Majors Account Executive - Houston,Sales,Hybrid,demand_validated,senior,0,0,0,,350000,https://boards.greenhouse.io/cloudflare/jobs/7773428?gh_jid=7773428
2026-08-25,NET,Cloudflare,Senior Majors Account Executive - Houston,Sales,Hybrid,demand_validated,senior,0,0,0,,,https://boards.greenhouse.io/cloudflare/jobs/8083770?gh_jid=8083770
2026-08-25,NET,Cloudflare,"Senior Majors Account Executive (IBM), New York",Sales,Hybrid,demand_validated,senior,0,0,0,,355000,https://boards.greenhouse.io/cloudflare/jobs/8088881?gh_jid=8088881
2026-08-25,NET,Cloudflare,"Senior Majors Account Executive - San Francisco, Bay Area",Sales,Hybrid,demand_validated,senior,0,0,0,,340000,https://boards.greenhouse.io/cloudflare/jobs/7361295?gh_jid=7361295
2026-08-25,NET,Cloudflare,"Senior Majors Account Executive - St. Louis, MO",Sales,Hybrid,demand_validated,senior,0,0,0,,335000,https://boards.greenhouse.io/cloudflare/jobs/8128468?gh_jid=8128468
2026-08-25,NET,Cloudflare,"Senior Majors Account Executive, Toronto ",Field Sales,Distributed,demand_validated,senior,0,1,0,buzz,,https://boards.greenhouse.io/cloudflare/jobs/7474034?gh_jid=7474034
2026-08-25,NET,Cloudflare,"Senior Manager, Customer Engineering, India",Solution Engineering,Remote India,product_eng,senior,0,9,1,application,,https://boards.greenhouse.io/cloudflare/jobs/8020043?gh_jid=8020043
2026-08-25,NET,Cloudflare,"Senior Manager, Solutions Architecture, AI & Developer Platform",Developer Relations,Hybrid,demand_validated,senior,1,0,0,,285000,https://boards.greenhouse.io/cloudflare/jobs/8113115?gh_jid=8113115
2026-08-25,NET,Cloudflare,"Senior Manager, Solutions Engineering Pre-Sales, Northern Europe",Solution Engineering,Distributed,demand_validated,senior,0,0,0,,,https://boards.greenhouse.io/cloudflare/jobs/7439830?gh_jid=7439830
2026-08-25,NET,Cloudflare,Senior Marketing Systems and Automation Manager,Marketing,Hybrid,nontech,senior,0,3,1,application,155000,https://boards.greenhouse.io/cloudflare/jobs/8122101?gh_jid=8122101
2026-08-25,NET,Cloudflare,Senior Named Account Executive,Field Sales,Hybrid,demand_validated,senior,0,0,0,,,https://boards.greenhouse.io/cloudflare/jobs/8071416?gh_jid=8071416
2026-08-25,NET,Cloudflare,Senior Named Account Executive (AI & Digital Natives),Field Sales,Hybrid,demand_validated,senior,1,0,0,,314500,https://boards.greenhouse.io/cloudflare/jobs/8089141?gh_jid=8089141
2026-08-25,NET,Cloudflare,"Senior Named Account Executive, Benelux",Field Sales,Hybrid,demand_validated,senior,0,0,0,,,https://boards.greenhouse.io/cloudflare/jobs/7866619?gh_jid=7866619
2026-08-25,NET,Cloudflare,"Senior Named Account Executive, Bengaluru",Field Sales,Hybrid,demand_validated,senior,0,0,0,,,https://boards.greenhouse.io/cloudflare/jobs/7405115?gh_jid=7405115
2026-08-25,NET,Cloudflare,Senior Named Account Executive (Dallas or Houston),Field Sales,Distributed,demand_validated,senior,0,0,0,,,https://boards.greenhouse.io/cloudflare/jobs/7799240?gh_jid=7799240
2026-08-25,NET,Cloudflare,Senior Named Account Executive -Digital Native,Sales,Hybrid,demand_validated,senior,0,0,0,,,https://boards.greenhouse.io/cloudflare/jobs/8044712?gh_jid=8044712
2026-08-25,NET,Cloudflare,"Senior Named Account Executive, Digital Natives",Field Sales,Hybrid,demand_validated,senior,0,0,0,,,https://boards.greenhouse.io/cloudflare/jobs/7857793?gh_jid=7857793
2026-08-25,NET,Cloudflare,"Senior Named Account Executive, Emerging Markets",Field Sales,Hybrid,demand_validated,senior,0,0,0,,,https://boards.greenhouse.io/cloudflare/jobs/8081326?gh_jid=8081326
2026-08-25,NET,Cloudflare,"Senior Named Account Executive, Federal (COCOM/STRATCOM/TRANSCOM)",Field Sales,Distributed,demand_validated,senior,0,0,0,,370000,https://boards.greenhouse.io/cloudflare/jobs/8019052?gh_jid=8019052
2026-08-25,NET,Cloudflare,"Senior Named Account Executive, Federal Government (Ottawa)",Field Sales,Distributed,demand_validated,senior,0,0,0,,,https://boards.greenhouse.io/cloudflare/jobs/8109416?gh_jid=8109416
2026-08-25,NET,Cloudflare,"Senior Named Account Executive (FedGov - Civilian Agencies), Canberra",Sales,Distributed,demand_validated,senior,0,0,0,,,https://boards.greenhouse.io/cloudflare/jobs/8121029?gh_jid=8121029
2026-08-25,NET,Cloudflare,Senior Named Account Executive - High Tech (NY Metro),Field Sales,Hybrid,demand_validated,senior,0,0,0,,314500,https://boards.greenhouse.io/cloudflare/jobs/8122875?gh_jid=8122875
2026-08-25,NET,Cloudflare,Senior Named Account Executive (Houston or Dallas),Field Sales,Distributed,demand_validated,senior,0,0,0,,,https://boards.greenhouse.io/cloudflare/jobs/7991283?gh_jid=7991283
2026-08-25,NET,Cloudflare,"Senior Named Account Executive, Idaho",Field Sales,Distributed,demand_validated,senior,0,0,0,,301000,https://boards.greenhouse.io/cloudflare/jobs/8067630?gh_jid=8067630
2026-08-25,NET,Cloudflare,"Senior Named Account Executive, Japan",Field Sales,Hybrid,demand_validated,senior,0,0,0,,,https://boards.greenhouse.io/cloudflare/jobs/7421718?gh_jid=7421718
2026-08-25,NET,Cloudflare,"Senior Named Account Executive (Majors), Adelaide",Sales,Distributed,demand_validated,senior,0,0,0,,,https://boards.greenhouse.io/cloudflare/jobs/8127204?gh_jid=8127204
2026-08-25,NET,Cloudflare,"Senior Named Account Executive (Majors), Melbourne",Sales,Hybrid,demand_validated,senior,0,0,0,,,https://boards.greenhouse.io/cloudflare/jobs/8121020?gh_jid=8121020
2026-08-25,NET,Cloudflare,"Senior Named Account Executive, MD/VA/DC",Field Sales,Distributed,demand_validated,senior,0,0,0,,319500,https://boards.greenhouse.io/cloudflare/jobs/8112200?gh_jid=8112200
2026-08-25,NET,Cloudflare,"Senior Named Account Executive, Melbourne",Sales,Distributed; Hybrid,demand_validated,senior,0,0,0,,,https://boards.greenhouse.io/cloudflare/jobs/8037985?gh_jid=8037985
2026-08-25,NET,Cloudflare,"Senior Named Account Executive, Minneapolis",Field Sales,Distributed,demand_validated,senior,0,0,0,,287000,https://boards.greenhouse.io/cloudflare/jobs/8082742?gh_jid=8082742
2026-08-25,NET,Cloudflare,"Senior Named Account Executive, Montreal",Field Sales,Distributed,demand_validated,senior,0,0,0,,,https://boards.greenhouse.io/cloudflare/jobs/8024272?gh_jid=8024272
2026-08-25,NET,Cloudflare,"Senior Named Account Executive, Nordics",Field Sales,Distributed,demand_validated,senior,0,0,0,,,https://boards.greenhouse.io/cloudflare/jobs/7668318?gh_jid=7668318
2026-08-25,NET,Cloudflare,"Senior Named Account Executive, Salt Lake City ",Field Sales,Distributed,demand_validated,senior,0,0,0,,301000,https://boards.greenhouse.io/cloudflare/jobs/7943582?gh_jid=7943582
2026-08-25,NET,Cloudflare,Senior Network Engineer,Engineering,Hybrid,product_eng,senior,0,6,1,application,,https://boards.greenhouse.io/cloudflare/jobs/7992903?gh_jid=7992903
2026-08-25,NET,Cloudflare,Senior OIC and OPA Developer,Information Technology,In-Office,product_eng,senior,0,3,1,application,,https://boards.greenhouse.io/cloudflare/jobs/7817755?gh_jid=7817755
2026-08-25,NET,Cloudflare,Senior Oracle Fusion Developer,Information Technology,In-Office,product_eng,senior,0,3,1,application,,https://boards.greenhouse.io/cloudflare/jobs/7963589?gh_jid=7963589
2026-08-25,NET,Cloudflare,Senior Oracle Fusion Engineer,Information Technology,Hybrid,product_eng,senior,0,3,1,application,,https://boards.greenhouse.io/cloudflare/jobs/8143957?gh_jid=8143957
2026-08-25,NET,Cloudflare,Senior Oracle Procurement Specialist,Information Technology,In-Office,other,senior,0,3,1,application,,https://boards.greenhouse.io/cloudflare/jobs/7978887?gh_jid=7978887
2026-08-25,NET,Cloudflare,Senior Oracle SCM Specialist,Information Technology,In-Office,other,senior,0,3,1,application,,https://boards.greenhouse.io/cloudflare/jobs/7817793?gh_jid=7817793
2026-08-25,NET,Cloudflare,"Senior Partner Account Manager, Japan (Based in Tokyo)",CAM,Hybrid,other,senior,0,0,0,,,https://boards.greenhouse.io/cloudflare/jobs/7981489?gh_jid=7981489
2026-08-25,NET,Cloudflare,"Senior Principal, Sales Compensation Design & Strategy",Sales Ops,Remote,nontech,staff_principal,0,1,0,buzz,258500,https://boards.greenhouse.io/cloudflare/jobs/8024849?gh_jid=8024849
2026-08-25,NET,Cloudflare,Senior Product Manager - Ad Fraud and Identity Solutions,Product,Hybrid,product_eng,senior,0,0,0,,,https://boards.greenhouse.io/cloudflare/jobs/8007326?gh_jid=8007326
2026-08-25,NET,Cloudflare,Senior Product Manager - Enterprise (API & SDK),Product,Hybrid,product_eng,senior,0,3,1,application,202500,https://boards.greenhouse.io/cloudflare/jobs/7589006?gh_jid=7589006
2026-08-25,NET,Cloudflare,Senior Product Manager - FinTech,Product,In-Office,product_eng,senior,0,0,0,,,https://boards.greenhouse.io/cloudflare/jobs/8064473?gh_jid=8064473
2026-08-25,NET,Cloudflare,Senior Product Security Engineer,Security,Hybrid,product_eng,senior,0,6,1,application,,https://boards.greenhouse.io/cloudflare/jobs/8079931?gh_jid=8079931
2026-08-25,NET,Cloudflare,Senior Professional Services Engineer,Professional Services,Hybrid,demand_validated,senior,0,0,0,,,https://boards.greenhouse.io/cloudflare/jobs/8121079?gh_jid=8121079
2026-08-25,NET,Cloudflare,Senior Professional Services Engineer,Professional Services,Hybrid,demand_validated,senior,0,0,0,,,https://boards.greenhouse.io/cloudflare/jobs/8025521?gh_jid=8025521
2026-08-25,NET,Cloudflare,Senior Revenue Accountant,Accounting and Finance,Hybrid,other,senior,0,1,0,buzz,153000,https://boards.greenhouse.io/cloudflare/jobs/7522891?gh_jid=7522891
2026-08-25,NET,Cloudflare,"Senior Sales Director – Enterprise, Benelux",Field Sales,Distributed,nontech,director,0,3,1,application,,https://boards.greenhouse.io/cloudflare/jobs/8046286?gh_jid=8046286
2026-08-25,NET,Cloudflare,"Senior Sales Manager, Digital Native, Japan (Based in Tokyo)",Mid Market,"Tokyo, Japan",nontech,senior,0,0,0,,,https://boards.greenhouse.io/cloudflare/jobs/7767743?gh_jid=7767743
2026-08-25,NET,Cloudflare,"Senior SASE Specialist, Enterprise (West)",Product Specialist,Hybrid,other,senior,0,0,0,,224500,https://boards.greenhouse.io/cloudflare/jobs/7648618?gh_jid=7648618
2026-08-25,NET,Cloudflare,Senior Security Compliance Specialist,Security,Distributed,other,senior,0,0,0,,,https://boards.greenhouse.io/cloudflare/jobs/8077641?gh_jid=8077641
2026-08-25,NET,Cloudflare,"Senior Software Engineer, Cloudflare Queues",Emerging Technology and Incubation,In-Office,product_eng,senior,0,0,0,,,https://boards.greenhouse.io/cloudflare/jobs/8080780?gh_jid=8080780
2026-08-25,NET,Cloudflare,"Senior Software Engineer, Distributed Databases",Emerging Technology and Incubation,In-Office,product_eng,senior,0,0,0,,219500,https://boards.greenhouse.io/cloudflare/jobs/7896462?gh_jid=7896462
2026-08-25,NET,Cloudflare,"Senior Software Engineer, Durable Objects (DO)",Emerging Technology and Incubation,In-Office,product_eng,senior,0,3,1,application,,https://boards.greenhouse.io/cloudflare/jobs/5390243?gh_jid=5390243
2026-08-25,NET,Cloudflare,"Senior Software Engineer, Network Performance & Reliability",Engineering,Hybrid,product_eng,senior,0,1,0,buzz,,https://boards.greenhouse.io/cloudflare/jobs/7446340?gh_jid=7446340
2026-08-25,NET,Cloudflare,"Senior Software Engineer, People Ops and AI Tools",Engineering,"Austin, TX, United States",product_eng,senior,1,9,1,application,,https://boards.greenhouse.io/cloudflare/jobs/8035679?gh_jid=8035679
2026-08-25,NET,Cloudflare,Senior Software Engineer - Quicksilver - Distributed Key Value,Engineering,Hybrid,product_eng,senior,0,0,0,,199500,https://boards.greenhouse.io/cloudflare/jobs/8140310?gh_jid=8140310
2026-08-25,NET,Cloudflare,"Senior Software Engineer, R2 Metadata",Emerging Technology and Incubation,Hybrid,product_eng,senior,0,0,0,,,https://boards.greenhouse.io/cloudflare/jobs/7276690?gh_jid=7276690
2026-08-25,NET,Cloudflare,"Senior Software Engineer, Storage Infrastructure",Emerging Technology and Incubation,In-Office,product_eng,senior,0,0,0,,219500,https://boards.greenhouse.io/cloudflare/jobs/7629805?gh_jid=7629805
2026-08-25,NET,Cloudflare,"Senior Software Engineer, Workers Runtime",Emerging Technology and Incubation,In-Office,product_eng,senior,0,0,0,,,https://boards.greenhouse.io/cloudflare/jobs/6578726?gh_jid=6578726
2026-08-25,NET,Cloudflare,"Senior Solutions Engineer, French Speaking Africa",Solution Engineering,Hybrid,demand_validated,senior,0,0,0,,,https://boards.greenhouse.io/cloudflare/jobs/8124416?gh_jid=8124416
2026-08-25,NET,Cloudflare,Senior Solutions Engineer - Madrid based,Solution Engineering,Hybrid,demand_validated,senior,0,0,0,,,https://boards.greenhouse.io/cloudflare/jobs/8071586?gh_jid=8071586
2026-08-25,NET,Cloudflare,"Senior Solutions Engineer, Public Sector Federal",Solution Engineering,Hybrid,demand_validated,senior,0,0,0,,234000,https://boards.greenhouse.io/cloudflare/jobs/8131833?gh_jid=8131833
2026-08-25,NET,Cloudflare,Senior Strategic Solutions Engineer,Solution Engineering,Distributed,demand_validated,senior,0,0,0,,,https://boards.greenhouse.io/cloudflare/jobs/7967144?gh_jid=7967144
2026-08-25,NET,Cloudflare,Senior Systems Engineer,Production Engineering,Hybrid,product_eng,senior,0,0,0,,211000,https://boards.greenhouse.io/cloudflare/jobs/8087792?gh_jid=8087792
2026-08-25,NET,Cloudflare,Senior Systems Engineer,Engineering,In-Office,product_eng,senior,0,0,0,,,https://boards.greenhouse.io/cloudflare/jobs/8066589?gh_jid=8066589
2026-08-25,NET,Cloudflare,"Senior Systems Engineer, AI Gateway",Emerging Technology and Incubation,In-Office,product_eng,senior,1,10,1,application|data_ml_ops|general_medium,194000,https://boards.greenhouse.io/cloudflare/jobs/7560174?gh_jid=7560174
2026-08-25,NET,Cloudflare,"Senior Systems Engineer, Cloudflare Data Platform",Emerging Technology and Incubation,In-Office,product_eng,senior,0,0,0,,219500,https://boards.greenhouse.io/cloudflare/jobs/8030240?gh_jid=8030240
2026-08-25,NET,Cloudflare,"Senior Systems Engineer, Cloudflare Tunnel",Engineering,Hybrid,product_eng,senior,0,0,0,,,https://boards.greenhouse.io/cloudflare/jobs/8079117?gh_jid=8079117
2026-08-25,NET,Cloudflare,Senior Systems Engineer - Go-To-Market Data Team,Developer Relations,Hybrid,product_eng,senior,0,0,0,,,https://boards.greenhouse.io/cloudflare/jobs/8082544?gh_jid=8082544
2026-08-25,NET,Cloudflare,"Senior Systems Engineer, Identity & Access Management",Engineering,Hybrid,product_eng,senior,0,0,0,,,https://boards.greenhouse.io/cloudflare/jobs/8104955?gh_jid=8104955
2026-08-25,NET,Cloudflare,"Senior Systems Engineer, Pipelines",Emerging Technology and Incubation,In-Office,product_eng,senior,0,0,0,,219500,https://boards.greenhouse.io/cloudflare/jobs/7093840?gh_jid=7093840
2026-08-25,NET,Cloudflare,"Senior Systems Engineer, Workers AI",Emerging Technology and Incubation,In-Office,product_eng,senior,1,11,1,application|general_medium|model_infra,,https://boards.greenhouse.io/cloudflare/jobs/7764827?gh_jid=7764827
2026-08-25,NET,Cloudflare,"Senior Systems Engineer, Workers Runtime",Emerging Technology and Incubation,In-Office,product_eng,senior,0,0,0,,,https://boards.greenhouse.io/cloudflare/jobs/8110157?gh_jid=8110157
2026-08-25,NET,Cloudflare,Senior Talent Acquisition Business Partner - French Speaking,People & Places,Hybrid,other,senior,0,7,1,application|buzz,,https://boards.greenhouse.io/cloudflare/jobs/8107174?gh_jid=8107174
2026-08-25,NET,Cloudflare,"Senior Technical Account Manager (Austin, Seattle, Denver)",Customer Support,Hybrid,demand_validated,senior,0,1,0,buzz,136000,https://boards.greenhouse.io/cloudflare/jobs/8030327?gh_jid=8030327
2026-08-25,NET,Cloudflare,Senior Territory Account Executive,Field Sales,Hybrid,demand_validated,senior,0,0,0,,,https://boards.greenhouse.io/cloudflare/jobs/8084240?gh_jid=8084240
2026-08-25,NET,Cloudflare,"Senior Territory Account Executive, Digital Native (Hong Kong)",Mid Market,Hybrid,demand_validated,senior,0,0,0,,,https://boards.greenhouse.io/cloudflare/jobs/7830335?gh_jid=7830335
2026-08-25,NET,Cloudflare,"Senior Territory Account Executive, Gaming (South China)",Mid Market,Hybrid,demand_validated,senior,0,0,0,,,https://boards.greenhouse.io/cloudflare/jobs/8101702?gh_jid=8101702
2026-08-25,NET,Cloudflare,Senior Territory Account Executive - iGaming (ASEAN),Mid Market,Hybrid,demand_validated,senior,0,0,0,,,https://boards.greenhouse.io/cloudflare/jobs/8042843?gh_jid=8042843
2026-08-25,NET,Cloudflare,"Senior Territory Account Executive, Korea",Mid Market,Hybrid,demand_validated,senior,0,0,0,,,https://boards.greenhouse.io/cloudflare/jobs/8027747?gh_jid=8027747
2026-08-25,NET,Cloudflare,Senior Territory Account Executive - North China ,Mid Market,Hybrid,demand_validated,senior,0,0,0,,,https://boards.greenhouse.io/cloudflare/jobs/8012884?gh_jid=8012884
2026-08-25,NET,Cloudflare,Senior Territory Account Executive (NY),Mid Market,Hybrid,demand_validated,senior,0,0,0,,277500,https://boards.greenhouse.io/cloudflare/jobs/7782141?gh_jid=7782141
2026-08-25,NET,Cloudflare,Senior Territory Account Executive- OH,Mid Market,Hybrid,demand_validated,senior,0,0,0,,,https://boards.greenhouse.io/cloudflare/jobs/8109303?gh_jid=8109303
2026-08-25,NET,Cloudflare,"Senior Territory Account Executive, Oregon",Sales,Hybrid,demand_validated,senior,0,0,0,,,https://boards.greenhouse.io/cloudflare/jobs/7807860?gh_jid=7807860
2026-08-25,NET,Cloudflare,"Senior Territory Account Executive, Taiwan",Mid Market,Hybrid,demand_validated,senior,0,0,0,,,https://boards.greenhouse.io/cloudflare/jobs/8078674?gh_jid=8078674
2026-08-25,NET,Cloudflare,"Senior Territory Account Executive, Turkey",Mid Market,Hybrid,demand_validated,senior,0,0,0,,,https://boards.greenhouse.io/cloudflare/jobs/8081315?gh_jid=8081315
2026-08-25,NET,Cloudflare,Senior Threat Intelligence Engineer,Security,Hybrid,product_eng,senior,0,3,0,buzz|general_medium,,https://boards.greenhouse.io/cloudflare/jobs/7558153?gh_jid=7558153
2026-08-25,NET,Cloudflare,Senior Video & Motion Producer,Developer Relations,In-Office,other,senior,0,0,0,,170000,https://boards.greenhouse.io/cloudflare/jobs/8084212?gh_jid=8084212
2026-08-25,NET,Cloudflare,"Software Engineer, AI Agents",Engineering,In-Office,product_eng,mid,1,6,1,application,,https://boards.greenhouse.io/cloudflare/jobs/7831810?gh_jid=7831810
2026-08-25,NET,Cloudflare,"Software Engineer, Cloudflare Network Interconnect",Infrastructure,Hybrid,product_eng,mid,0,0,0,,,https://boards.greenhouse.io/cloudflare/jobs/8088751?gh_jid=8088751
2026-08-25,NET,Cloudflare,Software Engineer Intern (Fall 2026),University,In-Office,product_eng,intern,0,0,0,,,https://boards.greenhouse.io/cloudflare/jobs/8118845?gh_jid=8118845
2026-08-25,NET,Cloudflare,Software Engineer Intern (Fall 2026),University,In-Office,product_eng,intern,0,0,0,,,https://boards.greenhouse.io/cloudflare/jobs/8118855?gh_jid=8118855
2026-08-25,NET,Cloudflare,"Software Engineer Intern (Fall 2026) - Austin, TX",University,In-Office,product_eng,intern,0,0,0,,,https://boards.greenhouse.io/cloudflare/jobs/8052785?gh_jid=8052785
2026-08-25,NET,Cloudflare,"Software Engineer, Network Firewall",Engineering,Hybrid,product_eng,mid,0,0,0,,,https://boards.greenhouse.io/cloudflare/jobs/8106815?gh_jid=8106815
2026-08-25,NET,Cloudflare,"Software Engineer, Network Performance & Reliability (Argo)",Engineering,Hybrid,product_eng,mid,0,1,0,buzz,,https://boards.greenhouse.io/cloudflare/jobs/7446310?gh_jid=7446310
2026-08-25,NET,Cloudflare,Software Engineer - Network Platforms,Engineering,Hybrid,product_eng,mid,0,0,0,,,https://boards.greenhouse.io/cloudflare/jobs/7541032?gh_jid=7541032
2026-08-25,NET,Cloudflare,"Software Engineer, Realtime",Emerging Technology and Incubation,Hybrid,product_eng,mid,0,0,0,,123000,https://boards.greenhouse.io/cloudflare/jobs/7887609?gh_jid=7887609
2026-08-25,NET,Cloudflare,"Software Engineer, Workers Deploy & Config",Emerging Technology and Incubation,In-Office,product_eng,mid,0,0,0,,178000,https://boards.greenhouse.io/cloudflare/jobs/7377424?gh_jid=7377424
2026-08-25,NET,Cloudflare,"Solutions Engineer, Benelux",Solution Engineering,Hybrid,demand_validated,mid,0,0,0,,,https://boards.greenhouse.io/cloudflare/jobs/7742347?gh_jid=7742347
2026-08-25,NET,Cloudflare,"Solutions Engineer, Central & Eastern Europe - Hebrew Speaking",Solution Engineering,Hybrid,demand_validated,mid,0,0,0,,,https://boards.greenhouse.io/cloudflare/jobs/7978788?gh_jid=7978788
2026-08-25,NET,Cloudflare,"Solutions Engineering Manager, Iberia & Italy",Solution Engineering,Hybrid,demand_validated,mid,0,8,1,application|data_ml_ops,,https://boards.greenhouse.io/cloudflare/jobs/8098311?gh_jid=8098311
2026-08-25,NET,Cloudflare,"Solutions Engineer, Nordics",Solution Engineering,Hybrid,demand_validated,mid,0,0,0,,,https://boards.greenhouse.io/cloudflare/jobs/7610071?gh_jid=7610071
2026-08-25,NET,Cloudflare,Sr. Technical Program Manager - Security (Enterprise Identity & Access),Security,Hybrid,other,senior,0,3,1,application,,https://boards.greenhouse.io/cloudflare/jobs/8021873?gh_jid=8021873
2026-08-25,NET,Cloudflare,Staff/Principal Software Engineer - Security Platform,Engineering,Distributed; Hybrid,product_eng,staff_principal,0,0,0,,,https://boards.greenhouse.io/cloudflare/jobs/7053411?gh_jid=7053411
2026-08-25,NET,Cloudflare,Statutory Manager,Accounting and Finance,In-Office,other,mid,0,0,0,,,https://boards.greenhouse.io/cloudflare/jobs/8098922?gh_jid=8098922
2026-08-25,NET,Cloudflare,Strategic Events Intern (Fall 2026),University,In-Office,other,intern,0,0,0,,,https://boards.greenhouse.io/cloudflare/jobs/8142802?gh_jid=8142802
2026-08-25,NET,Cloudflare,"System Engineer, Cloudflare Hyperdrive",Emerging Technology and Incubation,In-Office,product_eng,mid,0,0,0,,178000,https://boards.greenhouse.io/cloudflare/jobs/8016162?gh_jid=8016162
2026-08-25,NET,Cloudflare,Systems Engineer,Engineering,Hybrid,product_eng,mid,0,0,0,,,https://boards.greenhouse.io/cloudflare/jobs/8071056?gh_jid=8071056
2026-08-25,NET,Cloudflare,Systems Engineer,Infrastructure,Hybrid,product_eng,mid,0,3,1,application,,https://boards.greenhouse.io/cloudflare/jobs/8125865?gh_jid=8125865
2026-08-25,NET,Cloudflare,Systems Engineer (Data Intelligence & Analytics Team),Business Intelligence,In-Office,product_eng,mid,0,0,0,,,https://boards.greenhouse.io/cloudflare/jobs/8022909?gh_jid=8022909
2026-08-25,NET,Cloudflare,"Systems Engineer, Data Intelligence & Analytics Team",Business Intelligence,In-Office,product_eng,mid,0,0,0,,,https://boards.greenhouse.io/cloudflare/jobs/8050813?gh_jid=8050813
2026-08-25,NET,Cloudflare,"Systems Engineer, Edge",Infrastructure,In-Office,product_eng,mid,0,0,0,,,https://boards.greenhouse.io/cloudflare/jobs/7068271?gh_jid=7068271
2026-08-25,NET,Cloudflare,Systems Engineer - Global Resource Management (Data Residency),Engineering,Hybrid,product_eng,mid,0,0,0,,,https://boards.greenhouse.io/cloudflare/jobs/8015230?gh_jid=8015230
2026-08-25,NET,Cloudflare,"Systems Engineer, Network Automation",Engineering,"Lisbon, Portugal",product_eng,mid,0,3,1,application,,https://boards.greenhouse.io/cloudflare/jobs/8142261?gh_jid=8142261
2026-08-25,NET,Cloudflare,"Systems Engineer, Product Platform Tools",Engineering,"Austin, TX, United States",product_eng,mid,0,0,0,,,https://boards.greenhouse.io/cloudflare/jobs/8089031?gh_jid=8089031
2026-08-25,NET,Cloudflare,"Systems Engineer, Spectrum",Engineering,Hybrid,product_eng,mid,0,0,0,,,https://boards.greenhouse.io/cloudflare/jobs/8094826?gh_jid=8094826
2026-08-25,NET,Cloudflare,Tax Analyst,Accounting and Finance,Hybrid,other,mid,0,0,0,,,https://boards.greenhouse.io/cloudflare/jobs/8064514?gh_jid=8064514
2026-08-25,NET,Cloudflare,Territory Account Executive,Mid Market,Hybrid,demand_validated,mid,0,0,0,,,https://boards.greenhouse.io/cloudflare/jobs/8109271?gh_jid=8109271
2026-08-25,NET,Cloudflare,Territory Account Executive   ,Mid Market,Hybrid,demand_validated,mid,0,0,0,,,https://boards.greenhouse.io/cloudflare/jobs/6528593?gh_jid=6528593
2026-08-25,NET,Cloudflare,Territory Account Executive (Based in Melbourne),Mid Market,Hybrid,demand_validated,mid,0,0,0,,,https://boards.greenhouse.io/cloudflare/jobs/8110442?gh_jid=8110442
2026-08-25,NET,Cloudflare,"Territory Account Executive, Central Canada",Mid Market,Distributed,demand_validated,mid,0,0,0,,,https://boards.greenhouse.io/cloudflare/jobs/7804941?gh_jid=7804941
2026-08-25,NET,Cloudflare,"Territory Account Executive, Digital Native (Indonesia)",Mid Market,Hybrid,demand_validated,mid,0,0,0,,,https://boards.greenhouse.io/cloudflare/jobs/7975812?gh_jid=7975812
2026-08-25,NET,Cloudflare,"Territory Account Executive, iGaming (Thailand)",Mid Market,Hybrid,demand_validated,mid,0,0,0,,,https://boards.greenhouse.io/cloudflare/jobs/7962217?gh_jid=7962217
2026-08-25,NET,Cloudflare,"Threat Intelligence Software Engineer, Cloudforce One",Security,Hybrid,product_eng,mid,0,3,1,application,,https://boards.greenhouse.io/cloudflare/jobs/7309174?gh_jid=7309174
2026-08-25,NET,Cloudflare,"Vice President, Internal Audit",Accounting and Finance,Hybrid,other,intern,0,3,1,application,337500,https://boards.greenhouse.io/cloudflare/jobs/8080851?gh_jid=8080851
2026-08-25,NET,Cloudflare,VoidZero Engineer,Emerging Technology and Incubation,Hybrid,product_eng,mid,0,0,0,,,https://boards.greenhouse.io/cloudflare/jobs/8114069?gh_jid=8114069
2026-08-25,NET,Cloudflare,Vulnerability Management Engineer,Security,Hybrid,product_eng,mid,0,8,1,application|buzz,,https://boards.greenhouse.io/cloudflare/jobs/7579269?gh_jid=7579269
2026-08-25,OKTA,Okta,Account Executive Auth0,Corporate Sales-330,"Madrid, Spain",demand_validated,mid,0,0,0,,,https://www.okta.com/company/careers/opportunity/8079108?gh_jid=8079108
2026-08-25,OKTA,Okta,"Account Executive, Auth0",Enterprise Sales-340,"Tokyo, Japan",demand_validated,mid,0,0,0,,,https://www.okta.com/company/careers/opportunity/7439531?gh_jid=7439531
2026-08-25,OKTA,Okta,Account Executive Large Enterprise Public Sector,Enterprise Sales-340,"London, United Kingdom",demand_validated,mid,0,0,0,,,https://www.okta.com/company/careers/opportunity/8093704?gh_jid=8093704
2026-08-25,OKTA,Okta,"Account Executive, Okta",Enterprise Sales-340,"Tokyo, Japan",demand_validated,mid,0,0,0,,,https://www.okta.com/company/careers/opportunity/8079078?gh_jid=8079078
2026-08-25,OKTA,Okta,Advocacy & Content Strategist ,Customer First Enablement-116,"Toronto, Ontario, Canada",other,mid,0,7,1,application|buzz,106000,https://www.okta.com/company/careers/opportunity/8003734?gh_jid=8003734
2026-08-25,OKTA,Okta,AI Journey Operations Manager,Marketing Automation-450,"Bellevue, Washington; Chicago, Illinois; Toronto, Ontario, Canada",nontech,mid,1,0,0,,151500,https://www.okta.com/company/careers/opportunity/8106012?gh_jid=8106012
2026-08-25,OKTA,Okta,"Area Sales Director, Strategic",Strategic Accounts-315,"Connecticut; New Jersey; New York, New York",nontech,director,0,0,0,,446500,https://www.okta.com/company/careers/opportunity/8020585?gh_jid=8020585
2026-08-25,OKTA,Okta,"Area Sales Director, Strategic Sales ( California)",Strategic Accounts-315,"Los Angeles, California; San Francisco, California",nontech,director,0,0,0,,446500,https://www.okta.com/company/careers/opportunity/8119188?gh_jid=8119188
2026-08-25,OKTA,Okta,"Area Vice President, Strategic Sales",Strategic Accounts-315,"Connecticut; Massachusetts; New York, New York; Pennsylvania; Washington, DC",nontech,exec,0,0,0,,506500,https://www.okta.com/company/careers/opportunity/7774234?gh_jid=7774234
2026-08-25,OKTA,Okta,Brand Art Director,Brand & Creative-493,"Bellevue, Washington; Chicago, Illinois; San Francisco, California; Toronto, Ontario, Canada",nontech,director,0,3,1,application,155450,https://www.okta.com/company/careers/opportunity/7821640?gh_jid=7821640
2026-08-25,OKTA,Okta,Business Analyst ,Professional Services-720,"Chicago, Illinois",other,mid,0,0,0,,210000,https://www.okta.com/company/careers/opportunity/8097799?gh_jid=8097799
2026-08-25,OKTA,Okta,"Business Development Representative, Bellevue",Sales Development-310,"Bellevue, Washington",other,mid,0,0,0,,71998,https://www.okta.com/company/careers/opportunity/5168141?gh_jid=5168141
2026-08-25,OKTA,Okta,"Business Development Representative, Central",Sales Development-310,"Chicago, Illinois",other,mid,0,0,0,,71998,https://www.okta.com/company/careers/opportunity/7008575?gh_jid=7008575
2026-08-25,OKTA,Okta,"Business Development Representative, East",Sales Development-310,"Washington, DC",other,mid,0,0,0,,71998,https://www.okta.com/company/careers/opportunity/7013535?gh_jid=7013535
2026-08-25,OKTA,Okta,"Business Development Representative, West",Sales Development-310,"San Francisco, California",other,mid,0,0,0,,71998,https://www.okta.com/company/careers/opportunity/7008470?gh_jid=7008470
2026-08-25,OKTA,Okta,Chief of Staff to the CPO,Global People-130,"San Francisco, California",other,exec,0,0,0,,234000,https://www.okta.com/company/careers/opportunity/8068504?gh_jid=8068504
2026-08-25,OKTA,Okta,Cloud Alliance Manager ,Regional Alliances & GSI-128,"San Francisco, California",other,mid,0,0,0,,158750,https://www.okta.com/company/careers/opportunity/8140422?gh_jid=8140422
2026-08-25,OKTA,Okta,Cloud & ISV Alliances Manager –  APJ (excluding ANZ),Regional Alliances & GSI-128,Singapore,other,mid,0,0,0,,,https://www.okta.com/company/careers/opportunity/8146575?gh_jid=8146575
2026-08-25,OKTA,Okta,"Cloud & ISV Alliances Manager – WEMEA, Benelux & Nordics ",Regional Alliances & GSI-128,"Dublin, Ireland; London, United Kingdom",other,mid,0,0,0,,,https://www.okta.com/company/careers/opportunity/8099061?gh_jid=8099061
2026-08-25,OKTA,Okta,Commercial Renewals Manager,Renewals-360,"Manila, Philippines",other,mid,0,0,0,,,https://www.okta.com/company/careers/opportunity/8110717?gh_jid=8110717
2026-08-25,OKTA,Okta,"Corporate Counsel, Public Sector and Regulated Offerings",Legal-170,"New York, New York; Washington, DC",nontech,mid,0,0,0,,214000,https://www.okta.com/company/careers/opportunity/8088417?gh_jid=8088417
2026-08-25,OKTA,Okta,"Creative Director, Demand Gen",Brand & Creative-493,"San Francisco, California",other,director,0,0,0,,260000,https://www.okta.com/company/careers/opportunity/8067534?gh_jid=8067534
2026-08-25,OKTA,Okta,Customer Acceleration Product Manager ,Customer First Enablement-116,"Bellevue, Washington; Chicago, Illinois",product_eng,mid,0,0,0,,124000,https://www.okta.com/company/careers/opportunity/8128848?gh_jid=8128848
2026-08-25,OKTA,Okta,Customer First GEO Content Specialist,Customer Acceleration-731,"Toronto, Ontario, Canada",other,mid,0,12,1,application,86550,https://www.okta.com/company/careers/opportunity/8036149?gh_jid=8036149
2026-08-25,OKTA,Okta,Customer Success Enablement Manager - EMEA,Customer First Enablement-116,"Dublin, Ireland",demand_validated,mid,0,0,0,,,https://www.okta.com/company/careers/opportunity/8125465?gh_jid=8125465
2026-08-25,OKTA,Okta,"Customer Success Executive, Dedicated",Customer Success Management-750,"Chicago, Illinois; Colorado; Texas",demand_validated,mid,0,3,1,application,216400,https://www.okta.com/company/careers/opportunity/8128817?gh_jid=8128817
2026-08-25,OKTA,Okta,Customer Success Operations Manager,Business Operations-150,"Toronto, Ontario, Canada",demand_validated,mid,0,0,0,,133000,https://www.okta.com/company/careers/opportunity/8070157?gh_jid=8070157
2026-08-25,OKTA,Okta,"Customer Success Operations Manager, EMEA",Business Operations-150,"Dublin, Ireland",demand_validated,mid,0,0,0,,,https://www.okta.com/company/careers/opportunity/8048254?gh_jid=8048254
2026-08-25,OKTA,Okta,Developer Platform Partnership Marketing Manager ,Self Service-393,"San Francisco, California",product_eng,mid,0,0,0,,142500,https://www.okta.com/company/careers/opportunity/8072698?gh_jid=8072698
2026-08-25,OKTA,Okta,Developer Support Engineer,Customer Support-740,"Bengaluru, India",product_eng,mid,0,0,0,,,https://www.okta.com/company/careers/opportunity/7770733?gh_jid=7770733
2026-08-25,OKTA,Okta,Digital Art Director,Brand & Creative-493,"Bellevue, Washington; Chicago, Illinois; San Francisco, California; Toronto, Ontario, Canada",other,director,0,0,0,,155450,https://www.okta.com/company/careers/opportunity/8098282?gh_jid=8098282
2026-08-25,OKTA,Okta,Digital Media Specialist,Digital Media-415,"Tokyo, Japan",other,mid,0,4,1,application|buzz,,https://www.okta.com/company/careers/opportunity/8098292?gh_jid=8098292
2026-08-25,OKTA,Okta,"Director, Commercial Strategy & Buying Programs",Business Planning-550,"Bellevue, Washington; San Francisco, California",other,director,0,0,0,,254000,https://www.okta.com/company/careers/opportunity/8031522?gh_jid=8031522
2026-08-25,OKTA,Okta,"Director, Engineering - Okta Integration Network ",SW Eng - Applications-674,"San Francisco, California",product_eng,director,0,0,0,,326500,https://www.okta.com/company/careers/opportunity/8013137?gh_jid=8013137
2026-08-25,OKTA,Okta,Director GSI EMEA,Regional Alliances & GSI-128,"London, United Kingdom",other,director,0,0,0,,,https://www.okta.com/company/careers/opportunity/8088065?gh_jid=8088065
2026-08-25,OKTA,Okta,"Director, Marketing Analytics",Business Operations-150,"Bellevue, Washington; Chicago, Illinois; San Francisco, California",nontech,director,0,0,0,,272000,https://www.okta.com/company/careers/opportunity/8089409?gh_jid=8089409
2026-08-25,OKTA,Okta,"Director, Product Management - Integrations",Product Management-810,"Bengaluru, India",other,director,0,0,0,,,https://www.okta.com/company/careers/opportunity/8022237?gh_jid=8022237
2026-08-25,OKTA,Okta,"Director, Product Management - Platform & Shared Services",Product Management-810,"San Francisco, California; Seattle, Washington",other,director,0,3,1,application,292500,https://www.okta.com/company/careers/opportunity/8107045?gh_jid=8107045
2026-08-25,OKTA,Okta,"Director, Sales Development, Japan",Sales Development-310,"Tokyo, Japan",nontech,director,0,0,0,,,https://www.okta.com/company/careers/opportunity/8080906?gh_jid=8080906
2026-08-25,OKTA,Okta,"Director, Strategic Delivery ",Professional Services-720,"Bellevue, Washington; Chicago, Illinois; Massachusetts; New York, New York; San Francisco, California; Washington, DC",other,director,0,1,0,buzz,199500,https://www.okta.com/company/careers/opportunity/7990767?gh_jid=7990767
2026-08-25,OKTA,Okta,Documentation Tools Manager,CIAM Customer Support-745,"Bengaluru, India",other,mid,0,0,0,,,https://www.okta.com/company/careers/opportunity/8036390?gh_jid=8036390
2026-08-25,OKTA,Okta,Emerging Account Executive - UKI,Emerging Sales-350,"Dublin, Ireland",demand_validated,mid,0,0,0,,,https://www.okta.com/company/careers/opportunity/8095712?gh_jid=8095712
2026-08-25,OKTA,Okta,"Engineering Architect, Application (Auth0)",Software Architecture-678,"San Francisco, California",product_eng,mid,0,6,1,application,322000,https://www.okta.com/company/careers/opportunity/7128746?gh_jid=7128746
2026-08-25,OKTA,Okta,Engineering Architect  - DX/AX/UX,Software Architecture-678,"Bengaluru, India",product_eng,mid,0,9,1,application,,https://www.okta.com/company/careers/opportunity/7783603?gh_jid=7783603
2026-08-25,OKTA,Okta,"Engineering Manager, Performance & Resilience (Auth0)",Engineering Quality-630,"Toronto, Ontario, Canada",product_eng,mid,0,0,0,,173650,https://www.okta.com/company/careers/opportunity/7991116?gh_jid=7991116
2026-08-25,OKTA,Okta,Engineering Manager - Platform Migration Services (Auth0),SW Eng - Infrastructure-672,"Bengaluru, India",product_eng,mid,0,0,0,,,https://www.okta.com/company/careers/opportunity/7606225?gh_jid=7606225
2026-08-25,OKTA,Okta,Enterprise Account Executive,Enterprise Sales-340,Tennessee,demand_validated,mid,0,0,0,,309000,https://www.okta.com/company/careers/opportunity/8022189?gh_jid=8022189
2026-08-25,OKTA,Okta,"Enterprise Account Executive (Alabama, Mississippi)",Enterprise Sales-340,Alabama; Mississippi,demand_validated,mid,0,0,0,,309000,https://www.okta.com/company/careers/opportunity/7789100?gh_jid=7789100
2026-08-25,OKTA,Okta,Enterprise Account Executive - Auth0,Enterprise Sales-340,"London, United Kingdom",demand_validated,mid,0,0,0,,,https://www.okta.com/company/careers/opportunity/8059294?gh_jid=8059294
2026-08-25,OKTA,Okta,"Enterprise Account Executive, Auth0",Enterprise Sales-340,"Vancouver, Canada",demand_validated,mid,0,0,0,,337500,https://www.okta.com/company/careers/opportunity/7904978?gh_jid=7904978
2026-08-25,OKTA,Okta,"Enterprise Account Executive, Auth0",Enterprise Sales-340,"New York, New York",demand_validated,mid,0,0,0,,309000,https://www.okta.com/company/careers/opportunity/8007650?gh_jid=8007650
2026-08-25,OKTA,Okta,"Enterprise Account Executive, Brazil ",Enterprise Sales-340,"São Paulo, Brazil",demand_validated,mid,0,0,0,,,https://www.okta.com/company/careers/opportunity/7555117?gh_jid=7555117
2026-08-25,OKTA,Okta,"Enterprise Account Executive, Okta - UKI",Corporate Sales-330,"London, United Kingdom",demand_validated,mid,0,0,0,,,https://www.okta.com/company/careers/opportunity/8018533?gh_jid=8018533
2026-08-25,OKTA,Okta,"Enterprise Architect, Finance & Legal Systems",BT People Legal and Finance Technology-155,"Bellevue, Washington; Chicago, Illinois; San Francisco, California",product_eng,mid,0,14,1,application|buzz|general_medium,267250,https://www.okta.com/company/careers/opportunity/7442186?gh_jid=7442186
2026-08-25,OKTA,Okta,Executive Briefing Program Manager,Demand Gen-420,"San Francisco, California",other,mid,0,0,0,,163500,https://www.okta.com/company/careers/opportunity/8080748?gh_jid=8080748
2026-08-25,OKTA,Okta,Federal Sales Manager - Civilian,Public Sector-325,"Washington, DC",nontech,mid,0,0,0,,342000,https://www.okta.com/company/careers/opportunity/8077517?gh_jid=8077517
2026-08-25,OKTA,Okta,Field Marketing Specialist,Demand Gen-420,"Tokyo, Japan",nontech,mid,0,0,0,,,https://www.okta.com/company/careers/opportunity/8129579?gh_jid=8129579
2026-08-25,OKTA,Okta,"Field Marketing Specialist, Key & Strategic Accounts",Demand Gen-420,"Bellevue, Washington; Chicago, Illinois; Toronto, Ontario, Canada",nontech,mid,0,1,0,buzz,89500,https://www.okta.com/company/careers/opportunity/8106844?gh_jid=8106844
2026-08-25,OKTA,Okta,"Finance Manager, Products & Technology",FP&A-125,"San Francisco, California",nontech,mid,0,0,0,,162500,https://www.okta.com/company/careers/opportunity/7982838?gh_jid=7982838
2026-08-25,OKTA,Okta,"Finance Manager, Technology FP&A",FP&A-125,"San Francisco, California",nontech,mid,0,0,0,,162500,https://www.okta.com/company/careers/opportunity/8075386?gh_jid=8075386
2026-08-25,OKTA,Okta,Fullstack Staff Software Engineer - PAM,SW Eng - Applications-674,"Bengaluru, India",product_eng,staff_principal,0,3,1,application,,https://www.okta.com/company/careers/opportunity/8064490?gh_jid=8064490
2026-08-25,OKTA,Okta,Global Alliance Director- PwC ,Regional Alliances & GSI-128,"Chicago, Illinois; San Francisco, California; Washington, DC",other,director,0,0,0,,375000,https://www.okta.com/company/careers/opportunity/8122478?gh_jid=8122478
2026-08-25,OKTA,Okta,Globalization Tech Lead,Web Marketing-465,"Bellevue, Washington; Chicago, Illinois; Toronto, Ontario, Canada",other,senior,0,9,1,application,147750,https://www.okta.com/company/careers/opportunity/8093199?gh_jid=8093199
2026-08-25,OKTA,Okta,Global Paid Search Marketing Manager,Digital Media-415,"Bellevue, Washington; Chicago, Illinois; Toronto, Ontario, Canada",nontech,mid,0,1,0,buzz,147750,https://www.okta.com/company/careers/opportunity/8099186?gh_jid=8099186
2026-08-25,OKTA,Okta,Global Tax Manager ,Tax & Treasury-157,"San Francisco, California",other,mid,0,1,0,buzz,162450,https://www.okta.com/company/careers/opportunity/8072078?gh_jid=8072078
2026-08-25,OKTA,Okta,Head of Marketing APJ,Demand Gen-420,Singapore,nontech,exec,0,1,0,buzz,,https://www.okta.com/company/careers/opportunity/8001982?gh_jid=8001982
2026-08-25,OKTA,Okta,Head of Recruiting Operations,Recruiting-180,"San Francisco, California",nontech,exec,0,0,0,,203000,https://www.okta.com/company/careers/opportunity/7838837?gh_jid=7838837
2026-08-25,OKTA,Okta,ISV Ecosystem Growth Manager,Cloudmaker-698,"Bellevue, Washington; Chicago, Illinois; San Francisco, California; Washington, DC",other,mid,0,1,0,buzz,233000,https://www.okta.com/company/careers/opportunity/8139717?gh_jid=8139717
2026-08-25,OKTA,Okta,ISV Success Manager,Cloudmaker-698,"Bellevue, Washington; Chicago, Illinois; San Francisco, California; Washington, DC",other,mid,0,0,0,,233000,https://www.okta.com/company/careers/opportunity/8139707?gh_jid=8139707
2026-08-25,OKTA,Okta,Large Enterprise Account Executive Auth0,Enterprise Sales-340,Germany,demand_validated,mid,0,0,0,,,https://www.okta.com/company/careers/opportunity/8095974?gh_jid=8095974
2026-08-25,OKTA,Okta,Large Enterprise Account Executive Okta,Enterprise Sales-340,"London, United Kingdom",demand_validated,mid,0,0,0,,,https://www.okta.com/company/careers/opportunity/7941715?gh_jid=7941715
2026-08-25,OKTA,Okta,"Manager, Customer Success",Customer Success Management-750,"Chicago, Illinois",demand_validated,mid,0,0,0,,190000,https://www.okta.com/company/careers/opportunity/8080578?gh_jid=8080578
2026-08-25,OKTA,Okta,"Manager, Engineering",SW Eng - Core Identity-670,"Bengaluru, India",product_eng,mid,0,0,0,,,https://www.okta.com/company/careers/opportunity/8124367?gh_jid=8124367
2026-08-25,OKTA,Okta,"Manager, Engineering",SW Eng - Core Identity-670,"Bengaluru, India",product_eng,mid,0,0,0,,,https://www.okta.com/company/careers/opportunity/8071500?gh_jid=8071500
2026-08-25,OKTA,Okta,"Manager,  Engineering Access Requests Team",SW Eng - Applications-674,"San Francisco, California",product_eng,mid,0,0,0,,242250,https://www.okta.com/company/careers/opportunity/8107083?gh_jid=8107083
2026-08-25,OKTA,Okta,"Manager, Engineering - Device Identity and Access",SW Eng - Core Identity-670,"Bengaluru, India",product_eng,mid,0,0,0,,,https://www.okta.com/company/careers/opportunity/8007062?gh_jid=8007062
2026-08-25,OKTA,Okta,"Manager, GTM AI & Revenue Intelligence",Business Operations-150,"Bellevue, Washington; Chicago, Illinois; New York, New York; San Francisco, California",other,mid,1,16,1,application|buzz,161000,https://www.okta.com/company/careers/opportunity/7862418?gh_jid=7862418
2026-08-25,OKTA,Okta,"Manager, Sales Development, Strategic",Sales Development-310,"San Francisco, California",nontech,mid,0,0,0,,175000,https://www.okta.com/company/careers/opportunity/8077649?gh_jid=8077649
2026-08-25,OKTA,Okta,Manager- Site Reliability Engineering,SW Eng - Infrastructure-672,"Bengaluru, India",product_eng,mid,0,0,0,,,https://www.okta.com/company/careers/opportunity/7845385?gh_jid=7845385
2026-08-25,OKTA,Okta,"Manager, Site Reliability Engineering",SW Eng - Infrastructure-672,"Bellevue, Washington; Chicago, Illinois; San Francisco, California; Washington, DC",product_eng,mid,0,0,0,,255000,https://www.okta.com/company/careers/opportunity/7977080?gh_jid=7977080
2026-08-25,OKTA,Okta,Mobile Architect ,SW Eng - Core Identity-670,"Bengaluru, India",product_eng,mid,0,0,0,,,https://www.okta.com/company/careers/opportunity/7613460?gh_jid=7613460
2026-08-25,OKTA,Okta,Okta on Okta Identity Architect,Sec - IAM-185,"Dublin, Ireland",product_eng,mid,0,6,1,application,,https://www.okta.com/company/careers/opportunity/8088268?gh_jid=8088268
2026-08-25,OKTA,Okta,Okta on Okta Identity Architect,Sec - IAM-185,"Bellevue, Washington; Chicago, Illinois; New York, New York; San Francisco, California; Washington, DC",product_eng,mid,0,6,1,application,274000,https://www.okta.com/company/careers/opportunity/8055100?gh_jid=8055100
2026-08-25,OKTA,Okta,Partner Alliance Manager- PubSec Ecosystem,Regional Alliances & GSI-128,"Chicago, Illinois; Colorado; Texas; Washington, DC",other,mid,0,0,0,,205000,https://www.okta.com/company/careers/opportunity/8142155?gh_jid=8142155
2026-08-25,OKTA,Okta,Partner Marketing Manager - ANZ,Partner Marketing-122,"Sydney, Australia",nontech,mid,0,0,0,,,https://www.okta.com/company/careers/opportunity/8036362?gh_jid=8036362
2026-08-25,OKTA,Okta,Principal Applied AI/ML Scientist (Auth0 Lab),IAM Pulse-690,"Toronto, Ontario, Canada",other,staff_principal,1,9,1,application|model_infra,256500,https://www.okta.com/company/careers/opportunity/8031355?gh_jid=8031355
2026-08-25,OKTA,Okta,Principal Applied AI/ML Scientist (Auth0 Lab),IAM Pulse-690,"Bellevue, Washington; Chicago, Illinois; New York, New York; San Francisco, California; Washington, DC",other,staff_principal,1,9,1,application|model_infra,310100,https://www.okta.com/company/careers/opportunity/8031281?gh_jid=8031281
2026-08-25,OKTA,Okta,"Principal Architect, Professional Services R&D",Professional Services-720,"Bengaluru, India",demand_validated,staff_principal,0,0,0,,,https://www.okta.com/company/careers/opportunity/8056218?gh_jid=8056218
2026-08-25,OKTA,Okta,Principal Business Systems Analyst,BT People Legal and Finance Technology-155,"Bengaluru, India",other,staff_principal,0,0,0,,,https://www.okta.com/company/careers/opportunity/8074824?gh_jid=8074824
2026-08-25,OKTA,Okta,"Principal Classified Systems Architect, Okta Federal",BT Operations-165,"Washington, DC",product_eng,staff_principal,0,0,0,,266000,https://www.okta.com/company/careers/opportunity/7607491?gh_jid=7607491
2026-08-25,OKTA,Okta,Principal Data Platform Engineer (Bengaluru),Data & Insights-190,"Bengaluru, India",product_eng,staff_principal,0,1,0,buzz,,https://www.okta.com/company/careers/opportunity/7648974?gh_jid=7648974
2026-08-25,OKTA,Okta,Principal Developer Support Engineer - Builder Experience (BX),CIAM Customer Support-745,"Toronto, Ontario, Canada",product_eng,staff_principal,0,0,0,,166250,https://www.okta.com/company/careers/opportunity/8103955?gh_jid=8103955
2026-08-25,OKTA,Okta,Principal Forward Deployed Engineer,Okta for AI Agents-764,Singapore,demand_validated,staff_principal,0,9,1,application,,https://www.okta.com/company/careers/opportunity/7980649?gh_jid=7980649
2026-08-25,OKTA,Okta,Principal Forward Deployed Engineer,Okta for AI Agents-764,"London, United Kingdom",demand_validated,staff_principal,0,6,1,application,,https://www.okta.com/company/careers/opportunity/8004037?gh_jid=8004037
2026-08-25,OKTA,Okta,Principal Forward Deployed Engineer - Okta for AI Agents,Okta for AI Agents-764,"Bellevue, Washington; Chicago, Illinois; San Francisco, California; Toronto, Ontario, Canada",demand_validated,staff_principal,1,6,1,application,304500,https://www.okta.com/company/careers/opportunity/7961339?gh_jid=7961339
2026-08-25,OKTA,Okta,"Principal Product Manager, Marketing Technology",BT Go To Market Technology-173,"Bengaluru, India",product_eng,staff_principal,0,15,1,application|buzz|general_medium,,https://www.okta.com/company/careers/opportunity/8015002?gh_jid=8015002
2026-08-25,OKTA,Okta,"Principal Program Manager, TDI",BT Workplace Technology-140,"San Francisco, California",other,staff_principal,0,6,1,application,223250,https://www.okta.com/company/careers/opportunity/8076030?gh_jid=8076030
2026-08-25,OKTA,Okta,Principal Site Reliability Engineer,Tech Ops-610,"Bengaluru, India",product_eng,staff_principal,0,3,1,application,,https://www.okta.com/company/careers/opportunity/8002576?gh_jid=8002576
2026-08-25,OKTA,Okta,Principal Software Engineer,SW Eng - Applications-674,"Bengaluru, India",product_eng,staff_principal,0,0,0,,,https://www.okta.com/company/careers/opportunity/8064188?gh_jid=8064188
2026-08-25,OKTA,Okta,Principal Software Engineer,SW Eng - Infrastructure-672,"Bengaluru, India",product_eng,staff_principal,0,0,0,,,https://www.okta.com/company/careers/opportunity/7781674?gh_jid=7781674
2026-08-25,OKTA,Okta,Principal Software Engineer,SW Eng - Core Identity-670,"Bengaluru, India",product_eng,staff_principal,0,0,0,,,https://www.okta.com/company/careers/opportunity/7696955?gh_jid=7696955
2026-08-25,OKTA,Okta,Principal Software Engineer ,SW Eng - Core Identity-670,"Bengaluru, India",product_eng,staff_principal,0,0,0,,,https://www.okta.com/company/careers/opportunity/8071508?gh_jid=8071508
2026-08-25,OKTA,Okta,"Principal Software Engineer, AI Engineering",BT Engineering Services-779,"Bengaluru, India",product_eng,staff_principal,1,16,1,application|buzz,,https://www.okta.com/company/careers/opportunity/7741663?gh_jid=7741663
2026-08-25,OKTA,Okta,Principal Software Engineer - Backend,SW Eng - Core Identity-670,"Bengaluru, India",product_eng,staff_principal,0,0,0,,,https://www.okta.com/company/careers/opportunity/8007071?gh_jid=8007071
2026-08-25,OKTA,Okta,Principal Software Engineer – Developer Platform (Auth0),CIAM Devex-680,"Toronto, Ontario, Canada",product_eng,staff_principal,0,9,1,application,218500,https://www.okta.com/company/careers/opportunity/8139694?gh_jid=8139694
2026-08-25,OKTA,Okta,Principal Software Engineer - macOS,SW Eng - Core Identity-670,"Bengaluru, India",product_eng,staff_principal,0,0,0,,,https://www.okta.com/company/careers/opportunity/8007078?gh_jid=8007078
2026-08-25,OKTA,Okta,Principal Software Engineer - PAM,SW Eng - Applications-674,"Bengaluru, India",product_eng,staff_principal,0,3,1,application,,https://www.okta.com/company/careers/opportunity/8127234?gh_jid=8127234
2026-08-25,OKTA,Okta,Principal Software Engineer - Windows,SW Eng - Core Identity-670,"Bengaluru, India",product_eng,staff_principal,0,0,0,,,https://www.okta.com/company/careers/opportunity/8007080?gh_jid=8007080
2026-08-25,OKTA,Okta,"Principal Technical Consultant, Okta ",Professional Services-720,"Washington, DC",other,staff_principal,0,0,0,,,https://www.okta.com/company/careers/opportunity/8011133?gh_jid=8011133
2026-08-25,OKTA,Okta,"Principal Technical Program Manager, Engineering",Eng Program Mgmt-615,"San Francisco, California; Washington, DC",product_eng,staff_principal,0,0,0,,236500,https://www.okta.com/company/careers/opportunity/8069537?gh_jid=8069537
2026-08-25,OKTA,Okta,Procurement Coordinator ,CAO Org-120,"Bengaluru, India",other,mid,0,0,0,,,https://www.okta.com/company/careers/opportunity/8147737?gh_jid=8147737
2026-08-25,OKTA,Okta,Product Manager - Okta Device Access,Product Management-810,"Toronto, Ontario, Canada",product_eng,mid,0,0,0,,147000,https://www.okta.com/company/careers/opportunity/8072548?gh_jid=8072548
2026-08-25,OKTA,Okta,"Program Manager, Delivery Innovation and Strategic Programs ",Delivery Success-813,"Toronto, Ontario, Canada",other,mid,0,4,1,application|buzz,103000,https://www.okta.com/company/careers/opportunity/7759337?gh_jid=7759337
2026-08-25,OKTA,Okta,"Public Sector Account Executive, Okta",Strategic Accounts-315,"Melbourne, Australia",demand_validated,mid,0,3,1,application,,https://www.okta.com/company/careers/opportunity/7975472?gh_jid=7975472
2026-08-25,OKTA,Okta,"QA Automation Engineer, Professional Services R&D",Professional Services-720,"Bengaluru, India",demand_validated,mid,0,0,0,,,https://www.okta.com/company/careers/opportunity/8056207?gh_jid=8056207
2026-08-25,OKTA,Okta,Regional Alliance Partnership Manager,Regional Alliances & GSI-128,"Bengaluru, India",other,mid,0,0,0,,,https://www.okta.com/company/careers/opportunity/7897264?gh_jid=7897264
2026-08-25,OKTA,Okta,"Regional Sales Manager, Enterprise ",Enterprise Sales-340,"Los Angeles, California; San Francisco, California",nontech,mid,0,0,0,,342000,https://www.okta.com/company/careers/opportunity/8129269?gh_jid=8129269
2026-08-25,OKTA,Okta,"Regional Sales Manager, Enterprise (Auth0)",Enterprise Sales-340,"Chicago, Illinois",nontech,mid,0,0,0,,342000,https://www.okta.com/company/careers/opportunity/7963925?gh_jid=7963925
2026-08-25,OKTA,Okta,"Regional Sales Manager, Enterprise (Auth0)",Enterprise Sales-340,"Boston, Massachusetts; New Jersey; New York, New York",nontech,mid,0,0,0,,324000,https://www.okta.com/company/careers/opportunity/7466556?gh_jid=7466556
2026-08-25,OKTA,Okta,Regional Sales Manager - Public Sector,Strategic Accounts-315,"Sydney, Australia",nontech,mid,0,0,0,,,https://www.okta.com/company/careers/opportunity/8095459?gh_jid=8095459
2026-08-25,OKTA,Okta,Regional Sales Manager - Public Sector,Strategic Accounts-315,"Canberra, Australia",nontech,mid,0,0,0,,,https://www.okta.com/company/careers/opportunity/8081048?gh_jid=8081048
2026-08-25,OKTA,Okta,Regional Sales Manager - Public Sector,Strategic Accounts-315,"Melbourne, Australia",nontech,mid,0,0,0,,,https://www.okta.com/company/careers/opportunity/8095465?gh_jid=8095465
2026-08-25,OKTA,Okta,Sales Commission Analyst,CAO Org-120,"Bengaluru, India",nontech,mid,0,0,0,,,https://www.okta.com/company/careers/opportunity/8066278?gh_jid=8066278
2026-08-25,OKTA,Okta,Sales Compensation Analyst,Business Operations-150,"Manila, Philippines",nontech,mid,0,0,0,,,https://www.okta.com/company/careers/opportunity/8110755?gh_jid=8110755
2026-08-25,OKTA,Okta,Sales Development Representative,Sales Development-310,"Tokyo, Japan",nontech,mid,0,0,0,,,https://www.okta.com/company/careers/opportunity/8102281?gh_jid=8102281
2026-08-25,OKTA,Okta,Sales Development Representative,Sales Development-310,"Sydney, Australia",nontech,mid,0,0,0,,,https://www.okta.com/company/careers/opportunity/7936541?gh_jid=7936541
2026-08-25,OKTA,Okta,"Sales Development Representative, Bellevue",Sales Development-310,"Bellevue, Washington",nontech,mid,0,0,0,,82011,https://www.okta.com/company/careers/opportunity/7013711?gh_jid=7013711
2026-08-25,OKTA,Okta,"Sales Development Representative, East",Sales Development-310,"Washington, DC",nontech,mid,0,0,0,,82011,https://www.okta.com/company/careers/opportunity/7013646?gh_jid=7013646
2026-08-25,OKTA,Okta,Sales Development Representative - German,Sales Development-310,"Dublin, Ireland",nontech,mid,0,0,0,,,https://www.okta.com/company/careers/opportunity/7645881?gh_jid=7645881
2026-08-25,OKTA,Okta,Sales Development Representative - German,Sales Development-310,"Dublin, Ireland",nontech,mid,0,0,0,,,https://www.okta.com/company/careers/opportunity/7920579?gh_jid=7920579
2026-08-25,OKTA,Okta,"Sales Development Representative, Toronto",Sales Development-310,"Toronto, Ontario, Canada",nontech,mid,0,0,0,,92000,https://www.okta.com/company/careers/opportunity/7013721?gh_jid=7013721
2026-08-25,OKTA,Okta,"Sales Development Representative, West",Sales Development-310,"San Francisco, California",nontech,mid,0,0,0,,82011,https://www.okta.com/company/careers/opportunity/7013572?gh_jid=7013572
2026-08-25,OKTA,Okta,"Sales Strategy & Operations Manager, ANZ",Business Operations-150,"Sydney, Australia",nontech,mid,0,3,1,application,,https://www.okta.com/company/careers/opportunity/7860180?gh_jid=7860180
2026-08-25,OKTA,Okta, Senior AEM Engineer,BT Go To Market Technology-173,"Bengaluru, India",product_eng,senior,0,0,0,,,https://www.okta.com/company/careers/opportunity/7629690?gh_jid=7629690
2026-08-25,OKTA,Okta,Senior Data Analyst,Data & Insights-190,"Bengaluru, India",other,senior,0,0,0,,,https://www.okta.com/company/careers/opportunity/7582967?gh_jid=7582967
2026-08-25,OKTA,Okta,Senior Data Analyst,Data & Insights-190,"Bengaluru, India",other,senior,0,0,0,,,https://www.okta.com/company/careers/opportunity/7731263?gh_jid=7731263
2026-08-25,OKTA,Okta,"Senior Data Analyst, Field Analytics",Business Operations-150,"Bengaluru, India",other,senior,0,1,0,buzz,,https://www.okta.com/company/careers/opportunity/7728553?gh_jid=7728553
2026-08-25,OKTA,Okta,Senior Database Reliability Engineer (DBRE),Tech Ops-610,"Bellevue, Washington; Chicago, Illinois; New York, New York; San Francisco, California; Washington, DC",product_eng,senior,0,0,0,,181500,https://www.okta.com/company/careers/opportunity/7617976?gh_jid=7617976
2026-08-25,OKTA,Okta, Senior Data Engineer,Product & Platform Data-693,"Bengaluru, India",product_eng,senior,0,0,0,,,https://www.okta.com/company/careers/opportunity/7572029?gh_jid=7572029
2026-08-25,OKTA,Okta,Senior Data Engineer,Data & Insights-190,"Bengaluru, India",product_eng,senior,0,2,0,data_ml_ops,,https://www.okta.com/company/careers/opportunity/7648985?gh_jid=7648985
2026-08-25,OKTA,Okta,Senior Developer Advocate ,Auth0 DevRel-494,"San Francisco, California",product_eng,senior,0,0,0,,192500,https://www.okta.com/company/careers/opportunity/7379845?gh_jid=7379845
2026-08-25,OKTA,Okta,Senior Developer Advocate (Auth0),Auth0 DevRel-494,"New York, New York",product_eng,senior,0,0,0,,174700,https://www.okta.com/company/careers/opportunity/8114891?gh_jid=8114891
2026-08-25,OKTA,Okta,"Senior Director, GRC",Security-770,"San Francisco, California",other,director,0,3,1,application,299500,https://www.okta.com/company/careers/opportunity/8130437?gh_jid=8130437
2026-08-25,OKTA,Okta,"Senior Engineer, FGA DevEx",Emerging Tech-694,"Bengaluru, India",product_eng,senior,0,0,0,,,https://www.okta.com/company/careers/opportunity/7780942?gh_jid=7780942
2026-08-25,OKTA,Okta,"Senior Enterprise Account Executive, Okta",Enterprise Sales-340,"Paris, France",demand_validated,senior,0,0,0,,,https://www.okta.com/company/careers/opportunity/7765582?gh_jid=7765582
2026-08-25,OKTA,Okta,Senior Experiences Art Director,Brand & Creative-493,"San Francisco, California",other,director,0,0,0,,169950,https://www.okta.com/company/careers/opportunity/8109371?gh_jid=8109371
2026-08-25,OKTA,Okta,"Senior Financial Analyst, FP&A",FP&A-125,"Bengaluru, India",other,senior,0,0,0,,,https://www.okta.com/company/careers/opportunity/8114261?gh_jid=8114261
2026-08-25,OKTA,Okta,"Senior Financial Analyst, G&A ",FP&A-125,"San Francisco, California",other,senior,0,0,0,,132500,https://www.okta.com/company/careers/opportunity/8039368?gh_jid=8039368
2026-08-25,OKTA,Okta,"Senior Financial Analyst, Products & Technology",FP&A-125,"San Francisco, California",other,senior,0,0,0,,132500,https://www.okta.com/company/careers/opportunity/7983770?gh_jid=7983770
2026-08-25,OKTA,Okta,Senior Forward Deployed Engineer - Okta for AI Agents,Okta for AI Agents-764,"Bellevue, Washington; Chicago, Illinois; San Francisco, California; Toronto, Ontario, Canada",demand_validated,senior,1,9,1,application,237500,https://www.okta.com/company/careers/opportunity/7961356?gh_jid=7961356
2026-08-25,OKTA,Okta,Senior Full Stack Software Engineer – Acquisitions and Activation (Auth0),CIAM Devex-680,"Toronto, Ontario, Canada",product_eng,senior,0,0,0,,161500,https://www.okta.com/company/careers/opportunity/7875175?gh_jid=7875175
2026-08-25,OKTA,Okta,Senior Identity Specialist-Governance,SE Field CTO-322,"Bengaluru, India",other,senior,0,0,0,,,https://www.okta.com/company/careers/opportunity/7821054?gh_jid=7821054
2026-08-25,OKTA,Okta,Senior Identity Specialist -OnPremises,SE Field CTO-322,"Bengaluru, India",other,senior,0,0,0,,,https://www.okta.com/company/careers/opportunity/7821050?gh_jid=7821050
2026-08-25,OKTA,Okta,"Senior, Internal Audit AI Enablement & Automation",Internal Audit-135,"San Francisco, California",nontech,intern,1,0,0,,132300,https://www.okta.com/company/careers/opportunity/8079539?gh_jid=8079539
2026-08-25,OKTA,Okta,Senior IT Internal Auditor ,Internal Audit-135,"San Francisco, California",other,intern,0,1,0,buzz,132300,https://www.okta.com/company/careers/opportunity/8078084?gh_jid=8078084
2026-08-25,OKTA,Okta,"Senior Manager, Presales Strategy & Operations",Business Operations-150,"Bellevue, Washington; Chicago, Illinois; San Francisco, California; Washington, DC",demand_validated,senior,0,0,0,,211000,https://www.okta.com/company/careers/opportunity/8042657?gh_jid=8042657
2026-08-25,OKTA,Okta,"Senior Manager, Site Reliability Engineering (Federal)",Tech Ops-610,"Washington, DC",product_eng,senior,0,0,0,,245950,https://www.okta.com/company/careers/opportunity/7917007?gh_jid=7917007
2026-08-25,OKTA,Okta,"Senior Manager, Site Reliability Engineering -  Infrastructure Platform",Tech Ops-610,"Bellevue, Washington; Chicago, Illinois; San Francisco, California; Washington, DC",product_eng,senior,0,0,0,,275500,https://www.okta.com/company/careers/opportunity/7317857?gh_jid=7317857
2026-08-25,OKTA,Okta,"Senior Manager, Software Engineering- Core (FED) ",SW Eng - Infrastructure-672,"San Francisco, California",product_eng,senior,0,0,0,,261000,https://www.okta.com/company/careers/opportunity/7743974?gh_jid=7743974
2026-08-25,OKTA,Okta,"Senior Manager, Solutions Engineering",SE Field-321,"London, United Kingdom",demand_validated,senior,0,0,0,,,https://www.okta.com/company/careers/opportunity/7601524?gh_jid=7601524
2026-08-25,OKTA,Okta,"Senior Manager, Solutions Engineering, Okta",SE Field-321,"Dublin, Ireland",demand_validated,senior,0,0,0,,,https://www.okta.com/company/careers/opportunity/8094082?gh_jid=8094082
2026-08-25,OKTA,Okta,"Senior Manager, xDR Strategy & Operations",Business Operations-150,"Bellevue, Washington; Chicago, Illinois; San Francisco, California; Washington, DC",nontech,senior,0,0,0,,211000,https://www.okta.com/company/careers/opportunity/8103816?gh_jid=8103816
2026-08-25,OKTA,Okta,Senior Principal Product Designer,Product Design & UXR-650,"Bellevue, Washington; Chicago, Illinois; New York, New York; Washington, DC",product_eng,staff_principal,0,1,0,buzz,256500,https://www.okta.com/company/careers/opportunity/7839824?gh_jid=7839824
2026-08-25,OKTA,Okta,Senior Product Analyst - Finance Technology,BT People Legal and Finance Technology-155,"Bengaluru, India",nontech,senior,0,4,1,application|buzz,,https://www.okta.com/company/careers/opportunity/8128431?gh_jid=8128431
2026-08-25,OKTA,Okta,"Senior Product Analyst, Order to Cash ",BT People Legal and Finance Technology-155,"San Francisco, California",other,senior,0,5,1,application|buzz,152000,https://www.okta.com/company/careers/opportunity/7976638?gh_jid=7976638
2026-08-25,OKTA,Okta,Senior Product Designer,Product Design & UXR-650,"Bengaluru, India",product_eng,senior,0,0,0,,,https://www.okta.com/company/careers/opportunity/8152681?gh_jid=8152681
2026-08-25,OKTA,Okta,Senior Product Manager - Auth0,Product Management-810,"Bellevue, Washington; Chicago, Illinois; New York, New York; Toronto, Ontario, Canada; Washington, DC",product_eng,senior,0,0,0,,189000,https://www.okta.com/company/careers/opportunity/8072515?gh_jid=8072515
2026-08-25,OKTA,Okta,"Senior Product Manager, Auth0 AI and Identity Products (Auth0)",Product Management-810,"Toronto, Ontario, Canada",product_eng,senior,1,6,1,application,173100,https://www.okta.com/company/careers/opportunity/7905576?gh_jid=7905576
2026-08-25,OKTA,Okta,"Senior Product Manager, B2B (Auth0)",Product Management-810,"Toronto, Ontario, Canada",product_eng,senior,0,0,0,,173100,https://www.okta.com/company/careers/opportunity/8130897?gh_jid=8130897
2026-08-25,OKTA,Okta,Senior Product Manager - Cloud Infrastructure,Product Management-810,"Bellevue, Washington; Chicago, Illinois; New York, New York; San Francisco, California; Seattle, Washington; Washington, DC",product_eng,senior,0,0,0,,214500,https://www.okta.com/company/careers/opportunity/8056315?gh_jid=8056315
2026-08-25,OKTA,Okta,"Senior Product Manager, Data Platform",Product Management-810,"Bengaluru, India",product_eng,senior,0,0,0,,,https://www.okta.com/company/careers/opportunity/8022961?gh_jid=8022961
2026-08-25,OKTA,Okta,Senior Product Manager - Okta Device Access,Product Management-810,"Toronto, Ontario, Canada",product_eng,senior,0,0,0,,189000,https://www.okta.com/company/careers/opportunity/8066241?gh_jid=8066241
2026-08-25,OKTA,Okta,Senior Product Manager - UI Platform,Product Management-810,"Toronto, Ontario, Canada",product_eng,senior,0,0,0,,173000,https://www.okta.com/company/careers/opportunity/8022482?gh_jid=8022482
2026-08-25,OKTA,Okta,"Senior Product Manager, Zero Trust Authentication",Product Management-810,"Toronto, Ontario, Canada",product_eng,senior,0,3,1,application,173000,https://www.okta.com/company/careers/opportunity/8072528?gh_jid=8072528
2026-08-25,OKTA,Okta,Senior Product Marketing Specialist,Product Marketing-530,"Munich, Germany",nontech,senior,0,0,0,,,https://www.okta.com/company/careers/opportunity/8104905?gh_jid=8104905
2026-08-25,OKTA,Okta,Senior Product Marketing Specialist,Product Marketing-530,"London, United Kingdom",nontech,senior,0,0,0,,,https://www.okta.com/company/careers/opportunity/7833584?gh_jid=7833584
2026-08-25,OKTA,Okta,"Senior Product Marketing Specialist, Global System Integrators (GSI) and Channel",Partner Marketing-122,"Bellevue, Washington; Chicago, Illinois; Toronto, Ontario, Canada",nontech,senior,0,0,0,,140350,https://www.okta.com/company/careers/opportunity/7818862?gh_jid=7818862
2026-08-25,OKTA,Okta,Senior Regional Marketing Specialist,Demand Gen-420,"Toronto, Ontario, Canada",nontech,senior,0,0,0,,104500,https://www.okta.com/company/careers/opportunity/8083357?gh_jid=8083357
2026-08-25,OKTA,Okta,Senior Research Operations Program Manager,Product Design & UXR-650,"Toronto, Ontario, Canada",nontech,senior,0,0,0,,140000,https://www.okta.com/company/careers/opportunity/7977895?gh_jid=7977895
2026-08-25,OKTA,Okta,Senior Salesforce Product Analyst ,BT Go To Market Technology-173,"Bengaluru, India",nontech,senior,0,0,0,,,https://www.okta.com/company/careers/opportunity/7963286?gh_jid=7963286
2026-08-25,OKTA,Okta,Senior Site Reliability Engineer,Tech Ops-610,"Bengaluru, India",product_eng,senior,0,0,0,,,https://www.okta.com/company/careers/opportunity/7963271?gh_jid=7963271
2026-08-25,OKTA,Okta,Senior Site Reliability Engineer,BT Workplace Technology-140,"Bellevue, Washington; San Francisco, California",product_eng,senior,0,0,0,,186300,https://www.okta.com/company/careers/opportunity/8100444?gh_jid=8100444
2026-08-25,OKTA,Okta,Senior Site Reliability Engineer (Auth0),Tech Ops-610,"Barcelona, Spain",product_eng,senior,0,0,0,,,https://www.okta.com/company/careers/opportunity/7418982?gh_jid=7418982
2026-08-25,OKTA,Okta,Senior Software Engineer,SW Eng - Infrastructure-672,"Bengaluru, India",product_eng,senior,0,0,0,,,https://www.okta.com/company/careers/opportunity/7599312?gh_jid=7599312
2026-08-25,OKTA,Okta,Senior Software Engineer,CIAM Devex-680,"Bengaluru, India",product_eng,senior,0,0,0,,,https://www.okta.com/company/careers/opportunity/7783585?gh_jid=7783585
2026-08-25,OKTA,Okta,Senior Software Engineer,Developer Relations-490,"Bengaluru, India",product_eng,senior,0,1,0,buzz,,https://www.okta.com/company/careers/opportunity/8039085?gh_jid=8039085
2026-08-25,OKTA,Okta,Senior Software Engineer,BT Engineering Services-779,"Bengaluru, India",product_eng,senior,0,3,1,application,,https://www.okta.com/company/careers/opportunity/8053679?gh_jid=8053679
2026-08-25,OKTA,Okta,Senior Software Engineer ,BT Go To Market Technology-173,"Bengaluru, India",product_eng,senior,0,15,1,application,,https://www.okta.com/company/careers/opportunity/5781654?gh_jid=5781654
2026-08-25,OKTA,Okta,"Senior Software Engineer, AI Agentic Experience (Auth0)",Emerging Tech-694,"Bellevue, Washington; Chicago, Illinois; New York, New York",product_eng,senior,1,10,1,application|buzz,174500,https://www.okta.com/company/careers/opportunity/8092242?gh_jid=8092242
2026-08-25,OKTA,Okta,"Senior Software Engineer, AI Agentic Experience (Auth0)",Emerging Tech-694,"San Francisco, California",product_eng,senior,1,10,1,application|buzz,199000,https://www.okta.com/company/careers/opportunity/7305744?gh_jid=7305744
2026-08-25,OKTA,Okta,"Senior Software Engineer, AI Authentication (Auth0)",Emerging Tech-694,"Toronto, Ontario, Canada",product_eng,senior,1,7,1,application|buzz,161500,https://www.okta.com/company/careers/opportunity/7872569?gh_jid=7872569
2026-08-25,OKTA,Okta,Senior Software Engineer (Android),CIAM Devex-680,"Bengaluru, India",product_eng,senior,0,0,0,,,https://www.okta.com/company/careers/opportunity/8108376?gh_jid=8108376
2026-08-25,OKTA,Okta,Senior Software Engineer (Core Frontier),Emerging Tech-694,"Bengaluru, India",product_eng,senior,0,0,0,,,https://www.okta.com/company/careers/opportunity/7894398?gh_jid=7894398
2026-08-25,OKTA,Okta,"Senior Software Engineer, Customer Dev Tools (Auth0)",CIAM Devex-680,"Bengaluru, India",product_eng,senior,0,3,1,application,,https://www.okta.com/company/careers/opportunity/8113501?gh_jid=8113501
2026-08-25,OKTA,Okta,"Senior Software Engineer, Datastores (Auth0)",SW Eng - Infrastructure-672,"Toronto, Ontario, Canada",product_eng,senior,0,0,0,,161500,https://www.okta.com/company/careers/opportunity/8112922?gh_jid=8112922
2026-08-25,OKTA,Okta,"Senior Software Engineer, Frontend (Web)",Web Marketing-465,"Toronto, Ontario, Canada",product_eng,senior,0,0,0,,130000,https://www.okta.com/company/careers/opportunity/8024173?gh_jid=8024173
2026-08-25,OKTA,Okta,"Senior Software Engineer, Identity Administration",SW Eng - Applications-674,"Bengaluru, India",product_eng,senior,0,0,0,,,https://www.okta.com/company/careers/opportunity/8146815?gh_jid=8146815
2026-08-25,OKTA,Okta,"Senior Software Engineer, Identity Administration",SW Eng - Applications-674,"Bengaluru, India",product_eng,senior,0,0,0,,,https://www.okta.com/company/careers/opportunity/8146810?gh_jid=8146810
2026-08-25,OKTA,Okta,"Senior Software Engineer in Test, Federal Classified",Engineering Quality-630,"Washington, DC",product_eng,senior,0,0,0,,161500,https://www.okta.com/company/careers/opportunity/8069707?gh_jid=8069707
2026-08-25,OKTA,Okta,Senior Software Engineer in Test — macOS,Engineering Quality-630,"Bengaluru, India",product_eng,senior,0,0,0,,,https://www.okta.com/company/careers/opportunity/7588357?gh_jid=7588357
2026-08-25,OKTA,Okta,Senior Software Engineer (Node.js & React.js),CIAM Devex-680,"Bengaluru, India",product_eng,senior,0,0,0,,,https://www.okta.com/company/careers/opportunity/8119091?gh_jid=8119091
2026-08-25,OKTA,Okta,"Senior Software Engineer, Observability",SW Eng - Infrastructure-672,"Bellevue, Washington; Chicago, Illinois; New York, New York; Washington, DC",product_eng,senior,0,0,0,,174500,https://www.okta.com/company/careers/opportunity/8024818?gh_jid=8024818
2026-08-25,OKTA,Okta,"Senior Software Engineer, Platform Network (Auth0)",SW Eng - Infrastructure-672,"Toronto, Ontario, Canada",product_eng,senior,0,0,0,,161500,https://www.okta.com/company/careers/opportunity/8041376?gh_jid=8041376
2026-08-25,OKTA,Okta,Senior Software Engineer - Salesforce,BT Go To Market Technology-173,"Bengaluru, India",product_eng,senior,0,12,1,application,,https://www.okta.com/company/careers/opportunity/7995191?gh_jid=7995191
2026-08-25,OKTA,Okta,Senior Software Engineer – Tooling & Platform (Terraform),SW Eng - Infrastructure-672,"Bengaluru, India",product_eng,senior,0,0,0,,,https://www.okta.com/company/careers/opportunity/7765038?gh_jid=7765038
2026-08-25,OKTA,Okta,"Senior Solutions Architect, Auth0",SE Field CTO-322,"London, United Kingdom",demand_validated,senior,0,0,0,,,https://www.okta.com/company/careers/opportunity/7532953?gh_jid=7532953
2026-08-25,OKTA,Okta,Senior Solutions Engineer,SE Field-321,"London, United Kingdom",demand_validated,senior,0,0,0,,,https://www.okta.com/company/careers/opportunity/7768480?gh_jid=7768480
2026-08-25,OKTA,Okta,"Senior Solutions Engineer,Auth0",SE Field-321,"Dublin, Ireland",demand_validated,senior,0,6,1,application,,https://www.okta.com/company/careers/opportunity/7976083?gh_jid=7976083
2026-08-25,OKTA,Okta,"Senior Solutions Engineer, Auth0 (Canada)",SE Field-321,"Toronto, Ontario, Canada",demand_validated,senior,0,6,1,application,242500,https://www.okta.com/company/careers/opportunity/8138326?gh_jid=8138326
2026-08-25,OKTA,Okta,Senior Solutions Engineer- West Coast,SE Field-321,"Arizona; Los Angeles, California; San Francisco, California",demand_validated,senior,0,6,1,application,257500,https://www.okta.com/company/careers/opportunity/7536447?gh_jid=7536447
2026-08-25,OKTA,Okta,Senior Strategic Alliance Manager- Indian GSIs,Regional Alliances & GSI-128,"Dallas, Texas; New Jersey; San Francisco, California",other,senior,0,0,0,,321500,https://www.okta.com/company/careers/opportunity/8099085?gh_jid=8099085
2026-08-25,OKTA,Okta,Senior Technical Consultant,Professional Services-720,"Bellevue, Washington; Chicago, Illinois; New York, New York; San Francisco, California; Toronto, Ontario, Canada",other,senior,0,0,0,,199500,https://www.okta.com/company/careers/opportunity/7983532?gh_jid=7983532
2026-08-25,OKTA,Okta,Senior Technical Writer,Engineering Quality-630,"Bengaluru, India",other,senior,0,0,0,,,https://www.okta.com/company/careers/opportunity/7685798?gh_jid=7685798
2026-08-25,OKTA,Okta,Senior UX Researcher - Okta Device Access,Product Design & UXR-650,"Toronto, Ontario, Canada",research,senior,0,0,0,,140000,https://www.okta.com/company/careers/opportunity/8072490?gh_jid=8072490
2026-08-25,OKTA,Okta,ServiceNow Developer SAM,BT Workplace Technology-140,"Bengaluru, India",product_eng,mid,0,0,0,,,https://www.okta.com/company/careers/opportunity/7727730?gh_jid=7727730
2026-08-25,OKTA,Okta,"Software Architect, Java Backend",SW Eng - Applications-674,"Bengaluru, India",product_eng,mid,0,0,0,,,https://www.okta.com/company/careers/opportunity/7882676?gh_jid=7882676
2026-08-25,OKTA,Okta,"Software Architect, Lifecycle Management",SW Eng - Applications-674,"Bengaluru, India",product_eng,mid,0,0,0,,,https://www.okta.com/company/careers/opportunity/7771673?gh_jid=7771673
2026-08-25,OKTA,Okta,Software Engineer,CIAM Devex-680,"Bengaluru, India",product_eng,mid,0,0,0,,,https://www.okta.com/company/careers/opportunity/7919336?gh_jid=7919336
2026-08-25,OKTA,Okta,"Software Engineer II, Developer Tooling (Auth0)",SW Eng - Infrastructure-672,"Toronto, Ontario, Canada",product_eng,mid,0,0,0,,130900,https://www.okta.com/company/careers/opportunity/8103088?gh_jid=8103088
2026-08-25,OKTA,Okta,"Software Engineer II, End User Protection (Auth0)",Emerging Tech-694,"Toronto, Ontario, Canada",product_eng,mid,0,0,0,,130900,https://www.okta.com/company/careers/opportunity/7821930?gh_jid=7821930
2026-08-25,OKTA,Okta,"Software Engineer II, Frontend Agentic AI ",Digital Workers-816,"San Francisco, California",product_eng,mid,1,9,1,application,166000,https://www.okta.com/company/careers/opportunity/8139374?gh_jid=8139374
2026-08-25,OKTA,Okta,"Software Engineer II, Security Engineering (Auth0)",Security Engineering-695,"Toronto, Ontario, Canada",product_eng,mid,0,0,0,,130900,https://www.okta.com/company/careers/opportunity/8003538?gh_jid=8003538
2026-08-25,OKTA,Okta,Software Engineering Manager,Emerging Tech-694,"Bengaluru, India",product_eng,mid,0,0,0,,,https://www.okta.com/company/careers/opportunity/7602340?gh_jid=7602340
2026-08-25,OKTA,Okta,Software Engineering Manager - Core & Resilience Engineering,SW Eng - Infrastructure-672,"Bengaluru, India",product_eng,mid,0,0,0,,,https://www.okta.com/company/careers/opportunity/8001002?gh_jid=8001002
2026-08-25,OKTA,Okta,"Software Engineer Manager, Okta Developer Foundation",SW - Engineering Services-676,"Bengaluru, India",product_eng,mid,0,3,1,model_infra,,https://www.okta.com/company/careers/opportunity/7855584?gh_jid=7855584
2026-08-25,OKTA,Okta,"Software Engineer Manager, Okta Developer Foundation (ODF)",SW - Engineering Services-676,"Bengaluru, India",product_eng,mid,0,3,1,model_infra,,https://www.okta.com/company/careers/opportunity/8035192?gh_jid=8035192
2026-08-25,OKTA,Okta,"Software Engineer, Professional Services R&D",Professional Services-720,"Bengaluru, India",demand_validated,mid,0,0,0,,,https://www.okta.com/company/careers/opportunity/8056119?gh_jid=8056119
2026-08-25,OKTA,Okta,"Solutions Engineer, Okta",SE Leadership & Shared Services-323,"Bengaluru, India",demand_validated,mid,0,0,0,,,https://www.okta.com/company/careers/opportunity/8064221?gh_jid=8064221
2026-08-25,OKTA,Okta,"Solutions Engineer, Okta (Enterprise)",SE Field-321,"Washington, DC",demand_validated,mid,0,10,1,application|buzz,190000,https://www.okta.com/company/careers/opportunity/8051063?gh_jid=8051063
2026-08-25,OKTA,Okta,"Solutions Engineer, Okta (North East)",SE Field-321,"Connecticut; Massachusetts; New York, New York",demand_validated,mid,0,6,1,application,190000,https://www.okta.com/company/careers/opportunity/7607557?gh_jid=7607557
2026-08-25,OKTA,Okta,SOX Senior IT Auditor,Internal Audit-135,"Bengaluru, India",other,senior,0,0,0,,,https://www.okta.com/company/careers/opportunity/8079018?gh_jid=8079018
2026-08-25,OKTA,Okta,"Sr. Commercial Account Executive, Brazil ",Enterprise Sales-340,"São Paulo, Brazil",demand_validated,senior,0,0,0,,,https://www.okta.com/company/careers/opportunity/7574446?gh_jid=7574446
2026-08-25,OKTA,Okta,"Sr. Commercial Account Executive, North LATAM ",Corporate Sales-330,"Mexico City, Mexico",demand_validated,senior,0,0,0,,,https://www.okta.com/company/careers/opportunity/7588683?gh_jid=7588683
2026-08-25,OKTA,Okta,"Sr. Commercial Account Executive, South Cone",Corporate Sales-330,Uruguay,demand_validated,senior,0,0,0,,,https://www.okta.com/company/careers/opportunity/7586370?gh_jid=7586370
2026-08-25,OKTA,Okta,Sr. Customer Success Manager ,Customer Success Management-750,"Connecticut; Maryland; New Jersey; New York, New York; Washington, DC",demand_validated,senior,0,3,1,application,179450,https://www.okta.com/company/careers/opportunity/7930857?gh_jid=7930857
2026-08-25,OKTA,Okta,Sr Director of Global Deal Strategy,"Deal Strategy, Ops & Subs Compliance-123","San Francisco, California",other,director,0,0,0,,292400,https://www.okta.com/company/careers/opportunity/8103111?gh_jid=8103111
2026-08-25,OKTA,Okta,"Sr. Manager, GTM FP&A",FP&A-125,"San Francisco, California",other,senior,0,0,0,,205850,https://www.okta.com/company/careers/opportunity/8088636?gh_jid=8088636
2026-08-25,OKTA,Okta,"Sr. Manager, Marketing Analytics",Business Operations-150,"Bellevue, Washington; Chicago, Illinois",nontech,senior,0,0,0,,201500,https://www.okta.com/company/careers/opportunity/8138453?gh_jid=8138453
2026-08-25,OKTA,Okta, Sr. Product Manager - Agentic Security,Product Management-810,"Toronto, Ontario, Canada",product_eng,senior,0,7,1,application|buzz,182000,https://www.okta.com/company/careers/opportunity/8041551?gh_jid=8041551
2026-08-25,OKTA,Okta,Sr. Product Manager - Agentic Security,Product Management-810,"Bellevue, Washington; Chicago, Illinois; New York, New York; Washington, DC",product_eng,senior,0,7,1,application|buzz,211000,https://www.okta.com/company/careers/opportunity/8038929?gh_jid=8038929
2026-08-25,OKTA,Okta,"Sr. Technical Account Manager, Okta Strategic Customers",Technical Account Management-812,"London, United Kingdom; Paris, France",demand_validated,senior,0,3,1,application,,https://www.okta.com/company/careers/opportunity/7776839?gh_jid=7776839
2026-08-25,OKTA,Okta,Staff AI Security Engineer,Sec - Vulnerability Management & Sec Arch-772,"Bellevue, Washington; Chicago, Illinois; New York, New York; San Francisco, California; Washington, DC",product_eng,staff_principal,1,9,1,application,204250,https://www.okta.com/company/careers/opportunity/8084173?gh_jid=8084173
2026-08-25,OKTA,Okta,"Staff Backend Engineer, Identity Threat Protection ",SW Eng - Core Identity-670,"San Francisco, California",product_eng,staff_principal,0,0,0,,230500,https://www.okta.com/company/careers/opportunity/8053199?gh_jid=8053199
2026-08-25,OKTA,Okta,"Staff Backend Engineer, Passwordless",SW Eng - Core Identity-670,"Toronto, Ontario, Canada",product_eng,staff_principal,0,0,0,,190000,https://www.okta.com/company/careers/opportunity/8142022?gh_jid=8142022
2026-08-25,OKTA,Okta,Staff Backend Engineer ,SW Eng - Applications-674,"Bengaluru, India",product_eng,staff_principal,0,0,0,,,https://www.okta.com/company/careers/opportunity/8077094?gh_jid=8077094
2026-08-25,OKTA,Okta,"Staff Data Analyst, People Analytics",Total Rewards-132,"Bengaluru, India",other,staff_principal,0,5,0,buzz|general_medium,,https://www.okta.com/company/careers/opportunity/8141274?gh_jid=8141274
2026-08-25,OKTA,Okta,"Staff DevSecOps Engineer, Enterprise Technology",BT Go To Market Technology-173,"Bengaluru, India",product_eng,staff_principal,0,3,1,application,,https://www.okta.com/company/careers/opportunity/8130056?gh_jid=8130056
2026-08-25,OKTA,Okta,"Staff Engineer, FGA DevEx ",Emerging Tech-694,"Bengaluru, India",product_eng,staff_principal,0,0,0,,,https://www.okta.com/company/careers/opportunity/7703326?gh_jid=7703326
2026-08-25,OKTA,Okta,Staff Engineer - Fullstack,CIAM Devex-680,"Bengaluru, India",product_eng,staff_principal,0,0,0,,,https://www.okta.com/company/careers/opportunity/7593555?gh_jid=7593555
2026-08-25,OKTA,Okta,"Staff Engineer, Identity & Access Management",Sec - IAM-185,"Brisbane, Australia; Canberra, Australia; Melbourne, Australia; Sydney, Australia",product_eng,staff_principal,0,6,1,application,,https://www.okta.com/company/careers/opportunity/8048078?gh_jid=8048078
2026-08-25,OKTA,Okta,Staff Fullstack Engineer,SW Eng - Core Identity-670,"Bengaluru, India",product_eng,staff_principal,0,0,0,,,https://www.okta.com/company/careers/opportunity/8078400?gh_jid=8078400
2026-08-25,OKTA,Okta,Staff Fullstack Engineer,SW Eng - Core Identity-670,"Bengaluru, India",product_eng,staff_principal,0,0,0,,,https://www.okta.com/company/careers/opportunity/7929542?gh_jid=7929542
2026-08-25,OKTA,Okta,Staff Full-Stack Engineer ,SW Eng - Applications-674,"Bengaluru, India",product_eng,staff_principal,0,0,0,,,https://www.okta.com/company/careers/opportunity/7471202?gh_jid=7471202
2026-08-25,OKTA,Okta,"Staff FullStack Engineer, Okta Secures AI ",SW Eng - Applications-674,"Toronto, Ontario, Canada",product_eng,staff_principal,1,6,1,application,190000,https://www.okta.com/company/careers/opportunity/8120329?gh_jid=8120329
2026-08-25,OKTA,Okta,"Staff Machine Learning Engineer, Generative AI (Auth0)",Emerging Tech-694,"Toronto, Ontario, Canada",product_eng,staff_principal,1,40,1,application|buzz|general_medium|model_infra,199500,https://www.okta.com/company/careers/opportunity/8139696?gh_jid=8139696
2026-08-25,OKTA,Okta,Staff Platform Engineer (FedRAMP),SW Eng - Applications-674,"Bellevue, Washington; Chicago, Illinois; New York, New York; San Francisco, California; Washington, DC",product_eng,staff_principal,0,3,1,application,220500,https://www.okta.com/company/careers/opportunity/8064889?gh_jid=8064889
2026-08-25,OKTA,Okta,Staff Product Analyst,BT People Legal and Finance Technology-155,"San Francisco, California",other,staff_principal,0,1,0,buzz,175750,https://www.okta.com/company/careers/opportunity/7917957?gh_jid=7917957
2026-08-25,OKTA,Okta,Staff Product Designer,Product Design & UXR-650,"Bengaluru, India",product_eng,staff_principal,0,0,0,,,https://www.okta.com/company/careers/opportunity/7839840?gh_jid=7839840
2026-08-25,OKTA,Okta,Staff Product Designer (Auth0) ,Product Design & UXR-650,"New York, New York; San Francisco, California",product_eng,staff_principal,0,3,1,application,166500,https://www.okta.com/company/careers/opportunity/8078764?gh_jid=8078764
2026-08-25,OKTA,Okta,Staff Product Designer — AX & Growth (DLG),Product Design & UXR-650,"Bengaluru, India",product_eng,staff_principal,0,7,1,application|buzz,,https://www.okta.com/company/careers/opportunity/6923203?gh_jid=6923203
2026-08-25,OKTA,Okta,Staff Product Designer - Enterprise Access,Product Design & UXR-650,"Toronto, Ontario, Canada",product_eng,staff_principal,0,0,0,,166500,https://www.okta.com/company/careers/opportunity/7927435?gh_jid=7927435
2026-08-25,OKTA,Okta,"Staff Product Designer, Login and MFA (Auth0)",Product Design & UXR-650,"Toronto, Ontario, Canada",product_eng,staff_principal,0,0,0,,166250,https://www.okta.com/company/careers/opportunity/8137889?gh_jid=8137889
2026-08-25,OKTA,Okta,Staff Product Marketing Launch Operations Manager,Product Marketing-530,"Bellevue, Washington; Chicago, Illinois; San Francisco, California; Toronto, Ontario, Canada",nontech,staff_principal,0,0,0,,177000,https://www.okta.com/company/careers/opportunity/8131237?gh_jid=8131237
2026-08-25,OKTA,Okta,"Staff Product Marketing Manager, Privileged Access Management",Product Marketing-530,"Bellevue, Washington; Chicago, Illinois; San Francisco, California; Toronto, Ontario, Canada",nontech,staff_principal,0,0,0,,177000,https://www.okta.com/company/careers/opportunity/8070608?gh_jid=8070608
2026-08-25,OKTA,Okta,"Staff Product Marketing Manager, Security ",Product Marketing-530,"Bellevue, Washington; Chicago, Illinois; San Francisco, California; Toronto, Ontario, Canada",nontech,staff_principal,0,6,1,application,177300,https://www.okta.com/company/careers/opportunity/7559020?gh_jid=7559020
2026-08-25,OKTA,Okta,Staff Product Security Engineer,Sec - Product Security-771,"Bellevue, Washington; Chicago, Illinois; New York, New York; San Francisco, California; Washington, DC",product_eng,staff_principal,0,12,1,application|buzz|data_ml_ops|model_infra,204000,https://www.okta.com/company/careers/opportunity/7976658?gh_jid=7976658
2026-08-25,OKTA,Okta,"Staff Product Security Engineer, PSIRT",Sec - Product Security-771,"Barcelona, Spain",product_eng,staff_principal,0,0,0,,,https://www.okta.com/company/careers/opportunity/8087739?gh_jid=8087739
2026-08-25,OKTA,Okta,"Staff Product Security Engineer, Reviews",Sec - Product Security-771,"Bellevue, Washington; Chicago, Illinois; New York, New York; San Francisco, California; Toronto, Ontario, Canada; Washington, DC",product_eng,staff_principal,0,6,1,application,194250,https://www.okta.com/company/careers/opportunity/7976665?gh_jid=7976665
2026-08-25,OKTA,Okta,"Staff Security Engineer, TDI",BT Operations-165,"San Francisco, California",product_eng,staff_principal,0,6,1,application,159400,https://www.okta.com/company/careers/opportunity/8015013?gh_jid=8015013
2026-08-25,OKTA,Okta,Staff Site Reliability Engineer,Tech Ops-610,"Bengaluru, India",product_eng,staff_principal,0,0,0,,,https://www.okta.com/company/careers/opportunity/8059472?gh_jid=8059472
2026-08-25,OKTA,Okta,Staff Site Reliability Engineer,Tech Ops-610,"Bengaluru, India",product_eng,staff_principal,0,0,0,,,https://www.okta.com/company/careers/opportunity/8087718?gh_jid=8087718
2026-08-25,OKTA,Okta,Staff Site Reliability Engineer,Tech Ops-610,"Bengaluru, India",product_eng,staff_principal,0,0,0,,,https://www.okta.com/company/careers/opportunity/7840544?gh_jid=7840544
2026-08-25,OKTA,Okta,Staff Site Reliability Engineer - Core iDaaS,SW Eng - Infrastructure-672,"Bengaluru, India",product_eng,staff_principal,0,0,0,,,https://www.okta.com/company/careers/opportunity/7307866?gh_jid=7307866
2026-08-25,OKTA,Okta,Staff Site Reliability Engineer - Ecosystem,Tech Ops-610,"Bengaluru, India",product_eng,staff_principal,0,0,0,,,https://www.okta.com/company/careers/opportunity/8090568?gh_jid=8090568
2026-08-25,OKTA,Okta,"Staff Site Reliability Engineer, EPG (FedRAMP)",SW Eng - Infrastructure-672,"Bellevue, Washington; Chicago, Illinois; New York, New York; San Francisco, California; Washington, DC",product_eng,staff_principal,0,0,0,,220500,https://www.okta.com/company/careers/opportunity/8064877?gh_jid=8064877
2026-08-25,OKTA,Okta,"Staff Site Reliability Engineer, Federal (TS/SCI)",SW Eng - Infrastructure-672,"Washington, DC",product_eng,staff_principal,0,0,0,,206000,https://www.okta.com/company/careers/opportunity/8097489?gh_jid=8097489
2026-08-25,OKTA,Okta,Staff Site Reliability Engineer - Kubernetes,Tech Ops-610,"Bellevue, Washington; Chicago, Illinois; New York, New York; San Francisco, California; Washington, DC",product_eng,staff_principal,0,0,0,,220500,https://www.okta.com/company/careers/opportunity/7743339?gh_jid=7743339
2026-08-25,OKTA,Okta,"Staff Site Reliability Engineer, Security- GCP",Security Engineering-695,"Bengaluru, India",product_eng,staff_principal,0,0,0,,,https://www.okta.com/company/careers/opportunity/6671260?gh_jid=6671260
2026-08-25,OKTA,Okta,Staff Site Reliability Engineer - Splunk,Tech Ops-610,"Bellevue, Washington; Chicago, Illinois; New York, New York; San Francisco, California; Washington, DC",product_eng,staff_principal,0,0,0,,220500,https://www.okta.com/company/careers/opportunity/7658254?gh_jid=7658254
2026-08-25,OKTA,Okta,Staff Software Engineer,SW Eng - Applications-674,"Bengaluru, India",product_eng,staff_principal,0,0,0,,,https://www.okta.com/company/careers/opportunity/7892783?gh_jid=7892783
2026-08-25,OKTA,Okta,Staff Software Engineer,BT Go To Market Technology-173,"Bengaluru, India",product_eng,staff_principal,0,23,1,application|buzz,,https://www.okta.com/company/careers/opportunity/8087945?gh_jid=8087945
2026-08-25,OKTA,Okta,Staff Software Engineer,CIAM Devex-680,"Bengaluru, India",product_eng,staff_principal,0,0,0,,,https://www.okta.com/company/careers/opportunity/8034884?gh_jid=8034884
2026-08-25,OKTA,Okta,Staff Software Engineer ,SW Eng - Infrastructure-672,"Bengaluru, India",product_eng,staff_principal,0,7,1,application|buzz,,https://www.okta.com/company/careers/opportunity/8081016?gh_jid=8081016
2026-08-25,OKTA,Okta,Staff Software Engineer ,Spera Eng-722,"Tel Aviv, Israel",product_eng,staff_principal,0,3,1,application,,https://www.okta.com/company/careers/opportunity/8041857?gh_jid=8041857
2026-08-25,OKTA,Okta,Staff Software Engineer ,CIAM Devex-680,"Bengaluru, India",product_eng,staff_principal,0,3,1,application,,https://www.okta.com/company/careers/opportunity/8018310?gh_jid=8018310
2026-08-25,OKTA,Okta,Staff Software Engineer ,BT Go To Market Technology-173,"Warsaw, Poland",product_eng,staff_principal,0,26,1,application|buzz,,https://www.okta.com/company/careers/opportunity/7626022?gh_jid=7626022
2026-08-25,OKTA,Okta,Staff Software Engineer ,BT People Legal and Finance Technology-155,"Bengaluru, India",product_eng,staff_principal,0,7,1,application|buzz,,https://www.okta.com/company/careers/opportunity/7893046?gh_jid=7893046
2026-08-25,OKTA,Okta,"Staff Software Engineer, Agent Gateway",SW Eng - Core Identity-670,"San Francisco, California",product_eng,staff_principal,0,9,1,application,230500,https://www.okta.com/company/careers/opportunity/8108855?gh_jid=8108855
2026-08-25,OKTA,Okta,"Staff Software Engineer, AI Agentic Experience (Auth0)",Emerging Tech-694,"Toronto, Ontario, Canada",product_eng,staff_principal,1,7,1,application|buzz,190000,https://www.okta.com/company/careers/opportunity/7306066?gh_jid=7306066
2026-08-25,OKTA,Okta,"Staff Software Engineer, AI-Core (Federal)",SW Eng - Infrastructure-672,"San Francisco, California",product_eng,staff_principal,1,12,1,application,230500,https://www.okta.com/company/careers/opportunity/7917002?gh_jid=7917002
2026-08-25,OKTA,Okta,Staff Software Engineer - Android Device Authenticators,SW Eng - Core Identity-670,"Bengaluru, India",product_eng,staff_principal,0,0,0,,,https://www.okta.com/company/careers/opportunity/8007082?gh_jid=8007082
2026-08-25,OKTA,Okta,Staff Software Engineer - Backend,SW Eng - Core Identity-670,"Toronto, Ontario, Canada",product_eng,staff_principal,0,0,0,,195000,https://www.okta.com/company/careers/opportunity/7917929?gh_jid=7917929
2026-08-25,OKTA,Okta,Staff Software Engineer - Backend,SW Eng - Core Identity-670,"Bengaluru, India",product_eng,staff_principal,0,0,0,,,https://www.okta.com/company/careers/opportunity/8007085?gh_jid=8007085
2026-08-25,OKTA,Okta,"Staff Software Engineer, Backend",SW Eng - Core Identity-670,"Toronto, Ontario, Canada",product_eng,staff_principal,0,0,0,,190000,https://www.okta.com/company/careers/opportunity/8139936?gh_jid=8139936
2026-08-25,OKTA,Okta,"Staff Software Engineer, Core Infrastructure ",SW Eng - Infrastructure-672,"San Francisco, California",product_eng,staff_principal,0,3,1,model_infra,230500,https://www.okta.com/company/careers/opportunity/8081732?gh_jid=8081732
2026-08-25,OKTA,Okta,"Staff Software Engineer, Core Infrastructure ",SW Eng - Infrastructure-672,"Bengaluru, India",product_eng,staff_principal,0,0,0,,,https://www.okta.com/company/careers/opportunity/7273087?gh_jid=7273087
2026-08-25,OKTA,Okta,"Staff Software Engineer, Data Platform",SW Eng - Infrastructure-672,"Bengaluru, India",product_eng,staff_principal,0,2,0,data_ml_ops,,https://www.okta.com/company/careers/opportunity/8045905?gh_jid=8045905
2026-08-25,OKTA,Okta,"Staff Software Engineer, Data Platform (FedRAMP)",SW Eng - Infrastructure-672,"Bellevue, Washington; San Francisco, California",product_eng,staff_principal,0,2,0,data_ml_ops,220500,https://www.okta.com/company/careers/opportunity/7674814?gh_jid=7674814
2026-08-25,OKTA,Okta,"Staff Software Engineer, Delegated Administration (Auth0)",CIAM Devex-680,"Toronto, Ontario, Canada",product_eng,staff_principal,0,0,0,,190000,https://www.okta.com/company/careers/opportunity/7560775?gh_jid=7560775
2026-08-25,OKTA,Okta,"Staff Software Engineer, Developer Platform (Auth0)",CIAM Devex-680,"Toronto, Ontario, Canada",product_eng,staff_principal,0,9,1,application,190000,https://www.okta.com/company/careers/opportunity/8041360?gh_jid=8041360
2026-08-25,OKTA,Okta,Staff Software Engineer - Federal,Sec - Cyber Defense-774,"Washington, DC",product_eng,staff_principal,0,0,0,,191000,https://www.okta.com/company/careers/opportunity/7571064?gh_jid=7571064
2026-08-25,OKTA,Okta,"Staff Software Engineer, Identity Administration",SW Eng - Applications-674,"Bengaluru, India",product_eng,staff_principal,0,3,1,application,,https://www.okta.com/company/careers/opportunity/8147222?gh_jid=8147222
2026-08-25,OKTA,Okta,"Staff Software Engineer, Identity Administration",SW Eng - Applications-674,"Bengaluru, India",product_eng,staff_principal,0,3,1,application,,https://www.okta.com/company/careers/opportunity/8147071?gh_jid=8147071
2026-08-25,OKTA,Okta,"Staff Software Engineer, Identity Administration (Full Stack)",SW Eng - Applications-674,"Bengaluru, India",product_eng,staff_principal,0,0,0,,,https://www.okta.com/company/careers/opportunity/7831189?gh_jid=7831189
2026-08-25,OKTA,Okta,Staff Software Engineer in Test,Engineering Quality-630,"Bengaluru, India",product_eng,staff_principal,0,0,0,,,https://www.okta.com/company/careers/opportunity/8068775?gh_jid=8068775
2026-08-25,OKTA,Okta,"Staff Software Engineer in Test, Linux ",Engineering Quality-630,"Toronto, Ontario, Canada",product_eng,staff_principal,0,0,0,,166250,https://www.okta.com/company/careers/opportunity/8010671?gh_jid=8010671
2026-08-25,OKTA,Okta,"Staff Software Engineer, Java, Spring",SW Eng - Core Identity-670,"Bengaluru, India",product_eng,staff_principal,0,0,0,,,https://www.okta.com/company/careers/opportunity/7582318?gh_jid=7582318
2026-08-25,OKTA,Okta,"Staff Software Engineer, Java, Spring (Backend)",SW Eng - Core Identity-670,"Bengaluru, India",product_eng,staff_principal,0,0,0,,,https://www.okta.com/company/careers/opportunity/7916607?gh_jid=7916607
2026-08-25,OKTA,Okta,Staff Software Engineer - Lifecycle Management,SW Eng - Core Identity-670,"Bengaluru, India",product_eng,staff_principal,0,0,0,,,https://www.okta.com/company/careers/opportunity/6879868?gh_jid=6879868
2026-08-25,OKTA,Okta,Staff Software Engineer - Lifecycle Management,SW Eng - Applications-674,"Bengaluru, India",product_eng,staff_principal,0,0,0,,,https://www.okta.com/company/careers/opportunity/7882710?gh_jid=7882710
2026-08-25,OKTA,Okta,Staff Software Engineer - macOS,SW Eng - Core Identity-670,"Bengaluru, India",product_eng,staff_principal,0,0,0,,,https://www.okta.com/company/careers/opportunity/8007089?gh_jid=8007089
2026-08-25,OKTA,Okta,Staff Software Engineer - Node.js  (JavaScript or TypeScript),Emerging Tech-694,"Bengaluru, India",product_eng,staff_principal,0,0,0,,,https://www.okta.com/company/careers/opportunity/7602354?gh_jid=7602354
2026-08-25,OKTA,Okta,Staff Software Engineer - PAM,SW Eng - Applications-674,"Bengaluru, India",product_eng,staff_principal,0,3,1,application,,https://www.okta.com/company/careers/opportunity/8077108?gh_jid=8077108
2026-08-25,OKTA,Okta,"Staff Software Engineer, Resiliency (Federal)",SW Eng - Infrastructure-672,"San Francisco, California",product_eng,staff_principal,0,1,0,buzz,218500,https://www.okta.com/company/careers/opportunity/7745812?gh_jid=7745812
2026-08-25,OKTA,Okta,"Staff Software Engineer, Security",Security Engineering-695,"Bengaluru, India",product_eng,staff_principal,0,0,0,,,https://www.okta.com/company/careers/opportunity/6687504?gh_jid=6687504
2026-08-25,OKTA,Okta,"Staff Software Engineer, Streaming Foundations",SW Eng - Infrastructure-672,"Toronto, Ontario, Canada",product_eng,staff_principal,0,0,0,,190000,https://www.okta.com/company/careers/opportunity/8139280?gh_jid=8139280
2026-08-25,OKTA,Okta,Staff Software Engineer - UI Platform,SW Eng - Applications-674,"Toronto, Ontario, Canada",product_eng,staff_principal,0,0,0,,190000,https://www.okta.com/company/careers/opportunity/8021682?gh_jid=8021682
2026-08-25,OKTA,Okta,Staff Software Engineer - Windows,SW Eng - Core Identity-670,"Bengaluru, India",product_eng,staff_principal,0,0,0,,,https://www.okta.com/company/careers/opportunity/8007091?gh_jid=8007091
2026-08-25,OKTA,Okta,Staff Software Reliability Engineer - Data Platform,SW Eng - Infrastructure-672,"Toronto, Ontario, Canada",product_eng,staff_principal,0,2,0,data_ml_ops,190000,https://www.okta.com/company/careers/opportunity/8082028?gh_jid=8082028
2026-08-25,OKTA,Okta,"Staff SRE for Cloud Network Infrastructure Team (Managing edge in multi-cloud(AWS & GCP), mTLS, Global Routing, AI Automation)",SW Eng - Infrastructure-672,"Bengaluru, India",product_eng,staff_principal,1,6,1,application,,https://www.okta.com/company/careers/opportunity/8090773?gh_jid=8090773
2026-08-25,OKTA,Okta,"Staff SRE for K8s Platform Team (AWS, Kubernetes, Platform Creation, Helm, Karpenter, Istio)",Tech Ops-610,"Bengaluru, India",product_eng,staff_principal,0,0,0,,,https://www.okta.com/company/careers/opportunity/7839826?gh_jid=7839826
2026-08-25,OKTA,Okta,"Staff SRE for K8s Platform Team (AWS, Kubernetes, Platform Creation, Helm, Karpenter, Istio)",SW Eng - Infrastructure-672,"Bengaluru, India",product_eng,staff_principal,0,0,0,,,https://www.okta.com/company/careers/opportunity/8102369?gh_jid=8102369
2026-08-25,OKTA,Okta,"Staff TDI Site Reliability Engineer, Okta Federal",BT Workplace Technology-140,"San Francisco, California",product_eng,staff_principal,0,0,0,,206500,https://www.okta.com/company/careers/opportunity/8073062?gh_jid=8073062
2026-08-25,OKTA,Okta,"Staff TDI Site Reliability Engineer, Okta Federal",BT Workplace Technology-140,"Washington, DC",product_eng,staff_principal,0,0,0,,206500,https://www.okta.com/company/careers/opportunity/8073066?gh_jid=8073066
2026-08-25,OKTA,Okta,Staff Technical Writer,Developer Relations-490,"Bengaluru, India",other,staff_principal,0,1,0,buzz,,https://www.okta.com/company/careers/opportunity/8039090?gh_jid=8039090
2026-08-25,OKTA,Okta,Staff UI Software Engineer,SW Eng - Core Identity-670,"Bengaluru, India",product_eng,staff_principal,0,0,0,,,https://www.okta.com/company/careers/opportunity/7902410?gh_jid=7902410
2026-08-25,OKTA,Okta,Staff UX Researcher - AI Agents,Product Design & UXR-650,"Bellevue, Washington; Chicago, Illinois; New York, New York; San Francisco, California; Seattle, Washington; Toronto, Ontario, Canada; Washington, DC",research,staff_principal,1,9,1,application,190000,https://www.okta.com/company/careers/opportunity/8128490?gh_jid=8128490
2026-08-25,OKTA,Okta,Strategic Account Executive,Strategic Accounts-315,Arizona,demand_validated,mid,0,0,0,,366000,https://www.okta.com/company/careers/opportunity/8088491?gh_jid=8088491
2026-08-25,OKTA,Okta,Strategic Account Executive,Enterprise Sales-340,"Sydney, Australia",demand_validated,mid,0,3,1,application,,https://www.okta.com/company/careers/opportunity/8104751?gh_jid=8104751
2026-08-25,OKTA,Okta,Strategic Account Executive ,Strategic Accounts-315,Texas,demand_validated,mid,0,0,0,,365750,https://www.okta.com/company/careers/opportunity/8054427?gh_jid=8054427
2026-08-25,OKTA,Okta,"Strategic Account Executive, Auth0",Strategic Accounts-315,"Chicago, Illinois; Minnesota; Saint Louis, Missouri; Wisconsin",demand_validated,mid,0,0,0,,385000,https://www.okta.com/company/careers/opportunity/7465810?gh_jid=7465810
2026-08-25,OKTA,Okta,"Strategic Account Executive, Auth0",Strategic Accounts-315,"San Francisco, California",demand_validated,mid,0,0,0,,385000,https://www.okta.com/company/careers/opportunity/7463779?gh_jid=7463779
2026-08-25,OKTA,Okta,"Strategic Account Executive, New England",Strategic Accounts-315,Massachusetts,demand_validated,mid,0,0,0,,366000,https://www.okta.com/company/careers/opportunity/7883456?gh_jid=7883456
2026-08-25,OKTA,Okta,Strategic Account Executive Okta,Strategic Accounts-315,"Munich, Germany",demand_validated,mid,0,3,1,application,,https://www.okta.com/company/careers/opportunity/8040913?gh_jid=8040913
2026-08-25,OKTA,Okta,Strategic Account Executive UK/I,Strategic Accounts-315,"London, United Kingdom",demand_validated,mid,0,3,1,application,,https://www.okta.com/company/careers/opportunity/7988286?gh_jid=7988286
2026-08-25,OKTA,Okta,Success Insights Manager,Customer Acceleration - Digital Growth-761,"Chicago, Illinois; Toronto, Ontario, Canada",other,mid,0,10,1,application|buzz,145000,https://www.okta.com/company/careers/opportunity/7902204?gh_jid=7902204
2026-08-25,OKTA,Okta,"Tax Senior Analyst, Foreign Compliance and Reporting",Tax & Treasury-157,"Bengaluru, India",other,senior,0,0,0,,,https://www.okta.com/company/careers/opportunity/8079016?gh_jid=8079016
2026-08-25,OKTA,Okta,Technical Account Manager - Auth0,Technical Account Management-812,"London, United Kingdom",demand_validated,mid,0,0,0,,,https://www.okta.com/company/careers/opportunity/8143749?gh_jid=8143749
2026-08-25,OKTA,Okta,"Technical Account Manager, Auth0",Technical Account Management-812,"Tokyo, Japan",demand_validated,mid,0,0,0,,,https://www.okta.com/company/careers/opportunity/7671515?gh_jid=7671515
2026-08-25,OKTA,Okta,"Technical Account Manager, Okta",Technical Account Management-812,"Arkansas; Dallas, Texas",demand_validated,mid,0,0,0,,144000,https://www.okta.com/company/careers/opportunity/8056235?gh_jid=8056235
2026-08-25,OKTA,Okta,Technical Architect,Professional Services-720,"Bellevue, Washington; Chicago, Illinois; New York, New York; San Francisco, California; Toronto, Ontario, Canada",product_eng,mid,0,0,0,,254000,https://www.okta.com/company/careers/opportunity/7997938?gh_jid=7997938
2026-08-25,OKTA,Okta,Technical Architect ,Professional Services-720,"Washington, DC",product_eng,mid,0,0,0,,,https://www.okta.com/company/careers/opportunity/8011143?gh_jid=8011143
2026-08-25,OKTA,Okta,Technical Consultant,Professional Services-720,"Bellevue, Washington; Chicago, Illinois; New York, New York; San Francisco, California; Toronto, Ontario, Canada",other,mid,0,0,0,,155950,https://www.okta.com/company/careers/opportunity/7997944?gh_jid=7997944
2026-08-25,OKTA,Okta,"Vice President, Engineering - Authentication",CIAM Devex-680,"Bellevue, Washington; Chicago, Illinois; San Francisco, California",product_eng,exec,0,6,1,application,368400,https://www.okta.com/company/careers/opportunity/7909360?gh_jid=7909360
2026-08-25,OKTA,Okta,"Vice President of Enterprise Sales, East",Enterprise Sales-340,"Georgia; Massachusetts; New York, New York; Washington, DC",nontech,exec,0,0,0,,700000,https://www.okta.com/company/careers/opportunity/7660357?gh_jid=7660357
2026-08-25,OKTA,Okta,"Vice President, Product Management - Identity Management",Product Management-810,"Chicago, Illinois; New York, New York; San Francisco, California; Seattle, Washington",other,exec,0,0,0,,373000,https://www.okta.com/company/careers/opportunity/8014691?gh_jid=8014691
2026-08-25,GTLB,GitLab,Account Executive - Italy,EMEA - Commercial,"Remote, Italy",demand_validated,mid,0,1,0,buzz,,https://job-boards.greenhouse.io/gitlab/jobs/8503792002
2026-08-25,GTLB,GitLab,AI Engineer,Enterprise Applications,"Remote, Bangalore",product_eng,mid,1,16,1,application|buzz|model_infra,,https://job-boards.greenhouse.io/gitlab/jobs/8556658002
2026-08-25,GTLB,GitLab,"AI Transformation Owner, CRO",Enablement,"Remote, United States",other,mid,1,0,0,,187200,https://job-boards.greenhouse.io/gitlab/jobs/8638232002
2026-08-25,GTLB,GitLab,"AI Transformation Owner, Product & Design",AI,"Remote, Canada; Remote, United Kingdom; Remote, United States",other,mid,1,9,1,application,274400,https://job-boards.greenhouse.io/gitlab/jobs/8716179002
2026-08-25,GTLB,GitLab,Area Vice President - Financial Services ,AMER - Enterprise,"Remote, US",other,exec,0,0,0,,,https://job-boards.greenhouse.io/gitlab/jobs/8631068002
2026-08-25,GTLB,GitLab,Associate Solutions Architect (French or German fluency) ,SA,Remote Ireland,demand_validated,mid,0,1,0,buzz,,https://job-boards.greenhouse.io/gitlab/jobs/8675543002
2026-08-25,GTLB,GitLab,Associate Solutions Architect (French or German fluency) ,SA,"Remote, Spain",demand_validated,mid,0,1,0,buzz,,https://job-boards.greenhouse.io/gitlab/jobs/8687171002
2026-08-25,GTLB,GitLab,"Backend Engineer, AI Engineering: Duo Chat",AI Engineering,"Remote, Canada; Remote, United States",product_eng,mid,1,13,1,application|buzz,154800,https://job-boards.greenhouse.io/gitlab/jobs/8698314002
2026-08-25,GTLB,GitLab,"Backend Engineer, Geo Team",Platforms Engineering,"Bangalore, India",product_eng,mid,0,0,0,,,https://job-boards.greenhouse.io/gitlab/jobs/8695515002
2026-08-25,GTLB,GitLab,"Backend Engineer (Ruby), AI Engineering: Agent Observability",AI Engineering,"Remote, Canada",product_eng,mid,1,4,1,application|buzz,,https://job-boards.greenhouse.io/gitlab/jobs/8620720002
2026-08-25,GTLB,GitLab,Business Development Representative ,Sales Development,"Remote, EMEA; Remote, Germany; Remote, Ireland; Remote, Netherlands; Remote, United Kingdom",other,mid,0,1,0,buzz,,https://job-boards.greenhouse.io/gitlab/jobs/8532274002
2026-08-25,GTLB,GitLab,Business Development Representative ,Sales Development,"Remote, North America",other,mid,0,1,0,buzz,71500,https://job-boards.greenhouse.io/gitlab/jobs/8532272002
2026-08-25,GTLB,GitLab,"Business Development Representative, German Speaking",Sales Development,"Remote Ireland; Remote, Germany; Remote, Netherlands; Remote, United Kingdom",other,mid,0,1,0,buzz,,https://job-boards.greenhouse.io/gitlab/jobs/8691636002
2026-08-25,GTLB,GitLab,Business Development Representative - MENA   ,Sales Development,"Remote, UAE",other,mid,0,0,0,,,https://job-boards.greenhouse.io/gitlab/jobs/8608546002
2026-08-25,GTLB,GitLab,Business Development Representative - Nordics,Sales Development,"Remote Ireland; Remote, Germany; Remote, Netherlands; Remote, United Kingdom",other,mid,0,1,0,buzz,,https://job-boards.greenhouse.io/gitlab/jobs/8687381002
2026-08-25,GTLB,GitLab,Business Development Representative (Sydney or Melbourne),Sales Development,"Remote, Australia",other,mid,0,0,0,,,https://job-boards.greenhouse.io/gitlab/jobs/8736457002
2026-08-25,GTLB,GitLab,Commercial Account Executive - DACH,EMEA - Commercial,"Remote, Germany",demand_validated,mid,0,1,0,buzz,,https://job-boards.greenhouse.io/gitlab/jobs/8631153002
2026-08-25,GTLB,GitLab,Commercial Account Executive - Greece/Malta ,EMEA - Commercial,"Remote, France; Remote, Germany; Remote, Ireland; Remote, Italy; Remote, Spain; Remote, United Kingdom",demand_validated,mid,0,1,0,buzz,,https://job-boards.greenhouse.io/gitlab/jobs/8528922002
2026-08-25,GTLB,GitLab,Commercial Account Executive - MENA,EMEA - Commercial,"Remote, KSA",demand_validated,mid,0,1,0,buzz,,https://job-boards.greenhouse.io/gitlab/jobs/8638001002
2026-08-25,GTLB,GitLab,"Commercial Account Executive, Mexico",AMER - Commercial,"Remote, Mexico",demand_validated,mid,0,1,0,buzz,,https://job-boards.greenhouse.io/gitlab/jobs/8673657002
2026-08-25,GTLB,GitLab,"Commercial Account Executive - Mid-Market, Canada",AMER - Commercial,"Remote, Canada",demand_validated,mid,0,1,0,buzz,,https://job-boards.greenhouse.io/gitlab/jobs/8561622002
2026-08-25,GTLB,GitLab,"Commercial Account Executive - Named, US East",AMER - Commercial,"Remote, United States",demand_validated,mid,0,0,0,,110450,https://job-boards.greenhouse.io/gitlab/jobs/8611838002
2026-08-25,GTLB,GitLab,"Commercial Account Executive, Named - West",AMER - Commercial,"Remote, United States",demand_validated,mid,0,0,0,,122900,https://job-boards.greenhouse.io/gitlab/jobs/8592555002
2026-08-25,GTLB,GitLab,"Commercial Account Executive, Northern Cone",AMER - Commercial,"Remote, Mexico; Remote, United States",demand_validated,mid,0,1,0,buzz,,https://job-boards.greenhouse.io/gitlab/jobs/8684071002
2026-08-25,GTLB,GitLab,"Customer Success Architect, CEUR",Customer Success,"Remote, Germany",demand_validated,mid,0,0,0,,,https://job-boards.greenhouse.io/gitlab/jobs/8646852002
2026-08-25,GTLB,GitLab,"Customer Success Architect, EMEA",Customer Success,"Remote, Austria; Remote, France; Remote, Germany",demand_validated,mid,0,0,0,,,https://job-boards.greenhouse.io/gitlab/jobs/8561952002
2026-08-25,GTLB,GitLab,"Customer Success Engineer, LATAM (Spanish, Portugese) ",Customer Success,"Remote, Brazil; Remote, Mexico; Remote, United States",demand_validated,mid,0,0,0,,132000,https://job-boards.greenhouse.io/gitlab/jobs/8637426002
2026-08-25,GTLB,GitLab,Customer Success Manager,Customer Success,"Remote, North America",demand_validated,mid,0,0,0,,114600,https://job-boards.greenhouse.io/gitlab/jobs/8533016002
2026-08-25,GTLB,GitLab,Customer Success Manager - Australia,Customer Success,"Remote, Australia",demand_validated,mid,0,0,0,,,https://job-boards.greenhouse.io/gitlab/jobs/8548980002
2026-08-25,GTLB,GitLab,"Deal Desk Strategist, Philippines or India",Field Operations,"Remote, India; Remote, Phillipines",other,mid,0,1,0,buzz,,https://job-boards.greenhouse.io/gitlab/jobs/8648306002
2026-08-25,GTLB,GitLab,"Director, Engineering, Platform Operations & Productivity",Architecture Engineering,"Bangalore, India",product_eng,director,0,0,0,,,https://job-boards.greenhouse.io/gitlab/jobs/8626772002
2026-08-25,GTLB,GitLab,"Director of Engineering, Organizations & Cells",Architecture Engineering,"Bangalore, India",product_eng,director,0,3,1,application,,https://job-boards.greenhouse.io/gitlab/jobs/8696826002
2026-08-25,GTLB,GitLab,"Director of Engineering, Security Factory",Sec Engineering,"Remote, Israel; Remote, United Kingdom",product_eng,director,0,8,1,application|buzz,,https://job-boards.greenhouse.io/gitlab/jobs/8607104002
2026-08-25,GTLB,GitLab,"Director, Pipeline Excellence",Sales Development,"Remote, United States",other,director,0,0,0,,226800,https://job-boards.greenhouse.io/gitlab/jobs/8637101002
2026-08-25,GTLB,GitLab,"Director, Strategic Partnerships",Corporate Affairs,"Remote, US",other,director,0,2,0,buzz,226800,https://job-boards.greenhouse.io/gitlab/jobs/8615811002
2026-08-25,GTLB,GitLab,"Director, Support (Bengaluru)",Customer Support,"Bangalore, India",nontech,director,0,1,0,buzz,,https://job-boards.greenhouse.io/gitlab/jobs/8629019002
2026-08-25,GTLB,GitLab,"Director, Support (EMEA)",Customer Support,"Remote, United Kingdom",nontech,director,0,0,0,,,https://job-boards.greenhouse.io/gitlab/jobs/8629005002
2026-08-25,GTLB,GitLab,Ecosystem Sales Manager,Alliances and Channel,"Remote, United States",nontech,mid,0,0,0,,,https://job-boards.greenhouse.io/gitlab/jobs/8684201002
2026-08-25,GTLB,GitLab,"Ecosystem Sales Manager, Carahsoft (Washington DC)",Alliances and Channel,Remote,nontech,mid,0,0,0,,,https://job-boards.greenhouse.io/gitlab/jobs/8618771002
2026-08-25,GTLB,GitLab,Ecosystem Sales Manager: Scale,Alliances and Channel,Remote,nontech,mid,0,0,0,,,https://job-boards.greenhouse.io/gitlab/jobs/8640317002
2026-08-25,GTLB,GitLab,Enablement Content Manager,Enablement,"Remote, United States",nontech,mid,0,1,0,buzz,128000,https://job-boards.greenhouse.io/gitlab/jobs/8635277002
2026-08-25,GTLB,GitLab,"Engineering Manager, AI Engineering: Chat",AI Engineering,"Remote, Americas; Remote, Canada; Remote, United Kingdom",product_eng,mid,1,8,1,application|buzz,184400,https://job-boards.greenhouse.io/gitlab/jobs/8603824002
2026-08-25,GTLB,GitLab,"Engineering Manager, Build ",Platforms Engineering,"Remote, United Kingdom",product_eng,mid,0,0,0,,,https://job-boards.greenhouse.io/gitlab/jobs/8586667002
2026-08-25,GTLB,GitLab,"Engineering Manager, Cell Infrastructure",Tenant Scale Engineering,"Bangalore, India",product_eng,mid,0,3,1,application,,https://job-boards.greenhouse.io/gitlab/jobs/8615946002
2026-08-25,GTLB,GitLab,Engineering Manager - Database Change Management,Data Engineering,"Bangalore, India",product_eng,mid,0,0,0,,,https://job-boards.greenhouse.io/gitlab/jobs/8725566002
2026-08-25,GTLB,GitLab,"Engineering Manager, Data Foundations",Data Engineering,"Remote, US",product_eng,mid,0,0,0,,206000,https://job-boards.greenhouse.io/gitlab/jobs/8592950002
2026-08-25,GTLB,GitLab," Engineering Manager, Dedicated Integrations",Platforms Engineering,"Remote, United Kingdom",product_eng,mid,0,3,1,application,,https://job-boards.greenhouse.io/gitlab/jobs/8636648002
2026-08-25,GTLB,GitLab,"Engineering Manager, Gitlab Delivery: Upgrades",Platforms Engineering,"Bangalore, India",product_eng,mid,0,0,0,,,https://job-boards.greenhouse.io/gitlab/jobs/8463917002
2026-08-25,GTLB,GitLab,"Engineering Manager, Growth",Data Engineering,"Remote, Canada; Remote, US",product_eng,mid,0,0,0,,206000,https://job-boards.greenhouse.io/gitlab/jobs/8592891002
2026-08-25,GTLB,GitLab,"Engineering Manager, SSCS: Supply Chain",Sec Engineering,"Bangalore, India",product_eng,mid,0,0,0,,,https://job-boards.greenhouse.io/gitlab/jobs/8478405002
2026-08-25,GTLB,GitLab,"Engineering Manager, Switchboard",Platforms Engineering,"Remote, United Kingdom",product_eng,mid,0,0,0,,,https://job-boards.greenhouse.io/gitlab/jobs/8586632002
2026-08-25,GTLB,GitLab,"Engineering Manager, Tenant Scale:Git",Architecture Engineering,"Remote, Canada; Remote, United Kingdom; Remote, United States",product_eng,mid,0,0,0,,,https://job-boards.greenhouse.io/gitlab/jobs/8617538002
2026-08-25,GTLB,GitLab,Enterprise Account Executive - Singapore ,APAC - Enterprise,"Remote, Singapore",demand_validated,mid,0,1,0,buzz,,https://job-boards.greenhouse.io/gitlab/jobs/8640151002
2026-08-25,GTLB,GitLab,Forward Deployed Engineer - EMEA,Customer Experience,"Remote Ireland; Remote, Denmark; Remote, France; Remote, Germany; Remote, Italy; Remote, Netherlands; Remote, Sweden; Remote, United Kingdom",demand_validated,mid,0,6,1,application|buzz|data_ml_ops,,https://job-boards.greenhouse.io/gitlab/jobs/8522265002
2026-08-25,GTLB,GitLab,Forward Deployed Engineer - EMEA,Customer Experience,"Remote Ireland; Remote, Austria; Remote, Denmark; Remote, France; Remote, Germany; Remote, Netherlands; Remote, Switzerland; Remote, United Kingdom",demand_validated,mid,0,6,1,application|buzz|data_ml_ops,,https://job-boards.greenhouse.io/gitlab/jobs/8522408002
2026-08-25,GTLB,GitLab,Forward Deployed Engineer - META,Customer Experience,"Remote, United Arab Emirates",demand_validated,mid,0,6,1,application|buzz|data_ml_ops,,https://job-boards.greenhouse.io/gitlab/jobs/8524783002
2026-08-25,GTLB,GitLab,"FP&A Manager, R&D",FP&A,"Remote, Canada; Remote, US",other,mid,0,0,0,,154800,https://job-boards.greenhouse.io/gitlab/jobs/8626198002
2026-08-25,GTLB,GitLab,"Fullstack Engineer (TypeScript), AI Engineering: Duo Client SDK",AI Engineering,"Remote, Canada; Remote, United States",product_eng,mid,1,0,0,,154800,https://job-boards.greenhouse.io/gitlab/jobs/8698330002
2026-08-25,GTLB,GitLab,High Velocity Enablement Lead ,Enablement,"Remote, US",nontech,senior,0,0,0,,179500,https://job-boards.greenhouse.io/gitlab/jobs/8604633002
2026-08-25,GTLB,GitLab,Hyperscaler Operations Manager,Field Operations,"Remote, Canada; Remote, US",nontech,mid,0,3,1,application,140600,https://job-boards.greenhouse.io/gitlab/jobs/8632005002
2026-08-25,GTLB,GitLab,Intermediate Backend Engineer,Sec Engineering,"Bangalore, India",product_eng,mid,0,0,0,,,https://job-boards.greenhouse.io/gitlab/jobs/8686962002
2026-08-25,GTLB,GitLab,Intermediate Backend Engineer - Database Change Management,Data Engineering,"Bangalore, India",product_eng,mid,0,0,0,,,https://job-boards.greenhouse.io/gitlab/jobs/8722304002
2026-08-25,GTLB,GitLab,"Intermediate Backend Engineer, Platform Readiness",Platforms Engineering,"Remote, Canada; Remote, United States",product_eng,mid,0,6,1,application,,https://job-boards.greenhouse.io/gitlab/jobs/8644569002
2026-08-25,GTLB,GitLab,Intermediate Fullstack Engineer - Data Products,Data Engineering,"Bangalore, India",product_eng,mid,0,1,0,buzz,,https://job-boards.greenhouse.io/gitlab/jobs/8623751002
2026-08-25,GTLB,GitLab,"Intermediate Software Engineer, Security Factory: Vulnerability Management ",Sec Engineering,"Remote, Canada; Remote, Israel; Remote, United Kingdom",product_eng,mid,0,3,1,application,144000,https://job-boards.greenhouse.io/gitlab/jobs/8688078002
2026-08-25,GTLB,GitLab,Intermediate Support Engineer,Customer Support,"Bangalore, India",product_eng,mid,0,0,0,,,https://job-boards.greenhouse.io/gitlab/jobs/8687026002
2026-08-25,GTLB,GitLab,Intermediate Support Engineer (SHIFT),Customer Support,"Remote, United Kingdom",product_eng,mid,0,0,0,,,https://job-boards.greenhouse.io/gitlab/jobs/8684078002
2026-08-25,GTLB,GitLab,Intermediate Support Engineer (SHIFT) ,Customer Support,"Remote, United Kingdom",product_eng,mid,0,0,0,,,https://job-boards.greenhouse.io/gitlab/jobs/8684061002
2026-08-25,GTLB,GitLab,Lead Internal Events & Production Strategist,Engagement,"Remote, United States",other,intern,0,1,0,buzz,187000,https://job-boards.greenhouse.io/gitlab/jobs/8617777002
2026-08-25,GTLB,GitLab,Lead SEC Analyst,FP&A,"Remote, United States",other,senior,0,0,0,,187000,https://job-boards.greenhouse.io/gitlab/jobs/8633807002
2026-08-25,GTLB,GitLab,"Manager, Customer Success",Customer Success,"Remote, United States",demand_validated,mid,0,0,0,,,https://job-boards.greenhouse.io/gitlab/jobs/8691859002
2026-08-25,GTLB,GitLab,"Manager, Customer Success Managers, EMEA",Customer Success,"Remote, Austria; Remote, Germany",demand_validated,mid,0,0,0,,,https://job-boards.greenhouse.io/gitlab/jobs/8613199002
2026-08-25,GTLB,GitLab,"Manager, Engineering, Git & Gitaly Operations",Architecture Engineering,"Remote, Bangalore",product_eng,mid,0,0,0,,,https://job-boards.greenhouse.io/gitlab/jobs/8626740002
2026-08-25,GTLB,GitLab,"Manager, Engineering, Nonlinear Productivity (Friction Elimination & Solutions)",Architecture Engineering,"Remote, Bangalore",product_eng,mid,0,3,1,application,,https://job-boards.greenhouse.io/gitlab/jobs/8632388002
2026-08-25,GTLB,GitLab,"Manager, IT SOX PMO",Accounting,"Remote, United States",other,mid,0,1,0,buzz,154500,https://job-boards.greenhouse.io/gitlab/jobs/8643154002
2026-08-25,GTLB,GitLab,"Manager, Procurement",Procurement,"Remote, United States",other,mid,0,1,0,buzz,154800,https://job-boards.greenhouse.io/gitlab/jobs/8642786002
2026-08-25,GTLB,GitLab,"Manager, Solutions Architect - CEUR",SA,"Remote, Germany",demand_validated,mid,0,0,0,,,https://job-boards.greenhouse.io/gitlab/jobs/8626770002
2026-08-25,GTLB,GitLab,"Manager, Solutions Architect - India ",SA,"Remote, India",demand_validated,mid,0,0,0,,,https://job-boards.greenhouse.io/gitlab/jobs/8627761002
2026-08-25,GTLB,GitLab,"Manager, Solutions Architects - San Francisco ",SA,"Remote, US",demand_validated,mid,0,0,0,,192750,https://job-boards.greenhouse.io/gitlab/jobs/8396674002
2026-08-25,GTLB,GitLab,"Manager, Solutions Architecture - East ",SA,"Remote, United States",demand_validated,mid,0,0,0,,177750,https://job-boards.greenhouse.io/gitlab/jobs/8641849002
2026-08-25,GTLB,GitLab,"Manager, Solutions Architecture - UK&I",SA,"Remote, United Kingdom",demand_validated,mid,0,0,0,,,https://job-boards.greenhouse.io/gitlab/jobs/8626762002
2026-08-25,GTLB,GitLab,"Manager, Strategic Finance",FP&A,"Remote, United States",nontech,mid,0,1,0,buzz,154800,https://job-boards.greenhouse.io/gitlab/jobs/8639170002
2026-08-25,GTLB,GitLab,"Manager, Support Engineering, US Government",Customer Success - PubSec,"Remote, United States",product_eng,mid,0,0,0,,154800,https://job-boards.greenhouse.io/gitlab/jobs/8707385002
2026-08-25,GTLB,GitLab,New Business Account Executive - Nordics,New Business - EMEA,"Remote, Netherlands; Remote, Sweden",demand_validated,mid,0,1,0,buzz,,https://job-boards.greenhouse.io/gitlab/jobs/8615513002
2026-08-25,GTLB,GitLab,New Business Account Executive - West,New Business - AMER,"Remote, US",demand_validated,mid,0,1,0,buzz,118500,https://job-boards.greenhouse.io/gitlab/jobs/8615797002
2026-08-25,GTLB,GitLab,"Principal Product Manager, AI Software Factory",AI,"Remote, Canada; Remote, United States",product_eng,staff_principal,1,2,0,buzz,,https://job-boards.greenhouse.io/gitlab/jobs/8658878002
2026-08-25,GTLB,GitLab,"Principal Product Manager, Engineering Intelligence & Insights",Core DevOps,"Remote, Canada; Remote, US",product_eng,staff_principal,0,4,1,application|buzz,,https://job-boards.greenhouse.io/gitlab/jobs/8597813002
2026-08-25,GTLB,GitLab,"Principal Program Manager, Go-To-Market",Product Marketing,"Remote, Canada; Remote, United States",other,staff_principal,0,7,1,application|buzz,274400,https://job-boards.greenhouse.io/gitlab/jobs/8697215002
2026-08-25,GTLB,GitLab,Public Sector Strategic Account Executive - Canada,AMER - Enterprise,"Remote, Canada",demand_validated,mid,0,1,0,buzz,,https://job-boards.greenhouse.io/gitlab/jobs/8660935002
2026-08-25,GTLB,GitLab,"Public Sector Strategic Account Executive, SLED - Great Lakes",PubSec - SLED,"Remote, United States",demand_validated,mid,0,1,0,buzz,163600,https://job-boards.greenhouse.io/gitlab/jobs/8652942002
2026-08-25,GTLB,GitLab,"Public Sector Strategic Account Executive, SLED - Mountain Plains",PubSec - SLED,"Remote, United States",demand_validated,mid,0,1,0,buzz,163600,https://job-boards.greenhouse.io/gitlab/jobs/8649994002
2026-08-25,GTLB,GitLab,"Recruiter, Sales (Contract)",Talent Acquisition,"Remote, Canada; Remote, United States",nontech,mid,0,0,0,,,https://job-boards.greenhouse.io/gitlab/jobs/8662116002
2026-08-25,GTLB,GitLab,"Regional Sales Director, Public Sector - DoW",PubSec - FED,"Remote, United States",nontech,director,0,0,0,,198200,https://job-boards.greenhouse.io/gitlab/jobs/8721888002
2026-08-25,GTLB,GitLab,Renewals Manager - West   ,Renewals,"Remote, United States",other,mid,0,1,0,buzz,78960,https://job-boards.greenhouse.io/gitlab/jobs/8682749002
2026-08-25,GTLB,GitLab,Revenue Analytics Manager,Field Operations,"Remote, Canada; Remote, US",other,mid,0,3,1,application,170000,https://job-boards.greenhouse.io/gitlab/jobs/8616247002
2026-08-25,GTLB,GitLab,Revenue Technology Analyst,Field Operations,"Remote, Canada; Remote, US",other,mid,0,3,1,application,128000,https://job-boards.greenhouse.io/gitlab/jobs/8618795002
2026-08-25,GTLB,GitLab,"RPA Engineer, UiPath",Enterprise Applications,"Bangalore, India",product_eng,mid,0,4,1,application|buzz,,https://job-boards.greenhouse.io/gitlab/jobs/8705011002
2026-08-25,GTLB,GitLab,Senior Absence Management Partner,Total Rewards,"Remote Ireland; Remote, Poland; Remote, United Kingdom",other,senior,0,1,0,buzz,,https://job-boards.greenhouse.io/gitlab/jobs/8638385002
2026-08-25,GTLB,GitLab,Senior AI Engineer,Enterprise Applications,"Remote, US",product_eng,senior,1,16,1,application|buzz|model_infra,119000,https://job-boards.greenhouse.io/gitlab/jobs/8565469002
2026-08-25,GTLB,GitLab,"Senior Analyst, Sales Strategy ",Field Operations,"Remote, Canada; Remote, United States",nontech,senior,0,1,0,buzz,154800,https://job-boards.greenhouse.io/gitlab/jobs/8679047002
2026-08-25,GTLB,GitLab,Senior Assigned Support Engineer (AMER),Customer Support,"Remote, Canada; Remote, United States",product_eng,senior,0,0,0,,170000,https://job-boards.greenhouse.io/gitlab/jobs/8709925002
2026-08-25,GTLB,GitLab,Senior Assigned Support Engineer (EMEA),ASE,"Remote, Poland; Remote, United Kingdom",product_eng,senior,0,0,0,,,https://job-boards.greenhouse.io/gitlab/jobs/8645825002
2026-08-25,GTLB,GitLab,Senior Assigned Support Engineer (EMEA),ASE,"Remote, United Kingdom",product_eng,senior,0,0,0,,,https://job-boards.greenhouse.io/gitlab/jobs/8701290002
2026-08-25,GTLB,GitLab,Senior Backend Engineer,Engineering,"Bangalore, India",product_eng,senior,0,6,1,application,,https://job-boards.greenhouse.io/gitlab/jobs/8716143002
2026-08-25,GTLB,GitLab,Senior Backend Engineer,Engineering,"Remote, Poland; Remote, United Kingdom",product_eng,senior,0,6,1,application,,https://job-boards.greenhouse.io/gitlab/jobs/8716138002
2026-08-25,GTLB,GitLab,Senior Backend Engineer,Engineering,"Remote, Canada; Remote, United States",product_eng,senior,0,6,1,application,187200,https://job-boards.greenhouse.io/gitlab/jobs/8715968002
2026-08-25,GTLB,GitLab,"Senior Backend Engineer, AI Engineering: Chat   ",AI Engineering,"Remote, Canada; Remote, United Kingdom",product_eng,senior,1,11,1,application|buzz,,https://job-boards.greenhouse.io/gitlab/jobs/8621733002
2026-08-25,GTLB,GitLab,"Senior Backend Engineer, Analytics Instrumentation (Golang)",Data Engineering,"Remote, Canada; Remote, US",product_eng,senior,0,1,0,buzz,184800,https://job-boards.greenhouse.io/gitlab/jobs/8451512002
2026-08-25,GTLB,GitLab,"Senior Backend Engineer, Architecture Engineering: Nonlinear Productivity",Architecture Engineering,"Remote, Canada; Remote, United States",product_eng,senior,0,11,1,application|buzz|general_medium,187200,https://job-boards.greenhouse.io/gitlab/jobs/8646556002
2026-08-25,GTLB,GitLab,Senior Backend Engineer - Database Change Management,Data Engineering,"Bangalore, India",product_eng,senior,0,0,0,,,https://job-boards.greenhouse.io/gitlab/jobs/8716271002
2026-08-25,GTLB,GitLab,"Senior Backend Engineer, Deployment Environments",Platforms Engineering,"Remote, United Kingdom",product_eng,senior,0,0,0,,,https://job-boards.greenhouse.io/gitlab/jobs/8636713002
2026-08-25,GTLB,GitLab,"Senior Backend Engineer (Go), Tenant Scale: Gitaly ",Tenant Scale Engineering,"Remote, Poland; Remote, United Kingdom",product_eng,senior,0,0,0,,,https://job-boards.greenhouse.io/gitlab/jobs/8729451002
2026-08-25,GTLB,GitLab,Senior Backend Engineer - Monitoring and Anomaly Detection (Monetization),Data Engineering,"Remote, Bangalore",product_eng,senior,0,2,0,buzz,,https://job-boards.greenhouse.io/gitlab/jobs/8615319002
2026-08-25,GTLB,GitLab,Senior Backend Engineer - Platform Insights,Data Engineering,"Bangalore, India",product_eng,senior,0,0,0,,,https://job-boards.greenhouse.io/gitlab/jobs/8615439002
2026-08-25,GTLB,GitLab,Senior Backend Engineer - Platform Integrations (Monetization),Data Engineering,"Bangalore, India",product_eng,senior,0,0,0,,,https://job-boards.greenhouse.io/gitlab/jobs/8615322002
2026-08-25,GTLB,GitLab,"Senior Backend Engineer, Platform Readiness",Platforms Engineering,"Remote, Canada; Remote, United States",product_eng,senior,0,6,1,application,,https://job-boards.greenhouse.io/gitlab/jobs/8644572002
2026-08-25,GTLB,GitLab,"Senior Backend Engineer (Python), Agent Developer: Flow Components",AI Engineering,"Remote, United Kingdom",product_eng,senior,0,10,1,application|buzz,,https://job-boards.greenhouse.io/gitlab/jobs/8704363002
2026-08-25,GTLB,GitLab,"Senior Backend Engineer (Ruby), AI Engineering: AI Coding",AI Engineering,"Remote, United Kingdom",product_eng,senior,1,13,1,application|buzz|general_medium,,https://job-boards.greenhouse.io/gitlab/jobs/8621620002
2026-08-25,GTLB,GitLab,"Senior Backend Engineer (Ruby), AI Engineering: DAP Repository Flows",AI Engineering,"Remote, United Kingdom",product_eng,senior,1,10,1,application|buzz|model_infra,,https://job-boards.greenhouse.io/gitlab/jobs/8646595002
2026-08-25,GTLB,GitLab,"Senior Backend Engineer (Ruby on Rails), Plan: Planning Views",DevOps Engineering,"Bangalore, India",product_eng,senior,0,5,1,application|buzz,,https://job-boards.greenhouse.io/gitlab/jobs/8695815002
2026-08-25,GTLB,GitLab,"Senior Backend Engineer (Ruby), Plan: Portfolio Experience",DevOps Engineering,"Remote, Canada; Remote, United States",product_eng,senior,0,1,0,buzz,187200,https://job-boards.greenhouse.io/gitlab/jobs/8682707002
2026-08-25,GTLB,GitLab,"Senior Backend Engineer (Ruby), Plan: Spec-Driven Development",DevOps Engineering,"Remote, Poland; Remote, United Kingdom",product_eng,senior,0,7,1,application|buzz,,https://job-boards.greenhouse.io/gitlab/jobs/8682860002
2026-08-25,GTLB,GitLab,Senior Benefits Analyst,Total Rewards,"Remote Ireland; Remote, Poland; Remote, United Kingdom",other,senior,0,1,0,buzz,,https://job-boards.greenhouse.io/gitlab/jobs/8641816002
2026-08-25,GTLB,GitLab,"Senior Commercial Legal Counsel, APAC",Legal,"Remote, Japan; Remote, Philippines; Remote, Singapore",nontech,senior,0,0,0,,,https://job-boards.greenhouse.io/gitlab/jobs/8500014002
2026-08-25,GTLB,GitLab,Senior Customer Success Architect - Singapore,Customer Success,"Remote, Singapore",demand_validated,senior,0,0,0,,,https://job-boards.greenhouse.io/gitlab/jobs/8648304002
2026-08-25,GTLB,GitLab,Senior Customer Success Manager- Public Sector ,Customer Success - PubSec,"Remote, US",demand_validated,senior,0,0,0,,138900,https://job-boards.greenhouse.io/gitlab/jobs/8616005002
2026-08-25,GTLB,GitLab,"Senior Director, Associate General Counsel",Legal,"Remote, United States",nontech,director,0,0,0,,,https://job-boards.greenhouse.io/gitlab/jobs/8647506002
2026-08-25,GTLB,GitLab,"Senior Director, Internal Audit",Internal Audit,"Remote, United States",other,intern,0,1,0,buzz,274400,https://job-boards.greenhouse.io/gitlab/jobs/8700587002
2026-08-25,GTLB,GitLab,"Senior Director, People Business Partner",People Business Partners,"Remote, US",other,director,0,3,1,application,282600,https://job-boards.greenhouse.io/gitlab/jobs/8592710002
2026-08-25,GTLB,GitLab,"Senior Director, Revenue Analytics",Field Operations,"Remote, United States",other,director,0,0,0,,274400,https://job-boards.greenhouse.io/gitlab/jobs/8686820002
2026-08-25,GTLB,GitLab,"Senior Ecosystem Sales Manager, Japan",Alliances and Channel,"Remote, Japan",nontech,senior,0,0,0,,,https://job-boards.greenhouse.io/gitlab/jobs/8640173002
2026-08-25,GTLB,GitLab,Senior Engagement Manager - Germany,Practice Management,"Remote, Germany",other,senior,0,0,0,,,https://job-boards.greenhouse.io/gitlab/jobs/8725981002
2026-08-25,GTLB,GitLab,"Senior Engineering Manager, Non-Linear Productivity",Architecture Engineering,"Remote, Canada; Remote, United Kingdom; Remote, US",product_eng,senior,0,3,1,application,217500,https://job-boards.greenhouse.io/gitlab/jobs/8626290002
2026-08-25,GTLB,GitLab,"Senior FP&A Analyst, Corporate Finance",FP&A,"Remote, Canada; Remote, United States",nontech,senior,0,0,0,,154800,https://job-boards.greenhouse.io/gitlab/jobs/8621204002
2026-08-25,GTLB,GitLab,"Senior Frontend Engineer (Vue), Create:  Repository Management ",DevOps Engineering,"Remote, United Kingdom",product_eng,senior,0,1,0,buzz,,https://job-boards.greenhouse.io/gitlab/jobs/8636539002
2026-08-25,GTLB,GitLab,"Senior Fullstack Engineer, Marketing",Digital Experience,"Remote, United Kingdom",product_eng,senior,0,0,0,,,https://job-boards.greenhouse.io/gitlab/jobs/8697493002
2026-08-25,GTLB,GitLab,"Senior Internal Auditor, Technology",Internal Audit,"Remote, Canada; Remote, United States",other,intern,0,2,0,buzz,116400,https://job-boards.greenhouse.io/gitlab/jobs/8643077002
2026-08-25,GTLB,GitLab,Senior Lifecycle Marketing Manager,Digital Marketing,"Remote, Canada; Remote, United States",nontech,senior,0,0,0,,154800,https://job-boards.greenhouse.io/gitlab/jobs/8637075002
2026-08-25,GTLB,GitLab,"Senior Manager, Internal Audit - Audit Automation & Technology Risk",Internal Audit,"Bangalore, India",other,intern,0,4,1,application|buzz,,https://job-boards.greenhouse.io/gitlab/jobs/8642850002
2026-08-25,GTLB,GitLab,"Senior Manager, Product Management: Agentic Software Delivery",Core DevOps,"Remote, Canada; Remote, US",other,senior,0,7,1,application|buzz,,https://job-boards.greenhouse.io/gitlab/jobs/8597826002
2026-08-25,GTLB,GitLab,"Senior Manager, Product Security Engineering (Security Posture & Supply Chain)",Product Security,"Remote, Canada; Remote, Israel; Remote, United Kingdom; Remote, United States",product_eng,senior,0,0,0,,206500,https://job-boards.greenhouse.io/gitlab/jobs/8722934002
2026-08-25,GTLB,GitLab,"Senior Manager, Solutions Architect - Australia & New Zealand",SA,"Remote, Australia",demand_validated,senior,0,0,0,,,https://job-boards.greenhouse.io/gitlab/jobs/8627764002
2026-08-25,GTLB,GitLab,Senior Migration Engineer - GitLab Dedicated,Dedicated Migrations,"Remote, United States",product_eng,senior,0,0,0,,206000,https://job-boards.greenhouse.io/gitlab/jobs/8710061002
2026-08-25,GTLB,GitLab,Senior Named Account Executive - DACH,EMEA - Commercial,"Remote, Germany",demand_validated,senior,0,1,0,buzz,,https://job-boards.greenhouse.io/gitlab/jobs/8627798002
2026-08-25,GTLB,GitLab,Senior People Analytics Analyst,Engagement,"Remote, United States",other,senior,0,1,0,buzz,154500,https://job-boards.greenhouse.io/gitlab/jobs/8617615002
2026-08-25,GTLB,GitLab,"Senior People Business Partner, Product & Marketing",People Business Partners,"Remote, United States",nontech,senior,0,0,0,,154500,https://job-boards.greenhouse.io/gitlab/jobs/8617848002
2026-08-25,GTLB,GitLab,"Senior Product Designer, AI",Product Design,"Remote, Canada; Remote, US",product_eng,senior,1,7,1,application|buzz,170000,https://job-boards.greenhouse.io/gitlab/jobs/8464608002
2026-08-25,GTLB,GitLab,"Senior Product Manager, Growth",Office of CPO,"Remote, Canada; Remote, United States",product_eng,senior,0,3,1,application,,https://job-boards.greenhouse.io/gitlab/jobs/8684348002
2026-08-25,GTLB,GitLab,"Senior Product Manager, Secret Detection and Vulnerability Research",Security & Compliance,"Remote, United States",product_eng,senior,0,3,1,application,,https://job-boards.greenhouse.io/gitlab/jobs/8697043002
2026-08-25,GTLB,GitLab,"Senior Product Manager, Source Code",Core DevOps,"Remote, Canada; Remote, US",product_eng,senior,0,4,1,application|buzz,187200,https://job-boards.greenhouse.io/gitlab/jobs/8597805002
2026-08-25,GTLB,GitLab,"Senior Product Manager, Tenant Scale",Platforms,"Remote, Canada; Remote, US",product_eng,senior,0,0,0,,187200,https://job-boards.greenhouse.io/gitlab/jobs/8512220002
2026-08-25,GTLB,GitLab,Senior Professional Services Engineer - Japan,Customer Experience,"Remote, Japan",demand_validated,senior,0,0,0,,,https://job-boards.greenhouse.io/gitlab/jobs/8623542002
2026-08-25,GTLB,GitLab,Senior Professional Services Project Manager (EMEA),Consulting Delivery,Remote,demand_validated,senior,0,0,0,,,https://job-boards.greenhouse.io/gitlab/jobs/8622433002
2026-08-25,GTLB,GitLab,"Senior Program Manager, Enterprise Technology and AI",Enterprise Applications,"Remote, Poland",other,senior,1,0,0,,,https://job-boards.greenhouse.io/gitlab/jobs/8687246002
2026-08-25,GTLB,GitLab,Senior Revenue Analytics Analyst,Field Operations,"Remote, Canada; Remote, US",other,senior,0,1,0,buzz,154800,https://job-boards.greenhouse.io/gitlab/jobs/8616308002
2026-08-25,GTLB,GitLab,"Senior Software Engineer (Typescript), AI Clients: Duo CLI",AI Engineering,"Remote, Poland; Remote, United Kingdom",product_eng,senior,1,0,0,,,https://job-boards.greenhouse.io/gitlab/jobs/8693103002
2026-08-25,GTLB,GitLab,Senior Software Security Engineer,Security Operations,"Bangalore, India; Remote, Canada; Remote, Israel; Remote, United Kingdom; Remote, United States",product_eng,senior,0,6,1,application,167600,https://job-boards.greenhouse.io/gitlab/jobs/8637549002
2026-08-25,GTLB,GitLab,Senior Solutions Architect,SA,"Remote, United Kingdom",demand_validated,senior,0,1,0,buzz,,https://job-boards.greenhouse.io/gitlab/jobs/8611764002
2026-08-25,GTLB,GitLab,Senior Solutions Architect - AI & Platforms SME,SA,"Remote, Australia; Remote, Singapore",demand_validated,senior,1,7,1,application|buzz,,https://job-boards.greenhouse.io/gitlab/jobs/8476375002
2026-08-25,GTLB,GitLab,Senior Solutions Architect- Australia and New Zealand,SA,"Remote, Australia",demand_validated,senior,0,1,0,buzz,,https://job-boards.greenhouse.io/gitlab/jobs/8627772002
2026-08-25,GTLB,GitLab,Senior Solutions Architect - East,SA,"Remote, US",demand_validated,senior,0,1,0,buzz,184300,https://job-boards.greenhouse.io/gitlab/jobs/8627207002
2026-08-25,GTLB,GitLab,Senior Solutions Architect (Singapore) ,SA,"Remote, Singapore",demand_validated,senior,0,4,1,application|buzz,,https://job-boards.greenhouse.io/gitlab/jobs/8627768002
2026-08-25,GTLB,GitLab,Senior Solutions Architect - Turkey,SA,"Remote, Turkey",demand_validated,senior,0,1,0,buzz,,https://job-boards.greenhouse.io/gitlab/jobs/8627022002
2026-08-25,GTLB,GitLab,Senior Support Engineer,Customer Support,"Remote, South Korea",product_eng,senior,0,0,0,,,https://job-boards.greenhouse.io/gitlab/jobs/8692880002
2026-08-25,GTLB,GitLab,Senior Support Engineer,Customer Support,"Bangalore, India",product_eng,senior,0,0,0,,,https://job-boards.greenhouse.io/gitlab/jobs/8692874002
2026-08-25,GTLB,GitLab,Senior TA Operations Specialist,Talent Acquisition,"Remote, US",nontech,senior,0,9,1,application,125500,https://job-boards.greenhouse.io/gitlab/jobs/8588547002
2026-08-25,GTLB,GitLab,Senior Team Member Relations Partner,People Business Partners,"Remote, Canada; Remote, United States",other,senior,0,0,0,,140600,https://job-boards.greenhouse.io/gitlab/jobs/8675124002
2026-08-25,GTLB,GitLab,Senior Threat Intelligence Engineer ,Security Operations,"Remote, Canada; Remote, India; Remote, US",product_eng,senior,0,0,0,,170000,https://job-boards.greenhouse.io/gitlab/jobs/8631175002
2026-08-25,GTLB,GitLab,"Site Reliability Engineer, Intermediate to Senior Staff — Infrastructure Platforms",Platforms Engineering,"Remote, Canada; Remote, United Kingdom; Remote, US",product_eng,staff_principal,0,0,0,,220400,https://job-boards.greenhouse.io/gitlab/jobs/8623389002
2026-08-25,GTLB,GitLab,Solutions Architect,SA,"Remote, United Kingdom",demand_validated,mid,0,1,0,buzz,,https://job-boards.greenhouse.io/gitlab/jobs/8611767002
2026-08-25,GTLB,GitLab,Solutions Architect - France,SA,"Remote, France",demand_validated,mid,0,1,0,buzz,,https://job-boards.greenhouse.io/gitlab/jobs/8656506002
2026-08-25,GTLB,GitLab,Solutions Architect - MENA,SA,"Remote, KSA; Remote, UAE",demand_validated,mid,0,1,0,buzz,,https://job-boards.greenhouse.io/gitlab/jobs/8611700002
2026-08-25,GTLB,GitLab,Staff Account Based Marketing Manager,Digital Marketing,"Remote, Canada; Remote, United States",nontech,staff_principal,0,0,0,,187200,https://job-boards.greenhouse.io/gitlab/jobs/8637579002
2026-08-25,GTLB,GitLab,"Staff Backend Engineer, Architecture Engineering: Nonlinear Productivity",Architecture Engineering,"Remote, Canada; Remote, United States",product_eng,staff_principal,0,13,1,application|general_medium,206000,https://job-boards.greenhouse.io/gitlab/jobs/8646544002
2026-08-25,GTLB,GitLab,"Staff Backend Engineer, Gitlab Delivery: Upgrades",Platforms Engineering,"Bangalore, India",product_eng,staff_principal,0,0,0,,,https://job-boards.greenhouse.io/gitlab/jobs/8463922002
2026-08-25,GTLB,GitLab,"Staff Backend Engineer (Go), Events Platform",DevOps Engineering,"Bangalore, India",product_eng,staff_principal,0,0,0,,,https://job-boards.greenhouse.io/gitlab/jobs/8488961002
2026-08-25,GTLB,GitLab,Staff Backend Engineer - Monitoring and Anomaly Detection (Monetization),Data Engineering,"Bangalore, India",product_eng,staff_principal,0,2,0,buzz,,https://job-boards.greenhouse.io/gitlab/jobs/8615268002
2026-08-25,GTLB,GitLab,"Staff Backend Engineer (Ruby), AI Engineering: DAP Repository Flows",AI Engineering,"Remote, Canada; Remote, United States",product_eng,staff_principal,1,10,1,application|buzz|model_infra,206000,https://job-boards.greenhouse.io/gitlab/jobs/8646573002
2026-08-25,GTLB,GitLab,"Staff Backend Engineer (Ruby on Rails/AI), Verify",DevOps Engineering,"Remote, United Kingdom",product_eng,staff_principal,1,13,1,application|buzz,,https://job-boards.greenhouse.io/gitlab/jobs/8448283002
2026-08-25,GTLB,GitLab,"Staff Backend Engineer,  Software Supply Chain Security",Sec Engineering,"Bangalore, India",product_eng,staff_principal,0,0,0,,,https://job-boards.greenhouse.io/gitlab/jobs/8480559002
2026-08-25,GTLB,GitLab,"Staff Engineer, People Technology",People Operations,"Remote, Canada; Remote, United States",product_eng,staff_principal,0,6,1,application,170000,https://job-boards.greenhouse.io/gitlab/jobs/8638295002
2026-08-25,GTLB,GitLab,Staff Forward Deployed Engineer,Customer Experience,"Remote, US",demand_validated,staff_principal,0,5,1,application|data_ml_ops,275500,https://job-boards.greenhouse.io/gitlab/jobs/8512432002
2026-08-25,GTLB,GitLab,Staff Fullstack Engineer - Data Products,Data Engineering,"Bangalore, India",product_eng,staff_principal,0,0,0,,,https://job-boards.greenhouse.io/gitlab/jobs/8613165002
2026-08-25,GTLB,GitLab,Staff Fullstack Engineer - Data Products,Data Engineering,"Bangalore, India",product_eng,staff_principal,0,0,0,,,https://job-boards.greenhouse.io/gitlab/jobs/8623763002
2026-08-25,GTLB,GitLab,"Staff HRIS Analyst, People Technology - Workday",People Operations,"Remote, US",other,staff_principal,0,0,0,,170000,https://job-boards.greenhouse.io/gitlab/jobs/8574978002
2026-08-25,GTLB,GitLab,Staff Infrastructure Security Engineer ,Product Security,"Remote, India; Remote, Israel; Remote, United Kingdom; Remote, US",product_eng,staff_principal,0,0,0,,,https://job-boards.greenhouse.io/gitlab/jobs/8514960002
2026-08-25,GTLB,GitLab,Staff Lifecycle Marketing Manager,Digital Marketing,"Remote, Canada; Remote, US",nontech,staff_principal,0,0,0,,187200,https://job-boards.greenhouse.io/gitlab/jobs/8610952002
2026-08-25,GTLB,GitLab,"Staff Product Manager,  RevOps & Finance Systems",Enterprise Applications,"Remote, US",product_eng,staff_principal,0,0,0,,,https://job-boards.greenhouse.io/gitlab/jobs/8612937002
2026-08-25,GTLB,GitLab,Staff Software Engineer,AI Engineering,"Bangalore, India",product_eng,staff_principal,0,1,0,buzz,,https://job-boards.greenhouse.io/gitlab/jobs/8632496002
2026-08-25,GTLB,GitLab,"Staff Systems Engineer, IT ",Corporate IT,"Remote, United States",product_eng,staff_principal,0,3,1,application,169800,https://job-boards.greenhouse.io/gitlab/jobs/8705017002
2026-08-25,GTLB,GitLab,"Strategic Account Executive, AI - San Francisco ",AMER - Enterprise,"Remote, US",demand_validated,mid,1,1,0,buzz,155300,https://job-boards.greenhouse.io/gitlab/jobs/8604630002
2026-08-25,GTLB,GitLab,"Strategic Account Executive, Germany (Ent Industry)",EMEA - Enterprise,"Remote, Germany",demand_validated,mid,0,1,0,buzz,,https://job-boards.greenhouse.io/gitlab/jobs/8520248002
2026-08-25,GTLB,GitLab,Strategic Account Executive - MENA,EMEA - Enterprise,"Remote, KSA; Remote, UAE",demand_validated,mid,0,1,0,buzz,,https://job-boards.greenhouse.io/gitlab/jobs/8637995002
2026-08-25,GTLB,GitLab,"Strategic Account Executive, Poland",EMEA - Enterprise,Remote,demand_validated,mid,0,1,0,buzz,,https://job-boards.greenhouse.io/gitlab/jobs/8675560002
2026-08-25,GTLB,GitLab,Strategic Account Executive - Seattle ,AMER - Enterprise,"Remote, United States",demand_validated,mid,0,1,0,buzz,155300,https://job-boards.greenhouse.io/gitlab/jobs/8706202002
2026-08-25,GTLB,GitLab,Strategic Account Executive - South Africa,EMEA - Enterprise,"Remote, United Arab Emirates",demand_validated,mid,0,0,0,,,https://job-boards.greenhouse.io/gitlab/jobs/8555134002
2026-08-25,GTLB,GitLab,"Strategic Account Executive, Southeast",AMER - Enterprise,"Remote, United States",demand_validated,mid,0,1,0,buzz,148700,https://job-boards.greenhouse.io/gitlab/jobs/8656848002
2026-08-25,GTLB,GitLab,Strategic Account Executive - Turkey,EMEA - Commercial,"Remote Ireland; Remote, France; Remote, Germany; Remote, Italy; Remote, Spain; Remote, United Kingdom",demand_validated,mid,0,0,0,,,https://job-boards.greenhouse.io/gitlab/jobs/8617751002
2026-08-25,GTLB,GitLab,Strategic Account Executive - Turkey ,EMEA - Enterprise,"Remote, Turkey",demand_validated,mid,0,0,0,,,https://job-boards.greenhouse.io/gitlab/jobs/8609979002
2026-08-25,GTLB,GitLab,Support Engineer (AMER),Customer Support,"Remote, Canada; Remote, United States",product_eng,mid,0,0,0,,116450,https://job-boards.greenhouse.io/gitlab/jobs/8654230002
2026-08-25,GTLB,GitLab,"Support Engineer, U.S. Government Support",Customer Success - PubSec,"Remote, US",product_eng,mid,0,3,1,application,128000,https://job-boards.greenhouse.io/gitlab/jobs/8628780002
2026-08-25,GTLB,GitLab,"Support Engineer, U.S. Government Support",Customer Success - PubSec,"Remote, United States",product_eng,mid,0,3,1,application,128000,https://job-boards.greenhouse.io/gitlab/jobs/8707353002
2026-08-25,GTLB,GitLab,Tech Operations Specialist,Enablement,"Remote, United States",nontech,mid,0,0,0,,128000,https://job-boards.greenhouse.io/gitlab/jobs/8638246002
2026-08-25,GTLB,GitLab,Territory Sales Manager ,JAPAN - Enterprise,"Remote, Japan",nontech,mid,0,1,0,buzz,,https://job-boards.greenhouse.io/gitlab/jobs/8591223002
2026-08-25,GTLB,GitLab,"Vice President, Data & Insights",Data,"Remote, US",other,exec,0,4,1,application|buzz,,https://job-boards.greenhouse.io/gitlab/jobs/8510676002
2026-08-25,FIG,Figma,"Account Executive, Emerging Enterprise (Berlin, Germany)",Sales,"Berlin, Germany",demand_validated,mid,0,0,0,,,https://boards.greenhouse.io/figma/jobs/5364702004?gh_jid=5364702004
2026-08-25,FIG,Figma,"Account Executive, Enterprise",Sales,"San Francisco, CA • New York, NY • United States",demand_validated,mid,0,0,0,,177500,https://boards.greenhouse.io/figma/jobs/5426468004?gh_jid=5426468004
2026-08-25,FIG,Figma,"Account Executive, Enterprise (Bengaluru, India)",Sales,"Bengaluru, India",demand_validated,mid,0,0,0,,,https://boards.greenhouse.io/figma/jobs/5579204004?gh_jid=5579204004
2026-08-25,FIG,Figma,"Account Executive, Enterprise (Berlin, Germany)",Sales,"Berlin, Germany",demand_validated,mid,0,0,0,,,https://boards.greenhouse.io/figma/jobs/5783812004?gh_jid=5783812004
2026-08-25,FIG,Figma,"Account Executive, Enterprise (Paris, France) ",Sales,"Paris, France",demand_validated,mid,0,0,0,,,https://boards.greenhouse.io/figma/jobs/5428656004?gh_jid=5428656004
2026-08-25,FIG,Figma,"Account Executive, Enterprise (Singapore)",Sales,Singapore,demand_validated,mid,0,0,0,,,https://boards.greenhouse.io/figma/jobs/5753209004?gh_jid=5753209004
2026-08-25,FIG,Figma,"Account Executive, Enterprise (Sydney or Melbourne, Australia)",Sales,"Sydney, Australia • Melbourne, Australia",demand_validated,mid,0,0,0,,,https://boards.greenhouse.io/figma/jobs/5803515004?gh_jid=5803515004
2026-08-25,FIG,Figma,"Account Executive, Enterprise (Tokyo, Japan) ",Sales,"Tokyo, Japan",demand_validated,mid,0,0,0,,,https://boards.greenhouse.io/figma/jobs/5806875004?gh_jid=5806875004
2026-08-25,FIG,Figma,"Account Executive, Federal - Civilian",Sales,"Washington, DC",demand_validated,mid,0,0,0,,177500,https://boards.greenhouse.io/figma/jobs/6143113004?gh_jid=6143113004
2026-08-25,FIG,Figma,"Account Executive, Mid-Market",Sales,"San Francisco, CA • New York, NY • United States",demand_validated,mid,0,0,0,,110000,https://boards.greenhouse.io/figma/jobs/5422236004?gh_jid=5422236004
2026-08-25,FIG,Figma,"Account Executive, Mid-Market (London, United Kingdom)",Sales,"London, England",demand_validated,mid,0,0,0,,,https://boards.greenhouse.io/figma/jobs/5415515004?gh_jid=5415515004
2026-08-25,FIG,Figma,"Account Executive, Mid-Market (Paris, France)",Sales,"Paris, France",demand_validated,mid,0,0,0,,,https://boards.greenhouse.io/figma/jobs/5844225004?gh_jid=5844225004
2026-08-25,FIG,Figma,"Account Executive, Mid-Market (Sydney, Australia)",Sales,"Sydney, Australia",demand_validated,mid,0,0,0,,,https://boards.greenhouse.io/figma/jobs/6117206004?gh_jid=6117206004
2026-08-25,FIG,Figma,"Account Executive, SMB ",Sales,"San Francisco, CA • New York, NY",demand_validated,mid,0,0,0,,70500,https://boards.greenhouse.io/figma/jobs/5694259004?gh_jid=5694259004
2026-08-25,FIG,Figma,"Account Executive, SMB (Berlin, Germany)",Sales,"Berlin, Germany",demand_validated,mid,0,0,0,,,https://boards.greenhouse.io/figma/jobs/5985397004?gh_jid=5985397004
2026-08-25,FIG,Figma,"Account Executive, SMB (London, United Kingdom)",Sales,"London, England",demand_validated,mid,0,0,0,,,https://boards.greenhouse.io/figma/jobs/5647851004?gh_jid=5647851004
2026-08-25,FIG,Figma,"Account Executive, SMB (Paris, France)",Sales,"Paris, France",demand_validated,mid,0,0,0,,,https://boards.greenhouse.io/figma/jobs/5675771004?gh_jid=5675771004
2026-08-25,FIG,Figma,"Account Executive, SMB (Tokyo, Japan) ",Sales,"Tokyo, Japan",demand_validated,mid,0,0,0,,,https://boards.greenhouse.io/figma/jobs/5729844004?gh_jid=5729844004
2026-08-25,FIG,Figma,"Account Executive, Strategic",Sales,"San Francisco, CA • New York, NY • United States",demand_validated,mid,0,0,0,,200000,https://boards.greenhouse.io/figma/jobs/5558737004?gh_jid=5558737004
2026-08-25,FIG,Figma,"Account Executive, Strategic (Paris, France) ",Sales,"Paris, France",demand_validated,mid,0,0,0,,,https://boards.greenhouse.io/figma/jobs/5565921004?gh_jid=5565921004
2026-08-25,FIG,Figma,"Account Executive, Strategic (Sydney or Melbourne, Australia)",Sales,"Sydney, Australia • Melbourne, Australia",demand_validated,mid,0,0,0,,,https://boards.greenhouse.io/figma/jobs/6132643004?gh_jid=6132643004
2026-08-25,FIG,Figma,"Account Executive, Strategic (Tokyo, Japan)",Sales,"Tokyo, Japan",demand_validated,mid,0,0,0,,,https://boards.greenhouse.io/figma/jobs/5756182004?gh_jid=5756182004
2026-08-25,FIG,Figma,AI Applied Scientist,Engineering,"San Francisco, CA • New York, NY • United States",other,mid,1,30,1,application|buzz|general_medium|model_infra,264500,https://boards.greenhouse.io/figma/jobs/5707966004?gh_jid=5707966004
2026-08-25,FIG,Figma,AV Production Specialist,Business Operations,"San Francisco, CA",other,mid,0,0,0,,168000,https://boards.greenhouse.io/figma/jobs/6138907004?gh_jid=6138907004
2026-08-25,FIG,Figma,"Brand Designer,  Product Launches",Design,"San Francisco, CA • New York, NY • United States",product_eng,mid,0,0,0,,198000,https://boards.greenhouse.io/figma/jobs/6131079004?gh_jid=6131079004
2026-08-25,FIG,Figma,Business Operations,Business Operations,"San Francisco, CA • New York, NY • United States",nontech,mid,0,0,0,,192500,https://boards.greenhouse.io/figma/jobs/6119180004?gh_jid=6119180004
2026-08-25,FIG,Figma,"Business Recruiter (São Paulo, Brazil)",Talent,"São Paulo, Brazil",nontech,mid,0,0,0,,,https://boards.greenhouse.io/figma/jobs/5832782004?gh_jid=5832782004
2026-08-25,FIG,Figma,"Community Support Specialist (Tokyo, Japan)",Customer Operations and Support,"Tokyo, Japan",nontech,mid,0,0,0,,,https://boards.greenhouse.io/figma/jobs/6123890004?gh_jid=6123890004
2026-08-25,FIG,Figma,Customer Enablement Manager,Sales,"San Francisco, CA • New York, NY • United States",nontech,mid,0,0,0,,198000,https://boards.greenhouse.io/figma/jobs/5817899004?gh_jid=5817899004
2026-08-25,FIG,Figma,"Customer Enablement Manager (Berlin, Germany)",Sales,"Berlin, Germany",nontech,mid,0,0,0,,,https://boards.greenhouse.io/figma/jobs/6133181004?gh_jid=6133181004
2026-08-25,FIG,Figma,"Customer Enablement Manager, French Speaking (London, United Kingdom)",Sales,"London, England",nontech,mid,0,0,0,,,https://boards.greenhouse.io/figma/jobs/6102903004?gh_jid=6102903004
2026-08-25,FIG,Figma,"Customer Enablement Manager (London, United Kingdom)",Sales,"London, England",nontech,mid,0,0,0,,,https://boards.greenhouse.io/figma/jobs/6130557004?gh_jid=6130557004
2026-08-25,FIG,Figma,"Customer Enablement Manager (Paris, France)   ",Sales,"Paris, France",nontech,mid,0,0,0,,,https://boards.greenhouse.io/figma/jobs/5976498004?gh_jid=5976498004
2026-08-25,FIG,Figma,"Customer Enablement Manager (São Paulo, Brazil)",Sales,"São Paulo, Brazil",nontech,mid,0,0,0,,,https://boards.greenhouse.io/figma/jobs/6104028004?gh_jid=6104028004
2026-08-25,FIG,Figma,Data Engineer,Engineering,"San Francisco, CA • New York, NY • United States",product_eng,mid,0,0,0,,244000,https://boards.greenhouse.io/figma/jobs/5220003004?gh_jid=5220003004
2026-08-25,FIG,Figma,"Data Scientist, Core Data -  PhD (2026)",Early Career,"San Francisco, CA • New York, NY",product_eng,mid,0,7,1,application|buzz|general_medium,174000,https://boards.greenhouse.io/figma/jobs/5976930004?gh_jid=5976930004
2026-08-25,FIG,Figma,"Data Scientist, Finance",Engineering,"San Francisco, CA • New York, NY • United States",product_eng,mid,0,1,0,buzz,244000,https://boards.greenhouse.io/figma/jobs/6013304004?gh_jid=6013304004
2026-08-25,FIG,Figma,"Designer Advocate - Figma Weave (New York, United States)",Weavy - Figma Weave,"New York, NY",product_eng,mid,0,0,0,,235000,https://boards.greenhouse.io/figma/jobs/5692764004?gh_jid=5692764004
2026-08-25,FIG,Figma,"Designer Advocate (London, United Kingdom)",Marketing,"London, England",product_eng,mid,0,0,0,,,https://boards.greenhouse.io/figma/jobs/6122399004?gh_jid=6122399004
2026-08-25,FIG,Figma,"Designer Advocate, Partnerships",Marketing,"San Francisco, CA",product_eng,mid,0,3,1,application,235000,https://boards.greenhouse.io/figma/jobs/6114301004?gh_jid=6114301004
2026-08-25,FIG,Figma,"Designer Advocate (São Paulo, Brazil)",Marketing,"São Paulo, Brazil",product_eng,mid,0,0,0,,,https://boards.greenhouse.io/figma/jobs/6022151004?gh_jid=6022151004
2026-08-25,FIG,Figma,"Director, Business Operations",Business Operations,"San Francisco, CA • New York, NY • United States",nontech,director,0,0,0,,303000,https://boards.greenhouse.io/figma/jobs/6092343004?gh_jid=6092343004
2026-08-25,FIG,Figma,"Director, Business Systems",Business Operations,"San Francisco, CA • New York, NY • United States",other,director,0,0,0,,303000,https://boards.greenhouse.io/figma/jobs/6019394004?gh_jid=6019394004
2026-08-25,FIG,Figma,"Director, Data Science",Engineering,"San Francisco, CA • New York, NY • United States",other,director,0,3,1,application,333000,https://boards.greenhouse.io/figma/jobs/6130865004?gh_jid=6130865004
2026-08-25,FIG,Figma,"Director, Enterprise Sales (London, United Kingdom)",Sales,"London, England",nontech,director,0,0,0,,,https://boards.greenhouse.io/figma/jobs/6130524004?gh_jid=6130524004
2026-08-25,FIG,Figma,"Director, People Partners - Product, Design & Engineering",People,"San Francisco, CA",product_eng,director,0,0,0,,276000,https://boards.greenhouse.io/figma/jobs/6150563004?gh_jid=6150563004
2026-08-25,FIG,Figma,"Director, Research - AI Evals",Design,"San Francisco, CA • New York, NY • United States",other,director,1,4,1,application|buzz,303000,https://boards.greenhouse.io/figma/jobs/6112112004?gh_jid=6112112004
2026-08-25,FIG,Figma,"Director, Solutions Consulting (United States)",Sales,"San Francisco, CA • New York, NY • United States",other,director,0,0,0,,303200,https://boards.greenhouse.io/figma/jobs/5820284004?gh_jid=5820284004
2026-08-25,FIG,Figma,"Director, Strategic Sales (Berlin, Germany)",Sales,"Berlin, Germany",nontech,director,0,0,0,,,https://boards.greenhouse.io/figma/jobs/6143018004?gh_jid=6143018004
2026-08-25,FIG,Figma,"Director, Technical Revenue Accounting",Business Operations,"San Francisco, CA • New York, NY • United States",nontech,director,0,0,0,,276000,https://boards.greenhouse.io/figma/jobs/5835172004?gh_jid=5835172004
2026-08-25,FIG,Figma,Distribution Partner Manager,Business Development,"San Francisco, CA • New York, NY • United States",other,mid,0,0,0,,218000,https://boards.greenhouse.io/figma/jobs/5813967004?gh_jid=5813967004
2026-08-25,FIG,Figma,"Employment Counsel (London, United Kingdom) ",Legal,"London, England",nontech,mid,0,0,0,,,https://boards.greenhouse.io/figma/jobs/6100732004?gh_jid=6100732004
2026-08-25,FIG,Figma,"Enterprise Solutions Consultant (Bengaluru, India)",Sales,"Bengaluru, India",other,mid,0,0,0,,,https://boards.greenhouse.io/figma/jobs/5615966004?gh_jid=5615966004
2026-08-25,FIG,Figma,"Enterprise Support Specialist, Korean Speaking (London, United Kingdom)",Customer Operations and Support,"London, England",nontech,mid,0,2,0,buzz,,https://boards.greenhouse.io/figma/jobs/6105678004?gh_jid=6105678004
2026-08-25,FIG,Figma,"Events Manager - Figma Weave (New York, United States)",Weavy - Figma Weave,"New York, NY",other,mid,0,0,0,,192000,https://boards.greenhouse.io/figma/jobs/6126728004?gh_jid=6126728004
2026-08-25,FIG,Figma,"Executive Assistant, Chief People Officer",People,"San Francisco, CA",nontech,exec,0,0,0,,211000,https://boards.greenhouse.io/figma/jobs/6132356004?gh_jid=6132356004
2026-08-25,FIG,Figma,"Executive Assistant, Design ",Design,"San Francisco, CA • New York, NY • United States",other,mid,0,0,0,,174000,https://boards.greenhouse.io/figma/jobs/6115082004?gh_jid=6115082004
2026-08-25,FIG,Figma,"Executive Assistant, People",People,"San Francisco, CA",other,mid,0,0,0,,198000,https://boards.greenhouse.io/figma/jobs/5969046004?gh_jid=5969046004
2026-08-25,FIG,Figma,Executive Communications Manager,Marketing,"San Francisco, CA • New York, NY",nontech,mid,0,0,0,,211000,https://boards.greenhouse.io/figma/jobs/6150074004?gh_jid=6150074004
2026-08-25,FIG,Figma,Executive Recruiter,Talent,"San Francisco, CA • New York, NY • United States",nontech,mid,0,0,0,,175000,https://boards.greenhouse.io/figma/jobs/6141591004?gh_jid=6141591004
2026-08-25,FIG,Figma,"Field Marketing Manager, Third Party & Partner Events",Marketing,"San Francisco, CA • New York, NY • United States",nontech,mid,0,0,0,,175000,https://boards.greenhouse.io/figma/jobs/6141213004?gh_jid=6141213004
2026-08-25,FIG,Figma,"Inside Sales Representative, French or German Speaker (London, United Kingdom) ",Sales,"London, England",nontech,mid,0,0,0,,,https://boards.greenhouse.io/figma/jobs/6122269004?gh_jid=6122269004
2026-08-25,FIG,Figma,Inside Sales Representative (Singapore) ,Sales,Singapore,nontech,mid,0,0,0,,,https://boards.greenhouse.io/figma/jobs/6142782004?gh_jid=6142782004
2026-08-25,FIG,Figma,"Manager, Customer Enablement (Tokyo, Japan)",Sales,"Tokyo, Japan",nontech,mid,0,0,0,,,https://boards.greenhouse.io/figma/jobs/6144873004?gh_jid=6144873004
2026-08-25,FIG,Figma,"Manager, Data Science - AI Product",Engineering,"San Francisco, CA • New York, NY • United States",other,mid,1,0,0,,291500,https://boards.greenhouse.io/figma/jobs/5983820004?gh_jid=5983820004
2026-08-25,FIG,Figma,"Manager, Design - Systems & Infrastructure",Design,"San Francisco, CA • New York, NY • United States",other,mid,0,0,0,,276000,https://boards.greenhouse.io/figma/jobs/6135656004?gh_jid=6135656004
2026-08-25,FIG,Figma,"Manager, Distribution Partnerships",Business Development,"San Francisco, CA • New York, NY • United States",other,mid,0,0,0,,251000,https://boards.greenhouse.io/figma/jobs/6118332004?gh_jid=6118332004
2026-08-25,FIG,Figma,"Manager, Enterprise Sales",Sales,"San Francisco, CA • New York, NY • United States",nontech,mid,0,0,0,,193000,https://boards.greenhouse.io/figma/jobs/5996930004?gh_jid=5996930004
2026-08-25,FIG,Figma,"Manager, Enterprise Support (Singapore)",Customer Operations and Support,Singapore,nontech,mid,0,0,0,,,https://boards.greenhouse.io/figma/jobs/6104574004?gh_jid=6104574004
2026-08-25,FIG,Figma,"Manager, Figma for Education (International)",Marketing,"San Francisco, CA • New York, NY • United States",other,intern,0,0,0,,251000,https://boards.greenhouse.io/figma/jobs/6004606004?gh_jid=6004606004
2026-08-25,FIG,Figma,"Manager, HRIS",People,"San Francisco, CA • New York, NY • United States",other,mid,0,0,0,,232500,https://boards.greenhouse.io/figma/jobs/6132269004?gh_jid=6132269004
2026-08-25,FIG,Figma,"Manager, Inside Sales (London, United Kingdom)",Sales,"London, England",nontech,mid,0,0,0,,,https://boards.greenhouse.io/figma/jobs/6010992004?gh_jid=6010992004
2026-08-25,FIG,Figma,"Manager, IT Operations",Business Operations,"San Francisco, CA",nontech,mid,0,0,0,,211000,https://boards.greenhouse.io/figma/jobs/6142460004?gh_jid=6142460004
2026-08-25,FIG,Figma,"Manager, Mid-Market Sales (Berlin, Germany)",Sales,"Berlin, Germany",nontech,mid,0,0,0,,,https://boards.greenhouse.io/figma/jobs/6110744004?gh_jid=6110744004
2026-08-25,FIG,Figma,"Manager, Product - Code",Product,"New York, NY • United States",other,mid,0,3,1,application,276000,https://boards.greenhouse.io/figma/jobs/6104919004?gh_jid=6104919004
2026-08-25,FIG,Figma,"Manager, Product - Code (London, United Kingdom)",Product,"London, England",other,mid,0,3,1,application,,https://boards.greenhouse.io/figma/jobs/6149007004?gh_jid=6149007004
2026-08-25,FIG,Figma,"Manager, Product Design",Design,"San Francisco, CA • New York, NY • United States",other,mid,0,3,1,application,276000,https://boards.greenhouse.io/figma/jobs/5790585004?gh_jid=5790585004
2026-08-25,FIG,Figma,"Manager, Security Operations",Business Operations,"San Francisco, CA • New York, NY • United States",nontech,mid,0,1,0,buzz,240500,https://boards.greenhouse.io/figma/jobs/6015609004?gh_jid=6015609004
2026-08-25,FIG,Figma,"Manager, Software Engineering - AI Product (London, United Kingdom)",Engineering,"London, England",product_eng,mid,1,8,1,application|buzz|model_infra,,https://boards.greenhouse.io/figma/jobs/6099616004?gh_jid=6099616004
2026-08-25,FIG,Figma,"Manager, Software Engineering - Billing",Engineering,"San Francisco, CA • New York, NY • United States",product_eng,mid,0,0,0,,317000,https://boards.greenhouse.io/figma/jobs/5722244004?gh_jid=5722244004
2026-08-25,FIG,Figma,"Manager, Software Engineering - Data Platform",Engineering,"San Francisco, CA • New York, NY • United States",product_eng,mid,0,0,0,,317000,https://boards.greenhouse.io/figma/jobs/6135721004?gh_jid=6135721004
2026-08-25,FIG,Figma,"Manager, Software Engineering - DevEx AI Tools",Engineering,"San Francisco, CA • New York, NY • United States",product_eng,mid,1,7,1,application|buzz,317000,https://boards.greenhouse.io/figma/jobs/6008752004?gh_jid=6008752004
2026-08-25,FIG,Figma,"Manager, Software Engineering - Figma Weave (Tel Aviv, Israel)",Weavy - Figma Weave,"Tel Aviv, Israel",product_eng,mid,0,0,0,,,https://boards.greenhouse.io/figma/jobs/6105734004?gh_jid=6105734004
2026-08-25,FIG,Figma,"Manager, Software Engineering - Growth Platform ",Engineering,"San Francisco, CA • New York, NY • United States",product_eng,mid,0,2,0,general_medium,317000,https://boards.greenhouse.io/figma/jobs/6010279004?gh_jid=6010279004
2026-08-25,FIG,Figma,"Manager, Software Engineering - Interaction Design",Engineering,"San Francisco, CA • New York, NY • United States",product_eng,mid,0,0,0,,317000,https://boards.greenhouse.io/figma/jobs/5778796004?gh_jid=5778796004
2026-08-25,FIG,Figma,"Manager, Software Engineering - Observability",Engineering,"San Francisco, CA • New York, NY • United States",product_eng,mid,0,4,1,application|buzz,317000,https://boards.greenhouse.io/figma/jobs/5807963004?gh_jid=5807963004
2026-08-25,FIG,Figma,"Manager, Solutions Consulting (London, United Kingdom)",Sales,"London, England",other,mid,0,0,0,,,https://boards.greenhouse.io/figma/jobs/6111591004?gh_jid=6111591004
2026-08-25,FIG,Figma,"Manager, Solutions Consulting (Tokyo, Japan)",Sales,"Tokyo, Japan",other,mid,0,0,0,,,https://boards.greenhouse.io/figma/jobs/6134908004?gh_jid=6134908004
2026-08-25,FIG,Figma,"Manager, Solutions Consulting (United States)",Sales,"San Francisco, CA • New York, NY • United States",other,mid,0,0,0,,251200,https://boards.greenhouse.io/figma/jobs/5697641004?gh_jid=5697641004
2026-08-25,FIG,Figma,"Manager, Strategic Sales",Sales,"San Francisco, CA • New York, NY",nontech,mid,0,0,0,,193000,https://boards.greenhouse.io/figma/jobs/5620034004?gh_jid=5620034004
2026-08-25,FIG,Figma,Marketing Engineer,Marketing,"San Francisco, CA • New York, NY • United States",product_eng,mid,0,8,1,application|buzz,211500,https://boards.greenhouse.io/figma/jobs/6013495004?gh_jid=6013495004
2026-08-25,FIG,Figma,Motion Designer ,Customer Operations and Support,"San Francisco, CA • New York, NY • United States",product_eng,mid,0,0,0,,144000,https://boards.greenhouse.io/figma/jobs/6117563004?gh_jid=6117563004
2026-08-25,FIG,Figma,"Onboarding Manager, Customer Experience (Tokyo, Japan)",Sales,"Tokyo, Japan",other,mid,0,0,0,,,https://boards.greenhouse.io/figma/jobs/6051050004?gh_jid=6051050004
2026-08-25,FIG,Figma,"People Partner, Japan & APAC (Singapore)",People,Singapore,other,mid,0,0,0,,,https://boards.greenhouse.io/figma/jobs/5978282004?gh_jid=5978282004
2026-08-25,FIG,Figma,"Product Designer, AI Models",Design,"San Francisco, CA • New York, NY • United States",product_eng,mid,1,0,0,,236000,https://boards.greenhouse.io/figma/jobs/5711913004?gh_jid=5711913004
2026-08-25,FIG,Figma,"Product Designer, CMS",Design,"San Francisco, CA • New York, NY • United States",product_eng,mid,0,0,0,,236000,https://boards.greenhouse.io/figma/jobs/6126976004?gh_jid=6126976004
2026-08-25,FIG,Figma,"Product Designer, Design, Dev, & AI Tools",Design,"San Francisco, CA • New York, NY • United States",product_eng,mid,1,0,0,,236000,https://boards.greenhouse.io/figma/jobs/5711468004?gh_jid=5711468004
2026-08-25,FIG,Figma,"Product Designer, Design Systems",Design,"San Francisco, CA • New York, NY • United States",product_eng,mid,0,0,0,,229000,https://boards.greenhouse.io/figma/jobs/5787576004?gh_jid=5787576004
2026-08-25,FIG,Figma,"Product Designer - Figma Weave (Tel Aviv, Israel)",Weavy - Figma Weave,"Tel Aviv, Israel",product_eng,mid,0,1,0,buzz,,https://boards.greenhouse.io/figma/jobs/5991320004?gh_jid=5991320004
2026-08-25,FIG,Figma,"Product Designer, Growth & Monetization",Design,"San Francisco, CA • New York, NY • United States",product_eng,mid,0,0,0,,236000,https://boards.greenhouse.io/figma/jobs/5711595004?gh_jid=5711595004
2026-08-25,FIG,Figma,"Product Manager, Acquisition",Product,"San Francisco, CA • New York, NY • United States",product_eng,mid,0,1,0,buzz,236000,https://boards.greenhouse.io/figma/jobs/6119781004?gh_jid=6119781004
2026-08-25,FIG,Figma,"Product Manager, AI Growth",Product,"San Francisco, CA • New York, NY • United States",product_eng,mid,1,1,0,buzz,236000,https://boards.greenhouse.io/figma/jobs/5989185004?gh_jid=5989185004
2026-08-25,FIG,Figma,"Product Manager, Design Tools",Product,"San Francisco, CA • New York, NY • United States",product_eng,mid,0,3,1,application,236000,https://boards.greenhouse.io/figma/jobs/5505263004?gh_jid=5505263004
2026-08-25,FIG,Figma,"Product Manager, Developer Platform",Product,"San Francisco, CA • New York, NY • United States",product_eng,mid,0,4,1,application|buzz,236000,https://boards.greenhouse.io/figma/jobs/6100482004?gh_jid=6100482004
2026-08-25,FIG,Figma,"Product Manager - Figma Weave (Tel-Aviv, Israel)",Weavy - Figma Weave,"Tel Aviv, Israel",product_eng,mid,0,1,0,buzz,,https://boards.greenhouse.io/figma/jobs/5991338004?gh_jid=5991338004
2026-08-25,FIG,Figma,"Product Marketing Manager - Figma Weave (Tel Aviv, Israel) ",Weavy - Figma Weave,"Tel Aviv, Israel",nontech,mid,0,0,0,,,https://boards.greenhouse.io/figma/jobs/6105673004?gh_jid=6105673004
2026-08-25,FIG,Figma,Product Partner Manager ,Business Development,"San Francisco, CA • New York, NY • United States",other,mid,0,0,0,,218000,https://boards.greenhouse.io/figma/jobs/5822583004?gh_jid=5822583004
2026-08-25,FIG,Figma,"Program Manager, Scale Onboarding (London, United Kingdom) ",Sales,"London, England",other,mid,0,0,0,,,https://boards.greenhouse.io/figma/jobs/6130540004?gh_jid=6130540004
2026-08-25,FIG,Figma,"Recruiter (Berlin, Germany)",Talent,"Berlin, Germany",nontech,mid,0,0,0,,,https://boards.greenhouse.io/figma/jobs/6014235004?gh_jid=6014235004
2026-08-25,FIG,Figma,"Recruiter (Paris, France)",Talent,"Paris, France",nontech,mid,0,0,0,,,https://boards.greenhouse.io/figma/jobs/6019700004?gh_jid=6019700004
2026-08-25,FIG,Figma,Recruiter (Singapore),Talent,Singapore,nontech,mid,0,0,0,,,https://boards.greenhouse.io/figma/jobs/6144871004?gh_jid=6144871004
2026-08-25,FIG,Figma,"Regional Marketing Manager, LATAM (São Paulo, Brazil)",Marketing,"São Paulo, Brazil",nontech,mid,0,0,0,,,https://boards.greenhouse.io/figma/jobs/5810842004?gh_jid=5810842004
2026-08-25,FIG,Figma,"Researcher, Core Product Strategy",Design,"San Francisco, CA • New York, NY • United States",research,mid,0,1,0,buzz,209500,https://boards.greenhouse.io/figma/jobs/5651744004?gh_jid=5651744004
2026-08-25,FIG,Figma,"Sales Operations Manager, New Business",Sales,"San Francisco, CA • New York, NY • United States",nontech,mid,0,0,0,,192500,https://boards.greenhouse.io/figma/jobs/5998224004?gh_jid=5998224004
2026-08-25,FIG,Figma,Sales Operations Manager (Singapore),Sales,Singapore,nontech,mid,0,0,0,,,https://boards.greenhouse.io/figma/jobs/6123146004?gh_jid=6123146004
2026-08-25,FIG,Figma,Security Engineer,Engineering,"San Francisco, CA • New York, NY • United States",product_eng,mid,0,1,0,buzz,264500,https://boards.greenhouse.io/figma/jobs/5829751004?gh_jid=5829751004
2026-08-25,FIG,Figma,Senior Accountant,Business Operations,"San Francisco, CA • New York, NY • United States",other,senior,0,0,0,,141000,https://boards.greenhouse.io/figma/jobs/6119198004?gh_jid=6119198004
2026-08-25,FIG,Figma,"Senior Account Executive, SMB",Sales,"San Francisco, CA • New York, NY • United States",demand_validated,senior,0,0,0,,82500,https://boards.greenhouse.io/figma/jobs/5565447004?gh_jid=5565447004
2026-08-25,FIG,Figma,"Senior Account Executive, UK Government (London, United Kingdom)",Sales,"London, England",demand_validated,senior,0,0,0,,,https://boards.greenhouse.io/figma/jobs/5988684004?gh_jid=5988684004
2026-08-25,FIG,Figma,"Senior Analyst, SEC Reporting & Technical Accounting",Business Operations,"San Francisco, CA • New York, NY • United States",nontech,senior,0,0,0,,155000,https://boards.greenhouse.io/figma/jobs/6105538004?gh_jid=6105538004
2026-08-25,FIG,Figma,"Senior Manager, Enterprise Sales (London, United Kingdom)",Sales,"London, England",nontech,senior,0,0,0,,,https://boards.greenhouse.io/figma/jobs/6124232004?gh_jid=6124232004
2026-08-25,FIG,Figma,"Senior Manager, Enterprise Sales (Tokyo, Japan)",Sales,"Tokyo, Japan",nontech,senior,0,0,0,,,https://boards.greenhouse.io/figma/jobs/5753194004?gh_jid=5753194004
2026-08-25,FIG,Figma,Senior Product Counsel,Legal,"San Francisco, CA • New York, NY • United States",nontech,senior,0,1,0,buzz,260500,https://boards.greenhouse.io/figma/jobs/6104505004?gh_jid=6104505004
2026-08-25,FIG,Figma,Senior Revenue Analyst ,Business Operations,"San Francisco, CA • New York, NY • United States",other,senior,0,0,0,,141000,https://boards.greenhouse.io/figma/jobs/6139275004?gh_jid=6139275004
2026-08-25,FIG,Figma,"Senior Sales Enablement Manager (Tokyo, Japan) ",Sales,"Tokyo, Japan",nontech,senior,0,0,0,,,https://boards.greenhouse.io/figma/jobs/6003308004?gh_jid=6003308004
2026-08-25,FIG,Figma,Senior Solutions Consultant (Singapore),Sales,Singapore,other,senior,0,0,0,,,https://boards.greenhouse.io/figma/jobs/6050054004?gh_jid=6050054004
2026-08-25,FIG,Figma,"Senior Technical Revenue Analyst (Dublin, Ireland) ",Business Operations,"Dublin, Ireland",other,senior,0,0,0,,,https://boards.greenhouse.io/figma/jobs/5835673004?gh_jid=5835673004
2026-08-25,FIG,Figma,Software Engineer - AI Platforms,Engineering,"San Francisco, CA • New York, NY • United States",product_eng,mid,1,6,1,application|model_infra,264500,https://boards.greenhouse.io/figma/jobs/5691886004?gh_jid=5691886004
2026-08-25,FIG,Figma,Software Engineer - AI Product,Engineering,"San Francisco, CA • New York, NY • United States",product_eng,mid,1,5,0,buzz|general_medium,264500,https://boards.greenhouse.io/figma/jobs/5551730004?gh_jid=5551730004
2026-08-25,FIG,Figma,"Software Engineer - AI Product (London, United Kingdom)",Engineering,"London, England",product_eng,mid,1,10,1,application|buzz,,https://boards.greenhouse.io/figma/jobs/5551697004?gh_jid=5551697004
2026-08-25,FIG,Figma,Software Engineer - Application Platform,Engineering,"San Francisco, CA • New York, NY • United States",product_eng,mid,0,0,0,,264500,https://boards.greenhouse.io/figma/jobs/6142506004?gh_jid=6142506004
2026-08-25,FIG,Figma,Software Engineer - C++,Engineering,"San Francisco, CA • New York, NY • United States",product_eng,mid,0,0,0,,264500,https://boards.greenhouse.io/figma/jobs/5552530004?gh_jid=5552530004
2026-08-25,FIG,Figma,Software Engineer - Data Infrastructure,Engineering,"San Francisco, CA • New York, NY • United States",product_eng,mid,0,8,0,buzz|data_ml_ops|general_medium,264500,https://boards.greenhouse.io/figma/jobs/5551686004?gh_jid=5551686004
2026-08-25,FIG,Figma,Software Engineer - Developer Experience,Engineering,"San Francisco, CA • New York, NY • United States",product_eng,mid,0,0,0,,280500,https://boards.greenhouse.io/figma/jobs/5790627004?gh_jid=5790627004
2026-08-25,FIG,Figma,Software Engineer - Distributed Systems,Engineering,"San Francisco, CA • New York, NY • United States",product_eng,mid,0,0,0,,264500,https://boards.greenhouse.io/figma/jobs/5552549004?gh_jid=5552549004
2026-08-25,FIG,Figma,"Software Engineer - Figma Weave (Tel Aviv, Israel) ",Weavy - Figma Weave,"Tel Aviv, Israel",product_eng,mid,0,0,0,,,https://boards.greenhouse.io/figma/jobs/6073106004?gh_jid=6073106004
2026-08-25,FIG,Figma,Software Engineer - Full Stack,Engineering,"San Francisco, CA • New York, NY • United States",product_eng,mid,0,0,0,,264500,https://boards.greenhouse.io/figma/jobs/5691911004?gh_jid=5691911004
2026-08-25,FIG,Figma,Software Engineer - Graphics & Media,Engineering,"San Francisco, CA • New York, NY • United States",product_eng,mid,0,0,0,,264500,https://boards.greenhouse.io/figma/jobs/5552522004?gh_jid=5552522004
2026-08-25,FIG,Figma,Software Engineer - Growth & Monetization,Engineering,"San Francisco, CA • New York, NY • United States",product_eng,mid,0,0,0,,264500,https://boards.greenhouse.io/figma/jobs/5552560004?gh_jid=5552560004
2026-08-25,FIG,Figma,Software Engineer Intern (Winter 2027),Early Career,"San Francisco, CA • New York, NY",product_eng,intern,0,0,0,,,https://boards.greenhouse.io/figma/jobs/6131089004?gh_jid=6131089004
2026-08-25,FIG,Figma,Software Engineer - Machine Learning,Engineering,"San Francisco, CA • New York, NY • United States",product_eng,mid,1,24,1,application|buzz|data_ml_ops|general_medium|model_infra,264500,https://boards.greenhouse.io/figma/jobs/5551532004?gh_jid=5551532004
2026-08-25,FIG,Figma,Software Engineer - Mobile Web,Engineering,"San Francisco, CA • New York, NY • United States",product_eng,mid,0,0,0,,264500,https://boards.greenhouse.io/figma/jobs/6100023004?gh_jid=6100023004
2026-08-25,FIG,Figma,"Software Engineer - Production Engineering (London, United Kingdom)",Engineering,"London, England",product_eng,mid,0,0,0,,,https://boards.greenhouse.io/figma/jobs/5781928004?gh_jid=5781928004
2026-08-25,FIG,Figma,Software Engineer - Traffic,Engineering,"San Francisco, CA • New York, NY • United States",product_eng,mid,0,0,0,,264500,https://boards.greenhouse.io/figma/jobs/6102379004?gh_jid=6102379004
2026-08-25,FIG,Figma,Solutions Consultant,Sales,"San Francisco, CA • New York, NY • United States",other,mid,0,0,0,,224400,https://boards.greenhouse.io/figma/jobs/5783377004?gh_jid=5783377004
2026-08-25,FIG,Figma,"Solutions Consultant (Berlin, Germany)",Sales,"Berlin, Germany",other,mid,0,0,0,,,https://boards.greenhouse.io/figma/jobs/5735853004?gh_jid=5735853004
2026-08-25,FIG,Figma,"Solutions Consultant, Federal",Sales,"New York, NY; Washington, DC",other,mid,0,0,0,,180400,https://boards.greenhouse.io/figma/jobs/5981822004?gh_jid=5981822004
2026-08-25,FIG,Figma,"Solutions Consultant (London, United Kingdom)",Sales,"London, England",other,mid,0,0,0,,,https://boards.greenhouse.io/figma/jobs/5735493004?gh_jid=5735493004
2026-08-25,FIG,Figma,"Solutions Consultant, Payload",Sales,"San Francisco, CA • New York, NY • United States",other,mid,0,0,0,,224400,https://boards.greenhouse.io/figma/jobs/6111166004?gh_jid=6111166004
2026-08-25,FIG,Figma,"Solutions Consultant (Sydney, Australia)",Sales,"Sydney, Australia",other,mid,0,0,0,,,https://boards.greenhouse.io/figma/jobs/5993635004?gh_jid=5993635004
2026-08-25,FIG,Figma,Strategic Finance,Business Operations,"San Francisco, CA • New York, NY • United States",nontech,mid,0,0,0,,180000,https://boards.greenhouse.io/figma/jobs/5792631004?gh_jid=5792631004
2026-08-25,FIG,Figma,"Strategic Finance, AI Innovation",Business Operations,"San Francisco, CA • New York, NY • United States",nontech,mid,1,3,1,application,207000,https://boards.greenhouse.io/figma/jobs/6112961004?gh_jid=6112961004
2026-08-25,FIG,Figma,Strategic Partner Manager,Business Development,"San Francisco, CA • New York, NY • United States",other,mid,0,0,0,,232500,https://boards.greenhouse.io/figma/jobs/6146574004?gh_jid=6146574004
2026-08-25,FIG,Figma,"Strategic Program Manager, Information Security",Business Operations,"San Francisco, CA • New York, NY • United States",other,mid,0,0,0,,232500,https://boards.greenhouse.io/figma/jobs/6144522004?gh_jid=6144522004
2026-08-25,FIG,Figma,"Support Engineer, AI Infrastructure",Customer Operations and Support,"San Francisco, CA • New York, NY • United States",product_eng,mid,1,7,1,application|buzz,207000,https://boards.greenhouse.io/figma/jobs/5802956004?gh_jid=5802956004
2026-08-25,FIG,Figma,"Support Engineer, Content Systems",Customer Operations and Support,"San Francisco, CA • New York, NY • United States",product_eng,mid,0,4,1,application|buzz,204500,https://boards.greenhouse.io/figma/jobs/6037719004?gh_jid=6037719004
2026-08-25,FIG,Figma,"Technical Account Manager, Mandarin Speaking (Singapore)",Sales,Singapore,demand_validated,mid,0,4,1,application|buzz,,https://boards.greenhouse.io/figma/jobs/6113161004?gh_jid=6113161004
2026-08-25,FIG,Figma,"Technical Account Manager (Tokyo, Japan)",Sales,"Tokyo, Japan",demand_validated,mid,0,4,1,application|buzz,,https://boards.greenhouse.io/figma/jobs/6006175004?gh_jid=6006175004
2026-08-25,FIG,Figma,Technical Program Manager - Data,Engineering,"San Francisco, CA • New York, NY • United States",other,mid,0,7,1,application|buzz,251000,https://boards.greenhouse.io/figma/jobs/6009613004?gh_jid=6009613004
2026-08-25,FIG,Figma,Technical Quality Specialist ,Customer Operations and Support,"San Francisco, CA • New York, NY • United States",other,mid,0,0,0,,,https://boards.greenhouse.io/figma/jobs/6111625004?gh_jid=6111625004
2026-08-25,FIG,Figma,Voice of the Customer Program Manager,Customer Operations and Support,"San Francisco, CA • New York, NY • United States",other,mid,0,0,0,,198000,https://boards.greenhouse.io/figma/jobs/6008343004?gh_jid=6008343004
2026-08-25,ASAN,Asana,Analytical Engineer,Data,Warsaw,product_eng,mid,0,1,0,buzz,,https://www.asana.com/jobs/apply/8092044?gh_jid=8092044
2026-08-25,ASAN,Asana,Application Security Engineer,Security Engineering,Warsaw,product_eng,mid,0,0,0,,,https://www.asana.com/jobs/apply/7950878?gh_jid=7950878
2026-08-25,ASAN,Asana,AV & Events Engineer,Infrastructure Engineering,Warsaw,product_eng,mid,0,0,0,,,https://www.asana.com/jobs/apply/7983998?gh_jid=7983998
2026-08-25,ASAN,Asana,Backend Software Engineer,Infrastructure Engineering,Reykjavík,product_eng,mid,0,0,0,,,https://www.asana.com/jobs/apply/7964297?gh_jid=7964297
2026-08-25,ASAN,Asana,"Business Development Representative, German Speaking",Sales,Dublin,other,mid,0,0,0,,,https://www.asana.com/jobs/apply/7477015?gh_jid=7477015
2026-08-25,ASAN,Asana,Chief Accounting Officer,Finance,San Francisco,nontech,exec,0,0,0,,403000,https://www.asana.com/jobs/apply/8075658?gh_jid=8075658
2026-08-25,ASAN,Asana,Chief of Staff,Product Management,San Francisco,other,exec,0,0,0,,254500,https://www.asana.com/jobs/apply/8052235?gh_jid=8052235
2026-08-25,ASAN,Asana,Commercial Counsel ,Legal,San Francisco,nontech,mid,0,0,0,,215500,https://www.asana.com/jobs/apply/8044834?gh_jid=8044834
2026-08-25,ASAN,Asana,Compensation Program Manager,People Operations,San Francisco,other,mid,0,0,0,,188000,https://www.asana.com/jobs/apply/8082010?gh_jid=8082010
2026-08-25,ASAN,Asana,Corporate Account Executive,Sales,Tokyo,demand_validated,mid,0,0,0,,,https://www.asana.com/jobs/apply/8055062?gh_jid=8055062
2026-08-25,ASAN,Asana,Corporate Account Executive,Sales,Chicago,demand_validated,mid,0,0,0,,133225,https://www.asana.com/jobs/apply/6981655?gh_jid=6981655
2026-08-25,ASAN,Asana,"Corporate Account Executive, DACH",Sales,Munich,demand_validated,mid,0,6,1,application,,https://www.asana.com/jobs/apply/7962960?gh_jid=7962960
2026-08-25,ASAN,Asana,Corporate Account Executive - Dutch Speaking,Sales,Dublin,demand_validated,mid,0,0,0,,,https://www.asana.com/jobs/apply/8119581?gh_jid=8119581
2026-08-25,ASAN,Asana,Corporate Account Executive - Dutch Speaking,Sales,Stockholm,demand_validated,mid,0,0,0,,,https://www.asana.com/jobs/apply/8075573?gh_jid=8075573
2026-08-25,ASAN,Asana,"Customer Success Manager, Scaled Accounts",Customer Experience,Tokyo,demand_validated,mid,0,0,0,,,https://www.asana.com/jobs/apply/8107419?gh_jid=8107419
2026-08-25,ASAN,Asana,Data Engineer ,Data Engineering,Warsaw,product_eng,mid,0,0,0,,,https://www.asana.com/jobs/apply/8131896?gh_jid=8131896
2026-08-25,ASAN,Asana,Data Scientist,Data,Warsaw,product_eng,mid,0,5,0,buzz|general_medium,,https://www.asana.com/jobs/apply/8031867?gh_jid=8031867
2026-08-25,ASAN,Asana,Deal Desk Manager,Finance,San Francisco,other,mid,0,0,0,,175000,https://www.asana.com/jobs/apply/8107461?gh_jid=8107461
2026-08-25,ASAN,Asana,"Director of Engineering, AI Agents",Product Engineering,San Francisco,product_eng,director,1,6,1,application,333000,https://www.asana.com/jobs/apply/8119695?gh_jid=8119695
2026-08-25,ASAN,Asana,"Director of Engineering, AI Platform",Product Engineering,San Francisco,product_eng,director,1,14,1,application|general_medium|model_infra,333000,https://www.asana.com/jobs/apply/8097669?gh_jid=8097669
2026-08-25,ASAN,Asana,Emerging Enterprise Account Executive,Sales,San Francisco,demand_validated,mid,0,0,0,,202250,https://www.asana.com/jobs/apply/8078121?gh_jid=8078121
2026-08-25,ASAN,Asana,Emerging Enterprise Account Executive,Sales,Chicago,demand_validated,mid,0,0,0,,202250,https://www.asana.com/jobs/apply/8105360?gh_jid=8105360
2026-08-25,ASAN,Asana,"Engineering Manager, Command by Asana",Product Engineering,Warsaw,product_eng,mid,0,0,0,,,https://www.asana.com/jobs/apply/7629755?gh_jid=7629755
2026-08-25,ASAN,Asana,"Engineering Manager, Development Infrastructure",Infrastructure Engineering,Reykjavík,product_eng,mid,0,0,0,,,https://www.asana.com/jobs/apply/6174752?gh_jid=6174752
2026-08-25,ASAN,Asana,"Engineering Manager, Platform Reliability",Infrastructure Engineering,Warsaw,product_eng,mid,0,0,0,,,https://www.asana.com/jobs/apply/7586980?gh_jid=7586980
2026-08-25,ASAN,Asana,"Enterprise Account Executive, Command",AI GTM ,London,demand_validated,mid,0,0,0,,,https://www.asana.com/jobs/apply/8027454?gh_jid=8027454
2026-08-25,ASAN,Asana,"Enterprise Account Executive, SLED",Sales,US IL - Remote,demand_validated,mid,0,0,0,,237500,https://www.asana.com/jobs/apply/7392983?gh_jid=7392983
2026-08-25,ASAN,Asana,"Enterprise Solutions Engineer, Service Management",AI GTM ,Dublin,demand_validated,mid,0,7,1,application|buzz,,https://www.asana.com/jobs/apply/8078094?gh_jid=8078094
2026-08-25,ASAN,Asana,"Enterprise Solutions Engineer, Service Management",AI GTM ,London,demand_validated,mid,0,7,1,application|buzz,,https://www.asana.com/jobs/apply/8027389?gh_jid=8027389
2026-08-25,ASAN,Asana,"Enterprise Solutions Engineer, Service Management",AI GTM ,New York City,demand_validated,mid,0,0,0,,167650,https://www.asana.com/jobs/apply/8027416?gh_jid=8027416
2026-08-25,ASAN,Asana,"Enterprise Solutions Engineer, Service Management",AI GTM ,Munich,demand_validated,mid,0,7,1,application|buzz,,https://www.asana.com/jobs/apply/8112908?gh_jid=8112908
2026-08-25,ASAN,Asana,Field Marketing Manager,Marketing,San Francisco,nontech,mid,0,0,0,,142000,https://www.asana.com/jobs/apply/8113282?gh_jid=8113282
2026-08-25,ASAN,Asana,"Forward Deployed Engineer, Command by Asana",AI GTM ,San Francisco,demand_validated,mid,0,0,0,,265000,https://www.asana.com/jobs/apply/8031595?gh_jid=8031595
2026-08-25,ASAN,Asana,"Forward Deployed Engineer, Command by Asana",AI GTM ,New York City,demand_validated,mid,0,0,0,,265000,https://www.asana.com/jobs/apply/8044789?gh_jid=8044789
2026-08-25,ASAN,Asana,Fullstack Engineer,Product Engineering,Warsaw,product_eng,mid,0,0,0,,,https://www.asana.com/jobs/apply/7979882?gh_jid=7979882
2026-08-25,ASAN,Asana,"General Manager & VP, Asana for Services Management",Product Management,San Francisco,other,exec,0,0,0,,434500,https://www.asana.com/jobs/apply/7901186?gh_jid=7901186
2026-08-25,ASAN,Asana,"Group Tech Lead, Security Operations ",Security Engineering,Warsaw,nontech,senior,0,1,0,buzz,,https://www.asana.com/jobs/apply/7380414?gh_jid=7380414
2026-08-25,ASAN,Asana,GTM Systems and Business Process Manager,"GTM Operations, Strategy & Field Readiness",San Francisco,other,mid,0,3,1,application,197500,https://www.asana.com/jobs/apply/8123067?gh_jid=8123067
2026-08-25,ASAN,Asana,Head of Channel APAC,Sales,Singapore,other,exec,0,0,0,,,https://www.asana.com/jobs/apply/7959065?gh_jid=7959065
2026-08-25,ASAN,Asana,Head of Digital and Scaled Customer Success,Customer Experience,San Francisco,demand_validated,exec,0,4,1,application|buzz,220400,https://www.asana.com/jobs/apply/8078142?gh_jid=8078142
2026-08-25,ASAN,Asana,Head of Engineering Operations,R&D Exec & Ops,San Francisco,product_eng,exec,0,9,1,application,290000,https://www.asana.com/jobs/apply/7874977?gh_jid=7874977
2026-08-25,ASAN,Asana,Head of Global Campaigns,Marketing,San Francisco,other,exec,0,6,1,application,225000,https://www.asana.com/jobs/apply/8001349?gh_jid=8001349
2026-08-25,ASAN,Asana,"Head of People Partners, R&D",People Operations,San Francisco,other,exec,0,0,0,,274000,https://www.asana.com/jobs/apply/8072574?gh_jid=8072574
2026-08-25,ASAN,Asana,Head of SEO & AEO,Marketing,San Francisco,other,exec,0,0,0,,237000,https://www.asana.com/jobs/apply/8100442?gh_jid=8100442
2026-08-25,ASAN,Asana,Head of Talent Operations & Strategy,Talent Acquisition,Chicago,nontech,exec,0,0,0,,,https://www.asana.com/jobs/apply/8065754?gh_jid=8065754
2026-08-25,ASAN,Asana,Head of Talent Operations & Strategy,Talent Acquisition,"Vancouver, BC",nontech,exec,0,0,0,,,https://www.asana.com/jobs/apply/8065753?gh_jid=8065753
2026-08-25,ASAN,Asana,Head of Technical Recruiting,Talent Acquisition,San Francisco,nontech,exec,0,0,0,,268000,https://www.asana.com/jobs/apply/8028603?gh_jid=8028603
2026-08-25,ASAN,Asana,Head of Technical Revenue Accounting,Finance,San Francisco,nontech,exec,0,0,0,,207000,https://www.asana.com/jobs/apply/8104491?gh_jid=8104491
2026-08-25,ASAN,Asana,IT Systems Engineer - Identity,Infrastructure Engineering,"Vancouver, BC",product_eng,mid,0,0,0,,,https://www.asana.com/jobs/apply/7839280?gh_jid=7839280
2026-08-25,ASAN,Asana,Manager Development Lead,"GTM Operations, Strategy & Field Readiness",Chicago,other,senior,0,0,0,,207000,https://www.asana.com/jobs/apply/8048670?gh_jid=8048670
2026-08-25,ASAN,Asana,"Manager, Enterprise Sales",Sales,London,nontech,mid,0,0,0,,,https://www.asana.com/jobs/apply/7629129?gh_jid=7629129
2026-08-25,ASAN,Asana,"Manager, Enterprise Sales",Sales,Munich,nontech,mid,0,0,0,,,https://www.asana.com/jobs/apply/8100429?gh_jid=8100429
2026-08-25,ASAN,Asana,"Manager, Executive Assistant ",Workplace,San Francisco,other,mid,0,0,0,,206500,https://www.asana.com/jobs/apply/7818647?gh_jid=7818647
2026-08-25,ASAN,Asana,"Manager, IT Client Endpoint Engineering",Infrastructure Engineering,San Francisco,product_eng,mid,0,0,0,,207000,https://www.asana.com/jobs/apply/7962978?gh_jid=7962978
2026-08-25,ASAN,Asana,"Manager, Offensive Security",Security Engineering,Warsaw,other,mid,0,0,0,,,https://www.asana.com/jobs/apply/6923544?gh_jid=6923544
2026-08-25,ASAN,Asana,People Partner,People Operations,San Francisco,other,mid,0,0,0,,187500,https://www.asana.com/jobs/apply/7867211?gh_jid=7867211
2026-08-25,ASAN,Asana,"People Partner, APJ",People Operations,Tokyo,other,mid,0,0,0,,,https://www.asana.com/jobs/apply/7977717?gh_jid=7977717
2026-08-25,ASAN,Asana,Pre-sales Engineer (DACH),Sales,Munich,demand_validated,mid,0,4,1,application|buzz,,https://www.asana.com/jobs/apply/8077240?gh_jid=8077240
2026-08-25,ASAN,Asana,Product Designer,Product Design,San Francisco,product_eng,mid,0,4,1,application|buzz,194500,https://www.asana.com/jobs/apply/7952123?gh_jid=7952123
2026-08-25,ASAN,Asana,Product Designer,Product Design,"Vancouver, BC",product_eng,mid,0,1,0,buzz,132000,https://www.asana.com/jobs/apply/8024052?gh_jid=8024052
2026-08-25,ASAN,Asana,"Product Designer, Coordinate",Product Design,Warsaw,product_eng,mid,0,0,0,,,https://www.asana.com/jobs/apply/7587002?gh_jid=7587002
2026-08-25,ASAN,Asana,"Product Manager, Adapt",Product Management,Warsaw,product_eng,mid,0,0,0,,,https://www.asana.com/jobs/apply/8017552?gh_jid=8017552
2026-08-25,ASAN,Asana,"Product Manager, Command",Product Management,Warsaw,product_eng,mid,0,3,1,application,,https://www.asana.com/jobs/apply/7586960?gh_jid=7586960
2026-08-25,ASAN,Asana,"Product Manager, Work Intake",Product Management,Warsaw,product_eng,mid,0,0,0,,,https://www.asana.com/jobs/apply/8022094?gh_jid=8022094
2026-08-25,ASAN,Asana,"Product Marketing Director, Asana Service Management",Marketing,San Francisco,nontech,director,0,1,0,buzz,225000,https://www.asana.com/jobs/apply/8038678?gh_jid=8038678
2026-08-25,ASAN,Asana,"Product Marketing Director, Asana Service Management",Marketing,New York City,nontech,director,0,1,0,buzz,225000,https://www.asana.com/jobs/apply/8038670?gh_jid=8038670
2026-08-25,ASAN,Asana,"Product Marketing Director, Asana Service Management",Marketing,"Vancouver, BC",nontech,director,0,1,0,buzz,171500,https://www.asana.com/jobs/apply/7920814?gh_jid=7920814
2026-08-25,ASAN,Asana,"Product Marketing Director, Command by Asana",Marketing,"Vancouver, BC",nontech,director,0,0,0,,171000,https://www.asana.com/jobs/apply/8038684?gh_jid=8038684
2026-08-25,ASAN,Asana,"Product Marketing Director, Command by Asana",Marketing,San Francisco,nontech,director,0,0,0,,225000,https://www.asana.com/jobs/apply/7920824?gh_jid=7920824
2026-08-25,ASAN,Asana,"Product Marketing Director, Command by Asana",Marketing,New York City,nontech,director,0,0,0,,225000,https://www.asana.com/jobs/apply/8038681?gh_jid=8038681
2026-08-25,ASAN,Asana,Product Support Specialist - French Speaking,Customer Support,Dublin,nontech,mid,0,0,0,,,https://www.asana.com/jobs/apply/7981443?gh_jid=7981443
2026-08-25,ASAN,Asana,"Program Manager, R&D Operations",R&D Exec & Ops,Warsaw,nontech,mid,0,1,0,buzz,,https://www.asana.com/jobs/apply/8079906?gh_jid=8079906
2026-08-25,ASAN,Asana,Salesforce Technical Architect,Finance,Warsaw,product_eng,mid,0,3,1,application,,https://www.asana.com/jobs/apply/7918575?gh_jid=7918575
2026-08-25,ASAN,Asana,"Sales Manager, SMB and Corporate",SMB,Sydney,nontech,mid,0,1,0,buzz,,https://www.asana.com/jobs/apply/8095522?gh_jid=8095522
2026-08-25,ASAN,Asana,"Security Engineer, Threat Response",Security Engineering,Warsaw,product_eng,mid,0,0,0,,,https://www.asana.com/jobs/apply/7964484?gh_jid=7964484
2026-08-25,ASAN,Asana,Security Risk and Compliance Lead,Security Operations,Warsaw,other,senior,0,0,0,,,https://www.asana.com/jobs/apply/7821585?gh_jid=7821585
2026-08-25,ASAN,Asana,Security Risk Manager,Security Operations,San Francisco,other,mid,0,0,0,,207000,https://www.asana.com/jobs/apply/7950767?gh_jid=7950767
2026-08-25,ASAN,Asana,Security Technical Program Manager,Security Operations,San Francisco,other,mid,0,3,1,application,207000,https://www.asana.com/jobs/apply/7959069?gh_jid=7959069
2026-08-25,ASAN,Asana,Senior Analytical Engineering Manager,Data,Warsaw,product_eng,senior,0,4,0,buzz|general_medium,,https://www.asana.com/jobs/apply/8044811?gh_jid=8044811
2026-08-25,ASAN,Asana,Senior Analytics Engineer,Data,"Vancouver, BC",product_eng,senior,0,1,0,buzz,113000,https://www.asana.com/jobs/apply/8075917?gh_jid=8075917
2026-08-25,ASAN,Asana,Senior Backend Software Engineer,Infrastructure Engineering,Reykjavík,product_eng,senior,0,0,0,,,https://www.asana.com/jobs/apply/7964361?gh_jid=7964361
2026-08-25,ASAN,Asana,Senior Data Engineer,Data Engineering,"Vancouver, BC",product_eng,senior,0,0,0,,153000,https://www.asana.com/jobs/apply/7859222?gh_jid=7859222
2026-08-25,ASAN,Asana,"Senior Engineering Manager, Agent Context",Product Engineering,New York City,product_eng,senior,0,18,1,application,282000,https://www.asana.com/jobs/apply/8052206?gh_jid=8052206
2026-08-25,ASAN,Asana,"Senior Engineering Manager, AI Agents",Product Engineering,"Vancouver, BC",product_eng,senior,1,9,1,application,254000,https://www.asana.com/jobs/apply/7586942?gh_jid=7586942
2026-08-25,ASAN,Asana,"Senior Engineering Manager, Consumption Based Billing & Licensing",Product Engineering,"Vancouver, BC",product_eng,senior,0,0,0,,254000,https://www.asana.com/jobs/apply/7904869?gh_jid=7904869
2026-08-25,ASAN,Asana,"Senior Engineering Manager, Security",Security Engineering,San Francisco,product_eng,senior,0,3,1,application,282000,https://www.asana.com/jobs/apply/7565961?gh_jid=7565961
2026-08-25,ASAN,Asana,Senior Infrastructure Engineer (Software-Focused),Infrastructure Engineering,Warsaw,product_eng,senior,0,0,0,,,https://www.asana.com/jobs/apply/7160487?gh_jid=7160487
2026-08-25,ASAN,Asana,Senior Pricing Strategy Manager,Product Management,San Francisco,other,senior,0,0,0,,194500,https://www.asana.com/jobs/apply/8141724?gh_jid=8141724
2026-08-25,ASAN,Asana,Senior Pricing Strategy Manager,Product Management,"Vancouver, BC",other,senior,0,0,0,,163500,https://www.asana.com/jobs/apply/8022196?gh_jid=8022196
2026-08-25,ASAN,Asana,Senior Privacy Engineer,Legal,Remote,product_eng,senior,0,5,1,application|general_medium,228000,https://www.asana.com/jobs/apply/8097572?gh_jid=8097572
2026-08-25,ASAN,Asana,"Senior Product Manager, AI Agents Experience",Product Management,San Francisco,product_eng,senior,1,3,1,application,216000,https://www.asana.com/jobs/apply/8113068?gh_jid=8113068
2026-08-25,ASAN,Asana,"Senior Product Manager, AI Studio",Product Management,San Francisco,product_eng,senior,1,9,1,application,216000,https://www.asana.com/jobs/apply/8044815?gh_jid=8044815
2026-08-25,ASAN,Asana,"Senior Product Manager, Enterprise Data Governance",Product Management,"Vancouver, BC",product_eng,senior,0,3,1,application,208000,https://www.asana.com/jobs/apply/8072508?gh_jid=8072508
2026-08-25,ASAN,Asana,"Senior Product Manager, Project & Task Experience",Product Management,New York City,product_eng,senior,0,0,0,,216000,https://www.asana.com/jobs/apply/7392230?gh_jid=7392230
2026-08-25,ASAN,Asana,Senior Software Engineer,Product Engineering,Warsaw,product_eng,senior,0,0,0,,,https://www.asana.com/jobs/apply/7961508?gh_jid=7961508
2026-08-25,ASAN,Asana,Senior Software Engineer,Product Engineering,New York City,product_eng,senior,0,0,0,,212500,https://www.asana.com/jobs/apply/7962245?gh_jid=7962245
2026-08-25,ASAN,Asana,"Senior Software Engineer, AI Developer Experience",Infrastructure Engineering,New York City,product_eng,senior,1,1,0,buzz,216000,https://www.asana.com/jobs/apply/7964335?gh_jid=7964335
2026-08-25,ASAN,Asana,"Senior Software Engineer, AI Retrieval",Product Engineering,Warsaw,product_eng,senior,1,10,1,application|buzz,,https://www.asana.com/jobs/apply/7978649?gh_jid=7978649
2026-08-25,ASAN,Asana,"Senior Software Engineer, AI Retrieval ",Product Engineering,New York City,product_eng,senior,1,10,1,application|buzz,212500,https://www.asana.com/jobs/apply/8003380?gh_jid=8003380
2026-08-25,ASAN,Asana,"Senior Software Engineer, Development Infrastructure",Infrastructure Engineering,Reykjavík,product_eng,senior,0,0,0,,,https://www.asana.com/jobs/apply/8121619?gh_jid=8121619
2026-08-25,ASAN,Asana,"Senior Software Engineer, Infrastructure Security",Security Engineering,San Francisco,product_eng,senior,0,0,0,,216000,https://www.asana.com/jobs/apply/8084470?gh_jid=8084470
2026-08-25,ASAN,Asana,"Senior Software Engineer, Platform Reliability",Infrastructure Engineering,Warsaw,product_eng,senior,0,0,0,,,https://www.asana.com/jobs/apply/7568914?gh_jid=7568914
2026-08-25,ASAN,Asana,"Senior Software Engineer, Security Development",Security Engineering,San Francisco,product_eng,senior,0,0,0,,216000,https://www.asana.com/jobs/apply/8088588?gh_jid=8088588
2026-08-25,ASAN,Asana,"Senior Software Engineer, Site Reliability",Infrastructure Engineering,Warsaw,product_eng,senior,0,0,0,,,https://www.asana.com/jobs/apply/6887013?gh_jid=6887013
2026-08-25,ASAN,Asana,"Senior Software Engineer, Web App Performance",Product Engineering,"Vancouver, BC",product_eng,senior,0,0,0,,188000,https://www.asana.com/jobs/apply/7968154?gh_jid=7968154
2026-08-25,ASAN,Asana,Senior Solutions Architect,"GTM Operations, Strategy & Field Readiness",Dublin,demand_validated,senior,0,3,1,application,165000,https://www.asana.com/jobs/apply/8027399?gh_jid=8027399
2026-08-25,ASAN,Asana,Senior Technical Consultant,Customer Experience,Dublin,other,senior,0,7,1,application|buzz,,https://www.asana.com/jobs/apply/8054364?gh_jid=8054364
2026-08-25,ASAN,Asana, Senior Technical Program Manager,R&D Exec & Ops,"Vancouver, BC",other,senior,0,4,1,application|buzz,144000,https://www.asana.com/jobs/apply/8082909?gh_jid=8082909
2026-08-25,ASAN,Asana,Senior Technical Program Manager,R&D Exec & Ops,New York City,other,senior,0,4,1,application|buzz,174000,https://www.asana.com/jobs/apply/7917226?gh_jid=7917226
2026-08-25,ASAN,Asana,"SMB Solutions Engineer, Client Management",SMB,Chicago,demand_validated,mid,0,3,1,application,154000,https://www.asana.com/jobs/apply/8029540?gh_jid=8029540
2026-08-25,ASAN,Asana,Software Engineer,Product Engineering,New York City,product_eng,mid,0,0,0,,175750,https://www.asana.com/jobs/apply/7961475?gh_jid=7961475
2026-08-25,ASAN,Asana,Software Engineer,Product Engineering,Warsaw,product_eng,mid,0,0,0,,,https://www.asana.com/jobs/apply/7961442?gh_jid=7961442
2026-08-25,ASAN,Asana,"Software Engineer, AI Developer Experience",Product Engineering,New York City,product_eng,mid,1,1,0,buzz,180500,https://www.asana.com/jobs/apply/7964275?gh_jid=7964275
2026-08-25,ASAN,Asana,"Software Engineer, Development Infrastructure",Infrastructure Engineering,Reykjavík,product_eng,mid,0,0,0,,,https://www.asana.com/jobs/apply/8140029?gh_jid=8140029
2026-08-25,ASAN,Asana,"Software Engineer, Product",Product Engineering,"Vancouver, BC",product_eng,mid,0,0,0,,154000,https://www.asana.com/jobs/apply/7961454?gh_jid=7961454
2026-08-25,ASAN,Asana,Solutions Consultant,Sales,London,other,mid,0,7,1,application|buzz,,https://www.asana.com/jobs/apply/8024289?gh_jid=8024289
2026-08-25,ASAN,Asana,Solutions Consultant,Sales,London,other,mid,0,7,1,application|buzz,,https://www.asana.com/jobs/apply/7624453?gh_jid=7624453
2026-08-25,ASAN,Asana,"Solutions Engineer, Command",AI GTM ,Dublin,demand_validated,mid,0,0,0,,,https://www.asana.com/jobs/apply/8078097?gh_jid=8078097
2026-08-25,ASAN,Asana,"Solutions Engineer, Command",AI GTM ,London,demand_validated,mid,0,0,0,,,https://www.asana.com/jobs/apply/8027353?gh_jid=8027353
2026-08-25,ASAN,Asana,"Staff Product Manager, Enterprise Resource Management ",Product Management,New York City,product_eng,staff_principal,0,3,1,application,269250,https://www.asana.com/jobs/apply/7977197?gh_jid=7977197
2026-08-25,ASAN,Asana,"Staff Software Engineer, AI ",Product Engineering,Warsaw,product_eng,staff_principal,1,10,1,application|buzz,,https://www.asana.com/jobs/apply/7978671?gh_jid=7978671
2026-08-25,ASAN,Asana,"Staff Software Engineer, AI Developer Experience",Infrastructure Engineering,New York City,product_eng,staff_principal,1,1,0,buzz,265000,https://www.asana.com/jobs/apply/7964388?gh_jid=7964388
2026-08-25,ASAN,Asana,"Strategic Enterprise Account Executive, Amazon",Sales,US WA Seattle - Remote,demand_validated,mid,0,3,1,application,278750,https://www.asana.com/jobs/apply/8054355?gh_jid=8054355
2026-08-25,ASAN,Asana,"Tech Lead, Platform Reliability Engineering",Infrastructure Engineering,Warsaw,product_eng,senior,0,0,0,,,https://www.asana.com/jobs/apply/7557481?gh_jid=7557481
2026-08-25,ASAN,Asana,"Technical Lead, API",Product Engineering,"Vancouver, BC",other,senior,0,6,1,application,225500,https://www.asana.com/jobs/apply/7776446?gh_jid=7776446
2026-08-25,ASAN,Asana,"Technical Solutions Engineer, Command",AI GTM ,New York City,demand_validated,mid,0,0,0,,173075,https://www.asana.com/jobs/apply/8027447?gh_jid=8027447
2026-08-25,DBX,Dropbox,Account Executive,Direct Sales - AMER (Sub Team),Remote - US: Select locations,demand_validated,mid,0,0,0,,164250,https://jobs.dropbox.com/listing/8107794?gh_jid=8107794
2026-08-25,DBX,Dropbox,"Business Development Manager, Strategic Partnerships",Partnership Management (Sub Team),Remote - Canada: Select locations,other,mid,0,3,1,application,178000,https://jobs.dropbox.com/listing/8048848?gh_jid=8048848
2026-08-25,DBX,Dropbox,"Business Development Manager, Strategic Partnerships",Partnership Management (Sub Team),Remote - US: Select locations,other,mid,0,3,1,application,181800,https://jobs.dropbox.com/listing/8048847?gh_jid=8048847
2026-08-25,DBX,Dropbox,"Data Analytics Partner, People Analytics",People Analytics Team (Sub Team),Remote - Canada: Select locations,other,mid,0,0,0,,123050,https://jobs.dropbox.com/listing/8126575?gh_jid=8126575
2026-08-25,DBX,Dropbox,"Data Analytics Partner, People Analytics",People Analytics Team (Sub Team),Remote - US: Select locations,other,mid,0,0,0,,138950,https://jobs.dropbox.com/listing/8126572?gh_jid=8126572
2026-08-25,DBX,Dropbox,Director of Marketing Strategy,Marketing Strategy and Operations (Sub Team),Remote - US: Select locations,nontech,director,0,0,0,,236700,https://jobs.dropbox.com/listing/8142720?gh_jid=8142720
2026-08-25,DBX,Dropbox,Director of Media Strategy & Activation (Paid Media),Performance Marketing (Sub Team),Remote - US: Select locations,other,director,0,3,1,application,230650,https://jobs.dropbox.com/listing/8096461?gh_jid=8096461
2026-08-25,DBX,Dropbox,"Director, Product Design",Design Systems (Sub Team),Remote - Canada: Select locations,other,director,0,0,0,,255050,https://jobs.dropbox.com/listing/7822807?gh_jid=7822807
2026-08-25,DBX,Dropbox,"Director, Product Design",Design Systems (Sub Team),Remote - US: Select locations,other,director,0,0,0,,264100,https://jobs.dropbox.com/listing/7822804?gh_jid=7822804
2026-08-25,DBX,Dropbox,"Director, Sales Compensation",Sales Comp & Planning (Sub Team),Remote - Canada: Select locations,nontech,director,0,0,0,,,https://jobs.dropbox.com/listing/8121672?gh_jid=8121672
2026-08-25,DBX,Dropbox,"Director, Sales Compensation",Sales Comp & Planning (Sub Team),Remote - US: All locations,nontech,director,0,0,0,,272650,https://jobs.dropbox.com/listing/8121667?gh_jid=8121667
2026-08-25,DBX,Dropbox,Enterprise Context Architect,HR Ops and Technology (Sub Team),Remote - US: Select locations,product_eng,mid,0,10,1,application|buzz,178350,https://jobs.dropbox.com/listing/8036649?gh_jid=8036649
2026-08-25,DBX,Dropbox,Enterprise Context Architect,HR Ops and Technology (Sub Team),Remote - Canada: Select locations,product_eng,mid,0,10,1,application|buzz,152000,https://jobs.dropbox.com/listing/8036650?gh_jid=8036650
2026-08-25,DBX,Dropbox,Head of Field and Partner Marketing ,Marketing Strategy and Operations (Sub Team),Remote - US: Select locations,nontech,exec,0,0,0,,277800,https://jobs.dropbox.com/listing/8038750?gh_jid=8038750
2026-08-25,DBX,Dropbox,Head of Global Sales Enablement and AI Adoption,"Customer Intelligence, Strategy & Enablement (Sub Team)",Remote - Canada: Select locations,nontech,exec,1,0,0,,,https://jobs.dropbox.com/listing/7673207?gh_jid=7673207
2026-08-25,DBX,Dropbox,Head of Global Sales Enablement and AI Adoption,"Customer Intelligence, Strategy & Enablement (Sub Team)",Remote - US: Select locations,nontech,exec,1,0,0,,234100,https://jobs.dropbox.com/listing/7673202?gh_jid=7673202
2026-08-25,DBX,Dropbox,Infrastructure Software Engineer,EPD,Remote - Poland,product_eng,mid,0,0,0,,,https://jobs.dropbox.com/listing/6330377?gh_jid=6330377
2026-08-25,DBX,Dropbox,"Infrastructure Software Engineer, Metadata Core",Cloud Platform (Sub Team),Remote - Poland,product_eng,mid,0,0,0,,,https://jobs.dropbox.com/listing/7958409?gh_jid=7958409
2026-08-25,DBX,Dropbox,"People Partner, G&A",HR Business Partners (Sub Team),Remote - Canada: Select locations,other,mid,0,0,0,,147500,https://jobs.dropbox.com/listing/8144137?gh_jid=8144137
2026-08-25,DBX,Dropbox,"People Partner, G&A",HR Business Partners (Sub Team),Remote - US: Select locations,other,mid,0,0,0,,167200,https://jobs.dropbox.com/listing/8144136?gh_jid=8144136
2026-08-25,DBX,Dropbox,"Principal, Market & Competitive Intelligence Manager",GTM Portfolio Marketing (Sub Team),Remote - US: Select locations,other,staff_principal,0,1,0,buzz,207550,https://jobs.dropbox.com/listing/7862212?gh_jid=7862212
2026-08-25,DBX,Dropbox,"Principal, Market & Competitive Intelligence Manager",GTM Portfolio Marketing (Sub Team),Remote - Canada: Select locations,other,staff_principal,0,1,0,buzz,204000,https://jobs.dropbox.com/listing/7862213?gh_jid=7862213
2026-08-25,DBX,Dropbox,"Principal Software Engineer, Core Sharing & Collaboration",Eng - Teams and Collab (Sub Team),Remote - Canada: Select locations,product_eng,staff_principal,0,7,1,application|buzz,293800,https://jobs.dropbox.com/listing/8006977?gh_jid=8006977
2026-08-25,DBX,Dropbox,"Principal Software Engineer, Core Sharing & Collaboration",Eng - Teams and Collab (Sub Team),Remote - US: All locations,product_eng,staff_principal,0,7,1,application|buzz,306500,https://jobs.dropbox.com/listing/8006972?gh_jid=8006972
2026-08-25,DBX,Dropbox,"Program Manager, Workforce Planning",Workforce Planning (Sub Team),Remote - US: Select locations,other,mid,0,0,0,,161200,https://jobs.dropbox.com/listing/8092224?gh_jid=8092224
2026-08-25,DBX,Dropbox,"Program Manager, Workforce Planning",Workforce Planning (Sub Team),Remote - Canada: Select locations,other,mid,0,0,0,,151050,https://jobs.dropbox.com/listing/8092225?gh_jid=8092225
2026-08-25,DBX,Dropbox,Renewals Strategy Principal Program Manager,Confidential - Exec Recruiting,Remote - US: Select locations,other,staff_principal,0,0,0,,290700,https://jobs.dropbox.com/listing/8094537?gh_jid=8094537
2026-08-25,DBX,Dropbox,Senior Account Based Marketing Manager,Field & Channel Marketing (Sub Team),Remote - Canada: Select locations,nontech,senior,0,1,0,buzz,,https://jobs.dropbox.com/listing/8096471?gh_jid=8096471
2026-08-25,DBX,Dropbox,Senior Account Based Marketing Manager ,Field & Channel Marketing (Sub Team),Remote - US: Select locations,nontech,senior,0,1,0,buzz,159500,https://jobs.dropbox.com/listing/8096470?gh_jid=8096470
2026-08-25,DBX,Dropbox,Senior Compensation Business Partner,Rewards (Sub Team),Remote - Canada: Select locations,other,senior,0,0,0,,153500,https://jobs.dropbox.com/listing/8050991?gh_jid=8050991
2026-08-25,DBX,Dropbox,Senior Compensation Business Partner,Rewards (Sub Team),Remote - US: Select locations,other,senior,0,0,0,,168500,https://jobs.dropbox.com/listing/8050990?gh_jid=8050990
2026-08-25,DBX,Dropbox,Senior Growth Account Executive ,"Direct & Channel Sales, UKI (Sub Team)",Remote - Ireland; Remote - United Kingdom,demand_validated,senior,0,0,0,,,https://jobs.dropbox.com/listing/8051403?gh_jid=8051403
2026-08-25,DBX,Dropbox,Senior Infrastructure Software Engineer,EPD,Remote - Poland,product_eng,senior,0,0,0,,,https://jobs.dropbox.com/listing/6333181?gh_jid=6333181
2026-08-25,DBX,Dropbox,"Senior Manager, Data Engineering","CTO-Data Science, AI Platform & Eng (Sub Team)",Remote - Canada: Select locations,product_eng,senior,0,3,1,application,246000,https://jobs.dropbox.com/listing/8090065?gh_jid=8090065
2026-08-25,DBX,Dropbox,"Senior Manager, Data Engineering","CTO-Data Science, AI Platform & Eng (Sub Team)",Remote - US: Select locations,product_eng,senior,0,3,1,application,227250,https://jobs.dropbox.com/listing/8090062?gh_jid=8090062
2026-08-25,DBX,Dropbox,Senior Product Marketing Operations Manager,Core PMM (Sub Team),Remote - Canada: Select locations,nontech,senior,0,0,0,,,https://jobs.dropbox.com/listing/8070686?gh_jid=8070686
2026-08-25,DBX,Dropbox,Senior Product Marketing Operations Manager,Core PMM (Sub Team),Remote - US: Select locations,nontech,senior,0,0,0,,207550,https://jobs.dropbox.com/listing/8070685?gh_jid=8070685
2026-08-25,DBX,Dropbox,Senior Sales Strategy & Operations Manager - APJ (Remote),CSO Projects & Vendor Management (Sub Team),Remote - Japan,nontech,senior,0,0,0,,,https://jobs.dropbox.com/listing/8075225?gh_jid=8075225
2026-08-25,DBX,Dropbox,Staff Product Designer,Design - Core Experience (Sub Team),Remote - Canada: Select locations,product_eng,staff_principal,0,1,0,buzz,210000,https://jobs.dropbox.com/listing/8092715?gh_jid=8092715
2026-08-25,DBX,Dropbox,Staff Product Designer,Design - Core Experience (Sub Team),Remote - US: Select locations,product_eng,staff_principal,0,1,0,buzz,224700,https://jobs.dropbox.com/listing/8092712?gh_jid=8092712
2026-08-25,DBX,Dropbox,Technical Solutions Specialist (Japan) ,Global Solutions - APJ (Sub Team),Remote - Japan,other,mid,0,1,0,buzz,,https://jobs.dropbox.com/listing/8092296?gh_jid=8092296
2026-08-25,TWLO,Twilio,Account Executive 4,Enterprise Sales,Remote - Singapore,demand_validated,mid,0,0,0,,,https://job-boards.greenhouse.io/twilio/jobs/7906141
2026-08-25,TWLO,Twilio,Account Executive New Business,Sales,Remote - Australia,demand_validated,mid,0,0,0,,,https://job-boards.greenhouse.io/twilio/jobs/7984917
2026-08-25,TWLO,Twilio,Applications Engineer 2,Sales Operations,Remote - India,product_eng,mid,0,0,0,,,https://job-boards.greenhouse.io/twilio/jobs/7781659
2026-08-25,TWLO,Twilio,Compensation Manager,People Team,Remote - US,other,mid,0,0,0,,158730,https://job-boards.greenhouse.io/twilio/jobs/7983662
2026-08-25,TWLO,Twilio,Compliance Operations Specialist 1,Services,Remote - Colombia,nontech,mid,0,0,0,,,https://job-boards.greenhouse.io/twilio/jobs/7861935
2026-08-25,TWLO,Twilio,Deal Desk Analyst,Finance,Remote - Canada,other,mid,0,0,0,,76680,https://job-boards.greenhouse.io/twilio/jobs/8141694
2026-08-25,TWLO,Twilio,Deal Desk Senior Analyst,Finance,Remote - Colombia,other,senior,0,0,0,,,https://job-boards.greenhouse.io/twilio/jobs/8141692
2026-08-25,TWLO,Twilio,Deal Desk Senior Analyst,Finance,Remote - Mexico,other,senior,0,0,0,,,https://job-boards.greenhouse.io/twilio/jobs/8031643
2026-08-25,TWLO,Twilio,DevOps Engineer (Observability),Engineering,Remote - Ireland,product_eng,mid,0,0,0,,,https://job-boards.greenhouse.io/twilio/jobs/8108771
2026-08-25,TWLO,Twilio,Digital Sales Representative 2,Sales,Remote - US,nontech,mid,0,0,0,,,https://job-boards.greenhouse.io/twilio/jobs/8122899
2026-08-25,TWLO,Twilio,"Director, Global Campaigns",Marketing,Remote - United Kingdom,other,director,0,0,0,,,https://job-boards.greenhouse.io/twilio/jobs/8138860
2026-08-25,TWLO,Twilio,"Director, Revenue & CoGS Accounting",Finance,Remote - US,nontech,director,0,0,0,,232470,https://job-boards.greenhouse.io/twilio/jobs/8078099
2026-08-25,TWLO,Twilio,"Director, Strategic Accounts",Sales,Remote - US,other,director,0,0,0,,221880,https://job-boards.greenhouse.io/twilio/jobs/7957637
2026-08-25,TWLO,Twilio,Enterprise Account Executive ,Sales,Remote - United Kingdom,demand_validated,mid,0,3,1,application,50000,https://job-boards.greenhouse.io/twilio/jobs/8026619
2026-08-25,TWLO,Twilio,Fast Track Operations Specialist 2,Services,Remote - Colombia,nontech,mid,0,0,0,,,https://job-boards.greenhouse.io/twilio/jobs/8097520
2026-08-25,TWLO,Twilio,"Field Marketing Manager, Japan",Marketing,Remote - Japan,nontech,mid,0,1,0,buzz,,https://job-boards.greenhouse.io/twilio/jobs/8045297
2026-08-25,TWLO,Twilio,Fraud Specialist 1,"Ops (Fraud, Compliance, Biz, Prod, Analyst)",Remote - Estonia,other,mid,0,0,0,,,https://job-boards.greenhouse.io/twilio/jobs/8132266
2026-08-25,TWLO,Twilio,Global Events Marketing Manager,Marketing,Remote - US,nontech,mid,0,0,0,,102020,https://job-boards.greenhouse.io/twilio/jobs/8056278
2026-08-25,TWLO,Twilio,Global Security Operations Center Operator,Security,Remote - US,nontech,mid,0,0,0,,,https://job-boards.greenhouse.io/twilio/jobs/7808464
2026-08-25,TWLO,Twilio,Incident Commander,Engineering,Remote - US,other,mid,0,0,0,,198860,https://job-boards.greenhouse.io/twilio/jobs/8089122
2026-08-25,TWLO,Twilio,IT Internal Auditor,Accounting,Remote - India,other,intern,0,0,0,,,https://job-boards.greenhouse.io/twilio/jobs/7982861
2026-08-25,TWLO,Twilio,Lead Product Designer,UX/Design,Remote - US,product_eng,senior,0,1,0,buzz,183605,https://job-boards.greenhouse.io/twilio/jobs/7985610
2026-08-25,TWLO,Twilio,Machine Learning Engineer,Engineering,Remote - US,product_eng,mid,1,39,1,application|buzz|data_ml_ops|general_medium|model_infra,192110,https://job-boards.greenhouse.io/twilio/jobs/7702644
2026-08-25,TWLO,Twilio,Machine Learning Engineer,Engineering,Remote - Ireland,product_eng,mid,1,41,1,application|buzz|data_ml_ops|general_medium|model_infra,,https://job-boards.greenhouse.io/twilio/jobs/7996774
2026-08-25,TWLO,Twilio,Machine Learning Engineer,Engineering,Remote - Spain,product_eng,mid,1,41,1,application|buzz|data_ml_ops|general_medium|model_infra,,https://job-boards.greenhouse.io/twilio/jobs/8007455
2026-08-25,TWLO,Twilio,"Manager, Deal Desk",Finance,Remote - US,other,mid,0,0,0,,131310,https://job-boards.greenhouse.io/twilio/jobs/8102948
2026-08-25,TWLO,Twilio,"Manager, Fraud Operations","Ops (Fraud, Compliance, Biz, Prod, Analyst)",Remote - Estonia,nontech,mid,0,0,0,,,https://job-boards.greenhouse.io/twilio/jobs/8088729
2026-08-25,TWLO,Twilio,"Manager, Technical Support",Customer Support,Remote - Colombia,nontech,mid,0,0,0,,,https://job-boards.greenhouse.io/twilio/jobs/8056321
2026-08-25,TWLO,Twilio,Marketing Strategy and Analytics Manager,Marketing,Remote - India,nontech,mid,0,6,1,application,,https://job-boards.greenhouse.io/twilio/jobs/8104438
2026-08-25,TWLO,Twilio,New Business Account Executive,Sales Development,Remote - Japan,demand_validated,mid,0,0,0,,,https://job-boards.greenhouse.io/twilio/jobs/8125581
2026-08-25,TWLO,Twilio,New Business Account Executive ,Sales,Remote - Singapore,demand_validated,mid,0,0,0,,,https://job-boards.greenhouse.io/twilio/jobs/6372770
2026-08-25,TWLO,Twilio,New Business Account Executive (German speaker),Sales,Remote - United Kingdom,demand_validated,mid,0,0,0,,25000,https://job-boards.greenhouse.io/twilio/jobs/8143768
2026-08-25,TWLO,Twilio,Onboarding Operations Specialist 1,Services,Remote - Colombia,nontech,mid,0,0,0,,,https://job-boards.greenhouse.io/twilio/jobs/8142281
2026-08-25,TWLO,Twilio,Phone Numbers Operations Specialist 1,Services,Remote - Colombia,nontech,mid,0,0,0,,,https://job-boards.greenhouse.io/twilio/jobs/8120421
2026-08-25,TWLO,Twilio,Presales Architect,Solutions Engineering,Remote - US,demand_validated,mid,0,3,1,application,195460,https://job-boards.greenhouse.io/twilio/jobs/8052885
2026-08-25,TWLO,Twilio,Presales Engineer,Sales,Remote - United Kingdom,demand_validated,mid,0,0,0,,,https://job-boards.greenhouse.io/twilio/jobs/8064090
2026-08-25,TWLO,Twilio,Principal Engineer,Engineering,Remote - US,product_eng,staff_principal,0,9,1,application,232470,https://job-boards.greenhouse.io/twilio/jobs/7944264
2026-08-25,TWLO,Twilio,Principal Engineer (L5),Engineering,Remote - India,product_eng,staff_principal,0,4,1,application|buzz,,https://job-boards.greenhouse.io/twilio/jobs/7996776
2026-08-25,TWLO,Twilio,Principal Presales Engineer,Solutions Engineering,Remote - US,demand_validated,staff_principal,0,0,0,,165876,https://job-boards.greenhouse.io/twilio/jobs/8115128
2026-08-25,TWLO,Twilio,Principal Presales Engineer,Solutions Engineering,Remote - US,demand_validated,staff_principal,0,0,0,,165876,https://job-boards.greenhouse.io/twilio/jobs/8139748
2026-08-25,TWLO,Twilio,Principal Presales Engineer (German Speaking) ,Sales,Remote - United Kingdom,demand_validated,staff_principal,0,0,0,,,https://job-boards.greenhouse.io/twilio/jobs/8000178
2026-08-25,TWLO,Twilio,"Principal Product Manager, Enterprise Commerce Platform",Product Management,Remote - US,product_eng,staff_principal,0,0,0,,211360,https://job-boards.greenhouse.io/twilio/jobs/8069243
2026-08-25,TWLO,Twilio,Principal Product Manager: Talent Acquisition & Management Applications,People Team,Remote - US,product_eng,staff_principal,0,2,0,general_medium,211360,https://job-boards.greenhouse.io/twilio/jobs/8083821
2026-08-25,TWLO,Twilio,Principal Software Engineer,Engineering,Remote - US,product_eng,staff_principal,0,0,0,,211770,https://job-boards.greenhouse.io/twilio/jobs/8081530
2026-08-25,TWLO,Twilio,Principal Software Engineer - Identity Graph,Security,Remote - US,product_eng,staff_principal,0,0,0,,232470,https://job-boards.greenhouse.io/twilio/jobs/8067270
2026-08-25,TWLO,Twilio,Product Manager,Product Management,Remote - Estonia,product_eng,mid,0,0,0,,,https://job-boards.greenhouse.io/twilio/jobs/8136763
2026-08-25,TWLO,Twilio,Program Manager,Services,Remote - Colombia,other,mid,0,0,0,,,https://job-boards.greenhouse.io/twilio/jobs/7895241
2026-08-25,TWLO,Twilio,Project Manager 3,Services,Remote - Colombia,other,mid,0,0,0,,,https://job-boards.greenhouse.io/twilio/jobs/7818575
2026-08-25,TWLO,Twilio,Sales Development Representative,Sales Development,Remote - US,nontech,mid,0,0,0,,,https://job-boards.greenhouse.io/twilio/jobs/7481689
2026-08-25,TWLO,Twilio,Sales Development Representative 2,Sales,Remote - Ireland,nontech,mid,0,0,0,,,https://job-boards.greenhouse.io/twilio/jobs/8112239
2026-08-25,TWLO,Twilio,"Security Engineer, Incident Response",Security,Remote - United Kingdom,product_eng,mid,0,4,1,application|buzz,,https://job-boards.greenhouse.io/twilio/jobs/8055481
2026-08-25,TWLO,Twilio,"Security Engineer, Incident Response",Security,Remote - Ireland,product_eng,mid,0,4,1,application|buzz,,https://job-boards.greenhouse.io/twilio/jobs/8023560
2026-08-25,TWLO,Twilio,Senior Account Executive,Sales,Remote - Ireland,demand_validated,senior,0,3,1,application,50000,https://job-boards.greenhouse.io/twilio/jobs/8045978
2026-08-25,TWLO,Twilio,"Senior Analyst, Security Risk",Finance,Remote - Canada,other,senior,0,0,0,,112230,https://job-boards.greenhouse.io/twilio/jobs/8088440
2026-08-25,TWLO,Twilio,Senior Analytics Engineer,"Ops (Fraud, Compliance, Biz, Prod, Analyst)",Remote - US,product_eng,senior,0,0,0,,174760,https://job-boards.greenhouse.io/twilio/jobs/8044650
2026-08-25,TWLO,Twilio,"Senior Application Engineer, Zuora Billing ",Finance,Remote - India,product_eng,senior,0,0,0,,,https://job-boards.greenhouse.io/twilio/jobs/8048661
2026-08-25,TWLO,Twilio,"Senior Counsel, Commercial",Legal,Remote - Canada,nontech,senior,0,0,0,,164070,https://job-boards.greenhouse.io/twilio/jobs/8084593
2026-08-25,TWLO,Twilio,Senior Data and AI Specialist,Service Operations,Remote - US,other,senior,1,6,1,application,131310,https://job-boards.greenhouse.io/twilio/jobs/8141644
2026-08-25,TWLO,Twilio,Senior Data and AI Specialist,Service Operations,Remote - Canada,other,senior,1,6,1,application,112230,https://job-boards.greenhouse.io/twilio/jobs/8143120
2026-08-25,TWLO,Twilio,"Senior Director, Analyst Relations",Marketing,Remote - US,other,director,0,3,1,application,255900,https://job-boards.greenhouse.io/twilio/jobs/8029164
2026-08-25,TWLO,Twilio,Senior Engineering Manager Twilio’s Conversational Agents,Engineering,Remote - US,product_eng,senior,0,6,1,application,225440,https://job-boards.greenhouse.io/twilio/jobs/7926887
2026-08-25,TWLO,Twilio,"Senior Engineering Manager, Voice and Video",Engineering,Remote - Ireland,product_eng,senior,0,0,0,,,https://job-boards.greenhouse.io/twilio/jobs/8073683
2026-08-25,TWLO,Twilio,Senior Engineering Manager V&V Media,Engineering,"Remote - Alberta, Canada (DNU)",product_eng,senior,0,0,0,,,https://job-boards.greenhouse.io/twilio/jobs/8067500
2026-08-25,TWLO,Twilio,Senior Engineering Manager V&V Media,Engineering,Remote - United Kingdom,product_eng,senior,0,0,0,,,https://job-boards.greenhouse.io/twilio/jobs/8067147
2026-08-25,TWLO,Twilio,Senior Engineering Manager V&V Media,Engineering,Remote - US,product_eng,senior,0,0,0,,240700,https://job-boards.greenhouse.io/twilio/jobs/8067678
2026-08-25,TWLO,Twilio,Senior Engineering Manager V&V Media,Engineering,"Remote - Ontario, Canada (DNU)",product_eng,senior,0,0,0,,,https://job-boards.greenhouse.io/twilio/jobs/8067501
2026-08-25,TWLO,Twilio,Senior Executive Business Partner,Marketing,Remote - US,other,senior,0,0,0,,131310,https://job-boards.greenhouse.io/twilio/jobs/8143099
2026-08-25,TWLO,Twilio,Senior Field Enablement Business Partner,Sales Operations,Remote - Canada,nontech,senior,0,0,0,,135720,https://job-boards.greenhouse.io/twilio/jobs/8098732
2026-08-25,TWLO,Twilio,"Senior HRBP Manager, GTM",People Team,Remote - US,other,senior,0,1,0,buzz,174760,https://job-boards.greenhouse.io/twilio/jobs/8112725
2026-08-25,TWLO,Twilio,"Senior Impartner Admin, PRM",Finance,Remote - Canada,other,senior,0,0,0,,112230,https://job-boards.greenhouse.io/twilio/jobs/8088451
2026-08-25,TWLO,Twilio,"Senior Manager, Machine Learning",Data Science,Remote - India,product_eng,senior,1,20,1,application|buzz|data_ml_ops|general_medium,,https://job-boards.greenhouse.io/twilio/jobs/7919148
2026-08-25,TWLO,Twilio,"Senior Manager, Strategic Sales South",Sales,Remote - United Kingdom,nontech,senior,0,0,0,,,https://job-boards.greenhouse.io/twilio/jobs/8121976
2026-08-25,TWLO,Twilio,Senior Marketing Analyst,Marketing,Remote - India,nontech,senior,0,6,1,application,,https://job-boards.greenhouse.io/twilio/jobs/8138870
2026-08-25,TWLO,Twilio,Senior Network Engineer,IT,Remote - India,product_eng,senior,0,0,0,,,https://job-boards.greenhouse.io/twilio/jobs/7657993
2026-08-25,TWLO,Twilio,Senior Presales Engineer,Sales,Remote - US,demand_validated,senior,0,0,0,,131080,https://job-boards.greenhouse.io/twilio/jobs/8001200
2026-08-25,TWLO,Twilio,Senior Presales Engineer,Sales,Remote - Mexico,demand_validated,senior,0,0,0,,,https://job-boards.greenhouse.io/twilio/jobs/8096642
2026-08-25,TWLO,Twilio,Senior Principal Field Architect - AI Agents,Engineering,Remote - US,product_eng,staff_principal,1,7,1,application|buzz,344960,https://job-boards.greenhouse.io/twilio/jobs/8039186
2026-08-25,TWLO,Twilio,"Senior Principal, Technical Program Management (Research & Development)","Program Management (Project, Program, Agile, Technical)",Remote - US,other,staff_principal,0,0,0,,232470,https://job-boards.greenhouse.io/twilio/jobs/7707977
2026-08-25,TWLO,Twilio,"Senior Program Manager, Disaster Recovery",Security,Remote - US,other,senior,0,0,0,,144430,https://job-boards.greenhouse.io/twilio/jobs/8065038
2026-08-25,TWLO,Twilio,Senior Software Engineer,Engineering,Remote - US,product_eng,senior,0,0,0,,152910,https://job-boards.greenhouse.io/twilio/jobs/8065028
2026-08-25,TWLO,Twilio,Senior Software Engineer,Engineering,Remote - Ireland,product_eng,senior,0,0,0,,,https://job-boards.greenhouse.io/twilio/jobs/8015771
2026-08-25,TWLO,Twilio,"Senior Software Engineer, Fraud",Engineering,Remote - US,product_eng,senior,0,0,0,,161150,https://job-boards.greenhouse.io/twilio/jobs/7595407
2026-08-25,TWLO,Twilio,"Senior Software Engineer, Identity",Engineering,Remote - US,product_eng,senior,0,3,1,application,153960,https://job-boards.greenhouse.io/twilio/jobs/8056276
2026-08-25,TWLO,Twilio,Senior Software Engineer (L3),Engineering,Remote - Canada,product_eng,senior,0,9,1,application,,https://job-boards.greenhouse.io/twilio/jobs/8099162
2026-08-25,TWLO,Twilio,Senior Software Engineer- Video Signalling ,Engineering,Remote - Ireland,product_eng,senior,0,0,0,,,https://job-boards.greenhouse.io/twilio/jobs/7394811
2026-08-25,TWLO,Twilio,Senior/Staff Applied Research Software Engineer,Engineering,Remote - India,research,staff_principal,0,7,1,application|buzz,,https://job-boards.greenhouse.io/twilio/jobs/8007449
2026-08-25,TWLO,Twilio,Senior / Staff Applied Research Software Engineer - Emerging Tech,Engineering,Remote - US,research,staff_principal,0,7,1,application|buzz,184010,https://job-boards.greenhouse.io/twilio/jobs/7993959
2026-08-25,TWLO,Twilio,Senior Tax and Compliance Analyst (Payroll),Accounting,Remote - US,nontech,senior,0,0,0,,102020,https://job-boards.greenhouse.io/twilio/jobs/8141746
2026-08-25,TWLO,Twilio,"Senior Technical Program Manager, Services Tools & Diagnostics",Services,Remote - US,other,senior,0,9,1,application,,https://job-boards.greenhouse.io/twilio/jobs/8067440
2026-08-25,TWLO,Twilio,Senior Telecom Billing Specialist,Services,Remote - United Kingdom,other,senior,0,0,0,,,https://job-boards.greenhouse.io/twilio/jobs/8119052
2026-08-25,TWLO,Twilio,Software Architect (L6),Engineering,Remote - India,product_eng,mid,0,0,0,,,https://job-boards.greenhouse.io/twilio/jobs/7825089
2026-08-25,TWLO,Twilio,Software Development Engineer (L3),IT,Remote - Colombia,product_eng,mid,0,4,1,application|buzz,,https://job-boards.greenhouse.io/twilio/jobs/8102950
2026-08-25,TWLO,Twilio,"Software Engineer, Identity",Engineering,Remote - US,product_eng,mid,0,3,1,application,127240,https://job-boards.greenhouse.io/twilio/jobs/7605743
2026-08-25,TWLO,Twilio,Software Engineer (L2),Engineering,Remote - US,product_eng,mid,0,0,0,,171300,https://job-boards.greenhouse.io/twilio/jobs/8100236
2026-08-25,TWLO,Twilio,Software Engineer L2 - Cloud Infrastructure ,Engineering,Remote - US,product_eng,mid,0,0,0,,116960,https://job-boards.greenhouse.io/twilio/jobs/7434770
2026-08-25,TWLO,Twilio,Software Engineer (L2) Email,Engineering,Remote - US,product_eng,mid,0,0,0,,171300,https://job-boards.greenhouse.io/twilio/jobs/7689461
2026-08-25,TWLO,Twilio,Software Engineer L2-Messaging API,Engineering,Remote - US,product_eng,mid,0,0,0,,131580,https://job-boards.greenhouse.io/twilio/jobs/7816159
2026-08-25,TWLO,Twilio,Software Engineer L3,Engineering,Remote - US,product_eng,mid,0,0,0,,171300,https://job-boards.greenhouse.io/twilio/jobs/8009057
2026-08-25,TWLO,Twilio,Software Engineer (L3) Data Substrate,Engineering,Remote - US,product_eng,mid,0,0,0,,171300,https://job-boards.greenhouse.io/twilio/jobs/7954715
2026-08-25,TWLO,Twilio,Software Engineer (L4),Engineering,Remote - US,product_eng,mid,0,0,0,,187485,https://job-boards.greenhouse.io/twilio/jobs/8103253
2026-08-25,TWLO,Twilio,Software Engineer (L4),Engineering,Remote - US,product_eng,mid,0,0,0,,187485,https://job-boards.greenhouse.io/twilio/jobs/8098945
2026-08-25,TWLO,Twilio,"Software Engineer, Platform Engineering (L2)",Engineering,Remote - US,product_eng,mid,0,0,0,,131580,https://job-boards.greenhouse.io/twilio/jobs/8026207
2026-08-25,TWLO,Twilio,Software Engineer-Platform Engineering (L3),Engineering,Remote - US,product_eng,mid,0,0,0,,156050,https://job-boards.greenhouse.io/twilio/jobs/8026203
2026-08-25,TWLO,Twilio,Software Engineer - Video,Engineering,Remote - US,product_eng,mid,0,3,1,application,171300,https://job-boards.greenhouse.io/twilio/jobs/7661919
2026-08-25,TWLO,Twilio,Sr AI Architect - Conversational AI,Engineering,Remote - US,product_eng,senior,1,27,1,application|buzz|general_medium|model_infra,300160,https://job-boards.greenhouse.io/twilio/jobs/7926891
2026-08-25,TWLO,Twilio,Sr Architect - Emerging Technologies (Fraud Detection and Governance),Engineering,Remote - US,product_eng,senior,0,4,1,application|buzz,344960,https://job-boards.greenhouse.io/twilio/jobs/7960476
2026-08-25,TWLO,Twilio,Sr Digital Customer Success Manager,Sales,Remote - Singapore,demand_validated,senior,0,0,0,,,https://job-boards.greenhouse.io/twilio/jobs/8088950
2026-08-25,TWLO,Twilio,Sr. Principal Product Manager,Product Management,Remote - US,product_eng,staff_principal,0,0,0,,268850,https://job-boards.greenhouse.io/twilio/jobs/8108776
2026-08-25,TWLO,Twilio,"Sr. Strategy & Operations Analyst, Deal Desk",Business Operations,Remote - US,nontech,senior,0,0,0,,119320,https://job-boards.greenhouse.io/twilio/jobs/8128863
2026-08-25,TWLO,Twilio,"Staff, Analytics Engineer, GTM Data Science & Analytics",IT,Remote - US,product_eng,staff_principal,0,0,0,,192110,https://job-boards.greenhouse.io/twilio/jobs/8008538
2026-08-25,TWLO,Twilio,"Staff, Business Intelligence Engineer",Business Intelligence,Remote - US,product_eng,staff_principal,0,0,0,,174760,https://job-boards.greenhouse.io/twilio/jobs/8076802
2026-08-25,TWLO,Twilio,"Staff, Business Intelligence Engineer",Business Intelligence,Remote - US,product_eng,staff_principal,0,0,0,,174760,https://job-boards.greenhouse.io/twilio/jobs/8074762
2026-08-25,TWLO,Twilio,"Staff, Data Product Manager",Business Operations,Remote - US,product_eng,staff_principal,0,0,0,,192110,https://job-boards.greenhouse.io/twilio/jobs/8076800
2026-08-25,TWLO,Twilio,Staff Engineer - Offensive Security,Business Operations,Remote - US,product_eng,staff_principal,0,9,1,application|model_infra,192110,https://job-boards.greenhouse.io/twilio/jobs/8048657
2026-08-25,TWLO,Twilio,"Staff Engineer, Security Engineering Partners",People Team,Remote - Canada,product_eng,staff_principal,0,3,1,application,,https://job-boards.greenhouse.io/twilio/jobs/8042071
2026-08-25,TWLO,Twilio,"Staff, Escalation Manager",Customer Support,Remote - US,other,staff_principal,0,0,0,,131310,https://job-boards.greenhouse.io/twilio/jobs/8026406
2026-08-25,TWLO,Twilio,"Staff Impartner Product Owner, PRM",Finance,Remote - Canada,other,staff_principal,0,0,0,,135720,https://job-boards.greenhouse.io/twilio/jobs/8088442
2026-08-25,TWLO,Twilio,Staff Product Designer,UX/Design,Remote - US,product_eng,staff_principal,0,0,0,,173255,https://job-boards.greenhouse.io/twilio/jobs/8039842
2026-08-25,TWLO,Twilio,Staff Product Manager,Product Management,Remote - Canada,product_eng,staff_principal,0,0,0,,164070,https://job-boards.greenhouse.io/twilio/jobs/7904293
2026-08-25,TWLO,Twilio,Staff Product Manager - Enterprise AI,Product Management,Remote - US,product_eng,staff_principal,1,15,1,application|buzz|general_medium,192110,https://job-boards.greenhouse.io/twilio/jobs/7918885
2026-08-25,TWLO,Twilio,Staff Software Engineer,Engineering,Remote - US,product_eng,staff_principal,0,0,0,,192510,https://job-boards.greenhouse.io/twilio/jobs/8065043
2026-08-25,TWLO,Twilio,Staff Software Engineer,Engineering,Remote - US,product_eng,staff_principal,0,9,1,application,211360,https://job-boards.greenhouse.io/twilio/jobs/7944328
2026-08-25,TWLO,Twilio,Staff Software Engineer,Engineering,Remote - Ireland,product_eng,staff_principal,0,3,1,application,,https://job-boards.greenhouse.io/twilio/jobs/8071710
2026-08-25,TWLO,Twilio,Staff Software Engineer (L4),Engineering,Remote - India,product_eng,staff_principal,0,0,0,,,https://job-boards.greenhouse.io/twilio/jobs/7996770
2026-08-25,TWLO,Twilio,Staff Software Engineer (L4),IT,Remote - Canada,product_eng,staff_principal,0,13,1,application|buzz,180360,https://job-boards.greenhouse.io/twilio/jobs/7716279
2026-08-25,TWLO,Twilio,Staff Software Engineer (L4) Data Platform,Engineering,Remote - US,product_eng,staff_principal,0,0,0,,211360,https://job-boards.greenhouse.io/twilio/jobs/7782805
2026-08-25,TWLO,Twilio,"Staff Solutions Architect, Contract LifeCycle Management",IT,Remote - US,demand_validated,staff_principal,0,0,0,,158730,https://job-boards.greenhouse.io/twilio/jobs/7979245
2026-08-25,TWLO,Twilio,"Staff Solutions Architect, Opportunity LifeCycle Management",IT,Remote - US,demand_validated,staff_principal,0,0,0,,157730,https://job-boards.greenhouse.io/twilio/jobs/7979240
2026-08-25,TWLO,Twilio,Strategic Account Executive,Sales,Remote - Japan,demand_validated,mid,0,0,0,,,https://job-boards.greenhouse.io/twilio/jobs/8088055
2026-08-25,TWLO,Twilio,Strategic Account Executive,Sales,Remote - Mexico,demand_validated,mid,0,0,0,,,https://job-boards.greenhouse.io/twilio/jobs/7972644
2026-08-25,TWLO,Twilio,Strategic Account Executive 4,Sales,Remote - US,demand_validated,mid,0,0,0,,157896,https://job-boards.greenhouse.io/twilio/jobs/8036582
2026-08-25,TWLO,Twilio,Strategic Account Executive (German Speaking),Sales,Remote - Spain,demand_validated,mid,0,0,0,,,https://job-boards.greenhouse.io/twilio/jobs/7865849
2026-08-25,TWLO,Twilio,Tech Lead /Sr. Principal Engineer (L6),Engineering,Remote - India,product_eng,staff_principal,0,7,1,application|buzz,,https://job-boards.greenhouse.io/twilio/jobs/7966928
2026-08-25,TWLO,Twilio,Technical Account Manager,Customer Support,Remote - Colombia,demand_validated,mid,0,0,0,,,https://job-boards.greenhouse.io/twilio/jobs/8067913
2026-08-25,TWLO,Twilio,Technical Account Manager 3,Customer Support,Remote - US,demand_validated,mid,0,0,0,,,https://job-boards.greenhouse.io/twilio/jobs/8059910
2026-08-25,TWLO,Twilio,Technical Account Manager 3,Customer Support,Remote - Colombia,demand_validated,mid,0,0,0,,,https://job-boards.greenhouse.io/twilio/jobs/8028956
2026-08-25,TWLO,Twilio,Technical Account Manager 3,Customer Support,Remote - Colombia,demand_validated,mid,0,0,0,,,https://job-boards.greenhouse.io/twilio/jobs/8067909
2026-08-25,TWLO,Twilio,Technical Account Manager 3,Customer Support,Remote - Colombia,demand_validated,mid,0,0,0,,,https://job-boards.greenhouse.io/twilio/jobs/8028958
2026-08-25,TWLO,Twilio,Technical Support Engineer 1,Customer Support,Remote - India,product_eng,mid,0,0,0,,,https://job-boards.greenhouse.io/twilio/jobs/8016229
2026-08-25,TWLO,Twilio,Technical Support Engineer 2,Customer Support,Remote - Colombia,product_eng,mid,0,0,0,,,https://job-boards.greenhouse.io/twilio/jobs/8140436
2026-08-25,TWLO,Twilio,Technical Support Engineer 2,Customer Support,Remote - India,product_eng,mid,0,0,0,,,https://job-boards.greenhouse.io/twilio/jobs/8079708
2026-08-25,TWLO,Twilio,Technical Support Engineer 2,Customer Support,Remote - India,product_eng,mid,0,0,0,,,https://job-boards.greenhouse.io/twilio/jobs/8104436
2026-08-25,TWLO,Twilio,Technical Support Expert 2,Services,Remote - Colombia,nontech,mid,0,0,0,,,https://job-boards.greenhouse.io/twilio/jobs/7966810
2026-08-25,TWLO,Twilio,Transfer Pricing Manager,Finance,Remote - US,other,mid,0,3,1,application,144430,https://job-boards.greenhouse.io/twilio/jobs/7772685
2026-08-25,BRZE,Braze,Account Executive,Sales,Paris,demand_validated,mid,0,0,0,,,https://job-boards.greenhouse.io/braze/jobs/8131999
2026-08-25,BRZE,Braze,Account Executive,Sales,Munich,demand_validated,mid,0,0,0,,,https://job-boards.greenhouse.io/braze/jobs/8141353
2026-08-25,BRZE,Braze,Account Executive,Sales,London,demand_validated,mid,0,0,0,,,https://job-boards.greenhouse.io/braze/jobs/8131983
2026-08-25,BRZE,Braze,Account Executive,Sales,Berlin,demand_validated,mid,0,0,0,,,https://job-boards.greenhouse.io/braze/jobs/8131994
2026-08-25,BRZE,Braze,"Account Executive, Commercial",Sales,Tokyo,demand_validated,mid,0,0,0,,,https://job-boards.greenhouse.io/braze/jobs/8002284
2026-08-25,BRZE,Braze,"Account Executive, Emerging Enterprise, Financial Services",Sales,New York City,demand_validated,mid,0,0,0,,228750,https://job-boards.greenhouse.io/braze/jobs/8013411
2026-08-25,BRZE,Braze,"Account Executive, Emerging Enterprise, Financial Services",Sales,Chicago,demand_validated,mid,0,0,0,,228750,https://job-boards.greenhouse.io/braze/jobs/8013294
2026-08-25,BRZE,Braze,"Account Executive, Emerging Enterprise, Financial Services",Sales,San Francisco,demand_validated,mid,0,0,0,,228750,https://job-boards.greenhouse.io/braze/jobs/8013433
2026-08-25,BRZE,Braze,"Account Executive, Emerging Enterprise, Financial Services",Sales,Austin,demand_validated,mid,0,0,0,,228750,https://job-boards.greenhouse.io/braze/jobs/8013410
2026-08-25,BRZE,Braze,Account Executive Enterprise,Sales,Berlin,demand_validated,mid,0,0,0,,200000,https://job-boards.greenhouse.io/braze/jobs/8088286
2026-08-25,BRZE,Braze,"Account Executive, Enterprise",Sales,Chicago,demand_validated,mid,0,0,0,,229500,https://job-boards.greenhouse.io/braze/jobs/8079476
2026-08-25,BRZE,Braze,"Account Executive, Enterprise",Sales,Sydney,demand_validated,mid,0,0,0,,100000,https://job-boards.greenhouse.io/braze/jobs/7794066
2026-08-25,BRZE,Braze,"Account Executive, Enterprise",Sales,Austin,demand_validated,mid,0,0,0,,229500,https://job-boards.greenhouse.io/braze/jobs/8079491
2026-08-25,BRZE,Braze,"Account Executive, Enterprise",Sales,Chicago,demand_validated,mid,0,0,0,,235000,https://job-boards.greenhouse.io/braze/jobs/8128818
2026-08-25,BRZE,Braze,"Account Executive, Enterprise",Sales,Australia,demand_validated,mid,0,0,0,,100000,https://job-boards.greenhouse.io/braze/jobs/8123246
2026-08-25,BRZE,Braze,"Account Executive, Enterprise",Sales,Madrid,demand_validated,mid,0,0,0,,500000,https://job-boards.greenhouse.io/braze/jobs/8119341
2026-08-25,BRZE,Braze,"Account Executive, Enterprise",Sales,London,demand_validated,mid,0,0,0,,200000,https://job-boards.greenhouse.io/braze/jobs/7995162
2026-08-25,BRZE,Braze,"Account Executive, Enterprise",Sales,New York City,demand_validated,mid,0,0,0,,248000,https://job-boards.greenhouse.io/braze/jobs/8139390
2026-08-25,BRZE,Braze,"Account Executive, Enterprise",Sales,Tokyo,demand_validated,mid,0,0,0,,,https://job-boards.greenhouse.io/braze/jobs/7984560
2026-08-25,BRZE,Braze,"Account Executive, Enterprise",Sales,San Francisco,demand_validated,mid,0,0,0,,248000,https://job-boards.greenhouse.io/braze/jobs/8139393
2026-08-25,BRZE,Braze,"Account Executive, Enterprise",Sales,New York City,demand_validated,mid,0,0,0,,242500,https://job-boards.greenhouse.io/braze/jobs/8072802
2026-08-25,BRZE,Braze,"Account Executive, Enterprise",Sales,San Francisco,demand_validated,mid,0,0,0,,242500,https://job-boards.greenhouse.io/braze/jobs/8079453
2026-08-25,BRZE,Braze,"Account Executive, Enterprise Retail",Sales,Austin,demand_validated,mid,0,0,0,,238500,https://job-boards.greenhouse.io/braze/jobs/8078036
2026-08-25,BRZE,Braze,"Account Executive, Enterprise Retail",Sales,San Francisco,demand_validated,mid,0,0,0,,256000,https://job-boards.greenhouse.io/braze/jobs/8078042
2026-08-25,BRZE,Braze,"Account Executive, Enterprise Retail",Sales,New York City,demand_validated,mid,0,0,0,,256000,https://job-boards.greenhouse.io/braze/jobs/8078035
2026-08-25,BRZE,Braze,"Account Executive, Enterprise Retail",Sales,Chicago,demand_validated,mid,0,0,0,,246500,https://job-boards.greenhouse.io/braze/jobs/8073084
2026-08-25,BRZE,Braze,Account Executive - Open Application,Sales,New York City,demand_validated,mid,0,0,0,,,https://job-boards.greenhouse.io/braze/jobs/7954008
2026-08-25,BRZE,Braze," Account Executive, Retail Scale",Sales,Austin,demand_validated,mid,0,0,0,,137500,https://job-boards.greenhouse.io/braze/jobs/8097434
2026-08-25,BRZE,Braze,"Account Executive, Retail Scale",Sales,Chicago,demand_validated,mid,0,0,0,,146000,https://job-boards.greenhouse.io/braze/jobs/8075042
2026-08-25,BRZE,Braze,"Account Executive, Retail Scale",Sales,San Francisco,demand_validated,mid,0,0,0,,153000,https://job-boards.greenhouse.io/braze/jobs/8097449
2026-08-25,BRZE,Braze,"Account Executive, Retail Scale",Sales,New York City,demand_validated,mid,0,0,0,,153000,https://job-boards.greenhouse.io/braze/jobs/8097447
2026-08-25,BRZE,Braze,"Account Executive, Scale",Sales,San Francisco,demand_validated,mid,0,0,0,,153000,https://job-boards.greenhouse.io/braze/jobs/8082124
2026-08-25,BRZE,Braze,"Account Executive, Scale",Sales,Chicago,demand_validated,mid,0,0,0,,141500,https://job-boards.greenhouse.io/braze/jobs/8039118
2026-08-25,BRZE,Braze,"Account Executive, Scale",Sales,Chicago,demand_validated,mid,0,0,0,,275000,https://job-boards.greenhouse.io/braze/jobs/8129299
2026-08-25,BRZE,Braze,"Account Executive, Scale",Sales,Chicago,demand_validated,mid,0,0,0,,141500,https://job-boards.greenhouse.io/braze/jobs/8070251
2026-08-25,BRZE,Braze,"Account Executive, Scale",Sales,Austin,demand_validated,mid,0,0,0,,133500,https://job-boards.greenhouse.io/braze/jobs/8070244
2026-08-25,BRZE,Braze,"Account Executive, Scale",Sales,San Francisco,demand_validated,mid,0,0,0,,148500,https://job-boards.greenhouse.io/braze/jobs/8070238
2026-08-25,BRZE,Braze,"Account Executive, Scale",Sales,New York City,demand_validated,mid,0,0,0,,153000,https://job-boards.greenhouse.io/braze/jobs/8095298
2026-08-25,BRZE,Braze,"Account Executive, Scale",Sales,Chicago,demand_validated,mid,0,0,0,,146000,https://job-boards.greenhouse.io/braze/jobs/8095299
2026-08-25,BRZE,Braze,"Account Executive, Scale",Sales,Austin,demand_validated,mid,0,0,0,,275000,https://job-boards.greenhouse.io/braze/jobs/8128627
2026-08-25,BRZE,Braze,"Account Executive, Scale",Sales,Austin,demand_validated,mid,0,0,0,,137500,https://job-boards.greenhouse.io/braze/jobs/8095300
2026-08-25,BRZE,Braze,"Account Executive, Scale",Sales,New York City,demand_validated,mid,0,0,0,,148500,https://job-boards.greenhouse.io/braze/jobs/8049784
2026-08-25,BRZE,Braze,"Account Executive, Scale",Sales,San Francisco,demand_validated,mid,0,0,0,,148500,https://job-boards.greenhouse.io/braze/jobs/8039627
2026-08-25,BRZE,Braze,"Account Executive, Scale",Sales,New York City,demand_validated,mid,0,0,0,,148500,https://job-boards.greenhouse.io/braze/jobs/8039626
2026-08-25,BRZE,Braze,"Account Executive, Scale",Sales,New York City,demand_validated,mid,0,0,0,,275000,https://job-boards.greenhouse.io/braze/jobs/8129309
2026-08-25,BRZE,Braze,"Account Executive, Scale",Sales,San Francisco,demand_validated,mid,0,0,0,,275000,https://job-boards.greenhouse.io/braze/jobs/8129303
2026-08-25,BRZE,Braze,"Account Executive, Scale",Sales,Austin,demand_validated,mid,0,0,0,,133500,https://job-boards.greenhouse.io/braze/jobs/8039620
2026-08-25,BRZE,Braze,"Account Executive, Scale (Thai Speaking)",Sales,Singapore,demand_validated,mid,0,0,0,,,https://job-boards.greenhouse.io/braze/jobs/8079466
2026-08-25,BRZE,Braze,"Account Executive, SMB",Sales,Sydney,demand_validated,mid,0,0,0,,,https://job-boards.greenhouse.io/braze/jobs/8130268
2026-08-25,BRZE,Braze,"Account Manager, Commercial",Sales,New York City,other,mid,0,0,0,,262500,https://job-boards.greenhouse.io/braze/jobs/7899402
2026-08-25,BRZE,Braze,"Account Manager, Commercial",Sales,San Francisco,other,mid,0,0,0,,262500,https://job-boards.greenhouse.io/braze/jobs/7902068
2026-08-25,BRZE,Braze,"Account Manager, Commercial",Sales,Austin,other,mid,0,0,0,,262500,https://job-boards.greenhouse.io/braze/jobs/7902064
2026-08-25,BRZE,Braze,"Account Manager, Commercial",Sales,Chicago,other,mid,0,0,0,,262500,https://job-boards.greenhouse.io/braze/jobs/7902065
2026-08-25,BRZE,Braze,"Account Manager, Enterprise",Sales,Sydney,other,mid,0,0,0,,,https://job-boards.greenhouse.io/braze/jobs/8132272
2026-08-25,BRZE,Braze,"Account Manager, Enterprise",Sales,Australia,other,mid,0,0,0,,,https://job-boards.greenhouse.io/braze/jobs/8138346
2026-08-25,BRZE,Braze,"Account Manager, Enterprise",Sales,Austin,other,mid,0,0,0,,145000,https://job-boards.greenhouse.io/braze/jobs/7847359
2026-08-25,BRZE,Braze,"Account Manager, Enterprise",Sales,San Francisco,other,mid,0,0,0,,145000,https://job-boards.greenhouse.io/braze/jobs/7847350
2026-08-25,BRZE,Braze,"Account Manager, Enterprise",Sales,Chicago,other,mid,0,0,0,,145000,https://job-boards.greenhouse.io/braze/jobs/7847338
2026-08-25,BRZE,Braze,"Account Manager, Enterprise",Sales,New York City,other,mid,0,0,0,,145000,https://job-boards.greenhouse.io/braze/jobs/7979691
2026-08-25,BRZE,Braze,"Account Manager, Scale",Sales,Sydney,other,mid,0,0,0,,,https://job-boards.greenhouse.io/braze/jobs/8131845
2026-08-25,BRZE,Braze,AE - Emerging Enterprise - MEGS,Sales,New York City,other,mid,0,0,0,,213000,https://job-boards.greenhouse.io/braze/jobs/8082433
2026-08-25,BRZE,Braze,AI Decisioning Technical Lead,Customer Experience,Tokyo,other,senior,1,2,0,buzz,,https://job-boards.greenhouse.io/braze/jobs/7959885
2026-08-25,BRZE,Braze,APAC Communications Manager,Marketing,Singapore,nontech,mid,0,0,0,,,https://job-boards.greenhouse.io/braze/jobs/8034867
2026-08-25,BRZE,Braze,Applications and Integrations Lead,Information Technology,Toronto,other,senior,0,0,0,,159500,https://job-boards.greenhouse.io/braze/jobs/8083557
2026-08-25,BRZE,Braze,Applications and Integrations Lead,Information Technology,Chicago,other,senior,0,0,0,,147000,https://job-boards.greenhouse.io/braze/jobs/8083535
2026-08-25,BRZE,Braze,"Applied AI Architect, G&A",Growth,New York City,product_eng,mid,1,6,1,application,170000,https://job-boards.greenhouse.io/braze/jobs/8013239
2026-08-25,BRZE,Braze,"Applied AI Architect, G&A",Growth,Chicago,product_eng,mid,1,6,1,application,161500,https://job-boards.greenhouse.io/braze/jobs/8055714
2026-08-25,BRZE,Braze,"Applied AI Architect, G&A",Growth,Austin,product_eng,mid,1,6,1,application,152500,https://job-boards.greenhouse.io/braze/jobs/8055716
2026-08-25,BRZE,Braze,"Applied AI Architect, GTM",Growth,Chicago,product_eng,mid,1,2,0,general_medium,161500,https://job-boards.greenhouse.io/braze/jobs/8044123
2026-08-25,BRZE,Braze,"Applied AI Architect, GTM ",Growth,Austin,product_eng,mid,1,2,0,general_medium,153000,https://job-boards.greenhouse.io/braze/jobs/8044130
2026-08-25,BRZE,Braze,"Applied AI Architect, GTM ",Growth,San Francisco,product_eng,mid,1,2,0,general_medium,170000,https://job-boards.greenhouse.io/braze/jobs/8029319
2026-08-25,BRZE,Braze,"Applied AI Architect, GTM ",Growth,New York City,product_eng,mid,1,2,0,general_medium,170000,https://job-boards.greenhouse.io/braze/jobs/8024690
2026-08-25,BRZE,Braze,AV Associate,Information Technology,New York City,other,mid,0,0,0,,77500,https://job-boards.greenhouse.io/braze/jobs/7979912
2026-08-25,BRZE,Braze,"AVP, Partner Sales",Partnerships,London,nontech,mid,0,3,1,application,,https://job-boards.greenhouse.io/braze/jobs/8131990
2026-08-25,BRZE,Braze,Business Development Representative,Business Development,London,other,mid,0,0,0,,,https://job-boards.greenhouse.io/braze/jobs/8078885
2026-08-25,BRZE,Braze,Business Development Representative,Sales,Chicago,other,mid,0,0,0,,67500,https://job-boards.greenhouse.io/braze/jobs/8026505
2026-08-25,BRZE,Braze,Business Development Representative,Sales,Austin,other,mid,0,0,0,,67500,https://job-boards.greenhouse.io/braze/jobs/8021977
2026-08-25,BRZE,Braze,Business Development Representative Intern,Business Development,London,other,intern,0,0,0,,,https://job-boards.greenhouse.io/braze/jobs/7963295
2026-08-25,BRZE,Braze,Cloud Security Engineer,Engineering,São Paulo,product_eng,mid,0,0,0,,,https://job-boards.greenhouse.io/braze/jobs/8075825
2026-08-25,BRZE,Braze,"Customer Success Manager, Global SMB",Customer Experience,Jakarta,demand_validated,mid,0,0,0,,,https://job-boards.greenhouse.io/braze/jobs/8025153
2026-08-25,BRZE,Braze,Customer Success Manager II,Customer Experience,Remote - Spain,demand_validated,mid,0,0,0,,,https://job-boards.greenhouse.io/braze/jobs/8074870
2026-08-25,BRZE,Braze,"Customer Success Manager II, Retail",Customer Experience,São Paulo,demand_validated,mid,0,0,0,,,https://job-boards.greenhouse.io/braze/jobs/7918224
2026-08-25,BRZE,Braze,Data Scientist II (AI Deployment),Customer Experience,São Paulo,product_eng,mid,1,9,1,buzz|general_medium|model_infra,,https://job-boards.greenhouse.io/braze/jobs/7668561
2026-08-25,BRZE,Braze,Deal Execution Analyst,Finance,London,other,mid,0,0,0,,,https://job-boards.greenhouse.io/braze/jobs/8081182
2026-08-25,BRZE,Braze,"Director, Business Development JAPAC",Business Development,Singapore,other,director,0,0,0,,,https://job-boards.greenhouse.io/braze/jobs/8130911
2026-08-25,BRZE,Braze,"Director, CX Business Systems ",Information Technology,Toronto,other,director,0,3,1,application,236000,https://job-boards.greenhouse.io/braze/jobs/8060694
2026-08-25,BRZE,Braze,"Director, CX Business Systems ",Information Technology,Chicago,other,director,0,3,1,application,229500,https://job-boards.greenhouse.io/braze/jobs/8060685
2026-08-25,BRZE,Braze,"Director, CX Business Systems ",Information Technology,Austin,other,director,0,3,1,application,229500,https://job-boards.greenhouse.io/braze/jobs/8060682
2026-08-25,BRZE,Braze,"Director, CX Business Systems ",Information Technology,San Francisco,other,director,0,3,1,application,229500,https://job-boards.greenhouse.io/braze/jobs/8049472
2026-08-25,BRZE,Braze,"Director, CX Business Systems ",Information Technology,New York City,other,director,0,3,1,application,229500,https://job-boards.greenhouse.io/braze/jobs/8052420
2026-08-25,BRZE,Braze,"Director of Sales, Scale for Media, Entertainment, Gaming and Sports",Sales,New York City,nontech,director,0,0,0,,242000,https://job-boards.greenhouse.io/braze/jobs/8092357
2026-08-25,BRZE,Braze,"Director of Sales, Scale for Media, Entertainment, Gaming and Sports",Sales,San Francisco,nontech,director,0,0,0,,242000,https://job-boards.greenhouse.io/braze/jobs/8095308
2026-08-25,BRZE,Braze,"Director of Sales, Scale for Media, Entertainment, Gaming and Sports",Sales,Chicago,nontech,director,0,0,0,,232000,https://job-boards.greenhouse.io/braze/jobs/8095311
2026-08-25,BRZE,Braze,"Director of Sales, Scale for Media, Entertainment, Gaming and Sports",Sales,Austin,nontech,director,0,0,0,,221500,https://job-boards.greenhouse.io/braze/jobs/8095314
2026-08-25,BRZE,Braze,"Emerging Enterprise Account Executive, Retail",Sales,Austin,demand_validated,mid,0,0,0,,181000,https://job-boards.greenhouse.io/braze/jobs/8027078
2026-08-25,BRZE,Braze,"Emerging Enterprise Account Executive, Retail",Sales,San Francisco,demand_validated,mid,0,0,0,,193750,https://job-boards.greenhouse.io/braze/jobs/8027079
2026-08-25,BRZE,Braze,"Emerging Enterprise Account Executive, Retail",Sales,New York City,demand_validated,mid,0,0,0,,193750,https://job-boards.greenhouse.io/braze/jobs/8027072
2026-08-25,BRZE,Braze,"Emerging Enterprise Account Executive, Retail",Sales,Chicago,demand_validated,mid,0,0,0,,181000,https://job-boards.greenhouse.io/braze/jobs/8017210
2026-08-25,BRZE,Braze,"Engineering Manager, Data Streaming",Engineering,New York City,product_eng,mid,0,0,0,,239081,https://job-boards.greenhouse.io/braze/jobs/7788980
2026-08-25,BRZE,Braze,"Engineering Manager, Email",Engineering,Chicago,product_eng,mid,0,0,0,,239081,https://job-boards.greenhouse.io/braze/jobs/7954218
2026-08-25,BRZE,Braze,"Engineering Manager, Email",Engineering,Toronto,product_eng,mid,0,0,0,,285930,https://job-boards.greenhouse.io/braze/jobs/7939042
2026-08-25,BRZE,Braze,"Engineering Manager, Email",Engineering,San Francisco,product_eng,mid,0,0,0,,239081,https://job-boards.greenhouse.io/braze/jobs/7954221
2026-08-25,BRZE,Braze,"Engineering Manager, Email",Engineering,Austin,product_eng,mid,0,0,0,,239081,https://job-boards.greenhouse.io/braze/jobs/7954220
2026-08-25,BRZE,Braze,"Engineering Manager, Email",Engineering,New York City,product_eng,mid,0,0,0,,239081,https://job-boards.greenhouse.io/braze/jobs/7954214
2026-08-25,BRZE,Braze,"Executive Assistant, Legal",Legal,São Paulo,nontech,mid,0,0,0,,,https://job-boards.greenhouse.io/braze/jobs/8114076
2026-08-25,BRZE,Braze,Field Marketing Lead (12 Month Fixed Term),Marketing,Berlin,nontech,senior,0,0,0,,,https://job-boards.greenhouse.io/braze/jobs/8045174
2026-08-25,BRZE,Braze,Financial Analyst II,Finance,Chicago,other,mid,0,0,0,,84000,https://job-boards.greenhouse.io/braze/jobs/8080351
2026-08-25,BRZE,Braze,Financial Analyst II,Finance,Austin,other,mid,0,0,0,,85000,https://job-boards.greenhouse.io/braze/jobs/8071592
2026-08-25,BRZE,Braze,Forward-Deployed Data Scientist ,Customer Experience,Tokyo,product_eng,mid,0,14,1,buzz|data_ml_ops|general_medium|model_infra,,https://job-boards.greenhouse.io/braze/jobs/8001117
2026-08-25,BRZE,Braze,Forward-Deployed Data Scientist II,Customer Experience,London,product_eng,mid,0,14,1,buzz|data_ml_ops|general_medium|model_infra,,https://job-boards.greenhouse.io/braze/jobs/7976105
2026-08-25,BRZE,Braze," Industry Marketing Lead, Media, Entertainment, Sports & Gaming",Marketing,Austin,nontech,senior,0,0,0,,159000,https://job-boards.greenhouse.io/braze/jobs/8075013
2026-08-25,BRZE,Braze,"Industry Marketing Lead, Media, Entertainment, Sports & Gaming",Marketing,Chicago,nontech,senior,0,0,0,,149500,https://job-boards.greenhouse.io/braze/jobs/8049454
2026-08-25,BRZE,Braze,"Industry Marketing Lead, Media, Entertainment, Sports & Gaming",Marketing,New York City,nontech,senior,0,0,0,,157000,https://job-boards.greenhouse.io/braze/jobs/8011124
2026-08-25,BRZE,Braze,"Industry Marketing Lead, Media, Entertainment, Sports & Gaming",Marketing,San Francisco,nontech,senior,0,0,0,,157000,https://job-boards.greenhouse.io/braze/jobs/8049451
2026-08-25,BRZE,Braze,IT Associate,Engineering,Sydney,other,mid,0,0,0,,,https://job-boards.greenhouse.io/braze/jobs/8010460
2026-08-25,BRZE,Braze,IT Associate,Information Technology,New York City,other,mid,0,0,0,,81500,https://job-boards.greenhouse.io/braze/jobs/7980202
2026-08-25,BRZE,Braze,Lead Solutions Consultant,Solutions Consulting,London,other,senior,0,0,0,,,https://job-boards.greenhouse.io/braze/jobs/8053015
2026-08-25,BRZE,Braze,"Lead, Technology Partners Product Marketing Manager",Marketing,Chicago,nontech,senior,0,0,0,,158500,https://job-boards.greenhouse.io/braze/jobs/8084140
2026-08-25,BRZE,Braze,"Lead, Technology Partners Product Marketing Manager",Marketing,New York City,nontech,senior,0,0,0,,167000,https://job-boards.greenhouse.io/braze/jobs/8089841
2026-08-25,BRZE,Braze,"Lead, Technology Partners Product Marketing Manager",Marketing,Austin,nontech,senior,0,0,0,,151000,https://job-boards.greenhouse.io/braze/jobs/8089838
2026-08-25,BRZE,Braze,"Lifecycle Marketing Analyst, Prospect",Marketing,São Paulo,nontech,mid,0,0,0,,,https://job-boards.greenhouse.io/braze/jobs/8105611
2026-08-25,BRZE,Braze,Lifecycle Marketing Senior Specialist,Marketing,São Paulo,nontech,senior,0,0,0,,,https://job-boards.greenhouse.io/braze/jobs/8096677
2026-08-25,BRZE,Braze,"Manager, Services Consulting",Solutions Consulting,New York City,other,mid,0,0,0,,196400,https://job-boards.greenhouse.io/braze/jobs/8026991
2026-08-25,BRZE,Braze,"Manager, Services Consulting",Solutions Consulting,San Francisco,other,mid,0,0,0,,196400,https://job-boards.greenhouse.io/braze/jobs/8031535
2026-08-25,BRZE,Braze,"Manager, Services Consulting",Solutions Consulting,Austin,other,mid,0,0,0,,177100,https://job-boards.greenhouse.io/braze/jobs/8031547
2026-08-25,BRZE,Braze,"Manager, Services Consulting",Solutions Consulting,Chicago,other,mid,0,0,0,,186700,https://job-boards.greenhouse.io/braze/jobs/8031544
2026-08-25,BRZE,Braze,"Manager, Solutions Consulting, AMER Commercial",Solutions Consulting,Austin,other,mid,0,0,0,,215500,https://job-boards.greenhouse.io/braze/jobs/8120418
2026-08-25,BRZE,Braze,"Manager, Solutions Consulting, AMER Commercial",Solutions Consulting,New York City,other,mid,0,0,0,,230000,https://job-boards.greenhouse.io/braze/jobs/8120455
2026-08-25,BRZE,Braze,"Manager, Solutions Consulting, AMER Commercial",Solutions Consulting,Chicago,other,mid,0,0,0,,220000,https://job-boards.greenhouse.io/braze/jobs/8120454
2026-08-25,BRZE,Braze,"Manager, Solutions Consulting, AMER Commercial",Solutions Consulting,San Francisco,other,mid,0,0,0,,230000,https://job-boards.greenhouse.io/braze/jobs/8120457
2026-08-25,BRZE,Braze,Network Engineer II,Information Technology,London,product_eng,mid,0,0,0,,,https://job-boards.greenhouse.io/braze/jobs/8143478
2026-08-25,BRZE,Braze,Partner Account Director,Partnerships,Chicago,other,director,0,0,0,,209000,https://job-boards.greenhouse.io/braze/jobs/8122381
2026-08-25,BRZE,Braze,Partner Account Director,Partnerships,Austin,other,director,0,0,0,,198000,https://job-boards.greenhouse.io/braze/jobs/8122380
2026-08-25,BRZE,Braze,Partner Account Director,Partnerships,New York City,other,director,0,0,0,,220000,https://job-boards.greenhouse.io/braze/jobs/8110410
2026-08-25,BRZE,Braze,Partner Account Director,Partnerships,London,other,director,0,0,0,,,https://job-boards.greenhouse.io/braze/jobs/8081564
2026-08-25,BRZE,Braze,Partner Development Manager,Partnerships,New York City,other,mid,0,0,0,,156000,https://job-boards.greenhouse.io/braze/jobs/8139241
2026-08-25,BRZE,Braze,Partner Enablement Manager,GTM Strategy,London,nontech,mid,0,0,0,,,https://job-boards.greenhouse.io/braze/jobs/8007347
2026-08-25,BRZE,Braze,People Business Partner,People,New York City,other,mid,0,0,0,,114500,https://job-boards.greenhouse.io/braze/jobs/8047193
2026-08-25,BRZE,Braze,People Solutions Analyst,People,São Paulo,other,mid,0,0,0,,,https://job-boards.greenhouse.io/braze/jobs/7997454
2026-08-25,BRZE,Braze,Platform Software Engineer II,Engineering,New York City,product_eng,mid,0,0,0,,149800,https://job-boards.greenhouse.io/braze/jobs/8112110
2026-08-25,BRZE,Braze,Recruiter II (6 Months Contract),People,Singapore,nontech,mid,0,0,0,,,https://job-boards.greenhouse.io/braze/jobs/8096420
2026-08-25,BRZE,Braze,Recruiter II - Contract Role,People,Chicago,nontech,mid,0,0,0,,50000,https://job-boards.greenhouse.io/braze/jobs/8097754
2026-08-25,BRZE,Braze,Recruiter II - Contract Role,People,Austin,nontech,mid,0,0,0,,50000,https://job-boards.greenhouse.io/braze/jobs/8097756
2026-08-25,BRZE,Braze,Recruiter II - Contract Role,People,New York City,nontech,mid,0,0,0,,50000,https://job-boards.greenhouse.io/braze/jobs/8095242
2026-08-25,BRZE,Braze,Recruitment Coordinator,People,Bucharest,other,mid,0,0,0,,,https://job-boards.greenhouse.io/braze/jobs/8074874
2026-08-25,BRZE,Braze,Revenue Staff Accountant,Finance,São Paulo,other,staff_principal,0,0,0,,,https://job-boards.greenhouse.io/braze/jobs/8112642
2026-08-25,BRZE,Braze,"Sales Director, Enterprise",Sales,Tokyo,nontech,director,0,0,0,,,https://job-boards.greenhouse.io/braze/jobs/7984582
2026-08-25,BRZE,Braze,"Sales Director, Enterprise, ANZ",Sales,Sydney,nontech,director,0,0,0,,,https://job-boards.greenhouse.io/braze/jobs/8131728
2026-08-25,BRZE,Braze,"Sales Operations Analyst, Commissions",Finance,São Paulo,nontech,mid,0,0,0,,,https://job-boards.greenhouse.io/braze/jobs/8060328
2026-08-25,BRZE,Braze,"Senior Account Executive, Emerging Enterprise",Sales,Chicago,demand_validated,senior,0,0,0,,213000,https://job-boards.greenhouse.io/braze/jobs/8069434
2026-08-25,BRZE,Braze,"Senior Account Executive, Emerging Enterprise",Sales,New York City,demand_validated,senior,0,0,0,,213000,https://job-boards.greenhouse.io/braze/jobs/8074838
2026-08-25,BRZE,Braze,"Senior Account Executive, Scale",Sales,London,demand_validated,senior,0,0,0,,,https://job-boards.greenhouse.io/braze/jobs/8025693
2026-08-25,BRZE,Braze,"Senior Account Executive, Strategic Enterprise",Sales,New York City,demand_validated,senior,0,0,0,,274000,https://job-boards.greenhouse.io/braze/jobs/8010543
2026-08-25,BRZE,Braze,"Senior Account Executive, Strategic Enterprise",Sales,Chicago,demand_validated,senior,0,0,0,,265000,https://job-boards.greenhouse.io/braze/jobs/8014513
2026-08-25,BRZE,Braze,"Senior Account Executive, Strategic Enterprise",Sales,Austin,demand_validated,senior,0,0,0,,,https://job-boards.greenhouse.io/braze/jobs/8014514
2026-08-25,BRZE,Braze,Senior Business Development Representative,Business Development,Berlin,other,senior,0,0,0,,,https://job-boards.greenhouse.io/braze/jobs/7981993
2026-08-25,BRZE,Braze,Senior Business Development Representative,Business Development,Berlin,other,senior,0,0,0,,,https://job-boards.greenhouse.io/braze/jobs/7818850
2026-08-25,BRZE,Braze,Senior Business Operations Manager,Marketing,Chicago,nontech,senior,0,0,0,,164000,https://job-boards.greenhouse.io/braze/jobs/8081873
2026-08-25,BRZE,Braze,"Senior Creative Operations Lead, Brand",Marketing,New York City,nontech,senior,0,0,0,,174000,https://job-boards.greenhouse.io/braze/jobs/8082501
2026-08-25,BRZE,Braze,"Senior Creative Operations Lead, Brand",Marketing,Chicago,nontech,senior,0,0,0,,167000,https://job-boards.greenhouse.io/braze/jobs/8103588
2026-08-25,BRZE,Braze,"Senior Creative Operations Lead, Brand",Marketing,San Francisco,nontech,senior,0,0,0,,174000,https://job-boards.greenhouse.io/braze/jobs/8103616
2026-08-25,BRZE,Braze,"Senior Creative Operations Lead, Brand",Marketing,Austin,nontech,senior,0,0,0,,156000,https://job-boards.greenhouse.io/braze/jobs/8103618
2026-08-25,BRZE,Braze,Senior Data Scientist (AI Deployment),Customer Experience,São Paulo,product_eng,senior,1,9,1,buzz|general_medium|model_infra,,https://job-boards.greenhouse.io/braze/jobs/7956629
2026-08-25,BRZE,Braze,"Senior Director, Creative",Marketing,Austin,other,director,0,0,0,,181000,https://job-boards.greenhouse.io/braze/jobs/7993317
2026-08-25,BRZE,Braze,"Senior Director, Creative",Marketing,New York City,other,director,0,0,0,,200000,https://job-boards.greenhouse.io/braze/jobs/7997907
2026-08-25,BRZE,Braze,"Senior Director, Creative",Marketing,Chicago,other,director,0,0,0,,191000,https://job-boards.greenhouse.io/braze/jobs/7997900
2026-08-25,BRZE,Braze,"Senior Director, Creative",Marketing,San Francisco,other,director,0,0,0,,200000,https://job-boards.greenhouse.io/braze/jobs/7997909
2026-08-25,BRZE,Braze,Senior Email Deliverability Consultant,Customer Experience,Chicago,other,senior,0,0,0,,126750,https://job-boards.greenhouse.io/braze/jobs/8072850
2026-08-25,BRZE,Braze,Senior Email Deliverability Consultant,Customer Experience,Austin,other,senior,0,0,0,,122000,https://job-boards.greenhouse.io/braze/jobs/8072852
2026-08-25,BRZE,Braze,Senior Email Deliverability Consultant,Customer Experience,San Francisco,other,senior,0,0,0,,131500,https://job-boards.greenhouse.io/braze/jobs/8072853
2026-08-25,BRZE,Braze,Senior Email Deliverability Consultant,Customer Experience,New York City,other,senior,0,0,0,,131500,https://job-boards.greenhouse.io/braze/jobs/8051169
2026-08-25,BRZE,Braze,Senior Global Event Marketing Manager,Marketing,San Francisco,nontech,senior,0,0,0,,138000,https://job-boards.greenhouse.io/braze/jobs/8013477
2026-08-25,BRZE,Braze,Senior GTM Enablement Manager,GTM Strategy,Sydney,nontech,senior,0,0,0,,,https://job-boards.greenhouse.io/braze/jobs/8105609
2026-08-25,BRZE,Braze,Senior Lead Field Architect,Solutions Consulting,Austin,product_eng,senior,0,0,0,,213500,https://job-boards.greenhouse.io/braze/jobs/8039727
2026-08-25,BRZE,Braze,Senior Lead Field Architect,Solutions Consulting,New York City,product_eng,senior,0,0,0,,238000,https://job-boards.greenhouse.io/braze/jobs/8039731
2026-08-25,BRZE,Braze,Senior Lead Field Architect,Solutions Consulting,San Francisco,product_eng,senior,0,0,0,,238000,https://job-boards.greenhouse.io/braze/jobs/8039735
2026-08-25,BRZE,Braze,Senior Lead Field Architect,Solutions Consulting,Chicago,product_eng,senior,0,0,0,,226500,https://job-boards.greenhouse.io/braze/jobs/8039383
2026-08-25,BRZE,Braze,"Senior Lead Systems Engineer, AI & Automation",Information Technology,Chicago,product_eng,senior,1,9,1,application,152000,https://job-boards.greenhouse.io/braze/jobs/8109973
2026-08-25,BRZE,Braze,"Senior Lead Systems Engineer, AI & Automation",Information Technology,New York City,product_eng,senior,1,9,1,application,159000,https://job-boards.greenhouse.io/braze/jobs/8082030
2026-08-25,BRZE,Braze,"Senior Lead Systems Engineer, AI & Automation",Information Technology,Austin,product_eng,senior,1,9,1,application,143000,https://job-boards.greenhouse.io/braze/jobs/8109995
2026-08-25,BRZE,Braze,"Senior Lead Systems Engineer, AI & Automation",Information Technology,Toronto,product_eng,senior,1,9,1,application,163500,https://job-boards.greenhouse.io/braze/jobs/8110018
2026-08-25,BRZE,Braze,Senior Marketing Data Analyst,GTM Operations,São Paulo,nontech,senior,0,0,0,,,https://job-boards.greenhouse.io/braze/jobs/8002934
2026-08-25,BRZE,Braze,Senior Partner Account Director - Technology Partnerships - AWS,Partnerships,Austin,other,director,0,0,0,,234000,https://job-boards.greenhouse.io/braze/jobs/8145911
2026-08-25,BRZE,Braze,Senior Partner Account Director - Technology Partnerships - AWS,Partnerships,San Francisco,other,director,0,0,0,,260000,https://job-boards.greenhouse.io/braze/jobs/8145908
2026-08-25,BRZE,Braze,Senior Partner Account Director - Technology Partnerships - AWS,Partnerships,New York City,other,director,0,0,0,,260000,https://job-boards.greenhouse.io/braze/jobs/8115092
2026-08-25,BRZE,Braze,Senior Partner Account Director - Technology Partnerships - AWS,Partnerships,Chicago,other,director,0,0,0,,247000,https://job-boards.greenhouse.io/braze/jobs/8145903
2026-08-25,BRZE,Braze,Senior Partner Marketing Manager,Marketing,New York City,nontech,senior,0,0,0,,177000,https://job-boards.greenhouse.io/braze/jobs/8144376
2026-08-25,BRZE,Braze,Senior Partner Marketing Manager,Marketing,San Francisco,nontech,senior,0,0,0,,177000,https://job-boards.greenhouse.io/braze/jobs/8139640
2026-08-25,BRZE,Braze,Senior Partner Marketing Manager,Marketing,Austin,nontech,senior,0,0,0,,159000,https://job-boards.greenhouse.io/braze/jobs/8139811
2026-08-25,BRZE,Braze,Senior Platform Software Engineer II,Engineering,New York City,product_eng,senior,0,0,0,,216182,https://job-boards.greenhouse.io/braze/jobs/8039381
2026-08-25,BRZE,Braze,"Senior Product Marketing Manager, Orchestration",Marketing,San Francisco,nontech,senior,0,3,1,application,148000,https://job-boards.greenhouse.io/braze/jobs/8052481
2026-08-25,BRZE,Braze,"Senior Product Marketing Manager, Orchestration",Marketing,Chicago,nontech,senior,0,3,1,application,140000,https://job-boards.greenhouse.io/braze/jobs/8052484
2026-08-25,BRZE,Braze,"Senior Product Marketing Manager, Orchestration",Marketing,New York City,nontech,senior,0,3,1,application,148000,https://job-boards.greenhouse.io/braze/jobs/8052239
2026-08-25,BRZE,Braze,"Senior Product Marketing Manager, Orchestration",Marketing,Austin,nontech,senior,0,3,1,application,133500,https://job-boards.greenhouse.io/braze/jobs/8052486
2026-08-25,BRZE,Braze,Senior Sales Data Analyst,GTM Operations,São Paulo,nontech,senior,0,0,0,,,https://job-boards.greenhouse.io/braze/jobs/7896284
2026-08-25,BRZE,Braze,"Senior Sales Director, Enterprise",Sales,London,nontech,director,0,0,0,,,https://job-boards.greenhouse.io/braze/jobs/8048689
2026-08-25,BRZE,Braze,"Senior Security Engineer, Enterprise Security",Engineering,São Paulo,product_eng,senior,0,0,0,,,https://job-boards.greenhouse.io/braze/jobs/7963381
2026-08-25,BRZE,Braze,"Senior Security Engineer, Enterprise Security",Engineering,San Francisco,product_eng,senior,0,0,0,,164450,https://job-boards.greenhouse.io/braze/jobs/8077458
2026-08-25,BRZE,Braze,"Senior Security Engineer, Enterprise Security",Engineering,Austin,product_eng,senior,0,0,0,,164450,https://job-boards.greenhouse.io/braze/jobs/8077456
2026-08-25,BRZE,Braze,"Senior Security Engineer, Enterprise Security",Engineering,Chicago,product_eng,senior,0,0,0,,164450,https://job-boards.greenhouse.io/braze/jobs/8077454
2026-08-25,BRZE,Braze,"Senior Security Engineer, Enterprise Security",Engineering,New York City,product_eng,senior,0,0,0,,164450,https://job-boards.greenhouse.io/braze/jobs/8071700
2026-08-25,BRZE,Braze,"Senior Security Engineer, Enterprise Security",Engineering,Toronto,product_eng,senior,0,0,0,,182500,https://job-boards.greenhouse.io/braze/jobs/8083534
2026-08-25,BRZE,Braze,Senior Security Engineer II,Engineering,Toronto,product_eng,senior,0,0,0,,210150,https://job-boards.greenhouse.io/braze/jobs/8153924
2026-08-25,BRZE,Braze,Senior Security Engineer II,Engineering,San Francisco,product_eng,senior,0,0,0,,205000,https://job-boards.greenhouse.io/braze/jobs/8084144
2026-08-25,BRZE,Braze,Senior Security Engineer II,Engineering,Atlanta,product_eng,senior,0,0,0,,205000,https://job-boards.greenhouse.io/braze/jobs/8140267
2026-08-25,BRZE,Braze,Senior Security Engineer II,Engineering,New York City,product_eng,senior,0,0,0,,205000,https://job-boards.greenhouse.io/braze/jobs/8080170
2026-08-25,BRZE,Braze,Senior Security Engineer II,Engineering,Austin,product_eng,senior,0,0,0,,205000,https://job-boards.greenhouse.io/braze/jobs/8084146
2026-08-25,BRZE,Braze,Senior Security Engineer II,Engineering,Boston,product_eng,senior,0,0,0,,205000,https://job-boards.greenhouse.io/braze/jobs/8140264
2026-08-25,BRZE,Braze,Senior Security Engineer II,Engineering,Chicago,product_eng,senior,0,0,0,,205000,https://job-boards.greenhouse.io/braze/jobs/8084145
2026-08-25,BRZE,Braze,Senior Site Reliability Engineer,Engineering,São Paulo,product_eng,senior,0,0,0,,,https://job-boards.greenhouse.io/braze/jobs/7980448
2026-08-25,BRZE,Braze,"Senior Software Engineer I, Content Cards",Engineering,Chicago,product_eng,senior,0,0,0,,181421,https://job-boards.greenhouse.io/braze/jobs/8105898
2026-08-25,BRZE,Braze,"Senior Software Engineer I, Content Cards",Engineering,San Francisco,product_eng,senior,0,0,0,,181421,https://job-boards.greenhouse.io/braze/jobs/8105900
2026-08-25,BRZE,Braze,"Senior Software Engineer I, Content Cards",Engineering,New York City,product_eng,senior,0,0,0,,181421,https://job-boards.greenhouse.io/braze/jobs/8105865
2026-08-25,BRZE,Braze,"Senior Software Engineer I, Content Cards",Engineering,Austin,product_eng,senior,0,0,0,,181421,https://job-boards.greenhouse.io/braze/jobs/8105890
2026-08-25,BRZE,Braze,"Senior Software Engineer I, Frontend Infrastructure & Experience",Engineering,New York City,product_eng,senior,0,0,0,,181421,https://job-boards.greenhouse.io/braze/jobs/7946769
2026-08-25,BRZE,Braze,"Senior Software Engineer I, Frontend Infrasturcture & Experience",Engineering,Chicago,product_eng,senior,0,0,0,,181421,https://job-boards.greenhouse.io/braze/jobs/7954594
2026-08-25,BRZE,Braze,"Senior Software Engineer II, BrazeAI Operator",Engineering,São Paulo,product_eng,senior,0,9,1,application,,https://job-boards.greenhouse.io/braze/jobs/7947577
2026-08-25,BRZE,Braze,"Senior Software Engineer II, Full-Stack",Engineering,Toronto,product_eng,senior,0,0,0,,258419,https://job-boards.greenhouse.io/braze/jobs/8030572
2026-08-25,BRZE,Braze,"Senior Solutions Consultant, Retail (SC3)",Solutions Consulting,Chicago,other,senior,0,0,0,,155500,https://job-boards.greenhouse.io/braze/jobs/8081875
2026-08-25,BRZE,Braze,"Senior Solutions Consultant, Retail (SC3)",Solutions Consulting,New York City,other,senior,0,0,0,,163500,https://job-boards.greenhouse.io/braze/jobs/8081972
2026-08-25,BRZE,Braze,"Senior Solutions Consultant, Retail (SC3)",Solutions Consulting,Austin,other,senior,0,0,0,,152500,https://job-boards.greenhouse.io/braze/jobs/8081973
2026-08-25,BRZE,Braze,"Senior Solutions Consultant, Retail (SC3)",Solutions Consulting,San Francisco,other,senior,0,0,0,,163500,https://job-boards.greenhouse.io/braze/jobs/8081975
2026-08-25,BRZE,Braze,Senior Staff Engineer,Engineering,Chicago,product_eng,staff_principal,0,0,0,,299000,https://job-boards.greenhouse.io/braze/jobs/7914087
2026-08-25,BRZE,Braze,Senior Staff Engineer,Engineering,Austin,product_eng,staff_principal,0,0,0,,299000,https://job-boards.greenhouse.io/braze/jobs/7914090
2026-08-25,BRZE,Braze,Senior Staff Engineer,Engineering,New York City,product_eng,staff_principal,0,0,0,,299000,https://job-boards.greenhouse.io/braze/jobs/7905995
2026-08-25,BRZE,Braze,Senior Staff Engineer,Engineering,San Francisco,product_eng,staff_principal,0,0,0,,299000,https://job-boards.greenhouse.io/braze/jobs/7914092
2026-08-25,BRZE,Braze,"Senior Technical Product Manager, Content Platforms (AI Content Operations) ",Growth,Austin,product_eng,senior,1,3,1,application,182000,https://job-boards.greenhouse.io/braze/jobs/8053845
2026-08-25,BRZE,Braze,"Senior Technical Product Manager, Content Platforms (AI Content Operations) ",Growth,New York City,product_eng,senior,1,3,1,application,202500,https://job-boards.greenhouse.io/braze/jobs/8000775
2026-08-25,BRZE,Braze,"Senior Technical Product Manager, Content Platforms (AI Content Operations) ",Growth,San Francisco,product_eng,senior,1,3,1,application,202500,https://job-boards.greenhouse.io/braze/jobs/8053850
2026-08-25,BRZE,Braze,"Senior Technical Product Manager, Content Platforms (AI Content Operations) ",Growth,Chicago,product_eng,senior,1,3,1,application,192500,https://job-boards.greenhouse.io/braze/jobs/8053849
2026-08-25,BRZE,Braze,"Senior Technical Product Manager, Content Platforms (Localization)",Growth,New York City,product_eng,senior,0,0,0,,202500,https://job-boards.greenhouse.io/braze/jobs/8027701
2026-08-25,BRZE,Braze,"Senior Technical Product Manager, Content Platforms (Localization)",Growth,San Francisco,product_eng,senior,0,0,0,,202500,https://job-boards.greenhouse.io/braze/jobs/8053791
2026-08-25,BRZE,Braze,"Senior Technical Product Manager, Content Platforms (Localization)",Growth,Austin,product_eng,senior,0,0,0,,182000,https://job-boards.greenhouse.io/braze/jobs/8053789
2026-08-25,BRZE,Braze,"Senior Technical Product Manager, Content Platforms (Localization)",Growth,Chicago,product_eng,senior,0,0,0,,192500,https://job-boards.greenhouse.io/braze/jobs/8053787
2026-08-25,BRZE,Braze,Senior Technical Support Specialist,Customer Experience,Tokyo,nontech,senior,0,0,0,,,https://job-boards.greenhouse.io/braze/jobs/8045092
2026-08-25,BRZE,Braze,"Solutions Consultant, Emerging Enterprise, General Business",Solutions Consulting,New York City,other,mid,0,0,0,,126650,https://job-boards.greenhouse.io/braze/jobs/7997848
2026-08-25,BRZE,Braze,"Solutions Consultant, Emerging Enterprise, General Business",Solutions Consulting,Austin,other,mid,0,0,0,,115300,https://job-boards.greenhouse.io/braze/jobs/7997850
2026-08-25,BRZE,Braze,"Solutions Consultant, Emerging Enterprise, General Business",Solutions Consulting,San Francisco,other,mid,0,0,0,,126650,https://job-boards.greenhouse.io/braze/jobs/7997849
2026-08-25,BRZE,Braze,"Solutions Consultant, Emerging Enterprise, General Business",Solutions Consulting,Chicago,other,mid,0,0,0,,119550,https://job-boards.greenhouse.io/braze/jobs/7993319
2026-08-25,BRZE,Braze,"Solutions Consultant, Emerging Enterprise, General Business",Solutions Consulting,Toronto,other,mid,0,0,0,,132000,https://job-boards.greenhouse.io/braze/jobs/8014600
2026-08-25,BRZE,Braze,Staff Software Engineer,Engineering,Chicago,product_eng,staff_principal,0,15,1,application|buzz|data_ml_ops|model_infra,258200,https://job-boards.greenhouse.io/braze/jobs/8141756
2026-08-25,BRZE,Braze,Staff Software Engineer,Engineering,Vancouver,product_eng,staff_principal,0,3,1,application,289606,https://job-boards.greenhouse.io/braze/jobs/8105946
2026-08-25,BRZE,Braze,Staff Software Engineer,Engineering,Toronto,product_eng,staff_principal,0,15,1,application|buzz|data_ml_ops|model_infra,266000,https://job-boards.greenhouse.io/braze/jobs/8141758
2026-08-25,BRZE,Braze,Staff Software Engineer,Engineering,Toronto,product_eng,staff_principal,0,3,1,application,289606,https://job-boards.greenhouse.io/braze/jobs/8105613
2026-08-25,BRZE,Braze,Staff Software Engineer,Engineering,New York City,product_eng,staff_principal,0,15,1,application|buzz|data_ml_ops|model_infra,258200,https://job-boards.greenhouse.io/braze/jobs/8114176
2026-08-25,BRZE,Braze,Staff Software Engineer,Engineering,San Francisco,product_eng,staff_principal,0,15,1,application|buzz|data_ml_ops|model_infra,258200,https://job-boards.greenhouse.io/braze/jobs/8141757
2026-08-25,BRZE,Braze,Staff Software Engineer,Engineering,Austin,product_eng,staff_principal,0,15,1,application|buzz|data_ml_ops|model_infra,258200,https://job-boards.greenhouse.io/braze/jobs/8141755
2026-08-25,BRZE,Braze,Support Engagement Lead,Customer Experience,Chicago,nontech,senior,0,0,0,,105000,https://job-boards.greenhouse.io/braze/jobs/8010941
2026-08-25,BRZE,Braze,Support Engagement Lead,Customer Experience,São Paulo,nontech,senior,0,0,0,,,https://job-boards.greenhouse.io/braze/jobs/8122824
2026-08-25,BRZE,Braze,Support Engagement Lead,Customer Experience,Denver,nontech,senior,0,0,0,,105000,https://job-boards.greenhouse.io/braze/jobs/8010978
2026-08-25,BRZE,Braze,Support Engagement Lead,Customer Experience,New York City,nontech,senior,0,0,0,,105000,https://job-boards.greenhouse.io/braze/jobs/8010975
2026-08-25,BRZE,Braze,Support Engagement Lead,Customer Experience,San Francisco,nontech,senior,0,0,0,,105000,https://job-boards.greenhouse.io/braze/jobs/8010946
2026-08-25,BRZE,Braze,Support Engagement Lead,Customer Experience,Austin,nontech,senior,0,0,0,,105000,https://job-boards.greenhouse.io/braze/jobs/8007443
2026-08-25,BRZE,Braze,"Team Lead, Email Deliverability",Customer Experience,San Francisco,other,senior,0,0,0,,129500,https://job-boards.greenhouse.io/braze/jobs/7983204
2026-08-25,BRZE,Braze,"Team Lead, Email Deliverability",Customer Experience,Austin,other,senior,0,0,0,,129500,https://job-boards.greenhouse.io/braze/jobs/7983202
2026-08-25,BRZE,Braze,"Team Lead, Email Deliverability",Customer Experience,Chicago,other,senior,0,0,0,,129500,https://job-boards.greenhouse.io/braze/jobs/7963459
2026-08-25,BRZE,Braze,"Team Lead, Email Deliverability",Customer Experience,New York City,other,senior,0,0,0,,129500,https://job-boards.greenhouse.io/braze/jobs/7983203
2026-08-25,BRZE,Braze,"Team Lead Solutions Consultant, Financial Services",Solutions Consulting,Chicago,other,senior,0,0,0,,179050,https://job-boards.greenhouse.io/braze/jobs/8008686
2026-08-25,BRZE,Braze,"Team Lead Solutions Consultant, Financial Services",Solutions Consulting,New York City,other,senior,0,0,0,,187500,https://job-boards.greenhouse.io/braze/jobs/8017295
2026-08-25,BRZE,Braze,"Team Lead Solutions Consultant, Financial Services",Solutions Consulting,Austin,other,senior,0,0,0,,174000,https://job-boards.greenhouse.io/braze/jobs/8017298
2026-08-25,BRZE,Braze,Technical Account Manager,Customer Experience,New York City,demand_validated,mid,0,0,0,,112225,https://job-boards.greenhouse.io/braze/jobs/7851375
2026-08-25,BRZE,Braze,Technical Account Manager,Customer Experience,Toronto,demand_validated,mid,0,0,0,,126750,https://job-boards.greenhouse.io/braze/jobs/8067160
2026-08-25,BRZE,Braze,Technical Account Manager,Customer Experience,San Francisco,demand_validated,mid,0,0,0,,112225,https://job-boards.greenhouse.io/braze/jobs/7872124
2026-08-25,BRZE,Braze,Technical Account Manager,Customer Experience,Chicago,demand_validated,mid,0,0,0,,112225,https://job-boards.greenhouse.io/braze/jobs/7872122
2026-08-25,BRZE,Braze,Technical Account Manager,Customer Experience,Austin,demand_validated,mid,0,0,0,,112225,https://job-boards.greenhouse.io/braze/jobs/7872119
2026-08-25,BRZE,Braze,Technical Architect,Customer Experience,São Paulo,product_eng,mid,0,1,0,buzz,,https://job-boards.greenhouse.io/braze/jobs/8055926
2026-08-25,BRZE,Braze,Technical Support Specialist,Customer Experience,New York City,nontech,mid,0,0,0,,88000,https://job-boards.greenhouse.io/braze/jobs/8095130
2026-08-25,BRZE,Braze,Technical Support Specialist,Customer Experience,San Francisco,nontech,mid,0,0,0,,88000,https://job-boards.greenhouse.io/braze/jobs/8099312
2026-08-25,BRZE,Braze,Technical Support Specialist,Customer Experience,Austin,nontech,mid,0,0,0,,79000,https://job-boards.greenhouse.io/braze/jobs/8099327
2026-08-25,BRZE,Braze,Technical Support Specialist,Customer Experience,San Francisco,nontech,mid,0,0,0,,88000,https://job-boards.greenhouse.io/braze/jobs/8130853
2026-08-25,BRZE,Braze,Technical Support Specialist,Customer Experience,New York City,nontech,mid,0,0,0,,88000,https://job-boards.greenhouse.io/braze/jobs/8140049
2026-08-25,BRZE,Braze,Technical Support Specialist,Customer Experience,Chicago,nontech,mid,0,0,0,,83000,https://job-boards.greenhouse.io/braze/jobs/8139484
2026-08-25,BRZE,Braze,Technical Support Specialist,Customer Experience,Austin,nontech,mid,0,0,0,,79000,https://job-boards.greenhouse.io/braze/jobs/8139467
2026-08-25,BRZE,Braze,Technical Support Specialist,Customer Experience,Chicago,nontech,mid,0,0,0,,83000,https://job-boards.greenhouse.io/braze/jobs/8099717
2026-08-25,BRZE,Braze,Technology Partners Product Marketing Manager,Marketing,San Francisco,nontech,mid,0,0,0,,167000,https://job-boards.greenhouse.io/braze/jobs/8089842
2026-08-25,COIN,Coinbase,"Accounting Manager, GL Operations & Intercompany",Finance & Accounting,Remote - USA,nontech,mid,0,0,0,,181022,https://www.coinbase.com/careers/positions/8093264?gh_jid=8093264
2026-08-25,COIN,Coinbase,"Accounting Manager, GL Operations & Intercompany",Finance & Accounting,Remote - Canada,nontech,mid,0,0,0,,170000,https://www.coinbase.com/careers/positions/7822885?gh_jid=7822885
2026-08-25,COIN,Coinbase,"Accounting Manager, Lending & Credit Products",Finance & Accounting,Remote - USA,nontech,mid,0,0,0,,181022,https://www.coinbase.com/careers/positions/7532645?gh_jid=7532645
2026-08-25,COIN,Coinbase,AMLCO & Senior Compliance Associate,Legal & Compliance,Remote - Cyprus,other,senior,0,0,0,,,https://www.coinbase.com/careers/positions/7942306?gh_jid=7942306
2026-08-25,COIN,Coinbase,"Analyst, Business Controller",Finance & Accounting,Remote - EMEA,other,mid,0,0,0,,,https://www.coinbase.com/careers/positions/7875558?gh_jid=7875558
2026-08-25,COIN,Coinbase,"Associate Manager, Premium & Wealth",Customer Experience,"Hybrid - London, UK",other,mid,0,0,0,,,https://www.coinbase.com/careers/positions/8080028?gh_jid=8080028
2026-08-25,COIN,Coinbase,"Associate Manager, SAM",Customer Experience,"Charlotte, NC",other,mid,0,6,1,application,117385,https://www.coinbase.com/careers/positions/7985269?gh_jid=7985269
2026-08-25,COIN,Coinbase,"Business Operations Senior Associate, Institutional",Business Operations & Strategy,Remote - USA,nontech,senior,0,0,0,,161968,https://www.coinbase.com/careers/positions/7980600?gh_jid=7980600
2026-08-25,COIN,Coinbase,Capacity Planning Lead,Customer Experience,"Hybrid - Bangalore, India",other,senior,0,3,1,application,,https://www.coinbase.com/careers/positions/8013889?gh_jid=8013889
2026-08-25,COIN,Coinbase,Chief of Staff,HR & Recruiting,Remote - USA,other,exec,0,0,0,,231065,https://www.coinbase.com/careers/positions/8131316?gh_jid=8131316
2026-08-25,COIN,Coinbase,"Communications Manager, Policy & Public Affairs",Marketing & Communications,Remote - USA,nontech,mid,0,0,0,,185832,https://www.coinbase.com/careers/positions/7746572?gh_jid=7746572
2026-08-25,COIN,Coinbase,"Compliance, Threat & Risk Assessment Manager",Compliance & AML Operations,Remote - USA,other,mid,0,1,0,buzz,176305,https://www.coinbase.com/careers/positions/8064692?gh_jid=8064692
2026-08-25,COIN,Coinbase,Concierge Specialist IV,Customer Experience,Hybrid - Singapore,other,mid,0,0,0,,96900,https://www.coinbase.com/careers/positions/7994501?gh_jid=7994501
2026-08-25,COIN,Coinbase,Concierge Specialist IV,Customer Experience,"Hybrid - London, UK",other,mid,0,0,0,,,https://www.coinbase.com/careers/positions/8031308?gh_jid=8031308
2026-08-25,COIN,Coinbase,Concierge Specialist IV,Customer Experience,"Hybrid - London, UK",other,mid,0,0,0,,,https://www.coinbase.com/careers/positions/8031253?gh_jid=8031253
2026-08-25,COIN,Coinbase,Concierge Specialist IV,Customer Experience,Hybrid - Singapore,other,mid,0,0,0,,96900,https://www.coinbase.com/careers/positions/7994498?gh_jid=7994498
2026-08-25,COIN,Coinbase,"Counsel, Commercial",Legal & Compliance,Remote - USA,nontech,mid,0,0,0,,200078,https://www.coinbase.com/careers/positions/8030594?gh_jid=8030594
2026-08-25,COIN,Coinbase,Counsel - Financial Services,Legal & Compliance,Remote - UK,nontech,mid,0,0,0,,,https://www.coinbase.com/careers/positions/7602261?gh_jid=7602261
2026-08-25,COIN,Coinbase,"Country Director, India",International Expansion,Remote - India,other,director,0,0,0,,,https://www.coinbase.com/careers/positions/7606826?gh_jid=7606826
2026-08-25,COIN,Coinbase,Credit Risk Analyst,Finance & Accounting,Remote - USA,other,mid,0,0,0,,103415,https://www.coinbase.com/careers/positions/8131356?gh_jid=8131356
2026-08-25,COIN,Coinbase,Derivative Sales Analyst,"Institutional Sales, Trading, and Prime Services",Remote - UK,nontech,mid,0,1,0,buzz,,https://www.coinbase.com/careers/positions/8097446?gh_jid=8097446
2026-08-25,COIN,Coinbase,Derivative Sales Analyst (Prosumer Sales),"Institutional Sales, Trading, and Prime Services",Remote - USA,nontech,mid,0,0,0,,138195,https://www.coinbase.com/careers/positions/8021857?gh_jid=8021857
2026-08-25,COIN,Coinbase,"Director, Premium & Wealth",Customer Experience,"Charlotte, NC",other,director,0,0,0,,232050,https://www.coinbase.com/careers/positions/8068385?gh_jid=8068385
2026-08-25,COIN,Coinbase,Engineering Manager - Customer Experience AI,Engineering - Managers,Remote - India,product_eng,mid,1,9,1,application,,https://www.coinbase.com/careers/positions/7741187?gh_jid=7741187
2026-08-25,COIN,Coinbase,Engineering Manager - Platform (FinHub - Financial Intelligence),Engineering - Managers,Remote - USA,product_eng,mid,0,3,1,application,237262,https://www.coinbase.com/careers/positions/8138031?gh_jid=8138031
2026-08-25,COIN,Coinbase,"Forward Deployed Engineer, Compliance [Office of the CTO]",Engineering - Backend,Remote - USA,demand_validated,mid,0,6,1,application,237262,https://www.coinbase.com/careers/positions/8099099?gh_jid=8099099
2026-08-25,COIN,Coinbase,"Forward Deployed Engineer, Finance [Office of the CTO]",Engineering,Remote - USA,demand_validated,mid,0,6,1,application,237262,https://www.coinbase.com/careers/positions/8072932?gh_jid=8072932
2026-08-25,COIN,Coinbase,"Forward Deployed Engineer, Legal [Office of the CTO]",Legal & Compliance,Remote - USA,demand_validated,mid,0,6,1,application,237262,https://www.coinbase.com/careers/positions/8060884?gh_jid=8060884
2026-08-25,COIN,Coinbase,GFCO Program Manager,Customer Experience,Remote - USA,other,mid,0,0,0,,211085,https://www.coinbase.com/careers/positions/8070046?gh_jid=8070046
2026-08-25,COIN,Coinbase,"Group Product Manager, Compliance Agent Experience",Product,Remote - USA,product_eng,mid,0,4,1,application|buzz,265382,https://www.coinbase.com/careers/positions/8060662?gh_jid=8060662
2026-08-25,COIN,Coinbase,"Group Product Manager, Compliance Automation",Product,Remote - USA,product_eng,mid,0,3,1,application,265382,https://www.coinbase.com/careers/positions/7701642?gh_jid=7701642
2026-08-25,COIN,Coinbase,"Group Product Manager, Core Infrastructure & Reliability",Product,Remote - USA,product_eng,mid,0,0,0,,265382,https://www.coinbase.com/careers/positions/7997785?gh_jid=7997785
2026-08-25,COIN,Coinbase,"Group Product Manager, Developer Infrastructure",Product,Remote - USA,product_eng,mid,0,1,0,buzz,265382,https://www.coinbase.com/careers/positions/8017607?gh_jid=8017607
2026-08-25,COIN,Coinbase,"Group Product Manager, Financial Engineering ",Product,Remote - USA,product_eng,mid,0,0,0,,265382,https://www.coinbase.com/careers/positions/7789404?gh_jid=7789404
2026-08-25,COIN,Coinbase,"Head of Finance, Canada",Finance & Accounting,Remote - Canada,nontech,exec,0,0,0,,212200,https://www.coinbase.com/careers/positions/7993445?gh_jid=7993445
2026-08-25,COIN,Coinbase,Head of Product Creative ,Product,Remote - USA,other,exec,0,0,0,,265382,https://www.coinbase.com/careers/positions/7304930?gh_jid=7304930
2026-08-25,COIN,Coinbase,HR Business Partner,Finance & Accounting,Remote - USA,nontech,mid,0,0,0,,191568,https://www.coinbase.com/careers/positions/7997879?gh_jid=7997879
2026-08-25,COIN,Coinbase,Internal Audit Analyst,Finance & Accounting,Remote - USA,other,intern,0,0,0,,103415,https://www.coinbase.com/careers/positions/8031603?gh_jid=8031603
2026-08-25,COIN,Coinbase,Internal Audit Analytics Associate,Finance & Accounting,Remote - USA,other,intern,0,0,0,,127742,https://www.coinbase.com/careers/positions/8109575?gh_jid=8109575
2026-08-25,COIN,Coinbase,Internal Audit IT Associate Manager,Finance & Accounting,Remote - USA,other,intern,0,0,0,,142450,https://www.coinbase.com/careers/positions/7365422?gh_jid=7365422
2026-08-25,COIN,Coinbase,Internal Audit IT Manager,Finance & Accounting,Remote - USA,other,intern,0,0,0,,181022,https://www.coinbase.com/careers/positions/7755116?gh_jid=7755116
2026-08-25,COIN,Coinbase,Internal Audit Manager,Finance & Accounting,Remote - Luxembourg,other,intern,0,0,0,,,https://www.coinbase.com/careers/positions/8097292?gh_jid=8097292
2026-08-25,COIN,Coinbase,"Internal Audit Senior Associate, Operations & Compliance",Finance & Accounting,Remote - USA,nontech,intern,0,0,0,,124605,https://www.coinbase.com/careers/positions/8114684?gh_jid=8114684
2026-08-25,COIN,Coinbase,IT Service Desk Engineer,IT,Remote - USA,product_eng,mid,0,0,0,,105082,https://www.coinbase.com/careers/positions/8097880?gh_jid=8097880
2026-08-25,COIN,Coinbase,Legal Ops Associate,Legal & Compliance,Remote - USA,nontech,mid,0,0,0,,108132,https://www.coinbase.com/careers/positions/8129321?gh_jid=8129321
2026-08-25,COIN,Coinbase,Litigation Paralegal,Legal & Compliance,Remote - USA,nontech,mid,0,0,0,,114330,https://www.coinbase.com/careers/positions/8030591?gh_jid=8030591
2026-08-25,COIN,Coinbase,M&A and Accounting Policy Manager,Finance & Accounting,Remote - USA,nontech,mid,0,0,0,,185832,https://www.coinbase.com/careers/positions/8072054?gh_jid=8072054
2026-08-25,COIN,Coinbase,Machine Learning Engineer,Machine Learning,Remote - India,product_eng,mid,1,13,1,application|buzz|general_medium,,https://www.coinbase.com/careers/positions/7985187?gh_jid=7985187
2026-08-25,COIN,Coinbase,"Machine Learning Engineer, CX Intelligence",Machine Learning,Remote - Brazil,product_eng,mid,1,25,1,application|buzz|general_medium|model_infra,,https://www.coinbase.com/careers/positions/8031260?gh_jid=8031260
2026-08-25,COIN,Coinbase,"Manager, Corporate Programs",Program Management,Remote - USA,other,mid,0,3,1,application,181022,https://www.coinbase.com/careers/positions/8069671?gh_jid=8069671
2026-08-25,COIN,Coinbase,"Manager, Derivatives Compliance",Legal & Compliance,Remote - USA,other,mid,0,0,0,,195360,https://www.coinbase.com/careers/positions/8001778?gh_jid=8001778
2026-08-25,COIN,Coinbase,Manager of Compliance Testing and Assurance,Legal & Compliance,Hybrid - Luxembourg,other,mid,0,0,0,,,https://www.coinbase.com/careers/positions/7286062?gh_jid=7286062
2026-08-25,COIN,Coinbase,"Manager, WFM Operations",Customer Experience,Remote - USA,nontech,mid,0,9,1,application,,https://www.coinbase.com/careers/positions/8089161?gh_jid=8089161
2026-08-25,COIN,Coinbase,"Operations Manager, Bermuda",Finance & Accounting,Remote - Bermuda,nontech,mid,0,0,0,,,https://www.coinbase.com/careers/positions/7927054?gh_jid=7927054
2026-08-25,COIN,Coinbase,"Operations Manager, Bermuda",Finance & Accounting,Remote - USA,nontech,mid,0,0,0,,191568,https://www.coinbase.com/careers/positions/8022718?gh_jid=8022718
2026-08-25,COIN,Coinbase,Operations Senior Associate,International Operations,Remote - Luxembourg,nontech,senior,0,0,0,,,https://www.coinbase.com/careers/positions/8013718?gh_jid=8013718
2026-08-25,COIN,Coinbase,"Paralegal, Litigation",Legal & Compliance,Remote - USA,nontech,mid,0,0,0,,114300,https://www.coinbase.com/careers/positions/7952032?gh_jid=7952032
2026-08-25,COIN,Coinbase,Payments Risk Analyst II,Risk & Fraud,Remote - USA,other,mid,0,0,0,,147260,https://www.coinbase.com/careers/positions/7984814?gh_jid=7984814
2026-08-25,COIN,Coinbase,"Performance Marketing Manager, Global",Marketing & Communications,Remote - USA,nontech,mid,0,3,1,application,170490,https://www.coinbase.com/careers/positions/8008372?gh_jid=8008372
2026-08-25,COIN,Coinbase,Prime Sales Trader,"Institutional Sales, Trading, and Prime Services",Remote - USA,nontech,mid,0,0,0,,171495,https://www.coinbase.com/careers/positions/8013951?gh_jid=8013951
2026-08-25,COIN,Coinbase,Principal Recruiter,HR & Recruiting,Remote - USA,nontech,staff_principal,0,0,0,,181022,https://www.coinbase.com/careers/positions/8050322?gh_jid=8050322
2026-08-25,COIN,Coinbase,Principal Recruiter,HR & Recruiting,Remote - Singapore,nontech,staff_principal,0,0,0,,212200,https://www.coinbase.com/careers/positions/8106071?gh_jid=8106071
2026-08-25,COIN,Coinbase,"Product Designer II, Design Systems",Design,Remote - USA,product_eng,mid,0,0,0,,157250,https://www.coinbase.com/careers/positions/8126896?gh_jid=8126896
2026-08-25,COIN,Coinbase,"Product Manager II, Workspace and Multi-User",Product,Remote - USA,product_eng,mid,0,0,0,,196285,https://www.coinbase.com/careers/positions/8148171?gh_jid=8148171
2026-08-25,COIN,Coinbase,"Product Marketing Manager, Prediction Markets",Marketing & Communications,Remote - USA,nontech,mid,0,0,0,,152440,https://www.coinbase.com/careers/positions/7982771?gh_jid=7982771
2026-08-25,COIN,Coinbase,Regional Threat Assessment Manager,Security & Privacy,Remote - Singapore,other,mid,0,0,0,,212200,https://www.coinbase.com/careers/positions/8078239?gh_jid=8078239
2026-08-25,COIN,Coinbase,Regional Threat Assessment Manager,Security & Privacy,Remote - EMEA,other,mid,0,0,0,,,https://www.coinbase.com/careers/positions/8021630?gh_jid=8021630
2026-08-25,COIN,Coinbase,Regional Threat Assessment Manager,Security & Privacy,Remote - Australia,other,mid,0,0,0,,200900,https://www.coinbase.com/careers/positions/8021644?gh_jid=8021644
2026-08-25,COIN,Coinbase,Risk Manager - Country & Operational Risk,Finance & Accounting,Remote - UK,other,mid,0,3,1,application,,https://www.coinbase.com/careers/positions/7774051?gh_jid=7774051
2026-08-25,COIN,Coinbase,Risk & Monitoring Analyst IV,Customer Experience,"Dublin, Ireland",other,mid,0,0,0,,,https://www.coinbase.com/careers/positions/8030686?gh_jid=8030686
2026-08-25,COIN,Coinbase,Risk & Monitoring Analyst IV,Customer Experience,Remote - UK,other,mid,0,0,0,,,https://www.coinbase.com/careers/positions/8049976?gh_jid=8049976
2026-08-25,COIN,Coinbase,SAM Compliance Lead Analyst,Customer Experience,Hybrid - Luxembourg,other,senior,0,0,0,,,https://www.coinbase.com/careers/positions/8052192?gh_jid=8052192
2026-08-25,COIN,Coinbase,"Senior Accountant, Brokerage and Derivatives",Finance & Accounting,"New York City, NY",other,senior,0,0,0,,142450,https://www.coinbase.com/careers/positions/7445174?gh_jid=7445174
2026-08-25,COIN,Coinbase,"Senior Analyst, Compliance Technology",Compliance & AML Operations,Remote - USA,other,senior,0,0,0,,182040,https://www.coinbase.com/careers/positions/8067443?gh_jid=8067443
2026-08-25,COIN,Coinbase,"Senior Analytics Engineer, GFCO Analytics",Customer Experience,Remote - USA,product_eng,senior,0,0,0,,165852,https://www.coinbase.com/careers/positions/8024880?gh_jid=8024880
2026-08-25,COIN,Coinbase,Senior Analytics Engineer (Platform - Financial Analytics),Data Engineering,Remote - USA,product_eng,senior,0,6,1,application,196285,https://www.coinbase.com/careers/positions/7736521?gh_jid=7736521
2026-08-25,COIN,Coinbase,"Senior Associate, Business Development",Business Development & Partnerships,Remote - USA,other,senior,0,0,0,,174020,https://www.coinbase.com/careers/positions/8070386?gh_jid=8070386
2026-08-25,COIN,Coinbase,"Senior Associate, FCM",Finance & Accounting,Remote - USA,other,senior,0,0,0,,142450,https://www.coinbase.com/careers/positions/8060577?gh_jid=8060577
2026-08-25,COIN,Coinbase,Senior Business Controller,Finance & Accounting,Remote - USA,other,senior,0,0,0,,152440,https://www.coinbase.com/careers/positions/8096740?gh_jid=8096740
2026-08-25,COIN,Coinbase,Senior Compliance Associate,Legal & Compliance,Hybrid - Luxembourg,other,senior,0,0,0,,,https://www.coinbase.com/careers/positions/7611263?gh_jid=7611263
2026-08-25,COIN,Coinbase,"Senior Counsel, Product",Legal & Compliance,Remote - USA,nontech,senior,0,3,1,application,244848,https://www.coinbase.com/careers/positions/8069582?gh_jid=8069582
2026-08-25,COIN,Coinbase,"Senior Counsel, Shareholder Litigation",Legal & Compliance,Remote - USA,nontech,senior,0,0,0,,244848,https://www.coinbase.com/careers/positions/7994338?gh_jid=7994338
2026-08-25,COIN,Coinbase,Senior Data Scientist,Data Science,Remote - Singapore,product_eng,senior,0,0,0,,186322,https://www.coinbase.com/careers/positions/8147917?gh_jid=8147917
2026-08-25,COIN,Coinbase,"Senior Data Scientist, CX Analytics",Data Science,Remote - USA,product_eng,senior,0,7,1,application|general_medium,196185,https://www.coinbase.com/careers/positions/8009392?gh_jid=8009392
2026-08-25,COIN,Coinbase,"Senior Engineering Manager, Core Automation (Platform)",Engineering - Managers,Remote - USA,product_eng,senior,0,11,1,application|buzz,276298,https://www.coinbase.com/careers/positions/8124224?gh_jid=8124224
2026-08-25,COIN,Coinbase,Senior Enterprise Engineer - Salesforce Platform (EAA - STP),Enterprise Applications,Remote - USA,product_eng,senior,0,0,0,,191880,https://www.coinbase.com/careers/positions/7652048?gh_jid=7652048
2026-08-25,COIN,Coinbase,"Senior Enterprise Product  Marketing Manager, Base",Marketing & Communications,Remote - USA,nontech,senior,0,0,0,,185832,https://www.coinbase.com/careers/positions/8084049?gh_jid=8084049
2026-08-25,COIN,Coinbase,"Senior Finance & Strategy Analyst, Consumer",Finance & Accounting,Remote - USA,nontech,senior,0,0,0,,142450,https://www.coinbase.com/careers/positions/7993006?gh_jid=7993006
2026-08-25,COIN,Coinbase,Senior IT Automation Engineer,IT,Remote - USA,product_eng,senior,0,0,0,,123858,https://www.coinbase.com/careers/positions/8095207?gh_jid=8095207
2026-08-25,COIN,Coinbase,Senior IT Automation Engineer,IT,Remote - India,product_eng,senior,0,0,0,,,https://www.coinbase.com/careers/positions/8054055?gh_jid=8054055
2026-08-25,COIN,Coinbase,Senior Machine Learning Engineer,Enterprise Applications,Remote - India,product_eng,senior,1,13,1,application|buzz|general_medium,,https://www.coinbase.com/careers/positions/7739592?gh_jid=7739592
2026-08-25,COIN,Coinbase,"Senior Machine Learning Engineer, CX Intelligence ",Machine Learning,Remote - Brazil,product_eng,senior,1,13,1,application|buzz|general_medium,,https://www.coinbase.com/careers/positions/8008569?gh_jid=8008569
2026-08-25,COIN,Coinbase,"Senior Manager, Finance & Strategy",Finance & Accounting,Remote - USA,nontech,senior,0,0,0,,219132,https://www.coinbase.com/careers/positions/7948222?gh_jid=7948222
2026-08-25,COIN,Coinbase,"Senior Manager, Institutional Sales","Institutional Sales, Trading, and Prime Services",Remote - UAE,nontech,senior,0,0,0,,,https://www.coinbase.com/careers/positions/8023815?gh_jid=8023815
2026-08-25,COIN,Coinbase,"Senior Manager Product Operations, FCM Ops",Finance & Accounting,Remote - USA,nontech,senior,0,0,0,,219132,https://www.coinbase.com/careers/positions/8110496?gh_jid=8110496
2026-08-25,COIN,Coinbase,"Senior Manager, Recruiting",HR & Recruiting,Remote - USA,nontech,senior,0,0,0,,219132,https://www.coinbase.com/careers/positions/8051630?gh_jid=8051630
2026-08-25,COIN,Coinbase,"Senior Manager, Security Audit",Finance & Accounting,Remote - USA,other,senior,0,0,0,,219132,https://www.coinbase.com/careers/positions/7997926?gh_jid=7997926
2026-08-25,COIN,Coinbase,Senior Payroll Specialist,HR & Recruiting,Remote - USA,nontech,senior,0,0,0,,135790,https://www.coinbase.com/careers/positions/8028180?gh_jid=8028180
2026-08-25,COIN,Coinbase,"Senior Product Designer, Coinbase One",Design,Remote - USA,product_eng,senior,0,0,0,,196285,https://www.coinbase.com/careers/positions/8114474?gh_jid=8114474
2026-08-25,COIN,Coinbase,"Senior Product Manager, CX & AI Tooling",Product,"Charlotte, NC",product_eng,senior,1,3,0,buzz|general_medium,180370,https://www.coinbase.com/careers/positions/8008033?gh_jid=8008033
2026-08-25,COIN,Coinbase,"Senior Product Manager, Help Center (CX Automation)",Enterprise Applications,Remote - India,product_eng,senior,0,7,1,application|buzz,,https://www.coinbase.com/careers/positions/8031208?gh_jid=8031208
2026-08-25,COIN,Coinbase,"Senior Product Marketing Manager, Trading ",Marketing & Communications,Remote - USA,nontech,senior,0,0,0,,185832,https://www.coinbase.com/careers/positions/8077090?gh_jid=8077090
2026-08-25,COIN,Coinbase,Senior Recruiter,HR & Recruiting,Remote - USA,nontech,senior,0,0,0,,142450,https://www.coinbase.com/careers/positions/8064788?gh_jid=8064788
2026-08-25,COIN,Coinbase,Senior Software Engineer,Enterprise Applications,Remote - USA,product_eng,senior,0,0,0,,,https://www.coinbase.com/careers/positions/7961318?gh_jid=7961318
2026-08-25,COIN,Coinbase,Senior Software Engineer,Engineering - Security,Remote - USA,product_eng,senior,0,0,0,,202482,https://www.coinbase.com/careers/positions/8021647?gh_jid=8021647
2026-08-25,COIN,Coinbase,"Senior Software Engineer, Backend (Consumer - Growth Foundations)",Engineering - Backend,Remote - Canada,product_eng,senior,0,0,0,,191100,https://www.coinbase.com/careers/positions/8092651?gh_jid=8092651
2026-08-25,COIN,Coinbase,"Senior Software Engineer, Backend (Consumer - Risk)",Engineering - Backend,Remote - Canada,product_eng,senior,0,0,0,,191100,https://www.coinbase.com/careers/positions/7930686?gh_jid=7930686
2026-08-25,COIN,Coinbase,"Senior Software Engineer, Backend - Platform (Core AI Automation)",Engineering - Backend,Remote - USA,product_eng,senior,1,17,1,application|buzz,202482,https://www.coinbase.com/careers/positions/8051871?gh_jid=8051871
2026-08-25,COIN,Coinbase,"Senior Software Engineer, Backend - Platform (Tokens & Wrapped Assets)",Engineering - Backend,Remote - USA,product_eng,senior,0,0,0,,202482,https://www.coinbase.com/careers/positions/8095252?gh_jid=8095252
2026-08-25,COIN,Coinbase,Senior Software Engineer - Blockchain Network,Engineering - Backend,Remote - USA,product_eng,senior,0,0,0,,202482,https://www.coinbase.com/careers/positions/7967649?gh_jid=7967649
2026-08-25,COIN,Coinbase,"Senior Software Engineer, Blockchain Platform Nodes",Engineering,Remote - USA,product_eng,senior,0,0,0,,202482,https://www.coinbase.com/careers/positions/8105437?gh_jid=8105437
2026-08-25,COIN,Coinbase,"Senior Software Engineer, CDP - Money Movement ",Engineering,Remote - Canada,product_eng,senior,0,0,0,,191100,https://www.coinbase.com/careers/positions/8013129?gh_jid=8013129
2026-08-25,COIN,Coinbase,"Senior Software Engineer, Compute Platform",Engineering - Infrastructure,Remote - Canada,product_eng,senior,0,0,0,,191100,https://www.coinbase.com/careers/positions/7701645?gh_jid=7701645
2026-08-25,COIN,Coinbase,"Senior Software Engineer, Consumer",Engineering,Remote - Singapore,product_eng,senior,0,0,0,,191100,https://www.coinbase.com/careers/positions/8067033?gh_jid=8067033
2026-08-25,COIN,Coinbase,"Senior Software Engineer, Core AI Infrastructure",IT,Remote - USA,product_eng,senior,1,0,0,,202482,https://www.coinbase.com/careers/positions/7847431?gh_jid=7847431
2026-08-25,COIN,Coinbase,"Senior Software Engineer, Core Reliability",Engineering - Infrastructure,Remote - Canada,product_eng,senior,0,0,0,,191100,https://www.coinbase.com/careers/positions/8097944?gh_jid=8097944
2026-08-25,COIN,Coinbase,"Senior Software Engineer, Data Engineering Platform",Engineering - Backend,Remote - USA,product_eng,senior,0,1,0,buzz,202482,https://www.coinbase.com/careers/positions/8082199?gh_jid=8082199
2026-08-25,COIN,Coinbase,"Senior Software Engineer, Data Layer",Engineering - Backend,Remote - USA,product_eng,senior,0,0,0,,202482,https://www.coinbase.com/careers/positions/8064873?gh_jid=8064873
2026-08-25,COIN,Coinbase,Senior Software Engineer (EAA),Enterprise Applications,Remote - USA,product_eng,senior,0,0,0,,202482,https://www.coinbase.com/careers/positions/7483221?gh_jid=7483221
2026-08-25,COIN,Coinbase,Senior Software Engineer - Frontend - Coinbase Card team,Engineering - Frontend,Remote - USA,product_eng,senior,0,0,0,,202482,https://www.coinbase.com/careers/positions/8088201?gh_jid=8088201
2026-08-25,COIN,Coinbase,"Senior Software Engineer, Frontend (Consumer - Payments)",Engineering - Frontend,Remote - USA,product_eng,senior,0,0,0,,202482,https://www.coinbase.com/careers/positions/8029035?gh_jid=8029035
2026-08-25,COIN,Coinbase,Senior Software Engineer (Platform - Access & Authorization),Engineering - Backend,Remote - USA,product_eng,senior,0,0,0,,202482,https://www.coinbase.com/careers/positions/8146039?gh_jid=8146039
2026-08-25,COIN,Coinbase,"Senior Software Engineer, Simple Trade Experience",Engineering,Remote - USA,product_eng,senior,0,0,0,,202482,https://www.coinbase.com/careers/positions/8103569?gh_jid=8103569
2026-08-25,COIN,Coinbase,"Senior Software Engineer, Stablecoins",Engineering - Backend,Remote - USA,product_eng,senior,0,0,0,,202482,https://www.coinbase.com/careers/positions/8104873?gh_jid=8104873
2026-08-25,COIN,Coinbase,Senior Software Engineer - Trading,Engineering - Backend,Remote - Singapore,product_eng,senior,0,0,0,,191100,https://www.coinbase.com/careers/positions/7866674?gh_jid=7866674
2026-08-25,COIN,Coinbase,Senior Sourcing Analyst,Finance & Accounting,Remote - USA,other,senior,0,0,0,,142450,https://www.coinbase.com/careers/positions/8017697?gh_jid=8017697
2026-08-25,COIN,Coinbase,Senior Staff Software Engineer - Blockchain Platform,Engineering - Backend,Remote - USA,product_eng,staff_principal,0,0,0,,276298,https://www.coinbase.com/careers/positions/7366208?gh_jid=7366208
2026-08-25,COIN,Coinbase,"Senior Staff Software Engineer, Core Automation",Engineering - Backend,Remote - USA,product_eng,staff_principal,0,6,1,application,276298,https://www.coinbase.com/careers/positions/7580292?gh_jid=7580292
2026-08-25,COIN,Coinbase,"Senior Staff Software Engineer, Data Platform",Engineering,Remote - USA,product_eng,staff_principal,0,7,1,application|data_ml_ops|general_medium,276298,https://www.coinbase.com/careers/positions/7711287?gh_jid=7711287
2026-08-25,COIN,Coinbase,"Senior Staff Software Engineer, Payments",Engineering - Backend,Remote - USA,product_eng,staff_principal,0,0,0,,276298,https://www.coinbase.com/careers/positions/8056068?gh_jid=8056068
2026-08-25,COIN,Coinbase,"Senior Staff Software Engineer, Payments",Engineering - Backend,Remote - Canada,product_eng,staff_principal,0,0,0,,276298,https://www.coinbase.com/careers/positions/8060842?gh_jid=8060842
2026-08-25,COIN,Coinbase,Senior Talent Program Manager,HR & Recruiting,Remote - USA,other,senior,0,0,0,,181022,https://www.coinbase.com/careers/positions/8126484?gh_jid=8126484
2026-08-25,COIN,Coinbase,Social Support Senior Manager,Customer Experience,Remote - USA,nontech,senior,0,0,0,,219132,https://www.coinbase.com/careers/positions/8088912?gh_jid=8088912
2026-08-25,COIN,Coinbase,Software Engineer,Enterprise Applications,"Charlotte, NC",product_eng,mid,0,0,0,,165852,https://www.coinbase.com/careers/positions/8003605?gh_jid=8003605
2026-08-25,COIN,Coinbase,"Software Engineer, CDP - Stablecoin",Engineering - Backend,Remote - Canada,product_eng,mid,0,0,0,,150150,https://www.coinbase.com/careers/positions/8092485?gh_jid=8092485
2026-08-25,COIN,Coinbase,"Software Engineer, Data Platform Team",Engineering - Backend,Remote - USA,product_eng,mid,0,1,0,buzz,165852,https://www.coinbase.com/careers/positions/8113286?gh_jid=8113286
2026-08-25,COIN,Coinbase,"Software Engineer, EAA ",Enterprise Applications,Remote - Brazil,product_eng,mid,0,0,0,,,https://www.coinbase.com/careers/positions/8100066?gh_jid=8100066
2026-08-25,COIN,Coinbase,"Software Engineer, EAA Integrations",Enterprise Applications,Remote - India,product_eng,mid,0,3,1,application,,https://www.coinbase.com/careers/positions/7558051?gh_jid=7558051
2026-08-25,COIN,Coinbase,"Software Engineer, Enterprise Apps",Engineering - Backend,Remote - Brazil,product_eng,mid,0,0,0,,,https://www.coinbase.com/careers/positions/8024814?gh_jid=8024814
2026-08-25,COIN,Coinbase,"Software Engineer, Frontend (Coinbase Advisor - Agentic Trading)",Engineering - Frontend,Remote - USA,product_eng,mid,0,9,1,application,174818,https://www.coinbase.com/careers/positions/8070574?gh_jid=8070574
2026-08-25,COIN,Coinbase,Solutions Architect,"Institutional Sales, Trading, and Prime Services","Hybrid - London, UK",demand_validated,mid,0,0,0,,,https://www.coinbase.com/careers/positions/8096720?gh_jid=8096720
2026-08-25,COIN,Coinbase,Solutions Architect,"Institutional Sales, Trading, and Prime Services","Hybrid - New York, NY",demand_validated,mid,0,0,0,,170000,https://www.coinbase.com/careers/positions/8056065?gh_jid=8056065
2026-08-25,COIN,Coinbase,"Specialist, CSIRT",Security & Privacy,Remote - India,other,mid,0,0,0,,,https://www.coinbase.com/careers/positions/8122777?gh_jid=8122777
2026-08-25,COIN,Coinbase,"Specialist, Treasury & Banking Operations",Finance & Accounting,Remote - USA,nontech,mid,0,0,0,,103415,https://www.coinbase.com/careers/positions/8126403?gh_jid=8126403
2026-08-25,COIN,Coinbase,Sr. Compensation Business Partner,HR & Recruiting,Remote - USA,other,senior,0,0,0,,231065,https://www.coinbase.com/careers/positions/8024968?gh_jid=8024968
2026-08-25,COIN,Coinbase,"Sr. Staff Technical Architect, Unified Trading","Institutional Sales, Trading, and Prime Services",Remote - USA,product_eng,staff_principal,0,0,0,,276298,https://www.coinbase.com/careers/positions/8144772?gh_jid=8144772
2026-08-25,COIN,Coinbase,"Sr. Staff Technical Risk Architect, Unified Trading","Institutional Sales, Trading, and Prime Services",Remote - USA,product_eng,staff_principal,0,0,0,,276298,https://www.coinbase.com/careers/positions/8144776?gh_jid=8144776
2026-08-25,COIN,Coinbase,"Staff Accountant, Cyprus",Finance & Accounting,Remote - Cyprus,other,staff_principal,0,0,0,,,https://www.coinbase.com/careers/positions/8053751?gh_jid=8053751
2026-08-25,COIN,Coinbase,"Staff Analytics Engineer, Compliance Data",Data Science,Remote - USA,product_eng,staff_principal,0,3,1,application,225792,https://www.coinbase.com/careers/positions/8104148?gh_jid=8104148
2026-08-25,COIN,Coinbase,"Staff Applied Data Scientist, Pricing",Data Science,Remote - USA,product_eng,staff_principal,0,2,0,general_medium,225792,https://www.coinbase.com/careers/positions/8083051?gh_jid=8083051
2026-08-25,COIN,Coinbase,"Staff Data Engineer, Market Data",Engineering,Remote - USA,product_eng,staff_principal,0,0,0,,225792,https://www.coinbase.com/careers/positions/8144836?gh_jid=8144836
2026-08-25,COIN,Coinbase," Staff Infrastructure Engineer, Trading ",Engineering,Remote - USA,product_eng,staff_principal,0,0,0,,237262,https://www.coinbase.com/careers/positions/8144769?gh_jid=8144769
2026-08-25,COIN,Coinbase,Staff IT Technical Program Manager,IT,Remote - USA,other,staff_principal,0,0,0,,161968,https://www.coinbase.com/careers/positions/8148396?gh_jid=8148396
2026-08-25,COIN,Coinbase,Staff Machine Learning Engineer(Platform - Identity),Machine Learning,Remote - USA,product_eng,staff_principal,1,21,1,application|buzz|data_ml_ops|general_medium|model_infra,237262,https://www.coinbase.com/careers/positions/7891045?gh_jid=7891045
2026-08-25,COIN,Coinbase,Staff Product Designer (Experience & Engagement),Design,Remote - USA,product_eng,staff_principal,0,1,0,buzz,225792,https://www.coinbase.com/careers/positions/8014564?gh_jid=8014564
2026-08-25,COIN,Coinbase,"Staff Product Designer, Financial Services Lead",Design,Remote - USA,product_eng,staff_principal,0,0,0,,225792,https://www.coinbase.com/careers/positions/8064324?gh_jid=8064324
2026-08-25,COIN,Coinbase,Staff Software Engineer,Engineering - Security,Remote - Israel,product_eng,staff_principal,0,0,0,,,https://www.coinbase.com/careers/positions/8021650?gh_jid=8021650
2026-08-25,COIN,Coinbase,"Staff Software Engineer, Backend (Consumer - Prediction Markets)",Engineering - Backend,Remote - USA,product_eng,staff_principal,0,0,0,,237262,https://www.coinbase.com/careers/positions/7997840?gh_jid=7997840
2026-08-25,COIN,Coinbase,"Staff Software Engineer, Backend - FinHub (Ledger)",Engineering - Backend,Remote - USA,product_eng,staff_principal,0,0,0,,237262,https://www.coinbase.com/careers/positions/8064916?gh_jid=8064916
2026-08-25,COIN,Coinbase,"Staff Software Engineer, Core AI Infrastructure",IT,Remote - USA,product_eng,staff_principal,1,0,0,,237262,https://www.coinbase.com/careers/positions/7991691?gh_jid=7991691
2026-08-25,COIN,Coinbase,"Staff Software Engineer, Customer Administration",Enterprise Applications,Remote - India,product_eng,staff_principal,0,12,1,application,,https://www.coinbase.com/careers/positions/8054153?gh_jid=8054153
2026-08-25,COIN,Coinbase,"Staff Software Engineer, Developer Infrastructure",Engineering - Infrastructure,Remote - USA,product_eng,staff_principal,0,0,0,,237262,https://www.coinbase.com/careers/positions/7964410?gh_jid=7964410
2026-08-25,COIN,Coinbase,"Staff Software Engineer, EAA CX",Enterprise Applications,Remote - USA,product_eng,staff_principal,0,12,1,application,237262,https://www.coinbase.com/careers/positions/6784618?gh_jid=6784618
2026-08-25,COIN,Coinbase,"Staff Software Engineer, Frontend (Consumer - Advanced Trading)",Engineering - Frontend,Remote - USA,product_eng,staff_principal,0,0,0,,237262,https://www.coinbase.com/careers/positions/7629141?gh_jid=7629141
2026-08-25,COIN,Coinbase,Staff Software Engineer (Platform - Access & Authorization),Engineering - Backend,Remote - USA,product_eng,staff_principal,0,0,0,,237262,https://www.coinbase.com/careers/positions/8114877?gh_jid=8114877
2026-08-25,COIN,Coinbase,Staff Software Engineer (Platform - Identity IDV),Engineering - Backend,Remote - USA,product_eng,staff_principal,0,0,0,,237262,https://www.coinbase.com/careers/positions/7773776?gh_jid=7773776
2026-08-25,COIN,Coinbase,"Staff Software Engineer, Solana Staking Protocol ",Engineering,Remote - USA,product_eng,staff_principal,0,0,0,,237262,https://www.coinbase.com/careers/positions/7684298?gh_jid=7684298
2026-08-25,COIN,Coinbase,"Staff Technical Program Manager, CX Agent Experience",Enterprise Applications,Remote - USA,other,staff_principal,0,0,0,,191568,https://www.coinbase.com/careers/positions/8047657?gh_jid=8047657
2026-08-25,COIN,Coinbase,"Strategic Finance Manager, Platform",Finance & Accounting,Remote - USA,nontech,mid,0,0,0,,,https://www.coinbase.com/careers/positions/8148248?gh_jid=8148248
2026-08-25,COIN,Coinbase,Strategic Program Lead,Customer Experience,Remote - USA,other,senior,0,0,0,,108630,https://www.coinbase.com/careers/positions/8083758?gh_jid=8083758
2026-08-25,COIN,Coinbase,"Supervisor, Customer Success Team",Customer Experience,Remote - Cyprus,demand_validated,mid,0,0,0,,,https://www.coinbase.com/careers/positions/8082829?gh_jid=8082829
2026-08-25,COIN,Coinbase,"Technical Program Manager, CX Intelligence & AI",Customer Experience,Remote - USA,other,mid,1,1,0,buzz,231065,https://www.coinbase.com/careers/positions/8013948?gh_jid=8013948
2026-08-25,COIN,Coinbase,"Technical Program Manager, Knowledge Systems",Customer Experience,Remote - USA,other,mid,0,21,1,application,161968,https://www.coinbase.com/careers/positions/8013892?gh_jid=8013892
2026-08-25,TOST,Toast,Android Software Engineer,R & D : Engineering : Guest,"Dublin, Ireland",product_eng,mid,0,9,1,application,,https://careers.toasttab.com/jobs?gh_jid=8038744
2026-08-25,TOST,Toast,Bilingual Growth Account Executive - Mandarin,Sales : Upsell Sales AEs,"Seattle, WA",demand_validated,mid,0,0,0,,176000,https://careers.toasttab.com/jobs?gh_jid=8046512
2026-08-25,TOST,Toast,Bilingual Hybrid Development Representative - Spanish,Sales : Sales Acceleration,"Phoenix, AZ",other,mid,0,0,0,,89500,https://careers.toasttab.com/jobs?gh_jid=8049739
2026-08-25,TOST,Toast,Bilingual Hybrid Development Representative - Spanish,Sales : Sales Acceleration,"Sacramento, CA",other,mid,0,0,0,,89500,https://careers.toasttab.com/jobs?gh_jid=8049743
2026-08-25,TOST,Toast,Bilingual Hybrid Development Representative - Spanish,Sales : Sales Acceleration,"Oakland, CA",other,mid,0,0,0,,89500,https://careers.toasttab.com/jobs?gh_jid=8049744
2026-08-25,TOST,Toast,Bilingual Hybrid Development Representative - Spanish,Sales : Sales Acceleration,"Dallas, TX",other,mid,0,0,0,,89500,https://careers.toasttab.com/jobs?gh_jid=7900531
2026-08-25,TOST,Toast,Bilingual Hybrid Development Representative - Spanish,Sales : Sales Acceleration,"San Diego, CA",other,mid,0,0,0,,89500,https://careers.toasttab.com/jobs?gh_jid=7900522
2026-08-25,TOST,Toast,Bilingual Hybrid Development Representative - Spanish,Sales : Sales Acceleration,"Houston, TX",other,mid,0,0,0,,89500,https://careers.toasttab.com/jobs?gh_jid=7900529
2026-08-25,TOST,Toast,Bilingual Hybrid Development Representative - Spanish,Sales : Sales Acceleration,"San Antonio, TX",other,mid,0,0,0,,89500,https://careers.toasttab.com/jobs?gh_jid=7900528
2026-08-25,TOST,Toast,Bilingual Hybrid Development Representative - Spanish,Sales : Sales Acceleration,"Los Angeles, CA",other,mid,0,0,0,,89500,https://careers.toasttab.com/jobs?gh_jid=7900549
2026-08-25,TOST,Toast,"Bilingual Strategic Cuisines Account Executive (Mandarin ) - Los Angeles, CA		",Sales : Strategic Cuisines Sales AEs,"Los Angeles, CA",demand_validated,mid,0,0,0,,166500,https://careers.toasttab.com/jobs?gh_jid=7094382
2026-08-25,TOST,Toast,Bilingual Strategic Cuisines Account Executive (Mandarin) - Toronto,Sales : International,Toronto,demand_validated,mid,0,0,0,,165000,https://careers.toasttab.com/jobs?gh_jid=8106804
2026-08-25,TOST,Toast,Bilingual Strategic Cuisines Account Executive (Mandarin ) - West Coast 	,Sales : Strategic Cuisines Sales AEs,"San Diego, CA ",demand_validated,mid,0,0,0,,176000,https://careers.toasttab.com/jobs?gh_jid=8109020
2026-08-25,TOST,Toast,Bilingual Strategic Cuisines Account Executive (Mandarin ) - West Coast 	,Sales : Strategic Cuisines Sales AEs,"Seattle, WA ",demand_validated,mid,0,0,0,,176000,https://careers.toasttab.com/jobs?gh_jid=7976926
2026-08-25,TOST,Toast,Bilingual Strategic Cuisines Account Executive (Mandarin ) - West Coast 	,Sales : Strategic Cuisines Sales AEs,"San Francisco, CA ",demand_validated,mid,0,0,0,,176000,https://careers.toasttab.com/jobs?gh_jid=8109019
2026-08-25,TOST,Toast,Bilingual Strategic Cuisines Account Executive - Spanish,Sales : Strategic Cuisines Sales AEs,"East Houston, TX",demand_validated,mid,0,0,0,,150000,https://careers.toasttab.com/jobs?gh_jid=8106826
2026-08-25,TOST,Toast,Bilingual Strategic Cuisines Account Executive (Spanish),Sales : Strategic Cuisines Sales AEs,"South Houston, TX",demand_validated,mid,0,0,0,,150000,https://careers.toasttab.com/jobs?gh_jid=8096836
2026-08-25,TOST,Toast,"Bilingual Strategic Cuisines Account Executive (Spanish) - Albuquerque, NM",Sales : Strategic Cuisines Sales AEs,"Albuquerque, New Mexico ",demand_validated,mid,0,0,0,,150000,https://careers.toasttab.com/jobs?gh_jid=8031372
2026-08-25,TOST,Toast,"Bilingual Strategic Cuisines Account Executive (Spanish) - East LA, CA",Sales : Strategic Cuisines Sales AEs,"East LA, CA",demand_validated,mid,0,0,0,,166500,https://careers.toasttab.com/jobs?gh_jid=8080108
2026-08-25,TOST,Toast,"Bilingual Strategic Cuisines Account Executive (Spanish) - Newark/Elizabeth, NJ",Sales : Strategic Cuisines Sales AEs,"Newark/Elizabeth, NJ ",demand_validated,mid,0,0,0,,192500,https://careers.toasttab.com/jobs?gh_jid=8094648
2026-08-25,TOST,Toast,Bilingual Strategic Cuisines Account Executive (Spanish) - OKC/Tulsa,Sales : Strategic Cuisines Sales AEs,"OKC/Tulsa, OK",demand_validated,mid,0,0,0,,150000,https://careers.toasttab.com/jobs?gh_jid=8052229
2026-08-25,TOST,Toast,"Bilingual Strategic Cuisines Account Executive (Spanish) - Pomona, CA",Sales : Strategic Cuisines Sales AEs,"Pomona, CA",demand_validated,mid,0,0,0,,166500,https://careers.toasttab.com/jobs?gh_jid=8080096
2026-08-25,TOST,Toast,"Bilingual Strategic Cuisines Account Executive (Spanish) - Portland, OR",Sales : Strategic Cuisines Sales AEs,"Portland,OR",demand_validated,mid,0,0,0,,166500,https://careers.toasttab.com/jobs?gh_jid=8108742
2026-08-25,TOST,Toast,"Bilingual Strategic Cuisines Account Executive (Spanish) - Santa Fe, NM",Sales : Strategic Cuisines Sales AEs,"Santa Fe, New Mexico ",demand_validated,mid,0,0,0,,150000,https://careers.toasttab.com/jobs?gh_jid=8031509
2026-08-25,TOST,Toast,"Bilingual Strategic Cuisines Account Executive (Spanish) - South Austin, TX",Sales : Strategic Cuisines Sales AEs,"Austin, TX",demand_validated,mid,0,0,0,,166500,https://careers.toasttab.com/jobs?gh_jid=8094646
2026-08-25,TOST,Toast,"Bilingual Strategic Cuisines Account Executive (Spanish) - Southeast Cities, CA",Sales : Strategic Cuisines Sales AEs,"Southeast Cities, CA",demand_validated,mid,0,0,0,,166500,https://careers.toasttab.com/jobs?gh_jid=8142566
2026-08-25,TOST,Toast,"Bilingual Strategic Cuisines Flex Account Executive - Boston, MA (Spanish)",Sales : Strategic Cuisines Sales AEs,"Boston, MA",demand_validated,mid,0,0,0,,166500,https://careers.toasttab.com/jobs?gh_jid=8096851
2026-08-25,TOST,Toast,Bilingual Strategic Cuisines Flex Account Executive - Brownsville TX (Spanish),Sales : Strategic Cuisines Sales AEs,"Brownsville, TX",demand_validated,mid,0,0,0,,150000,https://careers.toasttab.com/jobs?gh_jid=8146078
2026-08-25,TOST,Toast,"Bilingual Strategic Cuisines Flex Account Executive - Dallas, TX (Spanish)",Sales : Strategic Cuisines Sales AEs,"Dallas, TX",demand_validated,mid,0,0,0,,150000,https://careers.toasttab.com/jobs?gh_jid=8105159
2026-08-25,TOST,Toast,"Bilingual Strategic Cuisines Flex Account Executive - Houston, TX (Spanish)",Sales : Strategic Cuisines Sales AEs,"Houston, TX",demand_validated,mid,0,0,0,,150000,https://careers.toasttab.com/jobs?gh_jid=8096841
2026-08-25,TOST,Toast,"Bilingual Strategic Cuisines Flex Account Executive - New York, NY (Spanish)",Sales : Strategic Cuisines Sales AEs,"New York, NY",demand_validated,mid,0,0,0,,192500,https://careers.toasttab.com/jobs?gh_jid=8109314
2026-08-25,TOST,Toast,"Bilingual Strategic Cuisines Flex Account Executive - San Angelo, TX (Spanish)",Sales : Strategic Cuisines Sales AEs,"San Angelo, TX",demand_validated,mid,0,0,0,,150000,https://careers.toasttab.com/jobs?gh_jid=8146082
2026-08-25,TOST,Toast,Bilingual Strategic Cuisines Flex Account Executive (Spanish),Sales : Strategic Cuisines Sales AEs,"Los Angeles, CA",demand_validated,mid,0,0,0,,166500,https://careers.toasttab.com/jobs?gh_jid=8096843
2026-08-25,TOST,Toast,Bilingual Strategic Cuisines Flex Account Executive (Thai) ,Sales : Strategic Cuisines Sales AEs,"Chicago, IL ",demand_validated,mid,0,0,0,,166500,https://careers.toasttab.com/jobs?gh_jid=8113001
2026-08-25,TOST,Toast,Bilingual Strategic Cuisines Flex Account Executive (Thai) ,Sales : Strategic Cuisines Sales AEs,"Los Angeles, CA",demand_validated,mid,0,0,0,,166500,https://careers.toasttab.com/jobs?gh_jid=8112971
2026-08-25,TOST,Toast,Bilingual Strategic Cuisines Flex Account Executive (Thai) ,Sales : Strategic Cuisines Sales AEs,"Atlanta, GA",demand_validated,mid,0,0,0,,150000,https://careers.toasttab.com/jobs?gh_jid=8113015
2026-08-25,TOST,Toast,Bilingual Strategic Cuisines Flex Account Executive (Thai) ,Sales : Strategic Cuisines Sales AEs,"Washington, D.C. ",demand_validated,mid,0,0,0,,166500,https://careers.toasttab.com/jobs?gh_jid=8131006
2026-08-25,TOST,Toast,"Bilingual Strategic Cuisines Flex Account Executive - Washington, D.C. (Spanish)",Sales : Strategic Cuisines Sales AEs,"Washington, D.C.",demand_validated,mid,0,0,0,,166500,https://careers.toasttab.com/jobs?gh_jid=8109325
2026-08-25,TOST,Toast,"Bilingual Territory Account Executive , Retail (Spanish) - San Antonio: West",Sales : Retail Sales AEs,"San Antonio, TX ",demand_validated,mid,0,0,0,,166500,https://careers.toasttab.com/jobs?gh_jid=7851543
2026-08-25,TOST,Toast,Bookkeeper (Founding Member),Customer Success : Customer Care : Supplier & Accounting,"Boston, MA",other,mid,0,0,0,,102500,https://careers.toasttab.com/jobs?gh_jid=8079182
2026-08-25,TOST,Toast,Business Development Representative - Retail,Sales : Retail Sales Acceleration,Remote,other,mid,0,0,0,,89500,https://careers.toasttab.com/jobs?gh_jid=8051420
2026-08-25,TOST,Toast,"Central Jersey Shore District Manager, SMB",Sales : SMB Field Sales DMs,"Lakewood, NJ",other,mid,0,0,0,,274500,https://careers.toasttab.com/jobs?gh_jid=8095392
2026-08-25,TOST,Toast,"Central Jersey Shore District Manager, SMB",Sales : SMB Field Sales DMs,"Trenton, NJ",other,mid,0,0,0,,274500,https://careers.toasttab.com/jobs?gh_jid=8108780
2026-08-25,TOST,Toast,"Central Valley, CA Strategic Cuisines Account Executive - Spanish",Sales : Strategic Cuisines Sales AEs,"Modesto, CA",demand_validated,mid,0,0,0,,176000,https://careers.toasttab.com/jobs?gh_jid=8147878
2026-08-25,TOST,Toast,"Central Valley, CA Strategic Cuisines Account Executive - Spanish",Sales : Strategic Cuisines Sales AEs,"Monterey, CA",demand_validated,mid,0,0,0,,176000,https://careers.toasttab.com/jobs?gh_jid=8147877
2026-08-25,TOST,Toast,"Customer Care Expert, Enterprise",Customer Success : Customer Care : Enterprise,"Omaha, NE",other,mid,0,0,0,,,https://careers.toasttab.com/jobs?gh_jid=8143721
2026-08-25,TOST,Toast,Customer Care Manager- Kitchen,Customer Success : Customer Care : POS,Chennai,other,mid,0,0,0,,,https://careers.toasttab.com/jobs?gh_jid=8104822
2026-08-25,TOST,Toast,Customer Care Manager - US Payroll,Customer Success : Customer Care : Employee Cloud,Chennai,nontech,mid,0,0,0,,,https://careers.toasttab.com/jobs?gh_jid=8096115
2026-08-25,TOST,Toast,Customer Care Manager - US Payroll,Customer Success : Customer Care : Employee Cloud,Chennai,nontech,mid,0,0,0,,,https://careers.toasttab.com/jobs?gh_jid=8096113
2026-08-25,TOST,Toast,"Customer Care Specialist, Retail",Customer Success : Customer Care : Retail,"Omaha, NE",other,mid,0,0,0,,,https://careers.toasttab.com/jobs?gh_jid=8105696
2026-08-25,TOST,Toast,Customer Care Specialist - US Payroll,Customer Success : Customer Care : Employee Cloud,Chennai,nontech,mid,0,0,0,,,https://careers.toasttab.com/jobs?gh_jid=8096111
2026-08-25,TOST,Toast,Customer Care Tax Expert,Customer Success : Customer Care : Employee Cloud,"Remote, United States",other,mid,0,0,0,,,https://careers.toasttab.com/jobs?gh_jid=8097331
2026-08-25,TOST,Toast,Customer Growth District Sales Manager - Mandarin,Sales : Upsell Sales Management,"New York, NY",nontech,mid,0,0,0,,251500,https://careers.toasttab.com/jobs?gh_jid=8094821
2026-08-25,TOST,Toast,Customer Growth District Sales Manager - Mandarin,Sales : Upsell Sales Management,"Boston, MA",nontech,mid,0,0,0,,251500,https://careers.toasttab.com/jobs?gh_jid=8049658
2026-08-25,TOST,Toast,Customer Growth Sales Account Executive,Sales : Upsell Sales AEs,"Columbus, OH",demand_validated,mid,0,0,0,,150000,https://careers.toasttab.com/jobs?gh_jid=8067675
2026-08-25,TOST,Toast,Customer Growth Sales Account Executive,Sales : Upsell Sales AEs,"Salt Lake City, UT",demand_validated,mid,0,0,0,,150000,https://careers.toasttab.com/jobs?gh_jid=8139426
2026-08-25,TOST,Toast,Customer Growth Sales Account Executive,Sales : Upsell Sales AEs,"Bethlehem, PA",demand_validated,mid,0,0,0,,166500,https://careers.toasttab.com/jobs?gh_jid=8119885
2026-08-25,TOST,Toast,Customer Growth Sales Account Executive,Sales : Upsell Sales AEs,"West Chester, PA",demand_validated,mid,0,0,0,,166500,https://careers.toasttab.com/jobs?gh_jid=8119883
2026-08-25,TOST,Toast,Customer Growth Sales Account Executive,Sales : Upsell Sales AEs,"Allentown, PA",demand_validated,mid,0,0,0,,166500,https://careers.toasttab.com/jobs?gh_jid=8119880
2026-08-25,TOST,Toast,Customer Growth Sales Account Executive,Sales : Upsell Sales AEs,"Westerville, OH",demand_validated,mid,0,0,0,,150000,https://careers.toasttab.com/jobs?gh_jid=8147381
2026-08-25,TOST,Toast,Customer Growth Sales Account Executive,Sales : Upsell Sales AEs,"Philadelphia, PA",demand_validated,mid,0,0,0,,166500,https://careers.toasttab.com/jobs?gh_jid=8119416
2026-08-25,TOST,Toast,Customer Growth Sales Account Executive,Sales : Upsell Sales AEs,"Delaware, OH",demand_validated,mid,0,0,0,,150000,https://careers.toasttab.com/jobs?gh_jid=8147377
2026-08-25,TOST,Toast,Customer Growth Sales Account Executive,Sales : Upsell Sales AEs,"Dublin, OH",demand_validated,mid,0,0,0,,150000,https://careers.toasttab.com/jobs?gh_jid=8147379
2026-08-25,TOST,Toast,Customer Growth Sales Account Executive,Sales : Upsell Sales AEs,"Newark, OH",demand_validated,mid,0,0,0,,150000,https://careers.toasttab.com/jobs?gh_jid=8147380
2026-08-25,TOST,Toast,Customer Growth Sales Account Executive,Sales : Upsell Sales AEs,"Easton, PA",demand_validated,mid,0,0,0,,166500,https://careers.toasttab.com/jobs?gh_jid=8119879
2026-08-25,TOST,Toast,"Customer Success Manager II, SMB Account Strategy",Customer Success : Customer Success & Services : SMB,"Remote, US",demand_validated,mid,0,0,0,,80000,https://careers.toasttab.com/jobs?gh_jid=8153191
2026-08-25,TOST,Toast,Data Scientist II,R & D : Foundations : AI,Canada,product_eng,mid,0,24,1,application|buzz|data_ml_ops|general_medium|model_infra,123000,https://careers.toasttab.com/jobs?gh_jid=8052241
2026-08-25,TOST,Toast,Data Scientist II,R & D : Foundations : AI,"Remote, USA",product_eng,mid,0,24,1,application|buzz|data_ml_ops|general_medium|model_infra,133000,https://careers.toasttab.com/jobs?gh_jid=7984730
2026-08-25,TOST,Toast,"District Manager, SMB- Atlanta, GA",Sales : SMB Field Sales DMs,"Atlanta, GA",other,mid,0,0,0,,214500,https://careers.toasttab.com/jobs?gh_jid=7980033
2026-08-25,TOST,Toast,"Engineering Manager 2, Real-Time Analytics",R & D : Engineering : Commerce,"Dublin, Ireland ",product_eng,mid,0,3,1,application,,https://careers.toasttab.com/jobs?gh_jid=8129949
2026-08-25,TOST,Toast,Engineering Manager II - Internationalization ,R & D : Engineering : International,"Dublin, Ireland ",product_eng,intern,0,0,0,,,https://careers.toasttab.com/jobs?gh_jid=7988540
2026-08-25,TOST,Toast,Field Sales Team Manager ( Retail SaaS ) ,Sales : Retail Sales Management,"Toronto, Canada ",nontech,mid,0,0,0,,260000,https://careers.toasttab.com/jobs?gh_jid=8030461
2026-08-25,TOST,Toast,"Flex Territory Account Executive, SMB - East Bay/Napa",Sales : SMB Field Sales AEs,"San Francisco, CA",demand_validated,mid,0,0,0,,176000,https://careers.toasttab.com/jobs?gh_jid=8125695
2026-08-25,TOST,Toast,Frontend Software Engineer II - Technical Operations,R & D : Cloud Service Infra : Infrastructure Services,"Dublin, Ireland",product_eng,mid,0,6,1,application,,https://careers.toasttab.com/jobs?gh_jid=8099332
2026-08-25,TOST,Toast,"GTM Engineer - Sales Workflow Automation, Revenue Intelligence",Sales : Growth Operations,"Remote, US",product_eng,mid,0,6,1,application,143000,https://careers.toasttab.com/jobs?gh_jid=7947082
2026-08-25,TOST,Toast,"Implementation Consultant III, ENT Drive Thru/Menu Boards",Onboarding : Core,"Remote, US",demand_validated,mid,0,0,0,,111000,https://careers.toasttab.com/jobs?gh_jid=8121574
2026-08-25,TOST,Toast,"Indianapolis, IN District Sales Manager ",Sales : SMB Field Sales DMs,"Indianapolis, IN",nontech,mid,0,0,0,,214500,https://careers.toasttab.com/jobs?gh_jid=8106828
2026-08-25,TOST,Toast,Inside Account Executive,Sales : International,"Waterloo, Ontario, Canada",demand_validated,mid,0,0,0,,170500,https://careers.toasttab.com/jobs?gh_jid=8093040
2026-08-25,TOST,Toast,Inside Account Executive,Sales : International,"Guelph, Ontario, Canada",demand_validated,mid,0,0,0,,170500,https://careers.toasttab.com/jobs?gh_jid=8093044
2026-08-25,TOST,Toast,Inside Account Executive,Sales : International,"Kitchener, Ontario, Canada",demand_validated,mid,0,0,0,,170500,https://careers.toasttab.com/jobs?gh_jid=8088325
2026-08-25,TOST,Toast,Inside Account Executive ,Sales : International,"London, UK",demand_validated,mid,0,0,0,,,https://careers.toasttab.com/jobs?gh_jid=8038726
2026-08-25,TOST,Toast,IT HelpDesk Analyst,G & A : BTT : IT Operations,"Bengaluru, Karnataka, India",other,mid,0,3,1,application,,https://careers.toasttab.com/jobs?gh_jid=8029831
2026-08-25,TOST,Toast,Lead Credit Underwriter - Retail,G & A : Fintech Risk,"Bengaluru , Karnataka , India",other,senior,0,0,0,,,https://careers.toasttab.com/jobs?gh_jid=7972183
2026-08-25,TOST,Toast,Lead Fraud Risk Analyst,G & A : Fintech Risk,Bangalore,other,senior,0,1,0,buzz,,https://careers.toasttab.com/jobs?gh_jid=8109032
2026-08-25,TOST,Toast,Lead Salesforce Developer,"R & D : BTT : Operations, Sales & Marketing Engineering","Remote, USA",product_eng,senior,0,0,0,,185000,https://careers.toasttab.com/jobs?gh_jid=8121665
2026-08-25,TOST,Toast,Lead Salesforce Developer,"R & D : BTT : Operations, Sales & Marketing Engineering","Bangalore, India",product_eng,senior,0,3,1,application,,https://careers.toasttab.com/jobs?gh_jid=8079399
2026-08-25,TOST,Toast,Lead Salesforce Developer,"R & D : BTT : Finance, Orders & Subscriptions Engineering","Bangalore , Karnataka , India",product_eng,senior,0,0,0,,,https://careers.toasttab.com/jobs?gh_jid=7795649
2026-08-25,TOST,Toast,"Los Angeles, CA Strategic Cuisines District Sales Manager (Mandarin Speaking) ",Sales : Strategic Cuisines Sales Management,"Los Angeles, CA",nontech,mid,0,0,0,,238000,https://careers.toasttab.com/jobs?gh_jid=7938821
2026-08-25,TOST,Toast,"Manager, Care Account Recovery",Customer Success : Customer Care : POS,"Bengaluru, Karnataka, India",other,mid,0,0,0,,,https://careers.toasttab.com/jobs?gh_jid=8072138
2026-08-25,TOST,Toast,"Manager II, Software Engineering",R & D : Engineering : Commerce,"Bengaluru, Karnataka, India",product_eng,mid,0,0,0,,,https://careers.toasttab.com/jobs?gh_jid=8059342
2026-08-25,TOST,Toast,Manager - India Tax & Operations,G & A : Finance Tax & Accounting Executive,Bangalore,nontech,mid,0,0,0,,,https://careers.toasttab.com/jobs?gh_jid=8099054
2026-08-25,TOST,Toast,"Manager, Managed Marketing",Services : Guest Suite Operations,"Remote, US",nontech,mid,0,0,0,,137000,https://careers.toasttab.com/jobs?gh_jid=7979863
2026-08-25,TOST,Toast,"Manager, UK Product Partnerships",Sales : Business Development,"London, UK",other,mid,0,0,0,,,https://careers.toasttab.com/jobs?gh_jid=8102938
2026-08-25,TOST,Toast,"Midland/Odessa, TX - Strategic Cuisines Account Executive - Spanish",Sales : Strategic Cuisines Sales AEs,"Midland/Odessa, TX",demand_validated,mid,0,0,0,,150000,https://careers.toasttab.com/jobs?gh_jid=8076756
2026-08-25,TOST,Toast,"North Bay, CA Strategic Cuisines Account Executive - Spanish",Sales : Strategic Cuisines Sales AEs,"Santa Rosa, CA",demand_validated,mid,0,0,0,,176000,https://careers.toasttab.com/jobs?gh_jid=8142355
2026-08-25,TOST,Toast,"North San Diego, CA Strategic Cuisines Account Executive - Spanish",Sales : Strategic Cuisines Sales AEs,"San Diego, CA",demand_validated,mid,0,0,0,,176000,https://careers.toasttab.com/jobs?gh_jid=8142323
2026-08-25,TOST,Toast,"Onboarding Consultant I, Guest - French Speaking",COGS : Services COGS : International,"Remote, Canada",other,mid,0,0,0,,70000,https://careers.toasttab.com/jobs?gh_jid=8060303
2026-08-25,TOST,Toast,Principal HR Business Partner (G&A),G & A : People Success,Remote - US,nontech,staff_principal,0,0,0,,189500,https://careers.toasttab.com/jobs?gh_jid=8153090
2026-08-25,TOST,Toast,Principal HR Business Partner (G&A),G & A : People Success,"Toronto, ON",nontech,staff_principal,0,0,0,,165000,https://careers.toasttab.com/jobs?gh_jid=8154226
2026-08-25,TOST,Toast,Principal HR Business Partner (R&D),G & A : People Success,Remote - USA,nontech,staff_principal,0,0,0,,189500,https://careers.toasttab.com/jobs?gh_jid=7997177
2026-08-25,TOST,Toast,Principal HR Business Partner (R&D),G & A : People Success,"Toronto, ON",nontech,staff_principal,0,0,0,,165000,https://careers.toasttab.com/jobs?gh_jid=8001324
2026-08-25,TOST,Toast,Principal HR Business Partner (Sales),G & A : People Success,Remote - USA,nontech,staff_principal,0,0,0,,189500,https://careers.toasttab.com/jobs?gh_jid=7782666
2026-08-25,TOST,Toast,Principal HR Business Partner (Sales),G & A : People Success,"Toronto, ON",nontech,staff_principal,0,0,0,,165000,https://careers.toasttab.com/jobs?gh_jid=8001323
2026-08-25,TOST,Toast,"Principal Product Designer, Toast IQ Core (AI Product Team)",R & D : UX : Customer Experience Platform,"Remote, USA",product_eng,staff_principal,1,9,1,application,226500,https://careers.toasttab.com/jobs?gh_jid=7908658
2026-08-25,TOST,Toast,"Principal Product Manager, Enterprise Change Management",R & D : Product : Commerce,"Remote, US ",product_eng,staff_principal,0,3,1,application,226500,https://careers.toasttab.com/jobs?gh_jid=7733118
2026-08-25,TOST,Toast,"Principal Product Manager, International Mid-Market",R & D : Product : International,"London, United Kingdom",product_eng,intern,0,0,0,,,https://careers.toasttab.com/jobs?gh_jid=8141220
2026-08-25,TOST,Toast,"Principal Product Manager, International Mid-Market",R & D : Product : International,"Dublin, Ireland",product_eng,intern,0,0,0,,,https://careers.toasttab.com/jobs?gh_jid=8127661
2026-08-25,TOST,Toast,Principal Software Engineer,R & D : Engineering : Commerce,"Bengaluru, Karnataka, India",product_eng,staff_principal,0,0,0,,,https://careers.toasttab.com/jobs?gh_jid=7845688
2026-08-25,TOST,Toast,Principal Software Engineer,R & D : Engineering : Team,"Dublin, Ireland",product_eng,staff_principal,0,9,1,application,,https://careers.toasttab.com/jobs?gh_jid=8079612
2026-08-25,TOST,Toast,Principal Software Engineer - AI Foundations,R & D : Cloud Service Infra : AI Foundations,"Dublin, Ireland",product_eng,staff_principal,1,11,1,application|buzz|data_ml_ops,,https://careers.toasttab.com/jobs?gh_jid=7835829
2026-08-25,TOST,Toast,"Principal Software Engineer, Configuration Platform ",R & D : Engineering : Commerce,"Remote, US ",product_eng,staff_principal,0,0,0,,274000,https://careers.toasttab.com/jobs?gh_jid=8103307
2026-08-25,TOST,Toast,"Principal Software Engineer, Data Platform",R & D : Engineering : Commerce,"Dublin, Ireland",product_eng,staff_principal,0,2,0,data_ml_ops,,https://careers.toasttab.com/jobs?gh_jid=8048737
2026-08-25,TOST,Toast,"Principal Technical Program Manager, Toast IQ",R & D : Product : Customer Experience Platform,"Remote, US ",other,staff_principal,0,6,1,application,216000,https://careers.toasttab.com/jobs?gh_jid=8054004
2026-08-25,TOST,Toast,Procurement Process Manager,G & A : Finance Procurement & Strategic Sourcing,Chennai,other,mid,0,3,1,application,,https://careers.toasttab.com/jobs?gh_jid=8069747
2026-08-25,TOST,Toast,Program Manager - Fintech Payments,Sales : Fintech Strategic Alliances & Program Management,"Dublin, Ireland",other,mid,0,0,0,,,https://careers.toasttab.com/jobs?gh_jid=7960454
2026-08-25,TOST,Toast,Regional Hotel Enterprise Account Executive,Sales : Enterprise Hotels,"New York, New York",demand_validated,mid,0,0,0,,258000,https://careers.toasttab.com/jobs?gh_jid=8139805
2026-08-25,TOST,Toast,Regional Hotel Enterprise Account Executive,Sales : Enterprise Hotels,"Atlanta, GA",demand_validated,mid,0,0,0,,258000,https://careers.toasttab.com/jobs?gh_jid=8154605
2026-08-25,TOST,Toast,Regional Hotel Enterprise Account Executive,Sales : Enterprise Hotels,"Miami, FL",demand_validated,mid,0,0,0,,258000,https://careers.toasttab.com/jobs?gh_jid=8154601
2026-08-25,TOST,Toast,Regional Hotel Enterprise Account Executive,Sales : Enterprise Hotels,"Charlotte, NC",demand_validated,mid,0,0,0,,258000,https://careers.toasttab.com/jobs?gh_jid=8154593
2026-08-25,TOST,Toast,Regional Hotel Enterprise Account Executive,Sales : Enterprise Hotels,"Boston, MA",demand_validated,mid,0,0,0,,258000,https://careers.toasttab.com/jobs?gh_jid=8122901
2026-08-25,TOST,Toast,Regional Hotel Enterprise Account Executive,Sales : Enterprise Hotels,"Chicago, IL",demand_validated,mid,0,0,0,,258000,https://careers.toasttab.com/jobs?gh_jid=8139803
2026-08-25,TOST,Toast,"Regional Vice President, Sales",Sales : International,"Remote, Canada",nontech,exec,0,0,0,,394000,https://careers.toasttab.com/jobs?gh_jid=7960104
2026-08-25,TOST,Toast,Restaurant Accounting Lead,Customer Success : Customer Care : Supplier & Accounting,"Boston, MA",nontech,senior,0,0,0,,102500,https://careers.toasttab.com/jobs?gh_jid=8126429
2026-08-25,TOST,Toast,"Retail Account Executive (Calgary, AB)",Sales : International Retail,"Calgary, Alberta, Canada",demand_validated,mid,0,0,0,,165000,https://careers.toasttab.com/jobs?gh_jid=7982315
2026-08-25,TOST,Toast,Retail Sales District Manager,Sales : Retail Sales Management,"Toronto, Canada ",nontech,mid,0,0,0,,260000,https://careers.toasttab.com/jobs?gh_jid=8025810
2026-08-25,TOST,Toast,"San Francisco, CA Strategic Cuisines Account Executive - Thai",Sales : Strategic Cuisines Sales AEs,"San Francisco, CA",demand_validated,mid,0,0,0,,166500,https://careers.toasttab.com/jobs?gh_jid=8147847
2026-08-25,TOST,Toast,"Seattle, WA Strategic Cuisines District Sales Manager (Mandarin Speaking) ",Sales : Strategic Cuisines Sales Management,"Seattle, WA",nontech,mid,0,0,0,,274500,https://careers.toasttab.com/jobs?gh_jid=8129991
2026-08-25,TOST,Toast,"Senior Associate, Strategic Finance (International)",G & A : Strategic Finance,New York City,nontech,intern,0,0,0,,152000,https://careers.toasttab.com/jobs?gh_jid=8147502
2026-08-25,TOST,Toast,"Senior Associate, Strategic Finance (International)",G & A : Strategic Finance,Boston,nontech,intern,0,0,0,,132500,https://careers.toasttab.com/jobs?gh_jid=8122630
2026-08-25,TOST,Toast,"Senior Associate, Strategic Finance (International)",G & A : Strategic Finance,San Francisco,nontech,intern,0,0,0,,152000,https://careers.toasttab.com/jobs?gh_jid=8147506
2026-08-25,TOST,Toast,Senior Customer Care Tech Specialist,Customer Success : Customer Care : POS,"Bengaluru, Karnataka, India",other,senior,0,0,0,,,https://careers.toasttab.com/jobs?gh_jid=8103428
2026-08-25,TOST,Toast,"Senior Director, Enterprise Customer Care - AI Strategy",Customer Success : Customer Care : Enterprise,"Remote, United States",other,director,1,3,1,application,264000,https://careers.toasttab.com/jobs?gh_jid=8099800
2026-08-25,TOST,Toast,"Senior Director of Engineering, Developer and Agent Experience",R & D : Cloud Service Infra,"Dublin, IRE",product_eng,director,0,9,1,application,,https://careers.toasttab.com/jobs?gh_jid=8094855
2026-08-25,TOST,Toast,"Senior Director of Engineering, Developer and Agent Experience",R & D : Cloud Service Infra,"Remote, United States",product_eng,director,0,9,1,application,374000,https://careers.toasttab.com/jobs?gh_jid=7977158
2026-08-25,TOST,Toast,"Senior Director, Revenue Accounting",G & A : Finance Revenue Accounting,"New York, New York, United States",nontech,director,0,0,0,,291000,https://careers.toasttab.com/jobs?gh_jid=8069625
2026-08-25,TOST,Toast,"Senior Director, Revenue Accounting",G & A : Finance Revenue Accounting,"Boston, Massachusetts, United States",nontech,director,0,0,0,,253500,https://careers.toasttab.com/jobs?gh_jid=8081585
2026-08-25,TOST,Toast,"Senior Director, Revenue Accounting",G & A : Finance Revenue Accounting,"San Francisco, California, United States",nontech,director,0,0,0,,291000,https://careers.toasttab.com/jobs?gh_jid=8081588
2026-08-25,TOST,Toast,"Senior Full Stack Engineer, Web & Ecommerce",Marketing : Web & eComm,Remote,product_eng,senior,0,0,0,,134500,https://careers.toasttab.com/jobs?gh_jid=8077263
2026-08-25,TOST,Toast,"Senior Manager, GTM Sales Engineer & AI solutions",Sales : Retail Sales Enablement,Remote,demand_validated,senior,1,15,1,application|buzz|general_medium,205000,https://careers.toasttab.com/jobs?gh_jid=8029612
2026-08-25,TOST,Toast,"Senior Manager, GTM Sales Engineer & AI solutions",Sales : Retail Sales Enablement,"Toronto, Ontario, Canada",demand_validated,senior,1,15,1,application|buzz|general_medium,177000,https://careers.toasttab.com/jobs?gh_jid=8143842
2026-08-25,TOST,Toast,"Senior Manager, International Partnerships ",Marketing : International,"Sydney, Australia",other,intern,0,0,0,,,https://careers.toasttab.com/jobs?gh_jid=8079451
2026-08-25,TOST,Toast,"Senior Principal Software Engineer, GTM",R & D : Engineering : Customer Experience Platform,"Remote, US",product_eng,staff_principal,0,1,0,buzz,320000,https://careers.toasttab.com/jobs?gh_jid=7791610
2026-08-25,TOST,Toast,"Senior Principal Software Engineer, Machine Learning",R & D : Foundations : AI,"Remote, US",product_eng,staff_principal,1,16,1,application|buzz|data_ml_ops|general_medium|model_infra,337500,https://careers.toasttab.com/jobs?gh_jid=8054326
2026-08-25,TOST,Toast,"Senior Product Manager, Toast Now",R & D : Product : Commerce,"Remote, US",product_eng,senior,0,0,0,,189500,https://careers.toasttab.com/jobs?gh_jid=7979861
2026-08-25,TOST,Toast,Senior Software Engineer,R & D : Engineering : Commerce,"Dublin, Ireland",product_eng,senior,0,0,0,,,https://careers.toasttab.com/jobs?gh_jid=8104971
2026-08-25,TOST,Toast,Senior Software Engineer - AI Pod,R & D : Cloud Service Infra : AI Foundations,"Dublin, Ireland",product_eng,senior,1,18,1,application|buzz|data_ml_ops,,https://careers.toasttab.com/jobs?gh_jid=7982262
2026-08-25,TOST,Toast,"Senior Software Engineer, Analytics & Search (OLAP Platform)",R & D : Engineering : Commerce,"Dublin, Ireland",product_eng,senior,0,6,1,application,,https://careers.toasttab.com/jobs?gh_jid=8129966
2026-08-25,TOST,Toast,"Senior Software Engineer, Android",R & D : Engineering : Delphi,"California, USA",product_eng,senior,0,0,0,,179500,https://careers.toasttab.com/jobs?gh_jid=7550881
2026-08-25,TOST,Toast,"Senior Software Engineer, Care Experience",R & D : Engineering : Customer Experience Platform,"Remote, US",product_eng,senior,0,0,0,,,https://careers.toasttab.com/jobs?gh_jid=7590046
2026-08-25,TOST,Toast,Senior Software Engineer - Data Integration,R & D : Cloud Service Infra : Infrastructure Services,"Dublin, Ireland",product_eng,senior,0,6,1,application,,https://careers.toasttab.com/jobs?gh_jid=8147153
2026-08-25,TOST,Toast,"Senior Software Engineer, Enterprise",R & D : Engineering : Enterprise,"Remote, Canada",product_eng,senior,0,0,0,,140000,https://careers.toasttab.com/jobs?gh_jid=7587088
2026-08-25,TOST,Toast,"Senior Software Engineer (Fullstack), Digital Storefront",R & D : Product : Guest,"Remote, US",product_eng,senior,0,0,0,,189500,https://careers.toasttab.com/jobs?gh_jid=7819344
2026-08-25,TOST,Toast,"Senior Software Engineer, IAM",R & D : Engineering : Enterprise,"Dublin, Ireland",product_eng,senior,0,0,0,,,https://careers.toasttab.com/jobs?gh_jid=8099127
2026-08-25,TOST,Toast,Senior Software Engineer - Infrastructure,R & D : Cloud Service Infra : Platform Infrastructure,"Dublin, Ireland",product_eng,senior,0,0,0,,,https://careers.toasttab.com/jobs?gh_jid=7773180
2026-08-25,TOST,Toast,"Senior Software Engineer, Retail Grocery",R & D : Engineering : Retail,"Remote, US",product_eng,senior,0,0,0,,189500,https://careers.toasttab.com/jobs?gh_jid=8065545
2026-08-25,TOST,Toast,"Senior Software Engineer, Scheduling ",R & D : Engineering : Team,"Toronto, Canada",product_eng,senior,0,0,0,,150000,https://careers.toasttab.com/jobs?gh_jid=7861725
2026-08-25,TOST,Toast,Senior Solutions Consultant,Sales : Enterprise Solutions,Remote,other,senior,0,0,0,,169000,https://careers.toasttab.com/jobs?gh_jid=8097746
2026-08-25,TOST,Toast,"Senior/Staff Software Engineer, Care Experience",R & D : Engineering : Guest,"Toronto, ON",product_eng,staff_principal,0,0,0,,150000,https://careers.toasttab.com/jobs?gh_jid=7888090
2026-08-25,TOST,Toast,"Senior Talent Acquisition Partner, GTM Contractor",G & A : Recruiting,Remote - USA,other,senior,0,0,0,,,https://careers.toasttab.com/jobs?gh_jid=6909101
2026-08-25,TOST,Toast,Software Engineer II,R & D : Engineering : Team,"Dublin, Ireland",product_eng,mid,0,0,0,,,https://careers.toasttab.com/jobs?gh_jid=7895560
2026-08-25,TOST,Toast,Staff Data Scientist,R & D : Engineering : Commerce,"Remote, USA",product_eng,staff_principal,0,27,1,application|buzz|data_ml_ops|general_medium|model_infra,202500,https://careers.toasttab.com/jobs?gh_jid=8029049
2026-08-25,TOST,Toast,Staff Data Scientist,R & D : Engineering : Commerce,Canada,product_eng,staff_principal,0,27,1,application|buzz|data_ml_ops|general_medium|model_infra,165000,https://careers.toasttab.com/jobs?gh_jid=8052293
2026-08-25,TOST,Toast,"Staff Software Engineer, AI Agent",R & D : Engineering : Team,Dublin,product_eng,staff_principal,1,9,1,application,,https://careers.toasttab.com/jobs?gh_jid=7742525
2026-08-25,TOST,Toast,"Staff Software Engineer, AI Pod ",R & D : Cloud Service Infra : AI Foundations,"Dublin, Ireland ",product_eng,staff_principal,1,18,1,application|buzz|data_ml_ops,,https://careers.toasttab.com/jobs?gh_jid=7838652
2026-08-25,TOST,Toast,"Staff Software Engineer, Android",R & D : Engineering : Delphi,Remote USA ,product_eng,staff_principal,0,0,0,,230000,https://careers.toasttab.com/jobs?gh_jid=7735338
2026-08-25,TOST,Toast,"Staff Software Engineer, Backend ",R & D : Engineering : Hardware Device Software,"Remote, US ",product_eng,staff_principal,0,0,0,,230000,https://careers.toasttab.com/jobs?gh_jid=8046934
2026-08-25,TOST,Toast,Staff Software Engineer (Full Stack) - Guest ,R & D : Engineering : Guest,"Bengaluru, Karnataka ,India",product_eng,staff_principal,0,1,0,buzz,,https://careers.toasttab.com/jobs?gh_jid=7452007
2026-08-25,TOST,Toast,"Staff Software Engineer, Team Agent",R & D : Engineering : Team,Dublin,product_eng,staff_principal,0,9,1,application,,https://careers.toasttab.com/jobs?gh_jid=7846611
2026-08-25,TOST,Toast,"Staff Software Engineer, Tech Lead ",R & D : Engineering : Commerce,"Remote, US ",product_eng,staff_principal,0,0,0,,230000,https://careers.toasttab.com/jobs?gh_jid=8038159
2026-08-25,TOST,Toast,"Staff Software Engineer, Tech Lead ",R & D : Engineering : Team,"Remote, Canada",product_eng,staff_principal,0,0,0,,184500,https://careers.toasttab.com/jobs?gh_jid=7747181
2026-08-25,TOST,Toast,"Staff Software Engineer, Voice AI Platform",R & D : Engineering : Commerce,"Remote, US",product_eng,staff_principal,1,7,1,application|buzz,230000,https://careers.toasttab.com/jobs?gh_jid=8131117
2026-08-25,TOST,Toast,Strategic Cuisines Account Executive - Bilingual Spanish - Fresno CA,Sales : Strategic Cuisines Sales AEs,"Fresno, CA",demand_validated,mid,0,0,0,,176000,https://careers.toasttab.com/jobs?gh_jid=8099066
2026-08-25,TOST,Toast,"Strategic Cuisines Account Executive, Spanish - Central, CA",Sales : Strategic Cuisines Sales AEs,"San Luis Obispo, CA",demand_validated,mid,0,0,0,,176000,https://careers.toasttab.com/jobs?gh_jid=8122281
2026-08-25,TOST,Toast,"Strategic Cuisines Account Executive, Spanish - Central, CA",Sales : Strategic Cuisines Sales AEs,"Bakersfield, CA",demand_validated,mid,0,0,0,,176000,https://careers.toasttab.com/jobs?gh_jid=8147826
2026-08-25,TOST,Toast,"Strategic Cuisines Account Executive - Spanish - Tri-Valley, CA",Sales : Strategic Cuisines Sales AEs,"Livermore, CA",demand_validated,mid,0,0,0,,176000,https://careers.toasttab.com/jobs?gh_jid=8147858
2026-08-25,TOST,Toast,"Strategic Cuisines Flex Account Executive, Korean - West Coast",Sales : Strategic Cuisines Sales AEs,"Los Angeles, CA",demand_validated,mid,0,0,0,,176000,https://careers.toasttab.com/jobs?gh_jid=8096822
2026-08-25,TOST,Toast,"Strategic Cuisines Flex Account Executive, Mandarin - Central",Sales : Strategic Cuisines Sales AEs,"Chicago, IL",demand_validated,mid,0,0,0,,176000,https://careers.toasttab.com/jobs?gh_jid=8106806
2026-08-25,TOST,Toast,"Strategic Cuisines Flex Account Executive, Mandarin - Florida",Sales : Strategic Cuisines Sales AEs,"Fort Lauderdale, FL",demand_validated,mid,0,0,0,,176000,https://careers.toasttab.com/jobs?gh_jid=8130801
2026-08-25,TOST,Toast,"Strategic Cuisines Flex Account Executive, Mandarin - Florida",Sales : Strategic Cuisines Sales AEs,"Orlando, FL",demand_validated,mid,0,0,0,,176000,https://careers.toasttab.com/jobs?gh_jid=8106808
2026-08-25,TOST,Toast,"Strategic Cuisines Flex Account Executive, Vietnamese - West Coast",Sales : Strategic Cuisines Sales AEs,"Los Angeles, CA",demand_validated,mid,0,0,0,,176000,https://careers.toasttab.com/jobs?gh_jid=8096834
2026-08-25,TOST,Toast,Strategic Cuisines - Korean AE (Central),Sales : Strategic Cuisines Sales AEs,"Chicago, IL",other,mid,0,0,0,,176000,https://careers.toasttab.com/jobs?gh_jid=8147833
2026-08-25,TOST,Toast,Strategic Cuisines - Korean AE (Central),Sales : Strategic Cuisines Sales AEs,"Atlanta, GA",other,mid,0,0,0,,176000,https://careers.toasttab.com/jobs?gh_jid=8147836
2026-08-25,TOST,Toast,Strategic Cuisines - Korean AE (Central),Sales : Strategic Cuisines Sales AEs,"Kansas City, MO",other,mid,0,0,0,,176000,https://careers.toasttab.com/jobs?gh_jid=8147838
2026-08-25,TOST,Toast,"Strategic Finance Manager, Go-To-Market",G & A : Strategic Finance,San Francisco,nontech,mid,0,1,0,buzz,186000,https://careers.toasttab.com/jobs?gh_jid=7931720
2026-08-25,TOST,Toast,"Strategic Finance Manager, Go-To-Market",G & A : Strategic Finance,Boston,nontech,mid,0,1,0,buzz,162500,https://careers.toasttab.com/jobs?gh_jid=7917362
2026-08-25,TOST,Toast,"Strategic Finance Manager, Go-To-Market",G & A : Strategic Finance,New York City,nontech,mid,0,1,0,buzz,186000,https://careers.toasttab.com/jobs?gh_jid=7931717
2026-08-25,TOST,Toast,Strategic Finance Senior Associate ,G & A : Strategic Finance,Boston,nontech,senior,0,0,0,,132500,https://careers.toasttab.com/jobs?gh_jid=8083373
2026-08-25,TOST,Toast,Strategic Finance Senior Associate ,G & A : Strategic Finance,New York City,nontech,senior,0,0,0,,152000,https://careers.toasttab.com/jobs?gh_jid=8105852
2026-08-25,TOST,Toast,Strategic Finance Senior Associate ,G & A : Strategic Finance,San Francisco,nontech,senior,0,0,0,,152000,https://careers.toasttab.com/jobs?gh_jid=8105851
2026-08-25,TOST,Toast,"Strategic Markets Account Executive, SMB - Richmond, CA",Sales : SMB Field Sales AEs,"Richmond, CA",demand_validated,mid,0,0,0,,176000,https://careers.toasttab.com/jobs?gh_jid=8125697
2026-08-25,TOST,Toast,Tech Lead - Software Engineering ,R & D : Engineering : Team,"Dublin, Ireland",product_eng,senior,0,0,0,,,https://careers.toasttab.com/jobs?gh_jid=7731560
2026-08-25,TOST,Toast,"Technical Support Expert, Enterprise",Customer Success : Customer Care : Enterprise,"Remote, US",nontech,mid,0,0,0,,,https://careers.toasttab.com/jobs?gh_jid=8148019
2026-08-25,TOST,Toast,Territory Account Executive- Brampton/Mississauga,Sales : International,"Mississauga, Ontario, Canada",demand_validated,mid,0,0,0,,170500,https://careers.toasttab.com/jobs?gh_jid=8096162
2026-08-25,TOST,Toast,Territory Account Executive- East Ottawa,Sales : International,"Ottawa, Ontario, Canada",demand_validated,mid,0,0,0,,170500,https://careers.toasttab.com/jobs?gh_jid=8088329
2026-08-25,TOST,Toast,Territory Account Executive - Frankfort KY,Sales : Retail Sales AEs,"Frankfort, KY",demand_validated,mid,0,0,0,,150000,https://careers.toasttab.com/jobs?gh_jid=8031231
2026-08-25,TOST,Toast,Territory Account Executive - Lexington KY,Sales : Retail Sales AEs,"Lexington, KY",demand_validated,mid,0,0,0,,150000,https://careers.toasttab.com/jobs?gh_jid=8024446
2026-08-25,TOST,Toast,Territory Account Executive-Melbourne,Sales : International : Horizon 2,"Melbourne, Australia",demand_validated,mid,0,0,0,,,https://careers.toasttab.com/jobs?gh_jid=8122273
2026-08-25,TOST,Toast,Territory Account Executive-Oakville/Burlington,Sales : International,"Oakville, Ontario, Canada",demand_validated,mid,0,0,0,,170500,https://careers.toasttab.com/jobs?gh_jid=8102936
2026-08-25,TOST,Toast,"Territory Account Executive, Retail - Alaska",Sales : Retail Sales AEs,Alaska,demand_validated,mid,0,0,0,,150000,https://careers.toasttab.com/jobs?gh_jid=8047274
2026-08-25,TOST,Toast,"Territory Account Executive , Retail - Appleton, WI		",Sales : Retail Sales AEs,"Appleton, WI",demand_validated,mid,0,0,0,,150000,https://careers.toasttab.com/jobs?gh_jid=8070333
2026-08-25,TOST,Toast,"Territory Account Executive, Retail - Arlington Heights, IL",Sales : Retail Sales AEs,"Arlington Heights, IL",demand_validated,mid,0,0,0,,166500,https://careers.toasttab.com/jobs?gh_jid=8036903
2026-08-25,TOST,Toast,"Territory Account Executive, Retail - Baltimore",Sales : Retail Sales AEs,"Baltimore, MD",demand_validated,mid,0,0,0,,166500,https://careers.toasttab.com/jobs?gh_jid=8047291
2026-08-25,TOST,Toast,"Territory Account Executive, Retail - Bellevue, WA",Sales : Retail Sales AEs,"Bellevue, WA",demand_validated,mid,0,0,0,,192500,https://careers.toasttab.com/jobs?gh_jid=7507105
2026-08-25,TOST,Toast,"Territory Account Executive, Retail - Bentonville/Ft. Smith",Sales : Retail Sales AEs,"Bentonville, AR",demand_validated,mid,0,0,0,,150000,https://careers.toasttab.com/jobs?gh_jid=8067483
2026-08-25,TOST,Toast,"Territory Account Executive, Retail - Birmingham, AL",Sales : Retail Sales AEs,"Birmingham, AL",demand_validated,mid,0,0,0,,150000,https://careers.toasttab.com/jobs?gh_jid=8008575
2026-08-25,TOST,Toast,"Territory Account Executive , Retail - Blacksburg, VA",Sales : Retail Sales AEs,"Blacksburg, VA",demand_validated,mid,0,0,0,,150000,https://careers.toasttab.com/jobs?gh_jid=8060749
2026-08-25,TOST,Toast,"Territory Account Executive, Retail - Brighton Beach, NY",Sales : Retail Sales AEs,"Brighton Beach, NY",demand_validated,mid,0,0,0,,192500,https://careers.toasttab.com/jobs?gh_jid=7843764
2026-08-25,TOST,Toast,"Territory Account Executive, Retail - Bronx, NY",Sales : Retail Sales AEs,"Bronx, NY",demand_validated,mid,0,0,0,,192500,https://careers.toasttab.com/jobs?gh_jid=7842808
2026-08-25,TOST,Toast,"Territory Account Executive, Retail - Burlington, VT",Sales : Retail Sales Management,"Burlington, VT",demand_validated,mid,0,0,0,,150000,https://careers.toasttab.com/jobs?gh_jid=7575004
2026-08-25,TOST,Toast,"Territory Account Executive, Retail - Cambridge/Somerville",Sales : Retail Sales AEs,"Boston, MA",demand_validated,mid,0,0,0,,166500,https://careers.toasttab.com/jobs?gh_jid=8047293
2026-08-25,TOST,Toast,"Territory Account Executive, Retail - Cambridge/Somerville",Sales : Retail Sales AEs,"Cambridge, MA",demand_validated,mid,0,0,0,,166500,https://careers.toasttab.com/jobs?gh_jid=8047408
2026-08-25,TOST,Toast,"Territory Account Executive, Retail - Cambridge/Somerville",Sales : Retail Sales AEs,"Salem, MA",demand_validated,mid,0,0,0,,166500,https://careers.toasttab.com/jobs?gh_jid=8047409
2026-08-25,TOST,Toast,"Territory Account Executive, Retail - Canton, OH",Sales : Retail Sales AEs,"Canton, OH",demand_validated,mid,0,0,0,,150000,https://careers.toasttab.com/jobs?gh_jid=8055258
2026-08-25,TOST,Toast,"Territory Account Executive, Retail  - Carmel, IN",Sales : Retail Sales AEs,"Carmel, IN",demand_validated,mid,0,0,0,,150000,https://careers.toasttab.com/jobs?gh_jid=8119854
2026-08-25,TOST,Toast,"Territory Account Executive, Retail - Cheyenne, WY",Sales : Retail Sales AEs,"Cheyenne, WY",demand_validated,mid,0,0,0,,150000,https://careers.toasttab.com/jobs?gh_jid=7812881
2026-08-25,TOST,Toast,"Territory Account Executive, Retail - Columbus, GA",Sales : Retail Sales AEs,"Columbus, GA",demand_validated,mid,0,0,0,,150000,https://careers.toasttab.com/jobs?gh_jid=7473660
2026-08-25,TOST,Toast,"Territory Account Executive, Retail - Columbus North ",Sales : Retail Sales AEs,"Dublin, OH",demand_validated,mid,0,0,0,,150000,https://careers.toasttab.com/jobs?gh_jid=8052453
2026-08-25,TOST,Toast,"Territory Account Executive, Retail - Columbus North ",Sales : Retail Sales AEs,"Newark, OH",demand_validated,mid,0,0,0,,150000,https://careers.toasttab.com/jobs?gh_jid=8067599
2026-08-25,TOST,Toast,"Territory Account Executive, Retail - Columbus North ",Sales : Retail Sales AEs,"Westerville, OH",demand_validated,mid,0,0,0,,150000,https://careers.toasttab.com/jobs?gh_jid=8067601
2026-08-25,TOST,Toast,"Territory Account Executive, Retail - Columbus North ",Sales : Retail Sales AEs,"Columbus, OH",demand_validated,mid,0,0,0,,150000,https://careers.toasttab.com/jobs?gh_jid=8052380
2026-08-25,TOST,Toast,"Territory Account Executive, Retail - Coney Island, NY",Sales : Retail Sales AEs,"Coney Island, NY",demand_validated,mid,0,0,0,,192500,https://careers.toasttab.com/jobs?gh_jid=7838921
2026-08-25,TOST,Toast,"Territory Account Executive , Retail - Conway, SC",Sales : Retail Sales AEs,"Conway, SC",demand_validated,mid,0,0,0,,150000,https://careers.toasttab.com/jobs?gh_jid=8060765
2026-08-25,TOST,Toast,"Territory Account Executive , Retail - Covington, GA",Sales : Retail Sales AEs,"Covington, GA",demand_validated,mid,0,0,0,,150000,https://careers.toasttab.com/jobs?gh_jid=8118757
2026-08-25,TOST,Toast,"Territory Account Executive , Retail - Decatur, GA",Sales : Retail Sales AEs,"Decatur, GA",demand_validated,mid,0,0,0,,150000,https://careers.toasttab.com/jobs?gh_jid=8109795
2026-08-25,TOST,Toast,"Territory Account Executive, Retail - Des Plaines, IL",Sales : Retail Sales AEs,"Des Plaines, IL",demand_validated,mid,0,0,0,,166500,https://careers.toasttab.com/jobs?gh_jid=8036907
2026-08-25,TOST,Toast,"Territory Account Executive, Retail - Detroit, MI",Sales : Retail Sales AEs,"Detroit, Michigan",demand_validated,mid,0,0,0,,150000,https://careers.toasttab.com/jobs?gh_jid=8049264
2026-08-25,TOST,Toast,"Territory Account Executive, Retail - Downers Grove, IL",Sales : Retail Sales AEs,"Downers Grove, IL",demand_validated,mid,0,0,0,,166500,https://careers.toasttab.com/jobs?gh_jid=7843880
2026-08-25,TOST,Toast,"Territory Account Executive, Retail - East Cleveland",Sales : Retail Sales AEs,"Cleveland, OH",demand_validated,mid,0,0,0,,150000,https://careers.toasttab.com/jobs?gh_jid=8055259
2026-08-25,TOST,Toast,"Territory Account Executive, Retail - Elmhurst, IL",Sales : Retail Sales AEs,"Elmhurst, IL",demand_validated,mid,0,0,0,,166500,https://careers.toasttab.com/jobs?gh_jid=7838923
2026-08-25,TOST,Toast,"Territory Account Executive, Retail - El Paso (Spanish/Bilingual)",Sales : Retail Sales AEs,"El Paso, TX",demand_validated,mid,0,0,0,,150000,https://careers.toasttab.com/jobs?gh_jid=8047287
2026-08-25,TOST,Toast,"Territory Account Executive, Retail - Erie, PA",Sales : Retail Sales AEs,"Erie, PA",demand_validated,mid,0,0,0,,166500,https://careers.toasttab.com/jobs?gh_jid=8094584
2026-08-25,TOST,Toast,"Territory Account Executive, Retail - Fairfield/Bridgeport/Danbury",Sales : Retail Sales AEs,"Fairfield, Connecticut",demand_validated,mid,0,0,0,,166500,https://careers.toasttab.com/jobs?gh_jid=7576807
2026-08-25,TOST,Toast,"Territory Account Executive, Retail - Fort Collins, CO",Sales : Retail Sales AEs,"Fort Collins, CO",demand_validated,mid,0,0,0,,166500,https://careers.toasttab.com/jobs?gh_jid=7901920
2026-08-25,TOST,Toast,"Territory Account Executive, Retail - Fort Worth",Sales : Retail Sales AEs,"Arlington, TX ",demand_validated,mid,0,0,0,,150000,https://careers.toasttab.com/jobs?gh_jid=7826529
2026-08-25,TOST,Toast,"Territory Account Executive, Retail - Fort Worth",Sales : Retail Sales AEs,"Colleyville, TX ",demand_validated,mid,0,0,0,,150000,https://careers.toasttab.com/jobs?gh_jid=7826547
2026-08-25,TOST,Toast,"Territory Account Executive, Retail - Fort Worth",Sales : Retail Sales AEs,"Mansfield, TX",demand_validated,mid,0,0,0,,150000,https://careers.toasttab.com/jobs?gh_jid=7826544
2026-08-25,TOST,Toast,"Territory Account Executive, Retail - Fort Worth",Sales : Retail Sales AEs,"Weatherford, TX ",demand_validated,mid,0,0,0,,150000,https://careers.toasttab.com/jobs?gh_jid=7826532
2026-08-25,TOST,Toast,"Territory Account Executive, Retail - Fort Worth",Sales : Retail Sales AEs,Fort Worth TX,demand_validated,mid,0,0,0,,150000,https://careers.toasttab.com/jobs?gh_jid=7815811
2026-08-25,TOST,Toast,"Territory Account Executive, Retail - Garden City, NY",Sales : Retail Sales AEs,"Garden City, NY",demand_validated,mid,0,0,0,,192500,https://careers.toasttab.com/jobs?gh_jid=7843098
2026-08-25,TOST,Toast,"Territory Account Executive, Retail - Greeley, CO",Sales : Retail Sales AEs,"Greeley, CO",demand_validated,mid,0,0,0,,166500,https://careers.toasttab.com/jobs?gh_jid=7812883
2026-08-25,TOST,Toast,"Territory Account Executive , Retail - Green Bay, WI		",Sales : Retail Sales AEs,"Green Bay, WI",demand_validated,mid,0,0,0,,150000,https://careers.toasttab.com/jobs?gh_jid=8049007
2026-08-25,TOST,Toast,"Territory Account Executive, Retail - Hempstead, NY",Sales : Retail Sales AEs,"Hempstead, NY",demand_validated,mid,0,0,0,,192500,https://careers.toasttab.com/jobs?gh_jid=7838917
2026-08-25,TOST,Toast,"Territory Account Executive, Retail - Hoover, AL",Sales : Retail Sales AEs,"Hoover, AL",demand_validated,mid,0,0,0,,150000,https://careers.toasttab.com/jobs?gh_jid=8036938
2026-08-25,TOST,Toast,"Territory Account Executive, Retail - Huntsville, AL",Sales : Retail Sales AEs,"Huntsville, AL",demand_validated,mid,0,0,0,,150000,https://careers.toasttab.com/jobs?gh_jid=7838947
2026-08-25,TOST,Toast,"Territory Account Executive, Retail- Indianapolis, IN",Sales : Retail Sales AEs,"Indianapolis, IN",demand_validated,mid,0,0,0,,150000,https://careers.toasttab.com/jobs?gh_jid=8031017
2026-08-25,TOST,Toast,"Territory Account Executive, Retail- Jeffersonville, IN",Sales : Retail Sales AEs,"Jeffersonville, IN",demand_validated,mid,0,0,0,,150000,https://careers.toasttab.com/jobs?gh_jid=8125655
2026-08-25,TOST,Toast,"Territory Account Executive, Retail - Lafayette, IN",Sales : Retail Sales AEs,"Lafayette, IN",demand_validated,mid,0,0,0,,150000,https://careers.toasttab.com/jobs?gh_jid=8125778
2026-08-25,TOST,Toast,"Territory Account Executive, Retail - Levittown, NY",Sales : Retail Sales AEs,"Levittown, NY",demand_validated,mid,0,0,0,,192500,https://careers.toasttab.com/jobs?gh_jid=7843109
2026-08-25,TOST,Toast,"Territory Account Executive, Retail- Louisville, KY",Sales : Retail Sales AEs,"Louisville, KY",demand_validated,mid,0,0,0,,150000,https://careers.toasttab.com/jobs?gh_jid=8125515
2026-08-25,TOST,Toast,"Territory Account Executive, Retail - Loveland, CO",Sales : Retail Sales AEs,"Loveland, CO",demand_validated,mid,0,0,0,,166500,https://careers.toasttab.com/jobs?gh_jid=7812884
2026-08-25,TOST,Toast,"Territory Account Executive, Retail - Middlebury, VT",Sales : Retail Sales Management,"Middlebury, VT ",demand_validated,mid,0,0,0,,150000,https://careers.toasttab.com/jobs?gh_jid=7658165
2026-08-25,TOST,Toast,"Territory Account Executive , Retail - Minneapolis, MN",Sales : Retail Sales AEs,"Minneapolis, MN",demand_validated,mid,0,0,0,,150000,https://careers.toasttab.com/jobs?gh_jid=8065333
2026-08-25,TOST,Toast,"Territory Account Executive, Retail - Montgomery, AL",Sales : Retail Sales AEs,"Montgomery, AL",demand_validated,mid,0,0,0,,150000,https://careers.toasttab.com/jobs?gh_jid=7473217
2026-08-25,TOST,Toast,"Territory Account Executive, Retail - Mountain Brook, AL",Sales : Retail Sales AEs,"Mountain Brook, AL",demand_validated,mid,0,0,0,,150000,https://careers.toasttab.com/jobs?gh_jid=8036935
2026-08-25,TOST,Toast,"Territory Account Executive, Retail - Mount Prospect, IL",Sales : Retail Sales AEs,"Mount Prospect, IL",demand_validated,mid,0,0,0,,166500,https://careers.toasttab.com/jobs?gh_jid=8036894
2026-08-25,TOST,Toast,"Territory Account Executive , Retail - Myrtle Beach, SC",Sales : Retail Sales AEs,"Myrtle Beach, SC",demand_validated,mid,0,0,0,,150000,https://careers.toasttab.com/jobs?gh_jid=8047272
2026-08-25,TOST,Toast,"Territory Account Executive, Retail - Nashville: East",Sales : Retail Sales AEs,"Nashville, TN",demand_validated,mid,0,0,0,,150000,https://careers.toasttab.com/jobs?gh_jid=8026391
2026-08-25,TOST,Toast,"Territory Account Executive, Retail- New Albany, IN",Sales : Retail Sales AEs,"New Albany, IN",demand_validated,mid,0,0,0,,150000,https://careers.toasttab.com/jobs?gh_jid=8125653
2026-08-25,TOST,Toast,"Territory Account Executive, Retail - Newark, NJ",Sales : Retail Sales AEs,"Newark, NJ",demand_validated,mid,0,0,0,,192500,https://careers.toasttab.com/jobs?gh_jid=8047015
2026-08-25,TOST,Toast,"Territory Account Executive, Retail - New Haven, CT",Sales : Retail Sales AEs,"New Haven, CT ",demand_validated,mid,0,0,0,,166500,https://careers.toasttab.com/jobs?gh_jid=7536201
2026-08-25,TOST,Toast,"Territory Account Executive, Retail - North Evanston, IL",Sales : Retail Sales AEs,"Evanston, IL",demand_validated,mid,0,0,0,,166500,https://careers.toasttab.com/jobs?gh_jid=8031032
2026-08-25,TOST,Toast,"Territory Account Executive, Retail - North Jacksonville, FL",Sales : Retail Sales AEs,"Jacksonville, FL",demand_validated,mid,0,0,0,,150000,https://careers.toasttab.com/jobs?gh_jid=7822496
2026-08-25,TOST,Toast,"Territory Account Executive , Retail - North Myrtle Beach, SC",Sales : Retail Sales AEs,"North Myrtle Beach, SC",demand_validated,mid,0,0,0,,150000,https://careers.toasttab.com/jobs?gh_jid=8060766
2026-08-25,TOST,Toast,"Territory Account Executive, Retail - Oak Brook, IL",Sales : Retail Sales AEs,"Oak Brook, IL",demand_validated,mid,0,0,0,,166500,https://careers.toasttab.com/jobs?gh_jid=7843849
2026-08-25,TOST,Toast,"Territory Account Executive , Retail - Oshkosh, WI	",Sales : Retail Sales AEs,"Oshkosh, WI",demand_validated,mid,0,0,0,,150000,https://careers.toasttab.com/jobs?gh_jid=8070328
2026-08-25,TOST,Toast,"Territory Account Executive, Retail - Paterson, NJ",Sales : Retail Sales AEs,"Paterson, NJ",demand_validated,mid,0,0,0,,192500,https://careers.toasttab.com/jobs?gh_jid=7982317
2026-08-25,TOST,Toast,"Territory Account Executive, Retail - Pensacola",Sales : Retail Sales AEs,"Pensacola, FL",demand_validated,mid,0,0,0,,150000,https://careers.toasttab.com/jobs?gh_jid=8055429
2026-08-25,TOST,Toast,"Territory Account Executive, Retail - Phenix City, AL",Sales : Retail Sales AEs,"Phenix City, AL",demand_validated,mid,0,0,0,,150000,https://careers.toasttab.com/jobs?gh_jid=8042228
2026-08-25,TOST,Toast,"Territory Account Executive, Retail - Prattville, AL",Sales : Retail Sales AEs,"Prattville, AL",demand_validated,mid,0,0,0,,150000,https://careers.toasttab.com/jobs?gh_jid=8042243
2026-08-25,TOST,Toast,"Territory Account Executive, Retail - Queens, NY",Sales : Retail Sales AEs,"Queens, NY",demand_validated,mid,0,0,0,,192500,https://careers.toasttab.com/jobs?gh_jid=7842772
2026-08-25,TOST,Toast,"Territory Account Executive , Retail - Roanoke, VA",Sales : Retail Sales AEs,"Roanoke, VA",demand_validated,mid,0,0,0,,150000,https://careers.toasttab.com/jobs?gh_jid=8060752
2026-08-25,TOST,Toast,"Territory Account Executive , Retail - Rochester, MN",Sales : Retail Sales AEs,"Rochester, MN",demand_validated,mid,0,0,0,,150000,https://careers.toasttab.com/jobs?gh_jid=8049221
2026-08-25,TOST,Toast,"Territory Account Executive , Retail - Saint Paul, MN",Sales : Retail Sales AEs,"Saint Paul, MN",demand_validated,mid,0,0,0,,150000,https://careers.toasttab.com/jobs?gh_jid=8049237
2026-08-25,TOST,Toast,"Territory Account Executive , Retail - Salem, VA",Sales : Retail Sales AEs,"Salem, VA",demand_validated,mid,0,0,0,,150000,https://careers.toasttab.com/jobs?gh_jid=8048975
2026-08-25,TOST,Toast,"Territory Account Executive, Retail - Salt Lake City",Sales : Retail Sales AEs,"Salt Lake City, UT",demand_validated,mid,0,0,0,,150000,https://careers.toasttab.com/jobs?gh_jid=7842769
2026-08-25,TOST,Toast,"Territory Account Executive, Retail - Savannah, GA",Sales : Retail Sales AEs,"Savannah, GA",demand_validated,mid,0,0,0,,150000,https://careers.toasttab.com/jobs?gh_jid=8015634
2026-08-25,TOST,Toast,"Territory Account Executive, Retail - Scranton",Sales : Retail Sales AEs,"Scranton, PA",demand_validated,mid,0,0,0,,166500,https://careers.toasttab.com/jobs?gh_jid=8049262
2026-08-25,TOST,Toast,"Territory Account Executive, Retail - Seattle, WA",Sales : Retail Sales AEs,"Seattle, WA",demand_validated,mid,0,0,0,,192500,https://careers.toasttab.com/jobs?gh_jid=7506371
2026-08-25,TOST,Toast,"Territory Account Executive, Retail - Sheepshead Bay, NY",Sales : Retail Sales AEs,"Sheepshead Bay, NY",demand_validated,mid,0,0,0,,192500,https://careers.toasttab.com/jobs?gh_jid=7843767
2026-08-25,TOST,Toast,"Territory Account Executive, Retail - Sioux Falls",Sales : Retail Sales AEs,"Sioux Falls, SD",demand_validated,mid,0,0,0,,150000,https://careers.toasttab.com/jobs?gh_jid=7930749
2026-08-25,TOST,Toast,"Territory Account Executive, Retail - South Texas (Spanish/Bilingual)",Sales : Retail Sales AEs,"Brownsville, TX",demand_validated,mid,0,0,0,,150000,https://careers.toasttab.com/jobs?gh_jid=7708046
2026-08-25,TOST,Toast,"Territory Account Executive, Retail - South Texas (Spanish/Bilingual)",Sales : Retail Sales AEs,"Edinburg, TX",demand_validated,mid,0,0,0,,150000,https://careers.toasttab.com/jobs?gh_jid=7708045
2026-08-25,TOST,Toast,"Territory Account Executive, Retail - South Texas (Spanish/Bilingual)",Sales : Retail Sales AEs,"McAllen, TX",demand_validated,mid,0,0,0,,150000,https://careers.toasttab.com/jobs?gh_jid=7705800
2026-08-25,TOST,Toast,"Territory Account Executive, Retail - South Texas (Spanish/Bilingual)",Sales : Retail Sales AEs,"Harlingen, TX",demand_validated,mid,0,0,0,,150000,https://careers.toasttab.com/jobs?gh_jid=7769055
2026-08-25,TOST,Toast,"Territory Account Executive, Retail - Southwest St. Louis, MO",Sales : Retail Sales AEs,"St. Charles, MO",demand_validated,mid,0,0,0,,150000,https://careers.toasttab.com/jobs?gh_jid=7736066
2026-08-25,TOST,Toast,"Territory Account Executive, Retail - Southwest St. Louis, MO",Sales : Retail Sales AEs,"Columbia, MO",demand_validated,mid,0,0,0,,150000,https://careers.toasttab.com/jobs?gh_jid=7926519
2026-08-25,TOST,Toast,"Territory Account Executive, Retail - Tallahassee ",Sales : Retail Sales AEs,"Tallahassee, FL ",demand_validated,mid,0,0,0,,150000,https://careers.toasttab.com/jobs?gh_jid=8048977
2026-08-25,TOST,Toast,"Territory Account Executive, Retail - Youngstown, OH",Sales : Retail Sales AEs,"Youngstown, OH",demand_validated,mid,0,0,0,,150000,https://careers.toasttab.com/jobs?gh_jid=8094585
2026-08-25,TOST,Toast,"Territory Account Executive, SMB",Sales : SMB Field Sales AEs,"Huron, OH",demand_validated,mid,0,0,0,,150000,https://careers.toasttab.com/jobs?gh_jid=8113237
2026-08-25,TOST,Toast,"Territory Account Executive, SMB",Sales : SMB Field Sales AEs,"Freemont, OH ",demand_validated,mid,0,0,0,,150000,https://careers.toasttab.com/jobs?gh_jid=8129930
2026-08-25,TOST,Toast,"Territory Account Executive , SMB - Brandon , FL",Sales : SMB Field Sales AEs,"Brandon, FL ",demand_validated,mid,0,0,0,,150000,https://careers.toasttab.com/jobs?gh_jid=7861784
2026-08-25,TOST,Toast,"Territory Account Executive, SMB - Burlington, NJ",Sales : SMB Field Sales AEs,"Burlington, NJ",demand_validated,mid,0,0,0,,166500,https://careers.toasttab.com/jobs?gh_jid=8132363
2026-08-25,TOST,Toast,"Territory Account Executive, SMB - Eastmont, WA",Sales : SMB Field Sales AEs,"Eastmont, WA",demand_validated,mid,0,0,0,,166500,https://careers.toasttab.com/jobs?gh_jid=8152206
2026-08-25,TOST,Toast,"Territory Account Executive, SMB - Fredericksburg, VA",Sales : SMB Field Sales AEs,"Fredericksburg, VA",demand_validated,mid,0,0,0,,150000,https://careers.toasttab.com/jobs?gh_jid=8111787
2026-08-25,TOST,Toast,"Territory Account Executive, SMB - Greenville, NC",Sales : SMB Field Sales AEs,"Greenville, NC",demand_validated,mid,0,0,0,,150000,https://careers.toasttab.com/jobs?gh_jid=8046283
2026-08-25,TOST,Toast,"Territory Account Executive , SMB - Lincoln/West Omaha, NE ",Sales : SMB Field Sales AEs,"Omaha, NE",demand_validated,mid,0,0,0,,150000,https://careers.toasttab.com/jobs?gh_jid=8152210
2026-08-25,TOST,Toast,"Territory Account Executive, SMB - Long Beach Island, NJ",Sales : SMB Field Sales AEs,"Long Beach Island, NJ",demand_validated,mid,0,0,0,,166500,https://careers.toasttab.com/jobs?gh_jid=8129914
2026-08-25,TOST,Toast,"Territory Account Executive , SMB - NW Houston, TX",Sales : SMB Field Sales AEs,"Houston, TX",demand_validated,mid,0,0,0,,166500,https://careers.toasttab.com/jobs?gh_jid=8152207
2026-08-25,TOST,Toast,"Territory Account Executive, SMB - Ocean City, NJ",Sales : SMB Field Sales AEs,"Ocean City, NJ",demand_validated,mid,0,0,0,,166500,https://careers.toasttab.com/jobs?gh_jid=8119701
2026-08-25,TOST,Toast,"Territory Account Executive , SMB - Oklahoma",Sales : SMB Field Sales AEs,"Tulsa, OK",demand_validated,mid,0,0,0,,150000,https://careers.toasttab.com/jobs?gh_jid=8152212
2026-08-25,TOST,Toast,"Territory Account Executive , SMB - Oklahoma",Sales : SMB Field Sales AEs,Oklahoma City ,demand_validated,mid,0,0,0,,150000,https://careers.toasttab.com/jobs?gh_jid=8152211
2026-08-25,TOST,Toast,"Territory Account Executive, SMB - Overland Park, KS",Sales : SMB Field Sales AEs,"Overland Park, KS",demand_validated,mid,0,0,0,,166500,https://careers.toasttab.com/jobs?gh_jid=8109622
2026-08-25,TOST,Toast,"Territory Account Executive, SMB - Sandusky, OH",Sales : SMB Field Sales AEs,"Sandusky, OH",demand_validated,mid,0,0,0,,150000,https://careers.toasttab.com/jobs?gh_jid=8094810
2026-08-25,TOST,Toast,"Territory Account Executive, SMB - Toms River, NJ",Sales : SMB Field Sales AEs,"Toms River, NJ",demand_validated,mid,0,0,0,,166500,https://careers.toasttab.com/jobs?gh_jid=8129913
2026-08-25,TOST,Toast,"Territory Account Executive , SMB - Westchester, PA",Sales : SMB Field Sales AEs,"West Chester, PA",demand_validated,mid,0,0,0,,166500,https://careers.toasttab.com/jobs?gh_jid=8142633
2026-08-25,TOST,Toast,"Territory Account Executive, Strategic Markets - Seattle, WA",Sales : SMB Field Sales AEs,"Seattle, WA",demand_validated,mid,0,0,0,,192500,https://careers.toasttab.com/jobs?gh_jid=8084129
2026-08-25,TOST,Toast,Territory Account Executive- Vaughan,Sales : International,"Vaughan, Ontario, Canada",demand_validated,mid,0,0,0,,170500,https://careers.toasttab.com/jobs?gh_jid=8088327
2026-08-25,TOST,Toast,Territory Account Executive- West Toronto,Sales : International,"Toronto, Ontario, Canada",demand_validated,mid,0,0,0,,170500,https://careers.toasttab.com/jobs?gh_jid=8098718
2026-08-25,TOST,Toast,"Tri-Valley, CA Strategic Cuisines Account Executive - Spanish ",Sales : Strategic Cuisines Sales AEs,"Pleasanton, CA",demand_validated,mid,0,0,0,,176000,https://careers.toasttab.com/jobs?gh_jid=8142648
2026-08-25,TOST,Toast,"Vice President, Enterprise Sales",Sales : Enterprise Restaurants,"Remote, United States",nontech,exec,0,2,0,buzz,300500,https://careers.toasttab.com/jobs?gh_jid=7838464
2026-08-25,TOST,Toast,West Coast Strategic Cuisines Thai & Asian Cuisine District Manager,Sales : Strategic Cuisines Sales Management,Remote- US,other,mid,0,0,0,,251500,https://careers.toasttab.com/jobs?gh_jid=8028755
2026-08-25,IOT,Samsara,Accountant II,Corporate Accounting,Remote - Mexico,other,mid,0,1,0,buzz,,https://www.samsara.com/company/careers/roles/8024328?gh_jid=8024328
2026-08-25,IOT,Samsara,Account Development Representative - BeNeLux,Account Development Representative,Remote - Netherlands,other,mid,0,0,0,,,https://www.samsara.com/company/careers/roles/7617960?gh_jid=7617960
2026-08-25,IOT,Samsara,Account Development Representative - DACH,Account Development Representative,Remote - Germany,other,mid,0,0,0,,,https://www.samsara.com/company/careers/roles/7618026?gh_jid=7618026
2026-08-25,IOT,Samsara,Account Development Representative II,Account Development Representative,"Atlanta, Georgia, United States; Phoenix, Arizona, United States",other,mid,0,1,0,buzz,49205,https://www.samsara.com/company/careers/roles/8094367?gh_jid=8094367
2026-08-25,IOT,Samsara,Account Development Representative Intern - Atlanta,Account Development Representative,"Atlanta, Georgia, United States",other,intern,0,1,0,buzz,49205,https://www.samsara.com/company/careers/roles/8103119?gh_jid=8103119
2026-08-25,IOT,Samsara,Account Development Representative Intern - Phoenix,Account Development Representative,"Phoenix, Arizona, United States",other,intern,0,1,0,buzz,49205,https://www.samsara.com/company/careers/roles/8099799?gh_jid=8099799
2026-08-25,IOT,Samsara,Account Development Representative - UK,Account Development Representative,"London, England, United Kingdom",other,mid,0,0,0,,,https://www.samsara.com/company/careers/roles/7614550?gh_jid=7614550
2026-08-25,IOT,Samsara,"Account Executive, Commercial",US Commercial AE1,"Boston, MA",demand_validated,mid,0,0,0,,128775,https://www.samsara.com/company/careers/roles/6605604?gh_jid=6605604
2026-08-25,IOT,Samsara,"Account Executive, Commercial",US Commercial AE1,Remote - US,demand_validated,mid,0,0,0,,128775,https://www.samsara.com/company/careers/roles/6605599?gh_jid=6605599
2026-08-25,IOT,Samsara,"Account Executive, Commercial",US Commercial AE1,"Atlanta, GA",demand_validated,mid,0,0,0,,128775,https://www.samsara.com/company/careers/roles/6605601?gh_jid=6605601
2026-08-25,IOT,Samsara,"Account Executive, Commercial",US Commercial AE1,"Columbus, OH",demand_validated,mid,0,0,0,,128775,https://www.samsara.com/company/careers/roles/6605602?gh_jid=6605602
2026-08-25,IOT,Samsara,"Account Executive, Commercial ( West)",US Commercial AE1,Remote - US,demand_validated,mid,0,0,0,,128775,https://www.samsara.com/company/careers/roles/7612443?gh_jid=7612443
2026-08-25,IOT,Samsara,"Account Executive, Commercial ( West)",US Commercial AE1,Remote - US,demand_validated,mid,0,0,0,,128775,https://www.samsara.com/company/careers/roles/7612441?gh_jid=7612441
2026-08-25,IOT,Samsara,Account Executive - EMEA Specialist ,Product Specialists,Remote - UK,demand_validated,mid,0,0,0,,,https://www.samsara.com/company/careers/roles/8103806?gh_jid=8103806
2026-08-25,IOT,Samsara,"Account Executive, Majors (Select) - UK&I",EU Sales,Remote - UK,demand_validated,mid,0,0,0,,,https://www.samsara.com/company/careers/roles/7266224?gh_jid=7266224
2026-08-25,IOT,Samsara,"Account Executive, Mid Market (Midwest)",US Mid Market AE2,Remote - US,demand_validated,mid,0,0,0,,145000,https://www.samsara.com/company/careers/roles/7609126?gh_jid=7609126
2026-08-25,IOT,Samsara,"Account Executive, Mid Market (Northeast)",US Mid Market AE2,Remote - US,demand_validated,mid,0,0,0,,145000,https://www.samsara.com/company/careers/roles/7609147?gh_jid=7609147
2026-08-25,IOT,Samsara,"Account Executive, Mid Market (Southeast)",US Mid Market AE2,Remote - US,demand_validated,mid,0,0,0,,145000,https://www.samsara.com/company/careers/roles/7609156?gh_jid=7609156
2026-08-25,IOT,Samsara,"Account Executive, Mid Market (TOLA)",US Mid Market AE2,Remote - US,demand_validated,mid,0,0,0,,145000,https://www.samsara.com/company/careers/roles/7608969?gh_jid=7608969
2026-08-25,IOT,Samsara,"Account Executive, Mid Market (West)",US Mid Market AE2,Remote - US,demand_validated,mid,0,0,0,,145000,https://www.samsara.com/company/careers/roles/7609057?gh_jid=7609057
2026-08-25,IOT,Samsara,Account Validation Specialist - MX,Account Development Representative,Mexico,other,mid,0,2,0,buzz,,https://www.samsara.com/company/careers/roles/7967689?gh_jid=7967689
2026-08-25,IOT,Samsara,AI Architect - GTM Systems,Business Systems,Remote - Canada,product_eng,mid,1,32,1,application|buzz,155512,https://www.samsara.com/company/careers/roles/8104166?gh_jid=8104166
2026-08-25,IOT,Samsara,AI Architect - GTM Systems,Business Systems,Remote - US,product_eng,mid,1,32,1,application|buzz,153799,https://www.samsara.com/company/careers/roles/7578952?gh_jid=7578952
2026-08-25,IOT,Samsara,AI Engineering Manager,Business Systems,Bengaluru - BLR1,product_eng,mid,1,10,1,application|buzz,,https://www.samsara.com/company/careers/roles/8020028?gh_jid=8020028
2026-08-25,IOT,Samsara,AI Learning Experience Designer (AI-LXD),Revenue Operations,Remote - US,product_eng,mid,1,5,1,application|buzz,127294,https://www.samsara.com/company/careers/roles/8041422?gh_jid=8041422
2026-08-25,IOT,Samsara,"Applied AI Specialist, Commercial Customer Success",Customer Success,Remote - US,demand_validated,mid,1,10,1,application|buzz,133055,https://www.samsara.com/company/careers/roles/8024110?gh_jid=8024110
2026-08-25,IOT,Samsara,"Associate Sales Engineer, SE Desk (French Bilingual)",Sales Engineering,Remote - US,demand_validated,mid,0,0,0,,90675,https://www.samsara.com/company/careers/roles/7624120?gh_jid=7624120
2026-08-25,IOT,Samsara,"Associate Sales Engineer, SE Desk - Mid West",Sales Engineering,Remote - US,demand_validated,mid,0,3,0,buzz|general_medium,90675,https://www.samsara.com/company/careers/roles/7311761?gh_jid=7311761
2026-08-25,IOT,Samsara,"Associate Sales Engineer, SE Desk - Northeast",Sales Engineering,Remote - US,demand_validated,mid,0,3,0,buzz|general_medium,90675,https://www.samsara.com/company/careers/roles/7311741?gh_jid=7311741
2026-08-25,IOT,Samsara,"Associate Sales Engineer, SE Desk - Southeast",Sales Engineering,Remote - US,demand_validated,mid,0,3,0,buzz|general_medium,90675,https://www.samsara.com/company/careers/roles/7848351?gh_jid=7848351
2026-08-25,IOT,Samsara,"Associate Sales Engineer, SE Desk - TOLA",Sales Engineering,Remote - US,demand_validated,mid,0,3,0,buzz|general_medium,90675,https://www.samsara.com/company/careers/roles/7848363?gh_jid=7848363
2026-08-25,IOT,Samsara,"Associate Sales Engineer, UK&I ",Sales Engineering,"London, England, United Kingdom; Remote - UK",demand_validated,mid,0,3,0,buzz|general_medium,,https://www.samsara.com/company/careers/roles/8083447?gh_jid=8083447
2026-08-25,IOT,Samsara,Associate Specialist Sales Engineer,Sales Engineering,Remote - US,demand_validated,mid,0,0,0,,120348,https://www.samsara.com/company/careers/roles/7717258?gh_jid=7717258
2026-08-25,IOT,Samsara,AV Events Engineer,Information Technology,San Francisco - SF9,product_eng,mid,0,0,0,,115638,https://www.samsara.com/company/careers/roles/8129501?gh_jid=8129501
2026-08-25,IOT,Samsara,Bilingual Customer Support Specialist,Support,Remote - US,nontech,mid,0,0,0,,50918,https://www.samsara.com/company/careers/roles/8079873?gh_jid=8079873
2026-08-25,IOT,Samsara,"Business Operations Manager, Technical Support Ops",Support,Remote - US,nontech,mid,0,1,0,buzz,134176,https://www.samsara.com/company/careers/roles/7761103?gh_jid=7761103
2026-08-25,IOT,Samsara,"Business Operations Manager, Technical Support Ops",Support,Remote - Toronto,nontech,mid,0,1,0,buzz,123025,https://www.samsara.com/company/careers/roles/7852547?gh_jid=7852547
2026-08-25,IOT,Samsara,Core Enterprise Account Executive South East,US Core,Remote - US,demand_validated,mid,0,0,0,,300000,https://www.samsara.com/company/careers/roles/7679100?gh_jid=7679100
2026-08-25,IOT,Samsara,Core Enterprise Account Executive TOLA,US Core,Remote - US,demand_validated,mid,0,0,0,,300000,https://www.samsara.com/company/careers/roles/7679053?gh_jid=7679053
2026-08-25,IOT,Samsara,Customer Success Manager - Canada,Customer Success,Remote - Toronto,demand_validated,mid,0,0,0,,99938,https://www.samsara.com/company/careers/roles/7646124?gh_jid=7646124
2026-08-25,IOT,Samsara,Customer Success Manager - French Speaker,Customer Success,Remote - Canada,demand_validated,mid,0,0,0,,89944,https://www.samsara.com/company/careers/roles/8029097?gh_jid=8029097
2026-08-25,IOT,Samsara,Customer Success Manager II,Customer Success,Remote - US,demand_validated,mid,0,0,0,,76899,https://www.samsara.com/company/careers/roles/7580157?gh_jid=7580157
2026-08-25,IOT,Samsara,Customer Success Manager V,Customer Success,Remote - CA,demand_validated,mid,0,0,0,,158171,https://www.samsara.com/company/careers/roles/7487346?gh_jid=7487346
2026-08-25,IOT,Samsara,"Director, Enablement - Skills and Leadership Excellence",Revenue Operations,Remote - US,nontech,director,0,1,0,buzz,155040,https://www.samsara.com/company/careers/roles/8041418?gh_jid=8041418
2026-08-25,IOT,Samsara,"Director, Field Onboarding",Revenue Operations,Remote - US,other,director,0,0,0,,158340,https://www.samsara.com/company/careers/roles/7283904?gh_jid=7283904
2026-08-25,IOT,Samsara,"Director, Field Sales Engineering",Sales Engineering,Remote - US,demand_validated,director,0,0,0,,215145,https://www.samsara.com/company/careers/roles/7695309?gh_jid=7695309
2026-08-25,IOT,Samsara,"Director, Marketing - Mexico",Growth Marketing,Mexico,nontech,director,0,0,0,,1396000,https://www.samsara.com/company/careers/roles/8069516?gh_jid=8069516
2026-08-25,IOT,Samsara,"Director, Mid-Market Sales - Canada",Canada,Remote - Canada,nontech,director,0,0,0,,375100,https://www.samsara.com/company/careers/roles/7547204?gh_jid=7547204
2026-08-25,IOT,Samsara,"Director, Product Design",Product Design,Remote - US,other,director,0,0,0,,265050,https://www.samsara.com/company/careers/roles/7839138?gh_jid=7839138
2026-08-25,IOT,Samsara,"Director, Revenue Enablement EMEA",Revenue Operations,"London, England, United Kingdom",nontech,director,0,1,0,buzz,,https://www.samsara.com/company/careers/roles/7791232?gh_jid=7791232
2026-08-25,IOT,Samsara,Engagement Services Manager,Customer Success,Remote - US,other,mid,0,0,0,,127414,https://www.samsara.com/company/careers/roles/8064909?gh_jid=8064909
2026-08-25,IOT,Samsara,Engineering Manager II - Platform Firmware,Hardware Engineering,Remote - US,product_eng,mid,0,1,0,buzz,207350,https://www.samsara.com/company/careers/roles/7801077?gh_jid=7801077
2026-08-25,IOT,Samsara,Enterprise Account Executive,US Enterprise Sales,San Francisco - SF9,demand_validated,mid,0,0,0,,425000,https://www.samsara.com/company/careers/roles/8042135?gh_jid=8042135
2026-08-25,IOT,Samsara,"Enterprise Account Executive - Public Sector, West",US Public Sector,Remote - SF Bay Area,demand_validated,mid,0,0,0,,425000,https://www.samsara.com/company/careers/roles/7954575?gh_jid=7954575
2026-08-25,IOT,Samsara,Enterprise Core Account Executive - Public Sector,US Public Sector,Remote - US,demand_validated,mid,0,0,0,,361200,https://www.samsara.com/company/careers/roles/7423809?gh_jid=7423809
2026-08-25,IOT,Samsara,"Enterprise Core Account Executive, UK",EU Sales,London - UK2,demand_validated,mid,0,0,0,,300000,https://www.samsara.com/company/careers/roles/7759354?gh_jid=7759354
2026-08-25,IOT,Samsara,Enterprise Core Implementation Consultant - East/Central,Customer Success,Remote - US,demand_validated,mid,0,0,0,,111785,https://www.samsara.com/company/careers/roles/8121318?gh_jid=8121318
2026-08-25,IOT,Samsara,Enterprise Core Implementation Consultant - West,Customer Success,Remote - US,demand_validated,mid,0,0,0,,111785,https://www.samsara.com/company/careers/roles/8121312?gh_jid=8121312
2026-08-25,IOT,Samsara,Enterprise Core Sales Engineer - Midwest,Sales Engineering,Remote - US,demand_validated,mid,0,0,0,,153238,https://www.samsara.com/company/careers/roles/7848518?gh_jid=7848518
2026-08-25,IOT,Samsara,Enterprise Core Sales Engineer - Northeast,Sales Engineering,Remote - US,demand_validated,mid,0,0,0,,153238,https://www.samsara.com/company/careers/roles/7848486?gh_jid=7848486
2026-08-25,IOT,Samsara,Enterprise Core Sales Engineer - Southeast,Sales Engineering,Remote - US,demand_validated,mid,0,0,0,,153238,https://www.samsara.com/company/careers/roles/7848497?gh_jid=7848497
2026-08-25,IOT,Samsara,Enterprise Core Sales Engineer - TOLA,Sales Engineering,Remote - US,demand_validated,mid,0,0,0,,153238,https://www.samsara.com/company/careers/roles/7848501?gh_jid=7848501
2026-08-25,IOT,Samsara,Enterprise Core Sales Engineer - West,Sales Engineering,Remote - US,demand_validated,mid,0,0,0,,153238,https://www.samsara.com/company/careers/roles/7848529?gh_jid=7848529
2026-08-25,IOT,Samsara,Enterprise Customer Success Manager,Customer Success,Remote - US,demand_validated,mid,0,0,0,,114739,https://www.samsara.com/company/careers/roles/7482459?gh_jid=7482459
2026-08-25,IOT,Samsara,Enterprise Customer Success Manager,Customer Success,Remote - Germany,demand_validated,mid,0,0,0,,,https://www.samsara.com/company/careers/roles/8132327?gh_jid=8132327
2026-08-25,IOT,Samsara,Enterprise Customer Success Manager,Customer Success,Remote - IL,demand_validated,mid,0,0,0,,114739,https://www.samsara.com/company/careers/roles/7625030?gh_jid=7625030
2026-08-25,IOT,Samsara,Enterprise Customer Success Manager - Public Sector,Customer Success,Remote - US,demand_validated,mid,0,0,0,,114739,https://www.samsara.com/company/careers/roles/8029099?gh_jid=8029099
2026-08-25,IOT,Samsara,Enterprise Implementation Consultant,Customer Success,Remote - US,demand_validated,mid,0,0,0,,111784,https://www.samsara.com/company/careers/roles/8121332?gh_jid=8121332
2026-08-25,IOT,Samsara,Enterprise Implementation Consultant,Customer Success,Remote - US,demand_validated,mid,0,0,0,,111784,https://www.samsara.com/company/careers/roles/7852948?gh_jid=7852948
2026-08-25,IOT,Samsara,Enterprise Implementation Consultant,Customer Success,Remote - US,demand_validated,mid,0,0,0,,83244,https://www.samsara.com/company/careers/roles/8131784?gh_jid=8131784
2026-08-25,IOT,Samsara,Enterprise Implementation Consultant - German Fluency,Customer Success,Remote - Germany,demand_validated,mid,0,1,0,buzz,,https://www.samsara.com/company/careers/roles/8074109?gh_jid=8074109
2026-08-25,IOT,Samsara,Enterprise Sales Engineer - Public Sector - West,Sales Engineering,Remote - US,demand_validated,mid,0,0,0,,198050,https://www.samsara.com/company/careers/roles/8068209?gh_jid=8068209
2026-08-25,IOT,Samsara,Enterprise Sales Engineer - Toronto,Sales Engineering,Remote - Toronto,demand_validated,mid,0,3,0,buzz|general_medium,239112,https://www.samsara.com/company/careers/roles/7818569?gh_jid=7818569
2026-08-25,IOT,Samsara,Enterprise Select Implementation Consultant (Central or East),Customer Success,Remote - US,demand_validated,mid,0,0,0,,126140,https://www.samsara.com/company/careers/roles/8121329?gh_jid=8121329
2026-08-25,IOT,Samsara,Enterprise Select Implementation Consultant (West),Customer Success,Remote - US,demand_validated,mid,0,0,0,,126140,https://www.samsara.com/company/careers/roles/8121327?gh_jid=8121327
2026-08-25,IOT,Samsara,Entry Level Tech Sales - Benelux Market (Dutch speaking),Account Development Representative,Remote - Netherlands,nontech,mid,0,0,0,,,https://www.samsara.com/company/careers/roles/8095996?gh_jid=8095996
2026-08-25,IOT,Samsara,"Entry Level Tech Sales - Benelux Market (work from the UK, Netherlands, Germany or France - Dutch speaking role) ",Account Development Representative,Remote - France; Remote - Germany; Remote - Netherlands; Remote - UK,nontech,mid,0,0,0,,,https://www.samsara.com/company/careers/roles/8127985?gh_jid=8127985
2026-08-25,IOT,Samsara,Entry Level Tech Sales - UK&I Market,Account Development Representative,"London, England, United Kingdom",nontech,mid,0,0,0,,,https://www.samsara.com/company/careers/roles/8104994?gh_jid=8104994
2026-08-25,IOT,Samsara,Especialista en Instalación de Sistemas Vehiculares,Customer Success,Remote - Mexico,other,mid,0,1,0,buzz,,https://www.samsara.com/company/careers/roles/8073244?gh_jid=8073244
2026-08-25,IOT,Samsara,Especialista en Instalación de Sistemas Vehiculares,Customer Success,Remote - Mexico,other,mid,0,1,0,buzz,,https://www.samsara.com/company/careers/roles/8073242?gh_jid=8073242
2026-08-25,IOT,Samsara,Especialista en Instalación de Sistemas Vehiculares,Customer Success,Remote - Mexico,other,mid,0,1,0,buzz,,https://www.samsara.com/company/careers/roles/8073243?gh_jid=8073243
2026-08-25,IOT,Samsara,Especialista en Sistemas Telemáticos,Customer Success,Remote - Mexico,other,mid,0,1,0,buzz,,https://www.samsara.com/company/careers/roles/8073236?gh_jid=8073236
2026-08-25,IOT,Samsara,Especialista en Sistemas Telemáticos,Customer Success,Remote - Mexico,other,mid,0,1,0,buzz,,https://www.samsara.com/company/careers/roles/8073241?gh_jid=8073241
2026-08-25,IOT,Samsara,Especialista en Sistemas Telemáticos,Customer Success,Remote - Mexico,other,mid,0,1,0,buzz,,https://www.samsara.com/company/careers/roles/8073240?gh_jid=8073240
2026-08-25,IOT,Samsara,Field Service Engineer (Automotive),Customer Success,Remote - Mexico,product_eng,mid,0,1,0,buzz,,https://www.samsara.com/company/careers/roles/8073247?gh_jid=8073247
2026-08-25,IOT,Samsara,Field Service Engineer (Automotive),Customer Success,Remote - Mexico,product_eng,mid,0,1,0,buzz,,https://www.samsara.com/company/careers/roles/8073246?gh_jid=8073246
2026-08-25,IOT,Samsara,Field Service Engineer (Automotive),Customer Success,Remote - Mexico,product_eng,mid,0,1,0,buzz,,https://www.samsara.com/company/careers/roles/8073245?gh_jid=8073245
2026-08-25,IOT,Samsara,Finance & Strategy AI Engineer,Finance and Strategy,San Francisco - SF9,product_eng,mid,1,17,1,application|buzz,196185,https://www.samsara.com/company/careers/roles/8113356?gh_jid=8113356
2026-08-25,IOT,Samsara,GTM Business Operations Manager,Sales Business Operations,Remote - Houston,nontech,mid,0,1,0,buzz,134176,https://www.samsara.com/company/careers/roles/7942733?gh_jid=7942733
2026-08-25,IOT,Samsara,Implementation Consultant ,Customer Success,Remote - UK,demand_validated,mid,0,1,0,buzz,,https://www.samsara.com/company/careers/roles/8076689?gh_jid=8076689
2026-08-25,IOT,Samsara,Implementation Consultant ,Customer Success,Remote - Germany,demand_validated,mid,0,1,0,buzz,,https://www.samsara.com/company/careers/roles/8088205?gh_jid=8088205
2026-08-25,IOT,Samsara,Implementation Consultant ,Customer Success,Remote - UK,demand_validated,mid,0,1,0,buzz,,https://www.samsara.com/company/careers/roles/7961276?gh_jid=7961276
2026-08-25,IOT,Samsara,Implementation Consultant - German Fluency,Customer Success,"London, England, United Kingdom; Remote - Germany; Remote - UK",demand_validated,mid,0,1,0,buzz,,https://www.samsara.com/company/careers/roles/8076687?gh_jid=8076687
2026-08-25,IOT,Samsara,Installation Manager,Customer Success,London - UK2,other,mid,0,1,0,buzz,,https://www.samsara.com/company/careers/roles/8002357?gh_jid=8002357
2026-08-25,IOT,Samsara,Installation Specialist,Customer Success,Remote - Mexico,other,mid,0,1,0,buzz,,https://www.samsara.com/company/careers/roles/7950569?gh_jid=7950569
2026-08-25,IOT,Samsara,Lead Machine Learning Engineer - ML Infrastructure,Safety AI,Remote - Canada,product_eng,senior,1,14,1,application|buzz|data_ml_ops|general_medium|model_infra,232750,https://www.samsara.com/company/careers/roles/7746586?gh_jid=7746586
2026-08-25,IOT,Samsara,Lead Machine Learning Engineer - ML Infrastructure ,Safety AI,Remote - US,product_eng,senior,1,14,1,application|buzz|data_ml_ops|general_medium|model_infra,278850,https://www.samsara.com/company/careers/roles/7721193?gh_jid=7721193
2026-08-25,IOT,Samsara,Lead Product Designer,Product Design,Remote - Canada,product_eng,senior,0,1,0,buzz,173550,https://www.samsara.com/company/careers/roles/8018876?gh_jid=8018876
2026-08-25,IOT,Samsara,Lead Product Designer,Product Design,Remote - US,product_eng,senior,0,1,0,buzz,184222,https://www.samsara.com/company/careers/roles/8007939?gh_jid=8007939
2026-08-25,IOT,Samsara,Lead Video Producer,Corporate Marketing,San Francisco - SF9,other,senior,0,1,0,buzz,164650,https://www.samsara.com/company/careers/roles/7939301?gh_jid=7939301
2026-08-25,IOT,Samsara,Litigation and E-Discovery Counsel,Legal,Remote - US,nontech,mid,0,1,0,buzz,139849,https://www.samsara.com/company/careers/roles/8008896?gh_jid=8008896
2026-08-25,IOT,Samsara,"Manager, Enterprise Customer Success - Select",Customer Success,Remote - US,demand_validated,mid,0,0,0,,147591,https://www.samsara.com/company/careers/roles/7702368?gh_jid=7702368
2026-08-25,IOT,Samsara,"Manager I, Customer Success",Customer Success,Remote - Mexico,demand_validated,mid,0,0,0,,,https://www.samsara.com/company/careers/roles/7743690?gh_jid=7743690
2026-08-25,IOT,Samsara,"Manager I, Customer Success Manager",Customer Success,Remote - Canada,demand_validated,mid,0,0,0,,153904,https://www.samsara.com/company/careers/roles/8068523?gh_jid=8068523
2026-08-25,IOT,Samsara,"Manager II, Customer Success",Customer Success,Remote - US,demand_validated,mid,0,2,0,buzz,130781,https://www.samsara.com/company/careers/roles/7487344?gh_jid=7487344
2026-08-25,IOT,Samsara,"Manager II, Data Platform",Platform,Remote - US,other,mid,0,4,1,application|buzz,194350,https://www.samsara.com/company/careers/roles/7811931?gh_jid=7811931
2026-08-25,IOT,Samsara,"Manager, Mid Market (Central)",US Mid Market AE2,Remote - US,other,mid,0,0,0,,217980,https://www.samsara.com/company/careers/roles/8132379?gh_jid=8132379
2026-08-25,IOT,Samsara,"Manager, Mid Market (East)",US Mid Market AE2,Remote - US,other,mid,0,0,0,,217980,https://www.samsara.com/company/careers/roles/8132381?gh_jid=8132381
2026-08-25,IOT,Samsara,"Manager, Mid Market (West)",US Mid Market AE2,Remote - US,other,mid,0,0,0,,217980,https://www.samsara.com/company/careers/roles/8132385?gh_jid=8132385
2026-08-25,IOT,Samsara,"Manager, Operations Program Management",Global Ops Engineering,Remote - US,nontech,mid,0,0,0,,168272,https://www.samsara.com/company/careers/roles/7558150?gh_jid=7558150
2026-08-25,IOT,Samsara,Mexico Major AE,Mexico,Remote - Mexico,other,mid,0,0,0,,500000,https://www.samsara.com/company/careers/roles/7618041?gh_jid=7618041
2026-08-25,IOT,Samsara,Mid-Market Account Executive - Canada,Canada,"Ottawa, Ontario",demand_validated,mid,0,0,0,,137450,https://www.samsara.com/company/careers/roles/7926756?gh_jid=7926756
2026-08-25,IOT,Samsara,Mid-Market Account Executive - Canada,Canada,"Toronto, Canada",demand_validated,mid,0,0,0,,137450,https://www.samsara.com/company/careers/roles/7926757?gh_jid=7926757
2026-08-25,IOT,Samsara,Mid Market Account Executive - DACH,EU Sales,"London, England, United Kingdom; Remote - Germany",demand_validated,mid,0,0,0,,,https://www.samsara.com/company/careers/roles/7266176?gh_jid=7266176
2026-08-25,IOT,Samsara,Mid-Market Account Executive - France,EU Sales,Remote - France,demand_validated,mid,0,0,0,,,https://www.samsara.com/company/careers/roles/7571463?gh_jid=7571463
2026-08-25,IOT,Samsara,Mid-Market Account Executive -  French Fluent,Canada,Remote - Montreal,demand_validated,mid,0,0,0,,144875,https://www.samsara.com/company/careers/roles/7926750?gh_jid=7926750
2026-08-25,IOT,Samsara,Mid-Market Account Executive - Mexico,Mexico,Remote - Mexico,demand_validated,mid,0,0,0,,100000,https://www.samsara.com/company/careers/roles/7618028?gh_jid=7618028
2026-08-25,IOT,Samsara,Mid-Market Account Executive - Public Sector ,US Public Sector,Remote - US,demand_validated,mid,0,0,0,,201000,https://www.samsara.com/company/careers/roles/7612559?gh_jid=7612559
2026-08-25,IOT,Samsara,Mid-Market Account Executive - UK&I,EU Sales,"London - UK2; London, England, United Kingdom",demand_validated,mid,0,0,0,,,https://www.samsara.com/company/careers/roles/7613161?gh_jid=7613161
2026-08-25,IOT,Samsara,(New Grad) Account Development Representative II - Atlanta,Account Development Representative,"Atlanta, Georgia, United States",other,intern,0,1,0,buzz,49205,https://www.samsara.com/company/careers/roles/8094373?gh_jid=8094373
2026-08-25,IOT,Samsara,(New Grad) Account Development Representative II - Phoenix,Account Development Representative,"Phoenix, Arizona, United States",other,intern,0,1,0,buzz,49205,https://www.samsara.com/company/careers/roles/8094371?gh_jid=8094371
2026-08-25,IOT,Samsara,Partner Marketing Manager - Insurance and Strategic Partnerships,Corporate Marketing,Remote - SF Bay Area,nontech,mid,0,1,0,buzz,120422,https://www.samsara.com/company/careers/roles/8142214?gh_jid=8142214
2026-08-25,IOT,Samsara,People Analytics AI Engineer,People Experience,Remote - Seattle,product_eng,mid,1,19,1,application|buzz|data_ml_ops|model_infra,183885,https://www.samsara.com/company/careers/roles/7858719?gh_jid=7858719
2026-08-25,IOT,Samsara,People Operations Specialist II,People Experience,Remote - US,nontech,mid,0,1,0,buzz,92663,https://www.samsara.com/company/careers/roles/8068005?gh_jid=8068005
2026-08-25,IOT,Samsara,Pre-Sales Services Consultant (Engagement Services Manager),Customer Success,Remote - US,demand_validated,mid,0,0,0,,127414,https://www.samsara.com/company/careers/roles/8070083?gh_jid=8070083
2026-08-25,IOT,Samsara,Pricing and Revenue Planner,Planning,Remote - Dallas,other,mid,0,0,0,,126540,https://www.samsara.com/company/careers/roles/7892020?gh_jid=7892020
2026-08-25,IOT,Samsara,Principal Business Technology Product Manager,Business Systems,Remote - TX,product_eng,staff_principal,0,4,1,application|buzz,153799,https://www.samsara.com/company/careers/roles/8060732?gh_jid=8060732
2026-08-25,IOT,Samsara,Principal Product Manager,STCE & Maintenance,Remote - SF Bay Area,product_eng,staff_principal,0,1,0,buzz,191100,https://www.samsara.com/company/careers/roles/7604461?gh_jid=7604461
2026-08-25,IOT,Samsara,Product Manager - Revenue Tools,Revenue Operations,Remote - US,product_eng,mid,0,1,0,buzz,146136,https://www.samsara.com/company/careers/roles/8042109?gh_jid=8042109
2026-08-25,IOT,Samsara,Product Operations Manager,R&D Ops,Remote - Canada; Remote - US,nontech,mid,0,1,0,buzz,143151,https://www.samsara.com/company/careers/roles/7729297?gh_jid=7729297
2026-08-25,IOT,Samsara,Product Support Engineer,Engineering Support,Bengaluru - BLR1,product_eng,mid,0,0,0,,,https://www.samsara.com/company/careers/roles/7782002?gh_jid=7782002
2026-08-25,IOT,Samsara,Product Support Engineer III,Engineering Support,Bengaluru - BLR1,product_eng,mid,0,0,0,,,https://www.samsara.com/company/careers/roles/7960367?gh_jid=7960367
2026-08-25,IOT,Samsara,"Public Policy and Government Affairs Manager, State/Local",Policy,Remote - US,other,mid,0,1,0,buzz,113994,https://www.samsara.com/company/careers/roles/7989914?gh_jid=7989914
2026-08-25,IOT,Samsara,Public Sector Major Account Executive,US Public Sector,Remote - US,demand_validated,mid,0,0,0,,275000,https://www.samsara.com/company/careers/roles/7612978?gh_jid=7612978
2026-08-25,IOT,Samsara,Renewal Account Executive - CML,Renewals,Remote - CA,demand_validated,mid,0,0,0,,77420,https://www.samsara.com/company/careers/roles/8096901?gh_jid=8096901
2026-08-25,IOT,Samsara,Sales Compensation Manager,Payroll and Equity,Remote - UT,nontech,mid,0,1,0,buzz,108810,https://www.samsara.com/company/careers/roles/8120781?gh_jid=8120781
2026-08-25,IOT,Samsara,"Sales Engineer, Mid Market - Midwest",Sales Engineering,Remote - US,demand_validated,mid,0,3,0,buzz|general_medium,120348,https://www.samsara.com/company/careers/roles/7187197?gh_jid=7187197
2026-08-25,IOT,Samsara,"Sales Engineer, Mid Market - Northeast",Sales Engineering,Remote - US,demand_validated,mid,0,3,0,buzz|general_medium,120348,https://www.samsara.com/company/careers/roles/7848428?gh_jid=7848428
2026-08-25,IOT,Samsara,"Sales Engineer, Mid Market - Public Sector",Sales Engineering,Remote - US,demand_validated,mid,0,3,0,buzz|general_medium,128800,https://www.samsara.com/company/careers/roles/8036863?gh_jid=8036863
2026-08-25,IOT,Samsara,Sales Engineer - Mid Market - Southeast,Sales Engineering,Remote - US,demand_validated,mid,0,3,0,buzz|general_medium,120348,https://www.samsara.com/company/careers/roles/7187159?gh_jid=7187159
2026-08-25,IOT,Samsara,"Sales Engineer, Mid Market - TOLA",Sales Engineering,Remote - TX,demand_validated,mid,0,3,0,buzz|general_medium,120348,https://www.samsara.com/company/careers/roles/7848459?gh_jid=7848459
2026-08-25,IOT,Samsara,Sales Engineer - Mid Market - West,Sales Engineering,Remote - US,demand_validated,mid,0,3,0,buzz|general_medium,120348,https://www.samsara.com/company/careers/roles/7187219?gh_jid=7187219
2026-08-25,IOT,Samsara,"Sales Manager, Mid-Market, France (Remote)",EU Sales,Remote - France,nontech,mid,0,0,0,,,https://www.samsara.com/company/careers/roles/8079877?gh_jid=8079877
2026-08-25,IOT,Samsara,"Sales Manager, Mid Market UKI",EU Sales,London - UK2,nontech,mid,0,0,0,,,https://www.samsara.com/company/careers/roles/8007727?gh_jid=8007727
2026-08-25,IOT,Samsara,Sales Operations Manager,Revenue Operations,Remote - US,nontech,mid,0,0,0,,111949,https://www.samsara.com/company/careers/roles/7555217?gh_jid=7555217
2026-08-25,IOT,Samsara,Sales Operations Manager,Revenue Operations,Remote - Mexico,nontech,mid,0,0,0,,,https://www.samsara.com/company/careers/roles/8076592?gh_jid=8076592
2026-08-25,IOT,Samsara,Sales Operations Manager,Revenue Operations,Remote - US,nontech,mid,0,1,0,buzz,99791,https://www.samsara.com/company/careers/roles/8053880?gh_jid=8053880
2026-08-25,IOT,Samsara,Sales Operations Manager - Enterprise,Revenue Operations,Remote - US,nontech,mid,0,0,0,,116082,https://www.samsara.com/company/careers/roles/7815804?gh_jid=7815804
2026-08-25,IOT,Samsara,Select Major Account Executive (CST),US Enterprise Sales,Remote - US,demand_validated,mid,0,0,0,,425000,https://www.samsara.com/company/careers/roles/8095469?gh_jid=8095469
2026-08-25,IOT,Samsara,Select Major Account Executive (CST),US Enterprise Sales,Remote - MI,demand_validated,mid,0,0,0,,425000,https://www.samsara.com/company/careers/roles/7818248?gh_jid=7818248
2026-08-25,IOT,Samsara,Select Major Account Executive (EST),US Enterprise Sales,Remote - US,demand_validated,mid,0,0,0,,425000,https://www.samsara.com/company/careers/roles/7663706?gh_jid=7663706
2026-08-25,IOT,Samsara,Senior AI Data Engineer,Marketing Systems & Intelligence,Remote - Canada,product_eng,senior,1,10,1,application|buzz,136500,https://www.samsara.com/company/careers/roles/8126100?gh_jid=8126100
2026-08-25,IOT,Samsara,Senior AI Data Engineer,Marketing Systems & Intelligence,Remote - US,product_eng,senior,1,10,1,application|buzz,148379,https://www.samsara.com/company/careers/roles/8091855?gh_jid=8091855
2026-08-25,IOT,Samsara,Senior AMS Field Enablement Activation Partner (Bilingual Spanish),Revenue Operations,Remote - US,nontech,senior,0,1,0,buzz,127294,https://www.samsara.com/company/careers/roles/8124366?gh_jid=8124366
2026-08-25,IOT,Samsara,"Senior Analyst, GTM Business Operations – Public Sector",Sales Business Operations,Remote - US,nontech,senior,0,1,0,buzz,115115,https://www.samsara.com/company/careers/roles/8115905?gh_jid=8115905
2026-08-25,IOT,Samsara,Senior+ Applied Scientist,Safety AI,Remote - US,other,senior,0,13,1,buzz|general_medium|model_infra,244585,https://www.samsara.com/company/careers/roles/8042166?gh_jid=8042166
2026-08-25,IOT,Samsara,Senior Business Technology Product Manager- Supply Chain Planning,Business Systems,Remote - US,product_eng,senior,0,20,1,application|buzz,164824,https://www.samsara.com/company/careers/roles/8017174?gh_jid=8017174
2026-08-25,IOT,Samsara,Senior Category Manager,Procurement,Remote - Seattle,other,senior,0,1,0,buzz,118852,https://www.samsara.com/company/careers/roles/8044056?gh_jid=8044056
2026-08-25,IOT,Samsara,Senior Communications Manager - Mexico,Communications,Remote - Mexico,nontech,senior,0,0,0,,1350000,https://www.samsara.com/company/careers/roles/8052363?gh_jid=8052363
2026-08-25,IOT,Samsara,Senior Data Engineer,Platform,Remote - Canada,product_eng,senior,0,6,1,buzz|general_medium|model_infra,147538,https://www.samsara.com/company/careers/roles/7997311?gh_jid=7997311
2026-08-25,IOT,Samsara,Senior Data Engineer,Platform,Remote - US,product_eng,senior,0,6,1,buzz|general_medium|model_infra,160298,https://www.samsara.com/company/careers/roles/7859702?gh_jid=7859702
2026-08-25,IOT,Samsara,Senior Data Engineer,Business Systems,Remote - US,product_eng,senior,0,10,1,application|buzz,148379,https://www.samsara.com/company/careers/roles/7964565?gh_jid=7964565
2026-08-25,IOT,Samsara,Senior Data Engineer,Business Systems,Remote - Canada,product_eng,senior,0,10,1,application|buzz,136500,https://www.samsara.com/company/careers/roles/8025794?gh_jid=8025794
2026-08-25,IOT,Samsara,Senior Data Engineer II,Business Systems,Remote - US,product_eng,senior,0,10,1,application|buzz,168935,https://www.samsara.com/company/careers/roles/8039914?gh_jid=8039914
2026-08-25,IOT,Samsara,"Senior Director, Finance Operations",Executive,Remote - US,nontech,director,0,1,0,buzz,213330,https://www.samsara.com/company/careers/roles/7836977?gh_jid=7836977
2026-08-25,IOT,Samsara,Senior Enablement Specialist,Revenue Operations,Remote - US,nontech,senior,0,4,1,buzz|model_infra,101286,https://www.samsara.com/company/careers/roles/8053884?gh_jid=8053884
2026-08-25,IOT,Samsara,Senior Executive Assistant - Customer Success & Services,Sales Exec Admin,Remote - SF Bay Area,demand_validated,senior,0,4,1,application|buzz,138366,https://www.samsara.com/company/careers/roles/8140386?gh_jid=8140386
2026-08-25,IOT,Samsara,Senior Legal Analyst & Litigation Project Manager,Legal,Remote - US,nontech,senior,0,0,0,,108810,https://www.samsara.com/company/careers/roles/8029100?gh_jid=8029100
2026-08-25,IOT,Samsara,"Senior Manager, Deal Desk - EMEA & Mexico",Deal Desk,London - UK2; Mexico,other,senior,0,0,0,,,https://www.samsara.com/company/careers/roles/7974115?gh_jid=7974115
2026-08-25,IOT,Samsara,"Senior Manager, Finance and Strategy - R&D",Finance and Strategy,Remote - SF Bay Area,nontech,senior,0,1,0,buzz,165360,https://www.samsara.com/company/careers/roles/7932125?gh_jid=7932125
2026-08-25,IOT,Samsara,"Senior Manager, Finance and Strategy - R&D",Finance and Strategy,Remote - Canada,nontech,senior,0,1,0,buzz,141075,https://www.samsara.com/company/careers/roles/8108844?gh_jid=8108844
2026-08-25,IOT,Samsara,"Senior Manager, Safety AI",Safety AI,Remote - US,other,senior,1,4,0,buzz|general_medium,232870,https://www.samsara.com/company/careers/roles/7731751?gh_jid=7731751
2026-08-25,IOT,Samsara,Senior Marketing Analytics Manager - BI & Data Architecture,Marketing Systems & Intelligence,Remote - Toronto,product_eng,senior,0,12,1,application|buzz,159412,https://www.samsara.com/company/careers/roles/8099653?gh_jid=8099653
2026-08-25,IOT,Samsara,Senior Marketing Analytics Manager - BI & Data Architecture,Marketing Systems & Intelligence,Remote - US,product_eng,senior,0,12,1,application|buzz,149500,https://www.samsara.com/company/careers/roles/7917475?gh_jid=7917475
2026-08-25,IOT,Samsara,Senior People Technology Analyst - Workday,People Experience,Remote - Austin,other,senior,0,0,0,,120721,https://www.samsara.com/company/careers/roles/8083539?gh_jid=8083539
2026-08-25,IOT,Samsara,Senior Performance Marketing Manager - Paid Social,Growth Marketing,Remote - Canada,nontech,senior,0,0,0,,136012,https://www.samsara.com/company/careers/roles/7992926?gh_jid=7992926
2026-08-25,IOT,Samsara,Senior Performance Marketing Manager - Paid Social,Growth Marketing,Remote - CA,nontech,senior,0,0,0,,155911,https://www.samsara.com/company/careers/roles/7941390?gh_jid=7941390
2026-08-25,IOT,Samsara,Senior Performance Marketing Manager - Paid Social,Growth Marketing,Remote - Mexico,nontech,senior,0,0,0,,,https://www.samsara.com/company/careers/roles/7992933?gh_jid=7992933
2026-08-25,IOT,Samsara,Senior Product Design Engineer (Mechanical),Hardware Engineering,Remote - Taiwan,product_eng,senior,0,0,0,,,https://www.samsara.com/company/careers/roles/7842530?gh_jid=7842530
2026-08-25,IOT,Samsara,Senior Product Manager,Telematics,London - UK2; Remote - UK,product_eng,senior,0,1,0,buzz,,https://www.samsara.com/company/careers/roles/8039663?gh_jid=8039663
2026-08-25,IOT,Samsara,Senior Product Manager,Telematics,Remote - US,product_eng,senior,0,1,0,buzz,155911,https://www.samsara.com/company/careers/roles/8035756?gh_jid=8035756
2026-08-25,IOT,Samsara,Senior Product Manager,Platform,Remote - US,product_eng,senior,0,0,0,,175051,https://www.samsara.com/company/careers/roles/8112836?gh_jid=8112836
2026-08-25,IOT,Samsara,Senior Product Manager,Telematics,Remote - Canada,product_eng,senior,0,1,0,buzz,138380,https://www.samsara.com/company/careers/roles/8039658?gh_jid=8039658
2026-08-25,IOT,Samsara,Senior Recruiting Manager,Recruiting,London - UK2,nontech,senior,0,0,0,,,https://www.samsara.com/company/careers/roles/8067829?gh_jid=8067829
2026-08-25,IOT,Samsara,Senior Sales Operations Analyst,Revenue Operations,Remote - US,nontech,senior,0,0,0,,99791,https://www.samsara.com/company/careers/roles/8103641?gh_jid=8103641
2026-08-25,IOT,Samsara,Senior Security Engineer,IT Security,Remote - UK,product_eng,senior,0,0,0,,,https://www.samsara.com/company/careers/roles/8038153?gh_jid=8038153
2026-08-25,IOT,Samsara,Senior Security Operations Engineer I,IT Security,Remote - Canada,product_eng,senior,0,0,0,,152100,https://www.samsara.com/company/careers/roles/8027084?gh_jid=8027084
2026-08-25,IOT,Samsara,Senior Security Operations Engineer I,IT Security,Remote - US,product_eng,senior,0,0,0,,181590,https://www.samsara.com/company/careers/roles/8021105?gh_jid=8021105
2026-08-25,IOT,Samsara,Senior Software Engineer,STCE & Maintenance,Remote - US,product_eng,senior,0,10,1,application|buzz|general_medium,207350,https://www.samsara.com/company/careers/roles/7266439?gh_jid=7266439
2026-08-25,IOT,Samsara,Senior Software Engineer,STCE & Maintenance,Remote - Canada,product_eng,senior,0,10,1,application|buzz|general_medium,163800,https://www.samsara.com/company/careers/roles/8130819?gh_jid=8130819
2026-08-25,IOT,Samsara,Senior Software Engineer- Agentic Platform & Integrations (Full Stack),Platform,Remote - Poland,product_eng,senior,0,10,1,application|buzz,,https://www.samsara.com/company/careers/roles/8052685?gh_jid=8052685
2026-08-25,IOT,Samsara,Senior Software Engineer - Connected Workflows,Platform,Remote - US,product_eng,senior,0,0,0,,153450,https://www.samsara.com/company/careers/roles/7847219?gh_jid=7847219
2026-08-25,IOT,Samsara,Senior Software Engineer - Data Platform,Platform,Remote - US,product_eng,senior,0,1,0,buzz,175450,https://www.samsara.com/company/careers/roles/7922530?gh_jid=7922530
2026-08-25,IOT,Samsara,Senior Software Engineer - Data Platform,Platform,Remote - Canada,product_eng,senior,0,1,0,buzz,144788,https://www.samsara.com/company/careers/roles/7992889?gh_jid=7992889
2026-08-25,IOT,Samsara,Senior Software Engineer II,Hardware Engineering,Remote - Canada,product_eng,senior,0,0,0,,155400,https://www.samsara.com/company/careers/roles/8129161?gh_jid=8129161
2026-08-25,IOT,Samsara,Senior Software Engineer II,Safety,Remote - US,product_eng,senior,0,10,1,application|buzz,207350,https://www.samsara.com/company/careers/roles/8063736?gh_jid=8063736
2026-08-25,IOT,Samsara,Senior Software Engineer II,Safety,Remote - Canada,product_eng,senior,0,10,1,application|buzz,163800,https://www.samsara.com/company/careers/roles/8083934?gh_jid=8083934
2026-08-25,IOT,Samsara,"Senior Software Engineer II, Developer Experience / Operational Excellence",Platform,Remote - UK,product_eng,senior,0,1,0,buzz,,https://www.samsara.com/company/careers/roles/7717540?gh_jid=7717540
2026-08-25,IOT,Samsara,"Senior Software Engineer II, DevEx, OPX",Platform,Remote - Canada; Remote - US,product_eng,senior,0,1,0,buzz,207350,https://www.samsara.com/company/careers/roles/8044126?gh_jid=8044126
2026-08-25,IOT,Samsara,Senior Software Engineer II - Web Experience,Platform,Remote - US,product_eng,senior,0,2,0,buzz,207350,https://www.samsara.com/company/careers/roles/8055217?gh_jid=8055217
2026-08-25,IOT,Samsara,Senior Software Engineer - Safety Detection Precision,Safety,London - UK2,product_eng,senior,0,1,0,buzz,,https://www.samsara.com/company/careers/roles/7966918?gh_jid=7966918
2026-08-25,IOT,Samsara,Senior Strategic Implementation Consultant,Customer Success,Remote - US,demand_validated,senior,0,0,0,,137540,https://www.samsara.com/company/careers/roles/8104151?gh_jid=8104151
2026-08-25,IOT,Samsara,Senior Training Specialist,Customer Success,Remote - US,other,senior,0,1,0,buzz,101286,https://www.samsara.com/company/careers/roles/7822470?gh_jid=7822470
2026-08-25,IOT,Samsara,Software Engineer II,Safety,Remote - US,product_eng,mid,0,8,1,application|buzz,152322,https://www.samsara.com/company/careers/roles/8036387?gh_jid=8036387
2026-08-25,IOT,Samsara,Software Engineer I (New Grad),CTO,London - UK2,product_eng,intern,0,1,0,buzz,,https://www.samsara.com/company/careers/roles/8097345?gh_jid=8097345
2026-08-25,IOT,Samsara,"Software Engineer I - New Grad, SF",CTO,San Francisco - SF9,product_eng,intern,0,1,0,buzz,148925,https://www.samsara.com/company/careers/roles/8097343?gh_jid=8097343
2026-08-25,IOT,Samsara,Software Engineering Internship - London,CTO,London - UK2,product_eng,intern,0,1,0,buzz,,https://www.samsara.com/company/careers/roles/8082093?gh_jid=8082093
2026-08-25,IOT,Samsara,Software Engineering Internship - San Francisco ,CTO,San Francisco - SF9,product_eng,intern,0,1,0,buzz,,https://www.samsara.com/company/careers/roles/8082091?gh_jid=8082091
2026-08-25,IOT,Samsara,Solutions Consultant (Engagement Services Manager),Customer Success,Remote - US,other,mid,0,0,0,,127414,https://www.samsara.com/company/careers/roles/8070084?gh_jid=8070084
2026-08-25,IOT,Samsara,Solutions Integration Engineer II,Customer Success,Remote - US,product_eng,mid,0,9,1,application,92690,https://www.samsara.com/company/careers/roles/8141615?gh_jid=8141615
2026-08-25,IOT,Samsara,Solutions Integration Engineer IV,Customer Success,Remote - US,product_eng,mid,0,7,1,application|buzz,133055,https://www.samsara.com/company/careers/roles/8094156?gh_jid=8094156
2026-08-25,IOT,Samsara,Specialist Sales Engineer,Sales Engineering,Remote - US,demand_validated,mid,0,0,0,,215525,https://www.samsara.com/company/careers/roles/8105738?gh_jid=8105738
2026-08-25,IOT,Samsara,Specialist Sales Engineer,Sales Engineering,Remote - NYC,demand_validated,mid,0,0,0,,215525,https://www.samsara.com/company/careers/roles/7341443?gh_jid=7341443
2026-08-25,IOT,Samsara,Specialist Seller - Connected Maintenance - Public Sector,Product Specialists,Remote - LA,other,mid,0,0,0,,425000,https://www.samsara.com/company/careers/roles/7961471?gh_jid=7961471
2026-08-25,IOT,Samsara,Specialist Seller - Connected Maintenance - Public Sector,Product Specialists,Remote - MA,other,mid,0,0,0,,425000,https://www.samsara.com/company/careers/roles/7961449?gh_jid=7961449
2026-08-25,IOT,Samsara,Specialist Seller - Connected Maintenance - Public Sector,Product Specialists,Remote - SF Bay Area,other,mid,0,0,0,,425000,https://www.samsara.com/company/careers/roles/7961464?gh_jid=7961464
2026-08-25,IOT,Samsara,Specialist Seller - Connected Maintenance - Public Sector,Product Specialists,Remote - NY,other,mid,0,0,0,,425000,https://www.samsara.com/company/careers/roles/7961186?gh_jid=7961186
2026-08-25,IOT,Samsara,Specialist Seller - Connected Maintenance - Public Sector,Product Specialists,"Atlanta, Georgia, United States",other,mid,0,0,0,,425000,https://www.samsara.com/company/careers/roles/7961458?gh_jid=7961458
2026-08-25,IOT,Samsara,Specialist Seller - Connected Maintenance - Public Sector,Product Specialists,Remote - TX,other,mid,0,0,0,,425000,https://www.samsara.com/company/careers/roles/7961459?gh_jid=7961459
2026-08-25,IOT,Samsara,Specialist Seller - Connected Maintenance - Public Sector,Product Specialists,Remote - Chicago,other,mid,0,0,0,,425000,https://www.samsara.com/company/careers/roles/7961462?gh_jid=7961462
2026-08-25,IOT,Samsara,Specialist Seller - Connected Maintenance - Public Sector,Product Specialists,Remote - US,other,mid,0,0,0,,425000,https://www.samsara.com/company/careers/roles/7922805?gh_jid=7922805
2026-08-25,IOT,Samsara,Specialist Seller - Enterprise,Product Specialists,Remote - US,other,mid,0,0,0,,425000,https://www.samsara.com/company/careers/roles/7292081?gh_jid=7292081
2026-08-25,IOT,Samsara,"Specialist Seller, Mid-Market",Product Specialists,Remote - US,other,mid,0,1,0,buzz,110500,https://www.samsara.com/company/careers/roles/8069598?gh_jid=8069598
2026-08-25,IOT,Samsara,"Specialist Seller, Mid-Market",Product Specialists,Remote - US,other,mid,0,1,0,buzz,110500,https://www.samsara.com/company/careers/roles/7409548?gh_jid=7409548
2026-08-25,IOT,Samsara,Sr. AI Engineer,Revenue Operations,Remote - CA,product_eng,senior,1,25,1,application|buzz|data_ml_ops,170665,https://www.samsara.com/company/careers/roles/8083352?gh_jid=8083352
2026-08-25,IOT,Samsara,Sr. AI Operations Manager - Product Marketing,Product Marketing,Remote - SF Bay Area,nontech,senior,1,2,0,buzz,159899,https://www.samsara.com/company/careers/roles/7864137?gh_jid=7864137
2026-08-25,IOT,Samsara,Sr. Business Operations Analyst - Post Sales ,Sales Business Operations,Remote - US,nontech,senior,0,0,0,,115115,https://www.samsara.com/company/careers/roles/8084045?gh_jid=8084045
2026-08-25,IOT,Samsara,"Sr. Director, Enablement - Shared Services",Revenue Operations,Remote - US,nontech,director,0,0,0,,182920,https://www.samsara.com/company/careers/roles/8041428?gh_jid=8041428
2026-08-25,IOT,Samsara,"Sr. Director, Field Activation",Revenue Operations,Remote - US,other,director,0,0,0,,182920,https://www.samsara.com/company/careers/roles/8041424?gh_jid=8041424
2026-08-25,IOT,Samsara,Sr. Knowledge Developer,Support,Remote - Mexico,product_eng,senior,0,1,0,buzz,,https://www.samsara.com/company/careers/roles/7951885?gh_jid=7951885
2026-08-25,IOT,Samsara,"Sr. Manager, Customer Success",Customer Success,Remote - US,demand_validated,senior,0,2,0,buzz,186150,https://www.samsara.com/company/careers/roles/8066951?gh_jid=8066951
2026-08-25,IOT,Samsara,"Sr. Manager, Customer Success",Customer Success,Remote - US,demand_validated,senior,0,2,0,buzz,186150,https://www.samsara.com/company/careers/roles/7589195?gh_jid=7589195
2026-08-25,IOT,Samsara,"Sr. Manager, Finance & Strategy - Marketing",Finance and Strategy,"San Francisco, CA, United States",nontech,senior,0,1,0,buzz,165360,https://www.samsara.com/company/careers/roles/8092918?gh_jid=8092918
2026-08-25,IOT,Samsara,"Sr. Manager, Global Supply",Supply Chain,Remote - US,other,senior,0,1,0,buzz,175110,https://www.samsara.com/company/careers/roles/8064980?gh_jid=8064980
2026-08-25,IOT,Samsara,"Sr. Manager, New Products Strategy",Sales Business Operations,Remote - US,other,senior,0,1,0,buzz,175500,https://www.samsara.com/company/careers/roles/8065687?gh_jid=8065687
2026-08-25,IOT,Samsara,Sr. Marketing Operations Manager - Global Lead Flow,Marketing Systems & Intelligence,Remote - US,nontech,senior,0,2,0,buzz,132308,https://www.samsara.com/company/careers/roles/8053373?gh_jid=8053373
2026-08-25,IOT,Samsara,"Sr. Product Manager, Driver Management",Safety,Remote - US,product_eng,senior,0,4,0,buzz|general_medium,155911,https://www.samsara.com/company/careers/roles/7786156?gh_jid=7786156
2026-08-25,IOT,Samsara,Sr. Security Engineer - Enterprise Security,IT Security,Remote - CA,product_eng,senior,0,1,0,buzz,181591,https://www.samsara.com/company/careers/roles/7752492?gh_jid=7752492
2026-08-25,IOT,Samsara,Sr. Security Engineer - Enterprise Security,IT Security,Remote - Vancouver,product_eng,senior,0,1,0,buzz,152100,https://www.samsara.com/company/careers/roles/7834975?gh_jid=7834975
2026-08-25,IOT,Samsara,"Sr. Software Engineer, Cloud Platform ",Platform,Remote - UK,product_eng,senior,0,0,0,,,https://www.samsara.com/company/careers/roles/8042387?gh_jid=8042387
2026-08-25,IOT,Samsara,"Sr. Software Engineer II, AI Platform",Revenue Operations,Remote - SF Bay Area,product_eng,senior,1,17,1,application|buzz|data_ml_ops,164450,https://www.samsara.com/company/careers/roles/8050373?gh_jid=8050373
2026-08-25,IOT,Samsara,Sr. Software Engineer II - IAM,Platform,Remote - SF Bay Area,product_eng,senior,0,0,0,,207350,https://www.samsara.com/company/careers/roles/7892022?gh_jid=7892022
2026-08-25,IOT,Samsara,Sr. Software Engineer II - IAM,Platform,Remote - Canada,product_eng,senior,0,0,0,,163800,https://www.samsara.com/company/careers/roles/7997916?gh_jid=7997916
2026-08-25,IOT,Samsara,"Sr. Support Product Manager, Tooling and Ops",Support,Remote - US,product_eng,senior,0,4,1,application|buzz,145015,https://www.samsara.com/company/careers/roles/7621277?gh_jid=7621277
2026-08-25,IOT,Samsara,"Sr. Support Product Manager, Tooling and Ops",Support,Remote - Toronto,product_eng,senior,0,4,1,application|buzz,140400,https://www.samsara.com/company/careers/roles/7583834?gh_jid=7583834
2026-08-25,IOT,Samsara,Staff Firmware Engineer,STCE & Maintenance,Remote - SF Bay Area,product_eng,staff_principal,0,1,0,buzz,226200,https://www.samsara.com/company/careers/roles/8074536?gh_jid=8074536
2026-08-25,IOT,Samsara,Staff Machine Learning Engineer - Edge AI,Safety AI,Remote - US,product_eng,staff_principal,1,11,1,buzz|data_ml_ops|general_medium|model_infra,248820,https://www.samsara.com/company/careers/roles/7266357?gh_jid=7266357
2026-08-25,IOT,Samsara,Staff Machine Learning Engineer - Edge AI,Safety AI,Remote - Canada,product_eng,staff_principal,1,11,1,buzz|data_ml_ops|general_medium|model_infra,202350,https://www.samsara.com/company/careers/roles/7431070?gh_jid=7431070
2026-08-25,IOT,Samsara,Staff Product Design Engineer,Hardware Engineering,San Francisco - SF9,product_eng,staff_principal,0,0,0,,247500,https://www.samsara.com/company/careers/roles/7525300?gh_jid=7525300
2026-08-25,IOT,Samsara,Staff Software Engineer,STCE & Maintenance,Remote - US,product_eng,staff_principal,0,10,1,application|buzz|general_medium,226200,https://www.samsara.com/company/careers/roles/8064742?gh_jid=8064742
2026-08-25,IOT,Samsara,Staff Software Engineer,STCE & Maintenance,Remote - US,product_eng,staff_principal,0,10,1,application|buzz|general_medium,226200,https://www.samsara.com/company/careers/roles/7588828?gh_jid=7588828
2026-08-25,IOT,Samsara,Staff Software Engineer,STCE & Maintenance,Remote - Canada,product_eng,staff_principal,0,10,1,application|buzz|general_medium,183825,https://www.samsara.com/company/careers/roles/8115078?gh_jid=8115078
2026-08-25,IOT,Samsara,Staff Software Engineer,STCE & Maintenance,Remote - Canada,product_eng,staff_principal,0,10,1,application|buzz|general_medium,183825,https://www.samsara.com/company/careers/roles/8115102?gh_jid=8115102
2026-08-25,IOT,Samsara,"Staff Software Engineer, DevEx",Platform,Remote - CA,product_eng,staff_principal,0,4,1,application|buzz,226200,https://www.samsara.com/company/careers/roles/7752678?gh_jid=7752678
2026-08-25,IOT,Samsara,"Staff Software Engineer, DevEx",Platform,Remote - Canada,product_eng,staff_principal,0,4,1,application|buzz,183825,https://www.samsara.com/company/careers/roles/8109358?gh_jid=8109358
2026-08-25,IOT,Samsara,Staff Software Engineer - Platform,Platform,Remote - SF Bay Area,product_eng,staff_principal,0,0,0,,226200,https://www.samsara.com/company/careers/roles/7266385?gh_jid=7266385
2026-08-25,IOT,Samsara,Staff Software Engineer - Platform and Infrastructure,Platform,Bengaluru - BLR1,product_eng,staff_principal,0,0,0,,,https://www.samsara.com/company/careers/roles/7266287?gh_jid=7266287
2026-08-25,IOT,Samsara,Strategic Customer Success Manager,Customer Success,Remote - US,demand_validated,mid,0,0,0,,140156,https://www.samsara.com/company/careers/roles/7398075?gh_jid=7398075
2026-08-25,IOT,Samsara,Strategic Customer Success Manager,Customer Success,Remote - Canada,demand_validated,mid,0,0,0,,138513,https://www.samsara.com/company/careers/roles/8010753?gh_jid=8010753
2026-08-25,IOT,Samsara,Strategic Implementation Consultant,Customer Success,Remote - US,demand_validated,mid,0,0,0,,126908,https://www.samsara.com/company/careers/roles/8039126?gh_jid=8039126
2026-08-25,IOT,Samsara,Strategic Implementation Consultant - German Fluency,Customer Success,Remote - UK,demand_validated,mid,0,1,0,buzz,,https://www.samsara.com/company/careers/roles/8074111?gh_jid=8074111
2026-08-25,IOT,Samsara,Strategic Implementation Consultant - Public Sector,Customer Success,Remote - US,demand_validated,mid,0,0,0,,126140,https://www.samsara.com/company/careers/roles/7950044?gh_jid=7950044
2026-08-25,IOT,Samsara,"Supervisor, Sales and Contract Administration",Revenue Operations,Remote - Mexico,nontech,mid,0,0,0,,,https://www.samsara.com/company/careers/roles/8079702?gh_jid=8079702
2026-08-25,IOT,Samsara,Tech Lead Applied Scientist,Safety AI,Remote - US,other,senior,0,8,1,buzz|general_medium|model_infra,278850,https://www.samsara.com/company/careers/roles/7266629?gh_jid=7266629
2026-08-25,IOT,Samsara,Technical Support Engineer,Support,Remote - Mexico,product_eng,mid,0,1,0,buzz,,https://www.samsara.com/company/careers/roles/8068215?gh_jid=8068215
2026-08-25,IOT,Samsara,Technical Support Engineer I - Mexico,Support,Remote - Mexico,product_eng,mid,0,1,0,buzz,,https://www.samsara.com/company/careers/roles/8112694?gh_jid=8112694
