date,ticker,company,title,department,location,role_bucket,seniority,ai_title,weighted_score,strong_hit,categories,salary_mid,url
2026-09-01,DDOG,Datadog,AI Research Engineer - Datadog AI Research (DAIR),Dev Eng,"Paris, France",research,mid,1,26,1,buzz|general_medium|model_infra,,https://careers.datadoghq.com/detail/7194969/?gh_jid=7194969
2026-09-01,DDOG,Datadog,AI Research Scientist - Datadog AI Research (DAIR),Dev Eng,"Paris, France",research,mid,1,24,1,application|buzz|general_medium|model_infra,,https://careers.datadoghq.com/detail/6652564/?gh_jid=6652564
2026-09-01,DDOG,Datadog,AI Research Scientist - Datadog AI Research (DAIR),Dev Eng,"New York, New York, USA; Pittsburgh, Pennsylvania, USA",research,mid,1,24,1,application|buzz|general_medium|model_infra,360000,https://careers.datadoghq.com/detail/6572669/?gh_jid=6572669
2026-09-01,DDOG,Datadog,"Area Vice President, Sales Engineering",Enterprise Sales Engineering,"Boston, Massachusetts, USA; Denver, Colorado, USA; New York, New York, USA; San Francisco, California, USA",demand_validated,exec,0,0,0,,277500,https://careers.datadoghq.com/detail/7762722/?gh_jid=7762722
2026-09-01,DDOG,Datadog,Commercial Account Executive,Commercial Sales,"Tokyo, Japan",demand_validated,mid,0,0,0,,,https://careers.datadoghq.com/detail/6009777/?gh_jid=6009777
2026-09-01,DDOG,Datadog,Commercial Account Executive,Commercial Sales,"Denver, Colorado, USA",demand_validated,mid,0,0,0,,67500,https://careers.datadoghq.com/detail/1694375/?gh_jid=1694375
2026-09-01,DDOG,Datadog,Commercial Account Executive,Commercial Sales,"Tokyo, Japan",demand_validated,mid,0,0,0,,,https://careers.datadoghq.com/detail/5798241/?gh_jid=5798241
2026-09-01,DDOG,Datadog,Commercial Account Executive,Commercial Sales,"Sydney, Australia",demand_validated,mid,0,0,0,,,https://careers.datadoghq.com/detail/7463765/?gh_jid=7463765
2026-09-01,DDOG,Datadog,Commercial Account Executive,Commercial Sales,"Seoul, South Korea",demand_validated,mid,0,0,0,,,https://careers.datadoghq.com/detail/6512586/?gh_jid=6512586
2026-09-01,DDOG,Datadog,Commercial Account Executive,Commercial Sales,"Seoul, South Korea",demand_validated,mid,0,0,0,,,https://careers.datadoghq.com/detail/6512326/?gh_jid=6512326
2026-09-01,DDOG,Datadog,Commercial Account Executive,Commercial Sales,"Bangalore, India",demand_validated,mid,0,0,0,,,https://careers.datadoghq.com/detail/6512321/?gh_jid=6512321
2026-09-01,DDOG,Datadog,Commercial Account Executive - Boston,Commercial Sales,"Boston, Massachusetts, USA",demand_validated,mid,0,0,0,,67500,https://careers.datadoghq.com/detail/1497543/?gh_jid=1497543
2026-09-01,DDOG,Datadog,Commercial Account Executive (Hong Kong Market),Commercial Sales,"Singapore, Singapore",demand_validated,mid,0,0,0,,,https://careers.datadoghq.com/detail/7919037/?gh_jid=7919037
2026-09-01,DDOG,Datadog,Commercial Account Executive (Indonesia Market),Commercial Sales,"Singapore, Singapore",demand_validated,mid,0,0,0,,,https://careers.datadoghq.com/detail/7463727/?gh_jid=7463727
2026-09-01,DDOG,Datadog,Commercial Account Executive - Israel,Commercial Sales,"Tel Aviv, Israel",demand_validated,mid,0,0,0,,,https://careers.datadoghq.com/detail/8025860/?gh_jid=8025860
2026-09-01,DDOG,Datadog,Commercial Account Executive - LATAM (Portuguese Speaking) - Denver,Commercial Sales,"Denver, Colorado, USA",demand_validated,mid,0,0,0,,67500,https://careers.datadoghq.com/detail/7858788/?gh_jid=7858788
2026-09-01,DDOG,Datadog,Commercial Account Executive - LATAM (Spanish Speaking) - Boston,Commercial Sales,"Boston, Massachusetts, USA",demand_validated,mid,0,0,0,,67500,https://careers.datadoghq.com/detail/7329207/?gh_jid=7329207
2026-09-01,DDOG,Datadog,Commercial Account Executive (Portugal),Commercial Sales,"Amsterdam, The Netherlands; Dublin, Ireland",demand_validated,mid,0,0,0,,,https://careers.datadoghq.com/detail/8078805/?gh_jid=8078805
2026-09-01,DDOG,Datadog,Commercial Account Executive (Saudi Arabia),Commercial Sales,"Riyadh, Saudi Arabia",demand_validated,mid,0,0,0,,,https://careers.datadoghq.com/detail/7576831/?gh_jid=7576831
2026-09-01,DDOG,Datadog,Commercial Account Executive UKI/Nordics,Commercial Sales,"Amsterdam, The Netherlands; Dublin, Ireland",demand_validated,mid,0,0,0,,,https://careers.datadoghq.com/detail/6427176/?gh_jid=6427176
2026-09-01,DDOG,Datadog,Commercial Customer Success Manager (DACH; German-Speaking),Commercial Customer Success,"Dublin, Ireland",demand_validated,mid,0,0,0,,,https://careers.datadoghq.com/detail/7180265/?gh_jid=7180265
2026-09-01,DDOG,Datadog,Commercial & Mid-Market Sales Engineer,Commercial & Mid-Market Sales Engineering,"Tokyo, Japan",demand_validated,mid,0,0,0,,,https://careers.datadoghq.com/detail/8138342/?gh_jid=8138342
2026-09-01,DDOG,Datadog,Commercial & Mid-Market Sales Engineer,Commercial & Mid-Market Sales Engineering,"Seoul, South Korea",demand_validated,mid,0,0,0,,,https://careers.datadoghq.com/detail/8131949/?gh_jid=8131949
2026-09-01,DDOG,Datadog,Commercial & Mid-Market Sales Engineer,Commercial & Mid-Market Sales Engineering,"Seoul, South Korea",demand_validated,mid,0,0,0,,,https://careers.datadoghq.com/detail/8130580/?gh_jid=8130580
2026-09-01,DDOG,Datadog,Commercial Sales Engineer 2 (AMER - West),Commercial & Mid-Market Sales Engineering,"Denver, Colorado, USA",demand_validated,mid,0,0,0,,107000,https://careers.datadoghq.com/detail/8053714/?gh_jid=8053714
2026-09-01,DDOG,Datadog,Commercial Sales Engineer 2 (Sao Paulo),Commercial & Mid-Market Sales Engineering,"Sao Paulo, Brazil",demand_validated,mid,0,0,0,,,https://careers.datadoghq.com/detail/8080601/?gh_jid=8080601
2026-09-01,DDOG,Datadog,Commercial Sales Engineer (AMER - West),Commercial & Mid-Market Sales Engineering,"Denver, Colorado, USA",demand_validated,mid,0,0,0,,93000,https://careers.datadoghq.com/detail/7683226/?gh_jid=7683226
2026-09-01,DDOG,Datadog,Commercial Sales Engineer - Amsterdam,Commercial & Mid-Market Sales Engineering,"Amsterdam, The Netherlands",demand_validated,mid,0,0,0,,,https://careers.datadoghq.com/detail/8074211/?gh_jid=8074211
2026-09-01,DDOG,Datadog,Commercial Sales Engineer - Boston,Commercial & Mid-Market Sales Engineering,"Boston, Massachusetts, USA",demand_validated,mid,0,0,0,,93000,https://careers.datadoghq.com/detail/7452669/?gh_jid=7452669
2026-09-01,DDOG,Datadog,Commercial Sales Engineer (French-speaking),Commercial & Mid-Market Sales Engineering,"Amsterdam, The Netherlands",demand_validated,mid,0,0,0,,,https://careers.datadoghq.com/detail/8164215/?gh_jid=8164215
2026-09-01,DDOG,Datadog,Commercial Sales Engineer (Spanish-Speaking),Commercial & Mid-Market Sales Engineering,"Amsterdam, The Netherlands; Dublin, Ireland",demand_validated,mid,0,0,0,,,https://careers.datadoghq.com/detail/8080628/?gh_jid=8080628
2026-09-01,DDOG,Datadog,Commercial Sales Engineer (Tel Aviv),Commercial & Mid-Market Sales Engineering,"Tel Aviv, Israel",demand_validated,mid,0,0,0,,,https://careers.datadoghq.com/detail/8092637/?gh_jid=8092637
2026-09-01,DDOG,Datadog,"Coordinator, Emerging Talent Recruiting",Technical Recruiting,"Paris, France",nontech,mid,0,0,0,,,https://careers.datadoghq.com/detail/8119837/?gh_jid=8119837
2026-09-01,DDOG,Datadog,Country Manager,Enterprise Sales,"Tokyo, Japan",other,mid,0,1,0,buzz,,https://careers.datadoghq.com/detail/7975747/?gh_jid=7975747
2026-09-01,DDOG,Datadog,Customer Marketing Manager,Corporate Marketing & Comms,"New York, New York, USA; San Francisco, California, USA",nontech,mid,0,0,0,,109500,https://careers.datadoghq.com/detail/7967202/?gh_jid=7967202
2026-09-01,DDOG,Datadog,Customer Success Associate,Commercial Customer Success,"Tokyo, Japan",demand_validated,mid,0,0,0,,,https://careers.datadoghq.com/detail/5486716/?gh_jid=5486716
2026-09-01,DDOG,Datadog,Customer Success Associate,Commercial Customer Success,"Tokyo, Japan",demand_validated,mid,0,0,0,,,https://careers.datadoghq.com/detail/6009779/?gh_jid=6009779
2026-09-01,DDOG,Datadog,Customer Success Associate - Boston,Commercial Customer Success,"Boston, Massachusetts, USA",demand_validated,mid,0,0,0,,63000,https://careers.datadoghq.com/detail/7172466/?gh_jid=7172466
2026-09-01,DDOG,Datadog,Customer Success Associate - Commercial Accounts,Commercial Customer Success,"Sydney, Australia",demand_validated,mid,0,0,0,,,https://careers.datadoghq.com/detail/7548129/?gh_jid=7548129
2026-09-01,DDOG,Datadog,Customer Success Associate - Denver,Commercial Customer Success,"Denver, Colorado, USA",demand_validated,mid,0,0,0,,63000,https://careers.datadoghq.com/detail/7228240/?gh_jid=7228240
2026-09-01,DDOG,Datadog,Customer Success Associate (France),Commercial Customer Success,"Dublin, Ireland",demand_validated,mid,0,0,0,,,https://careers.datadoghq.com/detail/8146998/?gh_jid=8146998
2026-09-01,DDOG,Datadog,Customer Success Associate - Tel Aviv,Commercial Customer Success,"Tel Aviv, Israel",demand_validated,mid,0,0,0,,,https://careers.datadoghq.com/detail/8146994/?gh_jid=8146994
2026-09-01,DDOG,Datadog,Customer Success Manager,Commercial Customer Success,"Seoul, South Korea",demand_validated,mid,0,0,0,,,https://careers.datadoghq.com/detail/7790098/?gh_jid=7790098
2026-09-01,DDOG,Datadog,Customer Success Manager,Commercial Customer Success,"Seoul, South Korea",demand_validated,mid,0,0,0,,,https://careers.datadoghq.com/detail/7790048/?gh_jid=7790048
2026-09-01,DDOG,Datadog,Customer Success Manager - Boston,Commercial Customer Success,"Boston, Massachusetts, USA",demand_validated,mid,0,0,0,,103500,https://careers.datadoghq.com/detail/7128703/?gh_jid=7128703
2026-09-01,DDOG,Datadog,Customer Success Manager - Denver,Commercial Customer Success,"Denver, Colorado, USA",demand_validated,mid,0,0,0,,103500,https://careers.datadoghq.com/detail/7232590/?gh_jid=7232590
2026-09-01,DDOG,Datadog,Datadog for Startups - Forward Deployed Engineering Lead,Corporate Development,"San Francisco, California, USA",demand_validated,senior,0,3,1,application,225000,https://careers.datadoghq.com/detail/8003181/?gh_jid=8003181
2026-09-01,DDOG,Datadog,Datadog for Startups Founding Engineering Lead,Corporate Development,"San Francisco, California, USA",product_eng,senior,0,3,1,application,225000,https://careers.datadoghq.com/detail/7536402/?gh_jid=7536402
2026-09-01,DDOG,Datadog,Deal Desk Analyst - Boston,Deal Desk,"Boston, Massachusetts, USA",other,mid,0,1,0,buzz,81500,https://careers.datadoghq.com/detail/8029969/?gh_jid=8029969
2026-09-01,DDOG,Datadog,Deal Desk Analyst - Dublin,Deal Desk,"Dublin, Ireland",other,mid,0,0,0,,,https://careers.datadoghq.com/detail/7982644/?gh_jid=7982644
2026-09-01,DDOG,Datadog,Deal Desk Analyst - NYC,Deal Desk,"New York, New York, USA",other,mid,0,0,0,,79500,https://careers.datadoghq.com/detail/7993638/?gh_jid=7993638
2026-09-01,DDOG,Datadog,Deal Desk Analyst - US West,Deal Desk,"Denver, Colorado, USA; San Francisco, California, USA",other,mid,0,0,0,,79500,https://careers.datadoghq.com/detail/8003080/?gh_jid=8003080
2026-09-01,DDOG,Datadog,Developer Advocate - Service Management,Community,"California, USA, Remote; New York, USA, Remote",product_eng,mid,0,0,0,,180000,https://careers.datadoghq.com/detail/8139662/?gh_jid=8139662
2026-09-01,DDOG,Datadog,"Director, Commercial Sales",Commercial Sales,"Tokyo, Japan",nontech,director,0,0,0,,,https://careers.datadoghq.com/detail/8059382/?gh_jid=8059382
2026-09-01,DDOG,Datadog,"Director, Engineering - Cloud Observability",Leadership,"Boston, Massachusetts, USA; New York, New York, USA",product_eng,director,0,2,0,general_medium,333000,https://careers.datadoghq.com/detail/8069508/?gh_jid=8069508
2026-09-01,DDOG,Datadog,"Director, Engineering - Digital Experience Monitoring",Dev Eng,"Paris, France",product_eng,director,0,0,0,,,https://careers.datadoghq.com/detail/8050591/?gh_jid=8050591
2026-09-01,DDOG,Datadog,"Director, Enterprise Sales",Enterprise Sales,"Texas, USA, Remote",nontech,director,0,0,0,,184000,https://careers.datadoghq.com/detail/7773320/?gh_jid=7773320
2026-09-01,DDOG,Datadog,"Director, Enterprise Sales Engineering - US Central",Enterprise Sales Engineering,"Illinois, USA, Remote; Michigan, USA, Remote; Texas, USA, Remote",demand_validated,director,0,3,1,application,210000,https://careers.datadoghq.com/detail/8136510/?gh_jid=8136510
2026-09-01,DDOG,Datadog,"Director, Enterprise Sales Engineering - US East",Enterprise Sales Engineering,"Boston, Massachusetts, USA; New York, New York, USA",demand_validated,director,0,3,1,application,210000,https://careers.datadoghq.com/detail/8136512/?gh_jid=8136512
2026-09-01,DDOG,Datadog,"Director, GTM Enablement Operations",GTM Enablement,"New York, New York, USA",nontech,director,0,6,1,application,231000,https://careers.datadoghq.com/detail/8137579/?gh_jid=8137579
2026-09-01,DDOG,Datadog,"Director, Product Management - AI Observability",Product Management,"New York, New York, USA",other,director,1,7,1,application|buzz|general_medium,315000,https://careers.datadoghq.com/detail/7798672/?gh_jid=7798672
2026-09-01,DDOG,Datadog,"Director, Product Management - Cloud Security and Shared Capabilities",Product Management,"Paris, France",other,director,0,0,0,,,https://careers.datadoghq.com/detail/8030324/?gh_jid=8030324
2026-09-01,DDOG,Datadog,"Director, Product Management - Platforms",Product Management,"New York, New York, USA",other,director,0,0,0,,315000,https://careers.datadoghq.com/detail/7583609/?gh_jid=7583609
2026-09-01,DDOG,Datadog,"Director, Security Channels (North America)",Channels & Alliances,"Colorado, USA, Remote; Illinois, USA, Remote; New York, New York, USA; New York, USA, Remote; San Francisco, California, USA; Texas, USA, Remote",other,director,0,0,0,,191000,https://careers.datadoghq.com/detail/7984985/?gh_jid=7984985
2026-09-01,DDOG,Datadog,"Director, Technical Account Management ",Technical Post Sales,"Dublin, Ireland; London, United Kingdom; Paris, France",other,director,0,0,0,,,https://careers.datadoghq.com/detail/7658810/?gh_jid=7658810
2026-09-01,DDOG,Datadog,"Director, Technical Program Management - Technical Solutions Operations",Technical Solutions Operations,"Boston, Massachusetts, USA; New York, New York, USA; San Francisco, California, USA",nontech,director,0,0,0,,252000,https://careers.datadoghq.com/detail/8010585/?gh_jid=8010585
2026-09-01,DDOG,Datadog,"Director, Technical Support Engineering",Support Engineering,"Mexico City, Mexico; Sao Paulo, Brazil",product_eng,director,0,0,0,,,https://careers.datadoghq.com/detail/7707345/?gh_jid=7707345
2026-09-01,DDOG,Datadog,"Distinguished Architect, AI",Product Solutions Architecture,"New York, New York, USA; San Francisco, California, USA",product_eng,staff_principal,1,3,1,application,385000,https://careers.datadoghq.com/detail/7966795/?gh_jid=7966795
2026-09-01,DDOG,Datadog,"Emerging Talent Recruiter, Engineering",Technical Recruiting,"Paris, France",product_eng,mid,0,0,0,,,https://careers.datadoghq.com/detail/8104969/?gh_jid=8104969
2026-09-01,DDOG,Datadog,Employment Counsel - AMER,Legal Operations,"New York, New York, USA",nontech,mid,0,0,0,,199500,https://careers.datadoghq.com/detail/8075664/?gh_jid=8075664
2026-09-01,DDOG,Datadog,"Enablement Operations Manager, Technical Solutions",GTM Enablement,"New York, New York, USA",nontech,mid,0,0,0,,121000,https://careers.datadoghq.com/detail/8134425/?gh_jid=8134425
2026-09-01,DDOG,Datadog,Engineering Compensation Partner,People,"Boston, Massachusetts, USA; New York, New York, USA",product_eng,mid,0,0,0,,166500,https://careers.datadoghq.com/detail/8051616/?gh_jid=8051616
2026-09-01,DDOG,Datadog,"Engineering Manager I, Commercial Audit",Security,"New York, New York, USA",product_eng,mid,0,0,0,,216000,https://careers.datadoghq.com/detail/8098939/?gh_jid=8098939
2026-09-01,DDOG,Datadog,"Engineering Manager I, Threat Detection",Security,"New York, New York, USA",product_eng,mid,0,3,1,application,216000,https://careers.datadoghq.com/detail/7958663/?gh_jid=7958663
2026-09-01,DDOG,Datadog,Enterprise Account Executive - Denmark,Enterprise Sales,"Copenhagen, Denmark",demand_validated,mid,0,0,0,,100000,https://careers.datadoghq.com/detail/6677658/?gh_jid=6677658
2026-09-01,DDOG,Datadog,Enterprise Account Executive - UKI,Enterprise Sales,"London, United Kingdom",demand_validated,mid,0,0,0,,100000,https://careers.datadoghq.com/detail/6836442/?gh_jid=6836442
2026-09-01,DDOG,Datadog,Enterprise Account Executive (UKI) - Public Sector,Enterprise Sales,"London, United Kingdom",demand_validated,mid,0,0,0,,100000,https://careers.datadoghq.com/detail/7599334/?gh_jid=7599334
2026-09-01,DDOG,Datadog,Enterprise Customer Success Manager,Enterprise Customer Success,"Tokyo, Japan",demand_validated,mid,0,0,0,,,https://careers.datadoghq.com/detail/7435209/?gh_jid=7435209
2026-09-01,DDOG,Datadog,Enterprise Customer Success Manager,Enterprise Customer Success,"Tokyo, Japan",demand_validated,mid,0,0,0,,,https://careers.datadoghq.com/detail/7436312/?gh_jid=7436312
2026-09-01,DDOG,Datadog,Enterprise Customer Success Manager,Enterprise Customer Success,"Jakarta, Indonesia",demand_validated,mid,0,0,0,,,https://careers.datadoghq.com/detail/7794297/?gh_jid=7794297
2026-09-01,DDOG,Datadog,Enterprise Customer Success Manager,Enterprise Customer Success,"Singapore, Singapore",demand_validated,mid,0,0,0,,,https://careers.datadoghq.com/detail/7794029/?gh_jid=7794029
2026-09-01,DDOG,Datadog,Enterprise Customer Success Manager - Chicago,Enterprise Customer Success,"Chicago, Illinois, USA",demand_validated,mid,0,0,0,,105000,https://careers.datadoghq.com/detail/8052114/?gh_jid=8052114
2026-09-01,DDOG,Datadog,Enterprise Customer Success Manager - Denver,Enterprise Customer Success,"Denver, Colorado, USA",demand_validated,mid,0,0,0,,106000,https://careers.datadoghq.com/detail/8147903/?gh_jid=8147903
2026-09-01,DDOG,Datadog,Enterprise Customer Success Manager - Dublin/Paris,Enterprise Customer Success,"Dublin, Ireland; Paris, France",demand_validated,mid,0,0,0,,,https://careers.datadoghq.com/detail/8147740/?gh_jid=8147740
2026-09-01,DDOG,Datadog,Enterprise Customer Success Manager - East,Enterprise Customer Success,"Boston, Massachusetts, USA; New York, New York, USA",demand_validated,mid,0,0,0,,106000,https://careers.datadoghq.com/detail/8077474/?gh_jid=8077474
2026-09-01,DDOG,Datadog,Enterprise Customer Success Manager (German Speaking),Enterprise Customer Success,"Dublin, Ireland",demand_validated,mid,0,0,0,,,https://careers.datadoghq.com/detail/8035351/?gh_jid=8035351
2026-09-01,DDOG,Datadog,Enterprise IT Support Technician I,Enterprise Technology,"Paris, France",nontech,mid,0,0,0,,,https://careers.datadoghq.com/detail/8035671/?gh_jid=8035671
2026-09-01,DDOG,Datadog,Enterprise Sales Engineer,Enterprise Sales Engineering,"Singapore, Singapore",demand_validated,mid,0,0,0,,,https://careers.datadoghq.com/detail/7868421/?gh_jid=7868421
2026-09-01,DDOG,Datadog,Enterprise Sales Engineer,Enterprise Sales Engineering,"Brisbane, Australia",demand_validated,mid,0,0,0,,,https://careers.datadoghq.com/detail/7721005/?gh_jid=7721005
2026-09-01,DDOG,Datadog,Enterprise Sales Engineer,Enterprise Sales Engineering,"Osaka, Japan",demand_validated,mid,0,0,0,,,https://careers.datadoghq.com/detail/6430289/?gh_jid=6430289
2026-09-01,DDOG,Datadog,Enterprise Sales Engineer,Enterprise Sales Engineering,"Osaka, Japan",demand_validated,mid,0,0,0,,,https://careers.datadoghq.com/detail/6703351/?gh_jid=6703351
2026-09-01,DDOG,Datadog,Enterprise Sales Engineer (Bahasa Indonesia Speaking),Enterprise Sales Engineering,"Jakarta, Indonesia",demand_validated,mid,0,0,0,,,https://careers.datadoghq.com/detail/6831903/?gh_jid=6831903
2026-09-01,DDOG,Datadog,Enterprise Sales Engineer (Bahasa Indonesia Speaking),Enterprise Sales Engineering,"Singapore, Singapore",demand_validated,mid,0,0,0,,,https://careers.datadoghq.com/detail/6832925/?gh_jid=6832925
2026-09-01,DDOG,Datadog,Enterprise Sales Engineer - Brazil,Enterprise Sales Engineering,"Sao Paulo, Brazil",demand_validated,mid,0,0,0,,,https://careers.datadoghq.com/detail/7255532/?gh_jid=7255532
2026-09-01,DDOG,Datadog,Enterprise Sales Engineer - FED,Enterprise Sales Engineering,"District of Columbia, USA, Remote; Maryland, USA, Remote; Virginia, USA, Remote",demand_validated,mid,0,0,0,,137500,https://careers.datadoghq.com/detail/8144607/?gh_jid=8144607
2026-09-01,DDOG,Datadog,Enterprise Sales Engineer - Nordics,Enterprise Sales Engineering,"Copenhagen, Denmark; Stockholm, Sweden",demand_validated,mid,0,0,0,,,https://careers.datadoghq.com/detail/7101976/?gh_jid=7101976
2026-09-01,DDOG,Datadog,Enterprise Sales Engineer - Rockies,Enterprise Sales Engineering,"Colorado, USA, Remote",demand_validated,mid,0,0,0,,137500,https://careers.datadoghq.com/detail/7857714/?gh_jid=7857714
2026-09-01,DDOG,Datadog,Enterprise Sales Engineer - UK,Enterprise Sales Engineering,"United Kingdom, Remote",demand_validated,mid,0,0,0,,,https://careers.datadoghq.com/detail/7487353/?gh_jid=7487353
2026-09-01,DDOG,Datadog,Enterprise Sales Executive,Enterprise Sales,"Georgia, USA, Remote",nontech,mid,0,0,0,,125000,https://careers.datadoghq.com/detail/7405822/?gh_jid=7405822
2026-09-01,DDOG,Datadog,Enterprise Sales Executive,Enterprise Sales,"New York, New York, USA",nontech,mid,0,0,0,,105000,https://careers.datadoghq.com/detail/7405831/?gh_jid=7405831
2026-09-01,DDOG,Datadog,Enterprise Sales Executive,Enterprise Sales,"Washington, District of Columbia, USA",nontech,mid,0,0,0,,110000,https://careers.datadoghq.com/detail/7426707/?gh_jid=7426707
2026-09-01,DDOG,Datadog,Enterprise Sales Executive,Enterprise Sales,"North Carolina, USA, Remote; Tennessee, USA, Remote",nontech,mid,0,0,0,,110000,https://careers.datadoghq.com/detail/7465857/?gh_jid=7465857
2026-09-01,DDOG,Datadog,Enterprise Sales Executive,Enterprise Sales,"Florida, USA, Remote",nontech,mid,0,0,0,,110000,https://careers.datadoghq.com/detail/7466155/?gh_jid=7466155
2026-09-01,DDOG,Datadog,Enterprise Sales Executive,Enterprise Sales,"Seoul, South Korea",nontech,mid,0,0,0,,100000,https://careers.datadoghq.com/detail/7703288/?gh_jid=7703288
2026-09-01,DDOG,Datadog,Enterprise Sales Executive,Enterprise Sales,"Jakarta, Indonesia",nontech,mid,0,0,0,,100000,https://careers.datadoghq.com/detail/8113520/?gh_jid=8113520
2026-09-01,DDOG,Datadog,Enterprise Sales Executive,Enterprise Sales,"Boston, Massachusetts, USA",nontech,mid,0,0,0,,110000,https://careers.datadoghq.com/detail/7410254/?gh_jid=7410254
2026-09-01,DDOG,Datadog,Enterprise Sales Executive,Enterprise Sales,"Montreal, Canada; Quebec City, Quebec, Canada",nontech,mid,0,0,0,,100000,https://careers.datadoghq.com/detail/4828332/?gh_jid=4828332
2026-09-01,DDOG,Datadog,Enterprise Sales Executive (Benelux),Enterprise Sales,"Amsterdam, The Netherlands",nontech,mid,0,0,0,,100000,https://careers.datadoghq.com/detail/6185452/?gh_jid=6185452
2026-09-01,DDOG,Datadog,Enterprise Sales Executive (FED),Enterprise Sales,"Washington, District of Columbia, USA",nontech,mid,0,0,0,,105000,https://careers.datadoghq.com/detail/7426680/?gh_jid=7426680
2026-09-01,DDOG,Datadog,Enterprise Sales Executive (FED),Enterprise Sales,"Maryland, USA, Remote; Virginia, USA, Remote",nontech,mid,0,0,0,,105000,https://careers.datadoghq.com/detail/7421284/?gh_jid=7421284
2026-09-01,DDOG,Datadog,Enterprise Sales Executive (SLED),Enterprise Sales,"Illinois, USA, Remote; Michigan, USA, Remote; Texas, USA, Remote",nontech,mid,0,0,0,,85000,https://careers.datadoghq.com/detail/7453039/?gh_jid=7453039
2026-09-01,DDOG,Datadog,Enterprise Sales Executive (SLED),Enterprise Sales,"San Francisco, California, USA",nontech,mid,0,0,0,,90000,https://careers.datadoghq.com/detail/7426752/?gh_jid=7426752
2026-09-01,DDOG,Datadog,Enterprise Sales Executive (Sweden) ,Enterprise Sales,"Stockholm, Sweden",nontech,mid,0,0,0,,100000,https://careers.datadoghq.com/detail/5925905/?gh_jid=5925905
2026-09-01,DDOG,Datadog,Enterprise Sales Executive (Vietnam Market),Enterprise Sales,"Singapore, Singapore",nontech,mid,0,0,0,,100000,https://careers.datadoghq.com/detail/7590670/?gh_jid=7590670
2026-09-01,DDOG,Datadog,Enterprise Security Sales Specialist,Enterprise Sales,"New York, New York, USA",nontech,mid,0,0,0,,144500,https://careers.datadoghq.com/detail/7129425/?gh_jid=7129425
2026-09-01,DDOG,Datadog,Enterprise Security Sales Specialist,Enterprise Sales,"District of Columbia, USA, Remote; North Carolina, USA, Remote",nontech,mid,0,0,0,,144500,https://careers.datadoghq.com/detail/7132132/?gh_jid=7132132
2026-09-01,DDOG,Datadog,Equity Administration Assistant Manager,Finance,"New York, New York, USA",other,mid,0,0,0,,142500,https://careers.datadoghq.com/detail/8140297/?gh_jid=8140297
2026-09-01,DDOG,Datadog,Federal Support Engineer 3,Support Engineering,"Denver, Colorado, USA",product_eng,mid,0,0,0,,107000,https://careers.datadoghq.com/detail/7997846/?gh_jid=7997846
2026-09-01,DDOG,Datadog,Field CTO (Japan),Product Solutions Architecture,"Tokyo, Japan",other,mid,0,0,0,,,https://careers.datadoghq.com/detail/7526356/?gh_jid=7526356
2026-09-01,DDOG,Datadog,Field CTO (Japan),Product Solutions Architecture,"Tokyo, Japan",other,mid,0,0,0,,,https://careers.datadoghq.com/detail/7703553/?gh_jid=7703553
2026-09-01,DDOG,Datadog,Field Marketing Manager,Field Marketing,"Bangalore, India",nontech,mid,0,0,0,,,https://careers.datadoghq.com/detail/8003073/?gh_jid=8003073
2026-09-01,DDOG,Datadog,Field Marketing Manager (APJ),Field Marketing,"Singapore, Singapore",nontech,mid,0,0,0,,,https://careers.datadoghq.com/detail/8081919/?gh_jid=8081919
2026-09-01,DDOG,Datadog,Field Marketing Manager (North Central),Field Marketing,"San Francisco, California, USA",nontech,mid,0,0,0,,114500,https://careers.datadoghq.com/detail/8122915/?gh_jid=8122915
2026-09-01,DDOG,Datadog,Field Marketing Manager (UKI),Field Marketing,"London, United Kingdom",nontech,mid,0,0,0,,,https://careers.datadoghq.com/detail/8114585/?gh_jid=8114585
2026-09-01,DDOG,Datadog,FP&A Analyst - Data Insights,Finance,"New York, New York, USA",other,mid,0,0,0,,115500,https://careers.datadoghq.com/detail/7964916/?gh_jid=7964916
2026-09-01,DDOG,Datadog,Group Product Manager - Bring Your Own Cloud,Product Management,"New York, New York, USA",product_eng,mid,0,6,1,application,274500,https://careers.datadoghq.com/detail/8024863/?gh_jid=8024863
2026-09-01,DDOG,Datadog,"Group Product Manager, Cloud Security",Product Management,"New York, New York, USA",product_eng,mid,0,0,0,,274500,https://careers.datadoghq.com/detail/8029539/?gh_jid=8029539
2026-09-01,DDOG,Datadog,Group Product Manager - Code Security,Product Management,"New York, New York, USA",product_eng,mid,0,0,0,,274500,https://careers.datadoghq.com/detail/8023763/?gh_jid=8023763
2026-09-01,DDOG,Datadog,GTM Operations Associate,Sales Strategy,"New York, New York, USA",nontech,mid,0,3,1,application,116500,https://careers.datadoghq.com/detail/8049521/?gh_jid=8049521
2026-09-01,DDOG,Datadog,GTM Strategy and Operations Associate,Sales Strategy,"New York, New York, USA",nontech,mid,0,1,0,buzz,116500,https://careers.datadoghq.com/detail/7843331/?gh_jid=7843331
2026-09-01,DDOG,Datadog,Head of Competitive Intelligence,Community,"New York, New York, USA; San Francisco, California, USA",other,exec,0,0,0,,245000,https://careers.datadoghq.com/detail/8054420/?gh_jid=8054420
2026-09-01,DDOG,Datadog,"Head of Enterprise Sales, Japan",Enterprise Sales,"Tokyo, Japan",nontech,exec,0,0,0,,,https://careers.datadoghq.com/detail/7729887/?gh_jid=7729887
2026-09-01,DDOG,Datadog,"Head of Enterprise Sales, Japan",Enterprise Sales,"Tokyo, Japan",nontech,exec,0,0,0,,,https://careers.datadoghq.com/detail/7730200/?gh_jid=7730200
2026-09-01,DDOG,Datadog,"Head of Executive Search, Business Recruiting",Business Recruiting,"Boston, Massachusetts, USA; Denver, Colorado, USA; New York, New York, USA; San Francisco, California, USA",nontech,exec,0,0,0,,201500,https://careers.datadoghq.com/detail/7961311/?gh_jid=7961311
2026-09-01,DDOG,Datadog,Head of Global Executive Support,People,"New York, New York, USA",nontech,exec,0,0,0,,220000,https://careers.datadoghq.com/detail/8137139/?gh_jid=8137139
2026-09-01,DDOG,Datadog,HRIS Manager,People,"New York, New York, USA",other,mid,0,0,0,,161000,https://careers.datadoghq.com/detail/8024708/?gh_jid=8024708
2026-09-01,DDOG,Datadog,Implementation Services Project Manager,Technical Post Sales,"Singapore, Singapore",demand_validated,mid,0,0,0,,,https://careers.datadoghq.com/detail/7809909/?gh_jid=7809909
2026-09-01,DDOG,Datadog,Indirect Tax Manager,Finance,"New York, New York, USA",other,mid,0,0,0,,140000,https://careers.datadoghq.com/detail/8091967/?gh_jid=8091967
2026-09-01,DDOG,Datadog,Key Accounts Executive,Enterprise Sales,"Atlanta, Georgia, USA; Boston, Massachusetts, USA; New York, New York, USA",other,mid,0,0,0,,125000,https://careers.datadoghq.com/detail/7409236/?gh_jid=7409236
2026-09-01,DDOG,Datadog,Key Accounts Executive - EMEA,Enterprise Sales,"Germany, Remote; London, United Kingdom",other,mid,0,0,0,,100000,https://careers.datadoghq.com/detail/6485604/?gh_jid=6485604
2026-09-01,DDOG,Datadog,Lead Designer,Creative Marketing,"New York, New York, USA",product_eng,senior,0,0,0,,139000,https://careers.datadoghq.com/detail/8083862/?gh_jid=8083862
2026-09-01,DDOG,Datadog,Major Account Manager,Enterprise Sales,"Boston, Massachusetts, USA; New York, New York, USA",other,mid,0,0,0,,172500,https://careers.datadoghq.com/detail/7409198/?gh_jid=7409198
2026-09-01,DDOG,Datadog,Major Account Manager (EMEA),Enterprise Sales,"Paris, France; Switzerland, Remote",other,mid,0,0,0,,,https://careers.datadoghq.com/detail/7409175/?gh_jid=7409175
2026-09-01,DDOG,Datadog,"Manager 1, Premier Support Engineering - Denver",Support Engineering,"Denver, Colorado, USA",product_eng,mid,0,0,0,,126000,https://careers.datadoghq.com/detail/8083563/?gh_jid=8083563
2026-09-01,DDOG,Datadog,"Manager 2, Premier Support Engineering",Support Engineering,"Tokyo, Japan",product_eng,mid,0,0,0,,,https://careers.datadoghq.com/detail/7894188/?gh_jid=7894188
2026-09-01,DDOG,Datadog,"Manager, Commercial Customer Success",Commercial Customer Success,"Sao Paulo, Brazil",demand_validated,mid,0,0,0,,,https://careers.datadoghq.com/detail/8041622/?gh_jid=8041622
2026-09-01,DDOG,Datadog,"Manager, Commercial Sales",Commercial Sales,"Tokyo, Japan",nontech,mid,0,0,0,,,https://careers.datadoghq.com/detail/7463989/?gh_jid=7463989
2026-09-01,DDOG,Datadog,"Manager, Commercial Sales",Commercial Sales,"Tokyo, Japan",nontech,mid,0,0,0,,,https://careers.datadoghq.com/detail/7463769/?gh_jid=7463769
2026-09-01,DDOG,Datadog,"Manager, Customer Success - Boston",Commercial Customer Success,"Boston, Massachusetts, USA",demand_validated,mid,0,0,0,,126000,https://careers.datadoghq.com/detail/8146986/?gh_jid=8146986
2026-09-01,DDOG,Datadog,"Manager I, Applied AI - Distilled Models",Leadership,"Paris, France",other,mid,1,21,1,application|buzz|general_medium,,https://careers.datadoghq.com/detail/8030598/?gh_jid=8030598
2026-09-01,DDOG,Datadog,"Manager I, Documentation",Community,"California, USA, Remote; Colorado, USA, Remote; Illinois, USA, Remote; New York, USA, Remote; Washington, USA, Remote",other,mid,0,0,0,,162000,https://careers.datadoghq.com/detail/7974666/?gh_jid=7974666
2026-09-01,DDOG,Datadog,"Manager I, Engineering - AI Developer Products",Leadership,"Paris, France",product_eng,mid,1,4,1,application|buzz,,https://careers.datadoghq.com/detail/8156460/?gh_jid=8156460
2026-09-01,DDOG,Datadog,"Manager I, Engineering - AI Platform - Evaluation & Annotation",Leadership,"Paris, France",product_eng,mid,1,4,0,data_ml_ops|general_medium,,https://careers.datadoghq.com/detail/7965428/?gh_jid=7965428
2026-09-01,DDOG,Datadog,"Manager I, Engineering - AI Platform - Training & Serving",Leadership,"Paris, France",product_eng,mid,1,5,1,general_medium|model_infra,,https://careers.datadoghq.com/detail/7529852/?gh_jid=7529852
2026-09-01,DDOG,Datadog,"Manager I, Engineering - APM Serverless",Leadership,"New York, New York, USA",product_eng,mid,0,0,0,,216000,https://careers.datadoghq.com/detail/8060821/?gh_jid=8060821
2026-09-01,DDOG,Datadog,"Manager I, Engineering - Applied AI/ML Product Analytics Suite",Leadership,"Paris, France",product_eng,mid,1,5,1,application|general_medium,,https://careers.datadoghq.com/detail/8127768/?gh_jid=8127768
2026-09-01,DDOG,Datadog,"Manager I, Engineering - Applied AI - Natural Language & Conversational Interfaces",Leadership,"New York, New York, USA",product_eng,mid,1,21,1,application|buzz|general_medium,216000,https://careers.datadoghq.com/detail/7560494/?gh_jid=7560494
2026-09-01,DDOG,Datadog,"Manager I, Engineering - Change Experience Platform",Leadership,"New York, New York, USA",product_eng,mid,0,0,0,,216000,https://careers.datadoghq.com/detail/8031007/?gh_jid=8031007
2026-09-01,DDOG,Datadog,"Manager I, Engineering - Code Coverage",Leadership,"Madrid, Spain",product_eng,mid,0,7,1,application|buzz,,https://careers.datadoghq.com/detail/8048588/?gh_jid=8048588
2026-09-01,DDOG,Datadog,"Manager I, Engineering - Code Security",Leadership,"Paris, France",product_eng,mid,0,6,1,application,,https://careers.datadoghq.com/detail/8108378/?gh_jid=8108378
2026-09-01,DDOG,Datadog,"Manager I, Engineering - Core Analytics",Leadership,"New York, New York, USA",product_eng,mid,0,6,1,application|model_infra,216000,https://careers.datadoghq.com/detail/7696093/?gh_jid=7696093
2026-09-01,DDOG,Datadog,"Manager I, Engineering - Data Visualization Explorations",Leadership,"New York, New York, USA",product_eng,mid,0,0,0,,216000,https://careers.datadoghq.com/detail/7947742/?gh_jid=7947742
2026-09-01,DDOG,Datadog,"Manager I, Engineering - Experiments",Leadership,"New York, New York, USA",product_eng,mid,0,0,0,,216000,https://careers.datadoghq.com/detail/8060788/?gh_jid=8060788
2026-09-01,DDOG,Datadog,"Manager I, Engineering - Husky",Leadership,"Paris, France",product_eng,mid,0,0,0,,,https://careers.datadoghq.com/detail/7959705/?gh_jid=7959705
2026-09-01,DDOG,Datadog,"Manager I, Engineering - Observability Pipelines (OP)",Dev Eng,"Paris, France",product_eng,mid,0,0,0,,,https://careers.datadoghq.com/detail/8074318/?gh_jid=8074318
2026-09-01,DDOG,Datadog,"Manager I, Engineering - Onboarding Growth",Leadership,"New York, New York, USA",product_eng,mid,0,0,0,,216000,https://careers.datadoghq.com/detail/8041594/?gh_jid=8041594
2026-09-01,DDOG,Datadog,"Manager I, Engineering - OrgStore Blueprint",Leadership,"Madrid, Spain",product_eng,mid,0,0,0,,,https://careers.datadoghq.com/detail/7586019/?gh_jid=7586019
2026-09-01,DDOG,Datadog,"Manager I, Engineering - Security Libraries",Dev Eng,"Paris, France",product_eng,mid,0,0,0,,,https://careers.datadoghq.com/detail/8094219/?gh_jid=8094219
2026-09-01,DDOG,Datadog,"Manager I, Engineering - Sensitive Data Scanner",Leadership,"Paris, France",product_eng,mid,0,0,0,,,https://careers.datadoghq.com/detail/8102794/?gh_jid=8102794
2026-09-01,DDOG,Datadog,"Manager I, Engineering - Source Code Integration",Leadership,"Paris, France",product_eng,mid,0,3,1,application,,https://careers.datadoghq.com/detail/8051068/?gh_jid=8051068
2026-09-01,DDOG,Datadog,"Manager II, Engineering - Observability Pipelines",Leadership,"New York, New York, USA",product_eng,mid,0,0,0,,283500,https://careers.datadoghq.com/detail/8103585/?gh_jid=8103585
2026-09-01,DDOG,Datadog,"Manager II, Premier Support Engineering - EMEA",Support Engineering,"Paris, France",product_eng,mid,0,0,0,,,https://careers.datadoghq.com/detail/7496237/?gh_jid=7496237
2026-09-01,DDOG,Datadog,"Manager II, Services Architect",Technical Post Sales,"Singapore, Singapore",product_eng,mid,0,0,0,,,https://careers.datadoghq.com/detail/7939294/?gh_jid=7939294
2026-09-01,DDOG,Datadog,"Manager, Internal Product Analytics",Product Management,"New York, New York, USA",other,intern,0,4,1,application|buzz,180000,https://careers.datadoghq.com/detail/8128810/?gh_jid=8128810
2026-09-01,DDOG,Datadog,"Manager I, Technical Account Management - Chicago/Denver",Technical Post Sales,"Chicago, Illinois, USA",other,mid,0,0,0,,179500,https://careers.datadoghq.com/detail/7787715/?gh_jid=7787715
2026-09-01,DDOG,Datadog,"Manager I, Technical Escalations Engineering - Paris",Support Engineering,"Paris, France",product_eng,mid,0,0,0,,,https://careers.datadoghq.com/detail/8013353/?gh_jid=8013353
2026-09-01,DDOG,Datadog,"Manager I, Technical Support Engineering",Support Engineering,"Tokyo, Japan",product_eng,mid,0,0,0,,,https://careers.datadoghq.com/detail/7343626/?gh_jid=7343626
2026-09-01,DDOG,Datadog,"Manager I, Technical Support Engineering",Support Engineering,"Seoul, South Korea",product_eng,mid,0,0,0,,,https://careers.datadoghq.com/detail/8014851/?gh_jid=8014851
2026-09-01,DDOG,Datadog,"Manager, Mid Market - Brazil",Mid-Market Sales,"Sao Paulo, Brazil",other,mid,0,0,0,,,https://careers.datadoghq.com/detail/7800409/?gh_jid=7800409
2026-09-01,DDOG,Datadog,"Manager, Networking",Enterprise Technology,"Boston, Massachusetts, USA; Denver, Colorado, USA; New York, New York, USA",other,mid,0,0,0,,166000,https://careers.datadoghq.com/detail/6632056/?gh_jid=6632056
2026-09-01,DDOG,Datadog,"Manager, Sales Field Enablement, APJ",GTM Enablement,"Singapore, Singapore",nontech,mid,0,0,0,,,https://careers.datadoghq.com/detail/8047666/?gh_jid=8047666
2026-09-01,DDOG,Datadog,"Manager, Strategic Sourcing, AI Infrastructure & Services",Finance,"New York, New York, USA",other,mid,1,4,0,general_medium,157500,https://careers.datadoghq.com/detail/8024670/?gh_jid=8024670
2026-09-01,DDOG,Datadog,Mid Market Account Executive,Mid-Market Sales,"Tokyo, Japan",demand_validated,mid,0,0,0,,,https://careers.datadoghq.com/detail/6523631/?gh_jid=6523631
2026-09-01,DDOG,Datadog,Mid Market Account Executive,Mid-Market Sales,"Bangalore, India",demand_validated,mid,0,0,0,,,https://careers.datadoghq.com/detail/7785319/?gh_jid=7785319
2026-09-01,DDOG,Datadog,Mid Market Account Executive,Mid-Market Sales,"New York, New York, USA",demand_validated,mid,0,0,0,,92500,https://careers.datadoghq.com/detail/6665385/?gh_jid=6665385
2026-09-01,DDOG,Datadog,Mid Market Account Executive,Mid-Market Sales,"Tokyo, Japan",demand_validated,mid,0,0,0,,,https://careers.datadoghq.com/detail/6522009/?gh_jid=6522009
2026-09-01,DDOG,Datadog,Mid Market Account Executive,Mid-Market Sales,"Denver, Colorado, USA",demand_validated,mid,0,0,0,,92500,https://careers.datadoghq.com/detail/6163246/?gh_jid=6163246
2026-09-01,DDOG,Datadog,Mid Market Account Executive - Benelux,Mid-Market Sales,"Amsterdam, The Netherlands",demand_validated,mid,0,0,0,,,https://careers.datadoghq.com/detail/8096105/?gh_jid=8096105
2026-09-01,DDOG,Datadog,Mid-Market Account Executive - Boston,Mid-Market Sales,"Boston, Massachusetts, USA",demand_validated,mid,0,0,0,,92500,https://careers.datadoghq.com/detail/6798820/?gh_jid=6798820
2026-09-01,DDOG,Datadog,Mid Market Account Executive (Brazil),Mid-Market Sales,"Sao Paulo, Brazil",demand_validated,mid,0,0,0,,,https://careers.datadoghq.com/detail/7773458/?gh_jid=7773458
2026-09-01,DDOG,Datadog,Mid-Market Account Executive (DACH),Mid-Market Sales,"Amsterdam, The Netherlands; Dublin, Ireland",demand_validated,mid,0,0,0,,,https://careers.datadoghq.com/detail/7476847/?gh_jid=7476847
2026-09-01,DDOG,Datadog,Mid-Market Account Executive - San Francisco,Mid-Market Sales,"San Francisco, California, USA",demand_validated,mid,0,0,0,,92500,https://careers.datadoghq.com/detail/7082012/?gh_jid=7082012
2026-09-01,DDOG,Datadog,Mid-Market Account Executive - (Turkey),Mid-Market Sales,"Amsterdam, The Netherlands",demand_validated,mid,0,0,0,,,https://careers.datadoghq.com/detail/8030635/?gh_jid=8030635
2026-09-01,DDOG,Datadog,Mid-Market Sales Engineer (Sao Paulo),Commercial & Mid-Market Sales Engineering,"Sao Paulo, Brazil",demand_validated,mid,0,0,0,,,https://careers.datadoghq.com/detail/8080606/?gh_jid=8080606
2026-09-01,DDOG,Datadog,Mid-Market Sales (Italy/Spain),Mid-Market Sales,"Amsterdam, The Netherlands",nontech,mid,0,0,0,,,https://careers.datadoghq.com/detail/7530418/?gh_jid=7530418
2026-09-01,DDOG,Datadog,Partner Manager - Channels,Channels & Alliances,"Illinois, USA, Remote; Michigan, USA, Remote; Minnesota, USA, Remote; Ohio, USA, Remote; Texas, USA, Remote",other,mid,0,0,0,,95500,https://careers.datadoghq.com/detail/7872382/?gh_jid=7872382
2026-09-01,DDOG,Datadog,Partner Manager - Channels ,Channels & Alliances,"Mexico City, Mexico",other,mid,0,0,0,,,https://careers.datadoghq.com/detail/7868711/?gh_jid=7868711
2026-09-01,DDOG,Datadog,Partner Marketing Manager,Partner Marketing,"Bangalore, India",nontech,mid,0,0,0,,,https://careers.datadoghq.com/detail/8139190/?gh_jid=8139190
2026-09-01,DDOG,Datadog,Partner Solutions Architect,Channels & Alliances,"Seoul, South Korea",demand_validated,mid,0,0,0,,,https://careers.datadoghq.com/detail/7926141/?gh_jid=7926141
2026-09-01,DDOG,Datadog,Partner Solutions Architect (ANZ),Channels & Alliances,"Sydney, Australia",demand_validated,mid,0,0,0,,,https://careers.datadoghq.com/detail/7922975/?gh_jid=7922975
2026-09-01,DDOG,Datadog,Partner Solutions Architect (Brazil),Channels & Alliances,"Sao Paulo, Brazil",demand_validated,mid,0,0,0,,,https://careers.datadoghq.com/detail/7967871/?gh_jid=7967871
2026-09-01,DDOG,Datadog,Partner Solutions Architect (Colombia),Channels & Alliances,"Colombia, Remote",demand_validated,mid,0,0,0,,,https://careers.datadoghq.com/detail/7977644/?gh_jid=7977644
2026-09-01,DDOG,Datadog,Partner Solutions Architect (EMEA),Channels & Alliances,"Amsterdam, The Netherlands; Germany, Remote",demand_validated,mid,0,0,0,,,https://careers.datadoghq.com/detail/8094179/?gh_jid=8094179
2026-09-01,DDOG,Datadog,Partner Solutions Architect (EMEA),Channels & Alliances,"Italy, Remote; Paris, France; Portugal, Remote; Spain, Remote",demand_validated,mid,0,0,0,,,https://careers.datadoghq.com/detail/7683726/?gh_jid=7683726
2026-09-01,DDOG,Datadog,Partner Solutions Architect (GSI) - AMER East,Channels & Alliances,"Boston, Massachusetts, USA; New York, New York, USA",demand_validated,mid,0,0,0,,174000,https://careers.datadoghq.com/detail/8003977/?gh_jid=8003977
2026-09-01,DDOG,Datadog,Partner Solutions Architect (GSI) - AMER West,Channels & Alliances,"Denver, Colorado, USA; San Francisco, California, USA",demand_validated,mid,0,0,0,,174000,https://careers.datadoghq.com/detail/8010455/?gh_jid=8010455
2026-09-01,DDOG,Datadog,Partner Solutions Architect (GSI) - AMER West,Channels & Alliances,"California, USA, Remote; Illinois, USA, Remote; Texas, USA, Remote; Washington, USA, Remote",demand_validated,mid,0,0,0,,174000,https://careers.datadoghq.com/detail/8015631/?gh_jid=8015631
2026-09-01,DDOG,Datadog,Partner Solutions Architect (India GSI),Channels & Alliances,"Bangalore, India",demand_validated,mid,0,0,0,,,https://careers.datadoghq.com/detail/7984988/?gh_jid=7984988
2026-09-01,DDOG,Datadog,Partner Solutions Architect (Pan-EMEA GSI),Channels & Alliances,"Amsterdam, The Netherlands; Germany, Remote; Italy, Remote; London, United Kingdom; Madrid, Spain; Stockholm, Sweden",demand_validated,mid,0,0,0,,,https://careers.datadoghq.com/detail/7997198/?gh_jid=7997198
2026-09-01,DDOG,Datadog,Partner Solutions Architect (Pan-EMEA GSI),Channels & Alliances,"Lisbon, Portugal",demand_validated,mid,0,0,0,,,https://careers.datadoghq.com/detail/8095963/?gh_jid=8095963
2026-09-01,DDOG,Datadog,Partner Technology Solutions Engineer,Product Management,"New York, New York, USA",demand_validated,mid,0,0,0,,175500,https://careers.datadoghq.com/detail/7961297/?gh_jid=7961297
2026-09-01,DDOG,Datadog,Payroll Specialist,People,"Boston, Massachusetts, USA; Denver, Colorado, USA; New York, New York, USA",nontech,mid,0,0,0,,93000,https://careers.datadoghq.com/detail/8028508/?gh_jid=8028508
2026-09-01,DDOG,Datadog,"People Strategy, Engineering",People,"New York, New York, USA",product_eng,mid,0,1,0,buzz,189000,https://careers.datadoghq.com/detail/8098833/?gh_jid=8098833
2026-09-01,DDOG,Datadog,People Systems Developer,People,"Boston, Massachusetts, USA; Denver, Colorado, USA; New York, New York, USA",product_eng,mid,0,3,1,application,175500,https://careers.datadoghq.com/detail/7874990/?gh_jid=7874990
2026-09-01,DDOG,Datadog,Principal CRO and Web Analyst,Creative Marketing,"New York, New York, USA",other,staff_principal,0,0,0,,178500,https://careers.datadoghq.com/detail/8139161/?gh_jid=8139161
2026-09-01,DDOG,Datadog,Principal Partner Manager - Channels (GSI),Channels & Alliances,"Florida, USA, Remote; Illinois, USA, Remote; New Jersey, USA, Remote; Texas, USA, Remote; Washington, USA, Remote",other,staff_principal,0,0,0,,161000,https://careers.datadoghq.com/detail/7584250/?gh_jid=7584250
2026-09-01,DDOG,Datadog,Principal Partner Manager - Channels (GSI),Channels & Alliances,"Boston, Massachusetts, USA; Denver, Colorado, USA; New York, New York, USA; San Francisco, California, USA",other,staff_principal,0,0,0,,161000,https://careers.datadoghq.com/detail/7582679/?gh_jid=7582679
2026-09-01,DDOG,Datadog,Principal Partner Manager - Channels (UKI Security),Channels & Alliances,"London, United Kingdom",other,staff_principal,0,0,0,,,https://careers.datadoghq.com/detail/7747740/?gh_jid=7747740
2026-09-01,DDOG,Datadog,Principal Partner Manager - Channels (UKI Security),Channels & Alliances,"United Kingdom, Remote",other,staff_principal,0,0,0,,,https://careers.datadoghq.com/detail/8146927/?gh_jid=8146927
2026-09-01,DDOG,Datadog,Principal Partner Manager - Technology Alliances,Channels & Alliances,"California, USA, Remote; Massachusetts, USA, Remote; New York, New York, USA; New York, USA, Remote; Texas, USA, Remote; Washington, USA, Remote",other,staff_principal,0,0,0,,227500,https://careers.datadoghq.com/detail/7976823/?gh_jid=7976823
2026-09-01,DDOG,Datadog,Principal Partner Solutions Architect (Public Sector - Fed),Channels & Alliances,"District of Columbia, USA, Remote; Maryland, USA, Remote; Virginia, USA, Remote",demand_validated,staff_principal,0,0,0,,227500,https://careers.datadoghq.com/detail/7943824/?gh_jid=7943824
2026-09-01,DDOG,Datadog,Product Management Intern,Engineering Interns,"New York, New York, USA",other,intern,0,1,0,buzz,105000,https://careers.datadoghq.com/detail/8108241/?gh_jid=8108241
2026-09-01,DDOG,Datadog,"Product Manager II, AI & Data Security",Product Management,"Paris, France",product_eng,mid,1,8,1,application|buzz|model_infra,,https://careers.datadoghq.com/detail/8012549/?gh_jid=8012549
2026-09-01,DDOG,Datadog,"Product Manager II, AI & Data Security",Product Management,"Boston, Massachusetts, USA; New York, New York, USA",product_eng,mid,1,8,1,application|buzz|model_infra,175500,https://careers.datadoghq.com/detail/7982288/?gh_jid=7982288
2026-09-01,DDOG,Datadog,Product Manager II - Alerting,Product Management,"New York, New York, USA",product_eng,mid,0,1,0,buzz,175000,https://careers.datadoghq.com/detail/8076871/?gh_jid=8076871
2026-09-01,DDOG,Datadog,Product Manager II - Application Performance Monitoring,Product Management,"New York, New York, USA",product_eng,mid,0,3,1,application,175500,https://careers.datadoghq.com/detail/8021327/?gh_jid=8021327
2026-09-01,DDOG,Datadog,Product Manager II - Developer Engagement,Product Management,"New York, New York, USA",product_eng,mid,0,1,0,buzz,175500,https://careers.datadoghq.com/detail/8064898/?gh_jid=8064898
2026-09-01,DDOG,Datadog,Product Manager II - SQL & Sheets Growth,Product Management,"New York, New York, USA",product_eng,mid,0,0,0,,175500,https://careers.datadoghq.com/detail/8119973/?gh_jid=8119973
2026-09-01,DDOG,Datadog,Product Operations Manager,Product Management,"New York, New York, USA",nontech,mid,0,7,1,application|buzz,147500,https://careers.datadoghq.com/detail/7991343/?gh_jid=7991343
2026-09-01,DDOG,Datadog,"Product Strategy and Corporate Development Lead, AI",Corporate Development,"New York, New York, USA",other,senior,1,0,0,,198500,https://careers.datadoghq.com/detail/8011158/?gh_jid=8011158
2026-09-01,DDOG,Datadog,Product Strategy and Corporate Development Lead (EMEA),Corporate Development,"Paris, France",other,senior,0,5,1,application|data_ml_ops,,https://careers.datadoghq.com/detail/7413847/?gh_jid=7413847
2026-09-01,DDOG,Datadog,"Program Manager, AI and Developer Community Content and Events",Community,"San Francisco, California, USA",product_eng,mid,1,0,0,,163500,https://careers.datadoghq.com/detail/8094924/?gh_jid=8094924
2026-09-01,DDOG,Datadog,Program Manager - Community Content and Events (EMEA),Community,"Paris, France",other,mid,0,0,0,,,https://careers.datadoghq.com/detail/8091868/?gh_jid=8091868
2026-09-01,DDOG,Datadog,"Recruiter, Enterprise Sales",Business Recruiting,"Dublin, Ireland; London, United Kingdom",nontech,mid,0,0,0,,,https://careers.datadoghq.com/detail/8096400/?gh_jid=8096400
2026-09-01,DDOG,Datadog,"Recruiter, GTM",Business Recruiting,"Boston, Massachusetts, USA; New York, New York, USA",nontech,mid,0,0,0,,114000,https://careers.datadoghq.com/detail/7927485/?gh_jid=7927485
2026-09-01,DDOG,Datadog,"Recruiter II, Business Recruiting",Business Recruiting,"Singapore, Singapore",nontech,mid,0,0,0,,,https://careers.datadoghq.com/detail/8041182/?gh_jid=8041182
2026-09-01,DDOG,Datadog,"Recruiter II, Business Recruiting",Business Recruiting,"Tokyo, Japan",nontech,mid,0,0,0,,,https://careers.datadoghq.com/detail/7650367/?gh_jid=7650367
2026-09-01,DDOG,Datadog,Regional Director - Enterprise Sales (Saudi Arabia) ,Enterprise Sales,"Riyadh, Saudi Arabia",nontech,director,0,0,0,,,https://careers.datadoghq.com/detail/7338847/?gh_jid=7338847
2026-09-01,DDOG,Datadog,"Regional Manager, Sales Engineering - Public Sector",Enterprise Sales Engineering,"Tokyo, Japan",demand_validated,mid,0,0,0,,,https://careers.datadoghq.com/detail/8113562/?gh_jid=8113562
2026-09-01,DDOG,Datadog,"Regional Manager, Sales Engineering - Public Sector",Enterprise Sales Engineering,"Tokyo, Japan",demand_validated,mid,0,0,0,,,https://careers.datadoghq.com/detail/8003531/?gh_jid=8003531
2026-09-01,DDOG,Datadog,"Regional Manager, Sales Engineering - Security (NORAM)",Enterprise Sales Engineering,"Maryland, USA, Remote; Massachusetts, USA, Remote; New Jersey, USA, Remote; New York, New York, USA; Virginia, USA, Remote",demand_validated,mid,0,0,0,,175000,https://careers.datadoghq.com/detail/8016279/?gh_jid=8016279
2026-09-01,DDOG,Datadog,"Regional Manager, Sales Engineering - UK",Enterprise Sales Engineering,"London, United Kingdom",demand_validated,mid,0,0,0,,,https://careers.datadoghq.com/detail/8048106/?gh_jid=8048106
2026-09-01,DDOG,Datadog,Regional Marketing Content Manager - LATAM,Field Marketing,"Sao Paulo, Brazil",nontech,mid,0,2,0,buzz,,https://careers.datadoghq.com/detail/8141790/?gh_jid=8141790
2026-09-01,DDOG,Datadog,Sales Development Representative,Sales Development,"Tokyo, Japan",nontech,mid,0,0,0,,,https://careers.datadoghq.com/detail/7806117/?gh_jid=7806117
2026-09-01,DDOG,Datadog,Sales Development Representative,Sales Development,"Sydney, Australia",nontech,mid,0,0,0,,,https://careers.datadoghq.com/detail/8042600/?gh_jid=8042600
2026-09-01,DDOG,Datadog,Sales Development Representative,Sales Development,"Tokyo, Japan",nontech,mid,0,0,0,,,https://careers.datadoghq.com/detail/7806043/?gh_jid=7806043
2026-09-01,DDOG,Datadog,Sales Development Representative (Africa),Sales Development,"Dublin, Ireland",nontech,mid,0,0,0,,,https://careers.datadoghq.com/detail/8152975/?gh_jid=8152975
2026-09-01,DDOG,Datadog,Sales Development Representative (Benelux),Sales Development,"Dublin, Ireland",nontech,mid,0,0,0,,,https://careers.datadoghq.com/detail/7180254/?gh_jid=7180254
2026-09-01,DDOG,Datadog,Sales Development Representative - Boston,Sales Development,"Boston, Massachusetts, USA",nontech,mid,0,0,0,,50000,https://careers.datadoghq.com/detail/6741571/?gh_jid=6741571
2026-09-01,DDOG,Datadog,Sales Development Representative (DACH) ,Sales Development,"Amsterdam, The Netherlands",nontech,mid,0,0,0,,,https://careers.datadoghq.com/detail/6307160/?gh_jid=6307160
2026-09-01,DDOG,Datadog,Sales Development Representative - Denver,Sales Development,"Denver, Colorado, USA",nontech,mid,0,0,0,,50000,https://careers.datadoghq.com/detail/7137624/?gh_jid=7137624
2026-09-01,DDOG,Datadog,Sales Development Representative (Indonesia Market),Sales Development,"Singapore, Singapore",nontech,mid,0,0,0,,,https://careers.datadoghq.com/detail/8042602/?gh_jid=8042602
2026-09-01,DDOG,Datadog,Sales Development Representative (Israel),Sales Development,"Amsterdam, The Netherlands",nontech,mid,0,0,0,,,https://careers.datadoghq.com/detail/8141489/?gh_jid=8141489
2026-09-01,DDOG,Datadog,Sales Development Representative (LATAM - Portuguese Speaking),Sales Development,"Boston, Massachusetts, USA",nontech,mid,0,0,0,,50000,https://careers.datadoghq.com/detail/8139396/?gh_jid=8139396
2026-09-01,DDOG,Datadog,Sales Development Representative (LATAM - Portuguese Speaking),Sales Development,"Denver, Colorado, USA",nontech,mid,0,0,0,,50000,https://careers.datadoghq.com/detail/6685931/?gh_jid=6685931
2026-09-01,DDOG,Datadog,Sales Development Representative (LATAM - Spanish Speaking),Sales Development,"Boston, Massachusetts, USA",nontech,mid,0,0,0,,50000,https://careers.datadoghq.com/detail/7003239/?gh_jid=7003239
2026-09-01,DDOG,Datadog,Sales Development Representative (Nordics) - Dublin,Sales Development,"Dublin, Ireland",nontech,mid,0,0,0,,,https://careers.datadoghq.com/detail/6857395/?gh_jid=6857395
2026-09-01,DDOG,Datadog,Sales Development Representative (UKI),Sales Development,"Dublin, Ireland",nontech,mid,0,0,0,,,https://careers.datadoghq.com/detail/7016097/?gh_jid=7016097
2026-09-01,DDOG,Datadog,Sales Engineer (Customer Success),Commercial & Mid-Market Sales Engineering,"Boston, Massachusetts, USA",demand_validated,mid,0,0,0,,93000,https://careers.datadoghq.com/detail/8045678/?gh_jid=8045678
2026-09-01,DDOG,Datadog,Sales Engineer - Enterprise,Enterprise Sales Engineering,"Tokyo, Japan",demand_validated,mid,0,0,0,,,https://careers.datadoghq.com/detail/8088095/?gh_jid=8088095
2026-09-01,DDOG,Datadog,Sales Engineer - Enterprise,Enterprise Sales Engineering,"Tokyo, Japan",demand_validated,mid,0,0,0,,,https://careers.datadoghq.com/detail/8090275/?gh_jid=8090275
2026-09-01,DDOG,Datadog,Sales Revenue Analyst - Boston,Sales Operations,"Boston, Massachusetts, USA",nontech,mid,0,0,0,,92000,https://careers.datadoghq.com/detail/7587086/?gh_jid=7587086
2026-09-01,DDOG,Datadog,Security Sales Engineer,Enterprise Sales Engineering,"Florida, USA, Remote; Georgia, USA, Remote; Massachusetts, USA, Remote; New York, USA, Remote",demand_validated,mid,0,0,0,,137500,https://careers.datadoghq.com/detail/8141240/?gh_jid=8141240
2026-09-01,DDOG,Datadog,Security Sales Engineer,Enterprise Sales Engineering,"Illinois, USA, Remote; Texas, USA, Remote",demand_validated,mid,0,0,0,,137500,https://careers.datadoghq.com/detail/7554877/?gh_jid=7554877
2026-09-01,DDOG,Datadog,Security Sales Engineer,Enterprise Sales Engineering,"California, USA, Remote; Colorado, USA, Remote; Washington, USA, Remote",demand_validated,mid,0,0,0,,137500,https://careers.datadoghq.com/detail/8141243/?gh_jid=8141243
2026-09-01,DDOG,Datadog,Senior ABM Marketing Manager,Demand Generation,"Boston, Massachusetts, USA",nontech,senior,0,0,0,,146000,https://careers.datadoghq.com/detail/8130003/?gh_jid=8130003
2026-09-01,DDOG,Datadog,Senior Accountant,Finance,"New York, New York, USA",other,senior,0,0,0,,99000,https://careers.datadoghq.com/detail/7921854/?gh_jid=7921854
2026-09-01,DDOG,Datadog,Senior Accounts Receivable Analyst,Finance,"New York, New York, USA",other,senior,0,0,0,,95000,https://careers.datadoghq.com/detail/8143849/?gh_jid=8143849
2026-09-01,DDOG,Datadog,Senior AI Engineer – Notebooks,Dev Eng,"Bordeaux, France; Dublin, Ireland; France, Remote; Germany, Remote; Lyon, France; Madrid, Spain; Montpellier, France; Nantes, France; Paris, France; Portugal, Remote; Sophia Antipolis, France; Spain, Remote",product_eng,senior,1,7,1,application|buzz,,https://careers.datadoghq.com/detail/8112183/?gh_jid=8112183
2026-09-01,DDOG,Datadog,Senior Applied Scientist,Dev Eng,"Paris, France",other,senior,0,1,0,buzz,,https://careers.datadoghq.com/detail/6781197/?gh_jid=6781197
2026-09-01,DDOG,Datadog,Senior Applied Scientist,Dev Eng,"New York, New York, USA",other,senior,0,1,0,buzz,247500,https://careers.datadoghq.com/detail/8164181/?gh_jid=8164181
2026-09-01,DDOG,Datadog,Senior Applied Scientist - Behavior AI,Dev Eng,"Paris, France",other,senior,1,9,1,application|buzz|general_medium|model_infra,,https://careers.datadoghq.com/detail/8045964/?gh_jid=8045964
2026-09-01,DDOG,Datadog,Senior Capture Manager,Channels & Alliances,"District of Columbia, USA, Remote; Maryland, USA, Remote; New York, New York, USA; New York, USA, Remote; Virginia, USA, Remote",other,senior,0,0,0,,183500,https://careers.datadoghq.com/detail/8113116/?gh_jid=8113116
2026-09-01,DDOG,Datadog,Senior Cloud Security Engineer - K8s,Security,"New York, New York, USA",product_eng,senior,0,0,0,,213500,https://careers.datadoghq.com/detail/7815616/?gh_jid=7815616
2026-09-01,DDOG,Datadog,Senior Commercial Counsel,Legal Operations,"Singapore, Singapore",nontech,senior,0,3,1,application,,https://careers.datadoghq.com/detail/7905276/?gh_jid=7905276
2026-09-01,DDOG,Datadog,"Senior Corporate Development Lead, AI",Corporate Development,"San Francisco, California, USA",other,senior,1,0,0,,248500,https://careers.datadoghq.com/detail/7555575/?gh_jid=7555575
2026-09-01,DDOG,Datadog,Senior Creative Operations & Production Manager,Creative Marketing,"New York, New York, USA",nontech,senior,0,0,0,,109500,https://careers.datadoghq.com/detail/8139132/?gh_jid=8139132
2026-09-01,DDOG,Datadog,Senior Data Engineer - Revenue Data Platform,Dev Eng,"Boston, Massachusetts, USA; New York, New York, USA",product_eng,senior,0,0,0,,216000,https://careers.datadoghq.com/detail/8141967/?gh_jid=8141967
2026-09-01,DDOG,Datadog,Senior Developer Advocate - Modern App Development,Community,"California, USA, Remote; Nevada, USA, Remote; Texas, USA, Remote; Washington, USA, Remote",product_eng,senior,0,0,0,,193500,https://careers.datadoghq.com/detail/7985840/?gh_jid=7985840
2026-09-01,DDOG,Datadog,"Senior Director, Growth Marketing - Organic Growth (SEO/GEO/PLG)",Demand Generation,"San Francisco, California, USA",nontech,director,0,3,1,application,249500,https://careers.datadoghq.com/detail/8036385/?gh_jid=8036385
2026-09-01,DDOG,Datadog,"Senior Enablement Program Manager, Technical Solutions",GTM Enablement,"New York, New York, USA",nontech,senior,0,4,1,application|buzz,135500,https://careers.datadoghq.com/detail/8148092/?gh_jid=8148092
2026-09-01,DDOG,Datadog,"Senior Enablement Program Manager, Technical Solutions",GTM Enablement,"New York, New York, USA",nontech,senior,0,4,1,application|buzz,135500,https://careers.datadoghq.com/detail/8128764/?gh_jid=8128764
2026-09-01,DDOG,Datadog,Senior Enterprise Customer Success Manager,Enterprise Customer Success,"Tokyo, Japan",demand_validated,senior,0,0,0,,,https://careers.datadoghq.com/detail/8054902/?gh_jid=8054902
2026-09-01,DDOG,Datadog,Senior Enterprise Customer Success Manager,Enterprise Customer Success,"Tokyo, Japan",demand_validated,senior,0,0,0,,,https://careers.datadoghq.com/detail/8054774/?gh_jid=8054774
2026-09-01,DDOG,Datadog,Senior Financial Systems Analyst,Finance,"New York, New York, USA",other,senior,0,0,0,,93500,https://careers.datadoghq.com/detail/8002771/?gh_jid=8002771
2026-09-01,DDOG,Datadog,"Senior Forward Deployed Engineer, Feature Flags",Product Management,"New York, New York, USA",demand_validated,senior,0,0,0,,216000,https://careers.datadoghq.com/detail/8144946/?gh_jid=8144946
2026-09-01,DDOG,Datadog,"Senior Manager, Enterprise Customer Success",Enterprise Customer Success,"Tokyo, Japan",demand_validated,senior,0,0,0,,,https://careers.datadoghq.com/detail/8108349/?gh_jid=8108349
2026-09-01,DDOG,Datadog,"Senior Manager, Product Solutions Architecture",Product Solutions Architecture,"Boston, Massachusetts, USA; Denver, Colorado, USA; New York, New York, USA; San Francisco, California, USA",demand_validated,senior,0,0,0,,246000,https://careers.datadoghq.com/detail/7960450/?gh_jid=7960450
2026-09-01,DDOG,Datadog,Senior Partner Enablement Manager,Channels & Alliances,"Tokyo, Japan",nontech,senior,0,0,0,,,https://careers.datadoghq.com/detail/8003723/?gh_jid=8003723
2026-09-01,DDOG,Datadog,Senior Partner Enablement Manager,Channels & Alliances,"Tokyo, Japan",nontech,senior,0,0,0,,,https://careers.datadoghq.com/detail/8007394/?gh_jid=8007394
2026-09-01,DDOG,Datadog,Senior Partner Manager - Channels,Channels & Alliances,"Tokyo, Japan",other,senior,0,0,0,,,https://careers.datadoghq.com/detail/7982373/?gh_jid=7982373
2026-09-01,DDOG,Datadog,Senior Partner Manager - Channels,Channels & Alliances,"Mumbai, India",other,senior,0,0,0,,,https://careers.datadoghq.com/detail/7976683/?gh_jid=7976683
2026-09-01,DDOG,Datadog,Senior Partner Manager - Channels,Channels & Alliances,"Tokyo, Japan",other,senior,0,0,0,,,https://careers.datadoghq.com/detail/7984184/?gh_jid=7984184
2026-09-01,DDOG,Datadog,Senior Partner Manager - Channels (Indian GSI),Channels & Alliances,"Bangalore, India",other,senior,0,3,1,application,,https://careers.datadoghq.com/detail/8074700/?gh_jid=8074700
2026-09-01,DDOG,Datadog,Senior Partner Manager - Channels (Security),Channels & Alliances,"Sao Paulo, Brazil",other,senior,0,0,0,,,https://careers.datadoghq.com/detail/7582681/?gh_jid=7582681
2026-09-01,DDOG,Datadog,Senior Partner Marketing Manager - Cloud & Channel,Partner Marketing,"London, United Kingdom; Madrid, Spain",nontech,senior,0,0,0,,,https://careers.datadoghq.com/detail/8127916/?gh_jid=8127916
2026-09-01,DDOG,Datadog,Senior Partner Program Manager - Datadog Reseller Program,Channels & Alliances,"Boston, Massachusetts, USA; New York, New York, USA",other,senior,0,0,0,,183500,https://careers.datadoghq.com/detail/7984983/?gh_jid=7984983
2026-09-01,DDOG,Datadog,Senior Partner Program Manager - Strategic Initiatives,Channels & Alliances,"California, USA, Remote; Colorado, USA, Remote; Massachusetts, USA, Remote; New York, New York, USA; New York, USA, Remote",other,senior,0,0,0,,183500,https://careers.datadoghq.com/detail/7977339/?gh_jid=7977339
2026-09-01,DDOG,Datadog,Senior Payroll Specialist,People,"Boston, Massachusetts, USA; Denver, Colorado, USA; New York, New York, USA",nontech,senior,0,0,0,,128500,https://careers.datadoghq.com/detail/8030851/?gh_jid=8030851
2026-09-01,DDOG,Datadog,Senior People Business Partner,People,"Sao Paulo, Brazil",other,senior,0,0,0,,,https://careers.datadoghq.com/detail/8099069/?gh_jid=8099069
2026-09-01,DDOG,Datadog,Senior People Business Partner,People,"Tokyo, Japan",other,senior,0,0,0,,,https://careers.datadoghq.com/detail/7461043/?gh_jid=7461043
2026-09-01,DDOG,Datadog,Senior Platform Product Manager - AI SDLC Trusted Throughput,Product Management,"New York, New York, USA",product_eng,senior,1,4,1,application|buzz,216000,https://careers.datadoghq.com/detail/7947683/?gh_jid=7947683
2026-09-01,DDOG,Datadog,Senior Platform Security Engineer,Security,"Paris, France",product_eng,senior,0,0,0,,,https://careers.datadoghq.com/detail/8094188/?gh_jid=8094188
2026-09-01,DDOG,Datadog,Senior Product Designer - AAA,Product Design,"New York, New York, USA",product_eng,senior,0,0,0,,182000,https://careers.datadoghq.com/detail/8002906/?gh_jid=8002906
2026-09-01,DDOG,Datadog,Senior Product Manager - Application Performance Monitoring,Product Management,"Paris, France",product_eng,senior,0,0,0,,,https://careers.datadoghq.com/detail/8028422/?gh_jid=8028422
2026-09-01,DDOG,Datadog,Senior Product Manager - Bits Agent Builder,Product Management,"New York, New York, USA",product_eng,senior,0,10,1,application|buzz,216000,https://careers.datadoghq.com/detail/8092004/?gh_jid=8092004
2026-09-01,DDOG,Datadog,Senior Product Manager - Data Agent,Product Management,"New York, New York, USA",product_eng,senior,0,7,1,application|buzz,216000,https://careers.datadoghq.com/detail/7785350/?gh_jid=7785350
2026-09-01,DDOG,Datadog,Senior Product Manager - Database AI Optimization,Product Management,"New York, New York, USA",product_eng,senior,1,3,1,application,216000,https://careers.datadoghq.com/detail/7065807/?gh_jid=7065807
2026-09-01,DDOG,Datadog,Senior Product Manager - Fleet and Lifecycle Management,Product Management,"Boston, Massachusetts, USA; New York, New York, USA",product_eng,senior,0,3,1,application,216000,https://careers.datadoghq.com/detail/8077142/?gh_jid=8077142
2026-09-01,DDOG,Datadog,Senior Product Manager - Journey Monitoring,Product Management,"New York, New York, USA",product_eng,senior,0,1,0,buzz,216000,https://careers.datadoghq.com/detail/8115033/?gh_jid=8115033
2026-09-01,DDOG,Datadog,Senior Product Manager - Network Path,Product Management,"New York, New York, USA",product_eng,senior,0,0,0,,216000,https://careers.datadoghq.com/detail/7763117/?gh_jid=7763117
2026-09-01,DDOG,Datadog,Senior Product Manager - Observability Data Platform,Product Management,"New York, New York, USA",product_eng,senior,0,0,0,,216000,https://careers.datadoghq.com/detail/8065192/?gh_jid=8065192
2026-09-01,DDOG,Datadog,Senior Product Manager - Search,Product Management,"Boston, Massachusetts, USA; New York, New York, USA",product_eng,senior,0,14,1,application|buzz|general_medium,216000,https://careers.datadoghq.com/detail/7974481/?gh_jid=7974481
2026-09-01,DDOG,Datadog,Senior Product Manager - Serverless,Product Management,"Boston, Massachusetts, USA; New York, New York, USA",product_eng,senior,0,1,0,buzz,216000,https://careers.datadoghq.com/detail/7905006/?gh_jid=7905006
2026-09-01,DDOG,Datadog,Senior Product Marketing Manager - Incident Response,Product Marketing,"New York, New York, USA; San Francisco, California, USA",nontech,senior,0,0,0,,179500,https://careers.datadoghq.com/detail/8121553/?gh_jid=8121553
2026-09-01,DDOG,Datadog,Senior Product Solutions Architect - AI Agent,Product Solutions Architecture,"Boston, Massachusetts, USA; Denver, Colorado, USA; New York, New York, USA; San Francisco, California, USA",demand_validated,senior,1,10,1,application|buzz,215500,https://careers.datadoghq.com/detail/7627531/?gh_jid=7627531
2026-09-01,DDOG,Datadog,Senior Product Solutions Architect - Autonomous Incident Response,Product Solutions Architecture,"Boston, Massachusetts, USA; Denver, Colorado, USA; New York, New York, USA; San Francisco, California, USA",demand_validated,senior,0,0,0,,215500,https://careers.datadoghq.com/detail/8131750/?gh_jid=8131750
2026-09-01,DDOG,Datadog,"Senior Program Manager, People Team (NYC)",People,"New York, New York, USA",other,senior,0,0,0,,210000,https://careers.datadoghq.com/detail/7958756/?gh_jid=7958756
2026-09-01,DDOG,Datadog,"Senior Program Manager, Sales Enablement",GTM Enablement,"New York, New York, USA",nontech,senior,0,0,0,,135500,https://careers.datadoghq.com/detail/8067190/?gh_jid=8067190
2026-09-01,DDOG,Datadog,Senior Regional Content Manager (APJ),Field Marketing,"Sydney, Australia",other,senior,0,2,0,buzz,,https://careers.datadoghq.com/detail/8037749/?gh_jid=8037749
2026-09-01,DDOG,Datadog,Senior Regional Content Manager (APJ),Field Marketing,"Singapore, Singapore",other,senior,0,2,0,buzz,,https://careers.datadoghq.com/detail/8035726/?gh_jid=8035726
2026-09-01,DDOG,Datadog,Senior Revenue Accountant,Finance,"New York, New York, USA",other,senior,0,0,0,,105000,https://careers.datadoghq.com/detail/8075583/?gh_jid=8075583
2026-09-01,DDOG,Datadog,Senior Revenue Accountant - Dublin,Finance,"Dublin, Ireland",other,senior,0,0,0,,,https://careers.datadoghq.com/detail/8079970/?gh_jid=8079970
2026-09-01,DDOG,Datadog,Senior Sales Engineer - Bay Area,Enterprise Sales Engineering,"California, USA, Remote",demand_validated,senior,0,0,0,,173500,https://careers.datadoghq.com/detail/8105684/?gh_jid=8105684
2026-09-01,DDOG,Datadog,Senior Sales Engineer - Brazil,Enterprise Sales Engineering,"Sao Paulo, Brazil",demand_validated,senior,0,0,0,,,https://careers.datadoghq.com/detail/7792033/?gh_jid=7792033
2026-09-01,DDOG,Datadog,Senior Sales Engineer - FED,Enterprise Sales Engineering,"District of Columbia, USA, Remote; Maryland, USA, Remote; Virginia, USA, Remote",demand_validated,senior,0,0,0,,173500,https://careers.datadoghq.com/detail/8144628/?gh_jid=8144628
2026-09-01,DDOG,Datadog,Senior Sales Engineer - Key Accounts,Enterprise Sales Engineering,"Arizona, USA, Remote; California, USA, Remote; Nevada, USA, Remote; Oregon, USA, Remote; Washington, USA, Remote",demand_validated,senior,0,0,0,,173500,https://careers.datadoghq.com/detail/7516279/?gh_jid=7516279
2026-09-01,DDOG,Datadog,Senior Sales Engineer - Majors (East),Enterprise Sales Engineering,"New York, USA, Remote",demand_validated,senior,0,0,0,,173500,https://careers.datadoghq.com/detail/7917340/?gh_jid=7917340
2026-09-01,DDOG,Datadog,Senior Sales Engineer - Majors (France),Enterprise Sales Engineering,"France, Remote",demand_validated,senior,0,0,0,,,https://careers.datadoghq.com/detail/7791296/?gh_jid=7791296
2026-09-01,DDOG,Datadog,Senior Sales Engineer - Majors (UK/Nordics/Netherlands),Enterprise Sales Engineering,"Denmark, Remote; Sweden, Remote; The Netherlands, Remote; United Kingdom, Remote",demand_validated,senior,0,0,0,,,https://careers.datadoghq.com/detail/7904634/?gh_jid=7904634
2026-09-01,DDOG,Datadog,Senior Sales Engineer - Majors (West),Enterprise Sales Engineering,"California, USA, Remote",demand_validated,senior,0,0,0,,173500,https://careers.datadoghq.com/detail/8126596/?gh_jid=8126596
2026-09-01,DDOG,Datadog,Senior Sales Engineer - NorthCentral,Enterprise Sales Engineering,"Illinois, USA, Remote; Minnesota, USA, Remote",demand_validated,senior,0,0,0,,173500,https://careers.datadoghq.com/detail/8142217/?gh_jid=8142217
2026-09-01,DDOG,Datadog,Senior Sales Engineer - Paris,Enterprise Sales Engineering,"Paris, France",demand_validated,senior,0,0,0,,,https://careers.datadoghq.com/detail/8142150/?gh_jid=8142150
2026-09-01,DDOG,Datadog,Senior Sales Engineer - Public Sector (UK),Enterprise Sales Engineering,"London, United Kingdom",demand_validated,senior,0,0,0,,,https://careers.datadoghq.com/detail/8030214/?gh_jid=8030214
2026-09-01,DDOG,Datadog,"Senior Security Engineer, Offensive Security",Security,"New York, New York, USA",product_eng,senior,0,0,0,,217500,https://careers.datadoghq.com/detail/7871543/?gh_jid=7871543
2026-09-01,DDOG,Datadog,"Senior Services Architect, Security-Cloud SIEM",Technical Post Sales,"New York, New York, USA",product_eng,senior,0,0,0,,179500,https://careers.datadoghq.com/detail/7996907/?gh_jid=7996907
2026-09-01,DDOG,Datadog,Senior Software Engineer ,Dev Eng,"Boston, Massachusetts, USA; New York, New York, USA",product_eng,senior,0,0,0,,216000,https://careers.datadoghq.com/detail/3851935/?gh_jid=3851935
2026-09-01,DDOG,Datadog,Senior Software Engineer - Action Platform,Dev Eng,"Paris, France",product_eng,senior,0,3,1,application,,https://careers.datadoghq.com/detail/8102624/?gh_jid=8102624
2026-09-01,DDOG,Datadog,Senior Software Engineer - AI (EMEA),Dev Eng,"Bordeaux, France; Grenoble, France; Lyon, France; Madrid, Spain; Montpellier, France; Nantes, France; Nice, France; Paris, France; Sophia Antipolis, France",product_eng,senior,1,10,1,application|buzz,,https://careers.datadoghq.com/detail/8015588/?gh_jid=8015588
2026-09-01,DDOG,Datadog,Senior Software Engineer - Backend ,Dev Eng,"Bordeaux, France; Paris, France",product_eng,senior,0,0,0,,,https://careers.datadoghq.com/detail/4599148/?gh_jid=4599148
2026-09-01,DDOG,Datadog,Senior Software Engineer - Bazel Tools,Dev Eng,"Atlanta, Georgia, USA; Boston, Massachusetts, USA; New York, New York, USA",product_eng,senior,0,0,0,,274500,https://careers.datadoghq.com/detail/8095166/?gh_jid=8095166
2026-09-01,DDOG,Datadog,Senior Software Engineer - Distributed Systems,Dev Eng,"Boston, Massachusetts, USA; New York, New York, USA",product_eng,senior,0,0,0,,216000,https://careers.datadoghq.com/detail/3851927/?gh_jid=3851927
2026-09-01,DDOG,Datadog,Senior Software Engineer - Frontend,Dev Eng,"New York, New York, USA",product_eng,senior,0,0,0,,215000,https://careers.datadoghq.com/detail/4732393/?gh_jid=4732393
2026-09-01,DDOG,Datadog,Senior Software Engineer - Incident Insights & Readiness,Security,"Paris, France",product_eng,senior,0,3,1,application,,https://careers.datadoghq.com/detail/8094111/?gh_jid=8094111
2026-09-01,DDOG,Datadog,Senior Software Engineer - Linux,Dev Eng,"Tel Aviv, Israel",product_eng,senior,0,0,0,,,https://careers.datadoghq.com/detail/8038652/?gh_jid=8038652
2026-09-01,DDOG,Datadog,Senior Software Engineer - REDAPL Graph Engine,Dev Eng,"France, Remote; Germany, Remote; Italy, Remote; Spain, Remote; Switzerland, Remote; United Kingdom, Remote",product_eng,senior,0,0,0,,,https://careers.datadoghq.com/detail/7959966/?gh_jid=7959966
2026-09-01,DDOG,Datadog,Senior Software Engineer - REDAPL Graph Engine,Dev Eng,"Lisbon, Portugal",product_eng,senior,0,0,0,,,https://careers.datadoghq.com/detail/7959967/?gh_jid=7959967
2026-09-01,DDOG,Datadog,Senior Software Engineer - REDAPL Graph Engine,Dev Eng,"Dublin, Ireland; Madrid, Spain; Paris, France",product_eng,senior,0,0,0,,,https://careers.datadoghq.com/detail/7959962/?gh_jid=7959962
2026-09-01,DDOG,Datadog,Senior Software Engineer - Security Libraries,Dev Eng,"Lisbon, Portugal",product_eng,senior,0,3,1,application,,https://careers.datadoghq.com/detail/8088590/?gh_jid=8088590
2026-09-01,DDOG,Datadog,Senior Software Engineer - Security Libraries,Dev Eng,"Bordeaux, France; Lyon, France; Madrid, Spain; Nantes, France; Paris, France; Sophia Antipolis, France",product_eng,senior,0,3,1,application,,https://careers.datadoghq.com/detail/8081477/?gh_jid=8081477
2026-09-01,DDOG,Datadog,Senior Software Engineer - Streaming Platform ,Dev Eng,"New York, New York, USA",product_eng,senior,0,0,0,,216000,https://careers.datadoghq.com/detail/7993551/?gh_jid=7993551
2026-09-01,DDOG,Datadog,Senior Software Engineer - Streaming Platform Client,Dev Eng,"New York, New York, USA",product_eng,senior,0,0,0,,216000,https://careers.datadoghq.com/detail/8035492/?gh_jid=8035492
2026-09-01,DDOG,Datadog,Senior Staff GenAI Engineer - Application Performance Monitoring (APM),Dev Eng,"New York, New York, USA",product_eng,staff_principal,1,5,1,application|buzz,306000,https://careers.datadoghq.com/detail/6960503/?gh_jid=6960503
2026-09-01,DDOG,Datadog,"Senior Staff Product Designer, Design Lab",Product Design,"New York, New York, USA",product_eng,staff_principal,0,0,0,,229500,https://careers.datadoghq.com/detail/8100001/?gh_jid=8100001
2026-09-01,DDOG,Datadog,Senior Staff Software Engineer ,Dev Eng,"New York, New York, USA",product_eng,staff_principal,0,0,0,,306000,https://careers.datadoghq.com/detail/5608424/?gh_jid=5608424
2026-09-01,DDOG,Datadog,"Senior Staff Visual Designer, Design Lab",Product Design,"New York, New York, USA",product_eng,staff_principal,0,0,0,,261000,https://careers.datadoghq.com/detail/7793359/?gh_jid=7793359
2026-09-01,DDOG,Datadog,Senior Talent Manager (Talent Partner),People,"New York, New York, USA",other,senior,0,1,0,buzz,189000,https://careers.datadoghq.com/detail/8049232/?gh_jid=8049232
2026-09-01,DDOG,Datadog,Senior Technical Product Marketing Manager - Security,Product Marketing,"New York, New York, USA; San Francisco, California, USA",nontech,senior,0,0,0,,179500,https://careers.datadoghq.com/detail/7695546/?gh_jid=7695546
2026-09-01,DDOG,Datadog,Senior Technical Program Manager,Dev Eng,"New York, New York, USA",other,senior,0,8,1,buzz|data_ml_ops|general_medium|model_infra,207000,https://careers.datadoghq.com/detail/8141670/?gh_jid=8141670
2026-09-01,DDOG,Datadog,Services Architect 3 - Denver,Technical Post Sales,"Denver, Colorado, USA",product_eng,mid,0,0,0,,144500,https://careers.datadoghq.com/detail/7807783/?gh_jid=7807783
2026-09-01,DDOG,Datadog,Services Architect 3 - Paris/London,Technical Post Sales,"Paris, France",product_eng,mid,0,0,0,,,https://careers.datadoghq.com/detail/8128182/?gh_jid=8128182
2026-09-01,DDOG,Datadog,"Social Media Lead, Developer Audience",Community,"New York, New York, USA",product_eng,senior,0,0,0,,151500,https://careers.datadoghq.com/detail/8103045/?gh_jid=8103045
2026-09-01,DDOG,Datadog,Social Media Manager,Corporate Marketing & Comms,"New York, New York, USA",other,mid,0,3,1,application,109500,https://careers.datadoghq.com/detail/8137729/?gh_jid=8137729
2026-09-01,DDOG,Datadog,Software Engineering Intern (Winter),Engineering Interns,"Boston, Massachusetts, USA; New York, New York, USA",product_eng,intern,0,1,0,buzz,105000,https://careers.datadoghq.com/detail/8052095/?gh_jid=8052095
2026-09-01,DDOG,Datadog,Sourcer II,Business Recruiting,"New York, New York, USA",other,mid,0,0,0,,120250,https://careers.datadoghq.com/detail/7558666/?gh_jid=7558666
2026-09-01,DDOG,Datadog,Sourcer II,Business Recruiting,"Boston, Massachusetts, USA",other,mid,0,0,0,,120250,https://careers.datadoghq.com/detail/7560815/?gh_jid=7560815
2026-09-01,DDOG,Datadog,"Sourcer II, Business Recruiting",Business Recruiting,"Tokyo, Japan",nontech,mid,0,0,0,,,https://careers.datadoghq.com/detail/7811537/?gh_jid=7811537
2026-09-01,DDOG,Datadog,Staff Application Security Engineer,Security,"Boston, Massachusetts, USA; Connecticut, USA, Remote; Delaware, USA, Remote; District of Columbia, USA, Remote; Maryland, USA, Remote; Massachusetts, USA, Remote; New Jersey, USA, Remote; New York, New York, USA; New York, USA, Remote; Rhode Island, USA, Remote",product_eng,staff_principal,0,4,1,application|buzz,274500,https://careers.datadoghq.com/detail/7777798/?gh_jid=7777798
2026-09-01,DDOG,Datadog,Staff Applied Scientist - Agentic Interfaces,Dev Eng,"New York, New York, USA",other,staff_principal,0,7,1,application|buzz,310500,https://careers.datadoghq.com/detail/7964141/?gh_jid=7964141
2026-09-01,DDOG,Datadog,Staff Applied Scientist - Dashboards,Dev Eng,"New York, New York, USA",other,staff_principal,0,1,0,buzz,310500,https://careers.datadoghq.com/detail/7984962/?gh_jid=7984962
2026-09-01,DDOG,Datadog,Staff Developer Advocate - Asia Pacific & Japan Lead,Community,"Singapore, Singapore",product_eng,staff_principal,0,0,0,,,https://careers.datadoghq.com/detail/8081537/?gh_jid=8081537
2026-09-01,DDOG,Datadog,Staff Engineer - Cloud Networks,Dev Eng,"Boston, Massachusetts, USA; Denver, Colorado, USA; New York, New York, USA",product_eng,staff_principal,0,0,0,,274500,https://careers.datadoghq.com/detail/8128450/?gh_jid=8128450
2026-09-01,DDOG,Datadog,"Staff Engineer, Compute",Dev Eng,"Dublin, Ireland; Madrid, Spain; Paris, France",product_eng,staff_principal,0,0,0,,,https://careers.datadoghq.com/detail/8139277/?gh_jid=8139277
2026-09-01,DDOG,Datadog,"Staff Engineer, Compute",Dev Eng,"Lisbon, Portugal",product_eng,staff_principal,0,0,0,,,https://careers.datadoghq.com/detail/8139279/?gh_jid=8139279
2026-09-01,DDOG,Datadog,Staff Engineer - Data Platform Experience,Dev Eng,"Dublin, Ireland; Madrid, Spain; Paris, France",product_eng,staff_principal,0,1,0,buzz,,https://careers.datadoghq.com/detail/8119493/?gh_jid=8119493
2026-09-01,DDOG,Datadog,Staff Engineer - Data Platform Experience,Dev Eng,"Lisbon, Portugal",product_eng,staff_principal,0,1,0,buzz,,https://careers.datadoghq.com/detail/8119496/?gh_jid=8119496
2026-09-01,DDOG,Datadog,Staff Engineer - Data Semantics,Dev Eng,"Madrid, Spain; Paris, France",product_eng,staff_principal,0,1,0,buzz,,https://careers.datadoghq.com/detail/8043560/?gh_jid=8043560
2026-09-01,DDOG,Datadog,Staff GenAI Engineer - Application Performance Monitoring (APM),Dev Eng,"New York, New York, USA",product_eng,staff_principal,1,8,1,application|buzz|model_infra,234000,https://careers.datadoghq.com/detail/7974511/?gh_jid=7974511
2026-09-01,DDOG,Datadog,"Staff Product Designer, APM",Product Design,"New York, New York, USA",product_eng,staff_principal,0,3,1,application,229500,https://careers.datadoghq.com/detail/7989348/?gh_jid=7989348
2026-09-01,DDOG,Datadog,"Staff Product Designer, Modern Compute",Product Design,"New York, New York, USA",product_eng,staff_principal,0,0,0,,229500,https://careers.datadoghq.com/detail/8094854/?gh_jid=8094854
2026-09-01,DDOG,Datadog,"Staff Product Manager, Observability Data Platforms",Product Management,"New York, New York, USA",product_eng,staff_principal,0,3,1,application,274500,https://careers.datadoghq.com/detail/8065187/?gh_jid=8065187
2026-09-01,DDOG,Datadog,Staff Software Engineer,Dev Eng,"New York, New York, USA",product_eng,staff_principal,0,0,0,,274500,https://careers.datadoghq.com/detail/3210217/?gh_jid=3210217
2026-09-01,DDOG,Datadog,Staff Software Engineer - Corporate Development,Corporate Development,"New York, New York, USA",product_eng,staff_principal,0,0,0,,225000,https://careers.datadoghq.com/detail/8105372/?gh_jid=8105372
2026-09-01,DDOG,Datadog,Staff Software Engineer - Corporate Development,Corporate Development,"San Francisco, California, USA",product_eng,staff_principal,0,0,0,,225000,https://careers.datadoghq.com/detail/8094106/?gh_jid=8094106
2026-09-01,DDOG,Datadog,Staff Software Engineer - Logs Management,Dev Eng,"New York, New York, USA",product_eng,staff_principal,0,4,1,application|buzz,274500,https://careers.datadoghq.com/detail/7635298/?gh_jid=7635298
2026-09-01,DDOG,Datadog,Staff Software Engineer - Logs Observability Pipelines ,Dev Eng,"New York, New York, USA",product_eng,staff_principal,0,0,0,,274500,https://careers.datadoghq.com/detail/7743369/?gh_jid=7743369
2026-09-01,DDOG,Datadog,Staff Software Engineer - ML Observability,Dev Eng,"Boston, Massachusetts, USA; New York, New York, USA",product_eng,staff_principal,1,16,1,application|buzz|data_ml_ops|general_medium,267000,https://careers.datadoghq.com/detail/7107437/?gh_jid=7107437
2026-09-01,DDOG,Datadog,Staff Software Engineer - Security Agent,Dev Eng,"France, Remote; Germany, Remote; Ireland, Remote; Italy, Remote; Spain, Remote",product_eng,staff_principal,0,0,0,,,https://careers.datadoghq.com/detail/8007598/?gh_jid=8007598
2026-09-01,DDOG,Datadog,Staff Software Engineer - Security Agent,Dev Eng,"Portugal, Remote",product_eng,staff_principal,0,0,0,,,https://careers.datadoghq.com/detail/8007606/?gh_jid=8007606
2026-09-01,DDOG,Datadog,Staff Software Engineer - Security Agent,Dev Eng,"Paris, France",product_eng,staff_principal,0,0,0,,,https://careers.datadoghq.com/detail/8007589/?gh_jid=8007589
2026-09-01,DDOG,Datadog,"Staff Visual Designer, Design Lab",Product Design,"New York, New York, USA",product_eng,staff_principal,0,0,0,,261000,https://careers.datadoghq.com/detail/7496207/?gh_jid=7496207
2026-09-01,DDOG,Datadog,Strategic Account Executive,Enterprise Sales,"North Carolina, USA, Remote; South Carolina, USA, Remote",demand_validated,mid,0,0,0,,125000,https://careers.datadoghq.com/detail/7131363/?gh_jid=7131363
2026-09-01,DDOG,Datadog,Strategic Account Executive,Enterprise Sales,"Boston, Massachusetts, USA",demand_validated,mid,0,0,0,,125000,https://careers.datadoghq.com/detail/7117086/?gh_jid=7117086
2026-09-01,DDOG,Datadog,Strategic Account Executive,Enterprise Sales,"Singapore, Singapore",demand_validated,mid,0,0,0,,100000,https://careers.datadoghq.com/detail/7439145/?gh_jid=7439145
2026-09-01,DDOG,Datadog,Strategic Account Executive,Enterprise Sales,"Florida, USA, Remote",demand_validated,mid,0,0,0,,100000,https://careers.datadoghq.com/detail/8157360/?gh_jid=8157360
2026-09-01,DDOG,Datadog,Strategic Account Executive,Enterprise Sales,"Georgia, USA, Remote; Tennessee, USA, Remote",demand_validated,mid,0,0,0,,125000,https://careers.datadoghq.com/detail/6522720/?gh_jid=6522720
2026-09-01,DDOG,Datadog,Strategic Account Executive,Enterprise Sales,"Minnesota, USA, Remote",demand_validated,mid,0,0,0,,125000,https://careers.datadoghq.com/detail/6522747/?gh_jid=6522747
2026-09-01,DDOG,Datadog,Strategic Account Executive,Enterprise Sales,"Denver, Colorado, USA",demand_validated,mid,0,0,0,,125000,https://careers.datadoghq.com/detail/6873775/?gh_jid=6873775
2026-09-01,DDOG,Datadog,Strategic Account Executive,Enterprise Sales,"Seoul, South Korea",demand_validated,mid,0,0,0,,100000,https://careers.datadoghq.com/detail/7142205/?gh_jid=7142205
2026-09-01,DDOG,Datadog,Strategic Account Executive,Enterprise Sales,"Texas, USA, Remote",demand_validated,mid,0,0,0,,111000,https://careers.datadoghq.com/detail/7134079/?gh_jid=7134079
2026-09-01,DDOG,Datadog,Strategic Account Executive,Enterprise Sales,"Sao Paulo, Brazil",demand_validated,mid,0,0,0,,100000,https://careers.datadoghq.com/detail/7055008/?gh_jid=7055008
2026-09-01,DDOG,Datadog,Strategic Account Executive,Enterprise Sales,"Jakarta, Indonesia",demand_validated,mid,0,0,0,,100000,https://careers.datadoghq.com/detail/7131726/?gh_jid=7131726
2026-09-01,DDOG,Datadog,Strategic Account Executive,Enterprise Sales,"Washington, USA, Remote",demand_validated,mid,0,0,0,,132500,https://careers.datadoghq.com/detail/7131495/?gh_jid=7131495
2026-09-01,DDOG,Datadog,Strategic Account Executive,Enterprise Sales,"District of Columbia, USA, Remote; Maryland, USA, Remote; Virginia, USA, Remote",demand_validated,mid,0,0,0,,125000,https://careers.datadoghq.com/detail/7057036/?gh_jid=7057036
2026-09-01,DDOG,Datadog,Strategic Account Executive,Enterprise Sales,"Chile, Remote",demand_validated,mid,0,0,0,,100000,https://careers.datadoghq.com/detail/7131404/?gh_jid=7131404
2026-09-01,DDOG,Datadog,Strategic Account Executive,Enterprise Sales,"Mexico City, Mexico",demand_validated,mid,0,0,0,,100000,https://careers.datadoghq.com/detail/7131396/?gh_jid=7131396
2026-09-01,DDOG,Datadog,Strategic Account Executive,Enterprise Sales,"New York, New York, USA",demand_validated,mid,0,0,0,,125000,https://careers.datadoghq.com/detail/7131386/?gh_jid=7131386
2026-09-01,DDOG,Datadog,Strategic Account Executive (DACH),Enterprise Sales,"Austria, Remote ; Germany, Remote; Poland, Remote",demand_validated,mid,0,0,0,,100000,https://careers.datadoghq.com/detail/5511968/?gh_jid=5511968
2026-09-01,DDOG,Datadog,Strategic Account Executive (FED),Enterprise Sales,"Maryland, USA, Remote; Virginia, USA, Remote; Washington, District of Columbia, USA",demand_validated,mid,0,0,0,,125000,https://careers.datadoghq.com/detail/8021535/?gh_jid=8021535
2026-09-01,DDOG,Datadog,Strategic Account Executive (FED),Enterprise Sales,"Canberra, Australia",demand_validated,mid,0,0,0,,50000,https://careers.datadoghq.com/detail/7645709/?gh_jid=7645709
2026-09-01,DDOG,Datadog,Strategic Account Executive (Hong Kong Market),Enterprise Sales,"Singapore, Singapore",demand_validated,mid,0,0,0,,100000,https://careers.datadoghq.com/detail/7442122/?gh_jid=7442122
2026-09-01,DDOG,Datadog,Strategic Account Executive - Paris,Enterprise Sales,"Paris, France",demand_validated,mid,0,0,0,,100000,https://careers.datadoghq.com/detail/7101117/?gh_jid=7101117
2026-09-01,DDOG,Datadog,"Strategic Account Executive, Public Sector Japan, FED",Enterprise Sales,"Tokyo, Japan",demand_validated,mid,0,0,0,,,https://careers.datadoghq.com/detail/7439569/?gh_jid=7439569
2026-09-01,DDOG,Datadog,"Strategic Account Executive, Public Sector Japan, FED",Enterprise Sales,"Tokyo, Japan",demand_validated,mid,0,0,0,,100000,https://careers.datadoghq.com/detail/7439149/?gh_jid=7439149
2026-09-01,DDOG,Datadog,"Strategic Account Executive, Public Sector Japan, SLED",Enterprise Sales,"Tokyo, Japan",demand_validated,mid,0,0,0,,100000,https://careers.datadoghq.com/detail/7439152/?gh_jid=7439152
2026-09-01,DDOG,Datadog,"Strategic Account Executive, Public Sector Japan, SLED",Enterprise Sales,"Tokyo, Japan",demand_validated,mid,0,0,0,,,https://careers.datadoghq.com/detail/7439573/?gh_jid=7439573
2026-09-01,DDOG,Datadog,Strategic Account Executive (Rome - Italy) ,Enterprise Sales,"Rome, Italy",demand_validated,mid,0,0,0,,100000,https://careers.datadoghq.com/detail/5742916/?gh_jid=5742916
2026-09-01,DDOG,Datadog,Strategic Account Executive (Saudi Arabia),Enterprise Sales,"Riyadh, Saudi Arabia",demand_validated,mid,0,0,0,,100000,https://careers.datadoghq.com/detail/7338800/?gh_jid=7338800
2026-09-01,DDOG,Datadog,Strategic Account Executive (SLED),Enterprise Sales,"Boston, Massachusetts, USA; New York, New York, USA",demand_validated,mid,0,0,0,,125000,https://careers.datadoghq.com/detail/7314667/?gh_jid=7314667
2026-09-01,DDOG,Datadog,Strategic Account Executive (SLED),Enterprise Sales,"California, USA, Remote; Oregon, USA, Remote; Washington, USA, Remote",demand_validated,mid,0,0,0,,125000,https://careers.datadoghq.com/detail/6430945/?gh_jid=6430945
2026-09-01,DDOG,Datadog,Strategic Account Executive (SLED),Enterprise Sales,"Sydney, Australia",demand_validated,mid,0,0,0,,50000,https://careers.datadoghq.com/detail/8043036/?gh_jid=8043036
2026-09-01,DDOG,Datadog,Strategic Account Executive (SLED),Enterprise Sales,"Texas, USA, Remote",demand_validated,mid,0,0,0,,125000,https://careers.datadoghq.com/detail/7453034/?gh_jid=7453034
2026-09-01,DDOG,Datadog,Strategic Account Executive (UKI),Enterprise Sales,"London, United Kingdom",demand_validated,mid,0,0,0,,100000,https://careers.datadoghq.com/detail/5622381/?gh_jid=5622381
2026-09-01,DDOG,Datadog,Strategic Account Executive (UKI) - Public Sector,Enterprise Sales,"London, United Kingdom",demand_validated,mid,0,0,0,,100000,https://careers.datadoghq.com/detail/7591735/?gh_jid=7591735
2026-09-01,DDOG,Datadog,Strategic Account Executive (Vietnam Market),Enterprise Sales,"Singapore, Singapore",demand_validated,mid,0,0,0,,100000,https://careers.datadoghq.com/detail/7515110/?gh_jid=7515110
2026-09-01,DDOG,Datadog,"Systems Engineer 2, Technical Solutions (US-East)",Technical Solutions Operations,"New York, New York, USA",product_eng,mid,0,10,1,application|buzz,100500,https://careers.datadoghq.com/detail/8092973/?gh_jid=8092973
2026-09-01,DDOG,Datadog,"Team Lead, Strategic Sourcing (IT, SaaS, Hardware)",Finance,"New York, New York, USA",other,senior,0,0,0,,135000,https://careers.datadoghq.com/detail/8082391/?gh_jid=8082391
2026-09-01,DDOG,Datadog,Technical Account Manager,Technical Post Sales,"Tokyo, Japan",demand_validated,mid,0,0,0,,,https://careers.datadoghq.com/detail/8018694/?gh_jid=8018694
2026-09-01,DDOG,Datadog,Technical Account Manager,Technical Post Sales,"Tokyo, Japan",demand_validated,mid,0,0,0,,,https://careers.datadoghq.com/detail/8020530/?gh_jid=8020530
2026-09-01,DDOG,Datadog,Technical Account Manager 2 - Boston,Technical Post Sales,"Boston, Massachusetts, USA",demand_validated,mid,0,0,0,,117500,https://careers.datadoghq.com/detail/8026835/?gh_jid=8026835
2026-09-01,DDOG,Datadog,Technical Account Manager 2 - San Francisco,Technical Post Sales,"San Francisco, California, USA",demand_validated,mid,0,0,0,,117500,https://careers.datadoghq.com/detail/7989146/?gh_jid=7989146
2026-09-01,DDOG,Datadog,Technical Account Manager 2 - São Paulo,Technical Post Sales,"Sao Paulo, Brazil",demand_validated,mid,0,0,0,,,https://careers.datadoghq.com/detail/7834545/?gh_jid=7834545
2026-09-01,DDOG,Datadog,Technical Account Manager 2 - West,Technical Post Sales,"Chicago, Illinois, USA; Denver, Colorado, USA",demand_validated,mid,0,0,0,,117500,https://careers.datadoghq.com/detail/8026831/?gh_jid=8026831
2026-09-01,DDOG,Datadog,Technical Account Manager 3 - East,Technical Post Sales,"Boston, Massachusetts, USA; New York, New York, USA",demand_validated,mid,0,0,0,,144500,https://careers.datadoghq.com/detail/8046392/?gh_jid=8046392
2026-09-01,DDOG,Datadog,Technical Account Manager 3 - Madrid,Technical Post Sales,"Madrid, Spain",demand_validated,mid,0,0,0,,,https://careers.datadoghq.com/detail/7982225/?gh_jid=7982225
2026-09-01,DDOG,Datadog,Technical Enablement Manager 3 (Italian Speaking),Technical Post Sales,"Amsterdam, The Netherlands; Dublin, Ireland; Paris, France",nontech,mid,0,0,0,,,https://careers.datadoghq.com/detail/8046399/?gh_jid=8046399
2026-09-01,DDOG,Datadog,Technical Escalations Engineer 2 (Agent) - US-West,Support Engineering,"Denver, Colorado, USA; San Francisco, California, USA",product_eng,mid,0,0,0,,99000,https://careers.datadoghq.com/detail/8094796/?gh_jid=8094796
2026-09-01,DDOG,Datadog,Technical Escalations Engineer 2 (Logs) - US-East,Support Engineering,"Boston, Massachusetts, USA; New York, New York, USA",product_eng,mid,0,0,0,,99000,https://careers.datadoghq.com/detail/8050684/?gh_jid=8050684
2026-09-01,DDOG,Datadog,Technical Escalations Engineer 2 (Network Monitoring) - EMEA,Support Engineering,"Dublin, Ireland; Paris, France",product_eng,mid,0,0,0,,,https://careers.datadoghq.com/detail/8064226/?gh_jid=8064226
2026-09-01,DDOG,Datadog,Technical Escalations Engineer 2 (Revenue and Cost Management) - APJ,Support Engineering,"Seoul, South Korea; Sydney, Australia; Tokyo, Japan",product_eng,mid,0,0,0,,,https://careers.datadoghq.com/detail/8095826/?gh_jid=8095826
2026-09-01,DDOG,Datadog,Technical Escalations Engineer 2 (RUM) - APJ,Support Engineering,"Seoul, South Korea; Sydney, Australia; Tokyo, Japan",product_eng,mid,0,0,0,,,https://careers.datadoghq.com/detail/8138482/?gh_jid=8138482
2026-09-01,DDOG,Datadog,Technical Escalations Engineer 2 (Web Platform) - US-West,Support Engineering,"Denver, Colorado, USA; San Francisco, California, USA",product_eng,mid,0,0,0,,99000,https://careers.datadoghq.com/detail/8130723/?gh_jid=8130723
2026-09-01,DDOG,Datadog,"Technical Program Manager 2, Technical Solutions",Technical Solutions Operations,"Boston, Massachusetts, USA; New York, New York, USA; San Francisco, California, USA",other,mid,0,0,0,,130500,https://careers.datadoghq.com/detail/8030837/?gh_jid=8030837
2026-09-01,DDOG,Datadog,Technical Program Manager II,Dev Eng,"New York, New York, USA",other,mid,0,8,1,buzz|data_ml_ops|general_medium|model_infra,163800,https://careers.datadoghq.com/detail/8144018/?gh_jid=8144018
2026-09-01,DDOG,Datadog,Technical Support Engineer 2,Support Engineering,"Tokyo, Japan",product_eng,mid,0,0,0,,,https://careers.datadoghq.com/detail/6759702/?gh_jid=6759702
2026-09-01,DDOG,Datadog,Technical Support Engineer 2,Support Engineering,"Tokyo, Japan",product_eng,mid,0,0,0,,,https://careers.datadoghq.com/detail/6761448/?gh_jid=6761448
2026-09-01,DDOG,Datadog,"Technical Support Engineer 2, Premier - EMEA",Support Engineering,"Dublin, Ireland; Paris, France",product_eng,mid,0,0,0,,,https://careers.datadoghq.com/detail/7496253/?gh_jid=7496253
2026-09-01,DDOG,Datadog,"Technical Support Engineer 2, Premier - NYC (Japanese Speaking)",Support Engineering,"New York, New York, USA",product_eng,mid,0,0,0,,94500,https://careers.datadoghq.com/detail/8109441/?gh_jid=8109441
2026-09-01,DDOG,Datadog,"Technical Support Engineer 2, Premier - Sao Paulo",Support Engineering,"Sao Paulo, Brazil",product_eng,mid,0,0,0,,,https://careers.datadoghq.com/detail/8096181/?gh_jid=8096181
2026-09-01,DDOG,Datadog,"Technical Support Engineer 3, Premier - EMEA",Support Engineering,"Dublin, Ireland; Paris, France",product_eng,mid,0,0,0,,,https://careers.datadoghq.com/detail/8083128/?gh_jid=8083128
2026-09-01,DDOG,Datadog,"Technical Support Engineer 3, Premier - Sao Paulo",Support Engineering,"Sao Paulo, Brazil",product_eng,mid,0,0,0,,,https://careers.datadoghq.com/detail/8097533/?gh_jid=8097533
2026-09-01,DDOG,Datadog,"Technical Support Engineer 3, Premier - US-West",Support Engineering,"Denver, Colorado, USA; San Francisco, California, USA",product_eng,mid,0,0,0,,112000,https://careers.datadoghq.com/detail/7758574/?gh_jid=7758574
2026-09-01,MDB,MongoDB,Account Development Representative,Sales Development,Gurugram,other,mid,0,0,0,,,https://www.mongodb.com/careers/job/?gh_jid=7318558
2026-09-01,MDB,MongoDB,Account Development Representative,Sales Development,"Dublin, Ireland",other,mid,0,0,0,,,https://www.mongodb.com/careers/job/?gh_jid=8081378
2026-09-01,MDB,MongoDB,Account Development Representative,Sales Development,Toronto,other,mid,0,0,0,,66500,https://www.mongodb.com/careers/job/?gh_jid=7311234
2026-09-01,MDB,MongoDB,Account Development Representative,Sales Development,Bengaluru,other,mid,0,0,0,,,https://www.mongodb.com/careers/job/?gh_jid=7318466
2026-09-01,MDB,MongoDB,Account Development Representative,Sales Development,Mexico City,other,mid,0,0,0,,,https://www.mongodb.com/careers/job/?gh_jid=7318049
2026-09-01,MDB,MongoDB,Account Development Representative - English Speaking,Sales Development,Kuala Lumpur,other,mid,0,0,0,,,https://www.mongodb.com/careers/job/?gh_jid=8079914
2026-09-01,MDB,MongoDB,"Account Development Representative, French Speaking",Sales Development,Dublin,other,mid,0,0,0,,,https://www.mongodb.com/careers/job/?gh_jid=7335567
2026-09-01,MDB,MongoDB,"Account Development Representative, German Speaking",Sales Development,Dublin,other,mid,0,0,0,,,https://www.mongodb.com/careers/job/?gh_jid=7337287
2026-09-01,MDB,MongoDB,"Account Development Representative, Hebrew Speaking",Sales Development,Tel Aviv,other,mid,0,0,0,,,https://www.mongodb.com/careers/job/?gh_jid=7334938
2026-09-01,MDB,MongoDB,"Account Development Representative, Italian Speaking",Sales Development,Dublin,other,mid,0,1,0,buzz,,https://www.mongodb.com/careers/job/?gh_jid=7338090
2026-09-01,MDB,MongoDB,Account Development Representative - Mandarin Speaking,Sales Development,Kuala Lumpur,other,mid,0,0,0,,,https://www.mongodb.com/careers/job/?gh_jid=7566671
2026-09-01,MDB,MongoDB,"Account Development Representative, Spanish Speaking",Sales Development,Dublin,other,mid,0,1,0,buzz,,https://www.mongodb.com/careers/job/?gh_jid=7335205
2026-09-01,MDB,MongoDB,Account Development Representative - Thai Speaking,Sales Development,Malaysia,other,mid,0,0,0,,,https://www.mongodb.com/careers/job/?gh_jid=7746436
2026-09-01,MDB,MongoDB,"Account Executive, Acquisition",Sales Greater China,Hong Kong,demand_validated,mid,0,0,0,,,https://www.mongodb.com/careers/job/?gh_jid=7154017
2026-09-01,MDB,MongoDB,"Account Executive, Acquisition/Growth",Sales APAC (India),Bengaluru; Gurugram; Mumbai,demand_validated,mid,0,0,0,,,https://www.mongodb.com/careers/job/?gh_jid=7870623
2026-09-01,MDB,MongoDB,"Account Executive (Bahasa, Thai or Vietnamese Speaker)",Sales APAC (ASEAN),Singapore,demand_validated,mid,0,0,0,,,https://www.mongodb.com/careers/job/?gh_jid=7211619
2026-09-01,MDB,MongoDB,"Account Executive, Growth",Sales Growth EMEA,Zurich,demand_validated,mid,0,0,0,,,https://www.mongodb.com/careers/job/?gh_jid=7217822
2026-09-01,MDB,MongoDB,"Account Executive, Growth",Sales LatAm,São Paulo,demand_validated,mid,0,0,0,,,https://www.mongodb.com/careers/job/?gh_jid=6531094
2026-09-01,MDB,MongoDB,Advisory Partner Solutions Architect,"Solutions Architecture, Partners",India,demand_validated,mid,0,10,1,application|buzz,,https://www.mongodb.com/careers/job/?gh_jid=8050418
2026-09-01,MDB,MongoDB,Advisory / Senior Solutions Architect,"Solutions Architecture, APAC",Seoul,demand_validated,senior,0,7,1,application|buzz,,https://www.mongodb.com/careers/job/?gh_jid=8119297
2026-09-01,MDB,MongoDB,Advisory Solutions Architect,"Solutions Architecture, APAC",Singapore,demand_validated,mid,0,7,1,application|buzz,,https://www.mongodb.com/careers/job/?gh_jid=8023912
2026-09-01,MDB,MongoDB,Advisory Solutions Architect,"Solutions Architecture, LATAM",Mexico City,demand_validated,mid,0,8,1,application|buzz,,https://www.mongodb.com/careers/job/?gh_jid=7997764
2026-09-01,MDB,MongoDB,Associate Commercial Growth Account Executive,Commercial Growth,Austin,demand_validated,mid,0,0,0,,60008,https://www.mongodb.com/careers/job/?gh_jid=7615794
2026-09-01,MDB,MongoDB,Associate Legal Counsel,Legal & Risk Mgmt,"Dublin, Ireland",nontech,mid,0,0,0,,,https://www.mongodb.com/careers/job/?gh_jid=8139166
2026-09-01,MDB,MongoDB,Associate Technical Services Engineer II,Technical Support AMER,Brazil; São Paulo,product_eng,mid,0,0,0,,,https://www.mongodb.com/careers/job/?gh_jid=8054311
2026-09-01,MDB,MongoDB,Associate Technical Services Engineer II,Technical Support EMEA,"Dublin, Ireland; Ireland",product_eng,mid,0,0,0,,,https://www.mongodb.com/careers/job/?gh_jid=7721092
2026-09-01,MDB,MongoDB,Associate Technical Services Engineer II,Technical Support AMER,Austin,product_eng,mid,0,0,0,,112500,https://www.mongodb.com/careers/job/?gh_jid=8044218
2026-09-01,MDB,MongoDB,Associate TSE I,Technical Support APAC,Bengaluru,other,mid,0,0,0,,,https://www.mongodb.com/careers/job/?gh_jid=8097618
2026-09-01,MDB,MongoDB,Associate TSE II,Technical Support EMEA,"Dublin, Ireland",other,mid,0,0,0,,,https://www.mongodb.com/careers/job/?gh_jid=8041640
2026-09-01,MDB,MongoDB,Associate TSE II,Technical Support APAC,Bengaluru,other,mid,0,0,0,,,https://www.mongodb.com/careers/job/?gh_jid=8089399
2026-09-01,MDB,MongoDB,Associate TSE II,Technical Support APAC,Sydney,other,mid,0,0,0,,,https://www.mongodb.com/careers/job/?gh_jid=8113537
2026-09-01,MDB,MongoDB,Associate TSE II,Technical Support APAC,Bengaluru,other,mid,0,0,0,,,https://www.mongodb.com/careers/job/?gh_jid=8110518
2026-09-01,MDB,MongoDB,Associate TSE II,Technical Support AMER,Mexico City,other,mid,0,0,0,,,https://www.mongodb.com/careers/job/?gh_jid=8054102
2026-09-01,MDB,MongoDB,Associate TSE II,Technical Support APAC,Gurugram,other,mid,0,0,0,,,https://www.mongodb.com/careers/job/?gh_jid=8076090
2026-09-01,MDB,MongoDB,Associate TSE II,Technical Support APAC,Gurugram,other,mid,0,0,0,,,https://www.mongodb.com/careers/job/?gh_jid=8089396
2026-09-01,MDB,MongoDB,Cloud Operations Engineer,Cloud Operations,"Cork, Ireland; Dublin, Ireland",product_eng,mid,0,0,0,,,https://www.mongodb.com/careers/job/?gh_jid=7453323
2026-09-01,MDB,MongoDB,Cloud Operations Engineer,Cloud Operations,"Cork, Ireland; Dublin, Ireland",product_eng,mid,0,0,0,,,https://www.mongodb.com/careers/job/?gh_jid=8025824
2026-09-01,MDB,MongoDB,Cloud Operations Engineer,Cloud Operations,"Cork, Ireland; Dublin, Ireland",product_eng,mid,0,0,0,,,https://www.mongodb.com/careers/job/?gh_jid=8025827
2026-09-01,MDB,MongoDB,"Cloud Operations Engineer (2nd Shift, Weekend)",Cloud Operations,United States,product_eng,mid,0,0,0,,133000,https://www.mongodb.com/careers/job/?gh_jid=8045688
2026-09-01,MDB,MongoDB,Commercial Growth Account Executive - Acquisition,Commercial Growth,Tel Aviv,demand_validated,mid,0,0,0,,,https://www.mongodb.com/careers/job/?gh_jid=8143761
2026-09-01,MDB,MongoDB,Commercial Growth Account Executive (Arabic Speaker),Commercial Growth,"Cork, Ireland; Dublin, Ireland",demand_validated,mid,0,0,0,,,https://www.mongodb.com/careers/job/?gh_jid=7056256
2026-09-01,MDB,MongoDB,Commercial Growth Account Executive (Dutch Speaker),Commercial Growth,Dublin,demand_validated,mid,0,0,0,,,https://www.mongodb.com/careers/job/?gh_jid=8143614
2026-09-01,MDB,MongoDB,Commercial Growth Account Executive (German Speaker),Commercial Growth,"Cork, Ireland; Dublin, Ireland",demand_validated,mid,0,0,0,,,https://www.mongodb.com/careers/job/?gh_jid=7276216
2026-09-01,MDB,MongoDB,Commercial Growth Account Executive - Turkish Speaker,Commercial Growth,"Dublin, Ireland",demand_validated,mid,0,1,0,buzz,,https://www.mongodb.com/careers/job/?gh_jid=8074863
2026-09-01,MDB,MongoDB,"Commercial Growth, Account Executive - UKI Market",Commercial Growth,"Cork, Ireland; Dublin, Ireland",demand_validated,mid,0,1,0,buzz,,https://www.mongodb.com/careers/job/?gh_jid=6826191
2026-09-01,MDB,MongoDB,Contract Sourcer,Early Talent Recruiting,Gurugram,other,mid,0,0,0,,,https://www.mongodb.com/careers/job/?gh_jid=8099122
2026-09-01,MDB,MongoDB,Contract Sourcer,Early Talent Recruiting,"Dublin, Ireland",other,mid,0,0,0,,,https://www.mongodb.com/careers/job/?gh_jid=8105037
2026-09-01,MDB,MongoDB,"Coordinator, Shared Services",HR Operations,Gurugram,other,mid,0,0,0,,,https://www.mongodb.com/careers/job/?gh_jid=8121324
2026-09-01,MDB,MongoDB,"Customer Advocate, Core Products, Office of the CPO",Core Products Leadership,Austin; Chicago; New York City; United States; Washington DC,nontech,mid,0,0,0,,191000,https://www.mongodb.com/careers/job/?gh_jid=8122664
2026-09-01,MDB,MongoDB,Customer Success Manager,Scaled Customer Success,Kuala Lumpur,demand_validated,mid,0,0,0,,,https://www.mongodb.com/careers/job/?gh_jid=8158531
2026-09-01,MDB,MongoDB,Customer Success Manager,Scaled Customer Success,Hong Kong,demand_validated,mid,0,0,0,,,https://www.mongodb.com/careers/job/?gh_jid=8153054
2026-09-01,MDB,MongoDB,Customer Success Manager,Customer Success Americas,New York City,demand_validated,mid,0,0,0,,120500,https://www.mongodb.com/careers/job/?gh_jid=8060800
2026-09-01,MDB,MongoDB,Customer Success Manager,Customer Success APAC,Japan,demand_validated,mid,0,0,0,,,https://www.mongodb.com/careers/job/?gh_jid=7640985
2026-09-01,MDB,MongoDB,"Director, Escalation Management",Technical Support Escalation Management,"Dublin, Ireland",other,director,0,3,1,application,,https://www.mongodb.com/careers/job/?gh_jid=8060669
2026-09-01,MDB,MongoDB,"Director, International Financial Compliance",Controllership,Dublin,other,intern,0,0,0,,,https://www.mongodb.com/careers/job/?gh_jid=7811458
2026-09-01,MDB,MongoDB,"Director, ISV Partnerships",Partner Programs,United States,other,director,0,0,0,,216900,https://www.mongodb.com/careers/job/?gh_jid=7942142
2026-09-01,MDB,MongoDB,"Director, Partner Programs",Partner Programs,United States,other,director,0,0,0,,207500,https://www.mongodb.com/careers/job/?gh_jid=8077491
2026-09-01,MDB,MongoDB,"Director, Solutions Architecture","Solutions Architecture, Partners",Bengaluru,demand_validated,director,0,0,0,,,https://www.mongodb.com/careers/job/?gh_jid=8066684
2026-09-01,MDB,MongoDB,"Director, Strategic Events",Strategic Events,United States,other,director,0,3,1,application,170500,https://www.mongodb.com/careers/job/?gh_jid=8069976
2026-09-01,MDB,MongoDB,Enablement Delivery Specialist,GTM Enablement,Chicago,nontech,mid,0,0,0,,74500,https://www.mongodb.com/careers/job/?gh_jid=8013287
2026-09-01,MDB,MongoDB,Enablement Delivery Specialist,GTM Enablement,Singapore,nontech,mid,0,0,0,,,https://www.mongodb.com/careers/job/?gh_jid=7974991
2026-09-01,MDB,MongoDB,Engagement Manager,PS Engagement Management,Seoul,other,mid,0,0,0,,,https://www.mongodb.com/careers/job/?gh_jid=7861722
2026-09-01,MDB,MongoDB,Engagement Manager (Services Sales),PS Engagement Management,Amsterdam; Germany,nontech,mid,0,1,0,buzz,,https://www.mongodb.com/careers/job/?gh_jid=7996557
2026-09-01,MDB,MongoDB,Engagement Manager (Services Sales),PS Engagement Management,Rome,nontech,mid,0,1,0,buzz,,https://www.mongodb.com/careers/job/?gh_jid=7982616
2026-09-01,MDB,MongoDB,Engineer 3 - GTM Tech,GTM Tech,Gurugram,product_eng,mid,0,4,1,application|buzz,,https://www.mongodb.com/careers/job/?gh_jid=7943868
2026-09-01,MDB,MongoDB,"Engineering Manager, AI Builder Experience",AI Builder Experience,Gurugram,product_eng,mid,1,12,1,application,,https://www.mongodb.com/careers/job/?gh_jid=8106167
2026-09-01,MDB,MongoDB,"Engineering Manager, Server Networking Security (Rust)",Clusters & Interfaces,"Cork, Ireland; Dublin, Ireland",product_eng,mid,0,0,0,,,https://www.mongodb.com/careers/job/?gh_jid=7698054
2026-09-01,MDB,MongoDB,Enterprise Account Executive,Sales Growth EMEA,Barcelona,demand_validated,mid,0,0,0,,,https://www.mongodb.com/careers/job/?gh_jid=7921450
2026-09-01,MDB,MongoDB,Enterprise Account Executive,Sales Growth EMEA,London,demand_validated,mid,0,0,0,,,https://www.mongodb.com/careers/job/?gh_jid=8153715
2026-09-01,MDB,MongoDB,Enterprise Account Executive,Sales Growth EMEA,Frankfurt,demand_validated,mid,0,0,0,,,https://www.mongodb.com/careers/job/?gh_jid=7160353
2026-09-01,MDB,MongoDB,Enterprise Account Executive,Sales Growth EMEA,Amsterdam,demand_validated,mid,0,0,0,,,https://www.mongodb.com/careers/job/?gh_jid=7721659
2026-09-01,MDB,MongoDB,Enterprise Account Executive,Sales Growth EMEA,Germany,demand_validated,mid,0,0,0,,,https://www.mongodb.com/careers/job/?gh_jid=7996801
2026-09-01,MDB,MongoDB,Enterprise Account Executive,Sales Growth EMEA,Madrid,demand_validated,mid,0,0,0,,,https://www.mongodb.com/careers/job/?gh_jid=7257330
2026-09-01,MDB,MongoDB,Enterprise Account Executive,Sales Growth EMEA,Dubai,demand_validated,mid,0,0,0,,,https://www.mongodb.com/careers/job/?gh_jid=7578590
2026-09-01,MDB,MongoDB,Enterprise Account Executive,Sales Growth EMEA,Munich,demand_validated,mid,0,0,0,,,https://www.mongodb.com/careers/job/?gh_jid=7979277
2026-09-01,MDB,MongoDB,Enterprise Account Executive,Sales Growth EMEA,Paris,demand_validated,mid,0,0,0,,,https://www.mongodb.com/careers/job/?gh_jid=7256839
2026-09-01,MDB,MongoDB,Enterprise Account Executive,Sales Growth EMEA,London,demand_validated,mid,0,0,0,,,https://www.mongodb.com/careers/job/?gh_jid=7607210
2026-09-01,MDB,MongoDB,Enterprise Account Executive	,Sales Growth NAMER,Los Angeles,demand_validated,mid,0,0,0,,150000,https://www.mongodb.com/careers/job/?gh_jid=6587328
2026-09-01,MDB,MongoDB,Enterprise Account Executive	,Sales Growth EMEA,London,demand_validated,mid,0,0,0,,,https://www.mongodb.com/careers/job/?gh_jid=7219459
2026-09-01,MDB,MongoDB,"Enterprise Account Executive, Acquisition",Sales LatAm,Mexico City,demand_validated,mid,0,0,0,,,https://www.mongodb.com/careers/job/?gh_jid=5607962
2026-09-01,MDB,MongoDB,"Enterprise Account Executive, Acquisition",Sales APAC (ANZ),Melbourne,demand_validated,mid,0,0,0,,,https://www.mongodb.com/careers/job/?gh_jid=8079676
2026-09-01,MDB,MongoDB,"Enterprise Account Executive, AI Natives",Sales Growth EMEA,London,demand_validated,mid,1,0,0,,,https://www.mongodb.com/careers/job/?gh_jid=8147938
2026-09-01,MDB,MongoDB,"Enterprise Account Executive, AI Natives",Sales Growth EMEA,Berlin; Frankfurt; Munich; Zurich,demand_validated,mid,1,0,0,,,https://www.mongodb.com/careers/job/?gh_jid=8147945
2026-09-01,MDB,MongoDB,"Enterprise Account Executive, AI Natives",Sales Growth EMEA,Paris,demand_validated,mid,1,0,0,,,https://www.mongodb.com/careers/job/?gh_jid=8147941
2026-09-01,MDB,MongoDB,"Enterprise Account Executive, AI Natives",Sales Growth EMEA,Amsterdam; Copenhagen; Stockholm,demand_validated,mid,1,0,0,,,https://www.mongodb.com/careers/job/?gh_jid=8148004
2026-09-01,MDB,MongoDB,Enterprise Account Executive - Bahasa Speaker,Sales APAC (ASEAN),Singapore,demand_validated,mid,0,0,0,,,https://www.mongodb.com/careers/job/?gh_jid=7955987
2026-09-01,MDB,MongoDB,"Enterprise Account Executive (Bahasa, Vietnamese and Thai speaker)",Sales APAC (ASEAN),Singapore,demand_validated,mid,0,0,0,,,https://www.mongodb.com/careers/job/?gh_jid=7211805
2026-09-01,MDB,MongoDB,Enterprise Account Executive (Cyber),Sales Growth EMEA,Tel Aviv,demand_validated,mid,0,0,0,,,https://www.mongodb.com/careers/job/?gh_jid=7628750
2026-09-01,MDB,MongoDB,"Enterprise Account Executive, Federal",Sales US Public Sector,Tysons,demand_validated,mid,0,0,0,,148500,https://www.mongodb.com/careers/job/?gh_jid=7028355
2026-09-01,MDB,MongoDB,"Enterprise Account Executive, Growth",Sales Growth EMEA,Paris,demand_validated,mid,0,0,0,,,https://www.mongodb.com/careers/job/?gh_jid=7256796
2026-09-01,MDB,MongoDB,"Enterprise Account Executive, Growth",Sales Greater China,Taipei,demand_validated,mid,0,0,0,,,https://www.mongodb.com/careers/job/?gh_jid=6688075
2026-09-01,MDB,MongoDB,"Enterprise Account Executive, Growth",Sales Greater China,Beijing; Shanghai; Shenzhen,demand_validated,mid,0,0,0,,,https://www.mongodb.com/careers/job/?gh_jid=6740470
2026-09-01,MDB,MongoDB,"Enterprise Account Executive, Growth",Sales Korea,Seoul,demand_validated,mid,0,0,0,,,https://www.mongodb.com/careers/job/?gh_jid=7912343
2026-09-01,MDB,MongoDB,"Enterprise Account Executive, Growth",Sales Growth EMEA,Frankfurt,demand_validated,mid,0,0,0,,,https://www.mongodb.com/careers/job/?gh_jid=6848268
2026-09-01,MDB,MongoDB,"Enterprise Account Executive, Growth",Sales Growth EMEA,Israel,demand_validated,mid,0,0,0,,,https://www.mongodb.com/careers/job/?gh_jid=7996805
2026-09-01,MDB,MongoDB,"Enterprise Account Executive, Growth",Sales Growth EMEA,Poland,demand_validated,mid,0,0,0,,,https://www.mongodb.com/careers/job/?gh_jid=6987968
2026-09-01,MDB,MongoDB,"Enterprise Account Executive, Growth",Sales Growth NAMER,Austin,demand_validated,mid,0,0,0,,150000,https://www.mongodb.com/careers/job/?gh_jid=7027846
2026-09-01,MDB,MongoDB,"Enterprise Account Executive, Growth",Sales Growth NAMER,Atlanta; Florida; North Carolina; South Carolina; Tennessee,demand_validated,mid,0,0,0,,150000,https://www.mongodb.com/careers/job/?gh_jid=7031396
2026-09-01,MDB,MongoDB,"Enterprise Account Executive, Growth",Sales Growth NAMER,New York City,demand_validated,mid,0,0,0,,150000,https://www.mongodb.com/careers/job/?gh_jid=7032023
2026-09-01,MDB,MongoDB,"Enterprise Account Executive, Growth",Sales APAC (ANZ),Melbourne,demand_validated,mid,0,0,0,,,https://www.mongodb.com/careers/job/?gh_jid=7403891
2026-09-01,MDB,MongoDB,"Enterprise Account Executive, Growth",Sales Growth NAMER,Toronto,demand_validated,mid,0,0,0,,170000,https://www.mongodb.com/careers/job/?gh_jid=7141759
2026-09-01,MDB,MongoDB,"Enterprise Account Executive, Growth",Sales Growth NAMER,Chicago,demand_validated,mid,0,0,0,,150000,https://www.mongodb.com/careers/job/?gh_jid=7191603
2026-09-01,MDB,MongoDB,"Enterprise Account Executive, Growth",Sales APAC (ANZ),Auckland; Melbourne,demand_validated,mid,0,0,0,,,https://www.mongodb.com/careers/job/?gh_jid=8066559
2026-09-01,MDB,MongoDB,"Enterprise Account Executive, Growth",Sales Growth EMEA,Zurich,demand_validated,mid,0,0,0,,,https://www.mongodb.com/careers/job/?gh_jid=7217805
2026-09-01,MDB,MongoDB,"Enterprise Account Executive, Growth",Sales Growth NAMER,Boston; New York City; Pennsylvania,demand_validated,mid,0,0,0,,150000,https://www.mongodb.com/careers/job/?gh_jid=7362626
2026-09-01,MDB,MongoDB,"Enterprise Account Executive, Growth",Sales Growth NAMER,Ohio,demand_validated,mid,0,0,0,,150000,https://www.mongodb.com/careers/job/?gh_jid=7362411
2026-09-01,MDB,MongoDB,"Enterprise Account Executive, Growth",Sales Growth EMEA,Berlin; Frankfurt; Munich,demand_validated,mid,0,0,0,,,https://www.mongodb.com/careers/job/?gh_jid=7219021
2026-09-01,MDB,MongoDB,"Enterprise Account Executive, Growth",Sales Growth NAMER,Montreal,demand_validated,mid,0,0,0,,170000,https://www.mongodb.com/careers/job/?gh_jid=7269518
2026-09-01,MDB,MongoDB,"Enterprise Account Executive, Growth",Sales Growth EMEA,Madrid,demand_validated,mid,0,0,0,,,https://www.mongodb.com/careers/job/?gh_jid=7257122
2026-09-01,MDB,MongoDB,"Enterprise Account Executive, Growth",Sales Growth EMEA,Dubai,demand_validated,mid,0,0,0,,,https://www.mongodb.com/careers/job/?gh_jid=8051197
2026-09-01,MDB,MongoDB,"Enterprise Account Executive, Growth	",Sales Growth NAMER,San Francisco,demand_validated,mid,0,0,0,,150000,https://www.mongodb.com/careers/job/?gh_jid=6755285
2026-09-01,MDB,MongoDB,"Enterprise Account Executive, Growth ( Bahasa Speaker)",Sales APAC (ASEAN),Singapore,demand_validated,mid,0,0,0,,,https://www.mongodb.com/careers/job/?gh_jid=7552596
2026-09-01,MDB,MongoDB,"Enterprise Account Executive, Growth (Digital Native)",Sales Growth EMEA,Tel Aviv,demand_validated,mid,0,0,0,,,https://www.mongodb.com/careers/job/?gh_jid=6640101
2026-09-01,MDB,MongoDB,"Enterprise Account Executive, KSA Public Sector (Arabic Speaker)",Sales Growth EMEA,Dubai,demand_validated,mid,0,0,0,,,https://www.mongodb.com/careers/job/?gh_jid=7429695
2026-09-01,MDB,MongoDB,Enterprise Account Manager - OEM,Sales Greater China,Beijing; Shanghai; Shenzhen,other,mid,0,0,0,,,https://www.mongodb.com/careers/job/?gh_jid=6829771
2026-09-01,MDB,MongoDB,Enterprise Sales Development Representative,Sales Development,Austin,nontech,mid,0,0,0,,50003,https://www.mongodb.com/careers/job/?gh_jid=7311204
2026-09-01,MDB,MongoDB,Escalation Manager,Technical Support Escalation Management,"Dublin, Ireland",other,mid,0,1,0,buzz,,https://www.mongodb.com/careers/job/?gh_jid=8073670
2026-09-01,MDB,MongoDB,Executive Assistant,Executive Support - Sales,Bengaluru; Gurugram,other,mid,0,0,0,,,https://www.mongodb.com/careers/job/?gh_jid=8089929
2026-09-01,MDB,MongoDB,Global Deal Strategy Sr. Manager,Deal Strategy,"Cork, Ireland",other,senior,0,1,0,buzz,,https://www.mongodb.com/careers/job/?gh_jid=8098473
2026-09-01,MDB,MongoDB,Growth Marketing Senior Manager,Growth Marketing,Dublin,nontech,senior,0,0,0,,,https://www.mongodb.com/careers/job/?gh_jid=8121597
2026-09-01,MDB,MongoDB,Growth Marketing Senior Manager,Growth Marketing,United States,nontech,senior,0,0,0,,128500,https://www.mongodb.com/careers/job/?gh_jid=8121595
2026-09-01,MDB,MongoDB,Head of Partner Enablement,Partner Enablement,"Dublin, Ireland; London",nontech,exec,0,0,0,,,https://www.mongodb.com/careers/job/?gh_jid=8077499
2026-09-01,MDB,MongoDB,Head of Revenue Accounting & Order to Cash,"Revenue, OTC & QTC",Palo Alto; San Francisco,nontech,exec,0,0,0,,203500,https://www.mongodb.com/careers/job/?gh_jid=8072501
2026-09-01,MDB,MongoDB,Inside Account Executive,Inside Sales NAMER,Toronto,demand_validated,mid,0,0,0,,90000,https://www.mongodb.com/careers/job/?gh_jid=8021118
2026-09-01,MDB,MongoDB,Inside Account Executive,Inside Sales NAMER,Chicago,demand_validated,mid,0,0,0,,60008,https://www.mongodb.com/careers/job/?gh_jid=8122877
2026-09-01,MDB,MongoDB,Inside Account Executive,Inside Sales NAMER,San Francisco; Utah,demand_validated,mid,0,0,0,,75005,https://www.mongodb.com/careers/job/?gh_jid=8126598
2026-09-01,MDB,MongoDB,International Tax Director,Tax & Treasury,Atlanta; Austin; Baltimore; Charlotte; Chicago; Florida; Houston; Nashville; Raleigh,other,intern,0,3,1,application,191000,https://www.mongodb.com/careers/job/?gh_jid=7843814
2026-09-01,MDB,MongoDB,"Lead, Cloud Operations Engineering",Cloud Operations,"Dublin, Ireland",product_eng,senior,0,0,0,,,https://www.mongodb.com/careers/job/?gh_jid=8060943
2026-09-01,MDB,MongoDB,"Lead, Engineering",Magenta,Gurugram,product_eng,senior,0,0,0,,,https://www.mongodb.com/careers/job/?gh_jid=7590547
2026-09-01,MDB,MongoDB,Lead Forward Deployed Engineer,Magenta,New York City,demand_validated,senior,0,3,1,application,203500,https://www.mongodb.com/careers/job/?gh_jid=8065401
2026-09-01,MDB,MongoDB,"Lead, Growth Marketing ",Growth Marketing,United States,nontech,senior,0,0,0,,139500,https://www.mongodb.com/careers/job/?gh_jid=7950458
2026-09-01,MDB,MongoDB,"Lead, Growth Marketing ",Growth Marketing,Dublin,nontech,senior,0,0,0,,,https://www.mongodb.com/careers/job/?gh_jid=8164691
2026-09-01,MDB,MongoDB,"Lead, Platform Engineering",Data & Platform,Gurugram,product_eng,senior,0,0,0,,,https://www.mongodb.com/careers/job/?gh_jid=8071475
2026-09-01,MDB,MongoDB,"Lead, Revenue","Revenue, OTC & QTC",Gurugram,other,senior,0,0,0,,,https://www.mongodb.com/careers/job/?gh_jid=7736169
2026-09-01,MDB,MongoDB,Lead Salesforce Engineer,GTM Tech,Gurugram,product_eng,senior,0,1,0,buzz,,https://www.mongodb.com/careers/job/?gh_jid=8018420
2026-09-01,MDB,MongoDB,"Manager, Customer Success Management",Customer Success EMEA,Milan; Rome,demand_validated,mid,0,0,0,,,https://www.mongodb.com/careers/job/?gh_jid=8074078
2026-09-01,MDB,MongoDB,"Manager, Engineering",Observability & Adoption Engineering,"Dublin, Ireland",product_eng,mid,0,0,0,,,https://www.mongodb.com/careers/job/?gh_jid=8066812
2026-09-01,MDB,MongoDB,"Manager, Marketplace Accounts Receivable","Revenue, OTC & QTC",Gurugram,other,mid,0,0,0,,,https://www.mongodb.com/careers/job/?gh_jid=7982613
2026-09-01,MDB,MongoDB,"Manager, Premium Support Services",Technical Support Premium Services,Palo Alto,nontech,mid,0,3,1,application,207500,https://www.mongodb.com/careers/job/?gh_jid=7983071
2026-09-01,MDB,MongoDB,"Manager, Sales Development",Sales Development,Boston,nontech,mid,0,0,0,,110000,https://www.mongodb.com/careers/job/?gh_jid=8014384
2026-09-01,MDB,MongoDB,"Manager, Sales Development - French",Sales Development,"Dublin, Ireland",nontech,mid,0,0,0,,,https://www.mongodb.com/careers/job/?gh_jid=8069203
2026-09-01,MDB,MongoDB,"Manager, Sales Development (Kuala Lumpur Based)",Sales Development,Malaysia,nontech,mid,0,0,0,,,https://www.mongodb.com/careers/job/?gh_jid=7732991
2026-09-01,MDB,MongoDB,"Manager, Sales Strategy & Planning",GTM Operations,San Francisco,nontech,mid,0,0,0,,145500,https://www.mongodb.com/careers/job/?gh_jid=8049846
2026-09-01,MDB,MongoDB,"Manager, Site Reliability Engineering - Storage Layer Service",Site Reliability Engineering,New York City,product_eng,mid,0,0,0,,213500,https://www.mongodb.com/careers/job/?gh_jid=7743304
2026-09-01,MDB,MongoDB,"Manager, Site Reliability Engineering - Storage Layer Service",Site Reliability Engineering,Cork,product_eng,mid,0,0,0,,,https://www.mongodb.com/careers/job/?gh_jid=7957589
2026-09-01,MDB,MongoDB,"Manager, Site Reliability Engineering - Storage Layer Service",Site Reliability Engineering,Dublin,product_eng,mid,0,0,0,,,https://www.mongodb.com/careers/job/?gh_jid=7818635
2026-09-01,MDB,MongoDB,"Manager, Solutions Architecture","Solutions Architecture, APAC",Beijing; Shanghai,demand_validated,mid,0,2,0,buzz,,https://www.mongodb.com/careers/job/?gh_jid=8138913
2026-09-01,MDB,MongoDB,"Manager, Solutions Architecture","Solutions Architecture, Growth EMEA",London,demand_validated,mid,0,0,0,,,https://www.mongodb.com/careers/job/?gh_jid=8076696
2026-09-01,MDB,MongoDB,"Manager, Solutions Architecture","Solutions Architecture, LATAM",Mexico City,demand_validated,mid,0,0,0,,,https://www.mongodb.com/careers/job/?gh_jid=7728309
2026-09-01,MDB,MongoDB,"Manager, Technical Services",Technical Support Partners & Migrations,Austin,other,mid,0,0,0,,197000,https://www.mongodb.com/careers/job/?gh_jid=8053153
2026-09-01,MDB,MongoDB,"Manager, Technical Services",Technical Support AMER Public Sector,Austin,other,mid,0,0,0,,197000,https://www.mongodb.com/careers/job/?gh_jid=8056743
2026-09-01,MDB,MongoDB,"Manager, Technical Services",Technical Support APAC,Sydney,other,mid,0,0,0,,,https://www.mongodb.com/careers/job/?gh_jid=8097615
2026-09-01,MDB,MongoDB,"Manager, Technical Services Engineering (Support)",Technical Support AMER,Mexico City,product_eng,mid,0,6,1,application,,https://www.mongodb.com/careers/job/?gh_jid=8100224
2026-09-01,MDB,MongoDB,"Manager, Travel",Controllership,United States,other,mid,0,0,0,,102000,https://www.mongodb.com/careers/job/?gh_jid=8083437
2026-09-01,MDB,MongoDB,Marketing Operations Manager,Marketing Operations,"Dublin, Ireland",nontech,mid,0,3,1,application,,https://www.mongodb.com/careers/job/?gh_jid=8152810
2026-09-01,MDB,MongoDB,Operations Business Analyst,Technical Support Operations,São Paulo,nontech,mid,0,0,0,,,https://www.mongodb.com/careers/job/?gh_jid=8141572
2026-09-01,MDB,MongoDB,Pre-Sales Solutions Architect,Solutions Architecture,São Paulo,demand_validated,mid,0,7,1,application|buzz,,https://www.mongodb.com/careers/job/?gh_jid=7847296
2026-09-01,MDB,MongoDB,Pre-Sales Solutions Architect,Solutions Architecture,Mexico City,demand_validated,mid,0,7,1,application|buzz,,https://www.mongodb.com/careers/job/?gh_jid=7843982
2026-09-01,MDB,MongoDB,Pricing & Monetization Associate,Pricing and Packaging,Toronto,other,mid,0,0,0,,,https://www.mongodb.com/careers/job/?gh_jid=8122634
2026-09-01,MDB,MongoDB,Principal Partner Programs Lead,Partner Programs,London,other,staff_principal,0,0,0,,,https://www.mongodb.com/careers/job/?gh_jid=7942147
2026-09-01,MDB,MongoDB,Principal Partner Specialist,SI Partners,Frankfurt,other,staff_principal,0,0,0,,,https://www.mongodb.com/careers/job/?gh_jid=7887608
2026-09-01,MDB,MongoDB,Principal Partner Specialist,APAC Partner Specialists,Beijing,other,staff_principal,0,0,0,,,https://www.mongodb.com/careers/job/?gh_jid=8141592
2026-09-01,MDB,MongoDB,Principal Partner Specialist,APAC Partner Specialists,Seoul,other,staff_principal,0,0,0,,,https://www.mongodb.com/careers/job/?gh_jid=8143286
2026-09-01,MDB,MongoDB,Principal Partner Specialist,APAC Partner Specialists,Japan,other,staff_principal,0,0,0,,,https://www.mongodb.com/careers/job/?gh_jid=8020464
2026-09-01,MDB,MongoDB,Principal Solutions Architect,"AMP, Sales",Ireland,demand_validated,staff_principal,0,1,0,buzz,,https://www.mongodb.com/careers/job/?gh_jid=7657684
2026-09-01,MDB,MongoDB,Principal Solutions Architect,"AMP, Sales",Great Britain,demand_validated,staff_principal,0,1,0,buzz,,https://www.mongodb.com/careers/job/?gh_jid=7657688
2026-09-01,MDB,MongoDB,Principal Solutions Architect,"AMP, Sales",France,demand_validated,staff_principal,0,1,0,buzz,,https://www.mongodb.com/careers/job/?gh_jid=7564234
2026-09-01,MDB,MongoDB,Principal Technologist / Field CTO,Strategic Developer Relations,India,other,staff_principal,0,0,0,,,https://www.mongodb.com/careers/job/?gh_jid=6381035
2026-09-01,MDB,MongoDB,"Product Manager, Internal Financial Data",Data & Platform,Austin; New York City; Palo Alto; San Francisco; United States,product_eng,intern,0,0,0,,160000,https://www.mongodb.com/careers/job/?gh_jid=7908293
2026-09-01,MDB,MongoDB,Product Pricing & Monetization Strategy - Associate,Product Management,New York City,other,mid,0,0,0,,124500,https://www.mongodb.com/careers/job/?gh_jid=7523751
2026-09-01,MDB,MongoDB,"Product Security Engineer, Server",Product Security,New York City; Seattle; United States,product_eng,mid,0,0,0,,157500,https://www.mongodb.com/careers/job/?gh_jid=8098695
2026-09-01,MDB,MongoDB,"Program Coordinator, Early Talent",Early Talent Recruiting,Austin,other,mid,0,0,0,,56160,https://www.mongodb.com/careers/job/?gh_jid=8106084
2026-09-01,MDB,MongoDB,Program Manager 3,Finance Enablement & Operations,Dublin,other,mid,0,0,0,,,https://www.mongodb.com/careers/job/?gh_jid=7960940
2026-09-01,MDB,MongoDB,"Public Sector Enterprise Account Executive, Growth",Sales Growth EMEA,Amsterdam,demand_validated,mid,0,0,0,,,https://www.mongodb.com/careers/job/?gh_jid=6633264
2026-09-01,MDB,MongoDB,Recruiter,Recruiting ,India,nontech,mid,0,0,0,,,https://www.mongodb.com/careers/job/?gh_jid=8106260
2026-09-01,MDB,MongoDB,Recruiter,Recruiting ,Gurugram,nontech,mid,0,0,0,,,https://www.mongodb.com/careers/job/?gh_jid=8119756
2026-09-01,MDB,MongoDB,"Regional Director, Enterprise, Growth",Sales Growth EMEA,London,other,director,0,0,0,,,https://www.mongodb.com/careers/job/?gh_jid=8148001
2026-09-01,MDB,MongoDB,Regional Employee Experience Manager,Employee Experience APAC & India,Tokyo,other,mid,0,0,0,,,https://www.mongodb.com/careers/job/?gh_jid=8089932
2026-09-01,MDB,MongoDB,Regional Marketing Manager,International Marketing - EMEA,London,nontech,mid,0,0,0,,,https://www.mongodb.com/careers/job/?gh_jid=8129878
2026-09-01,MDB,MongoDB,"Regional Vice President, Enterprise, Acquisition",Sales APAC (ASEAN),Japan,other,exec,0,0,0,,,https://www.mongodb.com/careers/job/?gh_jid=8090745
2026-09-01,MDB,MongoDB,"Regional Vice President, Enterprise, Growth",Sales APAC (India),Gurugram,other,exec,0,0,0,,,https://www.mongodb.com/careers/job/?gh_jid=8079967
2026-09-01,MDB,MongoDB,Renewals Manager - French Speaker,Renewals,"Dublin, Ireland",other,mid,0,0,0,,,https://www.mongodb.com/careers/job/?gh_jid=8122025
2026-09-01,MDB,MongoDB,Revenue Operation Manager,"Revenue, OTC & QTC",Palo Alto,other,mid,0,0,0,,116000,https://www.mongodb.com/careers/job/?gh_jid=8157127
2026-09-01,MDB,MongoDB,Salesforce CPQ engineer 3,GTM Tech,Gurugram,product_eng,mid,0,4,1,application|buzz,,https://www.mongodb.com/careers/job/?gh_jid=7779016
2026-09-01,MDB,MongoDB,"Salesforce Engineer III, FedRAMP",GTM Tech,United States,product_eng,mid,0,1,0,buzz,149500,https://www.mongodb.com/careers/job/?gh_jid=7948530
2026-09-01,MDB,MongoDB,Sales Operations Analyst,Sales Data Strategy & Insights,Gurugram,nontech,mid,0,0,0,,,https://www.mongodb.com/careers/job/?gh_jid=8015833
2026-09-01,MDB,MongoDB,Sales Support Associate,Sales Data Strategy & Insights,Gurugram,nontech,mid,0,0,0,,,https://www.mongodb.com/careers/job/?gh_jid=8108390
2026-09-01,MDB,MongoDB,Sales Support Associate,Sales Data Strategy & Insights,Gurugram,nontech,mid,0,0,0,,,https://www.mongodb.com/careers/job/?gh_jid=7110155
2026-09-01,MDB,MongoDB,"Security Software Engineer, Infrastructure Security (Staff or Senior)",Site Reliability Engineering,Dublin; Ireland,product_eng,staff_principal,0,0,0,,,https://www.mongodb.com/careers/job/?gh_jid=7727899
2026-09-01,MDB,MongoDB,"Security Software Engineer, Infrastructure Security (Staff or Senior)",Site Reliability Engineering,Austin; New York City; San Francisco; Seattle; United States,product_eng,staff_principal,0,0,0,,188000,https://www.mongodb.com/careers/job/?gh_jid=7727896
2026-09-01,MDB,MongoDB,"Senior Accountant, Technical Revenue",Global Accounting ,Austin; New York City; Palo Alto,other,senior,0,0,0,,99500,https://www.mongodb.com/careers/job/?gh_jid=7557741
2026-09-01,MDB,MongoDB,"Senior Account Executive, Acquisition - Digital Native",Sales APAC (ANZ),Sydney,demand_validated,senior,0,1,0,buzz,,https://www.mongodb.com/careers/job/?gh_jid=6586315
2026-09-01,MDB,MongoDB,"Senior Account Executive, Acquisition ( Digital Native)",Sales APAC (ANZ),Sydney,demand_validated,senior,0,1,0,buzz,,https://www.mongodb.com/careers/job/?gh_jid=8003451
2026-09-01,MDB,MongoDB,Senior Administrator - Business Systems,GTM Tech,Gurugram,other,senior,0,4,1,application|buzz,,https://www.mongodb.com/careers/job/?gh_jid=7778975
2026-09-01,MDB,MongoDB,Senior Administrator - Business Systems,GTM Tech,Gurugram,other,senior,0,4,1,application|buzz,,https://www.mongodb.com/careers/job/?gh_jid=8036348
2026-09-01,MDB,MongoDB,"Senior Associate, HR Shared Services",HR Operations,Gurugram,nontech,senior,0,0,0,,,https://www.mongodb.com/careers/job/?gh_jid=8128617
2026-09-01,MDB,MongoDB,"Senior Commercial Growth Account Executive, Acquisition ( Bahasa Speaker)",Sales APAC (ASEAN),Singapore,demand_validated,senior,0,0,0,,,https://www.mongodb.com/careers/job/?gh_jid=7759971
2026-09-01,MDB,MongoDB,Senior Compensation Manager,Total Rewards,Atlanta; Austin; Baltimore; Boston; Chicago; Houston; Minneapolis; New York City; Philadelphia; Pittsburgh; Washington DC,other,senior,0,0,0,,145500,https://www.mongodb.com/careers/job/?gh_jid=8055126
2026-09-01,MDB,MongoDB,Senior Consulting Engineer,PS Field Delivery,Great Britain; London,product_eng,senior,0,0,0,,,https://www.mongodb.com/careers/job/?gh_jid=8127859
2026-09-01,MDB,MongoDB,Senior Consulting Engineer,PS Field Delivery,Tel Aviv,product_eng,senior,0,0,0,,,https://www.mongodb.com/careers/job/?gh_jid=7925284
2026-09-01,MDB,MongoDB,Senior Consulting Engineer,PS Field Delivery,Rome,product_eng,senior,0,0,0,,,https://www.mongodb.com/careers/job/?gh_jid=8109295
2026-09-01,MDB,MongoDB,Senior Consulting Engineer,PS Field Delivery,Paris,product_eng,senior,0,0,0,,,https://www.mongodb.com/careers/job/?gh_jid=8109743
2026-09-01,MDB,MongoDB,Senior Customer Success Manager,Customer Success Americas,Montreal,demand_validated,senior,0,0,0,,127500,https://www.mongodb.com/careers/job/?gh_jid=7944089
2026-09-01,MDB,MongoDB,Senior Customer Success Manager,Customer Success Americas,Chicago,demand_validated,senior,0,0,0,,143500,https://www.mongodb.com/careers/job/?gh_jid=8053367
2026-09-01,MDB,MongoDB,Senior Customer Success Manager,Customer Success EMEA,"Dublin, Ireland; London",demand_validated,senior,0,0,0,,,https://www.mongodb.com/careers/job/?gh_jid=8091796
2026-09-01,MDB,MongoDB,Senior Customer Success Manager,Customer Success APAC,Melbourne,demand_validated,senior,0,0,0,,,https://www.mongodb.com/careers/job/?gh_jid=8129890
2026-09-01,MDB,MongoDB,Senior Customer Success Manager,Customer Success APAC,Hong Kong,demand_validated,senior,0,1,0,buzz,,https://www.mongodb.com/careers/job/?gh_jid=8161371
2026-09-01,MDB,MongoDB,Senior Customer Success Manager,Customer Success Americas,San Francisco,demand_validated,senior,0,0,0,,143500,https://www.mongodb.com/careers/job/?gh_jid=8160195
2026-09-01,MDB,MongoDB,Senior Customer Success Manager,Customer Success EMEA,Madrid,demand_validated,senior,0,0,0,,,https://www.mongodb.com/careers/job/?gh_jid=8071152
2026-09-01,MDB,MongoDB,Senior Customer Success Manager,Customer Success,Tel Aviv,demand_validated,senior,0,0,0,,,https://www.mongodb.com/careers/job/?gh_jid=8081197
2026-09-01,MDB,MongoDB,Senior Customer Success Manager,Customer Success Americas,Washington DC,demand_validated,senior,0,0,0,,143500,https://www.mongodb.com/careers/job/?gh_jid=8060803
2026-09-01,MDB,MongoDB,Senior Customer Success Manager,Customer Success Americas,Atlanta; Austin; Dallas; Denver,demand_validated,senior,0,1,0,buzz,143500,https://www.mongodb.com/careers/job/?gh_jid=8059729
2026-09-01,MDB,MongoDB,Senior Data Analyst,Analytics,United States,other,senior,0,0,0,,122500,https://www.mongodb.com/careers/job/?gh_jid=7696633
2026-09-01,MDB,MongoDB,"Senior Data Product Manager, Product Telemetry",Data & Platform,New York City; Palo Alto; San Francisco,product_eng,senior,0,3,1,application,243500,https://www.mongodb.com/careers/job/?gh_jid=7428476
2026-09-01,MDB,MongoDB,Senior Data Scientist,Analytics,"Cork, Ireland; Dublin, Ireland",product_eng,senior,0,6,1,buzz|general_medium|model_infra,,https://www.mongodb.com/careers/job/?gh_jid=8135458
2026-09-01,MDB,MongoDB,"Senior Director, Customer Health & Critical Accounts",Customer Success Center of Excellence,Austin; Boston; Chicago; Denver; Los Angeles; New York City; United States,other,director,0,1,0,buzz,300500,https://www.mongodb.com/careers/job/?gh_jid=8088171
2026-09-01,MDB,MongoDB,"Senior Director, Global AI Native & POD Program",GTM Operations,Austin; New York City; San Francisco,other,director,1,0,0,,190000,https://www.mongodb.com/careers/job/?gh_jid=8092253
2026-09-01,MDB,MongoDB,"Senior Director, HR Business Partnering",HR Business Partners,Atlanta; Austin; Baltimore; Boston; Chicago; Dallas; Houston; Minneapolis; Nashville; New York City; Palo Alto; Raleigh; San Francisco; Seattle; St. Louis,nontech,director,0,3,1,application,224000,https://www.mongodb.com/careers/job/?gh_jid=7858876
2026-09-01,MDB,MongoDB,"Senior Director, Partner Specialists",APAC Partner Specialists,Bengaluru; Gurugram; Mumbai,other,director,0,0,0,,,https://www.mongodb.com/careers/job/?gh_jid=8020483
2026-09-01,MDB,MongoDB,"Senior Director, Partner Specialists",Cloud Partners,London,other,director,0,0,0,,,https://www.mongodb.com/careers/job/?gh_jid=8029188
2026-09-01,MDB,MongoDB,"Senior Director Product Management, Growth",Growth PM,United States,other,director,0,0,0,,240500,https://www.mongodb.com/careers/job/?gh_jid=8157328
2026-09-01,MDB,MongoDB,Senior Engineer,Internal Engineering,Gurugram,product_eng,senior,0,0,0,,,https://www.mongodb.com/careers/job/?gh_jid=8119523
2026-09-01,MDB,MongoDB,Senior Engineer - Business Systems (FP&A),FIN Tech,Bengaluru; Gurugram,product_eng,senior,0,0,0,,,https://www.mongodb.com/careers/job/?gh_jid=7942613
2026-09-01,MDB,MongoDB,Senior Engineer - Business Systems (Integrations),GTM Tech,Gurugram,product_eng,senior,0,3,1,application,,https://www.mongodb.com/careers/job/?gh_jid=7778978
2026-09-01,MDB,MongoDB,Senior Engineer - GTM Tech,GTM Tech,Gurugram,product_eng,senior,0,4,1,application|buzz,,https://www.mongodb.com/careers/job/?gh_jid=8008794
2026-09-01,MDB,MongoDB,Senior Engineer - GTM Tech,GTM Tech,Gurugram,product_eng,senior,0,4,1,application|buzz,,https://www.mongodb.com/careers/job/?gh_jid=8094387
2026-09-01,MDB,MongoDB,"Senior Engineering Manager, Developer Productivity",R&D Developer Productivity,Alberta; British Columbia; Manitoba; Nova Scotia; Ontario; Quebec,product_eng,senior,0,3,1,application,228000,https://www.mongodb.com/careers/job/?gh_jid=8052620
2026-09-01,MDB,MongoDB,"Senior Engineering Manager, Developer Productivity",R&D Developer Productivity,United States,product_eng,senior,0,3,1,application,224000,https://www.mongodb.com/careers/job/?gh_jid=8052618
2026-09-01,MDB,MongoDB,Senior Enterprise Account Executive,Sales Growth EMEA,London,demand_validated,senior,0,0,0,,,https://www.mongodb.com/careers/job/?gh_jid=7227836
2026-09-01,MDB,MongoDB,"Senior Enterprise Account Executive, Acquisition",Sales APAC (India),Mumbai,demand_validated,senior,0,0,0,,,https://www.mongodb.com/careers/job/?gh_jid=8081026
2026-09-01,MDB,MongoDB,"Senior Enterprise Account Executive, Growth",Sales Growth NAMER,St. Louis,demand_validated,senior,0,0,0,,160000,https://www.mongodb.com/careers/job/?gh_jid=8039113
2026-09-01,MDB,MongoDB,"Senior Enterprise Account Executive, Growth",Sales Growth NAMER,Austin; Dallas; Houston,demand_validated,senior,0,0,0,,160000,https://www.mongodb.com/careers/job/?gh_jid=7998023
2026-09-01,MDB,MongoDB,"Senior Enterprise Account Executive, Growth",Sales Growth NAMER,Denver,demand_validated,senior,0,0,0,,160000,https://www.mongodb.com/careers/job/?gh_jid=7687359
2026-09-01,MDB,MongoDB,"Senior Enterprise Account Executive, Growth",Sales LatAm,Mexico City,demand_validated,senior,0,0,0,,,https://www.mongodb.com/careers/job/?gh_jid=5050863
2026-09-01,MDB,MongoDB,"Senior Enterprise Account Executive, Growth",Sales Growth NAMER,New York City,demand_validated,senior,0,0,0,,160000,https://www.mongodb.com/careers/job/?gh_jid=8097302
2026-09-01,MDB,MongoDB,"Senior Enterprise Account Executive, Growth",Sales APAC (ASEAN),Singapore,demand_validated,senior,0,0,0,,,https://www.mongodb.com/careers/job/?gh_jid=8050026
2026-09-01,MDB,MongoDB,Senior/ Enterprise Account Executive - Strategic Account,Sales APAC (ASEAN),Singapore,demand_validated,senior,0,0,0,,,https://www.mongodb.com/careers/job/?gh_jid=7490900
2026-09-01,MDB,MongoDB,Senior Executive Assistant,Executive Support - Sales,Los Angeles; Palo Alto; San Francisco,other,senior,0,0,0,,100500,https://www.mongodb.com/careers/job/?gh_jid=8060719
2026-09-01,MDB,MongoDB,Senior Executive Recruiter,Recruiting ,New York City,nontech,senior,0,0,0,,129000,https://www.mongodb.com/careers/job/?gh_jid=8130878
2026-09-01,MDB,MongoDB,Senior Forward Deployed Engineer,Magenta,United States,demand_validated,senior,0,6,1,application,187000,https://www.mongodb.com/careers/job/?gh_jid=8094523
2026-09-01,MDB,MongoDB,Senior Forward Deployed Engineer,Magenta,Gurugram,demand_validated,senior,0,6,1,application,,https://www.mongodb.com/careers/job/?gh_jid=8094513
2026-09-01,MDB,MongoDB,Senior IT VIP Support Specialist,Global Enterprise Technology (GET),Palo Alto,nontech,senior,0,3,1,application,140000,https://www.mongodb.com/careers/job/?gh_jid=8046751
2026-09-01,MDB,MongoDB,"Senior Manager, Brand Design",Brand Creative,United States,nontech,senior,0,0,0,,154000,https://www.mongodb.com/careers/job/?gh_jid=8023944
2026-09-01,MDB,MongoDB,"Senior Manager, EMEA Payroll",Controllership,"Cork, Ireland; Dublin, Ireland",nontech,senior,0,0,0,,,https://www.mongodb.com/careers/job/?gh_jid=8003632
2026-09-01,MDB,MongoDB,"Senior Manager, Financial Planning & Analysis",FP&A - G&A & Corporate,Dublin,other,senior,0,0,0,,,https://www.mongodb.com/careers/job/?gh_jid=8072506
2026-09-01,MDB,MongoDB,"Senior Manager, Financial Planning & Analysis",FP&A - G&A & Corporate,Austin; New York City,other,senior,0,0,0,,149500,https://www.mongodb.com/careers/job/?gh_jid=8072504
2026-09-01,MDB,MongoDB,"Senior Manager, HR Compliance - Americas",Employee Experience AMER,United States,nontech,senior,0,0,0,,120500,https://www.mongodb.com/careers/job/?gh_jid=7835609
2026-09-01,MDB,MongoDB,"Senior Manager, M&A Integration",Finance & Administration ,Austin; New York City; Palo Alto; United States,other,senior,0,0,0,,141000,https://www.mongodb.com/careers/job/?gh_jid=8119799
2026-09-01,MDB,MongoDB,"Senior Manager, Policy and Controls Governance","Assurance, Risk & Compliance",United States,other,senior,0,0,0,,169000,https://www.mongodb.com/careers/job/?gh_jid=8089892
2026-09-01,MDB,MongoDB,"Senior Manager, Sales Operations",GTM Operations,"Dublin, Ireland",nontech,senior,0,0,0,,,https://www.mongodb.com/careers/job/?gh_jid=8056742
2026-09-01,MDB,MongoDB,"Senior Manager, Solutions Architecture (Cloud Partnerships)","Solutions Architecture, Partners",Seattle; United States,demand_validated,senior,0,0,0,,216000,https://www.mongodb.com/careers/job/?gh_jid=8119328
2026-09-01,MDB,MongoDB,"Senior Manager, Technical Revenue","Revenue, OTC & QTC",Austin; New York City; Palo Alto,other,senior,0,0,0,,157500,https://www.mongodb.com/careers/job/?gh_jid=7736164
2026-09-01,MDB,MongoDB,"Senior Marketing Manager, U.S. Public Sector",Americas Marketing,United States,nontech,senior,0,0,0,,124500,https://www.mongodb.com/careers/job/?gh_jid=8035641
2026-09-01,MDB,MongoDB,Senior Partner Marketing Manager,Global Demand Center,Atlanta; Austin; Chicago,nontech,senior,0,0,0,,124500,https://www.mongodb.com/careers/job/?gh_jid=8130589
2026-09-01,MDB,MongoDB,Senior Partner Solutions Architect,"Solutions Architecture, Partners",India,demand_validated,senior,0,6,1,application,,https://www.mongodb.com/careers/job/?gh_jid=7997737
2026-09-01,MDB,MongoDB,Senior Partner Solutions Architect,"Solutions Architecture, Partners",Sydney,demand_validated,senior,0,0,0,,,https://www.mongodb.com/careers/job/?gh_jid=7952245
2026-09-01,MDB,MongoDB,Senior Platform Engineer,Data & Platform,Gurugram,product_eng,senior,0,0,0,,,https://www.mongodb.com/careers/job/?gh_jid=7924987
2026-09-01,MDB,MongoDB,Senior Pre-Sales Solutions Architect,Scaled Solutions Architecture,São Paulo,demand_validated,senior,0,7,1,application|buzz,,https://www.mongodb.com/careers/job/?gh_jid=7658084
2026-09-01,MDB,MongoDB,Senior Pre-Sales Solutions Architect,Scaled Solutions Architecture,Mexico City,demand_validated,senior,0,7,1,application|buzz,,https://www.mongodb.com/careers/job/?gh_jid=7719062
2026-09-01,MDB,MongoDB,Senior Product Manager,Magenta,Gurugram,product_eng,senior,0,11,1,application|data_ml_ops|model_infra,,https://www.mongodb.com/careers/job/?gh_jid=7851080
2026-09-01,MDB,MongoDB,Senior Product Manager,Product Management,Dublin; Ireland,product_eng,senior,0,0,0,,,https://www.mongodb.com/careers/job/?gh_jid=7113803
2026-09-01,MDB,MongoDB,Senior Product Manager,Product & Technology,San Francisco,product_eng,senior,0,8,1,application|data_ml_ops,,https://www.mongodb.com/careers/job/?gh_jid=8128356
2026-09-01,MDB,MongoDB,"Senior Product Manager, Post Sales",GTM Tech,Austin; New York City; Palo Alto; Seattle,product_eng,senior,0,1,0,buzz,201000,https://www.mongodb.com/careers/job/?gh_jid=7975695
2026-09-01,MDB,MongoDB,Senior Product Manager - Quote to Cash,FIN Tech,Palo Alto,product_eng,senior,0,0,0,,201000,https://www.mongodb.com/careers/job/?gh_jid=8082623
2026-09-01,MDB,MongoDB,"Senior Product Security Engineer, Server",Product Security,"Dublin, Ireland",product_eng,senior,0,0,0,,,https://www.mongodb.com/careers/job/?gh_jid=7484909
2026-09-01,MDB,MongoDB,"Senior Product Security Engineer, Server",Product Security,"Cork, Ireland",product_eng,senior,0,0,0,,,https://www.mongodb.com/careers/job/?gh_jid=7956226
2026-09-01,MDB,MongoDB,Senior Python Engineer,Database Experience,British Columbia; Ontario,product_eng,senior,0,9,1,application,163000,https://www.mongodb.com/careers/job/?gh_jid=7742877
2026-09-01,MDB,MongoDB,Senior Python Engineer,Database Experience,United States,product_eng,senior,0,9,1,application,187000,https://www.mongodb.com/careers/job/?gh_jid=7742875
2026-09-01,MDB,MongoDB,Senior Real Estate Coordinator,Real Estate,Bengaluru; Gurugram,other,senior,0,0,0,,,https://www.mongodb.com/careers/job/?gh_jid=8094118
2026-09-01,MDB,MongoDB,Senior Relationship Account Manager,Relationship Account Management,Bengaluru; Gurugram,other,senior,0,0,0,,,https://www.mongodb.com/careers/job/?gh_jid=8083346
2026-09-01,MDB,MongoDB,Senior Research Scientist,Voyage AI Research,Palo Alto,research,senior,0,24,1,application|buzz|general_medium|model_infra,187000,https://www.mongodb.com/careers/job/?gh_jid=7891161
2026-09-01,MDB,MongoDB,Senior Salesforce Engineer,GTM Tech,New York City,product_eng,senior,0,4,1,application|buzz,174500,https://www.mongodb.com/careers/job/?gh_jid=7991447
2026-09-01,MDB,MongoDB,Senior Salesforce Engineer,GTM Tech,Gurugram,product_eng,senior,0,4,1,application|buzz,,https://www.mongodb.com/careers/job/?gh_jid=8018423
2026-09-01,MDB,MongoDB,Senior Sales Operations Analyst,GTM Operations,"Cork, Ireland; Dublin, Ireland",nontech,senior,0,10,1,application|buzz|general_medium,,https://www.mongodb.com/careers/job/?gh_jid=7892114
2026-09-01,MDB,MongoDB,Senior Site Reliability Engineer,Magenta,Gurugram,product_eng,senior,0,0,0,,,https://www.mongodb.com/careers/job/?gh_jid=8051379
2026-09-01,MDB,MongoDB,"Senior Site Reliability Engineer,  Fleet Management",Site Reliability Engineering,Austin; Boston; Chicago; Denver; Miami; New York City; San Francisco; Seattle; United States,product_eng,senior,0,0,0,,188000,https://www.mongodb.com/careers/job/?gh_jid=7727873
2026-09-01,MDB,MongoDB,Senior Software Engineer,Durable TXs & Availability,Sydney,product_eng,senior,0,0,0,,,https://www.mongodb.com/careers/job/?gh_jid=8020377
2026-09-01,MDB,MongoDB,Senior Software Engineer,Database Experience,Atlanta; Austin; Baltimore; Boston; Charlotte; Chicago; Columbus; Dallas; Miami; Nashville; New York City; Philadelphia; Pittsburgh; Princeton; Raleigh; Tysons; Washington DC,product_eng,senior,0,0,0,,187000,https://www.mongodb.com/careers/job/?gh_jid=8065483
2026-09-01,MDB,MongoDB,"Senior Software Engineer, AI Builder Experience (ABX)",AI Builder Experience,Gurugram,product_eng,senior,1,6,1,application,,https://www.mongodb.com/careers/job/?gh_jid=8106099
2026-09-01,MDB,MongoDB,"Senior Software Engineer, AI Framework Integrations",AI Builder Experience,Gurugram,product_eng,senior,1,18,1,application,,https://www.mongodb.com/careers/job/?gh_jid=8107301
2026-09-01,MDB,MongoDB,"Senior Software Engineer, Atlas API Experience",Atlas Core Data Services,Dublin,product_eng,senior,0,0,0,,,https://www.mongodb.com/careers/job/?gh_jid=8035228
2026-09-01,MDB,MongoDB,"Senior Software Engineer, Atlas Clusters",Atlas Core Data Services,Dublin,product_eng,senior,0,0,0,,,https://www.mongodb.com/careers/job/?gh_jid=7588895
2026-09-01,MDB,MongoDB,"Senior Software Engineer, Atlas Search Systems",Atlas Search,Toronto,product_eng,senior,0,6,1,application,189000,https://www.mongodb.com/careers/job/?gh_jid=8081430
2026-09-01,MDB,MongoDB,"Senior Software Engineer, Forward Deployed AI Engineer",App Modernization PM,"Cork, Ireland; Dublin, Ireland",demand_validated,senior,1,1,0,buzz,,https://www.mongodb.com/careers/job/?gh_jid=7392902
2026-09-01,MDB,MongoDB,"Senior Software Engineer, Forward Deployed AI Engineer",App Modernization PM,Ireland,demand_validated,senior,1,1,0,buzz,,https://www.mongodb.com/careers/job/?gh_jid=7590735
2026-09-01,MDB,MongoDB,"Senior Software Engineer, Identity & Access Management",Identity and Access Management,New York City,product_eng,senior,0,0,0,,187000,https://www.mongodb.com/careers/job/?gh_jid=8140617
2026-09-01,MDB,MongoDB,"Senior Software Engineer, Observability",Product & Technology,Dublin,product_eng,senior,0,0,0,,,https://www.mongodb.com/careers/job/?gh_jid=7695616
2026-09-01,MDB,MongoDB,"Senior Software Engineer, Public Backup",Durable TXs & Availability,New York City,product_eng,senior,0,0,0,,187000,https://www.mongodb.com/careers/job/?gh_jid=7975692
2026-09-01,MDB,MongoDB,"Senior Software Engineer, Query Execution",Query,Ireland,product_eng,senior,0,0,0,,,https://www.mongodb.com/careers/job/?gh_jid=8055471
2026-09-01,MDB,MongoDB," Senior Software Engineer, Search Deployments Infrastructure ",Atlas Search,San Francisco,product_eng,senior,0,9,1,application,187000,https://www.mongodb.com/careers/job/?gh_jid=8081945
2026-09-01,MDB,MongoDB,"Senior Software Engineer, Server Networking Security (Rust)",Clusters & Interfaces,"Cork, Ireland; Dublin, Ireland",product_eng,senior,0,0,0,,,https://www.mongodb.com/careers/job/?gh_jid=7653008
2026-09-01,MDB,MongoDB,"Senior Software Engineer, Server Security",Clusters & Interfaces,New York City,product_eng,senior,0,0,0,,187000,https://www.mongodb.com/careers/job/?gh_jid=7815677
2026-09-01,MDB,MongoDB,"Senior Software Engineer, Server Security",Clusters & Interfaces,Toronto,product_eng,senior,0,0,0,,163000,https://www.mongodb.com/careers/job/?gh_jid=7815679
2026-09-01,MDB,MongoDB,"Senior Software Engineer, Storage Layer Services",Durable TXs & Availability,New York City; United States,product_eng,senior,0,0,0,,187000,https://www.mongodb.com/careers/job/?gh_jid=7947560
2026-09-01,MDB,MongoDB,Senior Solutions Architect,"Solutions Architecture, Growth EMEA",Paris,demand_validated,senior,0,7,1,application|buzz,,https://www.mongodb.com/careers/job/?gh_jid=7806547
2026-09-01,MDB,MongoDB,Senior Solutions Architect,"Solutions Architecture, Growth EMEA",London,demand_validated,senior,0,7,1,application|buzz,,https://www.mongodb.com/careers/job/?gh_jid=8109970
2026-09-01,MDB,MongoDB,Senior Solutions Architect,"Solutions Architecture, Growth EMEA",Sweden,demand_validated,senior,0,7,1,application|buzz,,https://www.mongodb.com/careers/job/?gh_jid=8109509
2026-09-01,MDB,MongoDB,Senior Solutions Architect,"Solutions Architecture, APAC",Singapore,demand_validated,senior,0,7,1,application|buzz,,https://www.mongodb.com/careers/job/?gh_jid=8161404
2026-09-01,MDB,MongoDB,Senior Solutions Architect,"Solutions Architecture, APAC",Shenzhen,demand_validated,senior,0,7,1,application|buzz,,https://www.mongodb.com/careers/job/?gh_jid=7157100
2026-09-01,MDB,MongoDB,Senior Solutions Architect,"Solutions Architecture, APAC",Singapore,demand_validated,senior,0,7,1,application|buzz,,https://www.mongodb.com/careers/job/?gh_jid=8152623
2026-09-01,MDB,MongoDB,Senior Solutions Architect,"Solutions Architecture, Partners",Japan,demand_validated,senior,0,0,0,,,https://www.mongodb.com/careers/job/?gh_jid=8120181
2026-09-01,MDB,MongoDB,Senior Solutions Architect (Pre-Sales),"Solutions Architecture, LATAM",São Paulo,demand_validated,senior,0,8,1,application|buzz,,https://www.mongodb.com/careers/job/?gh_jid=8050412
2026-09-01,MDB,MongoDB,Senior Solutions Architect (Pre-Sales),Solutions Architecture,Montreal; Toronto,demand_validated,senior,0,8,1,application|buzz,155000,https://www.mongodb.com/careers/job/?gh_jid=8054272
2026-09-01,MDB,MongoDB,Senior Solutions Architect (Pre-Sales),"Solutions Architecture, Growth NA",Minneapolis; Minnesota,demand_validated,senior,0,7,1,application|buzz,154000,https://www.mongodb.com/careers/job/?gh_jid=8128855
2026-09-01,MDB,MongoDB,Senior Solutions Architect (Pre-Sales),"Solutions Architecture, Growth NA",Denver,demand_validated,senior,0,7,1,application|buzz,154000,https://www.mongodb.com/careers/job/?gh_jid=8119292
2026-09-01,MDB,MongoDB,Senior Solutions Architect (Pre-Sales),"Solutions Architecture, Growth NA",Los Angeles; San Diego,demand_validated,senior,0,7,1,application|buzz,154000,https://www.mongodb.com/careers/job/?gh_jid=8078069
2026-09-01,MDB,MongoDB,Senior Solutions Architect (Pre-Sales),"Solutions Architecture, Growth NA",Austin; Dallas; Houston,demand_validated,senior,0,7,1,application|buzz,154000,https://www.mongodb.com/careers/job/?gh_jid=8152813
2026-09-01,MDB,MongoDB,"Senior Specialist 2, Tax",Tax & Treasury,Gurugram,other,senior,0,0,0,,,https://www.mongodb.com/careers/job/?gh_jid=7951947
2026-09-01,MDB,MongoDB,"Senior Specialist, Industry Solutions",Industry Solutions,Barcelona,other,senior,0,0,0,,,https://www.mongodb.com/careers/job/?gh_jid=8045879
2026-09-01,MDB,MongoDB,Senior Staff Engineer,Atlas Core Data Services,Dublin,product_eng,staff_principal,0,0,0,,,https://www.mongodb.com/careers/job/?gh_jid=7711840
2026-09-01,MDB,MongoDB,"Senior Staff Engineer, AMP",App Modernization ENG,California; Oregon; Washington,product_eng,staff_principal,0,2,0,buzz,274000,https://www.mongodb.com/careers/job/?gh_jid=7617019
2026-09-01,MDB,MongoDB,"Senior Staff Engineer, AMP",App Modernization ENG,British Columbia,product_eng,staff_principal,0,2,0,buzz,249500,https://www.mongodb.com/careers/job/?gh_jid=7678147
2026-09-01,MDB,MongoDB,"Senior Staff Enterprise Architect, Data",Enterprise Architecture,Palo Alto,product_eng,staff_principal,0,7,1,application|buzz,263000,https://www.mongodb.com/careers/job/?gh_jid=7644002
2026-09-01,MDB,MongoDB,"Senior Staff Product Manager, Query",Product Management,United States,product_eng,staff_principal,0,3,1,application,274000,https://www.mongodb.com/careers/job/?gh_jid=7993419
2026-09-01,MDB,MongoDB,"Senior Staff Product Manager, Query",Product Management,Alberta; British Columbia; Manitoba; Nova Scotia; Quebec,product_eng,staff_principal,0,3,1,application,206500,https://www.mongodb.com/careers/job/?gh_jid=8028593
2026-09-01,MDB,MongoDB,"Senior Staff Product Manager, Query",Product Management,Ontario,product_eng,staff_principal,0,3,1,application,206500,https://www.mongodb.com/careers/job/?gh_jid=8028587
2026-09-01,MDB,MongoDB,Senior Technical Program Manager Atlas Clusters,Atlas Core Data Services,"Cork, Ireland; Dublin, Ireland",other,senior,0,0,0,,,https://www.mongodb.com/careers/job/?gh_jid=7672303
2026-09-01,MDB,MongoDB,Senior Workplace Coordinator,Workplace,Austin,other,senior,0,0,0,,66500,https://www.mongodb.com/careers/job/?gh_jid=8075787
2026-09-01,MDB,MongoDB,Services Sales (Engagement Manager),PS Engagement Management,San Francisco,nontech,mid,0,0,0,,155500,https://www.mongodb.com/careers/job/?gh_jid=7599693
2026-09-01,MDB,MongoDB,Site Reliability Engineer 3,Site Reliability Engineering,New York City,product_eng,mid,0,0,0,,164500,https://www.mongodb.com/careers/job/?gh_jid=7821316
2026-09-01,MDB,MongoDB,"Site Reliability Engineering, Fabric (Mid, Senior, or Staff)",Site Reliability Engineering,United States,product_eng,staff_principal,0,0,0,,188000,https://www.mongodb.com/careers/job/?gh_jid=7727920
2026-09-01,MDB,MongoDB,"Site Reliability Engineering, Fabric (Mid, Senior, or Staff)",Site Reliability Engineering,Toronto; Vancouver,product_eng,staff_principal,0,0,0,,172000,https://www.mongodb.com/careers/job/?gh_jid=7727923
2026-09-01,MDB,MongoDB,"Site Reliability Engineer (Senior or Staff), Atlas",Site Reliability Engineering,Austin; Boston; Chicago; Miami; New York City; Philadelphia; Pittsburgh; Raleigh; United States; Washington DC,product_eng,staff_principal,0,0,0,,188000,https://www.mongodb.com/careers/job/?gh_jid=7727964
2026-09-01,MDB,MongoDB,"Site Reliability Engineer (Senior or Staff), Deployments",Site Reliability Engineering,Boston; Miami; New Jersey; New York City; Princeton; Raleigh; Washington DC,product_eng,staff_principal,0,0,0,,188000,https://www.mongodb.com/careers/job/?gh_jid=7727910
2026-09-01,MDB,MongoDB,"Site Reliability Engineer (Senior or Staff), Deployments",Site Reliability Engineering,Toronto,product_eng,staff_principal,0,0,0,,172000,https://www.mongodb.com/careers/job/?gh_jid=7727913
2026-09-01,MDB,MongoDB,"Site Reliability Engineer (Senior or Staff), Infrastructure Security",Site Reliability Engineering,Austin; New York City; San Francisco; Seattle; United States,product_eng,staff_principal,0,0,0,,188000,https://www.mongodb.com/careers/job/?gh_jid=7758610
2026-09-01,MDB,MongoDB,"Site Reliability Engineer (Senior or Staff), Storage Layer Services (SLS)",Site Reliability Engineering,Boston; Miami; New York City; Pittsburgh; Raleigh; United States,product_eng,staff_principal,0,0,0,,187000,https://www.mongodb.com/careers/job/?gh_jid=7743366
2026-09-01,MDB,MongoDB,"Site Reliability Engineer (Senior or Staff), Storage Layer Services (SLS)",Site Reliability Engineering,Montreal; Toronto,product_eng,staff_principal,0,0,0,,172000,https://www.mongodb.com/careers/job/?gh_jid=7793634
2026-09-01,MDB,MongoDB,"Site Reliability Engineer (Senior or Staff), Storage Layer Services (SLS) ",Site Reliability Engineering,"Cork, Ireland; Dublin, Ireland",product_eng,staff_principal,0,0,0,,,https://www.mongodb.com/careers/job/?gh_jid=6984814
2026-09-01,MDB,MongoDB,Software Engineer 2,Office of the CTO,Dublin,product_eng,mid,0,0,0,,,https://www.mongodb.com/careers/job/?gh_jid=7613695
2026-09-01,MDB,MongoDB,Software Engineer 3,Atlas Search,Sydney,product_eng,mid,0,11,1,application|general_medium|model_infra,,https://www.mongodb.com/careers/job/?gh_jid=8092317
2026-09-01,MDB,MongoDB,Software Engineer 3,Internal Engineering,Gurugram,product_eng,mid,0,0,0,,,https://www.mongodb.com/careers/job/?gh_jid=7993984
2026-09-01,MDB,MongoDB,Software Engineer 3,Website,Gurugram,product_eng,mid,0,1,0,buzz,,https://www.mongodb.com/careers/job/?gh_jid=8083366
2026-09-01,MDB,MongoDB,Software Engineer 3,Atlas Core Data Services,New York City,product_eng,mid,0,1,0,buzz,157500,https://www.mongodb.com/careers/job/?gh_jid=8083761
2026-09-01,MDB,MongoDB,Software Engineer 3,AI Builder Experience,United States,product_eng,mid,0,6,1,application,162000,https://www.mongodb.com/careers/job/?gh_jid=8089124
2026-09-01,MDB,MongoDB,Software Engineer 3,Durable TXs & Availability,New York City,product_eng,mid,0,0,0,,157500,https://www.mongodb.com/careers/job/?gh_jid=8107198
2026-09-01,MDB,MongoDB,Software Engineer 3,AI Builder Experience,Alberta; British Columbia; Manitoba; Nova Scotia; Ontario; Quebec,product_eng,mid,0,6,1,application,128500,https://www.mongodb.com/careers/job/?gh_jid=8108725
2026-09-01,MDB,MongoDB,Software Engineer 3,App Modernization ENG,Gurugram,product_eng,mid,0,6,1,application,,https://www.mongodb.com/careers/job/?gh_jid=8161336
2026-09-01,MDB,MongoDB,"Software Engineer 3, AI Builder Experience ",AI Builder Experience,Gurugram,product_eng,mid,1,6,1,application,,https://www.mongodb.com/careers/job/?gh_jid=8111979
2026-09-01,MDB,MongoDB,"Software Engineer 3, App Analysis & Modelling",App Modernization ENG,Sydney,product_eng,mid,0,12,1,application|buzz|general_medium,,https://www.mongodb.com/careers/job/?gh_jid=7523878
2026-09-01,MDB,MongoDB,"Software Engineer 3, Atlas Clusters Platform",Atlas Core Data Services,New York City,product_eng,mid,0,0,0,,157500,https://www.mongodb.com/careers/job/?gh_jid=8089859
2026-09-01,MDB,MongoDB,"Software Engineer 3, Atlas Growth 2",Observability & Adoption Engineering,"Dublin, Ireland",product_eng,mid,0,2,0,general_medium,,https://www.mongodb.com/careers/job/?gh_jid=8064448
2026-09-01,MDB,MongoDB,"Software Engineer 3, Atlas Identity and Access Management",Identity and Access Management,New York City,product_eng,mid,0,0,0,,157500,https://www.mongodb.com/careers/job/?gh_jid=8069776
2026-09-01,MDB,MongoDB,"Software Engineer 3, Atlas Search Systems",Atlas Search,San Francisco,product_eng,mid,0,4,1,application|buzz,165500,https://www.mongodb.com/careers/job/?gh_jid=7523920
2026-09-01,MDB,MongoDB,"Software Engineer 3, Atlas Search Systems",Atlas Search,Toronto,product_eng,mid,0,3,1,application,128500,https://www.mongodb.com/careers/job/?gh_jid=7662950
2026-09-01,MDB,MongoDB,"Software Engineer 3, Atlas Vector Search",Atlas Search,San Francisco,product_eng,mid,0,3,1,application,157500,https://www.mongodb.com/careers/job/?gh_jid=7523911
2026-09-01,MDB,MongoDB,"Software Engineer 3, Networking & Observability",Clusters & Interfaces,Alberta; British Columbia; Ontario; Quebec,product_eng,mid,0,0,0,,146000,https://www.mongodb.com/careers/job/?gh_jid=8119843
2026-09-01,MDB,MongoDB,"Software Engineer 3, Networking & Observability",Clusters & Interfaces,New York City; United States,product_eng,mid,0,0,0,,157500,https://www.mongodb.com/careers/job/?gh_jid=8119841
2026-09-01,MDB,MongoDB,"Software Engineer 3, Search Systems Replication & Routing",Atlas Search,San Francisco,product_eng,mid,0,3,1,application,157500,https://www.mongodb.com/careers/job/?gh_jid=7235322
2026-09-01,MDB,MongoDB,Solutions Architect,"Solutions Architecture, Growth EMEA",Great Britain,demand_validated,mid,0,7,1,application|buzz,,https://www.mongodb.com/careers/job/?gh_jid=8111814
2026-09-01,MDB,MongoDB,Solutions Architect,"Solutions Architecture, Growth EMEA",Germany,demand_validated,mid,0,7,1,application|buzz,,https://www.mongodb.com/careers/job/?gh_jid=8066560
2026-09-01,MDB,MongoDB,Solutions Architect,"Solutions Architecture, Growth EMEA",Berlin; Cologne; Frankfurt; Hamburg; Munich; Stuttgart,demand_validated,mid,0,7,1,application|buzz,,https://www.mongodb.com/careers/job/?gh_jid=8066544
2026-09-01,MDB,MongoDB,Solutions Architect - French Speaking,Scaled Solutions Architecture,"Dublin, Ireland; Ireland",demand_validated,mid,0,7,1,application|buzz,,https://www.mongodb.com/careers/job/?gh_jid=8106419
2026-09-01,MDB,MongoDB,"Solutions Architect, German speaker",Solutions Architecture,Poland,demand_validated,mid,0,7,1,application|buzz,,https://www.mongodb.com/careers/job/?gh_jid=7557618
2026-09-01,MDB,MongoDB,Solutions Architect - Italian Speaker,Solutions Architecture,"Dublin, Ireland",demand_validated,mid,0,7,1,application|buzz,,https://www.mongodb.com/careers/job/?gh_jid=8077145
2026-09-01,MDB,MongoDB,Solutions Architect / Sr. Solutions Architect (Pre-Sales),"Solutions Architecture, LATAM",Mexico City,demand_validated,senior,0,7,1,application|buzz,,https://www.mongodb.com/careers/job/?gh_jid=8109873
2026-09-01,MDB,MongoDB,"Specialist, Sales Compensation",Controllership,Gurugram,nontech,mid,0,0,0,,,https://www.mongodb.com/careers/job/?gh_jid=7558720
2026-09-01,MDB,MongoDB,"Sr. Director, IT Product Management – Post Sales and Partner Technology",GTM Tech,Palo Alto,nontech,director,0,12,1,application,249000,https://www.mongodb.com/careers/job/?gh_jid=8003065
2026-09-01,MDB,MongoDB,"Sr. Executive Assistant, Chief Legal Officer",Legal & Risk Mgmt,Palo Alto,nontech,exec,0,0,0,,100500,https://www.mongodb.com/careers/job/?gh_jid=7961719
2026-09-01,MDB,MongoDB,Sr Finance Systems Admin (L1 Support & Admin),FIN Tech,Gurugram,nontech,senior,0,0,0,,,https://www.mongodb.com/careers/job/?gh_jid=8017380
2026-09-01,MDB,MongoDB,Sr. Partner Marketing Manager,Global Demand Center,Bengaluru,nontech,senior,0,0,0,,,https://www.mongodb.com/careers/job/?gh_jid=8125813
2026-09-01,MDB,MongoDB,"Sr. Technical Program Manager, FDE Engagements",Magenta,Mexico City,other,senior,0,6,1,application,,https://www.mongodb.com/careers/job/?gh_jid=8065459
2026-09-01,MDB,MongoDB,Staff Analyst,Analytics,Gurugram,other,staff_principal,0,1,0,buzz,,https://www.mongodb.com/careers/job/?gh_jid=8077182
2026-09-01,MDB,MongoDB,Staff Data Engineer,Data & Platform,Gurugram,product_eng,staff_principal,0,6,1,application,,https://www.mongodb.com/careers/job/?gh_jid=7858063
2026-09-01,MDB,MongoDB,Staff Engineer,Observability & Adoption Engineering,"Cork, Ireland",product_eng,staff_principal,0,0,0,,,https://www.mongodb.com/careers/job/?gh_jid=8045017
2026-09-01,MDB,MongoDB,Staff Engineer,Durable TXs & Availability,Sydney,product_eng,staff_principal,0,0,0,,,https://www.mongodb.com/careers/job/?gh_jid=8075467
2026-09-01,MDB,MongoDB,Staff Engineer,Atlas Core Data Services,Dublin,product_eng,staff_principal,0,0,0,,,https://www.mongodb.com/careers/job/?gh_jid=8003635
2026-09-01,MDB,MongoDB,Staff Engineer,Magenta,Gurugram,product_eng,staff_principal,0,0,0,,,https://www.mongodb.com/careers/job/?gh_jid=7590587
2026-09-01,MDB,MongoDB,Staff Engineer,Observability & Adoption Engineering,"Dublin, Ireland",product_eng,staff_principal,0,0,0,,,https://www.mongodb.com/careers/job/?gh_jid=7613562
2026-09-01,MDB,MongoDB,"Staff Engineer, AMP",App Modernization ENG,Gurugram,product_eng,staff_principal,0,5,1,application|buzz,,https://www.mongodb.com/careers/job/?gh_jid=7583617
2026-09-01,MDB,MongoDB,Staff Engineer - Business Systems (Integrations),GTM Tech,Gurugram,product_eng,staff_principal,0,0,0,,,https://www.mongodb.com/careers/job/?gh_jid=7778981
2026-09-01,MDB,MongoDB,"Staff Engineer, Observability",Observability & Adoption Engineering,"Dublin, Ireland",product_eng,staff_principal,0,0,0,,,https://www.mongodb.com/careers/job/?gh_jid=7613587
2026-09-01,MDB,MongoDB,"Staff Engineer, Query Optimization",Query,United States,product_eng,staff_principal,0,0,0,,224000,https://www.mongodb.com/careers/job/?gh_jid=7870876
2026-09-01,MDB,MongoDB,Staff Forward Deployed Engineer,Magenta,Gurugram,demand_validated,staff_principal,0,3,1,application,,https://www.mongodb.com/careers/job/?gh_jid=8094522
2026-09-01,MDB,MongoDB,Staff Product Manager,Product Management,"Dublin, Ireland",product_eng,staff_principal,0,4,1,application|buzz,,https://www.mongodb.com/careers/job/?gh_jid=8111736
2026-09-01,MDB,MongoDB,"Staff Product Manager, Identity and Security",Security Product Management,Alberta; British Columbia; Manitoba; Nova Scotia; Ontario; Quebec; Toronto,product_eng,staff_principal,0,6,1,application,174500,https://www.mongodb.com/careers/job/?gh_jid=8126620
2026-09-01,MDB,MongoDB,"Staff Product Manager, Identity and Security",Security Product Management,United States,product_eng,staff_principal,0,6,1,application,224000,https://www.mongodb.com/careers/job/?gh_jid=8126618
2026-09-01,MDB,MongoDB,Staff Product Manager - Internal AI,Internal AI,Palo Alto,product_eng,intern,1,4,1,application|buzz,243500,https://www.mongodb.com/careers/job/?gh_jid=7781724
2026-09-01,MDB,MongoDB,"Staff Product Manager, Security and Compliance (Public Sector)",Security Product Management,United States,product_eng,staff_principal,0,0,0,,224000,https://www.mongodb.com/careers/job/?gh_jid=8054250
2026-09-01,MDB,MongoDB,Staff Product Marketing Manager,Product Marketing,United States,nontech,staff_principal,0,3,1,application,154000,https://www.mongodb.com/careers/job/?gh_jid=8072861
2026-09-01,MDB,MongoDB,Staff Research Scientist,Voyage AI Research,Palo Alto,research,staff_principal,0,21,1,application|buzz|general_medium|model_infra,224000,https://www.mongodb.com/careers/job/?gh_jid=7956670
2026-09-01,MDB,MongoDB,Staff Site Reliability Engineer,Magenta,Bengaluru,product_eng,staff_principal,0,0,0,,,https://www.mongodb.com/careers/job/?gh_jid=8051387
2026-09-01,MDB,MongoDB,Staff Software Engineer - Query Execution,Query,United States,product_eng,staff_principal,0,3,1,application,224000,https://www.mongodb.com/careers/job/?gh_jid=7915330
2026-09-01,MDB,MongoDB,"Staff Software Engineer, Server Networking Security (Rust)",Clusters & Interfaces,"Cork, Ireland; Dublin, Ireland",product_eng,staff_principal,0,0,0,,,https://www.mongodb.com/careers/job/?gh_jid=7696228
2026-09-01,MDB,MongoDB,"Staff Technical Product Marketing Manager, Context Engineering",Product Marketing,"Dublin, Ireland",product_eng,staff_principal,0,6,1,application,,https://www.mongodb.com/careers/job/?gh_jid=8121863
2026-09-01,MDB,MongoDB,Staff Technical Program Manager,Atlas Core Data Services,"Cork, Ireland; Dublin, Ireland",other,staff_principal,0,0,0,,,https://www.mongodb.com/careers/job/?gh_jid=7465124
2026-09-01,MDB,MongoDB,Staff Technical Program Manager,Observability & Adoption Engineering,"Dublin, Ireland",other,staff_principal,0,0,0,,,https://www.mongodb.com/careers/job/?gh_jid=8044870
2026-09-01,MDB,MongoDB,"Staff Technical Program Manager, GTM Tech",GTM Tech,Gurugram,other,staff_principal,0,0,0,,,https://www.mongodb.com/careers/job/?gh_jid=7493634
2026-09-01,MDB,MongoDB,"Staff Technical Program Manager, Site Reliability Engineering",Site Reliability Engineering,"Cork, Ireland; Dublin, Ireland; Ireland",product_eng,staff_principal,0,0,0,,,https://www.mongodb.com/careers/job/?gh_jid=7831454
2026-09-01,MDB,MongoDB,"Staff Technical Program Manager, Site Reliability Engineering",Site Reliability Engineering,Atlanta; Boston; Florida; Georgia; Maine; Miami; New Hampshire; New Jersey; New York; New York City; Pennsylvania; Philadelphia; Pittsburgh; Raleigh; Vermont; Virginia; Washington DC,product_eng,staff_principal,0,0,0,,224000,https://www.mongodb.com/careers/job/?gh_jid=7555398
2026-09-01,MDB,MongoDB,Startup & Venture Ecosystem Lead,Marketing Management,San Francisco,other,senior,0,0,0,,149500,https://www.mongodb.com/careers/job/?gh_jid=7779540
2026-09-01,MDB,MongoDB,Strategic Customer Success Manager,Customer Success Americas,New York City; Philadelphia,demand_validated,mid,0,0,0,,170500,https://www.mongodb.com/careers/job/?gh_jid=8129880
2026-09-01,MDB,MongoDB,"Technical Director, Builder Relations",Developer Advocacy,India,other,director,0,0,0,,,https://www.mongodb.com/careers/job/?gh_jid=7993078
2026-09-01,MDB,MongoDB,Technical Lead Manager,Atlas Core Data Services,"Cork, Ireland",other,senior,0,0,0,,,https://www.mongodb.com/careers/job/?gh_jid=8045345
2026-09-01,MDB,MongoDB,Technical Lead Manager,Atlas Core Data Services,"Dublin, Ireland",other,senior,0,0,0,,,https://www.mongodb.com/careers/job/?gh_jid=7711876
2026-09-01,MDB,MongoDB,Technical Services Curriculum Engineer,Technical Support Operations,Vancouver,product_eng,mid,0,4,1,application|buzz,137500,https://www.mongodb.com/careers/job/?gh_jid=7968777
2026-09-01,MDB,MongoDB,Technical Services Engineer,Technical Support EMEA,Dublin,product_eng,mid,0,3,1,application,,https://www.mongodb.com/careers/job/?gh_jid=8043909
2026-09-01,MDB,MongoDB,Technical Services Engineer,Technical Support AMER,Mexico City,product_eng,mid,0,0,0,,,https://www.mongodb.com/careers/job/?gh_jid=8055356
2026-09-01,MDB,MongoDB,Technical Services Engineer,Technical Support AMER,Palo Alto,product_eng,mid,0,3,1,application,133000,https://www.mongodb.com/careers/job/?gh_jid=8065812
2026-09-01,MDB,MongoDB,Technical Services Engineer,Technical Support APAC,Sydney,product_eng,mid,0,9,1,application,,https://www.mongodb.com/careers/job/?gh_jid=8070880
2026-09-01,MDB,MongoDB,Technical Services Engineer,Technical Support APAC,Bengaluru,product_eng,mid,0,0,0,,,https://www.mongodb.com/careers/job/?gh_jid=8007613
2026-09-01,MDB,MongoDB,Technical Services Engineer,Technical Support EMEA,"Dublin, Ireland",product_eng,mid,0,9,1,application,,https://www.mongodb.com/careers/job/?gh_jid=7947090
2026-09-01,MDB,MongoDB,Technical Services Engineer,Technical Support EMEA,Dublin,product_eng,mid,0,0,0,,,https://www.mongodb.com/careers/job/?gh_jid=7948529
2026-09-01,MDB,MongoDB,"Technical Services Engineer, 1st shift (Weekend)",Technical Support AMER Public Sector,United States,product_eng,mid,0,0,0,,133000,https://www.mongodb.com/careers/job/?gh_jid=8030936
2026-09-01,MDB,MongoDB,"Technical Services Engineer, Infrastructure - Weekend",Technical Support AMER,Palo Alto,product_eng,mid,0,3,1,application,133000,https://www.mongodb.com/careers/job/?gh_jid=7460019
2026-09-01,MDB,MongoDB,"Technical Services Engineer, Named Accounts",Technical Support Premium Services,Palo Alto; San Francisco,product_eng,mid,0,0,0,,133000,https://www.mongodb.com/careers/job/?gh_jid=8041641
2026-09-01,MDB,MongoDB,Technical Services Engineer - Partners,Technical Support Partners & Migrations,"Dublin, Ireland",product_eng,mid,0,1,0,buzz,,https://www.mongodb.com/careers/job/?gh_jid=8053152
2026-09-01,MDB,MongoDB,Technical Services Engineer - Weekend Shift,Technical Support AMER Public Sector,United States,product_eng,mid,0,0,0,,133000,https://www.mongodb.com/careers/job/?gh_jid=8070616
2026-09-01,MDB,MongoDB,"Vice President, Solutions Architect","Solutions Architecture, Leadership",Austin; New York City; San Francisco,demand_validated,exec,0,0,0,,286500,https://www.mongodb.com/careers/job/?gh_jid=8138914
2026-09-01,MDB,MongoDB,"VP, AI Marketing Strategy",Marketing Management,Palo Alto; San Francisco,nontech,exec,1,6,1,application,215000,https://www.mongodb.com/careers/job/?gh_jid=8072839
2026-09-01,MDB,MongoDB,"VP, Global Specialist Sales",Sales Growth NAMER,Austin; New York City; Palo Alto; San Francisco,nontech,exec,0,12,1,application,270000,https://www.mongodb.com/careers/job/?gh_jid=8077553
2026-09-01,FSLY,Fastly,"Assistant General Counsel, Commercial",Legal,"New York City, NY; San Francisco, CA",nontech,mid,0,1,0,buzz,271205,https://www.fastly.com/about/jobs/apply?gh_jid=8105433
2026-09-01,FSLY,Fastly,Deal Desk Manager,CFO,"San Francisco, CA",other,mid,0,0,0,,146520,https://www.fastly.com/about/jobs/apply?gh_jid=8041932
2026-09-01,FSLY,Fastly,"Director, APJ Field Marketing  ",Corporate Marketing,"Singapore, Singapore",nontech,director,0,0,0,,,https://www.fastly.com/about/jobs/apply?gh_jid=7916520
2026-09-01,FSLY,Fastly,"Director, Deal Desk & Strategy",CFO,"San Francisco, CA",other,director,0,1,0,buzz,215292,https://www.fastly.com/about/jobs/apply?gh_jid=7990049
2026-09-01,FSLY,Fastly,"Director, Enterprise Architecture, Automation and Integration",Go-To-Market Systems,"Denver, CO; New York City, NY; San Francisco, CA",product_eng,director,0,11,1,application|buzz,216657,https://www.fastly.com/about/jobs/apply?gh_jid=8119301
2026-09-01,FSLY,Fastly,"Director, Product Marketing – Security, AI and Emerging Technology",Product Marketing,"Denver, CO; New York City, NY; San Francisco, CA",nontech,director,1,3,0,buzz|data_ml_ops,233988,https://www.fastly.com/about/jobs/apply?gh_jid=8119740
2026-09-01,FSLY,Fastly,Finance Systems Analyst,Finance Systems,"Denver, CO; New York City, NY",nontech,mid,0,1,0,buzz,117055,https://www.fastly.com/about/jobs/apply?gh_jid=7744225
2026-09-01,FSLY,Fastly,"Head of PR, APJ",Field Marketing,"Singapore, Singapore",other,exec,0,0,0,,,https://www.fastly.com/about/jobs/apply?gh_jid=8028501
2026-09-01,FSLY,Fastly,Manager - Customer Solutions Engineering,Cloud Engineering - COR,"Denver, CO; New York City, NY; San Francisco, CA",demand_validated,mid,0,0,0,,171989,https://www.fastly.com/about/jobs/apply?gh_jid=7980055
2026-09-01,FSLY,Fastly,Network Support Engineer,Service Delivery - CSE,"Singapore, Singapore",product_eng,mid,0,0,0,,,https://www.fastly.com/about/jobs/apply?gh_jid=7738594
2026-09-01,FSLY,Fastly,Order Management Manager,Accounting,"New York City, NY; San Francisco, CA",other,mid,0,0,0,,146520,https://www.fastly.com/about/jobs/apply?gh_jid=8119283
2026-09-01,FSLY,Fastly,Sales Operations Manager,Sales Ops & Enablement,"London, United Kingdom",nontech,mid,0,0,0,,,https://www.fastly.com/about/jobs/apply?gh_jid=8124359
2026-09-01,FSLY,Fastly,Senior Account Executive,APJ Sales,"Tokyo, Japan",demand_validated,senior,0,0,0,,,https://www.fastly.com/about/jobs/apply?gh_jid=6873321
2026-09-01,FSLY,Fastly,"Senior Account Executive, Commercial",Commercial Sales,"New York City, NY",demand_validated,senior,0,0,0,,239122,https://www.fastly.com/about/jobs/apply?gh_jid=7889308
2026-09-01,FSLY,Fastly,"Senior Account Executive, Enterprise (SoCal)",Enterprise Sales,"Los Angeles, CA",demand_validated,senior,0,0,0,,276123,https://www.fastly.com/about/jobs/apply?gh_jid=8013533
2026-09-01,FSLY,Fastly,Senior Channel Enablement Manager,Sales Ops & Enablement,"San Francisco, CA",nontech,senior,0,0,0,,142417,https://www.fastly.com/about/jobs/apply?gh_jid=8139388
2026-09-01,FSLY,Fastly,Senior Cloud Engineer,Cloud Engineering - COR,"San Francisco, CA",product_eng,senior,0,0,0,,147456,https://www.fastly.com/about/jobs/apply?gh_jid=8082266
2026-09-01,FSLY,Fastly,"Senior Counsel, Privacy and Regulatory",Legal,"New York City, NY; San Francisco, CA",nontech,senior,0,5,1,application|buzz,232507,https://www.fastly.com/about/jobs/apply?gh_jid=8017300
2026-09-01,FSLY,Fastly,Senior Customer Solutions Engineer,Cloud Engineering - COR,"Denver, CO; San Francisco, CA",demand_validated,senior,0,0,0,,159252,https://www.fastly.com/about/jobs/apply?gh_jid=7733190
2026-09-01,FSLY,Fastly,Senior DataCenter Provisioning Engineer,Global Network Infrastructure,"Denver, CO; New York City, NY; Raleigh, NC; Washington, D.C.",product_eng,senior,0,0,0,,147456,https://www.fastly.com/about/jobs/apply?gh_jid=8128533
2026-09-01,FSLY,Fastly,Senior Data Security Architect,Security Architecture,"San Francisco, CA",product_eng,senior,0,0,0,,199342,https://www.fastly.com/about/jobs/apply?gh_jid=8089506
2026-09-01,FSLY,Fastly,"Senior Deal Strategy Manager, APJ",CFO,"Singapore, Singapore",other,senior,0,0,0,,,https://www.fastly.com/about/jobs/apply?gh_jid=8064565
2026-09-01,FSLY,Fastly,Senior Engineering Manager - Containers at Edge,Infrastructure Engineering,"Denver, CO; New York City, NY; San Francisco, CA",product_eng,senior,0,0,0,,251108,https://www.fastly.com/about/jobs/apply?gh_jid=8049212
2026-09-01,FSLY,Fastly,Senior Engineer - Security Products (Backend APIs),Core Systems Engineering,"Denver, CO; San Francisco, CA",product_eng,senior,0,1,0,buzz,199342,https://www.fastly.com/about/jobs/apply?gh_jid=8011076
2026-09-01,FSLY,Fastly,Senior Enterprise Account Executive,EMEA Sales,"London, United Kingdom",demand_validated,senior,0,0,0,,,https://www.fastly.com/about/jobs/apply?gh_jid=7954066
2026-09-01,FSLY,Fastly,Senior Enterprise Account Executive (NYC),Enterprise Sales,"New York City, NY",demand_validated,senior,0,0,0,,306803,https://www.fastly.com/about/jobs/apply?gh_jid=8089199
2026-09-01,FSLY,Fastly,Senior Executive Assistant,EMEA Sales,"London, United Kingdom",other,senior,0,0,0,,,https://www.fastly.com/about/jobs/apply?gh_jid=8077339
2026-09-01,FSLY,Fastly,Senior Executive Assistant,Human Resources,"San Francisco, CA",other,senior,0,2,0,buzz,,https://www.fastly.com/about/jobs/apply?gh_jid=8097890
2026-09-01,FSLY,Fastly,"Senior Manager, Engineering - Platform Security",Platform Engineering,"Denver, CO; New York City, NY; San Francisco, CA",product_eng,senior,0,0,0,,251108,https://www.fastly.com/about/jobs/apply?gh_jid=7901940
2026-09-01,FSLY,Fastly,Senior Partnerships Lead,Partner & Indirect Sales,"New York City, NY",other,senior,0,0,0,,202958,https://www.fastly.com/about/jobs/apply?gh_jid=8027022
2026-09-01,FSLY,Fastly,Senior Pricing & Packaging Manager,CFO,"San Francisco, CA",other,senior,0,0,0,,158246,https://www.fastly.com/about/jobs/apply?gh_jid=8081734
2026-09-01,FSLY,Fastly,Senior Product Marketing Manager – AI & Emerging Technologies,Product Marketing,"Denver, CO; New York City, NY; San Francisco, CA",nontech,senior,1,3,0,buzz|general_medium,159252,https://www.fastly.com/about/jobs/apply?gh_jid=8119888
2026-09-01,FSLY,Fastly,Senior Sales Engineer,Sales Engineering,"Sydney, Australia",demand_validated,senior,0,0,0,,,https://www.fastly.com/about/jobs/apply?gh_jid=8121024
2026-09-01,FSLY,Fastly,Senior Security Technical Account Manager,Customer Security TAMs,"Denver, CO; New York City, NY; San Francisco, CA",demand_validated,senior,0,0,0,,147456,https://www.fastly.com/about/jobs/apply?gh_jid=8114333
2026-09-01,FSLY,Fastly,Senior Solutions Engineer,Customer Security Solutions,"San Francisco, CA",demand_validated,senior,0,0,0,,135663,https://www.fastly.com/about/jobs/apply?gh_jid=8158042
2026-09-01,FSLY,Fastly,Senior SRE - Networks,Technical Operations,United Kingdom (Remote),product_eng,senior,0,0,0,,,https://www.fastly.com/about/jobs/apply?gh_jid=8045052
2026-09-01,FSLY,Fastly,Senior Support Engineer - Security Products,Service Delivery - CSE,"Pune, India",product_eng,senior,0,0,0,,,https://www.fastly.com/about/jobs/apply?gh_jid=8012702
2026-09-01,FSLY,Fastly,Software Development Engineer,Core Systems Engineering,"San Francisco, CA",product_eng,mid,0,0,0,,170907,https://www.fastly.com/about/jobs/apply?gh_jid=8128535
2026-09-01,FSLY,Fastly,Staff Engineer - Control Systems,Core Systems Engineering,"Denver, CO; New York City, NY; San Francisco, CA",product_eng,staff_principal,0,0,0,,232507,https://www.fastly.com/about/jobs/apply?gh_jid=8094476
2026-09-01,FSLY,Fastly,Staff Engineer - Edge Protocols,Content Delivery Systems,"Denver, CO; New York City, NY; San Francisco, CA",product_eng,staff_principal,0,0,0,,211370,https://www.fastly.com/about/jobs/apply?gh_jid=8010849
2026-09-01,FSLY,Fastly,Staff Engineer - Monetization,Core Systems Engineering,"San Francisco, CA",product_eng,staff_principal,0,1,0,buzz,211370,https://www.fastly.com/about/jobs/apply?gh_jid=8046788
2026-09-01,FSLY,Fastly,Staff Product Marketing Manager: Compute,Product Marketing,"Denver, CO; New York City, NY; San Francisco, CA",nontech,staff_principal,0,0,0,,200612,https://www.fastly.com/about/jobs/apply?gh_jid=8120166
2026-09-01,FSLY,Fastly,Staff Product Marketing Manager – Security,Product Marketing,"Denver, CO; New York City, NY; San Francisco, CA",nontech,staff_principal,0,1,0,buzz,200612,https://www.fastly.com/about/jobs/apply?gh_jid=8120168
2026-09-01,FSLY,Fastly,Staff Software Engineer - Customer Identity & Access Management (CIAM),Core Systems Engineering,"Denver, CO; New York City, NY; San Francisco, CA",product_eng,staff_principal,0,0,0,,232507,https://www.fastly.com/about/jobs/apply?gh_jid=8136477
2026-09-01,FSLY,Fastly,"Staff Strategic Operations Lead, Performance Center",OCA,"Denver, CO; New York City, NY; San Francisco, CA",nontech,staff_principal,0,0,0,,200612,https://www.fastly.com/about/jobs/apply?gh_jid=7858457
2026-09-01,FSLY,Fastly,"Staff Technical Product Manager, Runtimes",Product Management,"New York City, NY",product_eng,staff_principal,0,1,0,buzz,232507,https://www.fastly.com/about/jobs/apply?gh_jid=8079946
2026-09-01,FSLY,Fastly,Threat Detection Analyst (Japanese & English speaking),Customer Security - CSOC,"Singapore, Singapore",other,mid,0,0,0,,,https://www.fastly.com/about/jobs/apply?gh_jid=7912475
2026-09-01,FSLY,Fastly,Threat Detection Analyst (Japanese & English speaking),Customer Security - CSOC,Australia (Remote),other,mid,0,0,0,,,https://www.fastly.com/about/jobs/apply?gh_jid=7912473
2026-09-01,FSLY,Fastly,Threat Detection Analyst (Japanese Speaking) ,Customer Security - CSOC,"Tokyo, Japan",other,mid,0,0,0,,,https://www.fastly.com/about/jobs/apply?gh_jid=7641510
2026-09-01,BRZE,Braze,Account Executive,Sales,Munich,demand_validated,mid,0,0,0,,,https://job-boards.greenhouse.io/braze/jobs/8141353
2026-09-01,BRZE,Braze,Account Executive,Sales,Berlin,demand_validated,mid,0,0,0,,,https://job-boards.greenhouse.io/braze/jobs/8131994
2026-09-01,BRZE,Braze,Account Executive,Sales,Paris,demand_validated,mid,0,0,0,,,https://job-boards.greenhouse.io/braze/jobs/8131999
2026-09-01,BRZE,Braze,Account Executive,Sales,London,demand_validated,mid,0,0,0,,,https://job-boards.greenhouse.io/braze/jobs/8131983
2026-09-01,BRZE,Braze,"Account Executive, Commercial",Sales,Tokyo,demand_validated,mid,0,0,0,,,https://job-boards.greenhouse.io/braze/jobs/8002284
2026-09-01,BRZE,Braze,"Account Executive, Emerging Enterprise, Financial Services",Sales,New York City,demand_validated,mid,0,0,0,,228750,https://job-boards.greenhouse.io/braze/jobs/8013411
2026-09-01,BRZE,Braze,"Account Executive, Emerging Enterprise, Financial Services",Sales,Austin,demand_validated,mid,0,0,0,,228750,https://job-boards.greenhouse.io/braze/jobs/8013410
2026-09-01,BRZE,Braze,"Account Executive, Emerging Enterprise, Financial Services",Sales,San Francisco,demand_validated,mid,0,0,0,,228750,https://job-boards.greenhouse.io/braze/jobs/8013433
2026-09-01,BRZE,Braze,"Account Executive, Emerging Enterprise, Financial Services",Sales,Chicago,demand_validated,mid,0,0,0,,228750,https://job-boards.greenhouse.io/braze/jobs/8013294
2026-09-01,BRZE,Braze,Account Executive Enterprise,Sales,Berlin,demand_validated,mid,0,0,0,,200000,https://job-boards.greenhouse.io/braze/jobs/8088286
2026-09-01,BRZE,Braze,"Account Executive, Enterprise",Sales,Chicago,demand_validated,mid,0,0,0,,235000,https://job-boards.greenhouse.io/braze/jobs/8128818
2026-09-01,BRZE,Braze,"Account Executive, Enterprise",Sales,Chicago,demand_validated,mid,0,0,0,,229500,https://job-boards.greenhouse.io/braze/jobs/8079476
2026-09-01,BRZE,Braze,"Account Executive, Enterprise",Sales,Sydney,demand_validated,mid,0,0,0,,100000,https://job-boards.greenhouse.io/braze/jobs/7794066
2026-09-01,BRZE,Braze,"Account Executive, Enterprise",Sales,Austin,demand_validated,mid,0,0,0,,201000,https://job-boards.greenhouse.io/braze/jobs/8155340
2026-09-01,BRZE,Braze,"Account Executive, Enterprise",Sales,Austin,demand_validated,mid,0,0,0,,229500,https://job-boards.greenhouse.io/braze/jobs/8079491
2026-09-01,BRZE,Braze,"Account Executive, Enterprise",Sales,Paris,demand_validated,mid,0,0,0,,250000,https://job-boards.greenhouse.io/braze/jobs/8147282
2026-09-01,BRZE,Braze,"Account Executive, Enterprise",Sales,Paris,demand_validated,mid,0,0,0,,250000,https://job-boards.greenhouse.io/braze/jobs/8147280
2026-09-01,BRZE,Braze,"Account Executive, Enterprise",Sales,San Francisco,demand_validated,mid,0,0,0,,242500,https://job-boards.greenhouse.io/braze/jobs/8079453
2026-09-01,BRZE,Braze,"Account Executive, Enterprise",Sales,San Francisco,demand_validated,mid,0,0,0,,248000,https://job-boards.greenhouse.io/braze/jobs/8139393
2026-09-01,BRZE,Braze,"Account Executive, Enterprise",Sales,New York City,demand_validated,mid,0,0,0,,248000,https://job-boards.greenhouse.io/braze/jobs/8139390
2026-09-01,BRZE,Braze,"Account Executive, Enterprise",Sales,New York City,demand_validated,mid,0,0,0,,242500,https://job-boards.greenhouse.io/braze/jobs/8072802
2026-09-01,BRZE,Braze,"Account Executive, Enterprise",Sales,Tokyo,demand_validated,mid,0,0,0,,,https://job-boards.greenhouse.io/braze/jobs/7984560
2026-09-01,BRZE,Braze,"Account Executive, Enterprise",Sales,Madrid,demand_validated,mid,0,0,0,,500000,https://job-boards.greenhouse.io/braze/jobs/8119341
2026-09-01,BRZE,Braze,"Account Executive, Enterprise",Sales,Australia,demand_validated,mid,0,0,0,,100000,https://job-boards.greenhouse.io/braze/jobs/8123246
2026-09-01,BRZE,Braze,"Account Executive, Enterprise",Sales,London,demand_validated,mid,0,0,0,,200000,https://job-boards.greenhouse.io/braze/jobs/7995162
2026-09-01,BRZE,Braze,"Account Executive, Enterprise Retail",Sales,New York City,demand_validated,mid,0,0,0,,256000,https://job-boards.greenhouse.io/braze/jobs/8078035
2026-09-01,BRZE,Braze,"Account Executive, Enterprise Retail",Sales,Austin,demand_validated,mid,0,0,0,,238500,https://job-boards.greenhouse.io/braze/jobs/8078036
2026-09-01,BRZE,Braze,"Account Executive, Enterprise Retail",Sales,San Francisco,demand_validated,mid,0,0,0,,256000,https://job-boards.greenhouse.io/braze/jobs/8078042
2026-09-01,BRZE,Braze,"Account Executive, Enterprise Retail",Sales,Chicago,demand_validated,mid,0,0,0,,246500,https://job-boards.greenhouse.io/braze/jobs/8073084
2026-09-01,BRZE,Braze,"Account Executive, Enterprise Sales - Financial Services",Sales,Chicago,demand_validated,mid,0,0,0,,229500,https://job-boards.greenhouse.io/braze/jobs/8146087
2026-09-01,BRZE,Braze,"Account Executive, Enterprise Sales - Financial Services",Sales,Austin,demand_validated,mid,0,0,0,,229500,https://job-boards.greenhouse.io/braze/jobs/8159264
2026-09-01,BRZE,Braze,"Account Executive, Enterprise Sales - Financial Services",Sales,San Francisco,demand_validated,mid,0,0,0,,242500,https://job-boards.greenhouse.io/braze/jobs/8159345
2026-09-01,BRZE,Braze,"Account Executive, Enterprise Sales - Financial Services",Sales,New York City,demand_validated,mid,0,0,0,,242500,https://job-boards.greenhouse.io/braze/jobs/8159260
2026-09-01,BRZE,Braze,Account Executive - Open Application,Sales,New York City,demand_validated,mid,0,0,0,,,https://job-boards.greenhouse.io/braze/jobs/7954008
2026-09-01,BRZE,Braze," Account Executive, Retail Scale",Sales,Austin,demand_validated,mid,0,0,0,,137500,https://job-boards.greenhouse.io/braze/jobs/8097434
2026-09-01,BRZE,Braze,"Account Executive, Retail Scale",Sales,Chicago,demand_validated,mid,0,0,0,,146000,https://job-boards.greenhouse.io/braze/jobs/8075042
2026-09-01,BRZE,Braze,"Account Executive, Retail Scale",Sales,San Francisco,demand_validated,mid,0,0,0,,153000,https://job-boards.greenhouse.io/braze/jobs/8097449
2026-09-01,BRZE,Braze,"Account Executive, Retail Scale",Sales,New York City,demand_validated,mid,0,0,0,,153000,https://job-boards.greenhouse.io/braze/jobs/8097447
2026-09-01,BRZE,Braze,"Account Executive, Scale",Sales,Chicago,demand_validated,mid,0,0,0,,141500,https://job-boards.greenhouse.io/braze/jobs/8039118
2026-09-01,BRZE,Braze,"Account Executive, Scale",Sales,San Francisco,demand_validated,mid,0,0,0,,153000,https://job-boards.greenhouse.io/braze/jobs/8082124
2026-09-01,BRZE,Braze,"Account Executive, Scale",Sales,San Francisco,demand_validated,mid,0,0,0,,148500,https://job-boards.greenhouse.io/braze/jobs/8039627
2026-09-01,BRZE,Braze,"Account Executive, Scale",Sales,New York City,demand_validated,mid,0,0,0,,148500,https://job-boards.greenhouse.io/braze/jobs/8049784
2026-09-01,BRZE,Braze,"Account Executive, Scale",Sales,New York City,demand_validated,mid,0,0,0,,148500,https://job-boards.greenhouse.io/braze/jobs/8039626
2026-09-01,BRZE,Braze,"Account Executive, Scale",Sales,Chicago,demand_validated,mid,0,0,0,,141500,https://job-boards.greenhouse.io/braze/jobs/8070251
2026-09-01,BRZE,Braze,"Account Executive, Scale",Sales,Austin,demand_validated,mid,0,0,0,,133500,https://job-boards.greenhouse.io/braze/jobs/8070244
2026-09-01,BRZE,Braze,"Account Executive, Scale",Sales,Austin,demand_validated,mid,0,0,0,,137500,https://job-boards.greenhouse.io/braze/jobs/8095300
2026-09-01,BRZE,Braze,"Account Executive, Scale",Sales,Chicago,demand_validated,mid,0,0,0,,146000,https://job-boards.greenhouse.io/braze/jobs/8095299
2026-09-01,BRZE,Braze,"Account Executive, Scale",Sales,New York City,demand_validated,mid,0,0,0,,153000,https://job-boards.greenhouse.io/braze/jobs/8095298
2026-09-01,BRZE,Braze,"Account Executive, Scale",Sales,Austin,demand_validated,mid,0,0,0,,133500,https://job-boards.greenhouse.io/braze/jobs/8039620
2026-09-01,BRZE,Braze,"Account Executive, Scale",Sales,San Francisco,demand_validated,mid,0,0,0,,148500,https://job-boards.greenhouse.io/braze/jobs/8070238
2026-09-01,BRZE,Braze,"Account Executive, Scale",Sales,São Paulo,demand_validated,mid,0,0,0,,,https://job-boards.greenhouse.io/braze/jobs/8140251
2026-09-01,BRZE,Braze,"Account Executive, Scale, Financial Services",Sales,San Francisco,demand_validated,mid,0,0,0,,275000,https://job-boards.greenhouse.io/braze/jobs/8129303
2026-09-01,BRZE,Braze,"Account Executive, Scale, Financial Services",Sales,New York City,demand_validated,mid,0,0,0,,275000,https://job-boards.greenhouse.io/braze/jobs/8129309
2026-09-01,BRZE,Braze,"Account Executive, Scale, Financial Services",Sales,Chicago,demand_validated,mid,0,0,0,,275000,https://job-boards.greenhouse.io/braze/jobs/8129299
2026-09-01,BRZE,Braze,"Account Executive, Scale, Financial Services",Sales,Austin,demand_validated,mid,0,0,0,,275000,https://job-boards.greenhouse.io/braze/jobs/8128627
2026-09-01,BRZE,Braze,"Account Executive, Scale - Mexico and Central America",Sales,São Paulo,demand_validated,mid,0,0,0,,,https://job-boards.greenhouse.io/braze/jobs/8167589
2026-09-01,BRZE,Braze,"Account Executive, Scale (Thai Speaking)",Sales,Singapore,demand_validated,mid,0,0,0,,,https://job-boards.greenhouse.io/braze/jobs/8079466
2026-09-01,BRZE,Braze,"Account Executive, SMB",Sales,Sydney,demand_validated,mid,0,0,0,,,https://job-boards.greenhouse.io/braze/jobs/8130268
2026-09-01,BRZE,Braze,"Account Manager, Enterprise",Sales,Sydney,other,mid,0,0,0,,,https://job-boards.greenhouse.io/braze/jobs/8132272
2026-09-01,BRZE,Braze,"Account Manager, Enterprise",Sales,Australia,other,mid,0,0,0,,,https://job-boards.greenhouse.io/braze/jobs/8138346
2026-09-01,BRZE,Braze,"Account Manager, Scale",Sales,Sydney,other,mid,0,0,0,,,https://job-boards.greenhouse.io/braze/jobs/8131845
2026-09-01,BRZE,Braze,AE - Emerging Enterprise - MEGS,Sales,New York City,other,mid,0,0,0,,213000,https://job-boards.greenhouse.io/braze/jobs/8082433
2026-09-01,BRZE,Braze,AI Decisioning Technical Lead,Customer Experience,Tokyo,other,senior,1,2,0,buzz,,https://job-boards.greenhouse.io/braze/jobs/7959885
2026-09-01,BRZE,Braze,APAC Communications Manager,Marketing,Singapore,nontech,mid,0,0,0,,,https://job-boards.greenhouse.io/braze/jobs/8034867
2026-09-01,BRZE,Braze,Applications and Integrations Lead,Information Technology,Chicago,other,senior,0,0,0,,147000,https://job-boards.greenhouse.io/braze/jobs/8083535
2026-09-01,BRZE,Braze,Applications and Integrations Lead,Information Technology,Toronto,other,senior,0,0,0,,159500,https://job-boards.greenhouse.io/braze/jobs/8083557
2026-09-01,BRZE,Braze,"Applied AI Architect, G&A",Growth,Austin,product_eng,mid,1,6,1,application,152500,https://job-boards.greenhouse.io/braze/jobs/8055716
2026-09-01,BRZE,Braze,"Applied AI Architect, G&A",Growth,Chicago,product_eng,mid,1,6,1,application,161500,https://job-boards.greenhouse.io/braze/jobs/8055714
2026-09-01,BRZE,Braze,"Applied AI Architect, G&A",Growth,New York City,product_eng,mid,1,6,1,application,170000,https://job-boards.greenhouse.io/braze/jobs/8013239
2026-09-01,BRZE,Braze,"Applied AI Architect, GTM",Growth,Chicago,product_eng,mid,1,2,0,general_medium,161500,https://job-boards.greenhouse.io/braze/jobs/8044123
2026-09-01,BRZE,Braze,"Applied AI Architect, GTM ",Growth,New York City,product_eng,mid,1,2,0,general_medium,170000,https://job-boards.greenhouse.io/braze/jobs/8024690
2026-09-01,BRZE,Braze,"Applied AI Architect, GTM ",Growth,Austin,product_eng,mid,1,2,0,general_medium,153000,https://job-boards.greenhouse.io/braze/jobs/8044130
2026-09-01,BRZE,Braze,"Applied AI Architect, GTM ",Growth,San Francisco,product_eng,mid,1,2,0,general_medium,170000,https://job-boards.greenhouse.io/braze/jobs/8029319
2026-09-01,BRZE,Braze,Associate Support Representative,Customer Experience,Singapore,nontech,mid,0,0,0,,,https://job-boards.greenhouse.io/braze/jobs/8161132
2026-09-01,BRZE,Braze,AVP Partner Sales,Partnerships,New York City,nontech,mid,0,3,1,application,308000,https://job-boards.greenhouse.io/braze/jobs/8141636
2026-09-01,BRZE,Braze,AVP Partner Sales,Partnerships,Austin,nontech,mid,0,3,1,application,281000,https://job-boards.greenhouse.io/braze/jobs/8157669
2026-09-01,BRZE,Braze,AVP Partner Sales,Partnerships,Chicago,nontech,mid,0,3,1,application,294500,https://job-boards.greenhouse.io/braze/jobs/8157621
2026-09-01,BRZE,Braze,"AVP, Partner Sales",Partnerships,London,nontech,mid,0,3,1,application,,https://job-boards.greenhouse.io/braze/jobs/8131990
2026-09-01,BRZE,Braze,Business Development Representative,Business Development,London,other,mid,0,0,0,,,https://job-boards.greenhouse.io/braze/jobs/8078885
2026-09-01,BRZE,Braze,Business Development Representative,Business Development,São Paulo,other,mid,0,0,0,,,https://job-boards.greenhouse.io/braze/jobs/8154974
2026-09-01,BRZE,Braze,Business Development Representative,Sales,Chicago,other,mid,0,0,0,,67500,https://job-boards.greenhouse.io/braze/jobs/8026505
2026-09-01,BRZE,Braze,Business Development Representative,Sales,Austin,other,mid,0,0,0,,67500,https://job-boards.greenhouse.io/braze/jobs/8021977
2026-09-01,BRZE,Braze,Cloud Security Engineer,Engineering,São Paulo,product_eng,mid,0,0,0,,,https://job-boards.greenhouse.io/braze/jobs/8075825
2026-09-01,BRZE,Braze,"Customer Success Manager, Global SMB",Customer Experience,Jakarta,demand_validated,mid,0,0,0,,,https://job-boards.greenhouse.io/braze/jobs/8025153
2026-09-01,BRZE,Braze,Customer Success Manager II,Customer Experience,Remote - Spain,demand_validated,mid,0,0,0,,,https://job-boards.greenhouse.io/braze/jobs/8074870
2026-09-01,BRZE,Braze,"Data Scientist, AI Ongoing Delivery",Customer Experience,London,product_eng,mid,1,14,1,buzz|data_ml_ops|general_medium|model_infra,,https://job-boards.greenhouse.io/braze/jobs/7976105
2026-09-01,BRZE,Braze,Data Scientist II (AI Deployment),Customer Experience,São Paulo,product_eng,mid,1,9,1,buzz|general_medium|model_infra,,https://job-boards.greenhouse.io/braze/jobs/7668561
2026-09-01,BRZE,Braze,"Director, Business Development JAPAC",Business Development,Singapore,other,director,0,0,0,,,https://job-boards.greenhouse.io/braze/jobs/8130911
2026-09-01,BRZE,Braze,"Director, CX Business Systems ",Information Technology,Toronto,other,director,0,3,1,application,236000,https://job-boards.greenhouse.io/braze/jobs/8060694
2026-09-01,BRZE,Braze,"Director, CX Business Systems ",Information Technology,San Francisco,other,director,0,3,1,application,229500,https://job-boards.greenhouse.io/braze/jobs/8049472
2026-09-01,BRZE,Braze,"Director, CX Business Systems ",Information Technology,Austin,other,director,0,3,1,application,229500,https://job-boards.greenhouse.io/braze/jobs/8060682
2026-09-01,BRZE,Braze,"Director, CX Business Systems ",Information Technology,New York City,other,director,0,3,1,application,229500,https://job-boards.greenhouse.io/braze/jobs/8052420
2026-09-01,BRZE,Braze,"Director, CX Business Systems ",Information Technology,Chicago,other,director,0,3,1,application,229500,https://job-boards.greenhouse.io/braze/jobs/8060685
2026-09-01,BRZE,Braze,"Director of Sales, Scale for Media, Entertainment, Gaming and Sports",Sales,Chicago,nontech,director,0,0,0,,232000,https://job-boards.greenhouse.io/braze/jobs/8095311
2026-09-01,BRZE,Braze,"Director of Sales, Scale for Media, Entertainment, Gaming and Sports",Sales,New York City,nontech,director,0,0,0,,242000,https://job-boards.greenhouse.io/braze/jobs/8092357
2026-09-01,BRZE,Braze,"Director of Sales, Scale for Media, Entertainment, Gaming and Sports",Sales,San Francisco,nontech,director,0,0,0,,242000,https://job-boards.greenhouse.io/braze/jobs/8095308
2026-09-01,BRZE,Braze,"Director of Sales, Scale for Media, Entertainment, Gaming and Sports",Sales,Austin,nontech,director,0,0,0,,221500,https://job-boards.greenhouse.io/braze/jobs/8095314
2026-09-01,BRZE,Braze,"Emerging Enterprise Account Executive, Retail",Sales,San Francisco,demand_validated,mid,0,0,0,,193750,https://job-boards.greenhouse.io/braze/jobs/8027079
2026-09-01,BRZE,Braze,"Emerging Enterprise Account Executive, Retail",Sales,Chicago,demand_validated,mid,0,0,0,,181000,https://job-boards.greenhouse.io/braze/jobs/8017210
2026-09-01,BRZE,Braze,"Emerging Enterprise Account Executive, Retail",Sales,Austin,demand_validated,mid,0,0,0,,181000,https://job-boards.greenhouse.io/braze/jobs/8027078
2026-09-01,BRZE,Braze,"Emerging Enterprise Account Executive, Retail",Sales,New York City,demand_validated,mid,0,0,0,,193750,https://job-boards.greenhouse.io/braze/jobs/8027072
2026-09-01,BRZE,Braze,"Engineering Manager, Data Streaming",Engineering,New York City,product_eng,mid,0,0,0,,239081,https://job-boards.greenhouse.io/braze/jobs/7788980
2026-09-01,BRZE,Braze,"Engineering Manager, IAM",Engineering,New York City,product_eng,mid,0,0,0,,239081,https://job-boards.greenhouse.io/braze/jobs/7954214
2026-09-01,BRZE,Braze,"Engineering Manager, IAM",Engineering,San Francisco,product_eng,mid,0,0,0,,239081,https://job-boards.greenhouse.io/braze/jobs/7954221
2026-09-01,BRZE,Braze,"Engineering Manager, IAM",Engineering,Chicago,product_eng,mid,0,0,0,,239081,https://job-boards.greenhouse.io/braze/jobs/7954218
2026-09-01,BRZE,Braze,"Engineering Manager, IAM",Engineering,Austin,product_eng,mid,0,0,0,,239081,https://job-boards.greenhouse.io/braze/jobs/7954220
2026-09-01,BRZE,Braze,"Engineering Manager, IAM",Engineering,Toronto,product_eng,mid,0,0,0,,285930,https://job-boards.greenhouse.io/braze/jobs/7939042
2026-09-01,BRZE,Braze,"Executive Assistant, Legal",Legal,São Paulo,nontech,mid,0,0,0,,,https://job-boards.greenhouse.io/braze/jobs/8114076
2026-09-01,BRZE,Braze,Field Marketing Lead (12 Month Fixed Term),Marketing,Berlin,nontech,senior,0,0,0,,,https://job-boards.greenhouse.io/braze/jobs/8045174
2026-09-01,BRZE,Braze,Financial Analyst II,Finance,Austin,other,mid,0,0,0,,85000,https://job-boards.greenhouse.io/braze/jobs/8071592
2026-09-01,BRZE,Braze,Financial Analyst II,Finance,Chicago,other,mid,0,0,0,,84000,https://job-boards.greenhouse.io/braze/jobs/8080351
2026-09-01,BRZE,Braze,Forward-Deployed Data Scientist ,Customer Experience,Tokyo,product_eng,mid,0,14,1,buzz|data_ml_ops|general_medium|model_infra,,https://job-boards.greenhouse.io/braze/jobs/8001117
2026-09-01,BRZE,Braze," Industry Marketing Lead, Media, Entertainment, Sports & Gaming",Marketing,Austin,nontech,senior,0,0,0,,159000,https://job-boards.greenhouse.io/braze/jobs/8075013
2026-09-01,BRZE,Braze,"Industry Marketing Lead, Media, Entertainment, Sports & Gaming",Marketing,San Francisco,nontech,senior,0,0,0,,157000,https://job-boards.greenhouse.io/braze/jobs/8049451
2026-09-01,BRZE,Braze,"Industry Marketing Lead, Media, Entertainment, Sports & Gaming",Marketing,Chicago,nontech,senior,0,0,0,,149500,https://job-boards.greenhouse.io/braze/jobs/8049454
2026-09-01,BRZE,Braze,"Industry Marketing Lead, Media, Entertainment, Sports & Gaming",Marketing,New York City,nontech,senior,0,0,0,,157000,https://job-boards.greenhouse.io/braze/jobs/8011124
2026-09-01,BRZE,Braze,IT Associate,Information Technology,New York City,other,mid,0,0,0,,81500,https://job-boards.greenhouse.io/braze/jobs/7980202
2026-09-01,BRZE,Braze,IT Associate,Engineering,Sydney,other,mid,0,0,0,,,https://job-boards.greenhouse.io/braze/jobs/8010460
2026-09-01,BRZE,Braze,Lead Solutions Consultant,Solutions Consulting,London,other,senior,0,0,0,,,https://job-boards.greenhouse.io/braze/jobs/8053015
2026-09-01,BRZE,Braze,"Lead, Technology Partners Product Marketing Manager",Marketing,Austin,nontech,senior,0,0,0,,151000,https://job-boards.greenhouse.io/braze/jobs/8089838
2026-09-01,BRZE,Braze,"Lead, Technology Partners Product Marketing Manager",Marketing,New York City,nontech,senior,0,0,0,,167000,https://job-boards.greenhouse.io/braze/jobs/8089841
2026-09-01,BRZE,Braze,"Lead, Technology Partners Product Marketing Manager",Marketing,Chicago,nontech,senior,0,0,0,,158500,https://job-boards.greenhouse.io/braze/jobs/8084140
2026-09-01,BRZE,Braze,"Lifecycle Marketing Analyst, Prospect",Marketing,São Paulo,nontech,mid,0,0,0,,,https://job-boards.greenhouse.io/braze/jobs/8105611
2026-09-01,BRZE,Braze,Lifecycle Marketing Senior Specialist,Marketing,São Paulo,nontech,senior,0,0,0,,,https://job-boards.greenhouse.io/braze/jobs/8096677
2026-09-01,BRZE,Braze,"Manager, Services Consulting",Solutions Consulting,Austin,other,mid,0,0,0,,177100,https://job-boards.greenhouse.io/braze/jobs/8031547
2026-09-01,BRZE,Braze,"Manager, Services Consulting",Solutions Consulting,San Francisco,other,mid,0,0,0,,196400,https://job-boards.greenhouse.io/braze/jobs/8031535
2026-09-01,BRZE,Braze,"Manager, Services Consulting",Solutions Consulting,New York City,other,mid,0,0,0,,196400,https://job-boards.greenhouse.io/braze/jobs/8026991
2026-09-01,BRZE,Braze,"Manager, Services Consulting",Solutions Consulting,Chicago,other,mid,0,0,0,,186700,https://job-boards.greenhouse.io/braze/jobs/8031544
2026-09-01,BRZE,Braze,"Manager, Solutions Consulting, AMER Commercial",Solutions Consulting,New York City,other,mid,0,0,0,,230000,https://job-boards.greenhouse.io/braze/jobs/8120455
2026-09-01,BRZE,Braze,"Manager, Solutions Consulting, AMER Commercial",Solutions Consulting,San Francisco,other,mid,0,0,0,,230000,https://job-boards.greenhouse.io/braze/jobs/8120457
2026-09-01,BRZE,Braze,"Manager, Solutions Consulting, AMER Commercial",Solutions Consulting,Austin,other,mid,0,0,0,,215500,https://job-boards.greenhouse.io/braze/jobs/8120418
2026-09-01,BRZE,Braze,"Manager, Solutions Consulting, AMER Commercial",Solutions Consulting,Remote - USA,other,mid,0,0,0,,211500,https://job-boards.greenhouse.io/braze/jobs/8157438
2026-09-01,BRZE,Braze,"Manager, Solutions Consulting, AMER Commercial",Solutions Consulting,Chicago,other,mid,0,0,0,,220000,https://job-boards.greenhouse.io/braze/jobs/8120454
2026-09-01,BRZE,Braze,Network Engineer II,Information Technology,London,product_eng,mid,0,0,0,,,https://job-boards.greenhouse.io/braze/jobs/8143478
2026-09-01,BRZE,Braze,Partner Account Director,Partnerships,London,other,director,0,0,0,,,https://job-boards.greenhouse.io/braze/jobs/8081564
2026-09-01,BRZE,Braze,Partner Account Director - Platinum Partner Development,Partnerships,Austin,other,director,0,0,0,,198000,https://job-boards.greenhouse.io/braze/jobs/8122380
2026-09-01,BRZE,Braze,Partner Account Director - Platinum Partner Development,Partnerships,New York City,other,director,0,0,0,,220000,https://job-boards.greenhouse.io/braze/jobs/8110410
2026-09-01,BRZE,Braze,Partner Account Director - Platinum Partner Development,Partnerships,Chicago,other,director,0,0,0,,209000,https://job-boards.greenhouse.io/braze/jobs/8122381
2026-09-01,BRZE,Braze,"Partner Development Manager- Databricks, Snowflake",Partnerships,San Francisco,other,mid,0,0,0,,156000,https://job-boards.greenhouse.io/braze/jobs/8162966
2026-09-01,BRZE,Braze,"Partner Development Manager- Databricks, Snowflake",Partnerships,Austin,other,mid,0,0,0,,132000,https://job-boards.greenhouse.io/braze/jobs/8167353
2026-09-01,BRZE,Braze,"Partner Development Manager- Databricks, Snowflake",Partnerships,Chicago,other,mid,0,0,0,,139500,https://job-boards.greenhouse.io/braze/jobs/8167347
2026-09-01,BRZE,Braze,"Partner Development Manager- Databricks, Snowflake",Partnerships,New York City,other,mid,0,0,0,,156000,https://job-boards.greenhouse.io/braze/jobs/8139241
2026-09-01,BRZE,Braze,Partner Enablement Manager,GTM Strategy,London,nontech,mid,0,0,0,,,https://job-boards.greenhouse.io/braze/jobs/8007347
2026-09-01,BRZE,Braze,People Business Partner,People,New York City,other,mid,0,0,0,,114500,https://job-boards.greenhouse.io/braze/jobs/8047193
2026-09-01,BRZE,Braze,People Solutions Analyst,People,São Paulo,other,mid,0,0,0,,,https://job-boards.greenhouse.io/braze/jobs/7997454
2026-09-01,BRZE,Braze,Platform Software Engineer II,Engineering,New York City,product_eng,mid,0,0,0,,149800,https://job-boards.greenhouse.io/braze/jobs/8112110
2026-09-01,BRZE,Braze,"Principal, Strategic AI Sales",Sales,Singapore,nontech,staff_principal,1,3,1,model_infra,,https://job-boards.greenhouse.io/braze/jobs/8151929
2026-09-01,BRZE,Braze,Recruiter II (6 Months Contract),People,Singapore,nontech,mid,0,0,0,,,https://job-boards.greenhouse.io/braze/jobs/8096420
2026-09-01,BRZE,Braze,Recruiter II - Contract Role,People,Austin,nontech,mid,0,0,0,,50000,https://job-boards.greenhouse.io/braze/jobs/8097756
2026-09-01,BRZE,Braze,Recruiter II - Contract Role,People,New York City,nontech,mid,0,0,0,,50000,https://job-boards.greenhouse.io/braze/jobs/8095242
2026-09-01,BRZE,Braze,Recruiter II - Contract Role,People,Chicago,nontech,mid,0,0,0,,50000,https://job-boards.greenhouse.io/braze/jobs/8097754
2026-09-01,BRZE,Braze,Recruitment Coordinator,People,Bucharest,other,mid,0,0,0,,,https://job-boards.greenhouse.io/braze/jobs/8074874
2026-09-01,BRZE,Braze,Revenue Staff Accountant,Finance,São Paulo,other,staff_principal,0,0,0,,,https://job-boards.greenhouse.io/braze/jobs/8112642
2026-09-01,BRZE,Braze,"Sales Director, Enterprise",Sales,Tokyo,nontech,director,0,0,0,,,https://job-boards.greenhouse.io/braze/jobs/7984582
2026-09-01,BRZE,Braze,"Sales Director, Enterprise, ANZ",Sales,Sydney,nontech,director,0,0,0,,,https://job-boards.greenhouse.io/braze/jobs/8131728
2026-09-01,BRZE,Braze,"Sales Director, Latam",Sales,São Paulo,nontech,director,0,0,0,,,https://job-boards.greenhouse.io/braze/jobs/8157434
2026-09-01,BRZE,Braze,"Sales Director, SMB",Sales,London,nontech,director,0,0,0,,,https://job-boards.greenhouse.io/braze/jobs/8130222
2026-09-01,BRZE,Braze,"Sales Director, South Korea",Sales,Seoul,nontech,director,0,0,0,,,https://job-boards.greenhouse.io/braze/jobs/8158102
2026-09-01,BRZE,Braze,"Sales Operations Analyst, Commissions",Finance,São Paulo,nontech,mid,0,0,0,,,https://job-boards.greenhouse.io/braze/jobs/8060328
2026-09-01,BRZE,Braze,"Senior Account Executive, Emerging Enterprise",Sales,Chicago,demand_validated,senior,0,0,0,,213000,https://job-boards.greenhouse.io/braze/jobs/8069434
2026-09-01,BRZE,Braze,"Senior Account Executive, Emerging Enterprise",Sales,New York City,demand_validated,senior,0,0,0,,213000,https://job-boards.greenhouse.io/braze/jobs/8074838
2026-09-01,BRZE,Braze,"Senior Account Executive, Scale",Sales,London,demand_validated,senior,0,0,0,,,https://job-boards.greenhouse.io/braze/jobs/8025693
2026-09-01,BRZE,Braze,"Senior Account Executive, Strategic Enterprise",Sales,Chicago,demand_validated,senior,0,0,0,,265000,https://job-boards.greenhouse.io/braze/jobs/8014513
2026-09-01,BRZE,Braze,"Senior Account Executive, Strategic Enterprise",Sales,Austin,demand_validated,senior,0,0,0,,,https://job-boards.greenhouse.io/braze/jobs/8014514
2026-09-01,BRZE,Braze,"Senior Account Executive, Strategic Enterprise",Sales,New York City,demand_validated,senior,0,0,0,,274000,https://job-boards.greenhouse.io/braze/jobs/8010543
2026-09-01,BRZE,Braze,Senior Business Development Representative,Business Development,Berlin,other,senior,0,0,0,,,https://job-boards.greenhouse.io/braze/jobs/7818850
2026-09-01,BRZE,Braze,Senior Business Development Representative,Business Development,Berlin,other,senior,0,0,0,,,https://job-boards.greenhouse.io/braze/jobs/7981993
2026-09-01,BRZE,Braze,Senior Customer Success Manager,Customer Experience,Seoul,demand_validated,senior,0,0,0,,,https://job-boards.greenhouse.io/braze/jobs/8090590
2026-09-01,BRZE,Braze,"Senior Customer Success Manager, Industry",Customer Experience,San Francisco,demand_validated,senior,0,0,0,,120000,https://job-boards.greenhouse.io/braze/jobs/8155118
2026-09-01,BRZE,Braze,"Senior Customer Success Manager, Industry",Customer Experience,New York City,demand_validated,senior,0,0,0,,120000,https://job-boards.greenhouse.io/braze/jobs/8155117
2026-09-01,BRZE,Braze,"Senior Customer Success Manager, Industry",Customer Experience,Chicago,demand_validated,senior,0,0,0,,114500,https://job-boards.greenhouse.io/braze/jobs/8142617
2026-09-01,BRZE,Braze,"Senior Customer Success Manager, Industry",Customer Experience,Austin,demand_validated,senior,0,0,0,,108500,https://job-boards.greenhouse.io/braze/jobs/8155119
2026-09-01,BRZE,Braze,Senior Customer Success Manager (Thai Speaking),Customer Experience,Singapore,demand_validated,senior,0,0,0,,,https://job-boards.greenhouse.io/braze/jobs/8161761
2026-09-01,BRZE,Braze,"Senior Director, Creative",Marketing,Chicago,other,director,0,0,0,,191000,https://job-boards.greenhouse.io/braze/jobs/7997900
2026-09-01,BRZE,Braze,"Senior Director, Creative",Marketing,San Francisco,other,director,0,0,0,,200000,https://job-boards.greenhouse.io/braze/jobs/7997909
2026-09-01,BRZE,Braze,"Senior Director, Creative",Marketing,New York City,other,director,0,0,0,,200000,https://job-boards.greenhouse.io/braze/jobs/7997907
2026-09-01,BRZE,Braze,"Senior Director, Creative",Marketing,Austin,other,director,0,0,0,,181000,https://job-boards.greenhouse.io/braze/jobs/7993317
2026-09-01,BRZE,Braze,Senior Email Deliverability Consultant,Customer Experience,Austin,other,senior,0,0,0,,122000,https://job-boards.greenhouse.io/braze/jobs/8072852
2026-09-01,BRZE,Braze,Senior Email Deliverability Consultant,Customer Experience,Chicago,other,senior,0,0,0,,126750,https://job-boards.greenhouse.io/braze/jobs/8072850
2026-09-01,BRZE,Braze,Senior Email Deliverability Consultant,Customer Experience,San Francisco,other,senior,0,0,0,,131500,https://job-boards.greenhouse.io/braze/jobs/8072853
2026-09-01,BRZE,Braze,Senior Email Deliverability Consultant,Customer Experience,New York City,other,senior,0,0,0,,131500,https://job-boards.greenhouse.io/braze/jobs/8051169
2026-09-01,BRZE,Braze,Senior GTM Enablement Manager,GTM Strategy,Sydney,nontech,senior,0,0,0,,,https://job-boards.greenhouse.io/braze/jobs/8105609
2026-09-01,BRZE,Braze,Senior Lead Field Architect,Solutions Consulting,Austin,product_eng,senior,0,0,0,,213500,https://job-boards.greenhouse.io/braze/jobs/8039727
2026-09-01,BRZE,Braze,Senior Lead Field Architect,Solutions Consulting,New York City,product_eng,senior,0,0,0,,238000,https://job-boards.greenhouse.io/braze/jobs/8039731
2026-09-01,BRZE,Braze,Senior Lead Field Architect,Solutions Consulting,San Francisco,product_eng,senior,0,0,0,,238000,https://job-boards.greenhouse.io/braze/jobs/8039735
2026-09-01,BRZE,Braze,Senior Lead Field Architect,Solutions Consulting,Chicago,product_eng,senior,0,0,0,,226500,https://job-boards.greenhouse.io/braze/jobs/8039383
2026-09-01,BRZE,Braze,"Senior Lead Systems Engineer, AI & Automation",Information Technology,Austin,product_eng,senior,1,9,1,application,143000,https://job-boards.greenhouse.io/braze/jobs/8109995
2026-09-01,BRZE,Braze,"Senior Lead Systems Engineer, AI & Automation",Information Technology,New York City,product_eng,senior,1,9,1,application,159000,https://job-boards.greenhouse.io/braze/jobs/8082030
2026-09-01,BRZE,Braze,"Senior Lead Systems Engineer, AI & Automation",Information Technology,Toronto,product_eng,senior,1,9,1,application,163500,https://job-boards.greenhouse.io/braze/jobs/8110018
2026-09-01,BRZE,Braze,"Senior Lead Systems Engineer, AI & Automation",Information Technology,Chicago,product_eng,senior,1,9,1,application,152000,https://job-boards.greenhouse.io/braze/jobs/8109973
2026-09-01,BRZE,Braze,Senior Partner Account Director - Technology Partnerships - AWS,Partnerships,Austin,other,director,0,0,0,,234000,https://job-boards.greenhouse.io/braze/jobs/8145911
2026-09-01,BRZE,Braze,Senior Partner Account Director - Technology Partnerships - AWS,Partnerships,New York City,other,director,0,0,0,,260000,https://job-boards.greenhouse.io/braze/jobs/8115092
2026-09-01,BRZE,Braze,Senior Partner Account Director - Technology Partnerships - AWS,Partnerships,Chicago,other,director,0,0,0,,247000,https://job-boards.greenhouse.io/braze/jobs/8145903
2026-09-01,BRZE,Braze,Senior Partner Account Director - Technology Partnerships - AWS,Partnerships,San Francisco,other,director,0,0,0,,260000,https://job-boards.greenhouse.io/braze/jobs/8145908
2026-09-01,BRZE,Braze,Senior Partner Marketing Manager,Marketing,San Francisco,nontech,senior,0,0,0,,177000,https://job-boards.greenhouse.io/braze/jobs/8139640
2026-09-01,BRZE,Braze,Senior Partner Marketing Manager,Marketing,Austin,nontech,senior,0,0,0,,159000,https://job-boards.greenhouse.io/braze/jobs/8139811
2026-09-01,BRZE,Braze,Senior Partner Marketing Manager,Marketing,New York City,nontech,senior,0,0,0,,177000,https://job-boards.greenhouse.io/braze/jobs/8144376
2026-09-01,BRZE,Braze,Senior Partner Marketing Manager,Marketing,Chicago,nontech,senior,0,0,0,,167500,https://job-boards.greenhouse.io/braze/jobs/8165281
2026-09-01,BRZE,Braze,Senior Platform Software Engineer II,Engineering,New York City,product_eng,senior,0,0,0,,216182,https://job-boards.greenhouse.io/braze/jobs/8039381
2026-09-01,BRZE,Braze,Senior Sales Data Analyst,GTM Operations,São Paulo,nontech,senior,0,0,0,,,https://job-boards.greenhouse.io/braze/jobs/7896284
2026-09-01,BRZE,Braze,"Senior Sales Director, Enterprise",Sales,London,nontech,director,0,0,0,,,https://job-boards.greenhouse.io/braze/jobs/8048689
2026-09-01,BRZE,Braze,"Senior Security Engineer, Enterprise Security",Engineering,New York City,product_eng,senior,0,0,0,,164450,https://job-boards.greenhouse.io/braze/jobs/8071700
2026-09-01,BRZE,Braze,"Senior Security Engineer, Enterprise Security",Engineering,Toronto,product_eng,senior,0,0,0,,182500,https://job-boards.greenhouse.io/braze/jobs/8083534
2026-09-01,BRZE,Braze,"Senior Security Engineer, Enterprise Security",Engineering,Austin,product_eng,senior,0,0,0,,164450,https://job-boards.greenhouse.io/braze/jobs/8077456
2026-09-01,BRZE,Braze,"Senior Security Engineer, Enterprise Security",Engineering,Chicago,product_eng,senior,0,0,0,,164450,https://job-boards.greenhouse.io/braze/jobs/8077454
2026-09-01,BRZE,Braze,"Senior Security Engineer, Enterprise Security",Engineering,San Francisco,product_eng,senior,0,0,0,,164450,https://job-boards.greenhouse.io/braze/jobs/8077458
2026-09-01,BRZE,Braze,"Senior Security Engineer, Enterprise Security",Engineering,São Paulo,product_eng,senior,0,0,0,,,https://job-boards.greenhouse.io/braze/jobs/7963381
2026-09-01,BRZE,Braze,Senior Security Engineer II,Engineering,San Francisco,product_eng,senior,0,0,0,,205000,https://job-boards.greenhouse.io/braze/jobs/8084144
2026-09-01,BRZE,Braze,Senior Security Engineer II,Engineering,Toronto,product_eng,senior,0,0,0,,210150,https://job-boards.greenhouse.io/braze/jobs/8153924
2026-09-01,BRZE,Braze,Senior Security Engineer II,Engineering,New York City,product_eng,senior,0,0,0,,205000,https://job-boards.greenhouse.io/braze/jobs/8080170
2026-09-01,BRZE,Braze,Senior Security Engineer II,Engineering,Atlanta,product_eng,senior,0,0,0,,205000,https://job-boards.greenhouse.io/braze/jobs/8140267
2026-09-01,BRZE,Braze,Senior Security Engineer II,Engineering,Boston,product_eng,senior,0,0,0,,205000,https://job-boards.greenhouse.io/braze/jobs/8140264
2026-09-01,BRZE,Braze,Senior Security Engineer II,Engineering,Austin,product_eng,senior,0,0,0,,205000,https://job-boards.greenhouse.io/braze/jobs/8084146
2026-09-01,BRZE,Braze,Senior Security Engineer II,Engineering,Chicago,product_eng,senior,0,0,0,,205000,https://job-boards.greenhouse.io/braze/jobs/8084145
2026-09-01,BRZE,Braze,Senior Site Reliability Engineer,Engineering,São Paulo,product_eng,senior,0,0,0,,,https://job-boards.greenhouse.io/braze/jobs/7980448
2026-09-01,BRZE,Braze,Senior Site Reliability Engineer I,Engineering,Vancouver,product_eng,senior,0,0,0,,231108,https://job-boards.greenhouse.io/braze/jobs/8161897
2026-09-01,BRZE,Braze,Senior Site Reliability Engineer I,Engineering,Toronto,product_eng,senior,0,0,0,,231108,https://job-boards.greenhouse.io/braze/jobs/8161894
2026-09-01,BRZE,Braze,"Senior Software Engineer I, Content Cards",Engineering,Chicago,product_eng,senior,0,0,0,,181421,https://job-boards.greenhouse.io/braze/jobs/8105898
2026-09-01,BRZE,Braze,"Senior Software Engineer I, Content Cards",Engineering,New York City,product_eng,senior,0,0,0,,181421,https://job-boards.greenhouse.io/braze/jobs/8105865
2026-09-01,BRZE,Braze,"Senior Software Engineer I, Content Cards",Engineering,San Francisco,product_eng,senior,0,0,0,,181421,https://job-boards.greenhouse.io/braze/jobs/8105900
2026-09-01,BRZE,Braze,"Senior Software Engineer I, Content Cards",Engineering,Austin,product_eng,senior,0,0,0,,181421,https://job-boards.greenhouse.io/braze/jobs/8105890
2026-09-01,BRZE,Braze,Senior Software Engineer II,Product,Toronto,product_eng,senior,0,0,0,,276419,https://job-boards.greenhouse.io/braze/jobs/8027184
2026-09-01,BRZE,Braze,"Senior Software Engineer II, BrazeAI Operator",Engineering,São Paulo,product_eng,senior,0,9,1,application,,https://job-boards.greenhouse.io/braze/jobs/7947577
2026-09-01,BRZE,Braze,"Senior Software Engineer II, Full-Stack",Engineering,Toronto,product_eng,senior,0,0,0,,258419,https://job-boards.greenhouse.io/braze/jobs/8030572
2026-09-01,BRZE,Braze,"Senior Solutions Consultant, Retail (SC3)",Solutions Consulting,New York City,other,senior,0,0,0,,163500,https://job-boards.greenhouse.io/braze/jobs/8081972
2026-09-01,BRZE,Braze,"Senior Solutions Consultant, Retail (SC3)",Solutions Consulting,Austin,other,senior,0,0,0,,152500,https://job-boards.greenhouse.io/braze/jobs/8081973
2026-09-01,BRZE,Braze,"Senior Solutions Consultant, Retail (SC3)",Solutions Consulting,San Francisco,other,senior,0,0,0,,163500,https://job-boards.greenhouse.io/braze/jobs/8081975
2026-09-01,BRZE,Braze,"Senior Solutions Consultant, Retail (SC3)",Solutions Consulting,Chicago,other,senior,0,0,0,,155500,https://job-boards.greenhouse.io/braze/jobs/8081875
2026-09-01,BRZE,Braze,Senior Staff Engineer,Engineering,Austin,product_eng,staff_principal,0,0,0,,299000,https://job-boards.greenhouse.io/braze/jobs/7914090
2026-09-01,BRZE,Braze,Senior Staff Engineer,Engineering,Chicago,product_eng,staff_principal,0,0,0,,299000,https://job-boards.greenhouse.io/braze/jobs/7914087
2026-09-01,BRZE,Braze,Senior Staff Engineer,Engineering,New York City,product_eng,staff_principal,0,0,0,,299000,https://job-boards.greenhouse.io/braze/jobs/7905995
2026-09-01,BRZE,Braze,Senior Staff Engineer,Engineering,San Francisco,product_eng,staff_principal,0,0,0,,299000,https://job-boards.greenhouse.io/braze/jobs/7914092
2026-09-01,BRZE,Braze,"Senior Technical Product Manager, Content Platforms (AI Content Operations) ",Growth,Austin,product_eng,senior,1,3,1,application,182000,https://job-boards.greenhouse.io/braze/jobs/8053845
2026-09-01,BRZE,Braze,"Senior Technical Product Manager, Content Platforms (AI Content Operations) ",Growth,Chicago,product_eng,senior,1,3,1,application,192500,https://job-boards.greenhouse.io/braze/jobs/8053849
2026-09-01,BRZE,Braze,"Senior Technical Product Manager, Content Platforms (AI Content Operations) ",Growth,New York City,product_eng,senior,1,3,1,application,202500,https://job-boards.greenhouse.io/braze/jobs/8000775
2026-09-01,BRZE,Braze,"Senior Technical Product Manager, Content Platforms (AI Content Operations) ",Growth,San Francisco,product_eng,senior,1,3,1,application,202500,https://job-boards.greenhouse.io/braze/jobs/8053850
2026-09-01,BRZE,Braze,"Senior Technical Product Manager, Content Platforms (Localization)",Growth,San Francisco,product_eng,senior,0,0,0,,202500,https://job-boards.greenhouse.io/braze/jobs/8053791
2026-09-01,BRZE,Braze,"Senior Technical Product Manager, Content Platforms (Localization)",Growth,Chicago,product_eng,senior,0,0,0,,192500,https://job-boards.greenhouse.io/braze/jobs/8053787
2026-09-01,BRZE,Braze,"Senior Technical Product Manager, Content Platforms (Localization)",Growth,New York City,product_eng,senior,0,0,0,,202500,https://job-boards.greenhouse.io/braze/jobs/8027701
2026-09-01,BRZE,Braze,"Senior Technical Product Manager, Content Platforms (Localization)",Growth,Austin,product_eng,senior,0,0,0,,182000,https://job-boards.greenhouse.io/braze/jobs/8053789
2026-09-01,BRZE,Braze,Senior Technical Support Specialist,Customer Experience,Tokyo,nontech,senior,0,0,0,,,https://job-boards.greenhouse.io/braze/jobs/8045092
2026-09-01,BRZE,Braze,"Solutions Consultant, Emerging Enterprise, General Business",Solutions Consulting,New York City,other,mid,0,0,0,,126650,https://job-boards.greenhouse.io/braze/jobs/7997848
2026-09-01,BRZE,Braze,"Solutions Consultant, Emerging Enterprise, General Business",Solutions Consulting,Austin,other,mid,0,0,0,,115300,https://job-boards.greenhouse.io/braze/jobs/7997850
2026-09-01,BRZE,Braze,"Solutions Consultant, Emerging Enterprise, General Business",Solutions Consulting,Chicago,other,mid,0,0,0,,119550,https://job-boards.greenhouse.io/braze/jobs/7993319
2026-09-01,BRZE,Braze,"Solutions Consultant, Emerging Enterprise, General Business",Solutions Consulting,San Francisco,other,mid,0,0,0,,126650,https://job-boards.greenhouse.io/braze/jobs/7997849
2026-09-01,BRZE,Braze,"Solutions Consultant, Emerging Enterprise, General Business",Solutions Consulting,Toronto,other,mid,0,0,0,,132000,https://job-boards.greenhouse.io/braze/jobs/8014600
2026-09-01,BRZE,Braze,Staff Software Engineer,Engineering,New York City,product_eng,staff_principal,0,15,1,application|buzz|data_ml_ops|model_infra,258200,https://job-boards.greenhouse.io/braze/jobs/8114176
2026-09-01,BRZE,Braze,Staff Software Engineer,Engineering,Vancouver,product_eng,staff_principal,0,3,1,application,289606,https://job-boards.greenhouse.io/braze/jobs/8105946
2026-09-01,BRZE,Braze,Staff Software Engineer,Engineering,Austin,product_eng,staff_principal,0,15,1,application|buzz|data_ml_ops|model_infra,258200,https://job-boards.greenhouse.io/braze/jobs/8141755
2026-09-01,BRZE,Braze,Staff Software Engineer,Engineering,Chicago,product_eng,staff_principal,0,15,1,application|buzz|data_ml_ops|model_infra,258200,https://job-boards.greenhouse.io/braze/jobs/8141756
2026-09-01,BRZE,Braze,Staff Software Engineer,Engineering,San Francisco,product_eng,staff_principal,0,15,1,application|buzz|data_ml_ops|model_infra,258200,https://job-boards.greenhouse.io/braze/jobs/8141757
2026-09-01,BRZE,Braze,Staff Software Engineer,Engineering,Toronto,product_eng,staff_principal,0,15,1,application|buzz|data_ml_ops|model_infra,266000,https://job-boards.greenhouse.io/braze/jobs/8141758
2026-09-01,BRZE,Braze,Staff Software Engineer,Engineering,Toronto,product_eng,staff_principal,0,3,1,application,289606,https://job-boards.greenhouse.io/braze/jobs/8105613
2026-09-01,BRZE,Braze,Support Engagement Lead,Customer Experience,San Francisco,nontech,senior,0,0,0,,105000,https://job-boards.greenhouse.io/braze/jobs/8010946
2026-09-01,BRZE,Braze,Support Engagement Lead,Customer Experience,Chicago,nontech,senior,0,0,0,,105000,https://job-boards.greenhouse.io/braze/jobs/8010941
2026-09-01,BRZE,Braze,Support Engagement Lead,Customer Experience,New York City,nontech,senior,0,0,0,,105000,https://job-boards.greenhouse.io/braze/jobs/8010975
2026-09-01,BRZE,Braze,Support Engagement Lead,Customer Experience,Denver,nontech,senior,0,0,0,,105000,https://job-boards.greenhouse.io/braze/jobs/8010978
2026-09-01,BRZE,Braze,Support Engagement Lead,Customer Experience,São Paulo,nontech,senior,0,0,0,,,https://job-boards.greenhouse.io/braze/jobs/8122824
2026-09-01,BRZE,Braze,Support Engagement Lead,Customer Experience,Austin,nontech,senior,0,0,0,,105000,https://job-boards.greenhouse.io/braze/jobs/8007443
2026-09-01,BRZE,Braze,"Team Lead, Email Deliverability",Customer Experience,New York City,other,senior,0,0,0,,129500,https://job-boards.greenhouse.io/braze/jobs/7983203
2026-09-01,BRZE,Braze,"Team Lead, Email Deliverability",Customer Experience,Chicago,other,senior,0,0,0,,129500,https://job-boards.greenhouse.io/braze/jobs/7963459
2026-09-01,BRZE,Braze,"Team Lead, Email Deliverability",Customer Experience,San Francisco,other,senior,0,0,0,,129500,https://job-boards.greenhouse.io/braze/jobs/7983204
2026-09-01,BRZE,Braze,"Team Lead, Email Deliverability",Customer Experience,Austin,other,senior,0,0,0,,129500,https://job-boards.greenhouse.io/braze/jobs/7983202
2026-09-01,BRZE,Braze,Technical Account Manager,Customer Experience,Austin,demand_validated,mid,0,0,0,,112225,https://job-boards.greenhouse.io/braze/jobs/7872119
2026-09-01,BRZE,Braze,Technical Account Manager,Customer Experience,New York City,demand_validated,mid,0,0,0,,112225,https://job-boards.greenhouse.io/braze/jobs/7851375
2026-09-01,BRZE,Braze,Technical Account Manager,Customer Experience,Toronto,demand_validated,mid,0,0,0,,126750,https://job-boards.greenhouse.io/braze/jobs/8067160
2026-09-01,BRZE,Braze,Technical Account Manager,Customer Experience,San Francisco,demand_validated,mid,0,0,0,,112225,https://job-boards.greenhouse.io/braze/jobs/7872124
2026-09-01,BRZE,Braze,Technical Account Manager,Customer Experience,Chicago,demand_validated,mid,0,0,0,,112225,https://job-boards.greenhouse.io/braze/jobs/7872122
2026-09-01,BRZE,Braze,Technical Architect,Customer Experience,São Paulo,product_eng,mid,0,1,0,buzz,,https://job-boards.greenhouse.io/braze/jobs/8055926
2026-09-01,BRZE,Braze,Technical Support Specialist,Customer Experience,New York City,nontech,mid,0,0,0,,88000,https://job-boards.greenhouse.io/braze/jobs/8140049
2026-09-01,BRZE,Braze,Technical Support Specialist,Customer Experience,Chicago,nontech,mid,0,0,0,,83000,https://job-boards.greenhouse.io/braze/jobs/8139484
2026-09-01,BRZE,Braze,Technical Support Specialist,Customer Experience,Austin,nontech,mid,0,0,0,,79000,https://job-boards.greenhouse.io/braze/jobs/8139467
2026-09-01,BRZE,Braze,Technical Support Specialist,Customer Experience,Austin,nontech,mid,0,0,0,,79000,https://job-boards.greenhouse.io/braze/jobs/8099327
2026-09-01,BRZE,Braze,Technical Support Specialist,Customer Experience,San Francisco,nontech,mid,0,0,0,,88000,https://job-boards.greenhouse.io/braze/jobs/8130853
2026-09-01,BRZE,Braze,Technical Support Specialist,Customer Experience,Chicago,nontech,mid,0,0,0,,83000,https://job-boards.greenhouse.io/braze/jobs/8099717
2026-09-01,BRZE,Braze,Technical Support Specialist,Customer Experience,San Francisco,nontech,mid,0,0,0,,88000,https://job-boards.greenhouse.io/braze/jobs/8099312
2026-09-01,BRZE,Braze,Technical Support Specialist,Customer Experience,New York City,nontech,mid,0,0,0,,88000,https://job-boards.greenhouse.io/braze/jobs/8095130
2026-09-01,BRZE,Braze,Technology Partners Product Marketing Manager,Marketing,San Francisco,nontech,mid,0,0,0,,167000,https://job-boards.greenhouse.io/braze/jobs/8089842
2026-09-01,KVYO,Klaviyo,"Account Executive Commercial, Italian Speaker",Sales,"Dublin, IE",demand_validated,mid,0,0,0,,,https://www.klaviyo.com/careers/jobs/7917345003?gh_jid=7917345003
2026-09-01,KVYO,Klaviyo,"Account Executive Commercial, Spanish Speaker",Sales,"Dublin, IE",demand_validated,mid,0,0,0,,,https://www.klaviyo.com/careers/jobs/7776857003?gh_jid=7776857003
2026-09-01,KVYO,Klaviyo,"Account Executive, Large Enterprise",Sales,"San Diego, CA",demand_validated,mid,0,0,0,,160000,https://www.klaviyo.com/careers/jobs/7979425003?gh_jid=7979425003
2026-09-01,KVYO,Klaviyo,"Account Executive, Large Enterprise",Sales,"Austin, TX",demand_validated,mid,0,0,0,,160000,https://www.klaviyo.com/careers/jobs/7979427003?gh_jid=7979427003
2026-09-01,KVYO,Klaviyo,"Account Executive, Large Enterprise",Sales,"New York, NY",demand_validated,mid,0,0,0,,160000,https://www.klaviyo.com/careers/jobs/7963078003?gh_jid=7963078003
2026-09-01,KVYO,Klaviyo,"Account Executive, Large Enterprise",Sales,"San Francisco, CA",demand_validated,mid,0,0,0,,160000,https://www.klaviyo.com/careers/jobs/7979420003?gh_jid=7979420003
2026-09-01,KVYO,Klaviyo,"Account Executive, Large Enterprise",Sales,"Boston, MA",demand_validated,mid,0,0,0,,160000,https://www.klaviyo.com/careers/jobs/7979424003?gh_jid=7979424003
2026-09-01,KVYO,Klaviyo,"Account Executive, Large Enterprise",Sales,"Denver, CO",demand_validated,mid,0,0,0,,160000,https://www.klaviyo.com/careers/jobs/7979422003?gh_jid=7979422003
2026-09-01,KVYO,Klaviyo,"Account Executive, Large Enterprise",Sales,"Los Angeles, CA",demand_validated,mid,0,0,0,,160000,https://www.klaviyo.com/careers/jobs/7979426003?gh_jid=7979426003
2026-09-01,KVYO,Klaviyo,"Account Executive, Mid-Enterprise",Sales,"Boston, MA",demand_validated,mid,0,0,0,,115000,https://www.klaviyo.com/careers/jobs/7624146003?gh_jid=7624146003
2026-09-01,KVYO,Klaviyo,"Account Executive, Mid-Enterprise",Sales,"New York, NY",demand_validated,mid,0,0,0,,115000,https://www.klaviyo.com/careers/jobs/7720001003?gh_jid=7720001003
2026-09-01,KVYO,Klaviyo,"Account Executive, Mid-Enterprise",Sales,"Miami, FL",demand_validated,mid,0,0,0,,115000,https://www.klaviyo.com/careers/jobs/7817729003?gh_jid=7817729003
2026-09-01,KVYO,Klaviyo,"Account Executive, Mid-Enterprise",Sales,"Denver, CO",demand_validated,mid,0,0,0,,115000,https://www.klaviyo.com/careers/jobs/7624149003?gh_jid=7624149003
2026-09-01,KVYO,Klaviyo,AI Enablement Program Manager,Engineering,"Boston, MA",nontech,mid,1,3,1,application,200000,https://www.klaviyo.com/careers/jobs/7801432003?gh_jid=7801432003
2026-09-01,KVYO,Klaviyo,Analytics Engineer,Administrative,"Boston, MA",product_eng,mid,0,0,0,,140000,https://www.klaviyo.com/careers/jobs/7737707003?gh_jid=7737707003
2026-09-01,KVYO,Klaviyo,Business Development Representative,Sales,"Sydney, AU",other,mid,0,0,0,,70000,https://www.klaviyo.com/careers/jobs/7742938003?gh_jid=7742938003
2026-09-01,KVYO,Klaviyo,Commercial Account Executive,Sales,"Boston, MA",demand_validated,mid,0,0,0,,65000,https://www.klaviyo.com/careers/jobs/7577984003?gh_jid=7577984003
2026-09-01,KVYO,Klaviyo,Commercial Account Executive,Sales,"Denver, CO",demand_validated,mid,0,0,0,,65000,https://www.klaviyo.com/careers/jobs/7577985003?gh_jid=7577985003
2026-09-01,KVYO,Klaviyo,Commercial Account Executive- Customer Growth ,Sales,"Sydney, AU",demand_validated,mid,0,0,0,,110000,https://www.klaviyo.com/careers/jobs/7835654003?gh_jid=7835654003
2026-09-01,KVYO,Klaviyo,Commercial Account Executive - Greater China Region,Sales,Singapore,demand_validated,mid,0,0,0,,,https://www.klaviyo.com/careers/jobs/7807681003?gh_jid=7807681003
2026-09-01,KVYO,Klaviyo,Commercial Account Executive (Portuguese Speaking),Sales,"Boston, MA; Denver, CO",demand_validated,mid,0,0,0,,65000,https://www.klaviyo.com/careers/jobs/7776017003?gh_jid=7776017003
2026-09-01,KVYO,Klaviyo,"Customer Support Specialist, Bilingual English & Japanese",Customer Support,"Sydney, AU",nontech,mid,0,0,0,,100000,https://www.klaviyo.com/careers/jobs/7798572003?gh_jid=7798572003
2026-09-01,KVYO,Klaviyo,"Customer Support Specialist, German (Weekend Shift)",Customer Support,"Dublin, IE",nontech,mid,0,0,0,,,https://www.klaviyo.com/careers/jobs/7785582003?gh_jid=7785582003
2026-09-01,KVYO,Klaviyo,"Demand Generation Manager,Asia",Marketing,Singapore,other,mid,0,0,0,,,https://www.klaviyo.com/careers/jobs/7818147003?gh_jid=7818147003
2026-09-01,KVYO,Klaviyo,"Director, Global Field Enablement",Marketing,"Boston, MA",nontech,director,0,3,1,application,225000,https://www.klaviyo.com/careers/jobs/7884478003?gh_jid=7884478003
2026-09-01,KVYO,Klaviyo,"Director, Global Field Enablement",Marketing,"Denver, CO",nontech,director,0,3,1,application,225000,https://www.klaviyo.com/careers/jobs/7894057003?gh_jid=7894057003
2026-09-01,KVYO,Klaviyo,"Director of Sales, Commercial (Europe)",Sales,"Dublin, IE",nontech,director,0,0,0,,,https://www.klaviyo.com/careers/jobs/7762361003?gh_jid=7762361003
2026-09-01,KVYO,Klaviyo,"Director, Product Management - Channel Infrastructure & Mobile",Product,"Boston, MA",other,director,0,1,0,buzz,280000,https://www.klaviyo.com/careers/jobs/7766942003?gh_jid=7766942003
2026-09-01,KVYO,Klaviyo,"Director, Professional Services, EMEA",Customer Success,"London, UK",demand_validated,director,0,0,0,,,https://www.klaviyo.com/careers/jobs/7746935003?gh_jid=7746935003
2026-09-01,KVYO,Klaviyo,"Director, Site Reliability Engineering",Engineering,"Dublin, IE",product_eng,director,0,0,0,,,https://www.klaviyo.com/careers/jobs/7855799003?gh_jid=7855799003
2026-09-01,KVYO,Klaviyo,"Enterprise Enablement Partner, EMEA",Marketing,"London, UK",nontech,mid,0,0,0,,,https://www.klaviyo.com/careers/jobs/7807934003?gh_jid=7807934003
2026-09-01,KVYO,Klaviyo,Executive Business Partner,People,"San Francisco, CA",other,mid,0,0,0,,105000,https://www.klaviyo.com/careers/jobs/7790310003?gh_jid=7790310003
2026-09-01,KVYO,Klaviyo,Finance Deal Desk Manager,Finance & Accounting,"Sydney, AU",nontech,mid,0,0,0,,160000,https://www.klaviyo.com/careers/jobs/7806991003?gh_jid=7806991003
2026-09-01,KVYO,Klaviyo,Global Onboarding Lead,People,"Boston, MA",other,senior,0,0,0,,155000,https://www.klaviyo.com/careers/jobs/7808689003?gh_jid=7808689003
2026-09-01,KVYO,Klaviyo,"Head of Engineering, Finance Systems",IT & Security,"Boston, MA",product_eng,exec,0,0,0,,235000,https://www.klaviyo.com/careers/jobs/7670555003?gh_jid=7670555003
2026-09-01,KVYO,Klaviyo,"Hospitality Partner Account Manager, Mid-Enterprise",Sales,"San Francisco, CA",other,mid,0,0,0,,154000,https://www.klaviyo.com/careers/jobs/7710839003?gh_jid=7710839003
2026-09-01,KVYO,Klaviyo,"Hospitality Partner Account Manager, Mid-Enterprise",Sales,"Boston, MA",other,mid,0,0,0,,154000,https://www.klaviyo.com/careers/jobs/7709951003?gh_jid=7709951003
2026-09-01,KVYO,Klaviyo,"Hospitality Partner Account Manager, Mid-Enterprise",Sales,"Denver, CO",other,mid,0,0,0,,154000,https://www.klaviyo.com/careers/jobs/7710838003?gh_jid=7710838003
2026-09-01,KVYO,Klaviyo,HRIS Manager (Workday),IT & Security,"Boston, MA",other,mid,0,0,0,,160000,https://www.klaviyo.com/careers/jobs/7684381003?gh_jid=7684381003
2026-09-01,KVYO,Klaviyo,Inbound Growth Specialist,Marketing,"Boston, MA",other,mid,0,0,0,,,https://www.klaviyo.com/careers/jobs/7685123003?gh_jid=7685123003
2026-09-01,KVYO,Klaviyo,Integrated Marketing Lead - K:Service,Marketing,"Boston, MA",nontech,senior,0,0,0,,155000,https://www.klaviyo.com/careers/jobs/7635660003?gh_jid=7635660003
2026-09-01,KVYO,Klaviyo,Integrated Marketing Lead - K:Service,Marketing,"San Francisco, CA",nontech,senior,0,0,0,,155000,https://www.klaviyo.com/careers/jobs/7635994003?gh_jid=7635994003
2026-09-01,KVYO,Klaviyo,"Lead Data Science Analyst, GTM Strategic Analytics and Insights",Go-To-Market Operations,"Denver, CO",other,senior,0,26,1,application|buzz|general_medium|model_infra,150000,https://www.klaviyo.com/careers/jobs/7702330003?gh_jid=7702330003
2026-09-01,KVYO,Klaviyo,"Lead Data Science Analyst, GTM Strategic Analytics and Insights",Go-To-Market Operations,"Boston, MA",other,senior,0,26,1,application|buzz|general_medium|model_infra,150000,https://www.klaviyo.com/careers/jobs/7687789003?gh_jid=7687789003
2026-09-01,KVYO,Klaviyo," Lead GTM Data Operations Analyst, AI Workflows",Go-To-Market Operations,"Denver, CO",nontech,senior,1,9,1,application,155000,https://www.klaviyo.com/careers/jobs/7724065003?gh_jid=7724065003
2026-09-01,KVYO,Klaviyo,"Lead GTM Data Operations Analyst, AI Workflows",Go-To-Market Operations,"Boston, MA",nontech,senior,1,9,1,application,155000,https://www.klaviyo.com/careers/jobs/7718967003?gh_jid=7718967003
2026-09-01,KVYO,Klaviyo,"Lead GTM Data Operations Analyst, AI Workflows",Go-To-Market Operations,"San Francisco, CA",nontech,senior,1,9,1,application,155000,https://www.klaviyo.com/careers/jobs/7724068003?gh_jid=7724068003
2026-09-01,KVYO,Klaviyo,Lead IT Specialist,IT & Security,"London, UK",other,senior,0,0,0,,,https://www.klaviyo.com/careers/jobs/7915783003?gh_jid=7915783003
2026-09-01,KVYO,Klaviyo,Lead MarTech & AI Solutions Architect,Marketing,"San Francisco, CA",demand_validated,senior,1,5,1,application|buzz,165000,https://www.klaviyo.com/careers/jobs/7870354003?gh_jid=7870354003
2026-09-01,KVYO,Klaviyo,Lead MarTech & AI Solutions Architect,Marketing,"Boston, MA",demand_validated,senior,1,5,1,application|buzz,165000,https://www.klaviyo.com/careers/jobs/7608379003?gh_jid=7608379003
2026-09-01,KVYO,Klaviyo,Lead People Analytics Partner,People,"Boston, MA",other,senior,0,0,0,,155000,https://www.klaviyo.com/careers/jobs/7859272003?gh_jid=7859272003
2026-09-01,KVYO,Klaviyo,Lead People Systems Engineer,IT & Security,"Boston, MA",product_eng,senior,0,10,1,application|buzz,175000,https://www.klaviyo.com/careers/jobs/7727703003?gh_jid=7727703003
2026-09-01,KVYO,Klaviyo,Lead People Systems Engineer,IT & Security,"San Francisco, CA",product_eng,senior,0,10,1,application|buzz,175000,https://www.klaviyo.com/careers/jobs/7822352003?gh_jid=7822352003
2026-09-01,KVYO,Klaviyo,"Lead Product Manager, Core Data",Product,"Boston, MA",product_eng,senior,0,0,0,,210000,https://www.klaviyo.com/careers/jobs/7728815003?gh_jid=7728815003
2026-09-01,KVYO,Klaviyo,Lead Project Manager,IT & Security,"Boston, MA",other,senior,0,7,1,application|buzz,140000,https://www.klaviyo.com/careers/jobs/7806009003?gh_jid=7806009003
2026-09-01,KVYO,Klaviyo,Lead Security Governance & Risk Engineer,IT & Security,"Boston, MA",product_eng,senior,0,0,0,,195000,https://www.klaviyo.com/careers/jobs/7783906003?gh_jid=7783906003
2026-09-01,KVYO,Klaviyo,"Lead Software Engineer, Distributed Systems - Messaging",Engineering,"Dublin, IE",product_eng,senior,0,0,0,,,https://www.klaviyo.com/careers/jobs/7774822003?gh_jid=7774822003
2026-09-01,KVYO,Klaviyo,"Lead Software Engineer, Platform Engineering",Engineering,"Boston, MA",product_eng,senior,0,0,0,,220000,https://www.klaviyo.com/careers/jobs/7806007003?gh_jid=7806007003
2026-09-01,KVYO,Klaviyo,"Manager, Customer Success - Mid-Enterprise (Northern) ",Customer Success,"London, UK",demand_validated,mid,0,0,0,,,https://www.klaviyo.com/careers/jobs/7800316003?gh_jid=7800316003
2026-09-01,KVYO,Klaviyo,"Manager, Workplace Experience",People,"Dublin, IE",other,mid,0,0,0,,,https://www.klaviyo.com/careers/jobs/7802659003?gh_jid=7802659003
2026-09-01,KVYO,Klaviyo,"Marketing Manager Emerging Markets,Asia",Marketing,Singapore,nontech,mid,0,0,0,,,https://www.klaviyo.com/careers/jobs/7818148003?gh_jid=7818148003
2026-09-01,KVYO,Klaviyo,Mid Enterprise Account Executive- Greater China Region ,Sales,Singapore,demand_validated,mid,0,0,0,,,https://www.klaviyo.com/careers/jobs/7894454003?gh_jid=7894454003
2026-09-01,KVYO,Klaviyo,Mid Enterprise Business Development Rep- Greater China Region,Sales,Singapore,other,mid,0,0,0,,,https://www.klaviyo.com/careers/jobs/7902753003?gh_jid=7902753003
2026-09-01,KVYO,Klaviyo,MM Account Executive,Sales,Singapore,demand_validated,mid,0,0,0,,,https://www.klaviyo.com/careers/jobs/7718462003?gh_jid=7718462003
2026-09-01,KVYO,Klaviyo,Outbound BDR - Central Europe (Polish speaking),Sales,"Dublin, IE",other,mid,0,0,0,,,https://www.klaviyo.com/careers/jobs/7895144003?gh_jid=7895144003
2026-09-01,KVYO,Klaviyo,Outbound Business Development Representative,Sales,"Boston, MA",other,mid,0,0,0,,,https://www.klaviyo.com/careers/jobs/7641196003?gh_jid=7641196003
2026-09-01,KVYO,Klaviyo,Outbound Business Development Representative - Central (German speaking),Sales,"Dublin, IE",other,mid,0,0,0,,,https://www.klaviyo.com/careers/jobs/7748290003?gh_jid=7748290003
2026-09-01,KVYO,Klaviyo,"Partner Account Manager, Commercial",Sales,"Denver, CO",other,mid,0,0,0,,101500,https://www.klaviyo.com/careers/jobs/7803031003?gh_jid=7803031003
2026-09-01,KVYO,Klaviyo,"Partner Account Manager, Commercial",Sales,Singapore,other,mid,0,0,0,,,https://www.klaviyo.com/careers/jobs/7817694003?gh_jid=7817694003
2026-09-01,KVYO,Klaviyo,"Partner Account Manager, Commercial",Sales,"Boston, MA",other,mid,0,0,0,,101500,https://www.klaviyo.com/careers/jobs/7802896003?gh_jid=7802896003
2026-09-01,KVYO,Klaviyo,"Partner Account Manager, Mid Enterprise",Sales,Singapore,other,mid,0,1,0,buzz,,https://www.klaviyo.com/careers/jobs/7916089003?gh_jid=7916089003
2026-09-01,KVYO,Klaviyo,"Partner Account Manager (Mid-Enterprise), Northern Europe",Sales,"London, UK",other,mid,0,0,0,,,https://www.klaviyo.com/careers/jobs/7821524003?gh_jid=7821524003
2026-09-01,KVYO,Klaviyo,"Partner Account Manager, Mid-Enterprise - Southern Europe",Sales,"Paris, FR",other,mid,0,0,0,,,https://www.klaviyo.com/careers/jobs/7811983003?gh_jid=7811983003
2026-09-01,KVYO,Klaviyo,"Principal Commercial Sales Enablement Partner, EMEA",Marketing,"Dublin, IE",nontech,staff_principal,0,0,0,,,https://www.klaviyo.com/careers/jobs/7777760003?gh_jid=7777760003
2026-09-01,KVYO,Klaviyo,"Principal Engineer, Core Infrastructure",Engineering,"Boston, MA",product_eng,staff_principal,0,0,0,,305000,https://www.klaviyo.com/careers/jobs/7559750003?gh_jid=7559750003
2026-09-01,KVYO,Klaviyo,"Principal Engineer, Data Infrastructure",Engineering,"Boston, MA",product_eng,staff_principal,0,4,1,application|buzz,305000,https://www.klaviyo.com/careers/jobs/7559751003?gh_jid=7559751003
2026-09-01,KVYO,Klaviyo,"Principal Software Engineer, Enterprise Scalability",Engineering,"Boston, MA",product_eng,staff_principal,0,0,0,,305000,https://www.klaviyo.com/careers/jobs/7554273003?gh_jid=7554273003
2026-09-01,KVYO,Klaviyo,Product Designer,Design,"Boston, MA",product_eng,mid,0,0,0,,130000,https://www.klaviyo.com/careers/jobs/7855794003?gh_jid=7855794003
2026-09-01,KVYO,Klaviyo,Product Designer,Design,"Boston, MA",product_eng,mid,0,0,0,,130000,https://www.klaviyo.com/careers/jobs/7503712003?gh_jid=7503712003
2026-09-01,KVYO,Klaviyo,"Product Manager, Checkout Experience",Product,"Boston, MA",product_eng,mid,0,0,0,,130000,https://www.klaviyo.com/careers/jobs/7798763003?gh_jid=7798763003
2026-09-01,KVYO,Klaviyo,"Product Owner, GTM Sales Systems",IT & Security,"Boston, MA",nontech,mid,0,0,0,,165000,https://www.klaviyo.com/careers/jobs/7694788003?gh_jid=7694788003
2026-09-01,KVYO,Klaviyo,R&D Recruiting Lead,People,"Boston, MA",nontech,senior,0,0,0,,170000,https://www.klaviyo.com/careers/jobs/7821360003?gh_jid=7821360003
2026-09-01,KVYO,Klaviyo,Recruiting Coordinator (Contract),People,"Boston, MA",nontech,mid,0,0,0,,,https://www.klaviyo.com/careers/jobs/7827823003?gh_jid=7827823003
2026-09-01,KVYO,Klaviyo,Senior AI Engineer - Customer Agent,Engineering,"Boston, MA",product_eng,senior,1,19,1,application|buzz|general_medium|model_infra,185000,https://www.klaviyo.com/careers/jobs/7502768003?gh_jid=7502768003
2026-09-01,KVYO,Klaviyo,Senior Customer Success Manager - Commercial (Mandarin Speaker),Customer Success,Singapore,demand_validated,senior,0,0,0,,,https://www.klaviyo.com/careers/jobs/7786392003?gh_jid=7786392003
2026-09-01,KVYO,Klaviyo,"Senior Engineering Manager, Applied AI (Customer Agent)",Engineering,"Boston, MA",product_eng,senior,1,7,1,application|buzz,270000,https://www.klaviyo.com/careers/jobs/7802701003?gh_jid=7802701003
2026-09-01,KVYO,Klaviyo,Senior Financial Analyst – R&D,Finance & Accounting,"Boston, MA",other,senior,0,0,0,,120000,https://www.klaviyo.com/careers/jobs/7748320003?gh_jid=7748320003
2026-09-01,KVYO,Klaviyo,Senior GTM Partner Systems Architect,IT & Security,"Boston, MA",product_eng,senior,0,0,0,,145000,https://www.klaviyo.com/careers/jobs/7855881003?gh_jid=7855881003
2026-09-01,KVYO,Klaviyo,Senior GTM Partner Systems Engineer,IT & Security,"Boston, MA",product_eng,senior,0,0,0,,145000,https://www.klaviyo.com/careers/jobs/7806010003?gh_jid=7806010003
2026-09-01,KVYO,Klaviyo,Senior Implementation Consultant,Customer Success,"London, UK",demand_validated,senior,0,0,0,,,https://www.klaviyo.com/careers/jobs/7893998003?gh_jid=7893998003
2026-09-01,KVYO,Klaviyo,Senior Integrations Engineer,IT & Security,"Boston, MA",product_eng,senior,0,0,0,,165000,https://www.klaviyo.com/careers/jobs/7688488003?gh_jid=7688488003
2026-09-01,KVYO,Klaviyo,Senior Lead AI Software Engineer,Engineering,"Boston, MA",product_eng,senior,1,10,1,application|buzz,270000,https://www.klaviyo.com/careers/jobs/7766993003?gh_jid=7766993003
2026-09-01,KVYO,Klaviyo,"Senior Lead Product Manager, Enterprise",Product,"Boston, MA",product_eng,senior,0,0,0,,245000,https://www.klaviyo.com/careers/jobs/7517734003?gh_jid=7517734003
2026-09-01,KVYO,Klaviyo,"Senior Lead Program Manager, Technical Programs",Engineering,"Boston, MA",other,senior,0,0,0,,240000,https://www.klaviyo.com/careers/jobs/7453469003?gh_jid=7453469003
2026-09-01,KVYO,Klaviyo,Senior Lead Software Engineer - Data Platform,Engineering,"Boston, MA",product_eng,senior,0,3,1,application,270000,https://www.klaviyo.com/careers/jobs/7809608003?gh_jid=7809608003
2026-09-01,KVYO,Klaviyo,"Senior Lead Software Engineer, Developer Infrastructure",Engineering,"Boston, MA",product_eng,senior,0,0,0,,270000,https://www.klaviyo.com/careers/jobs/7917878003?gh_jid=7917878003
2026-09-01,KVYO,Klaviyo,Senior Lead Technical Program Manager - Infrastructure,Engineering,"Boston, MA",other,senior,0,0,0,,240000,https://www.klaviyo.com/careers/jobs/7855726003?gh_jid=7855726003
2026-09-01,KVYO,Klaviyo,"Senior Localisation Program Manager, Product (Fixed Term Contract)",Marketing,"London, UK",other,senior,0,1,0,buzz,,https://www.klaviyo.com/careers/jobs/7901596003?gh_jid=7901596003
2026-09-01,KVYO,Klaviyo,"Senior Manager, Partner Sales",Sales,"San Francisco, CA",nontech,senior,0,0,0,,175000,https://www.klaviyo.com/careers/jobs/7710023003?gh_jid=7710023003
2026-09-01,KVYO,Klaviyo,"Senior Manager, Partner Sales",Sales,"Boston, MA",nontech,senior,0,0,0,,175000,https://www.klaviyo.com/careers/jobs/7709950003?gh_jid=7709950003
2026-09-01,KVYO,Klaviyo,"Senior Manager, Partner Sales",Sales,"Denver, CO",nontech,senior,0,0,0,,175000,https://www.klaviyo.com/careers/jobs/7710022003?gh_jid=7710022003
2026-09-01,KVYO,Klaviyo,Senior Product Designer,Design,"Boston, MA",product_eng,senior,0,0,0,,168000,https://www.klaviyo.com/careers/jobs/7503717003?gh_jid=7503717003
2026-09-01,KVYO,Klaviyo,Senior Product Designer,Design,"Boston, MA",product_eng,senior,0,0,0,,168000,https://www.klaviyo.com/careers/jobs/7636105003?gh_jid=7636105003
2026-09-01,KVYO,Klaviyo,"Senior Product Manager, AI Analytics",Product,"Boston, MA",product_eng,senior,1,10,1,application|buzz,170000,https://www.klaviyo.com/careers/jobs/7806008003?gh_jid=7806008003
2026-09-01,KVYO,Klaviyo,"Senior Product Manager, Identity and Access Management",Product,"Boston, MA",product_eng,senior,0,0,0,,170000,https://www.klaviyo.com/careers/jobs/7708059003?gh_jid=7708059003
2026-09-01,KVYO,Klaviyo,"Senior Product Manager, ML Modeling & Platform",Product,"Palo Alto, CA",product_eng,senior,1,18,1,application|buzz|data_ml_ops|general_medium|model_infra,170000,https://www.klaviyo.com/careers/jobs/7809609003?gh_jid=7809609003
2026-09-01,KVYO,Klaviyo,"Senior Product Manager, Profiles Platform",Product,"Boston, MA",product_eng,senior,0,0,0,,170000,https://www.klaviyo.com/careers/jobs/7709682003?gh_jid=7709682003
2026-09-01,KVYO,Klaviyo,Senior Product Marketing Manager - Verticals,Marketing,"San Francisco, CA",nontech,senior,0,0,0,,145000,https://www.klaviyo.com/careers/jobs/7664279003?gh_jid=7664279003
2026-09-01,KVYO,Klaviyo,Senior Product Marketing Manager - Verticals,Marketing,"Boston, MA",nontech,senior,0,0,0,,145000,https://www.klaviyo.com/careers/jobs/7664280003?gh_jid=7664280003
2026-09-01,KVYO,Klaviyo,Senior Recruiter,People,"Boston, MA",nontech,senior,0,0,0,,135000,https://www.klaviyo.com/careers/jobs/7805298003?gh_jid=7805298003
2026-09-01,KVYO,Klaviyo,Senior Recruiter (Contract),People,"Boston, MA",nontech,senior,0,0,0,,,https://www.klaviyo.com/careers/jobs/7702922003?gh_jid=7702922003
2026-09-01,KVYO,Klaviyo,Senior Recruiter (Contract),People,"Boston, MA",nontech,senior,0,0,0,,,https://www.klaviyo.com/careers/jobs/7836335003?gh_jid=7836335003
2026-09-01,KVYO,Klaviyo,Senior Security Engineer - Detection and Response,IT & Security,"Boston, MA",product_eng,senior,0,0,0,,177000,https://www.klaviyo.com/careers/jobs/7659972003?gh_jid=7659972003
2026-09-01,KVYO,Klaviyo,Senior Security Engineer - Detection and Response,IT & Security,"Denver, CO",product_eng,senior,0,0,0,,177000,https://www.klaviyo.com/careers/jobs/7660012003?gh_jid=7660012003
2026-09-01,KVYO,Klaviyo,"Senior Software Engineer, Asynchronous Processing",Engineering,"Boston, MA",product_eng,senior,0,0,0,,185000,https://www.klaviyo.com/careers/jobs/7855795003?gh_jid=7855795003
2026-09-01,KVYO,Klaviyo,"Senior Software Engineer, Composer AI Product",Engineering,"Boston, MA",product_eng,senior,1,14,1,application|buzz,185000,https://www.klaviyo.com/careers/jobs/7767542003?gh_jid=7767542003
2026-09-01,KVYO,Klaviyo,Senior Software Engineer - Customer Agent,Engineering,"Boston, MA",product_eng,senior,0,17,1,application|buzz,185000,https://www.klaviyo.com/careers/jobs/7695230003?gh_jid=7695230003
2026-09-01,KVYO,Klaviyo,"Senior Software Engineer, Customer Agent",Engineering,"Boston, MA",product_eng,senior,0,17,1,application|buzz,185000,https://www.klaviyo.com/careers/jobs/7780009003?gh_jid=7780009003
2026-09-01,KVYO,Klaviyo,Senior Software Engineer - Developer Infrastructure,Engineering,"Boston, MA",product_eng,senior,0,0,0,,185000,https://www.klaviyo.com/careers/jobs/7711217003?gh_jid=7711217003
2026-09-01,KVYO,Klaviyo,"Senior Software Engineer, Distributed Systems - Messaging",Engineering,"Dublin, IE",product_eng,senior,0,0,0,,,https://www.klaviyo.com/careers/jobs/7774823003?gh_jid=7774823003
2026-09-01,KVYO,Klaviyo,Senior Software Engineer - Growth,Engineering,"Boston, MA",product_eng,senior,0,3,1,application,185000,https://www.klaviyo.com/careers/jobs/7696724003?gh_jid=7696724003
2026-09-01,KVYO,Klaviyo,Senior Software Engineer - Infrastructure Security,Engineering,"Boston, MA",product_eng,senior,0,0,0,,185000,https://www.klaviyo.com/careers/jobs/7777369003?gh_jid=7777369003
2026-09-01,KVYO,Klaviyo,"Senior Software Engineer, Platform Engineering",Engineering,"Boston, MA",product_eng,senior,0,0,0,,185000,https://www.klaviyo.com/careers/jobs/7783904003?gh_jid=7783904003
2026-09-01,KVYO,Klaviyo,"Senior Software Engineer - Profiles, Lists and Segments",Engineering,"Boston, MA",product_eng,senior,0,0,0,,185000,https://www.klaviyo.com/careers/jobs/7597868003?gh_jid=7597868003
2026-09-01,KVYO,Klaviyo,"Senior Software Engineer, Reliability ",Engineering,"Dublin, IE",product_eng,senior,0,0,0,,,https://www.klaviyo.com/careers/jobs/7806004003?gh_jid=7806004003
2026-09-01,KVYO,Klaviyo,"Software Engineer II, Distributed Systems- Messaging",Engineering,"Dublin, IE",product_eng,mid,0,0,0,,,https://www.klaviyo.com/careers/jobs/7774824003?gh_jid=7774824003
2026-09-01,KVYO,Klaviyo,Software Engineer II - Growth,Engineering,"Boston, MA",product_eng,mid,0,3,1,application,145000,https://www.klaviyo.com/careers/jobs/7659484003?gh_jid=7659484003
2026-09-01,KVYO,Klaviyo,"Software Engineer II, Infrastructure Security",Engineering,"Dublin, IE",product_eng,mid,0,1,0,buzz,,https://www.klaviyo.com/careers/jobs/7980319003?gh_jid=7980319003
2026-09-01,KVYO,Klaviyo,Software Engineer II (Mobile Developer - Android/Kotlin) - Mobile App Growth,Engineering,"Boston, MA",product_eng,mid,0,0,0,,145000,https://www.klaviyo.com/careers/jobs/7792539003?gh_jid=7792539003
2026-09-01,KVYO,Klaviyo,Software Engineer II - Recommendations,Engineering,"Boston, MA",product_eng,mid,0,23,1,application|buzz|data_ml_ops|general_medium,145000,https://www.klaviyo.com/careers/jobs/7855798003?gh_jid=7855798003
2026-09-01,KVYO,Klaviyo,"Software Engineer II, Reliability",Engineering,"Dublin, IE",product_eng,mid,0,0,0,,,https://www.klaviyo.com/careers/jobs/7806006003?gh_jid=7806006003
2026-09-01,KVYO,Klaviyo,"Sr. AI Systems & Solutions Architect, Customer Success",Customer Success,"Boston, MA",demand_validated,senior,1,7,1,application|buzz,140000,https://www.klaviyo.com/careers/jobs/7820704003?gh_jid=7820704003
2026-09-01,KVYO,Klaviyo,"Sr. AI Systems & Solutions Architect, Customer Success",Customer Success,"San Francisco, CA",demand_validated,senior,1,7,1,application|buzz,140000,https://www.klaviyo.com/careers/jobs/7859210003?gh_jid=7859210003
2026-09-01,KVYO,Klaviyo,"Sr. AI Systems & Solutions Architect, Customer Success",Customer Success,"Denver, CO",demand_validated,senior,1,7,1,application|buzz,140000,https://www.klaviyo.com/careers/jobs/7859208003?gh_jid=7859208003
2026-09-01,KVYO,Klaviyo,"Sr. AI Systems & Solutions Architect, Global Services",Customer Success,"San Francisco, CA",demand_validated,senior,1,7,1,application|buzz,140000,https://www.klaviyo.com/careers/jobs/7859379003?gh_jid=7859379003
2026-09-01,KVYO,Klaviyo,"Sr. AI Systems & Solutions Architect, Global Services",Customer Success,"Boston, MA",demand_validated,senior,1,7,1,application|buzz,140000,https://www.klaviyo.com/careers/jobs/7820703003?gh_jid=7820703003
2026-09-01,KVYO,Klaviyo,"Sr. AI Systems & Solutions Architect, Global Services",Customer Success,"Denver, CO",demand_validated,senior,1,7,1,application|buzz,140000,https://www.klaviyo.com/careers/jobs/7829675003?gh_jid=7829675003
2026-09-01,KVYO,Klaviyo,"Sr. Lead Engineer, Applied AI (Customer Agent)",Engineering,"Boston, MA",product_eng,senior,1,9,1,application,270000,https://www.klaviyo.com/careers/jobs/7780010003?gh_jid=7780010003
2026-09-01,KVYO,Klaviyo,"Sr. Lead Engineer, Applied AI (Customer Agent)",Engineering,"Boston, MA",product_eng,senior,1,9,1,application,270000,https://www.klaviyo.com/careers/jobs/7802698003?gh_jid=7802698003
2026-09-01,KVYO,Klaviyo,"Sr. Software Engineer, AI Enablement",Engineering,"Boston, MA",product_eng,senior,1,11,1,application|buzz|model_infra,185000,https://www.klaviyo.com/careers/jobs/7688416003?gh_jid=7688416003
2026-09-01,KVYO,Klaviyo,"Sr. Staff Engineer, Applied AI (Customer Agent)",Engineering,"Boston, MA",product_eng,staff_principal,1,9,1,application,270000,https://www.klaviyo.com/careers/jobs/7861870003?gh_jid=7861870003
2026-09-01,KVYO,Klaviyo,"Sr. Staff Engineer, Applied AI (Customer Agent)",Engineering,"Boston, MA",product_eng,staff_principal,1,9,1,application,270000,https://www.klaviyo.com/careers/jobs/7861843003?gh_jid=7861843003
2026-09-01,DUOL,Duolingo,"Ad Sales Lead, Central",Business Development,Remote - Illinois,nontech,senior,0,0,0,,175000,https://careers.duolingo.com/jobs/8653419002?gh_jid=8653419002
2026-09-01,DUOL,Duolingo,Ad Sales Lead - West,Business,Remote - California,nontech,senior,0,0,0,,175000,https://careers.duolingo.com/jobs/8705196002?gh_jid=8705196002
2026-09-01,DUOL,Duolingo,Consumer Product Lead,Marketing and Communications,"Tokyo, Japan",other,senior,0,0,0,,,https://careers.duolingo.com/jobs/8625579002?gh_jid=8625579002
2026-09-01,DUOL,Duolingo,Corporate Counsel,Legal,"Pittsburgh, PA",nontech,mid,0,1,0,buzz,180000,https://careers.duolingo.com/jobs/8576434002?gh_jid=8576434002
2026-09-01,DUOL,Duolingo,"Creative Director, Marketing",Marketing and Communications,"New York, NY",nontech,director,0,0,0,,245000,https://careers.duolingo.com/jobs/8442932002?gh_jid=8442932002
2026-09-01,DUOL,Duolingo,"Creative Director, Marketing",Marketing and Communications,"London, England",nontech,director,0,0,0,,,https://careers.duolingo.com/jobs/8442934002?gh_jid=8442934002
2026-09-01,DUOL,Duolingo,Creative Sourcer,Talent Acquisition,"Pittsburgh, PA",other,mid,0,0,0,,140000,https://careers.duolingo.com/jobs/8658654002?gh_jid=8658654002
2026-09-01,DUOL,Duolingo,Director of Ad Platform Operations,Scaling Operations,"New York, NY; Pittsburgh, PA",nontech,director,0,0,0,,245000,https://careers.duolingo.com/jobs/8700582002?gh_jid=8700582002
2026-09-01,DUOL,Duolingo,Director of Ad Sales - West,Business,Remote - California,nontech,director,0,0,0,,175000,https://careers.duolingo.com/jobs/8761234002?gh_jid=8761234002
2026-09-01,DUOL,Duolingo,"Director, Talent Acquisition – Sourcing",Talent Acquisition,"Pittsburgh, PA",other,director,0,0,0,,204000,https://careers.duolingo.com/jobs/8691257002?gh_jid=8691257002
2026-09-01,DUOL,Duolingo,"Engineering Manager, Product",Engineering,"New York, NY",product_eng,mid,0,0,0,,215050,https://careers.duolingo.com/jobs/8734207002?gh_jid=8734207002
2026-09-01,DUOL,Duolingo,Executive Assistant to the CEO,Executive + Senior Leadership,"Pittsburgh, PA",other,mid,0,2,0,buzz,190000,https://careers.duolingo.com/jobs/8602840002?gh_jid=8602840002
2026-09-01,DUOL,Duolingo,Executive Assistant to the CEO,Executive + Senior Leadership,"New York, NY",other,mid,0,2,0,buzz,190000,https://careers.duolingo.com/jobs/8602852002?gh_jid=8602852002
2026-09-01,DUOL,Duolingo,Government Affairs Manager,Legal,"Beijing, China",other,mid,0,1,0,buzz,,https://careers.duolingo.com/jobs/8611799002?gh_jid=8611799002
2026-09-01,DUOL,Duolingo,Head of Influencers & Community,Marketing and Communications,"Pittsburgh, PA",other,exec,0,0,0,,245000,https://careers.duolingo.com/jobs/8548793002?gh_jid=8548793002
2026-09-01,DUOL,Duolingo,Head of Influencers & Community,Marketing and Communications,"New York, NY",other,exec,0,0,0,,245000,https://careers.duolingo.com/jobs/8548803002?gh_jid=8548803002
2026-09-01,DUOL,Duolingo,Head of Talent Management Programs and PMO,Leadership + Talent Development,"Pittsburgh, PA",other,exec,0,1,0,buzz,229000,https://careers.duolingo.com/jobs/8590178002?gh_jid=8590178002
2026-09-01,DUOL,Duolingo,"Manager, Strategy and Business Operations",Strategy + Business Operations,"New York, NY",nontech,mid,0,0,0,,152000,https://careers.duolingo.com/jobs/8737710002?gh_jid=8737710002
2026-09-01,DUOL,Duolingo,"Manager, Strategy and Business Operations",Strategy + Business Operations,"Pittsburgh, PA",nontech,mid,0,0,0,,152000,https://careers.duolingo.com/jobs/8489240002?gh_jid=8489240002
2026-09-01,DUOL,Duolingo,Managing Editor,Design Studio,"Tokyo, Japan",other,mid,0,0,0,,,https://careers.duolingo.com/jobs/8637185002?gh_jid=8637185002
2026-09-01,DUOL,Duolingo,Product Marketing Lead,Marketing and Communications,"New York, NY",nontech,senior,0,0,0,,204000,https://careers.duolingo.com/jobs/8604113002?gh_jid=8604113002
2026-09-01,DUOL,Duolingo,"Product Marketing Manager, Math",Marketing and Communications,"London, England",nontech,mid,0,0,0,,,https://careers.duolingo.com/jobs/8400588002?gh_jid=8400588002
2026-09-01,DUOL,Duolingo,"Product Marketing Manager, Math",Marketing and Communications,"New York, NY",nontech,mid,0,0,0,,153150,https://careers.duolingo.com/jobs/8400553002?gh_jid=8400553002
2026-09-01,DUOL,Duolingo,"Regional People Lead, EMEA",People Operations,"London, England",other,senior,0,0,0,,,https://careers.duolingo.com/jobs/8726229002?gh_jid=8726229002
2026-09-01,DUOL,Duolingo,Senior Account Executive,Business,"New York, NY",demand_validated,senior,0,0,0,,142000,https://careers.duolingo.com/jobs/8374797002?gh_jid=8374797002
2026-09-01,DUOL,Duolingo,Senior AI Research Engineer,AI + Machine Learning Engineering,"Pittsburgh, PA",research,senior,1,17,1,application|buzz|general_medium|model_infra,232000,https://careers.duolingo.com/jobs/8656931002?gh_jid=8656931002
2026-09-01,DUOL,Duolingo,Senior AI Research Engineer,AI + Machine Learning Engineering,"New York, NY",research,senior,1,17,1,application|buzz|general_medium|model_infra,232000,https://careers.duolingo.com/jobs/8656959002?gh_jid=8656959002
2026-09-01,DUOL,Duolingo,"Senior Android Engineer, Client Platform - Application Stability and Performance",Software Engineering,"New York, NY",product_eng,senior,0,4,1,application|buzz,215050,https://careers.duolingo.com/jobs/8745736002?gh_jid=8745736002
2026-09-01,DUOL,Duolingo,"Senior Android Engineer, Client Platform - Application Stability and Performance",Engineering,"Pittsburgh, PA",product_eng,senior,0,4,1,application|buzz,215050,https://careers.duolingo.com/jobs/8745752002?gh_jid=8745752002
2026-09-01,DUOL,Duolingo,"Senior B2B Marketing Manager, DET (UK, Europe & ANZ) ",DET,"London, England",nontech,senior,0,1,0,buzz,,https://careers.duolingo.com/jobs/8590308002?gh_jid=8590308002
2026-09-01,DUOL,Duolingo,"Senior Data Science Manager, User Growth",Data Science + Analytics,"New York, NY",other,senior,0,9,1,application|buzz|general_medium,255000,https://careers.duolingo.com/jobs/8654321002?gh_jid=8654321002
2026-09-01,DUOL,Duolingo,"Senior Data Science Manager, User Growth",Data Science + Analytics,"Pittsburgh, PA",other,senior,0,9,1,application|buzz|general_medium,255000,https://careers.duolingo.com/jobs/8654296002?gh_jid=8654296002
2026-09-01,DUOL,Duolingo,"Senior Data Scientist, Growth Forecasting",Data Science + Analytics,"New York, NY",product_eng,senior,0,1,0,buzz,215050,https://careers.duolingo.com/jobs/8750637002?gh_jid=8750637002
2026-09-01,DUOL,Duolingo,"Senior Data Scientist, Growth Forecasting",Data Science + Analytics,"Pittsburgh, PA",product_eng,senior,0,1,0,buzz,215050,https://careers.duolingo.com/jobs/8750636002?gh_jid=8750636002
2026-09-01,DUOL,Duolingo,"Senior Data Scientist, User Growth",Data Science + Analytics,"New York, NY",product_eng,senior,0,4,0,buzz|general_medium,215050,https://careers.duolingo.com/jobs/8750587002?gh_jid=8750587002
2026-09-01,DUOL,Duolingo,"Senior Data Scientist, User Growth",Data Science + Analytics,"Pittsburgh, PA",product_eng,senior,0,4,0,buzz|general_medium,215050,https://careers.duolingo.com/jobs/8750527002?gh_jid=8750527002
2026-09-01,DUOL,Duolingo,"Senior Director of Engineering, Math",Software Engineering,"New York, NY",product_eng,director,0,4,1,application|buzz,370000,https://careers.duolingo.com/jobs/8616695002?gh_jid=8616695002
2026-09-01,DUOL,Duolingo,"Senior Director of Engineering, New Subjects",Software Engineering,"New York, NY",product_eng,director,0,4,1,application|buzz,370000,https://careers.duolingo.com/jobs/8584465002?gh_jid=8584465002
2026-09-01,DUOL,Duolingo,Senior Engineering Manager,Software Engineering,"Beijing, China",product_eng,senior,0,1,0,buzz,,https://careers.duolingo.com/jobs/8697085002?gh_jid=8697085002
2026-09-01,DUOL,Duolingo,"Senior Engineering Manager, Product",Engineering,"New York, NY",product_eng,senior,0,0,0,,255000,https://careers.duolingo.com/jobs/8725661002?gh_jid=8725661002
2026-09-01,DUOL,Duolingo,"Senior Engineering Manager, Product",Engineering,"Pittsburgh, PA",product_eng,senior,0,0,0,,255000,https://careers.duolingo.com/jobs/8725638002?gh_jid=8725638002
2026-09-01,DUOL,Duolingo,Senior Enterprise Engineer,Software Engineering,"Pittsburgh, PA",product_eng,senior,0,0,0,,191050,https://careers.duolingo.com/jobs/8761428002?gh_jid=8761428002
2026-09-01,DUOL,Duolingo,Senior Enterprise Engineer,Software Engineering,"New York, NY",product_eng,senior,0,0,0,,191050,https://careers.duolingo.com/jobs/8760782002?gh_jid=8760782002
2026-09-01,DUOL,Duolingo,Senior iOS Engineer,Software Engineering,"Pittsburgh, PA",product_eng,senior,0,1,0,buzz,209050,https://careers.duolingo.com/jobs/8393272002?gh_jid=8393272002
2026-09-01,DUOL,Duolingo,Senior iOS Engineer ,Software Engineering,"New York, NY",product_eng,senior,0,1,0,buzz,209050,https://careers.duolingo.com/jobs/8318257002?gh_jid=8318257002
2026-09-01,DUOL,Duolingo,"Senior Learning Designer, Indian Languages",Learning Experience,"Pittsburgh, PA",product_eng,senior,0,4,1,application|buzz,168000,https://careers.duolingo.com/jobs/8722385002?gh_jid=8722385002
2026-09-01,DUOL,Duolingo,Senior Localization Program Manager,Scaling Operations,"New York, NY",other,senior,0,1,0,buzz,168000,https://careers.duolingo.com/jobs/8730683002?gh_jid=8730683002
2026-09-01,DUOL,Duolingo,Senior Localization Program Manager,Scaling Operations,"Pittsburgh, PA",other,senior,0,1,0,buzz,168000,https://careers.duolingo.com/jobs/8733672002?gh_jid=8733672002
2026-09-01,DUOL,Duolingo,Senior Marketing Analytics Manager,Marketing and Communications,"New York, NY",nontech,senior,0,0,0,,182000,https://careers.duolingo.com/jobs/8759720002?gh_jid=8759720002
2026-09-01,DUOL,Duolingo,Senior Product Designer,Product Design,"Pittsburgh, PA",product_eng,senior,0,4,1,application|buzz,175000,https://careers.duolingo.com/jobs/8489189002?gh_jid=8489189002
2026-09-01,DUOL,Duolingo,Senior Product Designer,Product Design,"New York, NY",product_eng,senior,0,4,1,application|buzz,175000,https://careers.duolingo.com/jobs/8618405002?gh_jid=8618405002
2026-09-01,DUOL,Duolingo,Senior Product Designer,Product Design,"Beijing, China",product_eng,senior,0,4,1,application|buzz,,https://careers.duolingo.com/jobs/8675713002?gh_jid=8675713002
2026-09-01,DUOL,Duolingo,Senior Product Manager,Product Management,"Beijing, China",product_eng,senior,0,0,0,,,https://careers.duolingo.com/jobs/8675670002?gh_jid=8675670002
2026-09-01,DUOL,Duolingo,"Senior Product Manager, DET",Product Management,"New York, NY",product_eng,senior,0,1,0,buzz,215050,https://careers.duolingo.com/jobs/8737859002?gh_jid=8737859002
2026-09-01,DUOL,Duolingo,"Senior Product Manager, DET",Product Management,"Pittsburgh, PA",product_eng,senior,0,1,0,buzz,215050,https://careers.duolingo.com/jobs/8530395002?gh_jid=8530395002
2026-09-01,DUOL,Duolingo,"Senior Product Manager, Growth",Product Management,"New York, NY",product_eng,senior,0,1,0,buzz,215050,https://careers.duolingo.com/jobs/8747275002?gh_jid=8747275002
2026-09-01,DUOL,Duolingo,"Senior Product Manager, Growth",Product Management,"Pittsburgh, PA",product_eng,senior,0,1,0,buzz,215050,https://careers.duolingo.com/jobs/8747171002?gh_jid=8747171002
2026-09-01,DUOL,Duolingo,"Senior Product Manager, Monetization",Product Management,"New York, NY",product_eng,senior,0,0,0,,215050,https://careers.duolingo.com/jobs/8474673002?gh_jid=8474673002
2026-09-01,DUOL,Duolingo,"Senior Product Manager, Notifications",Product Management,"New York, NY",product_eng,senior,0,1,0,buzz,215050,https://careers.duolingo.com/jobs/8747131002?gh_jid=8747131002
2026-09-01,DUOL,Duolingo,"Senior Product Manager, Notifications",Product Management,"Pittsburgh, PA",product_eng,senior,0,1,0,buzz,215050,https://careers.duolingo.com/jobs/8747099002?gh_jid=8747099002
2026-09-01,DUOL,Duolingo,Senior Scaling Operations Program Manager,Scaling Operations,"Pittsburgh, PA",nontech,senior,0,1,0,buzz,168000,https://careers.duolingo.com/jobs/8742416002?gh_jid=8742416002
2026-09-01,DUOL,Duolingo,Senior Scaling Operations Program Manager,Scaling Operations,"New York, NY",nontech,senior,0,1,0,buzz,168000,https://careers.duolingo.com/jobs/8742437002?gh_jid=8742437002
2026-09-01,DUOL,Duolingo,"Senior Software Engineer, Android, Monetization",Software Engineering,"Beijing, China",product_eng,senior,0,1,0,buzz,,https://careers.duolingo.com/jobs/8702391002?gh_jid=8702391002
2026-09-01,DUOL,Duolingo,"Senior Software Engineer, Backend, Monetization",Software Engineering,"Beijing, China",product_eng,senior,0,1,0,buzz,,https://careers.duolingo.com/jobs/8702288002?gh_jid=8702288002
2026-09-01,DUOL,Duolingo,"Senior/Software Engineer II, Android",Software Engineering,"New York, NY",product_eng,senior,0,0,0,,180000,https://careers.duolingo.com/jobs/8628670002?gh_jid=8628670002
2026-09-01,DUOL,Duolingo,"Senior/Software Engineer II, Android",Software Engineering,"Pittsburgh, PA",product_eng,senior,0,0,0,,180000,https://careers.duolingo.com/jobs/8628658002?gh_jid=8628658002
2026-09-01,DUOL,Duolingo,"Senior/Software Engineer II, Backend",Software Engineering,"Pittsburgh, PA",product_eng,senior,0,1,0,buzz,215050,https://careers.duolingo.com/jobs/8584012002?gh_jid=8584012002
2026-09-01,DUOL,Duolingo,"Senior/Software Engineer II, Backend",Software Engineering,"New York, NY",product_eng,senior,0,1,0,buzz,215050,https://careers.duolingo.com/jobs/8583977002?gh_jid=8583977002
2026-09-01,DUOL,Duolingo,"Senior Software Engineer, iOS, Growth",Software Engineering,"Beijing, China",product_eng,senior,0,0,0,,,https://careers.duolingo.com/jobs/8693210002?gh_jid=8693210002
2026-09-01,DUOL,Duolingo,"Senior Software Engineer, iOS, Monetization",Software Engineering,"Beijing, China",product_eng,senior,0,1,0,buzz,,https://careers.duolingo.com/jobs/8701378002?gh_jid=8701378002
2026-09-01,DUOL,Duolingo,"Software Engineer II, iOS, Growth",Software Engineering,"Beijing, China",product_eng,mid,0,0,0,,,https://careers.duolingo.com/jobs/8612120002?gh_jid=8612120002
2026-09-01,DUOL,Duolingo,"Software Engineer I, iOS, Growth",Software Engineering,"Beijing, China",product_eng,mid,0,0,0,,,https://careers.duolingo.com/jobs/8612080002?gh_jid=8612080002
2026-09-01,DUOL,Duolingo,Staff AI Research Engineer ,AI + Machine Learning Engineering,"New York, NY",research,staff_principal,1,17,1,application|buzz|general_medium|model_infra,276000,https://careers.duolingo.com/jobs/8610353002?gh_jid=8610353002
2026-09-01,DUOL,Duolingo,Staff AI Research Engineer ,AI + Machine Learning Engineering,"Pittsburgh, PA",research,staff_principal,1,17,1,application|buzz|general_medium|model_infra,276000,https://careers.duolingo.com/jobs/8610345002?gh_jid=8610345002
2026-09-01,DUOL,Duolingo,"Staff Product Designer, Monetization",Product Design,"Pittsburgh, PA",product_eng,staff_principal,0,0,0,,250000,https://careers.duolingo.com/jobs/8729597002?gh_jid=8729597002
2026-09-01,DUOL,Duolingo,"Staff Product Designer, Monetization",Product Design,"New York, NY",product_eng,staff_principal,0,0,0,,250000,https://careers.duolingo.com/jobs/8729596002?gh_jid=8729596002
2026-09-01,DUOL,Duolingo,Staff Program Manager Brand Campaigns,Marketing and Communications,"New York, NY",nontech,staff_principal,0,0,0,,190000,https://careers.duolingo.com/jobs/8590229002?gh_jid=8590229002
2026-09-01,DUOL,Duolingo,Staff Program Manager Brand Campaigns,Marketing and Communications,"Pittsburgh, PA",nontech,staff_principal,0,0,0,,190000,https://careers.duolingo.com/jobs/8590215002?gh_jid=8590215002
2026-09-01,DUOL,Duolingo,Staff Technical Program Manager,Software Engineering,"Seattle, WA",other,staff_principal,0,8,1,application|buzz|data_ml_ops,227000,https://careers.duolingo.com/jobs/8638482002?gh_jid=8638482002
2026-09-01,DUOL,Duolingo,Staff Technical Program Manager,Software Engineering,"Pittsburgh, PA",other,staff_principal,0,1,0,buzz,227000,https://careers.duolingo.com/jobs/8755781002?gh_jid=8755781002
2026-09-01,DUOL,Duolingo,Technical Recruiter,Talent Acquisition,"Pittsburgh, PA",nontech,mid,0,1,0,buzz,140000,https://careers.duolingo.com/jobs/8708178002?gh_jid=8708178002
2026-09-01,DUOL,Duolingo,Technical Sourcer,Talent Acquisition,"New York, NY",other,mid,0,0,0,,140000,https://careers.duolingo.com/jobs/8707700002?gh_jid=8707700002
2026-09-01,DUOL,Duolingo,"VP of Product, Growth and Monetization",Product Management,"New York, NY",other,exec,0,0,0,,490000,https://careers.duolingo.com/jobs/8747060002?gh_jid=8747060002
2026-09-01,DUOL,Duolingo,"VP of Product, Growth and Monetization",Product Management,"Pittsburgh, PA",other,exec,0,0,0,,490000,https://careers.duolingo.com/jobs/8747077002?gh_jid=8747077002
2026-09-01,DUOL,Duolingo,VP of Strategy and Corporate Development,Strategy + Business Operations,"Pittsburgh, PA",other,exec,0,0,0,,440000,https://careers.duolingo.com/jobs/8562297002?gh_jid=8562297002
2026-09-01,DUOL,Duolingo,VP of Strategy and Corporate Development,Strategy + Business Operations,"New York, NY",other,exec,0,0,0,,440000,https://careers.duolingo.com/jobs/8562334002?gh_jid=8562334002
2026-09-01,RDDT,Reddit,3rd Party Partnerships Manager - Commerce,Global Ads Partnerships,"New York City, NY",other,mid,0,0,0,,226800,https://job-boards.greenhouse.io/reddit/jobs/7617155
2026-09-01,RDDT,Reddit,3rd Party Partnerships Manager - Signals,Global Ads Partnerships,"New York City, NY",other,mid,0,0,0,,226800,https://job-boards.greenhouse.io/reddit/jobs/8089959
2026-09-01,RDDT,Reddit,"Ads Conversion Modeling, Machine Learning Engineering Manager",Ads Engineering,Remote - United States,product_eng,mid,1,14,1,buzz|general_medium|model_infra,276000,https://job-boards.greenhouse.io/reddit/jobs/7792848
2026-09-01,RDDT,Reddit,"Agency Development Lead, DACH",Agency Development,"Berlin, Germany",other,senior,0,0,0,,,https://job-boards.greenhouse.io/reddit/jobs/8015018
2026-09-01,RDDT,Reddit,"Backend Software Engineer, PDP Experience",Consumer,Remote - United States,product_eng,mid,0,0,0,,196500,https://job-boards.greenhouse.io/reddit/jobs/8148431
2026-09-01,RDDT,Reddit,"Client Partner, Mid-Market Sales (Services - Acquisitions)",Mid Market & SMB,"New York City, NY",nontech,mid,0,0,0,,122900,https://job-boards.greenhouse.io/reddit/jobs/8114666
2026-09-01,RDDT,Reddit,Community Manager - French speaker (contract),Community,Remote - United Kingdom,other,mid,0,0,0,,,https://job-boards.greenhouse.io/reddit/jobs/7669372
2026-09-01,RDDT,Reddit,"Community Manager, French Speaking (Contract)",Community,Remote - United Kingdom,other,mid,0,0,0,,,https://job-boards.greenhouse.io/reddit/jobs/8143677
2026-09-01,RDDT,Reddit,"Country Lead, Business Marketing, UK",Business Marketing,"London, United Kingdom",nontech,senior,0,0,0,,,https://job-boards.greenhouse.io/reddit/jobs/8121099
2026-09-01,RDDT,Reddit,Creative Strategist - App Dev,Global Client Solutions,"New York City, NY",other,mid,0,0,0,,138600,https://job-boards.greenhouse.io/reddit/jobs/7769002
2026-09-01,RDDT,Reddit,"Director, Intellectual Property",Legal,Remote - United States,other,director,0,1,0,buzz,342000,https://job-boards.greenhouse.io/reddit/jobs/8142128
2026-09-01,RDDT,Reddit,"Director of Engineering, Developer Productivity",DevPlatform,Remote - United States,product_eng,director,0,7,1,application|buzz,312950,https://job-boards.greenhouse.io/reddit/jobs/7947591
2026-09-01,RDDT,Reddit,"Engineering Manager, Ads ML Efficiency",Ads Engineering,Remote - United States,product_eng,mid,1,18,1,data_ml_ops|general_medium|model_infra,276000,https://job-boards.greenhouse.io/reddit/jobs/8022366
2026-09-01,RDDT,Reddit,"Engineering Manager, Notifications Platform",Growth,Remote - United States,product_eng,mid,0,0,0,,260000,https://job-boards.greenhouse.io/reddit/jobs/8095476
2026-09-01,RDDT,Reddit,"Engineering Manager, Search Storage",BE Platform,Remote - United States,product_eng,mid,0,9,1,application|buzz|general_medium,260000,https://job-boards.greenhouse.io/reddit/jobs/7859086
2026-09-01,RDDT,Reddit,"Enterprise Architect, Finance Technology",Corporate Accounting,Remote - United States,product_eng,mid,0,0,0,,216250,https://job-boards.greenhouse.io/reddit/jobs/8039702
2026-09-01,RDDT,Reddit,"Experience Coordinator, San Francisco",Experience,"San Francisco, CA",other,mid,0,0,0,,115263,https://job-boards.greenhouse.io/reddit/jobs/7700153
2026-09-01,RDDT,Reddit,"Fullstack Software Engineer, Notifications Lifecycle",Economy,Remote - United States,product_eng,mid,0,1,0,buzz,196500,https://job-boards.greenhouse.io/reddit/jobs/7895468
2026-09-01,RDDT,Reddit,"Group Product Manager, Finance Technology",Finance & Accounting,Remote - United States,product_eng,mid,0,1,0,buzz,253000,https://job-boards.greenhouse.io/reddit/jobs/8075185
2026-09-01,RDDT,Reddit,International Payroll Lead,Corporate Accounting,Remote - United States,nontech,intern,0,0,0,,172300,https://job-boards.greenhouse.io/reddit/jobs/8130311
2026-09-01,RDDT,Reddit,Lead Physical Security Engineer,Corporate Engineering,"Amsterdam, Netherlands",product_eng,senior,0,0,0,,,https://job-boards.greenhouse.io/reddit/jobs/8108528
2026-09-01,RDDT,Reddit,Machine Learning Engineering Manager - Ads Engagement Modeling ,Ads Engineering,Remote - United States,product_eng,mid,1,14,1,buzz|general_medium|model_infra,276000,https://job-boards.greenhouse.io/reddit/jobs/7993514
2026-09-01,RDDT,Reddit,"Machine Learning Manager, Feed Ecosystems",Machine Learning,Remote - United States,product_eng,mid,1,9,1,application|buzz|general_medium,303950,https://job-boards.greenhouse.io/reddit/jobs/8095009
2026-09-01,RDDT,Reddit,"Machine Learning Manager, Feed Relevance (Retrieval)",Machine Learning,Remote - United States,product_eng,mid,1,15,1,application|buzz|data_ml_ops|general_medium|model_infra,303950,https://job-boards.greenhouse.io/reddit/jobs/8094985
2026-09-01,RDDT,Reddit,"Manager, Large Customer Sales - UK",Large Customer Sales,"London, United Kingdom",nontech,mid,0,0,0,,,https://job-boards.greenhouse.io/reddit/jobs/8023926
2026-09-01,RDDT,Reddit,"Manager, Technical Solutions",Sales Strategy & Operations,"Los Angeles, CA",other,mid,0,0,0,,216250,https://job-boards.greenhouse.io/reddit/jobs/8068464
2026-09-01,RDDT,Reddit,"Manager, Technical Solutions",Sales Strategy & Operations,"San Francisco, CA",other,mid,0,0,0,,216250,https://job-boards.greenhouse.io/reddit/jobs/8016897
2026-09-01,RDDT,Reddit,"Principal Data Scientist, Ads",Ads Data Science,Remote - United States,product_eng,staff_principal,0,7,0,buzz|data_ml_ops|general_medium,316550,https://job-boards.greenhouse.io/reddit/jobs/7330347
2026-09-01,RDDT,Reddit,"Principal Engineer, iOS Performance",Growth,Remote - United States,product_eng,staff_principal,0,0,0,,279000,https://job-boards.greenhouse.io/reddit/jobs/7886615
2026-09-01,RDDT,Reddit,"Principal Product Designer, Presence",Product Design,Remote - United States,product_eng,staff_principal,0,0,0,,268300,https://job-boards.greenhouse.io/reddit/jobs/8129209
2026-09-01,RDDT,Reddit,"Principal Technical Program Manager, Performance",TPM,Remote - United States,other,staff_principal,0,0,0,,312950,https://job-boards.greenhouse.io/reddit/jobs/7947049
2026-09-01,RDDT,Reddit,"Principal UX Engineer, Ads",Product Design,Remote - United States,product_eng,staff_principal,0,1,0,buzz,294950,https://job-boards.greenhouse.io/reddit/jobs/8122887
2026-09-01,RDDT,Reddit,"Senior Android Engineer, Design System",Platform and Apps,Remote - United States,product_eng,senior,0,0,0,,228950,https://job-boards.greenhouse.io/reddit/jobs/8055374
2026-09-01,RDDT,Reddit,"Senior Backend Engineer, Compliance Engineering",Privacy and Assurance,Remote - United States,product_eng,senior,0,0,0,,228950,https://job-boards.greenhouse.io/reddit/jobs/8128860
2026-09-01,RDDT,Reddit,"Senior Backend Engineer, IAM",BE Platform,Remote - United States,product_eng,senior,0,0,0,,228950,https://job-boards.greenhouse.io/reddit/jobs/8044767
2026-09-01,RDDT,Reddit,"Senior Backend Engineer, Safety",Safety Engineering,Remote - United States,product_eng,senior,0,0,0,,228950,https://job-boards.greenhouse.io/reddit/jobs/8093006
2026-09-01,RDDT,Reddit,Senior Business Engineer - Ads,Ads Engineering,Remote - United States,product_eng,senior,0,0,0,,216250,https://job-boards.greenhouse.io/reddit/jobs/7954598
2026-09-01,RDDT,Reddit,Senior Business Engineer - Ads,Ads Engineering,"Remote - British Columbia, Canada",product_eng,senior,0,0,0,,,https://job-boards.greenhouse.io/reddit/jobs/8022260
2026-09-01,RDDT,Reddit,"Senior, Business Risk & AI Automation",Internal Audit,"Remote - Ontario, Canada",other,senior,1,3,1,application,,https://job-boards.greenhouse.io/reddit/jobs/8074846
2026-09-01,RDDT,Reddit,"Senior, Business Risk & AI Automation",Internal Audit,"Remote - British Columbia, Canada",other,senior,1,3,1,application,,https://job-boards.greenhouse.io/reddit/jobs/8074860
2026-09-01,RDDT,Reddit,"Senior Client Account Executive, Mid-Market Sales (B2B Services)",Mid Market & SMB,"San Francisco, CA",demand_validated,senior,0,0,0,,155250,https://job-boards.greenhouse.io/reddit/jobs/8067911
2026-09-01,RDDT,Reddit,"Senior Client Account Manager, Global Strategic Accounts (Media & Entertainment)",Large Customer Sales,"New York City, NY",other,senior,0,0,0,,162150,https://job-boards.greenhouse.io/reddit/jobs/8163400
2026-09-01,RDDT,Reddit,"Senior Client Account Manager, Global Strategic Accounts (Media & Entertainment)",Large Customer Sales,"Los Angeles, CA",other,senior,0,0,0,,162150,https://job-boards.greenhouse.io/reddit/jobs/8163425
2026-09-01,RDDT,Reddit,"Senior Client Account Manager, Global Strategic Accounts (Tech/AI)",Large Customer Sales,"San Francisco, CA",other,senior,1,0,0,,162150,https://job-boards.greenhouse.io/reddit/jobs/8017242
2026-09-01,RDDT,Reddit,"Senior Client Account Manager, Global Strategic Accounts (UK)",Large Customer Sales,"London, United Kingdom",other,senior,0,0,0,,,https://job-boards.greenhouse.io/reddit/jobs/8017263
2026-09-01,RDDT,Reddit,"Senior Client Account Manager, Large Customer Sales (CPG)",Large Customer Sales,"New York City, NY",nontech,senior,0,0,0,,162150,https://job-boards.greenhouse.io/reddit/jobs/8113265
2026-09-01,RDDT,Reddit,"Senior Client Account Manager, Large Customer Sales (Pharma)",Large Customer Sales,"Chicago, IL",nontech,senior,0,0,0,,162150,https://job-boards.greenhouse.io/reddit/jobs/7977257
2026-09-01,RDDT,Reddit,"Senior Client Account Manager, Large Customer Sales (Pharma)",Large Customer Sales,"New York City, NY",nontech,senior,0,0,0,,162150,https://job-boards.greenhouse.io/reddit/jobs/7746526
2026-09-01,RDDT,Reddit,"Senior Client Account Manager, Large Customer Sales (Restaurants and Drinks)",Large Customer Sales,"Chicago, IL",nontech,senior,0,0,0,,162150,https://job-boards.greenhouse.io/reddit/jobs/8022663
2026-09-01,RDDT,Reddit,"Senior Client Account Manager, Large Customer Sales (Restaurants and Drinks)",Large Customer Sales,"New York City, NY",nontech,senior,0,0,0,,162150,https://job-boards.greenhouse.io/reddit/jobs/8092375
2026-09-01,RDDT,Reddit,"Senior Client Partner, Acquisitions DACH",Mid Market & SMB,"Amsterdam, Netherlands",other,senior,0,0,0,,,https://job-boards.greenhouse.io/reddit/jobs/7420175
2026-09-01,RDDT,Reddit,"Senior Client Partner, Global Strategic Accounts (UK)",Large Customer Sales,"London, United Kingdom",other,senior,0,0,0,,,https://job-boards.greenhouse.io/reddit/jobs/8017196
2026-09-01,RDDT,Reddit,"Senior Client Partner, Large Customer Sales (Big Box Retail)",Large Customer Sales,"New York City, NY",nontech,senior,0,0,0,,149650,https://job-boards.greenhouse.io/reddit/jobs/8140121
2026-09-01,RDDT,Reddit,"Senior Client Partner, Large Customer Sales, Pharma",Large Customer Sales,"New York City, NY",nontech,senior,0,0,0,,170650,https://job-boards.greenhouse.io/reddit/jobs/8021708
2026-09-01,RDDT,Reddit,"Senior Data Scientist, Ads",Ads Data Science,Remote - United States,product_eng,senior,0,9,1,buzz|general_medium|model_infra,228950,https://job-boards.greenhouse.io/reddit/jobs/8104403
2026-09-01,RDDT,Reddit,"Senior Data Scientist, Ads Integrity",SWAT,Remote - United States,product_eng,senior,0,10,1,application|buzz|general_medium,228950,https://job-boards.greenhouse.io/reddit/jobs/8157580
2026-09-01,RDDT,Reddit,Senior Data Scientist - Consumer,Consumer Data Science,Remote - United States,product_eng,senior,0,2,0,general_medium,228950,https://job-boards.greenhouse.io/reddit/jobs/8126946
2026-09-01,RDDT,Reddit,"Senior Director of Product, Ads Platform",Ads Product,Remote - United States,other,director,0,6,1,application,359000,https://job-boards.greenhouse.io/reddit/jobs/7746311
2026-09-01,RDDT,Reddit,"Senior Director, Product & Technology Finance",Corporate Finance,Remote - United States,nontech,director,0,0,0,,325000,https://job-boards.greenhouse.io/reddit/jobs/8011163
2026-09-01,RDDT,Reddit,"Senior Engineering Manager, Unified Embeddings Platform ",Machine Learning,Remote - United States,product_eng,senior,0,9,1,application|buzz|general_medium|model_infra,319200,https://job-boards.greenhouse.io/reddit/jobs/7359367
2026-09-01,RDDT,Reddit,"Senior Frontend Engineer, Community Builders","Consumer, Contributor, Moderator",Remote - United States,product_eng,senior,0,0,0,,228500,https://job-boards.greenhouse.io/reddit/jobs/7955200
2026-09-01,RDDT,Reddit,"Senior Frontend Engineer, Media",Growth,Remote - United States,product_eng,senior,0,0,0,,228500,https://job-boards.greenhouse.io/reddit/jobs/8120262
2026-09-01,RDDT,Reddit,"Senior Frontend Software Engineer, Home Experience",Consumer,Remote - United States,product_eng,senior,0,0,0,,228950,https://job-boards.greenhouse.io/reddit/jobs/7751064
2026-09-01,RDDT,Reddit,Senior Growth Manager (Contract),Community,Remote - United Kingdom,other,senior,0,0,0,,,https://job-boards.greenhouse.io/reddit/jobs/8143702
2026-09-01,RDDT,Reddit,"Senior Growth Manager,  UK",Community,"London, United Kingdom",other,senior,0,0,0,,,https://job-boards.greenhouse.io/reddit/jobs/8030230
2026-09-01,RDDT,Reddit,"Senior iOS Engineer, Community Builders","Consumer, Contributor, Moderator",Remote - United States,product_eng,senior,0,0,0,,228500,https://job-boards.greenhouse.io/reddit/jobs/7977052
2026-09-01,RDDT,Reddit,"Senior iOS Engineer, Media Experience",Growth,Remote - United States,product_eng,senior,0,0,0,,228500,https://job-boards.greenhouse.io/reddit/jobs/8049001
2026-09-01,RDDT,Reddit,Senior Litigation Paralegal,Legal,"San Francisco, CA",nontech,senior,0,0,0,,189050,https://job-boards.greenhouse.io/reddit/jobs/8130697
2026-09-01,RDDT,Reddit,Senior Machine Learning Engineer,Machine Learning,Remote - United States,product_eng,senior,1,31,1,application|buzz|data_ml_ops|general_medium|model_infra,260050,https://job-boards.greenhouse.io/reddit/jobs/6960831
2026-09-01,RDDT,Reddit,Senior Machine Learning Engineer,Machine Learning,"Remote - Ontario, Canada",product_eng,senior,1,31,1,application|buzz|data_ml_ops|general_medium|model_infra,,https://job-boards.greenhouse.io/reddit/jobs/6960833
2026-09-01,RDDT,Reddit,"Senior Machine Learning Engineer, Ads Optimization",Ads Engineering,Remote - United States,product_eng,senior,1,3,0,buzz|general_medium,260050,https://job-boards.greenhouse.io/reddit/jobs/8029120
2026-09-01,RDDT,Reddit,"Senior Machine Learning Engineer, GenAI Security",Machine Learning,Remote - United States,product_eng,senior,1,36,1,application|buzz|data_ml_ops|general_medium|model_infra,260050,https://job-boards.greenhouse.io/reddit/jobs/7891887
2026-09-01,RDDT,Reddit,"Senior Machine Learning Infrastructure Engineer, Embedding Platform",Machine Learning,Remote - United States,product_eng,senior,1,27,1,application|buzz|data_ml_ops|general_medium|model_infra,228950,https://job-boards.greenhouse.io/reddit/jobs/8127022
2026-09-01,RDDT,Reddit,"Senior Machine Learning Manager, Video Ranking ",Machine Learning,Remote - United States,product_eng,senior,1,13,1,application|buzz|general_medium|model_infra,319200,https://job-boards.greenhouse.io/reddit/jobs/8125507
2026-09-01,RDDT,Reddit,Senior Machine Learning Systems Engineer,Machine Learning,Remote - United States,product_eng,senior,1,19,1,buzz|data_ml_ops|general_medium|model_infra,260050,https://job-boards.greenhouse.io/reddit/jobs/7731772
2026-09-01,RDDT,Reddit,"Senior Machine Learning Systems Engineer, Ads ML Experience Platform",Ads Engineering,Remote - United States,product_eng,senior,1,11,1,application|buzz|data_ml_ops|model_infra,260050,https://job-boards.greenhouse.io/reddit/jobs/8112967
2026-09-01,RDDT,Reddit,"Senior Machine Learning Systems Engineer, Ranking Platform",Machine Learning,Remote - United States,product_eng,senior,1,4,0,buzz|general_medium,260050,https://job-boards.greenhouse.io/reddit/jobs/8009153
2026-09-01,RDDT,Reddit,"Senior Manager, Large Customer Sales (Entertainment)",Large Customer Sales,"New York City, NY",nontech,senior,0,0,0,,234000,https://job-boards.greenhouse.io/reddit/jobs/8138163
2026-09-01,RDDT,Reddit,"Senior Manager, Large Customer Sales (Entertainment)",Large Customer Sales,"Los Angeles, CA",nontech,senior,0,0,0,,234000,https://job-boards.greenhouse.io/reddit/jobs/8010607
2026-09-01,RDDT,Reddit,"Senior Principal Program Manager, GTM Excellence",Sales Strategy & Operations,"Chicago, IL",other,staff_principal,0,0,0,,246600,https://job-boards.greenhouse.io/reddit/jobs/8142621
2026-09-01,RDDT,Reddit,"Senior Principal Program Manager, GTM Excellence",Sales Strategy & Operations,"New York City, NY",other,staff_principal,0,0,0,,246600,https://job-boards.greenhouse.io/reddit/jobs/8125836
2026-09-01,RDDT,Reddit,"Senior Principal Program Manager, GTM Excellence",Sales Strategy & Operations,"Los Angeles, CA",other,staff_principal,0,0,0,,246600,https://job-boards.greenhouse.io/reddit/jobs/8142623
2026-09-01,RDDT,Reddit,"Senior Principal Program Manager, GTM Excellence",Sales Strategy & Operations,"San Francisco, CA",other,staff_principal,0,0,0,,246600,https://job-boards.greenhouse.io/reddit/jobs/8142622
2026-09-01,RDDT,Reddit,"Senior Product Adoption Strategist, Lower Funnel, EMEA",Global Client Solutions,"London, United Kingdom",other,senior,0,0,0,,,https://job-boards.greenhouse.io/reddit/jobs/7735760
2026-09-01,RDDT,Reddit,"Senior Product Manager, Ads -  Shopping Catalogs",Ads Product,Remote - United States,product_eng,senior,0,6,1,application,228950,https://job-boards.greenhouse.io/reddit/jobs/8120503
2026-09-01,RDDT,Reddit,"Senior Product Manager, GTM Automation",Sales Strategy & Operations,"San Francisco, CA",product_eng,senior,0,1,0,buzz,201000,https://job-boards.greenhouse.io/reddit/jobs/7762079
2026-09-01,RDDT,Reddit,"Senior Security Engineer, AI Security ",Privacy and Assurance,Remote - United States,product_eng,senior,1,18,1,application|buzz|data_ml_ops|general_medium,228950,https://job-boards.greenhouse.io/reddit/jobs/8039261
2026-09-01,RDDT,Reddit,"Senior Software Engineer, Ads",Ads Engineering,"Remote - Ontario, Canada",product_eng,senior,0,0,0,,,https://job-boards.greenhouse.io/reddit/jobs/6909093
2026-09-01,RDDT,Reddit,"Senior Software Engineer, Ads",Ads Engineering,Remote - United States,product_eng,senior,0,0,0,,228950,https://job-boards.greenhouse.io/reddit/jobs/6909091
2026-09-01,RDDT,Reddit,"Senior Software Engineer, Ads Creative Effectiveness",Ads Engineering,Remote - United States,product_eng,senior,0,11,1,application|buzz|general_medium|model_infra,228950,https://job-boards.greenhouse.io/reddit/jobs/7964461
2026-09-01,RDDT,Reddit,"Senior Software Engineer, Core Platform",BE Platform,"Chicago, IL",product_eng,senior,0,0,0,,228950,https://job-boards.greenhouse.io/reddit/jobs/8022448
2026-09-01,RDDT,Reddit,"Senior Software Engineer, Core Platform",BE Platform,Remote - United States,product_eng,senior,0,0,0,,228950,https://job-boards.greenhouse.io/reddit/jobs/8022441
2026-09-01,RDDT,Reddit,"Senior Software Engineer, Core Platform",BE Platform,"San Francisco, CA",product_eng,senior,0,0,0,,228950,https://job-boards.greenhouse.io/reddit/jobs/8022446
2026-09-01,RDDT,Reddit,"Senior Software Engineer, Core Platform",BE Platform,"Los Angeles, CA",product_eng,senior,0,0,0,,228950,https://job-boards.greenhouse.io/reddit/jobs/8022447
2026-09-01,RDDT,Reddit,"Senior Software Engineer, Core Platform",BE Platform,"New York City, NY",product_eng,senior,0,0,0,,228950,https://job-boards.greenhouse.io/reddit/jobs/8022449
2026-09-01,RDDT,Reddit,Senior Software Engineer - Full Stack Internal Tooling (Build and Deployment Platform),BE Platform,Remote - United States,product_eng,intern,0,1,0,buzz,228950,https://job-boards.greenhouse.io/reddit/jobs/7976852
2026-09-01,RDDT,Reddit,"Senior Software Engineer, Home Experience",Relevance,Remote - United States,product_eng,senior,0,1,0,buzz,228500,https://job-boards.greenhouse.io/reddit/jobs/8155661
2026-09-01,RDDT,Reddit,"Senior Software Engineer, Media Creation",Growth,Remote - United States,product_eng,senior,0,0,0,,228500,https://job-boards.greenhouse.io/reddit/jobs/8100220
2026-09-01,RDDT,Reddit,"Senior Software Engineer, Media Experience",Growth,Remote - United States,product_eng,senior,0,0,0,,228500,https://job-boards.greenhouse.io/reddit/jobs/8048988
2026-09-01,RDDT,Reddit,Senior Software Engineer - Messaging,BE Platform,Remote - United States,product_eng,senior,0,1,0,buzz,228950,https://job-boards.greenhouse.io/reddit/jobs/8106246
2026-09-01,RDDT,Reddit,"Senior Software Engineer, Presence",Engineering,Remote - United States,product_eng,senior,0,0,0,,228500,https://job-boards.greenhouse.io/reddit/jobs/8024892
2026-09-01,RDDT,Reddit,"Senior Software Engineer, Storage",BE Platform,Remote - United States,product_eng,senior,0,1,0,buzz,260450,https://job-boards.greenhouse.io/reddit/jobs/7511679
2026-09-01,RDDT,Reddit,Senior Staff Data Scientist - Consumer Experimentation,Consumer Data Science,Remote - United States,product_eng,staff_principal,0,2,0,general_medium,279000,https://job-boards.greenhouse.io/reddit/jobs/7974504
2026-09-01,RDDT,Reddit,Senior Staff Data Scientist - Consumer Experimentation,Consumer Data Science,"Remote - Ontario, Canada",product_eng,staff_principal,0,2,0,general_medium,,https://job-boards.greenhouse.io/reddit/jobs/7974507
2026-09-01,RDDT,Reddit,"Senior Staff Machine Learning Engineer, Feed Relevance",Machine Learning,Remote - United States,product_eng,staff_principal,1,5,0,buzz|general_medium,319200,https://job-boards.greenhouse.io/reddit/jobs/8122606
2026-09-01,RDDT,Reddit,"Senior Staff Machine Learning Engineer, GenAI Platform",BE Platform,Remote - United States,product_eng,staff_principal,1,18,1,application|buzz|data_ml_ops|general_medium,351000,https://job-boards.greenhouse.io/reddit/jobs/7772274
2026-09-01,RDDT,Reddit,"Senior Staff Machine Learning Engineer, Notifications",Growth,Remote - United States,product_eng,staff_principal,1,19,1,application|buzz|general_medium|model_infra,319200,https://job-boards.greenhouse.io/reddit/jobs/7979933
2026-09-01,RDDT,Reddit,"Senior Staff Machine Learning Systems Engineer, Ads ML Platform",Ads Engineering,Remote - United States,product_eng,staff_principal,1,3,0,buzz|data_ml_ops,351000,https://job-boards.greenhouse.io/reddit/jobs/8157275
2026-09-01,RDDT,Reddit,"Senior Staff ML Engineer, Search & Recommendation",Machine Learning,Remote - United States,product_eng,staff_principal,1,17,1,application|general_medium|model_infra,319200,https://job-boards.greenhouse.io/reddit/jobs/7833622
2026-09-01,RDDT,Reddit,"Senior Staff Software Engineer, Client Architecture",Growth,Remote - United States,product_eng,staff_principal,0,0,0,,279000,https://job-boards.greenhouse.io/reddit/jobs/8060775
2026-09-01,RDDT,Reddit,Senior Technical Solutions Manager,Sales Strategy & Operations,"Sydney, Australia",other,senior,0,0,0,,,https://job-boards.greenhouse.io/reddit/jobs/8016908
2026-09-01,RDDT,Reddit,"Senior UX Researcher, Consumer Product",Product Design,Remote - United States,research,senior,0,0,0,,201000,https://job-boards.greenhouse.io/reddit/jobs/8027458
2026-09-01,RDDT,Reddit,"Senior Vendor Performance Manager, North America",Mid Market & SMB,"Salt Lake City, UT",other,senior,0,0,0,,176350,https://job-boards.greenhouse.io/reddit/jobs/8067983
2026-09-01,RDDT,Reddit,"Software Engineer, Ads",Ads Engineering,"Remote - Ontario, Canada",product_eng,mid,0,5,0,buzz|data_ml_ops|general_medium,,https://job-boards.greenhouse.io/reddit/jobs/6512458
2026-09-01,RDDT,Reddit,"Software Engineer, Ads",Ads Engineering,Remote - United States,product_eng,mid,0,0,0,,197050,https://job-boards.greenhouse.io/reddit/jobs/6469397
2026-09-01,RDDT,Reddit,"Software Engineer, Content Platform",Platform and Apps,Remote - United States,product_eng,mid,0,0,0,,197050,https://job-boards.greenhouse.io/reddit/jobs/8139781
2026-09-01,RDDT,Reddit,Software Engineer - Data Movement Platform,Data Platform,Remote - United States,product_eng,mid,0,0,0,,197050,https://job-boards.greenhouse.io/reddit/jobs/7997866
2026-09-01,RDDT,Reddit,"Sr. Staff Data Scientist - Ads Measurement, Signals, Privacy",Ads Data Science,"Toronto, Canada",product_eng,staff_principal,0,3,0,buzz|general_medium,,https://job-boards.greenhouse.io/reddit/jobs/8103594
2026-09-01,RDDT,Reddit,"Sr. Staff Data Scientist - Ads Measurement, Signals, Privacy",Ads Data Science,Remote - United States,product_eng,staff_principal,0,3,0,buzz|general_medium,279000,https://job-boards.greenhouse.io/reddit/jobs/8072046
2026-09-01,RDDT,Reddit,"Staff Android Engineer, Brand Ad Formats",Ads Engineering,Remote - United States,product_eng,staff_principal,0,1,0,buzz,260450,https://job-boards.greenhouse.io/reddit/jobs/8127002
2026-09-01,RDDT,Reddit,"Staff Data Scientist, Ads",Ads Data Science,"Remote - Ontario, Canada",product_eng,staff_principal,0,3,0,buzz|general_medium,,https://job-boards.greenhouse.io/reddit/jobs/7721851
2026-09-01,RDDT,Reddit,"Staff Data Scientist, Ads",Ads Data Science,Remote - United States,product_eng,staff_principal,0,3,0,buzz|general_medium,260450,https://job-boards.greenhouse.io/reddit/jobs/7721787
2026-09-01,RDDT,Reddit,"Staff Data Scientist - Ads Measurement, Signals, Privacy",Ads Data Science,Remote - United States,product_eng,staff_principal,0,3,0,buzz|general_medium,260450,https://job-boards.greenhouse.io/reddit/jobs/8072076
2026-09-01,RDDT,Reddit,"Staff Data Scientist - Ads Measurement, Signals, Privacy",Ads Data Science,"Toronto, Canada",product_eng,staff_principal,0,3,0,buzz|general_medium,,https://job-boards.greenhouse.io/reddit/jobs/8103609
2026-09-01,RDDT,Reddit,"Staff Data Scientist, Consumer",Consumer Data Science,Remote - United States,product_eng,staff_principal,0,2,0,general_medium,260450,https://job-boards.greenhouse.io/reddit/jobs/6745284
2026-09-01,RDDT,Reddit,"Staff Data Scientist, Consumer",Consumer Data Science,"Remote - Ontario, Canada",product_eng,staff_principal,0,2,0,general_medium,,https://job-boards.greenhouse.io/reddit/jobs/7931007
2026-09-01,RDDT,Reddit,"Staff Data Scientist, Marketing",Consumer Data Science,"Remote - Ontario, Canada",product_eng,staff_principal,0,3,0,buzz|general_medium,,https://job-boards.greenhouse.io/reddit/jobs/7931000
2026-09-01,RDDT,Reddit,"Staff Data Scientist, Marketing",Consumer Data Science,Remote - United States,product_eng,staff_principal,0,3,0,buzz|general_medium,260450,https://job-boards.greenhouse.io/reddit/jobs/7445240
2026-09-01,RDDT,Reddit,"Staff Engineer, Ads Business Manager",Ads Engineering,Remote - United States,product_eng,staff_principal,0,0,0,,260450,https://job-boards.greenhouse.io/reddit/jobs/7980795
2026-09-01,RDDT,Reddit,"Staff Frontend Engineer, Ads Creative",Ads Engineering,Remote - United States,product_eng,staff_principal,0,7,1,application|buzz|general_medium,260450,https://job-boards.greenhouse.io/reddit/jobs/8082867
2026-09-01,RDDT,Reddit,"Staff iOS Engineer, Media Foundation",Growth,Remote - United States,product_eng,staff_principal,0,0,0,,260000,https://job-boards.greenhouse.io/reddit/jobs/7895156
2026-09-01,RDDT,Reddit,"Staff Machine Learning Engineer, Ads Foundational Representations",Ads Engineering,Remote - United Kingdom,product_eng,staff_principal,1,20,1,application|buzz|general_medium|model_infra,,https://job-boards.greenhouse.io/reddit/jobs/8018513
2026-09-01,RDDT,Reddit,"Staff Machine Learning Engineer, Ads Foundational Representations",Ads Engineering,Remote - The Netherlands,product_eng,staff_principal,1,20,1,application|buzz|general_medium|model_infra,,https://job-boards.greenhouse.io/reddit/jobs/8018517
2026-09-01,RDDT,Reddit,"Staff Machine Learning Engineer, Consumer ",Machine Learning,Remote - United States,product_eng,staff_principal,1,42,1,application|buzz|data_ml_ops|general_medium|model_infra,276000,https://job-boards.greenhouse.io/reddit/jobs/7747244
2026-09-01,RDDT,Reddit,"Staff Machine Learning Engineer, ML Efficiency ",Ads Engineering,Remote - United Kingdom,product_eng,staff_principal,1,19,1,buzz|data_ml_ops|general_medium|model_infra,,https://job-boards.greenhouse.io/reddit/jobs/8018527
2026-09-01,RDDT,Reddit,"Staff Machine Learning Engineer, ML Efficiency ",Ads Engineering,Remote - The Netherlands,product_eng,staff_principal,1,19,1,buzz|data_ml_ops|general_medium|model_infra,,https://job-boards.greenhouse.io/reddit/jobs/8018532
2026-09-01,RDDT,Reddit,"Staff Machine Learning Engineer, Notifications Relevance",Machine Learning,Remote - United States,product_eng,staff_principal,1,21,1,application|buzz|general_medium|model_infra,276000,https://job-boards.greenhouse.io/reddit/jobs/7992035
2026-09-01,RDDT,Reddit,"Staff Machine Learning Engineer, Shopping Ads",Ads Engineering,Remote - United States,product_eng,staff_principal,1,15,1,application|buzz|data_ml_ops|general_medium|model_infra,276000,https://job-boards.greenhouse.io/reddit/jobs/8115838
2026-09-01,RDDT,Reddit,"Staff Machine Learning Infrastructure Engineer, Embedding Platform",Machine Learning,Remote - United States,product_eng,staff_principal,1,21,1,application|buzz|data_ml_ops|general_medium|model_infra,303950,https://job-boards.greenhouse.io/reddit/jobs/8126982
2026-09-01,RDDT,Reddit,Staff Machine Learning Systems Engineer,Machine Learning,Remote - United States,product_eng,staff_principal,1,19,1,buzz|data_ml_ops|general_medium|model_infra,276000,https://job-boards.greenhouse.io/reddit/jobs/7731788
2026-09-01,RDDT,Reddit,"Staff Product Designer, Growth",Product Design,Remote - United States,product_eng,staff_principal,0,0,0,,233500,https://job-boards.greenhouse.io/reddit/jobs/7701558
2026-09-01,RDDT,Reddit,"Staff Product Designer, Presence",Product Design,Remote - United States,product_eng,staff_principal,0,0,0,,233500,https://job-boards.greenhouse.io/reddit/jobs/8120566
2026-09-01,RDDT,Reddit,"Staff Product Manager, Ads Formats",Ads Product,Remote - United States,product_eng,staff_principal,0,0,0,,260450,https://job-boards.greenhouse.io/reddit/jobs/8167412
2026-09-01,RDDT,Reddit,"Staff Product Manager, Ads Safety (Ads Review)",Ads Product,Remote - United States,product_eng,staff_principal,0,1,0,buzz,260450,https://job-boards.greenhouse.io/reddit/jobs/8070669
2026-09-01,RDDT,Reddit,"Staff Product Manager, Growth",Consumer,Remote - United States,product_eng,staff_principal,0,3,1,application,260450,https://job-boards.greenhouse.io/reddit/jobs/7997186
2026-09-01,RDDT,Reddit,Staff Product Security Engineer,Privacy and Assurance,Remote - United States,product_eng,staff_principal,0,9,1,application,260450,https://job-boards.greenhouse.io/reddit/jobs/7868511
2026-09-01,RDDT,Reddit,"Staff Site Reliability Engineer, Ads",BE Platform,"San Francisco, CA",product_eng,staff_principal,0,5,0,buzz|general_medium,260450,https://job-boards.greenhouse.io/reddit/jobs/8090680
2026-09-01,RDDT,Reddit,"Staff Software Engineer, DevPlatform",DevPlatform,Remote - United States,product_eng,staff_principal,0,0,0,,260000,https://job-boards.greenhouse.io/reddit/jobs/8049901
2026-09-01,RDDT,Reddit,"Staff Software Engineer, Identity & Access Management",Security,Remote - United States,product_eng,staff_principal,0,3,1,application,260450,https://job-boards.greenhouse.io/reddit/jobs/8031491
2026-09-01,RDDT,Reddit,"Staff Software Engineer, Media Experiences",Growth,Remote - United States,product_eng,staff_principal,0,3,0,buzz|general_medium,260000,https://job-boards.greenhouse.io/reddit/jobs/8029641
2026-09-01,RDDT,Reddit,"Staff Software Engineer , Observability",BE Platform,Remote - United States,product_eng,staff_principal,0,0,0,,260450,https://job-boards.greenhouse.io/reddit/jobs/8131228
2026-09-01,RDDT,Reddit,"Staff Software Engineer, Onboarding",Growth,Remote - United States,product_eng,staff_principal,0,5,0,buzz|general_medium,260000,https://job-boards.greenhouse.io/reddit/jobs/7961154
2026-09-01,RDDT,Reddit,"Staff Technical Product Manager, Ads ML Platform ",Ads Product,Remote - United States,product_eng,staff_principal,1,22,1,application|buzz|data_ml_ops|general_medium|model_infra,260450,https://job-boards.greenhouse.io/reddit/jobs/7954001
2026-09-01,RDDT,Reddit,Staff Technical Program Manager,TPM,Remote - United States,other,staff_principal,0,0,0,,233500,https://job-boards.greenhouse.io/reddit/jobs/8049762
2026-09-01,RDDT,Reddit,"Trust and Safety Policy, Ads Policy,  Lead",Policy,Remote - United States,other,senior,0,0,0,,219950,https://job-boards.greenhouse.io/reddit/jobs/8159077
2026-09-01,RBLX,Roblox,"[2026] Senior Machine Learning Engineer, Recommendation Systems - PhD Early Career",Early Career Full-Time,"San Mateo, CA, United States",product_eng,intern,1,15,1,application|buzz|general_medium|model_infra,218940,https://careers.roblox.com/jobs/7350081?gh_jid=7350081
2026-09-01,RBLX,Roblox,"[2026] Senior Machine Learning Engineer (Systems), Embodied AI/NPCs, ML Platform - PhD Early Career",Early Career Full-Time,"San Mateo, CA, United States",product_eng,intern,1,23,1,application|buzz|data_ml_ops|general_medium|model_infra,220020,https://careers.roblox.com/jobs/8027588?gh_jid=8027588
2026-09-01,RBLX,Roblox,"[2026] Senior Machine Learning Engineer (Systems), Embodied AI/NPCs, ML Platform - PhD Early Career",Early Career Full-Time,"San Mateo, CA, United States",product_eng,intern,1,23,1,application|buzz|data_ml_ops|general_medium|model_infra,220020,https://careers.roblox.com/jobs/8027587?gh_jid=8027587
2026-09-01,RBLX,Roblox,"[2027] Software Engineer, Early Career",Early Career FT - Engineering,"San Mateo, CA, United States",product_eng,intern,0,8,1,application|buzz,153000,https://careers.roblox.com/jobs/8072244?gh_jid=8072244
2026-09-01,RBLX,Roblox,3D Animator (Short Term),3D Artist,"San Mateo, CA, United States",other,mid,0,0,0,,,https://careers.roblox.com/jobs/8054257?gh_jid=8054257
2026-09-01,RBLX,Roblox,"Analyst, Tools & Systems Administration ",Safety Operations (Non-Tech),"Gurugram, Haryana, India",other,mid,0,1,0,buzz,,https://careers.roblox.com/jobs/8066252?gh_jid=8066252
2026-09-01,RBLX,Roblox,Business Operations Associate,Business Operations (BizOps),"San Mateo, CA, United States",nontech,mid,0,0,0,,151225,https://careers.roblox.com/jobs/8120368?gh_jid=8120368
2026-09-01,RBLX,Roblox,Content Designer,UI/UX,"San Mateo, CA, United States",product_eng,mid,0,1,0,buzz,176245,https://careers.roblox.com/jobs/8070124?gh_jid=8070124
2026-09-01,RBLX,Roblox,"Data Analyst, Operations (IP & Legal Compliance)",Business Operations (BizOps),"Gurugram, Haryana, India",nontech,mid,0,0,0,,,https://careers.roblox.com/jobs/7856888?gh_jid=7856888
2026-09-01,RBLX,Roblox,Data Center Asset Management Specialist,Business Operations,"Goodyear, Arizona, United States",other,mid,0,0,0,,110510,https://careers.roblox.com/jobs/8047847?gh_jid=8047847
2026-09-01,RBLX,Roblox,Data Center Engineer,Engineering Operations,"Goodyear, Arizona, United States",product_eng,mid,0,0,0,,140355,https://careers.roblox.com/jobs/8047875?gh_jid=8047875
2026-09-01,RBLX,Roblox,Design Engineer,UI/UX,"San Mateo, CA, United States",product_eng,mid,0,10,1,application|buzz,183190,https://careers.roblox.com/jobs/7826363?gh_jid=7826363
2026-09-01,RBLX,Roblox,Developer Engagement Representative - ANZ (Australia / New Zealand)  (Part-Time Contract),Developer Relations (Non-Tech),Remote,product_eng,mid,0,0,0,,,https://careers.roblox.com/jobs/8020695?gh_jid=8020695
2026-09-01,RBLX,Roblox,Developer Engagement Representative - LATAM (Part-Time Contract),Developer Relations (Non-Tech),Remote,product_eng,mid,0,0,0,,,https://careers.roblox.com/jobs/7705949?gh_jid=7705949
2026-09-01,RBLX,Roblox,Developer Engagement Representative - Malaysia  (Part-Time Contract),Developer Relations (Non-Tech),Remote,product_eng,mid,0,0,0,,,https://careers.roblox.com/jobs/7978940?gh_jid=7978940
2026-09-01,RBLX,Roblox,Developer Engagement Representative - Philippines (Part-Time Contract),Developer Relations (Non-Tech),Remote,product_eng,mid,0,0,0,,,https://careers.roblox.com/jobs/8083281?gh_jid=8083281
2026-09-01,RBLX,Roblox,Developer Engagement Representative - Thailand (Part-Time Contract),Developer Relations (Non-Tech),Remote,product_eng,mid,0,0,0,,,https://careers.roblox.com/jobs/7992558?gh_jid=7992558
2026-09-01,RBLX,Roblox,Developer Relations Manager -  EU region,Developer Relations (Tech),"Amsterdam, North Holland, Netherlands",product_eng,mid,0,0,0,,,https://careers.roblox.com/jobs/7911884?gh_jid=7911884
2026-09-01,RBLX,Roblox,"Director, Engineering — Engineering Acceleration",Software Engineering,"San Mateo, CA, United States",product_eng,director,0,7,1,application|buzz,428695,https://careers.roblox.com/jobs/8029414?gh_jid=8029414
2026-09-01,RBLX,Roblox,"Director of Business Development, Payments",Business Development,"San Mateo, CA, United States",other,director,0,7,1,application|buzz,293560,https://careers.roblox.com/jobs/7604271?gh_jid=7604271
2026-09-01,RBLX,Roblox,Director of Engineering – Studio Systems,Software Engineering,"San Mateo, CA, United States",product_eng,director,0,4,1,application|buzz,428695,https://careers.roblox.com/jobs/7719455?gh_jid=7719455
2026-09-01,RBLX,Roblox,"Director of Public Policy, UAE/Middle East",Public Policy,Remote,other,director,0,1,0,buzz,,https://careers.roblox.com/jobs/7832171?gh_jid=7832171
2026-09-01,RBLX,Roblox,"Director, Product Management, Consumer Frontend",Product Management,"San Mateo, CA, United States",other,director,0,1,0,buzz,411200,https://careers.roblox.com/jobs/7913665?gh_jid=7913665
2026-09-01,RBLX,Roblox,"Distinguished Engineer, Machine Learning Systems – Economy",Software Engineering,"San Mateo, CA, United States",product_eng,staff_principal,1,37,1,application|buzz|data_ml_ops|general_medium|model_infra,426590,https://careers.roblox.com/jobs/7332473?gh_jid=7332473
2026-09-01,RBLX,Roblox,Distinguished Machine Learning Engineer - Safety,Software Engineering,"San Mateo, CA, United States",product_eng,staff_principal,1,11,1,application|buzz|general_medium,428695,https://careers.roblox.com/jobs/7931911?gh_jid=7931911
2026-09-01,RBLX,Roblox,Engineering Manager - Account Security,Software Engineering,"San Mateo, CA, United States",product_eng,mid,0,0,0,,320145,https://careers.roblox.com/jobs/7940279?gh_jid=7940279
2026-09-01,RBLX,Roblox,"Engineering Manager, Application Security",Software Engineering,"San Mateo, CA, United States",product_eng,mid,0,0,0,,320145,https://careers.roblox.com/jobs/7887896?gh_jid=7887896
2026-09-01,RBLX,Roblox,"Engineering Manager, Creator Analytics",Software Engineering,"San Mateo, CA, United States",product_eng,mid,0,0,0,,320145,https://careers.roblox.com/jobs/8040179?gh_jid=8040179
2026-09-01,RBLX,Roblox,"Engineering Manager, Data Tooling",Software Engineering,"San Mateo, CA, United States",product_eng,mid,0,5,1,application|buzz,320145,https://careers.roblox.com/jobs/8052237?gh_jid=8052237
2026-09-01,RBLX,Roblox,"Engineering Manager, Home Infrastructure (Recommendation Systems)",Software Engineering,"San Mateo, CA, United States",product_eng,mid,0,1,0,buzz,320145,https://careers.roblox.com/jobs/7905464?gh_jid=7905464
2026-09-01,RBLX,Roblox,"Engineering Manager, Machine Learning Infrastructure, Ads",Software Engineering,"San Mateo, CA, United States",product_eng,mid,1,8,1,buzz|data_ml_ops|general_medium|model_infra,320145,https://careers.roblox.com/jobs/8090079?gh_jid=8090079
2026-09-01,RBLX,Roblox,"Engineering Manager, Observability Infrastructure",Software Engineering,"San Mateo, CA, United States",product_eng,mid,0,2,0,buzz,320145,https://careers.roblox.com/jobs/7901793?gh_jid=7901793
2026-09-01,RBLX,Roblox,Engineering Manager - Subscriptions,Software Engineering,"San Mateo, CA, United States",product_eng,mid,0,0,0,,320145,https://careers.roblox.com/jobs/8099956?gh_jid=8099956
2026-09-01,RBLX,Roblox,"Executive Business Partner, Office of the CEO",Administrative,"San Mateo, CA, United States",nontech,mid,0,0,0,,,https://careers.roblox.com/jobs/7778939?gh_jid=7778939
2026-09-01,RBLX,Roblox,"Finance Business Partner, Trust & Safety (6319)",Finance,"San Mateo, CA, United States",nontech,mid,0,0,0,,211530,https://careers.roblox.com/jobs/7977161?gh_jid=7977161
2026-09-01,RBLX,Roblox,"General Manager, South East Asia",Strategic Planning,Singapore,other,exec,0,0,0,,,https://careers.roblox.com/jobs/7838662?gh_jid=7838662
2026-09-01,RBLX,Roblox,"Global Developer Engagement Representative, Part-Time, Contractor",Developer Relations (Non-Tech),Remote,product_eng,mid,0,0,0,,,https://careers.roblox.com/jobs/7736682?gh_jid=7736682
2026-09-01,RBLX,Roblox,Global Mobility Lead,People,"San Mateo, CA, United States",other,senior,0,1,0,buzz,223280,https://careers.roblox.com/jobs/7944233?gh_jid=7944233
2026-09-01,RBLX,Roblox,Growth Marketing Manager Lead ,Growth Marketing,"San Mateo, CA, United States",nontech,senior,0,6,0,buzz|general_medium,236800,https://careers.roblox.com/jobs/8077671?gh_jid=8077671
2026-09-01,RBLX,Roblox,Hardware & Testing Lab Technician,Corporate Engineering (IT),"San Mateo, CA, United States",other,mid,0,0,0,,,https://careers.roblox.com/jobs/8097774?gh_jid=8097774
2026-09-01,RBLX,Roblox,"Law Enforcement Liaison, Mississippi",Legal,Remote,other,mid,0,0,0,,,https://careers.roblox.com/jobs/8047865?gh_jid=8047865
2026-09-01,RBLX,Roblox,"Lead, Support Operations Excellence",Safety Operations (Non-Tech),"Gurugram, Haryana, India",nontech,senior,0,0,0,,,https://careers.roblox.com/jobs/8070037?gh_jid=8070037
2026-09-01,RBLX,Roblox,Legal Operations Technology Specialist,Legal,"San Mateo, CA, United States",nontech,mid,0,3,0,buzz,119715,https://careers.roblox.com/jobs/8107204?gh_jid=8107204
2026-09-01,RBLX,Roblox,Litigation Paralegal,Paralegal,"San Mateo, CA, United States",nontech,mid,0,0,0,,119715,https://careers.roblox.com/jobs/8027420?gh_jid=8027420
2026-09-01,RBLX,Roblox,Localization Program Manager,Localization,"San Mateo, CA, United States",other,mid,0,0,0,,186825,https://careers.roblox.com/jobs/7813041?gh_jid=7813041
2026-09-01,RBLX,Roblox,Manager Data Center Operations,Engineering Operations,"Goodyear, Arizona, United States",nontech,mid,0,0,0,,206985,https://careers.roblox.com/jobs/7808741?gh_jid=7808741
2026-09-01,RBLX,Roblox,"Manager, Public Policy and US State Strategy",Public Policy,"Washington, District of Columbia, United States",other,mid,0,0,0,,204650,https://careers.roblox.com/jobs/8143149?gh_jid=8143149
2026-09-01,RBLX,Roblox,"Marketing Manager, Europe",Marketing,"Amsterdam, North Holland, Netherlands",nontech,mid,0,0,0,,,https://careers.roblox.com/jobs/7965517?gh_jid=7965517
2026-09-01,RBLX,Roblox,"Marketing Manager, India",Marketing,"Gurugram, Haryana, India",nontech,mid,0,0,0,,,https://careers.roblox.com/jobs/7921673?gh_jid=7921673
2026-09-01,RBLX,Roblox,Moderation Escalation Specialist,Safety Operations (Non-Tech),"Gurugram, Haryana, India",other,mid,0,0,0,,,https://careers.roblox.com/jobs/8097435?gh_jid=8097435
2026-09-01,RBLX,Roblox,People Business Associate (Short-term),People,"San Mateo, CA, United States",other,mid,0,0,0,,,https://careers.roblox.com/jobs/8107093?gh_jid=8107093
2026-09-01,RBLX,Roblox,People Business Associate (Short-Term),People,"San Mateo, CA, United States",other,mid,0,0,0,,,https://careers.roblox.com/jobs/8107091?gh_jid=8107091
2026-09-01,RBLX,Roblox,People Science & Learning Associate,Learning & Development,"San Mateo, CA, United States",other,mid,0,4,1,application|buzz,144130,https://careers.roblox.com/jobs/8148344?gh_jid=8148344
2026-09-01,RBLX,Roblox,People & Talent Partner,Talent Acquisition,"Vancouver, British Columbia, Canada",other,mid,0,1,0,buzz,185765,https://careers.roblox.com/jobs/8082672?gh_jid=8082672
2026-09-01,RBLX,Roblox,Principal Data Engineer - Economy ,Software Engineering,"San Mateo, CA, United States",product_eng,staff_principal,0,5,0,buzz|data_ml_ops,324645,https://careers.roblox.com/jobs/7629489?gh_jid=7629489
2026-09-01,RBLX,Roblox,Principal Data Scientist - Safety,Data Science,"San Mateo, CA, United States",product_eng,staff_principal,0,7,0,buzz|general_medium,347455,https://careers.roblox.com/jobs/7411636?gh_jid=7411636
2026-09-01,RBLX,Roblox,"Principal Engineer, Studio Builder Tools ",Software Engineering,"San Mateo, CA, United States",product_eng,staff_principal,0,0,0,,372230,https://careers.roblox.com/jobs/7834163?gh_jid=7834163
2026-09-01,RBLX,Roblox,Principal Enterprise Security Engineer,Software Engineering,"San Mateo, CA, United States",product_eng,staff_principal,0,4,1,application|buzz,318570,https://careers.roblox.com/jobs/8036430?gh_jid=8036430
2026-09-01,RBLX,Roblox,"Principal Frontend Software Engineer, Connections",Software Engineering,"San Mateo, CA, United States",product_eng,staff_principal,0,0,0,,320145,https://careers.roblox.com/jobs/8025477?gh_jid=8025477
2026-09-01,RBLX,Roblox,Principal Frontend Software Engineer - Discovery UX,Software Engineering,"San Mateo, CA, United States",product_eng,staff_principal,0,0,0,,320145,https://careers.roblox.com/jobs/8052466?gh_jid=8052466
2026-09-01,RBLX,Roblox,"Principal Machine Learning Engineer, Content Safety",Software Engineering,"San Mateo, CA, United States",product_eng,staff_principal,1,8,0,buzz|general_medium,320145,https://careers.roblox.com/jobs/8073283?gh_jid=8073283
2026-09-01,RBLX,Roblox,"Principal Machine Learning Engineer, Embodied AI and Smart NPCs",Software Engineering,"San Mateo, CA, United States",product_eng,staff_principal,1,20,1,buzz|general_medium|model_infra,372230,https://careers.roblox.com/jobs/7629843?gh_jid=7629843
2026-09-01,RBLX,Roblox,"Principal Machine Learning Infrastructure Engineer, Ads & Discovery",Software Engineering,"San Mateo, CA, United States",product_eng,staff_principal,1,29,1,application|buzz|data_ml_ops|general_medium|model_infra,320145,https://careers.roblox.com/jobs/7351202?gh_jid=7351202
2026-09-01,RBLX,Roblox,Principal Model Optimization Engineer ,Software Engineering,"San Mateo, CA, United States",product_eng,staff_principal,0,21,1,application|buzz|data_ml_ops|general_medium|model_infra,320145,https://careers.roblox.com/jobs/7872401?gh_jid=7872401
2026-09-01,RBLX,Roblox,Principal Network Engineer,Software Engineering,"San Mateo, CA, United States",product_eng,staff_principal,0,0,0,,320145,https://careers.roblox.com/jobs/7645403?gh_jid=7645403
2026-09-01,RBLX,Roblox,Principal Rendering Engineer,Software Engineering,"San Mateo, CA, United States",product_eng,staff_principal,0,2,0,general_medium,320145,https://careers.roblox.com/jobs/8036287?gh_jid=8036287
2026-09-01,RBLX,Roblox,"Principal Security Software Engineer, Application Security",Engineering,"San Mateo, CA, United States",product_eng,staff_principal,0,7,1,application|buzz,355555,https://careers.roblox.com/jobs/7789332?gh_jid=7789332
2026-09-01,RBLX,Roblox,"Principal Security Software Engineer, Enterprise IAM",Software Engineering,"San Mateo, CA, United States",product_eng,staff_principal,0,7,1,application|buzz,414125,https://careers.roblox.com/jobs/7983905?gh_jid=7983905
2026-09-01,RBLX,Roblox,"Principal Security Software Engineer, IAM",Engineering,"San Mateo, CA, United States",product_eng,staff_principal,0,10,1,application|buzz,355555,https://careers.roblox.com/jobs/8099958?gh_jid=8099958
2026-09-01,RBLX,Roblox,Principal/Senior Machine Learning Scientist - Search and Discovery ,Machine Learning,"San Mateo, CA, United States",product_eng,staff_principal,1,15,1,application|buzz|general_medium|model_infra,311785,https://careers.roblox.com/jobs/7655346?gh_jid=7655346
2026-09-01,RBLX,Roblox,Principal Software Engineer,Software Engineering,"San Mateo, CA, United States",product_eng,staff_principal,0,0,0,,320145,https://careers.roblox.com/jobs/7744272?gh_jid=7744272
2026-09-01,RBLX,Roblox,Principal Software Engineer,Software Engineering,"San Mateo, CA, United States",product_eng,staff_principal,0,8,1,application|buzz|data_ml_ops,320145,https://careers.roblox.com/jobs/8017415?gh_jid=8017415
2026-09-01,RBLX,Roblox,"Principal Software Engineer, Backend - Sharing",Software Engineering,"San Mateo, CA, United States",product_eng,staff_principal,0,0,0,,320145,https://careers.roblox.com/jobs/8013437?gh_jid=8013437
2026-09-01,RBLX,Roblox,"Principal Software Engineer, CI and CD Foundation",Software Engineering,"San Mateo, CA, United States",product_eng,staff_principal,0,4,1,application|buzz,372230,https://careers.roblox.com/jobs/8047821?gh_jid=8047821
2026-09-01,RBLX,Roblox,"Principal Software Engineer, Compute Fleet Management",Software Engineering,"San Mateo, CA, United States",product_eng,staff_principal,0,1,0,buzz,372230,https://careers.roblox.com/jobs/7983990?gh_jid=7983990
2026-09-01,RBLX,Roblox,Principal Software Engineer - Compute (Kubernetes),Software Engineering,"San Mateo, CA, United States",product_eng,staff_principal,0,0,0,,372230,https://careers.roblox.com/jobs/8024627?gh_jid=8024627
2026-09-01,RBLX,Roblox,Principal Software Engineer - Content Lifecycle,Software Engineering,"San Mateo, CA, United States",product_eng,staff_principal,0,4,1,application|buzz,320145,https://careers.roblox.com/jobs/7650307?gh_jid=7650307
2026-09-01,RBLX,Roblox,Principal Software Engineer - Creator Collaboration,Software Engineering,"San Mateo, CA, United States",product_eng,staff_principal,0,4,1,application|buzz,320145,https://careers.roblox.com/jobs/7769510?gh_jid=7769510
2026-09-01,RBLX,Roblox,Principal Software Engineer - Creator Distributed Systems & Storage   ,Software Engineering,"San Mateo, CA, United States",product_eng,staff_principal,0,3,0,buzz,372230,https://careers.roblox.com/jobs/7740153?gh_jid=7740153
2026-09-01,RBLX,Roblox,"Principal Software Engineer, Data Engineering",Software Engineering,"San Mateo, CA, United States",product_eng,staff_principal,0,1,0,buzz,320145,https://careers.roblox.com/jobs/7678832?gh_jid=7678832
2026-09-01,RBLX,Roblox,"Principal Software Engineer, Data Infrastructure",Software Engineering,"San Mateo, CA, United States",product_eng,staff_principal,0,10,1,application|buzz,320145,https://careers.roblox.com/jobs/8029695?gh_jid=8029695
2026-09-01,RBLX,Roblox,"Principal Software Engineer, Engineering Acceleration",Software Engineering,"San Mateo, CA, United States",product_eng,staff_principal,0,2,0,buzz,320145,https://careers.roblox.com/jobs/7991993?gh_jid=7991993
2026-09-01,RBLX,Roblox,"Principal Software Engineer, Engine Systems",Software Engineering,"San Mateo, CA, United States",product_eng,staff_principal,0,0,0,,320145,https://careers.roblox.com/jobs/8036223?gh_jid=8036223
2026-09-01,RBLX,Roblox,Principal Software Engineer - Game Engine Systems (C++) ,Software Engineering,"San Mateo, CA, United States",product_eng,staff_principal,0,0,0,,318570,https://careers.roblox.com/jobs/7449585?gh_jid=7449585
2026-09-01,RBLX,Roblox,"Principal Software Engineer, Game Safety ",Software Engineering,"San Mateo, CA, United States",product_eng,staff_principal,0,5,0,buzz|data_ml_ops,320145,https://careers.roblox.com/jobs/8031166?gh_jid=8031166
2026-09-01,RBLX,Roblox,"Principal Software Engineer, GPU Compute",Software Engineering,"San Mateo, CA, United States",product_eng,staff_principal,0,8,1,buzz|general_medium|model_infra,372230,https://careers.roblox.com/jobs/7978492?gh_jid=7978492
2026-09-01,RBLX,Roblox,Principal Software Engineer - Network Transport (C++),Software Engineering,"San Mateo, CA, United States",product_eng,staff_principal,0,0,0,,318570,https://careers.roblox.com/jobs/7561743?gh_jid=7561743
2026-09-01,RBLX,Roblox,"Principal Software Engineer, Physics",Software Engineering,"Vancouver, British Columbia, Canada",product_eng,staff_principal,0,0,0,,305780,https://careers.roblox.com/jobs/8024941?gh_jid=8024941
2026-09-01,RBLX,Roblox,"Principal Software Engineer, Physics",Software Engineering,"San Mateo, CA, United States",product_eng,staff_principal,0,0,0,,320145,https://careers.roblox.com/jobs/7998366?gh_jid=7998366
2026-09-01,RBLX,Roblox,"Principal Software Engineer, Physics",Software Engineering,"Vancouver, British Columbia, Canada",product_eng,staff_principal,0,0,0,,305780,https://careers.roblox.com/jobs/8084445?gh_jid=8084445
2026-09-01,RBLX,Roblox,"Principal Software Engineer, Physics",Software Engineering,"San Mateo, CA, United States",product_eng,staff_principal,0,0,0,,372230,https://careers.roblox.com/jobs/8039680?gh_jid=8039680
2026-09-01,RBLX,Roblox,Principal Software Engineer - Roblox Database,Software Engineering,"San Mateo, CA, United States",product_eng,staff_principal,0,0,0,,318570,https://careers.roblox.com/jobs/8036892?gh_jid=8036892
2026-09-01,RBLX,Roblox,Principal Software Engineer - Roblox Economy Platform,Software Engineering,"San Mateo, CA, United States",product_eng,staff_principal,0,0,0,,318570,https://careers.roblox.com/jobs/7545955?gh_jid=7545955
2026-09-01,RBLX,Roblox,"Principal Software Engineer, WebRTC",Software Engineering,"San Mateo, CA, United States",product_eng,staff_principal,0,0,0,,320145,https://careers.roblox.com/jobs/8036680?gh_jid=8036680
2026-09-01,RBLX,Roblox,"Principal Technical Program Manager, Compute",Technical Program Management,"San Mateo, CA, United States",other,staff_principal,0,3,0,buzz|data_ml_ops,303840,https://careers.roblox.com/jobs/7997105?gh_jid=7997105
2026-09-01,RBLX,Roblox,Proactive Moderation Operations Specialist,Safety Operations (Non-Tech),"Gurugram, Haryana, India",nontech,mid,0,0,0,,,https://careers.roblox.com/jobs/8069989?gh_jid=8069989
2026-09-01,RBLX,Roblox,"Product Counsel/ Sr Product Counsel, Advertising",Legal,"San Mateo, CA, United States",nontech,senior,0,0,0,,267740,https://careers.roblox.com/jobs/7779120?gh_jid=7779120
2026-09-01,RBLX,Roblox,"Product Marketing Manager, Ads",Marketing,"San Mateo, CA, United States",nontech,mid,0,0,0,,240420,https://careers.roblox.com/jobs/7951971?gh_jid=7951971
2026-09-01,RBLX,Roblox,"Product Marketing Manager, Marketplace ",Marketing,"San Mateo, CA, United States",nontech,mid,0,0,0,,240420,https://careers.roblox.com/jobs/8139492?gh_jid=8139492
2026-09-01,RBLX,Roblox,Product Support Specialist,Safety Operations (Non-Tech),"Gurugram, Haryana, India",nontech,mid,0,0,0,,,https://careers.roblox.com/jobs/8070027?gh_jid=8070027
2026-09-01,RBLX,Roblox,Quality Analyst,Safety Operations (Non-Tech),"Gurugram, Haryana, India",other,mid,0,0,0,,,https://careers.roblox.com/jobs/8069987?gh_jid=8069987
2026-09-01,RBLX,Roblox,Quality Analyst,Safety Operations (Non-Tech),"Gurugram, Haryana, India",other,mid,0,0,0,,,https://careers.roblox.com/jobs/8070025?gh_jid=8070025
2026-09-01,RBLX,Roblox,Quality Analyst,Safety Operations (Non-Tech),"Gurugram, Haryana, India",other,mid,0,0,0,,,https://careers.roblox.com/jobs/7785784?gh_jid=7785784
2026-09-01,RBLX,Roblox,Receptionist,Administrative,"Gurugram, Haryana, India",other,mid,0,0,0,,,https://careers.roblox.com/jobs/8121877?gh_jid=8121877
2026-09-01,RBLX,Roblox,"Senior Analyst, Safety Operations Tooling ",Safety Operations (Non-Tech),"Gurugram, Haryana, India",nontech,senior,0,4,1,application|buzz,,https://careers.roblox.com/jobs/7957849?gh_jid=7957849
2026-09-01,RBLX,Roblox,Senior Cloud Security Engineer ,Engineering,"San Mateo, CA, United States",product_eng,senior,0,0,0,,288575,https://careers.roblox.com/jobs/7997039?gh_jid=7997039
2026-09-01,RBLX,Roblox,Senior Data Scientist - Authentication,Data Science,"San Mateo, CA, United States",product_eng,senior,0,7,0,buzz|general_medium,242525,https://careers.roblox.com/jobs/8097469?gh_jid=8097469
2026-09-01,RBLX,Roblox,"Senior Data Scientist, Consumer Apps",Data Science,"San Mateo, CA, United States",product_eng,senior,0,3,0,buzz|general_medium,293245,https://careers.roblox.com/jobs/8127054?gh_jid=8127054
2026-09-01,RBLX,Roblox,Senior Data Scientist - Consumer Frontend,Data Science,"San Mateo, CA, United States",product_eng,senior,0,4,0,buzz|general_medium,293245,https://careers.roblox.com/jobs/7977682?gh_jid=7977682
2026-09-01,RBLX,Roblox,"Senior Data Scientist, Creator Platform",Data Science,"San Mateo, CA, United States",product_eng,senior,0,8,1,application|buzz|general_medium,293245,https://careers.roblox.com/jobs/8049802?gh_jid=8049802
2026-09-01,RBLX,Roblox,Senior Data Scientist - Discovery,Data Science,"San Mateo, CA, United States",product_eng,senior,0,7,0,buzz|general_medium,228420,https://careers.roblox.com/jobs/8037082?gh_jid=8037082
2026-09-01,RBLX,Roblox,Senior Detection and Response Engineer,Software Engineering,"San Mateo, CA, United States",product_eng,senior,0,0,0,,220020,https://careers.roblox.com/jobs/8070890?gh_jid=8070890
2026-09-01,RBLX,Roblox,"Senior Director of Engineering, Generative AI ",Software Engineering,"San Mateo, CA, United States",product_eng,director,1,17,1,application|buzz|general_medium|model_infra,549600,https://careers.roblox.com/jobs/8131695?gh_jid=8131695
2026-09-01,RBLX,Roblox,"Senior Director, Policy Communications",Communications,"San Mateo, CA, United States; Washington, District of Columbia, United States",nontech,director,0,0,0,,322325,https://careers.roblox.com/jobs/8082263?gh_jid=8082263
2026-09-01,RBLX,Roblox,"Senior Engineering Manager, AI Roblox Studio",Software Engineering,"San Mateo, CA, United States",product_eng,senior,1,8,1,application|buzz,372230,https://careers.roblox.com/jobs/8055512?gh_jid=8055512
2026-09-01,RBLX,Roblox,"Senior Engineering Manager, AI Safety Platform",Software Engineering,"San Mateo, CA, United States",product_eng,senior,1,6,1,application|buzz,372230,https://careers.roblox.com/jobs/8030839?gh_jid=8030839
2026-09-01,RBLX,Roblox,"Senior Engineering Manager, Communications",Software Engineering,"San Mateo, CA, United States",product_eng,senior,0,0,0,,372230,https://careers.roblox.com/jobs/8077261?gh_jid=8077261
2026-09-01,RBLX,Roblox,"Senior Engineering Manager, Search and Discovery",Machine Learning,"San Mateo, CA, United States",product_eng,senior,0,10,1,application|buzz|data_ml_ops|general_medium,372230,https://careers.roblox.com/jobs/7764306?gh_jid=7764306
2026-09-01,RBLX,Roblox,Senior Enterprise Security Engineer,Software Engineering,"San Mateo, CA, United States",product_eng,senior,0,4,1,application|buzz,269270,https://careers.roblox.com/jobs/8042523?gh_jid=8042523
2026-09-01,RBLX,Roblox,"Senior Frontend Engineer, Voice Communication",Software Engineering,"San Mateo, CA, United States",product_eng,senior,0,1,0,buzz,269270,https://careers.roblox.com/jobs/8011015?gh_jid=8011015
2026-09-01,RBLX,Roblox,"Senior Frontend/Fullstack Software Engineer, Social Graph",Software Engineering,"San Mateo, CA, United States",product_eng,senior,0,0,0,,220020,https://careers.roblox.com/jobs/7760129?gh_jid=7760129
2026-09-01,RBLX,Roblox,"Senior Frontend Software Engineer, Ads Experience",Software Engineering,"San Mateo, CA, United States",product_eng,senior,0,0,0,,267950,https://careers.roblox.com/jobs/7396342?gh_jid=7396342
2026-09-01,RBLX,Roblox,Senior Frontend Software Engineer - Marketplace,Software Engineering,"San Mateo, CA, United States",product_eng,senior,0,0,0,,220020,https://careers.roblox.com/jobs/7913878?gh_jid=7913878
2026-09-01,RBLX,Roblox,"Senior Fullstack Software Engineer, Profiles",Software Engineering,"San Mateo, CA, United States",product_eng,senior,0,0,0,,269270,https://careers.roblox.com/jobs/8140565?gh_jid=8140565
2026-09-01,RBLX,Roblox,Senior Growth Data Engineer,Software Engineering,"San Mateo, CA, United States",product_eng,senior,0,1,0,buzz,269270,https://careers.roblox.com/jobs/8055450?gh_jid=8055450
2026-09-01,RBLX,Roblox,Senior Growth Marketing Manager ,Growth Marketing,"San Mateo, CA, United States",nontech,senior,0,6,0,buzz|general_medium,196305,https://careers.roblox.com/jobs/7977893?gh_jid=7977893
2026-09-01,RBLX,Roblox,Senior Hardware Engineer - GPU & AI Infrastructure,Software Engineering,"San Mateo, CA, United States",product_eng,senior,1,5,0,buzz|general_medium,269270,https://careers.roblox.com/jobs/7463674?gh_jid=7463674
2026-09-01,RBLX,Roblox,Senior Hardware Engineer - Infrastructure,Software Engineering,"San Mateo, CA, United States",product_eng,senior,0,3,0,buzz|general_medium,269270,https://careers.roblox.com/jobs/7947153?gh_jid=7947153
2026-09-01,RBLX,Roblox,"Senior Machine Learning Engineer, Ads",Software Engineering,"San Mateo, CA, United States",product_eng,senior,1,13,1,buzz|general_medium|model_infra,285230,https://careers.roblox.com/jobs/7351220?gh_jid=7351220
2026-09-01,RBLX,Roblox,"Senior Machine Learning Engineer, GenAI Data",Software Engineering,"San Mateo, CA, United States",product_eng,senior,1,8,0,buzz|data_ml_ops|general_medium,269270,https://careers.roblox.com/jobs/7943933?gh_jid=7943933
2026-09-01,RBLX,Roblox,"Senior Machine Learning Engineering Manager, Safety AI Systems",Software Engineering,"San Mateo, CA, United States",product_eng,senior,1,7,1,buzz|general_medium|model_infra,320145,https://careers.roblox.com/jobs/8047877?gh_jid=8047877
2026-09-01,RBLX,Roblox,"Senior Machine Learning Engineering Manager, Text Safety",Software Engineering,"San Mateo, CA, United States",product_eng,senior,1,11,1,application|buzz,372230,https://careers.roblox.com/jobs/8103714?gh_jid=8103714
2026-09-01,RBLX,Roblox,"Senior Manager, Moderation Escalations",Safety Operations (Non-Tech),"Gurugram, Haryana, India",other,senior,0,1,0,buzz,,https://careers.roblox.com/jobs/7983067?gh_jid=7983067
2026-09-01,RBLX,Roblox,"Senior Mobile Systems Engineer, Audio Team (Android & C++)",Software Engineering,"San Mateo, CA, United States",product_eng,senior,0,0,0,,267950,https://careers.roblox.com/jobs/7528070?gh_jid=7528070
2026-09-01,RBLX,Roblox,Senior Offensive Security Engineer,Software Engineering,"San Mateo, CA, United States",product_eng,senior,0,0,0,,220020,https://careers.roblox.com/jobs/8070888?gh_jid=8070888
2026-09-01,RBLX,Roblox,Senior Payments Compliance Manager,Project Management (Non-Tech),"San Mateo, CA, United States",other,senior,0,0,0,,270920,https://careers.roblox.com/jobs/8107208?gh_jid=8107208
2026-09-01,RBLX,Roblox,"Senior/Principal Data Scientist, AVC ( Audio/Video/Communications)",Data Science,"San Mateo, CA, United States",product_eng,staff_principal,0,3,0,buzz|general_medium,340555,https://careers.roblox.com/jobs/8121895?gh_jid=8121895
2026-09-01,RBLX,Roblox,Senior / Principal Infrastructure Engineer - ML Platform,Software Engineering,"San Mateo, CA, United States",product_eng,staff_principal,1,7,0,buzz|data_ml_ops|general_medium,311785,https://careers.roblox.com/jobs/8027755?gh_jid=8027755
2026-09-01,RBLX,Roblox,"Senior/Principal Product Manager, Engine Systems Foundations",Product Management,"San Mateo, CA, United States",product_eng,staff_principal,0,1,0,buzz,305745,https://careers.roblox.com/jobs/8079846?gh_jid=8079846
2026-09-01,RBLX,Roblox,Senior Privacy Engineer,Engineering,"San Mateo, CA, United States",product_eng,senior,0,2,0,general_medium,202440,https://careers.roblox.com/jobs/8094717?gh_jid=8094717
2026-09-01,RBLX,Roblox,Senior Privacy Software Engineer,Engineering,"San Mateo, CA, United States",product_eng,senior,0,0,0,,242925,https://careers.roblox.com/jobs/8022674?gh_jid=8022674
2026-09-01,RBLX,Roblox,"Senior Product Designer, Monetization",UI/UX,"San Mateo, CA, United States",product_eng,senior,0,1,0,buzz,280140,https://careers.roblox.com/jobs/8094661?gh_jid=8094661
2026-09-01,RBLX,Roblox,"Senior Product Designer, Safety",UI/UX,"San Mateo, CA, United States",product_eng,senior,0,0,0,,235215,https://careers.roblox.com/jobs/8068678?gh_jid=8068678
2026-09-01,RBLX,Roblox,"Senior Product Manager, AI Content Safety",Product Management,"San Mateo, CA, United States",product_eng,senior,1,2,0,buzz,305745,https://careers.roblox.com/jobs/8035873?gh_jid=8035873
2026-09-01,RBLX,Roblox,"Senior Product Manager, App Performance & Architecture",Product Management,"San Mateo, CA, United States",product_eng,senior,0,0,0,,305745,https://careers.roblox.com/jobs/7839534?gh_jid=7839534
2026-09-01,RBLX,Roblox,"Senior Product Manager, Compute Platform ",Product Management,"San Mateo, CA, United States",product_eng,senior,0,8,1,application|buzz|general_medium,305745,https://careers.roblox.com/jobs/7994532?gh_jid=7994532
2026-09-01,RBLX,Roblox,"Senior Product Manager, Content Sharing",Product Management,"San Mateo, CA, United States",product_eng,senior,0,0,0,,254775,https://careers.roblox.com/jobs/8127058?gh_jid=8127058
2026-09-01,RBLX,Roblox,"Senior Product Manager, Engineering Acceleration",Product Management,"San Mateo, CA, United States",product_eng,senior,0,1,0,buzz,305745,https://careers.roblox.com/jobs/7701911?gh_jid=7701911
2026-09-01,RBLX,Roblox,"Senior Product Manager, Inference Platform ",Product Management,"San Mateo, CA, United States",product_eng,senior,0,9,1,application|buzz|general_medium,305745,https://careers.roblox.com/jobs/7997195?gh_jid=7997195
2026-09-01,RBLX,Roblox,"Senior Product Policy Manager, Monetization   ",Product Management,"San Mateo, CA, United States",other,senior,0,0,0,,224795,https://careers.roblox.com/jobs/8106959?gh_jid=8106959
2026-09-01,RBLX,Roblox,Senior Product Support Specialist ,Safety Operations (Non-Tech),"Gurugram, Haryana, India",nontech,senior,0,0,0,,,https://careers.roblox.com/jobs/8111889?gh_jid=8111889
2026-09-01,RBLX,Roblox,"Senior QA Engineer, Safety",Engineering Quality Assurance (QA),"San Mateo, CA, United States",product_eng,senior,0,4,1,application|buzz,205720,https://careers.roblox.com/jobs/7656541?gh_jid=7656541
2026-09-01,RBLX,Roblox,Senior Rendering Engineer Manager,Software Engineering,"San Mateo, CA, United States",product_eng,senior,0,2,0,general_medium,370400,https://careers.roblox.com/jobs/7100730?gh_jid=7100730
2026-09-01,RBLX,Roblox,Senior Rendering Engineer Manager,Software Engineering,"Vancouver, British Columbia, Canada",product_eng,senior,0,2,0,general_medium,362405,https://careers.roblox.com/jobs/7441754?gh_jid=7441754
2026-09-01,RBLX,Roblox,"Senior Security Engineer, Detection and Response",Software Engineering,"London, England, United Kingdom",product_eng,senior,0,0,0,,,https://careers.roblox.com/jobs/8037805?gh_jid=8037805
2026-09-01,RBLX,Roblox,Senior Security GRC Analyst,Engineering,"San Mateo, CA, United States",other,senior,0,1,0,buzz,240480,https://careers.roblox.com/jobs/8056346?gh_jid=8056346
2026-09-01,RBLX,Roblox,"Senior Security Software Engineer, Application Security",Engineering,"San Mateo, CA, United States",product_eng,senior,0,4,1,application|buzz,297615,https://careers.roblox.com/jobs/7896293?gh_jid=7896293
2026-09-01,RBLX,Roblox,"Senior Security Software Engineer, IAM",Engineering,"San Mateo, CA, United States",product_eng,senior,0,10,1,application|buzz,278910,https://careers.roblox.com/jobs/8016408?gh_jid=8016408
2026-09-01,RBLX,Roblox,"Senior Security Software Engineer, Infrastructure Security",Engineering,"San Mateo, CA, United States",product_eng,senior,0,0,0,,251370,https://careers.roblox.com/jobs/7896061?gh_jid=7896061
2026-09-01,RBLX,Roblox,"Senior Security Software Engineer, Vulnerability Management",Engineering,"San Mateo, CA, United States",product_eng,senior,0,0,0,,242925,https://careers.roblox.com/jobs/7922649?gh_jid=7922649
2026-09-01,RBLX,Roblox,"Senior Site Reliability Engineer, Compute",Software Engineering,"San Mateo, CA, United States",product_eng,senior,0,0,0,,269270,https://careers.roblox.com/jobs/8042554?gh_jid=8042554
2026-09-01,RBLX,Roblox,Senior Software Engineer- Account Authentication,Software Engineering,"San Mateo, CA, United States",product_eng,senior,0,6,1,application|buzz,269270,https://careers.roblox.com/jobs/8092905?gh_jid=8092905
2026-09-01,RBLX,Roblox,"Senior Software Engineer, Ads Experience (C++) ",Software Engineering,"San Mateo, CA, United States",product_eng,senior,0,0,0,,269270,https://careers.roblox.com/jobs/7655780?gh_jid=7655780
2026-09-01,RBLX,Roblox,"Senior Software Engineer, Ads Platform",Software Engineering,"San Mateo, CA, United States",product_eng,senior,0,0,0,,220020,https://careers.roblox.com/jobs/8011079?gh_jid=8011079
2026-09-01,RBLX,Roblox,"Senior Software Engineer, Application Gateway",Software Engineering,"San Mateo, CA, United States",product_eng,senior,0,0,0,,261310,https://careers.roblox.com/jobs/7698330?gh_jid=7698330
2026-09-01,RBLX,Roblox,"Senior Software Engineer, App Performance",Software Engineering,"San Mateo, CA, United States",product_eng,senior,0,0,0,,218940,https://careers.roblox.com/jobs/7360413?gh_jid=7360413
2026-09-01,RBLX,Roblox,Senior Software Engineer: Assistant,Software Engineering,"San Mateo, CA, United States",product_eng,senior,0,7,1,application|buzz,220020,https://careers.roblox.com/jobs/8047823?gh_jid=8047823
2026-09-01,RBLX,Roblox,"Senior Software Engineer, Avatar Animation ",Software Engineering,"San Mateo, CA, United States",product_eng,senior,0,0,0,,267950,https://careers.roblox.com/jobs/7540219?gh_jid=7540219
2026-09-01,RBLX,Roblox,"Senior Software Engineer, Avatar Animation ",Software Engineering,"Vancouver, British Columbia, Canada",product_eng,senior,0,0,0,,254570,https://careers.roblox.com/jobs/8024947?gh_jid=8024947
2026-09-01,RBLX,Roblox,Senior Software Engineer - Avatar Personalization,Software Engineering,"San Mateo, CA, United States",product_eng,senior,0,0,0,,220020,https://careers.roblox.com/jobs/7545202?gh_jid=7545202
2026-09-01,RBLX,Roblox,"Senior Software Engineer (Backend), Communities",Software Engineering,"San Mateo, CA, United States",product_eng,senior,0,1,0,buzz,269270,https://careers.roblox.com/jobs/8131273?gh_jid=8131273
2026-09-01,RBLX,Roblox,Senior Software Engineer - Bot Defense,Software Engineering,"San Mateo, CA, United States",product_eng,senior,0,3,0,buzz,220020,https://careers.roblox.com/jobs/8047817?gh_jid=8047817
2026-09-01,RBLX,Roblox,Senior Software Engineer (C++),Software Engineering,"San Mateo, CA, United States",product_eng,senior,0,0,0,,218940,https://careers.roblox.com/jobs/8025510?gh_jid=8025510
2026-09-01,RBLX,Roblox,"Senior Software Engineer, Client Systems (C++)",Software Engineering,"San Mateo, CA, United States",product_eng,senior,0,0,0,,218940,https://careers.roblox.com/jobs/8036535?gh_jid=8036535
2026-09-01,RBLX,Roblox,"Senior Software Engineer, Compute Cell Platform",Software Engineering,"San Mateo, CA, United States",product_eng,senior,0,0,0,,220020,https://careers.roblox.com/jobs/8056362?gh_jid=8056362
2026-09-01,RBLX,Roblox,Senior Software Engineer - Consoles,Software Engineering,"San Mateo, CA, United States",product_eng,senior,0,0,0,,220020,https://careers.roblox.com/jobs/8089039?gh_jid=8089039
2026-09-01,RBLX,Roblox,Senior Software Engineer - Content Understanding,Software Engineering,"San Mateo, CA, United States",product_eng,senior,0,15,1,buzz|general_medium|model_infra,269270,https://careers.roblox.com/jobs/8094470?gh_jid=8094470
2026-09-01,RBLX,Roblox,"Senior Software Engineer, Core Engine",Software Engineering,"San Mateo, CA, United States",product_eng,senior,0,1,0,buzz,220020,https://careers.roblox.com/jobs/8160843?gh_jid=8160843
2026-09-01,RBLX,Roblox,Senior Software Engineer - Core Platform and Systems,Software Engineering,"San Mateo, CA, United States",product_eng,senior,0,4,1,application|buzz,220020,https://careers.roblox.com/jobs/8079797?gh_jid=8079797
2026-09-01,RBLX,Roblox,"Senior Software Engineer, Core UI",Software Engineering,"San Mateo, CA, United States",product_eng,senior,0,0,0,,245515,https://careers.roblox.com/jobs/8036724?gh_jid=8036724
2026-09-01,RBLX,Roblox,Senior Software Engineer - Core UX Studio ,Software Engineering,"San Mateo, CA, United States",product_eng,senior,0,1,0,buzz,220020,https://careers.roblox.com/jobs/8079799?gh_jid=8079799
2026-09-01,RBLX,Roblox,Senior Software Engineer - Creator Business,Software Engineering,"San Mateo, CA, United States",product_eng,senior,0,0,0,,220020,https://careers.roblox.com/jobs/8003347?gh_jid=8003347
2026-09-01,RBLX,Roblox,Senior Software Engineer - Data Access,Software Engineering,"San Mateo, CA, United States",product_eng,senior,0,0,0,,269270,https://careers.roblox.com/jobs/7437922?gh_jid=7437922
2026-09-01,RBLX,Roblox,"Senior Software Engineer, Data Infrastructure",Software Engineering,"San Mateo, CA, United States",product_eng,senior,0,7,1,application|buzz,269270,https://careers.roblox.com/jobs/8014486?gh_jid=8014486
2026-09-01,RBLX,Roblox,"Senior Software Engineer, Data Infrastructure",Software Engineering,"San Mateo, CA, United States",product_eng,senior,0,3,1,application,220020,https://careers.roblox.com/jobs/8011273?gh_jid=8011273
2026-09-01,RBLX,Roblox,"Senior Software Engineer - Data Infrastructure, Safety",Software Engineering,"San Mateo, CA, United States",product_eng,senior,0,8,1,application|buzz|data_ml_ops,220020,https://careers.roblox.com/jobs/7852258?gh_jid=7852258
2026-09-01,RBLX,Roblox,"Senior Software Engineer, Engineering Acceleration",Software Engineering,"San Mateo, CA, United States",product_eng,senior,0,1,0,buzz,269270,https://careers.roblox.com/jobs/8047829?gh_jid=8047829
2026-09-01,RBLX,Roblox,"Senior Software Engineer, Engineering Acceleration Foundations ",Software Engineering,"San Mateo, CA, United States",product_eng,senior,0,1,0,buzz,220020,https://careers.roblox.com/jobs/7998339?gh_jid=7998339
2026-09-01,RBLX,Roblox,"Senior Software Engineer, Engine Systems",Software Engineering,"San Mateo, CA, United States",product_eng,senior,0,0,0,,267950,https://careers.roblox.com/jobs/7309267?gh_jid=7309267
2026-09-01,RBLX,Roblox,Senior Software Engineer - Fraud,Software Engineering,"San Mateo, CA, United States",product_eng,senior,0,1,0,buzz,220020,https://careers.roblox.com/jobs/8008607?gh_jid=8008607
2026-09-01,RBLX,Roblox,"Senior Software Engineer, Frontend",Software Engineering,"San Mateo, CA, United States",product_eng,senior,0,0,0,,277535,https://careers.roblox.com/jobs/7472910?gh_jid=7472910
2026-09-01,RBLX,Roblox,"Senior Software Engineer, Game Engine Systems",Software Engineering,"San Mateo, CA, United States",product_eng,senior,0,0,0,,267950,https://careers.roblox.com/jobs/7354277?gh_jid=7354277
2026-09-01,RBLX,Roblox,"Senior Software Engineer, Geometry",Software Engineering,"San Mateo, CA, United States",product_eng,senior,0,0,0,,269270,https://careers.roblox.com/jobs/7998292?gh_jid=7998292
2026-09-01,RBLX,Roblox,"Senior Software Engineer, Geometry",Software Engineering,"Vancouver, British Columbia, Canada",product_eng,senior,0,0,0,,254570,https://careers.roblox.com/jobs/8025023?gh_jid=8025023
2026-09-01,RBLX,Roblox,"Senior Software Engineer, iOS",Software Engineering,"San Mateo, CA, United States",product_eng,senior,0,2,0,buzz,220020,https://careers.roblox.com/jobs/8140563?gh_jid=8140563
2026-09-01,RBLX,Roblox,Senior Software Engineer - Marketplace (Avatar Identity),Software Engineering,"San Mateo, CA, United States",product_eng,senior,0,3,0,buzz|general_medium,218500,https://careers.roblox.com/jobs/7913302?gh_jid=7913302
2026-09-01,RBLX,Roblox,Senior Software Engineer - Marketplace Foundation,Software Engineering,"San Mateo, CA, United States",product_eng,senior,0,0,0,,220020,https://careers.roblox.com/jobs/8142712?gh_jid=8142712
2026-09-01,RBLX,Roblox,"Senior Software Engineer, ML Infra (Communication Safety)",Software Engineering,"San Mateo, CA, United States",product_eng,senior,1,4,0,buzz|general_medium,286635,https://careers.roblox.com/jobs/8073279?gh_jid=8073279
2026-09-01,RBLX,Roblox,Senior Software Engineer - Non-Playable Character Behavior ,Software Engineering,"San Mateo, CA, United States",product_eng,senior,0,11,1,application|buzz|general_medium|model_infra,220020,https://careers.roblox.com/jobs/8016277?gh_jid=8016277
2026-09-01,RBLX,Roblox,Senior Software Engineer - Orchestration ,Software Engineering,"San Mateo, CA, United States",product_eng,senior,0,0,0,,269270,https://careers.roblox.com/jobs/8047831?gh_jid=8047831
2026-09-01,RBLX,Roblox,"Senior Software Engineer, Privacy Infrastructure",Engineering,"San Mateo, CA, United States",product_eng,senior,0,4,1,application|buzz,316730,https://careers.roblox.com/jobs/8127033?gh_jid=8127033
2026-09-01,RBLX,Roblox,Senior Software Engineer - Release ,Software Engineering,"San Mateo, CA, United States",product_eng,senior,0,0,0,,269270,https://careers.roblox.com/jobs/7923586?gh_jid=7923586
2026-09-01,RBLX,Roblox,"Senior Software Engineer, Runtime",Software Engineering,"San Mateo, CA, United States",product_eng,senior,0,1,0,buzz,220020,https://careers.roblox.com/jobs/8097810?gh_jid=8097810
2026-09-01,RBLX,Roblox,"Senior Software Engineer, Safety Foundation",Software Engineering,"San Mateo, CA, United States",product_eng,senior,0,6,1,application|buzz,220020,https://careers.roblox.com/jobs/8017352?gh_jid=8017352
2026-09-01,RBLX,Roblox,"Senior Software Engineer, Service Mesh",Software Engineering,"San Mateo, CA, United States",product_eng,senior,0,0,0,,269270,https://careers.roblox.com/jobs/8015824?gh_jid=8015824
2026-09-01,RBLX,Roblox,Senior Software Engineer - Storage,Software Engineering,"San Mateo, CA, United States",product_eng,senior,0,0,0,,269270,https://careers.roblox.com/jobs/8148394?gh_jid=8148394
2026-09-01,RBLX,Roblox,Senior Software Engineer - Storage Cache,Software Engineering,"San Mateo, CA, United States",product_eng,senior,0,0,0,,269270,https://careers.roblox.com/jobs/7862605?gh_jid=7862605
2026-09-01,RBLX,Roblox,Senior Software Engineer - Studio Tools ,Software Engineering,"San Mateo, CA, United States",product_eng,senior,0,0,0,,220020,https://careers.roblox.com/jobs/8079795?gh_jid=8079795
2026-09-01,RBLX,Roblox,"Senior Software Engineer, UGC Validation",Software Engineering,"San Mateo, CA, United States",product_eng,senior,0,1,0,buzz,220020,https://careers.roblox.com/jobs/7997637?gh_jid=7997637
2026-09-01,RBLX,Roblox,"Senior Technical Program Manager, Human-in-the-Loop Operations",Technical Program Management,"San Mateo, CA, United States",nontech,senior,0,11,1,application|buzz|data_ml_ops|model_infra,251875,https://careers.roblox.com/jobs/8104285?gh_jid=8104285
2026-09-01,RBLX,Roblox,"Senior Threat Investigator, Safety Investigations",Moderation,"San Mateo, CA, United States",other,senior,0,0,0,,169770,https://careers.roblox.com/jobs/8066262?gh_jid=8066262
2026-09-01,RBLX,Roblox,"Software Engineer, Account Authentication",Early Career FT - Engineering,"San Mateo, CA, United States",product_eng,mid,0,3,0,buzz,174935,https://careers.roblox.com/jobs/8097701?gh_jid=8097701
2026-09-01,RBLX,Roblox,"Software Engineer, Communications",Early Career FT - Engineering,"San Mateo, CA, United States",product_eng,mid,0,14,1,application|buzz|data_ml_ops|general_medium,174935,https://careers.roblox.com/jobs/8083944?gh_jid=8083944
2026-09-01,RBLX,Roblox,"Software Engineer, Creator",Early Career FT - Engineering,"San Mateo, CA, United States",product_eng,mid,0,1,0,buzz,174935,https://careers.roblox.com/jobs/8115917?gh_jid=8115917
2026-09-01,RBLX,Roblox,"Software Engineer, Creator Business ",Early Career FT - Engineering,"San Mateo, CA, United States",product_eng,mid,0,0,0,,174935,https://careers.roblox.com/jobs/8113334?gh_jid=8113334
2026-09-01,RBLX,Roblox,"Software Engineer, Creator Studio",Early Career FT - Engineering,"San Mateo, CA, United States",product_eng,mid,0,0,0,,174935,https://careers.roblox.com/jobs/8131689?gh_jid=8131689
2026-09-01,RBLX,Roblox,"Software Engineer, Economy Platform",Early Career FT - Engineering,"San Mateo, CA, United States",product_eng,mid,0,0,0,,174935,https://careers.roblox.com/jobs/8060254?gh_jid=8060254
2026-09-01,RBLX,Roblox,"Software Engineer, Foundation AI",Early Career FT - Engineering,"San Mateo, CA, United States",product_eng,mid,1,7,1,application|buzz,174935,https://careers.roblox.com/jobs/8123004?gh_jid=8123004
2026-09-01,RBLX,Roblox,"Software Engineering Manager, Engine UI",Software Engineering,"San Mateo, CA, United States",product_eng,mid,0,0,0,,318570,https://careers.roblox.com/jobs/7482015?gh_jid=7482015
2026-09-01,RBLX,Roblox,"Software Engineer, User Frameworks",Early Career FT - Engineering,"San Mateo, CA, United States",product_eng,mid,0,1,0,buzz,174935,https://careers.roblox.com/jobs/8080438?gh_jid=8080438
2026-09-01,RBLX,Roblox,"Strategic Financial Analyst, Revenue",Business Operations (BizOps),"San Mateo, CA, United States",other,mid,0,0,0,,151225,https://careers.roblox.com/jobs/8065848?gh_jid=8065848
2026-09-01,RBLX,Roblox,Strategic Sourcing Manager - Technology,Engineering Operations,"San Mateo, CA, United States",other,mid,0,0,0,,176890,https://careers.roblox.com/jobs/8047841?gh_jid=8047841
2026-09-01,RBLX,Roblox,[Summer 2027] Software Engineer Intern,Early Career Internship - Engineering,"San Mateo, CA, United States",product_eng,intern,0,11,1,application|buzz,,https://careers.roblox.com/jobs/8072713?gh_jid=8072713
2026-09-01,RBLX,Roblox,Support Escalations Specialist,Safety Operations (Non-Tech),"Gurugram, Haryana, India",nontech,mid,0,0,0,,,https://careers.roblox.com/jobs/8069997?gh_jid=8069997
2026-09-01,RBLX,Roblox,Support Escalations Specialist,Safety Operations (Non-Tech),"Gurugram, Haryana, India",nontech,mid,0,0,0,,,https://careers.roblox.com/jobs/7886349?gh_jid=7886349
2026-09-01,RBLX,Roblox,Technical Director - AI Roblox Studio,Software Engineering,"San Mateo, CA, United States",other,director,1,15,1,application|buzz|general_medium|model_infra,428695,https://careers.roblox.com/jobs/8046794?gh_jid=8046794
2026-09-01,RBLX,Roblox,"Technical Director, Content Platform",Software Engineering,"San Mateo, CA, United States",other,director,0,0,0,,428695,https://careers.roblox.com/jobs/7754152?gh_jid=7754152
2026-09-01,RBLX,Roblox,"Technical Director, Roblox Studio",Software Engineering,"San Mateo, CA, United States",other,director,0,0,0,,428695,https://careers.roblox.com/jobs/8067424?gh_jid=8067424
2026-09-01,RBLX,Roblox,Technical Sourcer (Short Term),Talent Acquisition,"San Mateo, CA, United States",other,mid,0,0,0,,,https://careers.roblox.com/jobs/8036991?gh_jid=8036991
2026-09-01,RBLX,Roblox,TLM (Tech Lead Manager) - Recommendation Systems (Homepage),Software Engineering,"San Mateo, CA, United States",other,senior,0,1,0,buzz,320145,https://careers.roblox.com/jobs/8123084?gh_jid=8123084
2026-09-01,RBLX,Roblox,User Researcher,User Research,"San Mateo, CA, United States",research,mid,0,0,0,,176245,https://careers.roblox.com/jobs/8070133?gh_jid=8070133
2026-09-01,ABNB,Airbnb,Acquisition Manager,Sales,"Paris, France",other,mid,0,0,0,,,https://careers.airbnb.com/positions/7995199?gh_jid=7995199
2026-09-01,ABNB,Airbnb,Acquisition Manager,Sales,"Berlin, Germany ",other,mid,0,0,0,,,https://careers.airbnb.com/positions/7995153?gh_jid=7995153
2026-09-01,ABNB,Airbnb,"Automation Engineer, Quality Engineering",Software Engineering,Brazil,product_eng,mid,0,4,1,application|buzz,,https://careers.airbnb.com/positions/8154749?gh_jid=8154749
2026-09-01,ABNB,Airbnb,Business Operations and Growth Lead,Strategy & Planning,"Sydney, Australia",nontech,senior,0,1,0,buzz,,https://careers.airbnb.com/positions/7999656?gh_jid=7999656
2026-09-01,ABNB,Airbnb,Business Operations and Growth Lead,Business Operations/Analysis,United States ,nontech,senior,0,1,0,buzz,185500,https://careers.airbnb.com/positions/7834481?gh_jid=7834481
2026-09-01,ABNB,Airbnb,Community & Culture Program Manager,Employee Experience,United States,other,mid,0,1,0,buzz,174500,https://careers.airbnb.com/positions/8144691?gh_jid=8144691
2026-09-01,ABNB,Airbnb,"Community Engagement Lead, Spain and Portugal",Business Operations/Analysis,"Barcelona, Spain",other,senior,0,0,0,,,https://careers.airbnb.com/positions/7982715?gh_jid=7982715
2026-09-01,ABNB,Airbnb,Community Support Forecasting and Demand Planning Analyst,Community Support,United States ,nontech,mid,0,1,0,buzz,189000,https://careers.airbnb.com/positions/7839229?gh_jid=7839229
2026-09-01,ABNB,Airbnb,Compensation Partner,Compensation,"San Francisco, United States",other,mid,0,3,0,buzz,189000,https://careers.airbnb.com/positions/8104102?gh_jid=8104102
2026-09-01,ABNB,Airbnb,Complex Claims Manager,Operations,United States,other,mid,0,0,0,,107500,https://careers.airbnb.com/positions/8153094?gh_jid=8153094
2026-09-01,ABNB,Airbnb,Complex Claims Manager,Operations,Canada,other,mid,0,0,0,,90500,https://careers.airbnb.com/positions/8152131?gh_jid=8152131
2026-09-01,ABNB,Airbnb,"(Contract) Senior Data Scientist, Platform Inference - MarTech DS Measurement",Data Science,United States,product_eng,senior,0,6,1,application|buzz|general_medium,,https://careers.airbnb.com/positions/7732569?gh_jid=7732569
2026-09-01,ABNB,Airbnb,"Data Scientist - Inference, Community Support",Data Science,Remote - USA,product_eng,mid,0,4,0,buzz|general_medium,163000,https://careers.airbnb.com/positions/8031907?gh_jid=8031907
2026-09-01,ABNB,Airbnb,"Engineering Manager, Community Support Engineering",Software Engineering,China,product_eng,mid,0,2,0,buzz,,https://careers.airbnb.com/positions/7760914?gh_jid=7760914
2026-09-01,ABNB,Airbnb,"Engineering Manager, Guest & Host",Software Engineering,"London, United Kingdom",product_eng,mid,0,1,0,buzz,,https://careers.airbnb.com/positions/7532824?gh_jid=7532824
2026-09-01,ABNB,Airbnb,Gestionnaire des réclamations complexes,Operations,Canada,other,mid,0,0,0,,90500,https://careers.airbnb.com/positions/8152132?gh_jid=8152132
2026-09-01,ABNB,Airbnb,"Gestionnaire, Qualité, AirCover ",Community Support,Canada,other,mid,0,1,0,buzz,144000,https://careers.airbnb.com/positions/8164421?gh_jid=8164421
2026-09-01,ABNB,Airbnb,"Gestionnaire, Soutien Premium",Community Support,Canada,other,mid,0,0,0,,105500,https://careers.airbnb.com/positions/7862110?gh_jid=7862110
2026-09-01,ABNB,Airbnb,Global Community Programs Lead,Community,United States ,other,senior,0,1,0,buzz,175500,https://careers.airbnb.com/positions/8157013?gh_jid=8157013
2026-09-01,ABNB,Airbnb,Global Law Enforcement Operations Enablement Manager,Trust and Safety,United States/Ireland,nontech,mid,0,0,0,,135000,https://careers.airbnb.com/positions/8055459?gh_jid=8055459
2026-09-01,ABNB,Airbnb,"Growth Marketing Lead, Japan ",Marketing,"Tokyo, Japan",nontech,senior,0,0,0,,,https://careers.airbnb.com/positions/7590542?gh_jid=7590542
2026-09-01,ABNB,Airbnb,"Growth Marketing Lead, SEM",Marketing,United States,nontech,senior,0,1,0,buzz,180000,https://careers.airbnb.com/positions/8070656?gh_jid=8070656
2026-09-01,ABNB,Airbnb,"Lead, Advanced Analytics, Acquisition",Analytics,United States,other,senior,0,1,0,buzz,177500,https://careers.airbnb.com/positions/7948314?gh_jid=7948314
2026-09-01,ABNB,Airbnb,"Lead, Advanced Analytics, Community Support",Analytics,United States,nontech,senior,0,3,0,buzz|general_medium,177500,https://careers.airbnb.com/positions/8125981?gh_jid=8125981
2026-09-01,ABNB,Airbnb,"Lead - Advanced Analytics, Gurgaon",Analytics,"Gurugram, India",other,senior,0,14,1,application|buzz|general_medium,,https://careers.airbnb.com/positions/8009372?gh_jid=8009372
2026-09-01,ABNB,Airbnb,"Lead, Advanced Analytics, Hosting Services (Brazil) ",Analytics,Brazil ,other,senior,0,9,1,application|buzz|general_medium,,https://careers.airbnb.com/positions/7964249?gh_jid=7964249
2026-09-01,ABNB,Airbnb,"Lead, Advanced Analytics, Hosting Services (Mexico)",Analytics,Mexico,other,senior,0,9,1,application|buzz|general_medium,112500,https://careers.airbnb.com/positions/7964205?gh_jid=7964205
2026-09-01,ABNB,Airbnb,"Lead, Advanced Analytics, Payments",Analytics,United States,other,senior,0,4,0,buzz|general_medium,177500,https://careers.airbnb.com/positions/7967712?gh_jid=7967712
2026-09-01,ABNB,Airbnb,Lead Localization Operations Program Manager,Program Management,United States ,nontech,senior,0,4,1,application|buzz,189000,https://careers.airbnb.com/positions/8120458?gh_jid=8120458
2026-09-01,ABNB,Airbnb,"Machine Learning Engineer, Customer Support Engineering",Software Engineering,China,product_eng,mid,1,16,1,application|buzz|model_infra,,https://careers.airbnb.com/positions/7716341?gh_jid=7716341
2026-09-01,ABNB,Airbnb,"Manager, Engineering - Payments",Software Engineering,USA - Remote,product_eng,mid,0,0,0,,238500,https://careers.airbnb.com/positions/8044558?gh_jid=8044558
2026-09-01,ABNB,Airbnb,"Manager, Machine Learning, Customer Support Engineering ",Software Engineering,China,product_eng,mid,1,8,1,application|buzz|general_medium,,https://careers.airbnb.com/positions/7672101?gh_jid=7672101
2026-09-01,ABNB,Airbnb,"Manager, Premium Support",Community Support,Canada,nontech,mid,0,0,0,,105500,https://careers.airbnb.com/positions/7862109?gh_jid=7862109
2026-09-01,ABNB,Airbnb,"Manager, Premium Support (French/English)",Community Support,Ireland,nontech,mid,0,0,0,,,https://careers.airbnb.com/positions/8071424?gh_jid=8071424
2026-09-01,ABNB,Airbnb,"Manager, Public Policy, Southeast & Gulf",Public Policy,"New Orleans or Baton Rouge, Louisiana, United States, Atlanta, Georgia, United States",other,mid,0,0,0,,165500,https://careers.airbnb.com/positions/8160860?gh_jid=8160860
2026-09-01,ABNB,Airbnb,"Manager, Quality, AirCover",Community Support,Canada,other,mid,0,1,0,buzz,144000,https://careers.airbnb.com/positions/8114339?gh_jid=8114339
2026-09-01,ABNB,Airbnb,Market Associate,Business Development,"New York, United States, New Jersey, United States, Massachusetts, United States, Pennsylvania, United States, Virginia, United States, Maryland, United States",other,mid,0,0,0,,95500,https://careers.airbnb.com/positions/8128736?gh_jid=8128736
2026-09-01,ABNB,Airbnb,Market Manager,Business Development,"Alberta, Canada, British Columbia, Canada",other,mid,0,0,0,,99000,https://careers.airbnb.com/positions/8129510?gh_jid=8129510
2026-09-01,ABNB,Airbnb,Market Manager,Business Development,"Sao Paulo, Brazil",other,mid,0,0,0,,,https://careers.airbnb.com/positions/8131269?gh_jid=8131269
2026-09-01,ABNB,Airbnb,Market Manager,Business Development,Mexico,other,mid,0,0,0,,67500,https://careers.airbnb.com/positions/8131310?gh_jid=8131310
2026-09-01,ABNB,Airbnb,Market Manager,Business Development,"Ohio, United States, Indiana, United States, Kentucky, United States, Illinois, United States",other,mid,0,0,0,,117000,https://careers.airbnb.com/positions/8129503?gh_jid=8129503
2026-09-01,ABNB,Airbnb,Market Manager,Sales,"Paris, France",other,mid,0,0,0,,,https://careers.airbnb.com/positions/8043473?gh_jid=8043473
2026-09-01,ABNB,Airbnb,Market Manager,Business Development,"San Diego, United States ",other,mid,0,0,0,,117000,https://careers.airbnb.com/positions/8134685?gh_jid=8134685
2026-09-01,ABNB,Airbnb,Market Manager,Business Development,"Ontario, Canada",other,mid,0,0,0,,99000,https://careers.airbnb.com/positions/8129515?gh_jid=8129515
2026-09-01,ABNB,Airbnb,Market Manager ,Sales,"Berlin, Germany",other,mid,0,0,0,,,https://careers.airbnb.com/positions/7960390?gh_jid=7960390
2026-09-01,ABNB,Airbnb,"Market Manager, Australia",Business Development,"Sydney, Australia",other,mid,0,0,0,,,https://careers.airbnb.com/positions/8140993?gh_jid=8140993
2026-09-01,ABNB,Airbnb,Market Manager - Vacation Rental,Business Development,"Tokyo, Japan",other,mid,0,0,0,,,https://careers.airbnb.com/positions/8000413?gh_jid=8000413
2026-09-01,ABNB,Airbnb,"Office Manager, Gurugram ",Administrative,"Gurugram, India",nontech,mid,0,0,0,,,https://careers.airbnb.com/positions/8041080?gh_jid=8041080
2026-09-01,ABNB,Airbnb,"Office Manager, Mexico City",Administrative,"Mexico City, Mexico",nontech,mid,0,0,0,,58500,https://careers.airbnb.com/positions/8038161?gh_jid=8038161
2026-09-01,ABNB,Airbnb,"Payments Partnerships Manager, Host Payouts",Partnerships,United States ,other,mid,0,0,0,,189000,https://careers.airbnb.com/positions/8075714?gh_jid=8075714
2026-09-01,ABNB,Airbnb,"Policy Manager, Korea",Public Policy,"Seoul, South Korea",other,mid,0,0,0,,,https://careers.airbnb.com/positions/7859539?gh_jid=7859539
2026-09-01,ABNB,Airbnb,Principal Machine Learning Engineer- LLM Fine-tuning and Optimization ,Software Engineering,United States,product_eng,staff_principal,1,32,1,application|buzz|data_ml_ops|general_medium|model_infra,328500,https://careers.airbnb.com/positions/7955579?gh_jid=7955579
2026-09-01,ABNB,Airbnb,"Principal, Strategic Finance, Community Support",Financial Planning and Analysis,United States ,nontech,staff_principal,0,1,0,buzz,187000,https://careers.airbnb.com/positions/7759059?gh_jid=7759059
2026-09-01,ABNB,Airbnb,Process Risk and Compliance Operations Manager,Community Support,United States ,nontech,mid,0,1,0,buzz,174500,https://careers.airbnb.com/positions/8003178?gh_jid=8003178
2026-09-01,ABNB,Airbnb,"Product Manager, Identity",Product Management,United States,product_eng,mid,0,0,0,,220000,https://careers.airbnb.com/positions/8055637?gh_jid=8055637
2026-09-01,ABNB,Airbnb,"Product Manager, Incubations",Product Management,"San Francisco, CA, New York, NY",product_eng,mid,0,1,0,buzz,257000,https://careers.airbnb.com/positions/8044715?gh_jid=8044715
2026-09-01,ABNB,Airbnb,"Product Manager, People to Meet",Product Management,"San Francisco, CA, Seattle, WA, New York, NY",product_eng,mid,0,0,0,,220000,https://careers.airbnb.com/positions/8112204?gh_jid=8112204
2026-09-01,ABNB,Airbnb,"Product Manager, Pricing",Product Management,United States,product_eng,mid,0,0,0,,220000,https://careers.airbnb.com/positions/8096359?gh_jid=8096359
2026-09-01,ABNB,Airbnb,"Product Manager, Relevance and Personalization",Product Management,"San Francisco, United States",product_eng,mid,0,9,1,application|buzz|model_infra,257000,https://careers.airbnb.com/positions/7905365?gh_jid=7905365
2026-09-01,ABNB,Airbnb,"Product Manager, Search",Product Management,"San Francisco, United States",product_eng,mid,0,10,1,application|buzz|general_medium,257000,https://careers.airbnb.com/positions/8104444?gh_jid=8104444
2026-09-01,ABNB,Airbnb,"Product Manager, Services",Product Management,"San Francisco, CA, Seattle WA, New York, NY",product_eng,mid,0,1,0,buzz,257000,https://careers.airbnb.com/positions/8081925?gh_jid=8081925
2026-09-01,ABNB,Airbnb,"Product Program Manager, Roadmap Planning & Program Management",Financial Planning and Analysis,"San Francisco, United States ",other,mid,0,0,0,,201000,https://careers.airbnb.com/positions/8094412?gh_jid=8094412
2026-09-01,ABNB,Airbnb,"Program Manager, Community Support",Program Management,United States,nontech,mid,0,0,0,,174500,https://careers.airbnb.com/positions/7944540?gh_jid=7944540
2026-09-01,ABNB,Airbnb,"Programs Operations Lead, Growth Levers",Operations,"San Francisco, California, United States ",nontech,senior,0,0,0,,174500,https://careers.airbnb.com/positions/8103590?gh_jid=8103590
2026-09-01,ABNB,Airbnb,"Regional Operations Manager, Premium Support",Community Support,Canada,nontech,mid,0,0,0,,129500,https://careers.airbnb.com/positions/8110189?gh_jid=8110189
2026-09-01,ABNB,Airbnb,"Responsable des opérations régionales, Support Premium",Community Support,Canada,nontech,mid,0,0,0,,129500,https://careers.airbnb.com/positions/8110190?gh_jid=8110190
2026-09-01,ABNB,Airbnb,Safety Specialist,Community Support,Korea,other,mid,0,0,0,,,https://careers.airbnb.com/positions/7964996?gh_jid=7964996
2026-09-01,ABNB,Airbnb,Safety Specialist,Community Support,Japan,other,mid,0,0,0,,,https://careers.airbnb.com/positions/7870802?gh_jid=7870802
2026-09-01,ABNB,Airbnb,Sales Operations Lead,Sales,United States ,nontech,senior,0,1,0,buzz,185500,https://careers.airbnb.com/positions/8155005?gh_jid=8155005
2026-09-01,ABNB,Airbnb,"Senior Account Executive, Hotels (Milan-based)",Sales,"Milan, Italy",demand_validated,senior,0,0,0,,,https://careers.airbnb.com/positions/8046210?gh_jid=8046210
2026-09-01,ABNB,Airbnb,"Senior Business Solutions Engineer, BizTech(LegalTech)",Engineering & Technology,"Bangalore, India",demand_validated,senior,0,14,1,application|buzz,,https://careers.airbnb.com/positions/8053132?gh_jid=8053132
2026-09-01,ABNB,Airbnb,"Senior Connectivity Partner Manager, Bangkok (SEA/IN)",Sales & Partnerships,"Bangkok, Thailand",other,senior,0,0,0,,,https://careers.airbnb.com/positions/8141377?gh_jid=8141377
2026-09-01,ABNB,Airbnb,"Senior Counsel, Litigation",Legal,"California, United States ",nontech,senior,0,0,0,,234000,https://careers.airbnb.com/positions/8142807?gh_jid=8142807
2026-09-01,ABNB,Airbnb,"Senior Data Scientist, Guest & Host",Data Science,Remote,product_eng,senior,0,4,0,buzz|general_medium,194500,https://careers.airbnb.com/positions/7662244?gh_jid=7662244
2026-09-01,ABNB,Airbnb,Senior Data Scientist - Payments (Inference),Data Science,Remote - USA,product_eng,senior,0,12,1,application|buzz|general_medium,194500,https://careers.airbnb.com/positions/8123037?gh_jid=8123037
2026-09-01,ABNB,Airbnb,"Senior Data Scientist, Trust (Inference)",Data Science,Remote - USA,product_eng,senior,0,3,0,buzz|general_medium,194500,https://careers.airbnb.com/positions/8059216?gh_jid=8059216
2026-09-01,ABNB,Airbnb,"Senior Engineering Manager, Media Foundation",Software Engineering,United States,product_eng,senior,0,1,0,buzz,279000,https://careers.airbnb.com/positions/7968034?gh_jid=7968034
2026-09-01,ABNB,Airbnb,"Senior Host Development Lead, Education",Community,"San Francisco, United States ",other,senior,0,5,1,application|buzz,175500,https://careers.airbnb.com/positions/8142636?gh_jid=8142636
2026-09-01,ABNB,Airbnb,Senior Key Accounts Manager,Sales,"Paris, France, Barcelona, Spain",other,senior,0,0,0,,,https://careers.airbnb.com/positions/7916840?gh_jid=7916840
2026-09-01,ABNB,Airbnb,"Senior Machine Learning Engineer, Customer Support Engineering",Software Engineering,China,product_eng,senior,1,16,1,application|buzz|model_infra,,https://careers.airbnb.com/positions/7975743?gh_jid=7975743
2026-09-01,ABNB,Airbnb,"Senior Machine Learning Engineer, Customer Support Engineering",Software Engineering,Remote-USA,product_eng,senior,1,34,1,application|buzz|data_ml_ops|model_infra,211500,https://careers.airbnb.com/positions/8014904?gh_jid=8014904
2026-09-01,ABNB,Airbnb," Senior Machine Learning Engineer, Payments",Software Engineering,Remote-USA,product_eng,senior,1,26,1,application|buzz|data_ml_ops|general_medium|model_infra,207000,https://careers.airbnb.com/positions/7755758?gh_jid=7755758
2026-09-01,ABNB,Airbnb,"Senior Machine Learning Engineer, Relevance and Personalization (Query Intelligence)",Engineering & Technology,United States,product_eng,senior,1,28,1,application|buzz|general_medium|model_infra,217500,https://careers.airbnb.com/positions/8065789?gh_jid=8065789
2026-09-01,ABNB,Airbnb,"Senior Machine Learning Engineer, Trust",Software Engineering,"San Francisco, CA",product_eng,senior,1,30,1,application|buzz|data_ml_ops|general_medium|model_infra,217500,https://careers.airbnb.com/positions/8130355?gh_jid=8130355
2026-09-01,ABNB,Airbnb,"Senior Manager, Field Operations",Sales,"Mexico City, Mexico",nontech,senior,0,0,0,,214583,https://careers.airbnb.com/positions/8044801?gh_jid=8044801
2026-09-01,ABNB,Airbnb,"Senior Manager, Machine Learning Engineering - Communication & Connectivity",Software Engineering,Remote - US,product_eng,senior,1,5,0,buzz|general_medium,279000,https://careers.airbnb.com/positions/8070121?gh_jid=8070121
2026-09-01,ABNB,Airbnb,"Senior Manager, Quality, Specialty",Community Support,United States ,other,senior,0,1,0,buzz,213500,https://careers.airbnb.com/positions/8114342?gh_jid=8114342
2026-09-01,ABNB,Airbnb,"Senior Manager, Scaled Operations, FSI",Trust and Safety,United States ,nontech,senior,0,1,0,buzz,213500,https://careers.airbnb.com/positions/8143116?gh_jid=8143116
2026-09-01,ABNB,Airbnb,"Senior Manager, Supply Enablement",Sales,United States ,nontech,senior,0,2,0,buzz,213500,https://careers.airbnb.com/positions/8125873?gh_jid=8125873
2026-09-01,ABNB,Airbnb,"Senior Manager, Technical Program Management (Search & AI Foundations)",Technical Program Management,United States,other,senior,1,11,1,application|buzz|data_ml_ops|general_medium,257000,https://careers.airbnb.com/positions/8077683?gh_jid=8077683
2026-09-01,ABNB,Airbnb,"Senior Marketing Manager, France, Benelux & EMEA",Marketing,United Kingdom,nontech,senior,0,0,0,,,https://careers.airbnb.com/positions/8163965?gh_jid=8163965
2026-09-01,ABNB,Airbnb,Senior Market Manager,Business Development,"Sao Paulo, Brazil",other,senior,0,0,0,,,https://careers.airbnb.com/positions/8138055?gh_jid=8138055
2026-09-01,ABNB,Airbnb,"Senior Market Manager, Hotels",Business Development,"Sydney, Australia",other,senior,0,0,0,,,https://careers.airbnb.com/positions/7587869?gh_jid=7587869
2026-09-01,ABNB,Airbnb,"Senior Market Manager, Vietnamese Speaking (Bangkok Based) ",Sales & Partnerships,Vietnam,other,senior,0,0,0,,,https://careers.airbnb.com/positions/8167204?gh_jid=8167204
2026-09-01,ABNB,Airbnb,"Senior Market Manager, Vietnamese Speaking (Bangkok Based) ",Sales & Partnerships,"Bangkok, Thailand",other,senior,0,0,0,,,https://careers.airbnb.com/positions/8141266?gh_jid=8141266
2026-09-01,ABNB,Airbnb,"Senior Platform Manager, Data Products, Finance Accounting",Product Management,United States,nontech,senior,0,1,0,buzz,193000,https://careers.airbnb.com/positions/8070705?gh_jid=8070705
2026-09-01,ABNB,Airbnb,"Senior Platform Manager, Payment Platform Accounts",Product Management,United States ,other,senior,0,1,0,buzz,193000,https://careers.airbnb.com/positions/8082863?gh_jid=8082863
2026-09-01,ABNB,Airbnb,"Senior Platform Manager, Trust and Safety",Product Management,United States ,other,senior,0,3,0,buzz|general_medium,193000,https://careers.airbnb.com/positions/8029984?gh_jid=8029984
2026-09-01,ABNB,Airbnb,"Senior Principal, Competitive Intelligence",Financial Planning and Analysis,United States ,other,staff_principal,0,1,0,buzz,224500,https://careers.airbnb.com/positions/8053756?gh_jid=8053756
2026-09-01,ABNB,Airbnb,"Senior Principal, Marketing Strategic Finance & Analytics",Financial Planning and Analysis,United States ,nontech,staff_principal,0,0,0,,224500,https://careers.airbnb.com/positions/7947164?gh_jid=7947164
2026-09-01,ABNB,Airbnb,"Senior Product Program Manager, Roadmap Planning & Program Management ",Financial Planning and Analysis,"San Francisco, United States ",other,senior,0,0,0,,238500,https://careers.airbnb.com/positions/8094462?gh_jid=8094462
2026-09-01,ABNB,Airbnb,Senior Programs & Business Operations Lead,Business Operations/Analysis,United States ,nontech,senior,0,0,0,,226500,https://careers.airbnb.com/positions/8163221?gh_jid=8163221
2026-09-01,ABNB,Airbnb,"Senior Regulatory Operations Manager, Cities",Business Operations/Analysis,United States ,nontech,senior,0,0,0,,151000,https://careers.airbnb.com/positions/7944595?gh_jid=7944595
2026-09-01,ABNB,Airbnb,"Senior Social Content Operations Manager, China",Operations,China,nontech,senior,0,0,0,,,https://careers.airbnb.com/positions/8078406?gh_jid=8078406
2026-09-01,ABNB,Airbnb,"Senior Software Engineer, Community Support Engineering (Frontend)",Software Engineering,United States,product_eng,senior,0,3,0,buzz,207500,https://careers.airbnb.com/positions/8138069?gh_jid=8138069
2026-09-01,ABNB,Airbnb,"Senior Software Engineer, Payments Platform ",Software Engineering,"Remote, USA",product_eng,senior,0,0,0,,,https://careers.airbnb.com/positions/8138002?gh_jid=8138002
2026-09-01,ABNB,Airbnb,"Senior Software Engineer, Reliability Engineering Team",Software Engineering,Brazil,product_eng,senior,0,0,0,,,https://careers.airbnb.com/positions/8026696?gh_jid=8026696
2026-09-01,ABNB,Airbnb,"Senior Software Engineer, Service Tools   ",Software Engineering,Brazil,product_eng,senior,0,1,0,buzz,,https://careers.airbnb.com/positions/8024057?gh_jid=8024057
2026-09-01,ABNB,Airbnb,"Senior Specialist, Premium Support",Community Support,Canada,nontech,senior,0,0,0,,85500,https://careers.airbnb.com/positions/8107160?gh_jid=8107160
2026-09-01,ABNB,Airbnb,"Senior Specialist, Premium Support (English/Spanish)",Community Support,"Nevada, United States ",nontech,senior,0,0,0,,89000,https://careers.airbnb.com/positions/8132178?gh_jid=8132178
2026-09-01,ABNB,Airbnb,"Senior Specialist, Premium Support (Portuguese/English)",Community Support,Canada,nontech,senior,0,0,0,,85500,https://careers.airbnb.com/positions/8091849?gh_jid=8091849
2026-09-01,ABNB,Airbnb,Senior Staff Data Engineer - Data Stewardship,Software Engineering,United States,product_eng,staff_principal,0,1,0,buzz,279000,https://careers.airbnb.com/positions/7998356?gh_jid=7998356
2026-09-01,ABNB,Airbnb,"Senior Staff Data Scientist, Guest & Host Marketplace AI",Data Science,Remote,product_eng,staff_principal,1,6,1,application|buzz|general_medium,252000,https://careers.airbnb.com/positions/7107054?gh_jid=7107054
2026-09-01,ABNB,Airbnb,"Senior Staff Machine Learning Engineer, Data & Eval",Software Engineering,United States,product_eng,staff_principal,1,15,1,application|buzz|data_ml_ops|model_infra,274500,https://careers.airbnb.com/positions/6757302?gh_jid=6757302
2026-09-01,ABNB,Airbnb,"Senior Staff Machine Learning Engineer, Growth Platform Engineering",Software Engineering,Remote - USA,product_eng,staff_principal,1,25,1,application|buzz|data_ml_ops|general_medium|model_infra,274500,https://careers.airbnb.com/positions/7747259?gh_jid=7747259
2026-09-01,ABNB,Airbnb,"Senior Staff Machine Learning Engineer, Guest & Host",Software Engineering,Remote - USA,product_eng,staff_principal,1,10,1,application|buzz|general_medium,274500,https://careers.airbnb.com/positions/7005605?gh_jid=7005605
2026-09-01,ABNB,Airbnb,"Senior Staff Machine Learning Engineer, Post Training",Software Engineering,Remote - USA,product_eng,staff_principal,1,32,1,application|buzz|data_ml_ops|general_medium|model_infra,279000,https://careers.airbnb.com/positions/7858738?gh_jid=7858738
2026-09-01,ABNB,Airbnb,"Senior Staff Machine Learning Engineer, Trust",Software Engineering,Remote - USA,product_eng,staff_principal,1,23,1,application|buzz|general_medium|model_infra,274500,https://careers.airbnb.com/positions/7592146?gh_jid=7592146
2026-09-01,ABNB,Airbnb,"Senior Staff Software Engineer, Host Pricing & Settings",Software Engineering,Remote - USA,product_eng,staff_principal,0,4,0,data_ml_ops|general_medium,,https://careers.airbnb.com/positions/8039723?gh_jid=8039723
2026-09-01,ABNB,Airbnb,"Senior Staff Software Engineer, Marketing Technology",Software Engineering,"Remote, USA",product_eng,staff_principal,0,4,1,application|buzz,279000,https://careers.airbnb.com/positions/8095365?gh_jid=8095365
2026-09-01,ABNB,Airbnb,"Senior Staff Software Engineer, Payments",Software Engineering,"Remote - Bangalore, India",product_eng,staff_principal,0,1,0,buzz,,https://careers.airbnb.com/positions/7525479?gh_jid=7525479
2026-09-01,ABNB,Airbnb,"Senior Staff Software Engineer, Payments",Software Engineering,"Remote, USA",product_eng,staff_principal,0,0,0,,274500,https://careers.airbnb.com/positions/7688467?gh_jid=7688467
2026-09-01,ABNB,Airbnb,"Senior Staff UX Writer, International",Design,"London, United Kingdom",other,intern,0,0,0,,,https://careers.airbnb.com/positions/8007402?gh_jid=8007402
2026-09-01,ABNB,Airbnb,"Senior Web Automation Engineer, Quality Platform",Software Engineering,Brazil,product_eng,senior,0,1,0,buzz,,https://careers.airbnb.com/positions/7863467?gh_jid=7863467
2026-09-01,ABNB,Airbnb,Spécialiste au Support Premium,Community Support,Canada,nontech,mid,0,0,0,,60500,https://careers.airbnb.com/positions/7230257?gh_jid=7230257
2026-09-01,ABNB,Airbnb,Spécialiste au Support Premium,Community Support,Canada,nontech,mid,0,0,0,,61000,https://careers.airbnb.com/positions/8080767?gh_jid=8080767
2026-09-01,ABNB,Airbnb,"Spécialiste principal(e), Soutien Premium",Community Support,Canada,other,staff_principal,0,0,0,,85500,https://careers.airbnb.com/positions/8107161?gh_jid=8107161
2026-09-01,ABNB,Airbnb,"Spécialiste, Sécurité",Community Support,Canada,other,mid,0,0,0,,63000,https://careers.airbnb.com/positions/7417294?gh_jid=7417294
2026-09-01,ABNB,Airbnb,"Specialist, Premium Support",Community Support,Canada,nontech,mid,0,0,0,,61000,https://careers.airbnb.com/positions/8080766?gh_jid=8080766
2026-09-01,ABNB,Airbnb,"Specialist, Premium Support",Community Support,Canada,nontech,mid,0,0,0,,60500,https://careers.airbnb.com/positions/6852954?gh_jid=6852954
2026-09-01,ABNB,Airbnb,"Specialist, Premium Support (French/English)",Community Support,Ireland,nontech,mid,0,0,0,,,https://careers.airbnb.com/positions/7946318?gh_jid=7946318
2026-09-01,ABNB,Airbnb,"Specialist, Safety",Community Support,Canada,other,mid,0,0,0,,63000,https://careers.airbnb.com/positions/7417293?gh_jid=7417293
2026-09-01,ABNB,Airbnb,Sr Social Measurement Lead,Marketing,"San Francisco, CA",other,senior,0,1,0,buzz,213500,https://careers.airbnb.com/positions/8042783?gh_jid=8042783
2026-09-01,ABNB,Airbnb,"Staff Advanced Analyst, Guest Engagement",Analytics,United States,other,staff_principal,0,0,0,,200500,https://careers.airbnb.com/positions/7927588?gh_jid=7927588
2026-09-01,ABNB,Airbnb,"Staff Advanced Analytics, Guest Product",Analytics,United States,other,staff_principal,0,1,0,buzz,200500,https://careers.airbnb.com/positions/7943874?gh_jid=7943874
2026-09-01,ABNB,Airbnb,"Staff Analyst, Advanced Analytics, Payments",Analytics,United States,other,staff_principal,0,6,0,buzz|general_medium,200500,https://careers.airbnb.com/positions/8003341?gh_jid=8003341
2026-09-01,ABNB,Airbnb,Staff Backend Engineer - Ads Platform,Software Engineering,Remote - USA,product_eng,staff_principal,0,5,1,application|buzz,238500,https://careers.airbnb.com/positions/8074897?gh_jid=8074897
2026-09-01,ABNB,Airbnb,"Staff Backend Engineer, Host Pricing & Availability",Software Engineering,Remote - USA,product_eng,staff_principal,0,0,0,,238500,https://careers.airbnb.com/positions/8078019?gh_jid=8078019
2026-09-01,ABNB,Airbnb,"Staff Experience Designer, International",Design,Singapore,product_eng,intern,0,1,0,buzz,,https://careers.airbnb.com/positions/8121074?gh_jid=8121074
2026-09-01,ABNB,Airbnb,"Staff Machine Learning Engineer, Community Support Engineering",Software Engineering,"San Francisco, CA",product_eng,staff_principal,1,16,1,application|buzz|model_infra,236000,https://careers.airbnb.com/positions/8024316?gh_jid=8024316
2026-09-01,ABNB,Airbnb,"Staff Machine Learning Engineer, Customer Support Engineering",Software Engineering,China,product_eng,staff_principal,1,18,1,application|buzz|general_medium|model_infra,,https://careers.airbnb.com/positions/7693033?gh_jid=7693033
2026-09-01,ABNB,Airbnb,"Staff Machine Learning Engineer, Traffic Intelligence",Software Engineering,United States,product_eng,staff_principal,1,12,1,application|buzz|data_ml_ops|general_medium,238500,https://careers.airbnb.com/positions/8129371?gh_jid=8129371
2026-09-01,ABNB,Airbnb," Staff Platform Manager, AI Personalization",Product Management,United States,other,staff_principal,1,7,1,application|buzz,220000,https://careers.airbnb.com/positions/7834495?gh_jid=7834495
2026-09-01,ABNB,Airbnb,"Staff Platform Manager, Airfam Products",Product Management,United States,other,staff_principal,0,2,0,buzz,220000,https://careers.airbnb.com/positions/8077226?gh_jid=8077226
2026-09-01,ABNB,Airbnb,"Staff Platform Manager, Conversational Products",Product Management,United States ,other,staff_principal,0,17,1,application|buzz,220000,https://careers.airbnb.com/positions/8136554?gh_jid=8136554
2026-09-01,ABNB,Airbnb,"Staff Platform Manager, Loyalty Platform Lead (Product Management)",Product Management,"Bangalore, India",other,staff_principal,0,1,0,buzz,,https://careers.airbnb.com/positions/8091831?gh_jid=8091831
2026-09-01,ABNB,Airbnb,"Staff Platform Manager, Payments Regional Growth",Product Management,Brazil,other,staff_principal,0,0,0,,,https://careers.airbnb.com/positions/8120611?gh_jid=8120611
2026-09-01,ABNB,Airbnb,"Staff Platform Manager, Payments Regional Growth",Product Management,Mexico,other,staff_principal,0,0,0,,172500,https://careers.airbnb.com/positions/8120721?gh_jid=8120721
2026-09-01,ABNB,Airbnb,"Staff Program Manager, Technical Education",Technical Program Management,"San Francisco, California, United States",other,staff_principal,0,2,0,buzz,172750,https://careers.airbnb.com/positions/7698061?gh_jid=7698061
2026-09-01,ABNB,Airbnb,"Staff Software Engineer, Communication & Connectivity",Software Engineering,United States,product_eng,staff_principal,0,12,1,application|buzz|data_ml_ops|general_medium,229500,https://careers.airbnb.com/positions/7421419?gh_jid=7421419
2026-09-01,ABNB,Airbnb,"Staff Software Engineer, Community Support Engineering",Software Engineering,Remote - USA,product_eng,staff_principal,0,14,1,application|buzz|model_infra,229500,https://careers.airbnb.com/positions/7463421?gh_jid=7463421
2026-09-01,ABNB,Airbnb,"Staff Software Engineer, Community Support Engineering",Software Engineering,China,product_eng,staff_principal,0,3,1,application,,https://careers.airbnb.com/positions/6448191?gh_jid=6448191
2026-09-01,ABNB,Airbnb,"Staff Software Engineer, Infrastructure",Software Engineering,United States,product_eng,staff_principal,0,0,0,,229500,https://careers.airbnb.com/positions/7702714?gh_jid=7702714
2026-09-01,ABNB,Airbnb,"Staff Software Engineer, Infrastructure",Software Engineering,United States,product_eng,staff_principal,0,0,0,,238500,https://careers.airbnb.com/positions/8029497?gh_jid=8029497
2026-09-01,ABNB,Airbnb,"Staff Software Engineer, Passport & Commerce (Backend)",Software Engineering,United States,product_eng,staff_principal,0,0,0,,238500,https://careers.airbnb.com/positions/8130817?gh_jid=8130817
2026-09-01,ABNB,Airbnb,"Staff Software Engineer, Payments Compliance",Software Engineering,Remote - US,product_eng,staff_principal,0,0,0,,238500,https://careers.airbnb.com/positions/8130787?gh_jid=8130787
2026-09-01,ABNB,Airbnb,"Staff Software Engineer, Service Tools",Software Engineering,USA,product_eng,staff_principal,0,4,1,application|buzz,238500,https://careers.airbnb.com/positions/8154739?gh_jid=8154739
2026-09-01,ABNB,Airbnb,"Staff Software Engineer, Unified Data Store",Software Engineering,Brazil,product_eng,staff_principal,0,1,0,buzz,,https://careers.airbnb.com/positions/7867435?gh_jid=7867435
2026-09-01,ABNB,Airbnb,"Staff UX Researcher, Incubations (Mixed Methods)",Design & Research,United States,research,staff_principal,0,1,0,buzz,202000,https://careers.airbnb.com/positions/8112572?gh_jid=8112572
2026-09-01,ABNB,Airbnb,"Staff UX Researcher, Payments Growth (Mixed Methods)",Design & Research,United States,research,staff_principal,0,0,0,,202000,https://careers.airbnb.com/positions/8113284?gh_jid=8113284
2026-09-01,ABNB,Airbnb,"Staff Web Automation Engineer, Quality Engineering",Software Engineering,Brazil - Remote,product_eng,staff_principal,0,1,0,buzz,,https://careers.airbnb.com/positions/7380185?gh_jid=7380185
2026-09-01,ABNB,Airbnb,"Strategic Sourcing, Manager - Engineering & Infrastructure",Financial Planning and Analysis,United States ,product_eng,mid,0,1,0,buzz,139000,https://careers.airbnb.com/positions/7736738?gh_jid=7736738
2026-09-01,ABNB,Airbnb,"Superviseur (-e), Soutien Premium Bilingue (français/anglais)",Community Support,Canada,other,mid,0,0,0,,86500,https://careers.airbnb.com/positions/8080626?gh_jid=8080626
2026-09-01,ABNB,Airbnb,"Supervisor, Community Support",Community Support,"Gurugram, India",nontech,mid,0,0,0,,,https://careers.airbnb.com/positions/8090493?gh_jid=8090493
2026-09-01,ABNB,Airbnb,"Supervisor, Hosting",Operations,"Gurugram, India",other,mid,0,1,0,buzz,,https://careers.airbnb.com/positions/8015149?gh_jid=8015149
2026-09-01,ABNB,Airbnb,"Supervisor, Premium Support (French/English)",Community Support,Canada,nontech,mid,0,0,0,,86500,https://careers.airbnb.com/positions/8080625?gh_jid=8080625
2026-09-01,ABNB,Airbnb,"Supply Category Lead, Airbnb Services ",Business Operations/Analysis,United States ,other,senior,0,0,0,,226500,https://careers.airbnb.com/positions/7822781?gh_jid=7822781
2026-09-01,ABNB,Airbnb,"Team Specialist, Premium Support",Community Support,"British Columbia, Canada",nontech,mid,0,0,0,,71000,https://careers.airbnb.com/positions/8084078?gh_jid=8084078
2026-09-01,ABNB,Airbnb,"Tech Lead Manager, Oracle ERP",Software Engineering,"Bangalore, India",other,senior,0,14,1,application|buzz,,https://careers.airbnb.com/positions/8102684?gh_jid=8102684
2026-09-01,ABNB,Airbnb,"Vendor Manager, Operational Vendor Support (Insurance)",Community Support,United States ,nontech,mid,0,0,0,,143500,https://careers.airbnb.com/positions/8120259?gh_jid=8120259
2026-09-01,ABNB,Airbnb,Workplace Operations Program Manager,Employee Experience,"San Francisco, United States",nontech,mid,0,1,0,buzz,174500,https://careers.airbnb.com/positions/8079378?gh_jid=8079378
2026-09-01,MTCH,Match Group,Accountant (1년 6개월 계약직),Management,"Seoul, South Korea",other,mid,0,0,0,,,https://jobs.lever.co/matchgroup/7fca4a70-174c-41a2-b44b-7ff1cb9422e7
2026-09-01,MTCH,Match Group,Android Engineer III,Engineering,"New York, New York",product_eng,mid,0,0,0,,,https://jobs.lever.co/matchgroup/cb977666-1e41-4098-ad9c-6ab387e56a7a
2026-09-01,MTCH,Match Group,"Associate Manager, Culture & Content",Marketing & PR,"Los Angeles, California",other,mid,0,0,0,,,https://jobs.lever.co/matchgroup/e7ef5458-5ffb-4461-bb5e-28344a4e2e03
2026-09-01,MTCH,Match Group,"Back-end Engineer, Platform (Go)","Development, Technology",Tokyo,product_eng,mid,0,0,0,,,https://jobs.lever.co/matchgroup/1deea0b0-c0c9-4541-972e-2a437b64b023
2026-09-01,MTCH,Match Group,"Back-end Engineer, Product (Go)","Development, Technology",Tokyo,product_eng,mid,0,0,0,,,https://jobs.lever.co/matchgroup/4f3e70ea-d843-4666-844a-c0ba07f2033f
2026-09-01,MTCH,Match Group,"Back-end Engineer, Trust & Safety (Go)","Development, Technology",Tokyo,product_eng,mid,0,0,0,,,https://jobs.lever.co/matchgroup/750053cb-5ace-444a-9c64-070fb4d46439
2026-09-01,MTCH,Match Group,Brand Marketing Lead,Marketing,"New York, New York",nontech,senior,0,0,0,,,https://jobs.lever.co/matchgroup/b4f9fcdf-5fba-44c2-a626-c10c5de530d7
2026-09-01,MTCH,Match Group,Brand Strategy Manager,Marketing,"New York, New York",nontech,mid,0,1,0,buzz,,https://jobs.lever.co/matchgroup/4e2ba308-f317-47bb-ae5d-d8b3d5be16a6
2026-09-01,MTCH,Match Group,Data Analyst (Azar),Engineering,"Seoul, South Korea",other,mid,0,0,0,,,https://jobs.lever.co/matchgroup/3c12c050-2719-43e6-a69e-fdb971f399a7
2026-09-01,MTCH,Match Group,"Director of AI, Dating Outcomes",Engineering,"New York, New York",other,director,1,7,0,buzz|data_ml_ops|general_medium,,https://jobs.lever.co/matchgroup/1ce78c26-349b-42f2-b193-2ff0a86861dd
2026-09-01,MTCH,Match Group,"Director, Brand, Communications & Partnerships",Marketing,Tokyo,nontech,director,0,0,0,,,https://jobs.lever.co/matchgroup/11cfd1b2-b47e-49a5-a349-93e14463ac18
2026-09-01,MTCH,Match Group,"Director, Equity Accounting",Finance,"Dallas, Texas",nontech,director,0,0,0,,,https://jobs.lever.co/matchgroup/8ce0fec6-bbaf-4cb6-bd34-0a4424e9c1ab
2026-09-01,MTCH,Match Group,"Director, West Coast Sales",Ad Sales,"Los Angeles, California",nontech,director,0,0,0,,,https://jobs.lever.co/matchgroup/406499f8-1b35-48e6-87fa-353764909ca3
2026-09-01,MTCH,Match Group,"Founding Full Stack Engineer, AI Incubation",Engineering,"Los Angeles, California",product_eng,mid,1,4,0,buzz|general_medium,,https://jobs.lever.co/matchgroup/e9ebbab0-2428-4651-828e-8c3af0dec1bf
2026-09-01,MTCH,Match Group,"Full-stack Engineer, Trust & Safety (Go, TypeScript)","Development, Technology",Tokyo,product_eng,mid,0,0,0,,,https://jobs.lever.co/matchgroup/8edbdf5c-b22f-4449-9c68-08c86ed6dcdf
2026-09-01,MTCH,Match Group,"Global Escalations Specialist, Member Experience (Singapore)",Trust and Safety,Singapore,other,mid,0,0,0,,,https://jobs.lever.co/matchgroup/0135221a-9973-4f0f-83b1-2e1b7c146308
2026-09-01,MTCH,Match Group,Global Operations Specialist,Trust and Safety,"Dublin, Ireland",nontech,mid,0,0,0,,,https://jobs.lever.co/matchgroup/9edbe3d3-7d60-48f0-8673-92872671cf35
2026-09-01,MTCH,Match Group,Global Operations Specialist (6 month temp),Trust and Safety,"Vancouver, British Columbia",nontech,mid,0,0,0,,,https://jobs.lever.co/matchgroup/978161cd-f678-4968-990f-f8f9757a258a
2026-09-01,MTCH,Match Group,"Lead Researcher, Cultural & Consumer Insights",Marketing,"New York, New York",research,senior,0,3,1,application,,https://jobs.lever.co/matchgroup/66555915-0671-4679-82a0-aaddc8cb6585
2026-09-01,MTCH,Match Group,"Lead UX Researcher, Growth",Product,"New York, New York",research,senior,0,0,0,,,https://jobs.lever.co/matchgroup/302d967b-3cb3-47c2-9208-6d4e69a1b5b2
2026-09-01,MTCH,Match Group,Machine Learning Engineer (Match Group AI),Core,"Seoul, South Korea",product_eng,mid,1,15,1,application|buzz|general_medium|model_infra,,https://jobs.lever.co/matchgroup/2196948b-9338-4943-acba-cb529335ed16
2026-09-01,MTCH,Match Group,Machine Learning Software Engineer (Match Group AI),Core,"Seoul, South Korea",product_eng,mid,1,16,1,application|buzz|data_ml_ops|general_medium|model_infra,,https://jobs.lever.co/matchgroup/cb6122d7-9b0b-4e26-9f58-d6706f5cae66
2026-09-01,MTCH,Match Group,Principal AI Learning & Enablement Partner,People,"Los Angeles, California",nontech,staff_principal,1,4,1,application|buzz,,https://jobs.lever.co/matchgroup/66815647-0c52-4780-9772-3ff00d5e06cb
2026-09-01,MTCH,Match Group,"Principal, Applied AI Enablement, Legal",Legal,"West Hollywood, California",nontech,staff_principal,1,14,1,application|buzz|model_infra,,https://jobs.lever.co/matchgroup/2cd2616d-a5b9-4514-961e-da95fb60112a
2026-09-01,MTCH,Match Group,Privacy Analyst,Legal,"New York, New York",other,mid,0,1,0,buzz,,https://jobs.lever.co/matchgroup/93d72b39-cb72-4885-94ad-162302b47d8f
2026-09-01,MTCH,Match Group,"Product Corporate Counsel, Hinge",Operations,"New York, New York",nontech,mid,0,1,0,buzz,,https://jobs.lever.co/matchgroup/28eedeae-2563-40c3-8156-97d0a5c62b33
2026-09-01,MTCH,Match Group,"Product Designer, International Growth (Tinder Seoul)",Product Design,"Seoul, South Korea",product_eng,intern,0,1,0,buzz,,https://jobs.lever.co/matchgroup/a1090777-a58d-4622-aa5f-b35f2f61b5f0
2026-09-01,MTCH,Match Group,Product Manager - HER,Product,"New York, New York",product_eng,mid,0,0,0,,,https://jobs.lever.co/matchgroup/af478895-db01-4dbe-b394-54d58201b082
2026-09-01,MTCH,Match Group,Product Manager (Azar),PM,"Seoul, South Korea",product_eng,mid,0,1,0,buzz,,https://jobs.lever.co/matchgroup/a28b58c9-f90f-43ef-b5b2-46cf0b88ecd1
2026-09-01,MTCH,Match Group,Product Manager (Match Group AI),Core,"Seoul, South Korea",product_eng,mid,1,4,1,application|buzz,,https://jobs.lever.co/matchgroup/be908eda-1ae9-4563-9252-fe9b35df61d4
2026-09-01,MTCH,Match Group,Product Manager（プロダクトマネージャー）,Product,Tokyo,product_eng,mid,0,0,0,,,https://jobs.lever.co/matchgroup/dc1c554b-58ab-425d-880d-4d304ee20fc8
2026-09-01,MTCH,Match Group,Quality Engineering Lead,"Development, Technology",Tokyo,product_eng,senior,0,0,0,,,https://jobs.lever.co/matchgroup/a7ed5a7e-d47a-4c87-80e7-0bfd7a446a59
2026-09-01,MTCH,Match Group,Senior Android Engineer,Engineering,"New York, New York",product_eng,senior,0,0,0,,,https://jobs.lever.co/matchgroup/2c9af13b-e1ab-4bbc-85dc-2ae43dd2f48c
2026-09-01,MTCH,Match Group,Senior Backend Engineer,Engineering,"New York, New York",product_eng,senior,0,0,0,,,https://jobs.lever.co/matchgroup/eee3f501-72ed-4d28-a25b-8a18288a60d6
2026-09-01,MTCH,Match Group,"Senior Backend Engineering Manager, Recommendations",Engineering,"New York, New York",product_eng,senior,0,15,1,buzz|data_ml_ops|general_medium|model_infra,,https://jobs.lever.co/matchgroup/553d4da2-ff94-4306-b985-2ea09bf48dca
2026-09-01,MTCH,Match Group,Senior Data & Analytics Engineer (Azar),Engineering,"Seoul, South Korea",product_eng,senior,0,3,0,buzz|data_ml_ops,,https://jobs.lever.co/matchgroup/e413396c-265b-4856-a83a-e217b4072af5
2026-09-01,MTCH,Match Group,Senior Data Platform Engineer,Engineering,"New York, New York",product_eng,senior,0,2,0,buzz,,https://jobs.lever.co/matchgroup/b70c8cbd-79d2-4dcf-a1a6-4a56bc47dfc8
2026-09-01,MTCH,Match Group,"Senior Engineering Manager, Enablement",Engineering,"New York, New York",product_eng,senior,0,4,1,application|buzz,,https://jobs.lever.co/matchgroup/2695c869-f0d4-4d61-8522-716338cf9508
2026-09-01,MTCH,Match Group,Senior iOS Engineer,Engineering,"New York, New York",product_eng,senior,0,0,0,,,https://jobs.lever.co/matchgroup/81717593-d79d-4287-b5d6-6ad43a48bc4f
2026-09-01,MTCH,Match Group,Senior Machine Learning Engineer (Match Group AI),Core,"Seoul, South Korea",product_eng,senior,1,18,1,application|buzz|general_medium|model_infra,,https://jobs.lever.co/matchgroup/4eca7f77-c7f3-4225-bf81-6c409c25f66f
2026-09-01,MTCH,Match Group,"Senior Manager, Consumer Communications IMEA",Marketing & PR,"Gurgaon, India",nontech,senior,0,0,0,,,https://jobs.lever.co/matchgroup/f11bd452-cf32-4914-960d-26413890d2d3
2026-09-01,MTCH,Match Group,Senior Product Manager,Product,"Tokyo, Japan",product_eng,senior,0,0,0,,,https://jobs.lever.co/matchgroup/4b304f3c-a2fd-426c-8988-727a5e16bd26
2026-09-01,MTCH,Match Group,"Senior Product Manager, Recommendations",Product,"New York, New York",product_eng,senior,0,2,0,buzz,,https://jobs.lever.co/matchgroup/1b9394b5-cfea-4d10-961a-b3b7ab01f951
2026-09-01,MTCH,Match Group,Senior Recruiter,People,"Dallas, Texas",nontech,senior,0,1,0,buzz,,https://jobs.lever.co/matchgroup/0c028cfd-109d-4420-9663-d3663dad1f2c
2026-09-01,MTCH,Match Group,"Senior Software Engineer (Build and Automation) (Tinder LLC, West Hollywood, California)",Engineering,"West Hollywood, California",product_eng,senior,0,1,0,buzz,204526,https://jobs.lever.co/matchgroup/a42752db-948f-4430-8d62-8a80c051e4ce
2026-09-01,MTCH,Match Group,"Senior Software Engineer, Backend — Seoul Studios (Tinder Seoul)",Engineering,"Seoul, South Korea",product_eng,senior,0,1,0,buzz,,https://jobs.lever.co/matchgroup/ef27d211-c82d-4b28-acf4-b9154784a906
2026-09-01,MTCH,Match Group,Senior System Engineer (IT Support),Security,Tokyo,product_eng,senior,0,0,0,,,https://jobs.lever.co/matchgroup/c2cae6b4-2b36-4b50-81ea-e87c34c2b792
2026-09-01,MTCH,Match Group,Senior Traffic Manager,Marketing & PR,"Paris, France",other,senior,0,0,0,,,https://jobs.lever.co/matchgroup/36e10c24-6f52-4912-b633-87f7aa6fc795
2026-09-01,MTCH,Match Group,"Senior UX Researcher, Interaction",Product,"New York, New York",research,senior,0,2,0,buzz,,https://jobs.lever.co/matchgroup/e198b3f0-e8b0-4b31-898c-db115eeb9c88
2026-09-01,MTCH,Match Group,"Software Engineer II, Backend",Engineering,"Los Angeles, California",product_eng,mid,0,1,0,buzz,,https://jobs.lever.co/matchgroup/990882fc-4d03-4a49-b16c-4af72b8a2094
2026-09-01,MTCH,Match Group,"Software Engineer, iOS",Engineering,"Los Angeles, California",product_eng,mid,0,1,0,buzz,,https://jobs.lever.co/matchgroup/61e35c3c-3156-4760-a088-4a3765e37f8e
2026-09-01,MTCH,Match Group,Sr. Communications Manager,Communications,"New York, New York",nontech,senior,0,1,0,buzz,,https://jobs.lever.co/matchgroup/1ecf3f1a-b5a8-42f9-a0e2-c9150d639ffe
2026-09-01,MTCH,Match Group,Sr. Director Brand Marketing - Europe,Marketing,"Paris, France",nontech,director,0,0,0,,,https://jobs.lever.co/matchgroup/5b175670-6a11-4d47-9760-1641d8988762
2026-09-01,MTCH,Match Group,"Sr. Director, Head of Consumer Communications APAC",Marketing & PR,Singapore,nontech,exec,0,0,0,,,https://jobs.lever.co/matchgroup/1eedad2c-15b0-4150-8e6d-15dccb26317d
2026-09-01,MTCH,Match Group,Sr. Integrated MarComms Manager AUS,Communications,Melbourne,other,senior,0,1,0,buzz,,https://jobs.lever.co/matchgroup/4f97f35d-9c74-42a2-92b7-fbfcaab5f122
2026-09-01,MTCH,Match Group,Sr. People Business Partner,People,"Vancouver, British Columbia",other,senior,0,0,0,,,https://jobs.lever.co/matchgroup/c574dcac-346b-4d4a-bcf9-9f7512ccc29c
2026-09-01,MTCH,Match Group,Sr. Product Designer - HER,Product,"New York, New York",product_eng,senior,0,0,0,,,https://jobs.lever.co/matchgroup/cdf5fd69-ea82-48d3-b34c-2d138af73522
2026-09-01,MTCH,Match Group,Sr. Regional Business Analyst (Tinder Asia),Finance & Analytics,Singapore,other,senior,0,0,0,,,https://jobs.lever.co/matchgroup/73e359c8-8535-4db1-a3b1-81dfc26b4a3b
2026-09-01,MTCH,Match Group,"Sr. Software Engineer, MarTech",Marketing & PR,"Palo Alto, California",product_eng,senior,0,7,1,application|buzz,,https://jobs.lever.co/matchgroup/3e5e8627-40d0-4a8e-8543-2cf60148ee16
2026-09-01,MTCH,Match Group,Sr. Talent & Culture Business Partner,People,"Dallas, Texas",other,senior,0,0,0,,,https://jobs.lever.co/matchgroup/a2f6aae9-20e4-476d-857e-763e191cb982
2026-09-01,MTCH,Match Group,Sr. Talent Acquisition Partner (Technical),People,"New York, New York",other,senior,0,1,0,buzz,,https://jobs.lever.co/matchgroup/825cc934-7cd6-4462-a9a9-99a61558ebe1
2026-09-01,MTCH,Match Group,Sr. Workplace Experience & Events Coordinator,"Real Estate, IT, & Facilities","New York, New York",other,senior,0,0,0,,,https://jobs.lever.co/matchgroup/4020efa7-6c6c-4b75-8313-b5e2af09bdf5
2026-09-01,MTCH,Match Group,Staff Recruiter,People,"Dallas, Texas",nontech,staff_principal,0,1,0,buzz,,https://jobs.lever.co/matchgroup/e809d32c-e472-453c-96bc-6c5c59bb2a6c
2026-09-01,MTCH,Match Group,"Staff Software Engineer, MarTech",Marketing & PR,"Palo Alto, California",product_eng,staff_principal,0,7,1,application|buzz,,https://jobs.lever.co/matchgroup/d0bd4bda-8e48-4761-b795-206bcb6e3101
2026-09-01,MTCH,Match Group,"Tinder Marketing Manager (2-year Contractor, 육아휴직 대체)",Marketing,"Seoul, South Korea",nontech,mid,0,0,0,,,https://jobs.lever.co/matchgroup/ff728311-346b-4b7b-90b6-97fc9de9ca04
2026-09-01,MTCH,Match Group,"VP of Product Management, Trust & Safety, Match Group",Product,"West Hollywood, California",other,exec,0,8,1,application|buzz,,https://jobs.lever.co/matchgroup/759405d9-d142-40f6-a379-51f64366d812
2026-09-01,HOOD,Robinhood,Account Maintenance Associate,TradePMR Operations Division,"Clearwater, FL",other,mid,0,0,0,,,https://boards.greenhouse.io/robinhood/jobs/8114351?t=gh_src=&gh_jid=8114351
2026-09-01,HOOD,Robinhood,"Android Engineer, Government Products",ENG Infrastructure,"New York, NY",product_eng,mid,0,0,0,,162500,https://boards.greenhouse.io/robinhood/jobs/6669758?t=gh_src=&gh_jid=6669758
2026-09-01,HOOD,Robinhood,"Android Engineer, Money Experience",ENG Infrastructure,"Menlo Park, CA",product_eng,mid,0,0,0,,162500,https://boards.greenhouse.io/robinhood/jobs/7350823?t=gh_src=&gh_jid=7350823
2026-09-01,HOOD,Robinhood,"Assistant General Counsel, Canada",Wonderfi Compliance,"Toronto, Canada",nontech,mid,0,0,0,,157250,https://boards.greenhouse.io/robinhood/jobs/8093267?t=gh_src=&gh_jid=8093267
2026-09-01,HOOD,Robinhood,"Assistant General Counsel, Credit Cards",Legal,"Menlo Park, CA; New York, NY; Washington, DC",nontech,mid,0,0,0,,212500,https://boards.greenhouse.io/robinhood/jobs/7943204?t=gh_src=&gh_jid=7943204
2026-09-01,HOOD,Robinhood,"Assistant General Counsel, Regulatory",Legal,"Menlo Park, CA; New York, NY; Washington, DC",nontech,mid,0,0,0,,212500,https://boards.greenhouse.io/robinhood/jobs/8003458?t=gh_src=&gh_jid=8003458
2026-09-01,HOOD,Robinhood,Business Analyst (New Grad) ,Money Underwriting,"Washington, DC",other,intern,0,1,0,buzz,110000,https://boards.greenhouse.io/robinhood/jobs/8123231?t=gh_src=&gh_jid=8123231
2026-09-01,HOOD,Robinhood,Business Development Desk Manager,Customer Care,"Denver, CO; Westlake, TX",other,mid,0,1,0,buzz,120500,https://boards.greenhouse.io/robinhood/jobs/8128629?t=gh_src=&gh_jid=8128629
2026-09-01,HOOD,Robinhood,"Chief of Staff, Brokerage Product",Brokerage Product,"Menlo Park, CA",other,exec,0,0,0,,187500,https://boards.greenhouse.io/robinhood/jobs/7839130?t=gh_src=&gh_jid=7839130
2026-09-01,HOOD,Robinhood,"Compliance Advisory Lead, Money",Money Compliance,"Menlo Park, CA; New York, NY; Washington, DC",other,senior,0,0,0,,112000,https://boards.greenhouse.io/robinhood/jobs/8054481?t=gh_src=&gh_jid=8054481
2026-09-01,HOOD,Robinhood,Compliance Senior Specialist,Investment Strategy,"Chicago, IL; Denver, CO; Lake Mary, FL; New York, NY",other,senior,0,0,0,,112000,https://boards.greenhouse.io/robinhood/jobs/8077870?t=gh_src=&gh_jid=8077870
2026-09-01,HOOD,Robinhood,Crypto Risk Lead,Wonderfi Customer Operations,"Toronto, Canada",other,senior,0,2,0,buzz,106500,https://boards.greenhouse.io/robinhood/jobs/8144996?t=gh_src=&gh_jid=8144996
2026-09-01,HOOD,Robinhood,Customer Experience Associate (New Grad),Customer Care,"Denver, CO; Westlake, TX",other,intern,0,0,0,,,https://boards.greenhouse.io/robinhood/jobs/8163432?t=gh_src=&gh_jid=8163432
2026-09-01,HOOD,Robinhood,"Customer Experience Associate, Pathways - New Graduates",Customer Care,"Denver, CO; Westlake, TX",other,intern,0,0,0,,,https://boards.greenhouse.io/robinhood/jobs/8128738?t=gh_src=&gh_jid=8128738
2026-09-01,HOOD,Robinhood,"Customer Experience Representative, Active Trader",Customer Care,"Chicago, IL; Denver, CO; Westlake, TX",other,mid,0,0,0,,,https://boards.greenhouse.io/robinhood/jobs/8011599?t=gh_src=&gh_jid=8011599
2026-09-01,HOOD,Robinhood,"Customer Experience Representative, Advanced Services",Customer Care,"Chicago, IL; Denver, CO; Westlake, TX",other,mid,0,0,0,,,https://boards.greenhouse.io/robinhood/jobs/7958747?t=gh_src=&gh_jid=7958747
2026-09-01,HOOD,Robinhood,"Customer Experience Representative, Concierge",Customer Care,"Chicago, IL; Denver, CO; Westlake, TX",other,mid,0,0,0,,,https://boards.greenhouse.io/robinhood/jobs/7958748?t=gh_src=&gh_jid=7958748
2026-09-01,HOOD,Robinhood,"Customer Experience Representative, Core Services",Customer Care,"Chicago, IL; Denver, CO; Westlake, TX",other,mid,0,0,0,,,https://boards.greenhouse.io/robinhood/jobs/7958750?t=gh_src=&gh_jid=7958750
2026-09-01,HOOD,Robinhood,"Customer Experience Representative, Executive Office",Customer Care,"Chicago, IL; Denver, CO; Westlake, TX",nontech,mid,0,0,0,,,https://boards.greenhouse.io/robinhood/jobs/7982916?t=gh_src=&gh_jid=7982916
2026-09-01,HOOD,Robinhood,"Customer Experience Representative, Social",Customer Care,"Denver, CO",other,mid,0,0,0,,,https://boards.greenhouse.io/robinhood/jobs/8044263?t=gh_src=&gh_jid=8044263
2026-09-01,HOOD,Robinhood,Customer Experience Team Lead,Customer Care,"Westlake, TX",other,senior,0,0,0,,,https://boards.greenhouse.io/robinhood/jobs/7729424?t=gh_src=&gh_jid=7729424
2026-09-01,HOOD,Robinhood,Data Solutions & Validation Sr. Specialist,Financial Crimes,"Denver, CO; New York, NY; Westlake, TX",other,senior,0,10,1,application|buzz|general_medium,133000,https://boards.greenhouse.io/robinhood/jobs/8120681?t=gh_src=&gh_jid=8120681
2026-09-01,HOOD,Robinhood,"Deal Lead, Robinhood Ventures",Robinhood Ventures,"Menlo Park, CA",other,senior,0,2,0,buzz,216500,https://boards.greenhouse.io/robinhood/jobs/7685092?t=gh_src=&gh_jid=7685092
2026-09-01,HOOD,Robinhood,Deputy CCO ,International G and A,"Vilnius, Lithuania",other,mid,0,0,0,,,https://boards.greenhouse.io/robinhood/jobs/7914059?t=gh_src=&gh_jid=7914059
2026-09-01,HOOD,Robinhood,Director of Accounting,Accounting,"Menlo Park, CA",nontech,director,0,1,0,buzz,208000,https://boards.greenhouse.io/robinhood/jobs/8088954?t=gh_src=&gh_jid=8088954
2026-09-01,HOOD,Robinhood,Director of Benefits,Total Rewards,"Chicago, IL; Menlo Park, CA; New York, NY",other,director,0,1,0,buzz,220500,https://boards.greenhouse.io/robinhood/jobs/8131201?t=gh_src=&gh_jid=8131201
2026-09-01,HOOD,Robinhood,Employee Relations Business Partner,People Relations and Operations,"Chicago, IL; Westlake, TX",other,mid,0,0,0,,162000,https://boards.greenhouse.io/robinhood/jobs/8051290?t=gh_src=&gh_jid=8051290
2026-09-01,HOOD,Robinhood,"Engineering Manager, Credit Cards & Banking",ENG Growth,"Bellevue, WA; Menlo Park, CA; New York, NY",product_eng,mid,0,0,0,,225000,https://boards.greenhouse.io/robinhood/jobs/7489697?t=gh_src=&gh_jid=7489697
2026-09-01,HOOD,Robinhood,Executive Recruiter,Talent Acquisition,"Chicago, IL; Menlo Park, CA; New York, NY",nontech,mid,0,2,0,buzz,145500,https://boards.greenhouse.io/robinhood/jobs/8072886?t=gh_src=&gh_jid=8072886
2026-09-01,HOOD,Robinhood,Executive Sourcer,Talent Acquisition,"Bellevue, WA; Chicago, IL; Menlo Park, CA; New York, NY",other,mid,0,1,0,buzz,124500,https://boards.greenhouse.io/robinhood/jobs/7977245?t=gh_src=&gh_jid=7977245
2026-09-01,HOOD,Robinhood,Finance & Strategy Senior Analyst,Finance Division,"Menlo Park, CA",nontech,senior,0,1,0,buzz,108000,https://boards.greenhouse.io/robinhood/jobs/7456663?t=gh_src=&gh_jid=7456663
2026-09-01,HOOD,Robinhood,Financial Operations Manager,Financial Operations,Singapore,nontech,mid,0,0,0,,,https://boards.greenhouse.io/robinhood/jobs/8090190?t=gh_src=&gh_jid=8090190
2026-09-01,HOOD,Robinhood,"Full Stack Software Engineer, Credit Cards & Banking",Money Engineering,"Bellevue, WA; Menlo Park, CA; New York, NY",product_eng,mid,0,0,0,,162500,https://boards.greenhouse.io/robinhood/jobs/8008723?t=gh_src=&gh_jid=8008723
2026-09-01,HOOD,Robinhood,ICT Risk Oversight Lead,Bitstamp G&A,"Luxembourg, Luxembourg",other,senior,0,1,0,buzz,,https://boards.greenhouse.io/robinhood/jobs/8105960?t=gh_src=&gh_jid=8105960
2026-09-01,HOOD,Robinhood,"iOS Engineer, Government Products",ENG Infrastructure,"New York, NY",product_eng,mid,0,0,0,,162500,https://boards.greenhouse.io/robinhood/jobs/6674980?t=gh_src=&gh_jid=6674980
2026-09-01,HOOD,Robinhood,"iOS Engineer, Money Experience",ENG Infrastructure,"Menlo Park, CA",product_eng,mid,0,0,0,,162500,https://boards.greenhouse.io/robinhood/jobs/7794027?t=gh_src=&gh_jid=7794027
2026-09-01,HOOD,Robinhood,Lifecycle Marketing Manager,Growth Activation Engagement and Gold,"Menlo Park, CA; New York, NY",nontech,mid,0,0,0,,133000,https://boards.greenhouse.io/robinhood/jobs/8119781?t=gh_src=&gh_jid=8119781
2026-09-01,HOOD,Robinhood,Machine Learning Engineer,[Prospect],"Bellevue, WA",product_eng,mid,1,21,1,buzz|general_medium|model_infra,180569,https://boards.greenhouse.io/robinhood/jobs/7960680?t=gh_src=&gh_jid=7960680
2026-09-01,HOOD,Robinhood,"Manager of Response, Automation, Intelligence & Detection Engineering",Security Division,"Denver, CO; Menlo Park, CA",product_eng,mid,0,1,0,buzz,212000,https://boards.greenhouse.io/robinhood/jobs/8055526?t=gh_src=&gh_jid=8055526
2026-09-01,HOOD,Robinhood,Marketing & Communications Compliance Senior Specialist,Compliance - RHM,"Denver, CO; Menlo Park, CA; New York, NY; Washington, DC",nontech,senior,0,1,0,buzz,112000,https://boards.greenhouse.io/robinhood/jobs/8072899?t=gh_src=&gh_jid=8072899
2026-09-01,HOOD,Robinhood,Market Research Strategy Intern (Summer 2027),External Affairs,Singapore,other,intern,0,0,0,,,https://boards.greenhouse.io/robinhood/jobs/8103727?t=gh_src=&gh_jid=8103727
2026-09-01,HOOD,Robinhood,Privacy Engineer,Privacy Division,"New York, NY",product_eng,mid,0,10,1,application|buzz,153500,https://boards.greenhouse.io/robinhood/jobs/8109753?t=gh_src=&gh_jid=8109753
2026-09-01,HOOD,Robinhood,"Product Marketing Manager, International",International G and A,"Ljubljana, Slovenia",nontech,intern,0,0,0,,,https://boards.greenhouse.io/robinhood/jobs/8074057?t=gh_src=&gh_jid=8074057
2026-09-01,HOOD,Robinhood,"Product Marketing Manager, International",International G and A,"Luxembourg, Luxembourg",nontech,intern,0,0,0,,,https://boards.greenhouse.io/robinhood/jobs/8074011?t=gh_src=&gh_jid=8074011
2026-09-01,HOOD,Robinhood,"Product Marketing Manager, International",International G and A,"London, UK",nontech,intern,0,0,0,,,https://boards.greenhouse.io/robinhood/jobs/8067556?t=gh_src=&gh_jid=8067556
2026-09-01,HOOD,Robinhood,"Product Operations Manager, Crypto",Crypto Operations,"New York, NY",nontech,mid,0,1,0,buzz,100000,https://boards.greenhouse.io/robinhood/jobs/8089302?t=gh_src=&gh_jid=8089302
2026-09-01,HOOD,Robinhood,"Quality Engineer, Mobile",Engineering Excellence,"Toronto, Canada",product_eng,mid,0,5,1,application|buzz,87875,https://boards.greenhouse.io/robinhood/jobs/7739588?t=gh_src=&gh_jid=7739588
2026-09-01,HOOD,Robinhood,"Senior Android Engineer, Crypto Expansion",Brokerage Engineering,"Menlo Park, CA; New York, NY",product_eng,senior,0,0,0,,191500,https://boards.greenhouse.io/robinhood/jobs/8100160?t=gh_src=&gh_jid=8100160
2026-09-01,HOOD,Robinhood,"Senior Android Engineer, iRAD",Brokerage Engineering,"Menlo Park, CA; New York, NY",product_eng,senior,0,0,0,,191500,https://boards.greenhouse.io/robinhood/jobs/8049885?t=gh_src=&gh_jid=8049885
2026-09-01,HOOD,Robinhood,"Senior Android Engineer, Trading Products",Brokerage Engineering,"Menlo Park, CA",product_eng,senior,0,0,0,,191500,https://boards.greenhouse.io/robinhood/jobs/8049809?t=gh_src=&gh_jid=8049809
2026-09-01,HOOD,Robinhood,"Senior Android Engineer, Wallet",Crypto Engineering,"Toronto, Canada",product_eng,senior,0,2,0,buzz,180500,https://boards.greenhouse.io/robinhood/jobs/8084381?t=gh_src=&gh_jid=8084381
2026-09-01,HOOD,Robinhood,"Senior Android Engineer, Wallet",Crypto Engineering,"Menlo Park, CA; New York, NY",product_eng,senior,0,1,0,buzz,191500,https://boards.greenhouse.io/robinhood/jobs/8084379?t=gh_src=&gh_jid=8084379
2026-09-01,HOOD,Robinhood,"Senior Applications Engineer, Enterprise Build",Enterprise Technology Division,"Menlo Park, CA",product_eng,senior,0,1,0,buzz,162500,https://boards.greenhouse.io/robinhood/jobs/8120108?t=gh_src=&gh_jid=8120108
2026-09-01,HOOD,Robinhood,Senior Cloud Engineer,Bitstamp - Engineering Division,"London, UK",product_eng,senior,0,0,0,,,https://boards.greenhouse.io/robinhood/jobs/8035713?t=gh_src=&gh_jid=8035713
2026-09-01,HOOD,Robinhood,Senior Cloud Security Engineer,Security Division,"Bellevue, WA; Menlo Park, CA",product_eng,senior,0,0,0,,183000,https://boards.greenhouse.io/robinhood/jobs/8081776?t=gh_src=&gh_jid=8081776
2026-09-01,HOOD,Robinhood,Senior Compensation Analyst,Total Rewards,"Chicago, IL; Menlo Park, CA; New York, NY",other,senior,0,1,0,buzz,133000,https://boards.greenhouse.io/robinhood/jobs/8060703?t=gh_src=&gh_jid=8060703
2026-09-01,HOOD,Robinhood,Senior Corporate Security Engineer,Enterprise Technology Division,"Bellevue, WA; Menlo Park, CA",product_eng,senior,0,7,1,application|buzz,183000,https://boards.greenhouse.io/robinhood/jobs/7847485?t=gh_src=&gh_jid=7847485
2026-09-01,HOOD,Robinhood,"Senior Data Science Manager, Algorithms",Crypto Engineering,"Menlo Park, CA",other,senior,0,1,0,buzz,241500,https://boards.greenhouse.io/robinhood/jobs/8097597?t=gh_src=&gh_jid=8097597
2026-09-01,HOOD,Robinhood,"Senior Data Scientist, Product",Money Growth Marketing - Data Science Division,"Menlo Park, CA",product_eng,senior,0,0,0,,174500,https://boards.greenhouse.io/robinhood/jobs/8080893?t=gh_src=&gh_jid=8080893
2026-09-01,HOOD,Robinhood,"Senior Growth Engagement Manager, International",International Marketing,"Ljubljana, Slovenia",other,intern,0,0,0,,,https://boards.greenhouse.io/robinhood/jobs/8080181?t=gh_src=&gh_jid=8080181
2026-09-01,HOOD,Robinhood,"Senior Growth Engagement Manager, International",International Marketing,"London, UK",other,intern,0,0,0,,,https://boards.greenhouse.io/robinhood/jobs/8080179?t=gh_src=&gh_jid=8080179
2026-09-01,HOOD,Robinhood,"Senior Growth Engagement Manager, International",International Marketing,"Luxembourg, Luxembourg",other,intern,0,0,0,,,https://boards.greenhouse.io/robinhood/jobs/8080182?t=gh_src=&gh_jid=8080182
2026-09-01,HOOD,Robinhood,"Senior iOS Engineer, Crypto Trading",ENG Infrastructure,"New York, NY",product_eng,senior,0,0,0,,191500,https://boards.greenhouse.io/robinhood/jobs/8027506?t=gh_src=&gh_jid=8027506
2026-09-01,HOOD,Robinhood,"Senior PM, International Trading",Crypto Product Management,"Menlo Park, CA; New York, NY",product_eng,intern,0,0,0,,179000,https://boards.greenhouse.io/robinhood/jobs/8060600?t=gh_src=&gh_jid=8060600
2026-09-01,HOOD,Robinhood,Senior Product Designer,Growth Design Division,"Menlo Park, CA; New York, NY",product_eng,senior,0,4,1,application|buzz,162000,https://boards.greenhouse.io/robinhood/jobs/7490017?t=gh_src=&gh_jid=7490017
2026-09-01,HOOD,Robinhood,"Senior Product Designer, DeFi",Crypto Design,"Menlo Park, CA; New York, NY",product_eng,senior,0,1,0,buzz,162000,https://boards.greenhouse.io/robinhood/jobs/8147756?t=gh_src=&gh_jid=8147756
2026-09-01,HOOD,Robinhood,"Senior Product Designer, Redesign",Brokerage Design,"Menlo Park, CA; New York, NY",product_eng,senior,0,1,0,buzz,162000,https://boards.greenhouse.io/robinhood/jobs/6494244?t=gh_src=&gh_jid=6494244
2026-09-01,HOOD,Robinhood,"Senior Product Designer, Trading",Brokerage Design,"Menlo Park, CA; New York, NY",product_eng,senior,0,1,0,buzz,162000,https://boards.greenhouse.io/robinhood/jobs/8160668?t=gh_src=&gh_jid=8160668
2026-09-01,HOOD,Robinhood,"Senior Product Manager, Crypto Wallet",Crypto Product Management,"Menlo Park, CA; New York, NY",product_eng,senior,0,2,0,buzz,162000,https://boards.greenhouse.io/robinhood/jobs/8082718?t=gh_src=&gh_jid=8082718
2026-09-01,HOOD,Robinhood,"Senior Product Manager, Money Movement",Customer Trust and Safety,"Menlo Park, CA",product_eng,senior,0,0,0,,162000,https://boards.greenhouse.io/robinhood/jobs/7747728?t=gh_src=&gh_jid=7747728
2026-09-01,HOOD,Robinhood,Senior Quality Engineer,Engineering Excellence,"Toronto, Canada",product_eng,senior,0,5,1,application|buzz,115625,https://boards.greenhouse.io/robinhood/jobs/8142285?t=gh_src=&gh_jid=8142285
2026-09-01,HOOD,Robinhood,"Senior Software Developer, Developer Experience (DevX)",ENG Data and AI Platform Division,"Toronto, Canada",product_eng,senior,0,2,0,buzz,180500,https://boards.greenhouse.io/robinhood/jobs/8083818?t=gh_src=&gh_jid=8083818
2026-09-01,HOOD,Robinhood,"Senior Software Developer, Kubernetes Compute",ENG Infrastructure,"Toronto, Canada",product_eng,senior,0,2,0,buzz,180500,https://boards.greenhouse.io/robinhood/jobs/7871254?t=gh_src=&gh_jid=7871254
2026-09-01,HOOD,Robinhood,"Senior Software Engineer, Backend",ENG Platforms,"Menlo Park, CA; New York, NY",product_eng,senior,0,0,0,,191500,https://boards.greenhouse.io/robinhood/jobs/7264931?t=gh_src=&gh_jid=7264931
2026-09-01,HOOD,Robinhood,"Senior Software Engineer, Cloud Networking",ENG Infrastructure,"Bellevue, WA",product_eng,senior,0,0,0,,213000,https://boards.greenhouse.io/robinhood/jobs/8080244?t=gh_src=&gh_jid=8080244
2026-09-01,HOOD,Robinhood,"Senior Software Engineer, Custody Services",Bitstamp - Engineering Division,"London, UK",product_eng,senior,0,1,0,buzz,,https://boards.greenhouse.io/robinhood/jobs/7648452?t=gh_src=&gh_jid=7648452
2026-09-01,HOOD,Robinhood,"Senior Software Engineer, Custody Services",Bitstamp - Engineering Division,"Ljubljana, Slovenia",product_eng,senior,0,1,0,buzz,,https://boards.greenhouse.io/robinhood/jobs/7648454?t=gh_src=&gh_jid=7648454
2026-09-01,HOOD,Robinhood,"Senior Software Engineer, Data Engineering",ENG Data Science,"Menlo Park, CA",product_eng,senior,0,1,0,buzz,191500,https://boards.greenhouse.io/robinhood/jobs/4738660?t=gh_src=&gh_jid=4738660
2026-09-01,HOOD,Robinhood,"Senior Software Engineer, Data Lake",ENG Infrastructure,"Bellevue, WA",product_eng,senior,0,0,0,,191500,https://boards.greenhouse.io/robinhood/jobs/8100213?t=gh_src=&gh_jid=8100213
2026-09-01,HOOD,Robinhood,"Senior Software Engineer, Developer Experience (DevX)",ENG Data and AI Platform Division,"Menlo Park, CA; New York, NY",product_eng,senior,0,1,0,buzz,213000,https://boards.greenhouse.io/robinhood/jobs/8164943?t=gh_src=&gh_jid=8164943
2026-09-01,HOOD,Robinhood,"Senior Software Engineer, Enterprise Build",Enterprise Technology Division,"Menlo Park, CA",product_eng,senior,0,7,1,application|buzz,162500,https://boards.greenhouse.io/robinhood/jobs/8120101?t=gh_src=&gh_jid=8120101
2026-09-01,HOOD,Robinhood,"Senior Software Engineer, Kubernetes Compute",ENG Infrastructure,"Bellevue, WA",product_eng,senior,0,0,0,,191500,https://boards.greenhouse.io/robinhood/jobs/8036588?t=gh_src=&gh_jid=8036588
2026-09-01,HOOD,Robinhood,"Senior Software Engineer, Load and Fault Environments",Engineering Excellence,"Menlo Park, CA",product_eng,senior,0,1,0,buzz,191500,https://boards.greenhouse.io/robinhood/jobs/8132616?t=gh_src=&gh_jid=8132616
2026-09-01,HOOD,Robinhood,Senior Software Engineer - Robinhood Command Center,Engineering Excellence,"Menlo Park, CA",product_eng,senior,0,0,0,,213000,https://boards.greenhouse.io/robinhood/jobs/7838644?t=gh_src=&gh_jid=7838644
2026-09-01,HOOD,Robinhood,"Senior Software Engineer, Robinhood Command Center",Engineering Excellence,"New York, NY",product_eng,senior,0,0,0,,213000,https://boards.greenhouse.io/robinhood/jobs/7993511?t=gh_src=&gh_jid=7993511
2026-09-01,HOOD,Robinhood,"Senior Software Engineer, Security Platform",Security Division,"Bellevue, WA; Menlo Park, CA",product_eng,senior,0,1,0,buzz,191500,https://boards.greenhouse.io/robinhood/jobs/7899482?t=gh_src=&gh_jid=7899482
2026-09-01,HOOD,Robinhood,"Senior Software Engineer, Storage Platform",ENG Infrastructure,"Bellevue, WA",product_eng,senior,0,0,0,,191500,https://boards.greenhouse.io/robinhood/jobs/7729019?t=gh_src=&gh_jid=7729019
2026-09-01,HOOD,Robinhood,"Senior Software Engineer, Streaming Platform",ENG Infrastructure,"Bellevue, WA",product_eng,senior,0,0,0,,191500,https://boards.greenhouse.io/robinhood/jobs/8083811?t=gh_src=&gh_jid=8083811
2026-09-01,HOOD,Robinhood,"Senior Software Engineer, Wallet",Crypto Engineering,"Menlo Park, CA; New York, NY",product_eng,senior,0,1,0,buzz,191500,https://boards.greenhouse.io/robinhood/jobs/8088453?t=gh_src=&gh_jid=8088453
2026-09-01,HOOD,Robinhood,"Senior Software Engineer, Wallet",Crypto Engineering,"Toronto, Canada",product_eng,senior,0,2,0,buzz,180500,https://boards.greenhouse.io/robinhood/jobs/8088455?t=gh_src=&gh_jid=8088455
2026-09-01,HOOD,Robinhood,"Senior Staff Software Developer, Core Infrastructure",ENG Infrastructure,"Toronto, Canada",product_eng,staff_principal,0,2,0,buzz,254500,https://boards.greenhouse.io/robinhood/jobs/8142278?t=gh_src=&gh_jid=8142278
2026-09-01,HOOD,Robinhood,"Senior Staff Software Engineer, Core Infrastructure",ENG Infrastructure,"Menlo Park, CA",product_eng,staff_principal,0,1,0,buzz,287000,https://boards.greenhouse.io/robinhood/jobs/8142276?t=gh_src=&gh_jid=8142276
2026-09-01,HOOD,Robinhood,"Senior Staff Software Engineer, Core Infrastructure",ENG Infrastructure,"Bellevue, WA",product_eng,staff_principal,0,1,0,buzz,287000,https://boards.greenhouse.io/robinhood/jobs/8147341?t=gh_src=&gh_jid=8147341
2026-09-01,HOOD,Robinhood,"Senior Staff Software Engineer, Data Platform",ENG Infrastructure,"Bellevue, WA",product_eng,staff_principal,0,0,0,,287000,https://boards.greenhouse.io/robinhood/jobs/7729014?t=gh_src=&gh_jid=7729014
2026-09-01,HOOD,Robinhood,Senior Tax Operations Analyst,Tax,"Menlo Park, CA; New York, NY",nontech,senior,0,1,0,buzz,112000,https://boards.greenhouse.io/robinhood/jobs/8048650?t=gh_src=&gh_jid=8048650
2026-09-01,HOOD,Robinhood,Senior Treasury Analyst,Treasury,"Chicago, IL; Menlo Park, CA; New York, NY",other,senior,0,1,0,buzz,100000,https://boards.greenhouse.io/robinhood/jobs/8072892?t=gh_src=&gh_jid=8072892
2026-09-01,HOOD,Robinhood,Senior Underwriting Associate,Brokerage Operations - RHF,"Chicago, IL; Denver, CO; Lake Mary, FL; New York, NY",other,senior,0,0,0,,145500,https://boards.greenhouse.io/robinhood/jobs/7979657?t=gh_src=&gh_jid=7979657
2026-09-01,HOOD,Robinhood,"Software Developer, Ops Platform and Fraud Investigations",ENG Platforms,"Toronto, Canada",product_eng,mid,0,8,1,application|buzz|general_medium,148000,https://boards.greenhouse.io/robinhood/jobs/7737164?t=gh_src=&gh_jid=7737164
2026-09-01,HOOD,Robinhood,"Software Engineer, Backend",Brokerage Engineering,"Menlo Park, CA; New York, NY",product_eng,mid,0,0,0,,162500,https://boards.greenhouse.io/robinhood/jobs/7263592?t=gh_src=&gh_jid=7263592
2026-09-01,HOOD,Robinhood,"Software Engineer, Cryptography",Security Division,"Bellevue, WA; Menlo Park, CA",product_eng,mid,0,0,0,,162500,https://boards.greenhouse.io/robinhood/jobs/8077370?t=gh_src=&gh_jid=8077370
2026-09-01,HOOD,Robinhood,"Software Engineer, Proactive Capabilities",Security Division,"Bellevue, WA; Menlo Park, CA",product_eng,mid,0,10,1,application|buzz,162500,https://boards.greenhouse.io/robinhood/jobs/8067604?t=gh_src=&gh_jid=8067604
2026-09-01,HOOD,Robinhood,"Software Engineer, Wallet",Crypto Engineering,"Toronto, Canada",product_eng,mid,0,2,0,buzz,148000,https://boards.greenhouse.io/robinhood/jobs/8088446?t=gh_src=&gh_jid=8088446
2026-09-01,HOOD,Robinhood,"Software Engineer, Wallet",Crypto Engineering,"Menlo Park, CA; New York, NY",product_eng,mid,0,1,0,buzz,162500,https://boards.greenhouse.io/robinhood/jobs/8088444?t=gh_src=&gh_jid=8088444
2026-09-01,HOOD,Robinhood,Staff Android Engineer,Brokerage Engineering,"Menlo Park, CA",product_eng,staff_principal,0,0,0,,225000,https://boards.greenhouse.io/robinhood/jobs/8114730?t=gh_src=&gh_jid=8114730
2026-09-01,HOOD,Robinhood,"Staff Data Scientist,  ML (Credit Risk)",Money Growth Marketing - Data Science Division,"Menlo Park, CA; New York, NY; Washington, DC",product_eng,staff_principal,1,1,0,buzz,212500,https://boards.greenhouse.io/robinhood/jobs/7997218?t=gh_src=&gh_jid=7997218
2026-09-01,HOOD,Robinhood,"Staff Data Scientist, ML (People Analytics & Insights)",ENG Data Science,"Chicago, IL; Menlo Park, CA; New York, NY",product_eng,staff_principal,1,1,0,buzz,212500,https://boards.greenhouse.io/robinhood/jobs/8072766?t=gh_src=&gh_jid=8072766
2026-09-01,HOOD,Robinhood,"Staff Machine Learning Engineer, AI R&D",ENG Data and AI Platform Division,"Bellevue, WA; Menlo Park, CA",product_eng,staff_principal,1,19,1,application|buzz|data_ml_ops|general_medium|model_infra,249500,https://boards.greenhouse.io/robinhood/jobs/8082579?t=gh_src=&gh_jid=8082579
2026-09-01,HOOD,Robinhood,Staff Offensive Security Engineer,Security Division,"Bellevue, WA; Menlo Park, CA; New York, NY",product_eng,staff_principal,0,0,0,,212000,https://boards.greenhouse.io/robinhood/jobs/7460167?t=gh_src=&gh_jid=7460167
2026-09-01,HOOD,Robinhood,Staff Offensive Security Engineer,Security Division,"Toronto, Canada",product_eng,staff_principal,0,2,0,buzz,208125,https://boards.greenhouse.io/robinhood/jobs/7460169?t=gh_src=&gh_jid=7460169
2026-09-01,HOOD,Robinhood,"Staff PM, International Growth & Expansion",Crypto Product Management,"Menlo Park, CA; New York, NY",product_eng,intern,0,0,0,,212500,https://boards.greenhouse.io/robinhood/jobs/8060585?t=gh_src=&gh_jid=8060585
2026-09-01,HOOD,Robinhood,"Staff Product Designer, National Impact",Brokerage Design,"Menlo Park, CA; New York, NY",product_eng,staff_principal,0,0,0,,187500,https://boards.greenhouse.io/robinhood/jobs/7804648?t=gh_src=&gh_jid=7804648
2026-09-01,HOOD,Robinhood,"Staff Product Manager, Banking",Money Product Division,"Menlo Park, CA; New York, NY; Washington, DC",product_eng,staff_principal,0,0,0,,187500,https://boards.greenhouse.io/robinhood/jobs/8044746?t=gh_src=&gh_jid=8044746
2026-09-01,HOOD,Robinhood,Staff Product Manager-  Integrations & Advisor Platform,TradePMR Product Management Division,"Clearwater, FL; Menlo Park, CA; New York, NY",product_eng,staff_principal,0,4,1,application|buzz,187500,https://boards.greenhouse.io/robinhood/jobs/8131181?t=gh_src=&gh_jid=8131181
2026-09-01,HOOD,Robinhood,"Staff Product Manager, National Impact",Brokerage Product,"New York, NY",product_eng,staff_principal,0,0,0,,187500,https://boards.greenhouse.io/robinhood/jobs/7968044?t=gh_src=&gh_jid=7968044
2026-09-01,HOOD,Robinhood,"Staff Product Manager, Platform Operations",Customer Trust and Safety,"Menlo Park, CA; New York, NY",product_eng,staff_principal,0,1,0,buzz,187500,https://boards.greenhouse.io/robinhood/jobs/8079744?t=gh_src=&gh_jid=8079744
2026-09-01,HOOD,Robinhood,Staff Quality Engineer  ,Engineering Excellence,"Menlo Park, CA",product_eng,staff_principal,0,5,1,application|buzz,174500,https://boards.greenhouse.io/robinhood/jobs/8082056?t=gh_src=&gh_jid=8082056
2026-09-01,HOOD,Robinhood,"Staff Security Engineer, Detection & Response",Security Division,"Bellevue, WA; Denver, CO; Menlo Park, CA",product_eng,staff_principal,0,7,1,application|buzz,212000,https://boards.greenhouse.io/robinhood/jobs/7939818?t=gh_src=&gh_jid=7939818
2026-09-01,HOOD,Robinhood,"Staff Software Developer, DevX (Developer Infrastructure)",ENG Data and AI Platform Division,"Toronto, Canada",product_eng,staff_principal,0,2,0,buzz,217500,https://boards.greenhouse.io/robinhood/jobs/8080939?t=gh_src=&gh_jid=8080939
2026-09-01,HOOD,Robinhood,"Staff Software Engineer, DevX (Developer Infrastructure)",ENG Data and AI Platform Division,"New York, NY",product_eng,staff_principal,0,0,0,,225000,https://boards.greenhouse.io/robinhood/jobs/8080937?t=gh_src=&gh_jid=8080937
2026-09-01,HOOD,Robinhood,"Staff Software Engineer, Identity & Access Management",Security Division,"Bellevue, WA",product_eng,staff_principal,0,10,1,application|buzz,225000,https://boards.greenhouse.io/robinhood/jobs/7819461?t=gh_src=&gh_jid=7819461
2026-09-01,HOOD,Robinhood,"Staff Software Engineer, Observability ",Engineering Excellence,"Menlo Park, CA",product_eng,staff_principal,0,1,0,buzz,225000,https://boards.greenhouse.io/robinhood/jobs/7489707?t=gh_src=&gh_jid=7489707
2026-09-01,HOOD,Robinhood,"Staff Software Engineer, Storage Platform",ENG Infrastructure,"Bellevue, WA",product_eng,staff_principal,0,0,0,,225000,https://boards.greenhouse.io/robinhood/jobs/8044227?t=gh_src=&gh_jid=8044227
2026-09-01,HOOD,Robinhood,"Staff Software Engineer, Web3",Crypto Engineering,"Toronto, Canada",product_eng,staff_principal,0,2,0,buzz,217500,https://boards.greenhouse.io/robinhood/jobs/7489952?t=gh_src=&gh_jid=7489952
2026-09-01,HOOD,Robinhood,"Staff Software Engineer, Web3",Crypto Engineering,"Menlo Park, CA; New York, NY",product_eng,staff_principal,0,1,0,buzz,225000,https://boards.greenhouse.io/robinhood/jobs/7489950?t=gh_src=&gh_jid=7489950
2026-09-01,HOOD,Robinhood,"Staff Web Engineer, Legend",Brokerage Engineering,"Menlo Park, CA; New York, NY",product_eng,staff_principal,0,0,0,,225000,https://boards.greenhouse.io/robinhood/jobs/8003233?t=gh_src=&gh_jid=8003233
2026-09-01,HOOD,Robinhood,Tax Operations Manager,Tax,"Menlo Park, CA; New York, NY",nontech,mid,0,1,0,buzz,137500,https://boards.greenhouse.io/robinhood/jobs/8042449?t=gh_src=&gh_jid=8042449
2026-09-01,HOOD,Robinhood,"Technical Accounting Manager, New Product",Accounting,"Menlo Park, CA; New York, NY",nontech,mid,0,0,0,,145500,https://boards.greenhouse.io/robinhood/jobs/8076097?t=gh_src=&gh_jid=8076097
2026-09-01,COIN,Coinbase,"Accountant, Cyprus",Finance & Accounting,Remote - Cyprus,other,mid,0,0,0,,,https://www.coinbase.com/careers/positions/8053751?gh_jid=8053751
2026-09-01,COIN,Coinbase,"Accounting Manager, GL Operations & Intercompany",Finance & Accounting,Remote - Canada,nontech,mid,0,0,0,,170000,https://www.coinbase.com/careers/positions/7822885?gh_jid=7822885
2026-09-01,COIN,Coinbase,"Accounting Manager, GL Operations & Intercompany",Finance & Accounting,Remote - USA,nontech,mid,0,0,0,,181022,https://www.coinbase.com/careers/positions/8093264?gh_jid=8093264
2026-09-01,COIN,Coinbase,"Accounting Manager, Lending & Credit Products",Finance & Accounting,Remote - USA,nontech,mid,0,0,0,,181022,https://www.coinbase.com/careers/positions/7532645?gh_jid=7532645
2026-09-01,COIN,Coinbase,"Accounting Manager, Tokenized Equities",Finance & Accounting,Remote - Abu Dhabi,nontech,mid,0,0,0,,,https://www.coinbase.com/careers/positions/8164862?gh_jid=8164862
2026-09-01,COIN,Coinbase,AMLCO & Senior Compliance Associate,Legal & Compliance,Remote - Cyprus,other,senior,0,0,0,,,https://www.coinbase.com/careers/positions/7942306?gh_jid=7942306
2026-09-01,COIN,Coinbase,"Analyst, Business Controller",Finance & Accounting,Remote - EMEA,other,mid,0,0,0,,,https://www.coinbase.com/careers/positions/7875558?gh_jid=7875558
2026-09-01,COIN,Coinbase,"Analyst II, Treasury Operations",Finance & Accounting,Remote - USA,nontech,mid,0,0,0,,,https://www.coinbase.com/careers/positions/8160489?gh_jid=8160489
2026-09-01,COIN,Coinbase,"Associate Manager, Internal Audit",Finance & Accounting,Remote - UK,other,intern,0,0,0,,,https://www.coinbase.com/careers/positions/8154987?gh_jid=8154987
2026-09-01,COIN,Coinbase,"Associate Manager, Premium & Wealth",Customer Experience,"Hybrid - London, UK",other,mid,0,0,0,,,https://www.coinbase.com/careers/positions/8080028?gh_jid=8080028
2026-09-01,COIN,Coinbase,"Business Operations Senior Associate, Institutional",Business Operations & Strategy,Remote - USA,nontech,senior,0,0,0,,161968,https://www.coinbase.com/careers/positions/7980600?gh_jid=7980600
2026-09-01,COIN,Coinbase,Capacity Planning Lead,Customer Experience,"Hybrid - Bangalore, India",other,senior,0,3,1,application,,https://www.coinbase.com/careers/positions/8013889?gh_jid=8013889
2026-09-01,COIN,Coinbase,Chief of Staff,HR & Recruiting,Remote - USA,other,exec,0,0,0,,231065,https://www.coinbase.com/careers/positions/8131316?gh_jid=8131316
2026-09-01,COIN,Coinbase,"Communications Manager, Policy & Public Affairs",Marketing & Communications,Remote - USA,nontech,mid,0,0,0,,185832,https://www.coinbase.com/careers/positions/7746572?gh_jid=7746572
2026-09-01,COIN,Coinbase,"Compliance, Threat & Risk Assessment Manager",Compliance & AML Operations,Remote - USA,other,mid,0,1,0,buzz,176305,https://www.coinbase.com/careers/positions/8064692?gh_jid=8064692
2026-09-01,COIN,Coinbase,Concierge Specialist IV,Customer Experience,Hybrid - Singapore,other,mid,0,0,0,,96900,https://www.coinbase.com/careers/positions/7994501?gh_jid=7994501
2026-09-01,COIN,Coinbase,Concierge Specialist IV,Customer Experience,Hybrid - Singapore,other,mid,0,0,0,,96900,https://www.coinbase.com/careers/positions/7994498?gh_jid=7994498
2026-09-01,COIN,Coinbase,Concierge Specialist IV,Customer Experience,"Hybrid - London, UK",other,mid,0,0,0,,,https://www.coinbase.com/careers/positions/8031308?gh_jid=8031308
2026-09-01,COIN,Coinbase,Concierge Specialist IV,Customer Experience,"Hybrid - London, UK",other,mid,0,0,0,,,https://www.coinbase.com/careers/positions/8031253?gh_jid=8031253
2026-09-01,COIN,Coinbase,"Counsel, Commercial",Legal & Compliance,Remote - USA,nontech,mid,0,0,0,,200078,https://www.coinbase.com/careers/positions/8030594?gh_jid=8030594
2026-09-01,COIN,Coinbase,Counsel - Financial Services,Legal & Compliance,Remote - UK,nontech,mid,0,0,0,,,https://www.coinbase.com/careers/positions/7602261?gh_jid=7602261
2026-09-01,COIN,Coinbase,"Country Director, India",International Expansion,Remote - India,other,director,0,0,0,,,https://www.coinbase.com/careers/positions/7606826?gh_jid=7606826
2026-09-01,COIN,Coinbase,Credit Risk Analyst,Finance & Accounting,Remote - USA,other,mid,0,0,0,,103415,https://www.coinbase.com/careers/positions/8131356?gh_jid=8131356
2026-09-01,COIN,Coinbase,Customer Support Specialist ll,Customer Experience,"Hyderabad, India",nontech,mid,0,0,0,,,https://www.coinbase.com/careers/positions/8160067?gh_jid=8160067
2026-09-01,COIN,Coinbase,Customer Support Supervisor,Customer Experience,"Manila, Philippines",nontech,mid,0,0,0,,,https://www.coinbase.com/careers/positions/8120315?gh_jid=8120315
2026-09-01,COIN,Coinbase,Derivative Sales Analyst,"Institutional Sales, Trading, and Prime Services",Remote - UK,nontech,mid,0,1,0,buzz,,https://www.coinbase.com/careers/positions/8097446?gh_jid=8097446
2026-09-01,COIN,Coinbase,Derivative Sales Analyst (Prosumer Sales),"Institutional Sales, Trading, and Prime Services",Remote - USA,nontech,mid,0,0,0,,138195,https://www.coinbase.com/careers/positions/8021857?gh_jid=8021857
2026-09-01,COIN,Coinbase,"Director, Premium & Wealth",Customer Experience,"Charlotte, NC",other,director,0,0,0,,232050,https://www.coinbase.com/careers/positions/8068385?gh_jid=8068385
2026-09-01,COIN,Coinbase,Engineering Manager - Customer Experience AI,Engineering - Managers,Remote - India,product_eng,mid,1,9,1,application,,https://www.coinbase.com/careers/positions/7741187?gh_jid=7741187
2026-09-01,COIN,Coinbase,Engineering Manager - Platform (FinHub - Financial Intelligence),Engineering - Managers,Remote - USA,product_eng,mid,0,3,1,application,237262,https://www.coinbase.com/careers/positions/8138031?gh_jid=8138031
2026-09-01,COIN,Coinbase,"Engineer Manager, HR Applications",Engineering - Managers,Remote - USA,product_eng,mid,0,0,0,,211085,https://www.coinbase.com/careers/positions/8154270?gh_jid=8154270
2026-09-01,COIN,Coinbase,"Forward Deployed Engineer, Compliance [Office of the CTO]",Engineering - Backend,Remote - USA,demand_validated,mid,0,6,1,application,237262,https://www.coinbase.com/careers/positions/8099099?gh_jid=8099099
2026-09-01,COIN,Coinbase,"Forward Deployed Engineer, Finance [Office of the CTO]",Engineering,Remote - USA,demand_validated,mid,0,6,1,application,237262,https://www.coinbase.com/careers/positions/8072932?gh_jid=8072932
2026-09-01,COIN,Coinbase,"Forward Deployed Engineer, Legal [Office of the CTO]",Legal & Compliance,Remote - USA,demand_validated,mid,0,6,1,application,237262,https://www.coinbase.com/careers/positions/8060884?gh_jid=8060884
2026-09-01,COIN,Coinbase,GFCO Program Manager,Customer Experience,Remote - USA,other,mid,0,0,0,,211085,https://www.coinbase.com/careers/positions/8070046?gh_jid=8070046
2026-09-01,COIN,Coinbase,"Group Product Manager, Compliance Agent Experience",Product,Remote - USA,product_eng,mid,0,4,1,application|buzz,265382,https://www.coinbase.com/careers/positions/8060662?gh_jid=8060662
2026-09-01,COIN,Coinbase,"Group Product Manager, Compliance Automation",Product,Remote - USA,product_eng,mid,0,3,1,application,265382,https://www.coinbase.com/careers/positions/7701642?gh_jid=7701642
2026-09-01,COIN,Coinbase,"Group Product Manager, Core Infrastructure & Reliability",Product,Remote - USA,product_eng,mid,0,0,0,,265382,https://www.coinbase.com/careers/positions/7997785?gh_jid=7997785
2026-09-01,COIN,Coinbase,"Group Product Manager, Developer Infrastructure",Product,Remote - USA,product_eng,mid,0,1,0,buzz,265382,https://www.coinbase.com/careers/positions/8017607?gh_jid=8017607
2026-09-01,COIN,Coinbase,"Group Product Manager, Financial Engineering ",Product,Remote - USA,product_eng,mid,0,0,0,,265382,https://www.coinbase.com/careers/positions/7789404?gh_jid=7789404
2026-09-01,COIN,Coinbase,"Head of Finance, Canada",Finance & Accounting,Remote - Canada,nontech,exec,0,0,0,,212200,https://www.coinbase.com/careers/positions/7993445?gh_jid=7993445
2026-09-01,COIN,Coinbase,Head of Product Creative ,Product,Remote - USA,other,exec,0,0,0,,265382,https://www.coinbase.com/careers/positions/7304930?gh_jid=7304930
2026-09-01,COIN,Coinbase,HR Business Partner,Finance & Accounting,Remote - USA,nontech,mid,0,0,0,,191568,https://www.coinbase.com/careers/positions/7997879?gh_jid=7997879
2026-09-01,COIN,Coinbase,Internal Audit Analyst,Finance & Accounting,Remote - USA,other,intern,0,0,0,,103415,https://www.coinbase.com/careers/positions/8031603?gh_jid=8031603
2026-09-01,COIN,Coinbase,Internal Audit Analytics Associate,Finance & Accounting,Remote - USA,other,intern,0,0,0,,127742,https://www.coinbase.com/careers/positions/8109575?gh_jid=8109575
2026-09-01,COIN,Coinbase,Internal Audit IT Associate Manager,Finance & Accounting,Remote - USA,other,intern,0,0,0,,142450,https://www.coinbase.com/careers/positions/7365422?gh_jid=7365422
2026-09-01,COIN,Coinbase,Internal Audit IT Manager,Finance & Accounting,Remote - USA,other,intern,0,0,0,,181022,https://www.coinbase.com/careers/positions/7755116?gh_jid=7755116
2026-09-01,COIN,Coinbase,Internal Audit Manager,Finance & Accounting,Remote - Luxembourg,other,intern,0,0,0,,,https://www.coinbase.com/careers/positions/8097292?gh_jid=8097292
2026-09-01,COIN,Coinbase,"Internal Audit Senior Associate, Operations & Compliance",Finance & Accounting,Remote - USA,nontech,intern,0,0,0,,124605,https://www.coinbase.com/careers/positions/8114684?gh_jid=8114684
2026-09-01,COIN,Coinbase,IT Service Desk Engineer,IT,Remote - USA,product_eng,mid,0,0,0,,105082,https://www.coinbase.com/careers/positions/8097880?gh_jid=8097880
2026-09-01,COIN,Coinbase,"Legal Ops Associate, OC Management",Legal & Compliance,Remote - USA,nontech,mid,0,0,0,,108132,https://www.coinbase.com/careers/positions/8129321?gh_jid=8129321
2026-09-01,COIN,Coinbase,Litigation Paralegal,Legal & Compliance,Remote - USA,nontech,mid,0,0,0,,114330,https://www.coinbase.com/careers/positions/8030591?gh_jid=8030591
2026-09-01,COIN,Coinbase,M&A and Accounting Policy Manager,Finance & Accounting,Remote - USA,nontech,mid,0,0,0,,185832,https://www.coinbase.com/careers/positions/8072054?gh_jid=8072054
2026-09-01,COIN,Coinbase,Machine Learning Engineer,Machine Learning,Remote - India,product_eng,mid,1,13,1,application|buzz|general_medium,,https://www.coinbase.com/careers/positions/7985187?gh_jid=7985187
2026-09-01,COIN,Coinbase,"Machine Learning Engineer, CX Intelligence",Machine Learning,Remote - Brazil,product_eng,mid,1,25,1,application|buzz|general_medium|model_infra,,https://www.coinbase.com/careers/positions/8031260?gh_jid=8031260
2026-09-01,COIN,Coinbase,"Manager, Corporate Programs",Program Management,Remote - USA,other,mid,0,3,1,application,181022,https://www.coinbase.com/careers/positions/8069671?gh_jid=8069671
2026-09-01,COIN,Coinbase,"Manager, Derivatives Compliance",Legal & Compliance,Remote - USA,other,mid,0,0,0,,195360,https://www.coinbase.com/careers/positions/8001778?gh_jid=8001778
2026-09-01,COIN,Coinbase,"Manager, GRC",Security & Privacy,Remote - USA,other,mid,0,1,0,buzz,211085,https://www.coinbase.com/careers/positions/8167666?gh_jid=8167666
2026-09-01,COIN,Coinbase,Manager of Compliance Testing and Assurance,Legal & Compliance,Hybrid - Luxembourg,other,mid,0,0,0,,,https://www.coinbase.com/careers/positions/7286062?gh_jid=7286062
2026-09-01,COIN,Coinbase,"Manager, Product Communications",Marketing & Communications,Remote - USA,nontech,mid,0,0,0,,185832,https://www.coinbase.com/careers/positions/8160771?gh_jid=8160771
2026-09-01,COIN,Coinbase,"Manager, WFM Operations",Customer Experience,Remote - USA,nontech,mid,0,9,1,application,,https://www.coinbase.com/careers/positions/8089161?gh_jid=8089161
2026-09-01,COIN,Coinbase,"Operations Manager, Bermuda",Finance & Accounting,Remote - USA,nontech,mid,0,0,0,,191568,https://www.coinbase.com/careers/positions/8022718?gh_jid=8022718
2026-09-01,COIN,Coinbase,"Operations Manager, Bermuda",Finance & Accounting,Remote - Bermuda,nontech,mid,0,0,0,,,https://www.coinbase.com/careers/positions/7927054?gh_jid=7927054
2026-09-01,COIN,Coinbase,Operations Senior Associate,International Operations,Remote - Luxembourg,nontech,senior,0,0,0,,,https://www.coinbase.com/careers/positions/8013718?gh_jid=8013718
2026-09-01,COIN,Coinbase,Payments Risk Analyst II,Customer Experience,"Hyderabad, India",other,mid,0,0,0,,,https://www.coinbase.com/careers/positions/8160090?gh_jid=8160090
2026-09-01,COIN,Coinbase,Payments Risk Analyst II,Risk & Fraud,Remote - USA,other,mid,0,0,0,,147260,https://www.coinbase.com/careers/positions/7984814?gh_jid=7984814
2026-09-01,COIN,Coinbase,"Performance Marketing Manager, Global",Marketing & Communications,Remote - USA,nontech,mid,0,3,1,application,170490,https://www.coinbase.com/careers/positions/8008372?gh_jid=8008372
2026-09-01,COIN,Coinbase,Prime Sales Trader,"Institutional Sales, Trading, and Prime Services",Remote - USA,nontech,mid,0,0,0,,171495,https://www.coinbase.com/careers/positions/8013951?gh_jid=8013951
2026-09-01,COIN,Coinbase,Principal Recruiter,HR & Recruiting,Remote - USA,nontech,staff_principal,0,0,0,,181022,https://www.coinbase.com/careers/positions/8050322?gh_jid=8050322
2026-09-01,COIN,Coinbase,Principal Recruiter,HR & Recruiting,Remote - Singapore,nontech,staff_principal,0,0,0,,212200,https://www.coinbase.com/careers/positions/8106071?gh_jid=8106071
2026-09-01,COIN,Coinbase,"Product Designer II, Design Systems",Design,Remote - USA,product_eng,mid,0,0,0,,157250,https://www.coinbase.com/careers/positions/8126896?gh_jid=8126896
2026-09-01,COIN,Coinbase,"Product Manager II, Workspace and Multi-User",Product,Remote - USA,product_eng,mid,0,0,0,,196285,https://www.coinbase.com/careers/positions/8148171?gh_jid=8148171
2026-09-01,COIN,Coinbase,"Product Marketing Manager, Prediction Markets",Marketing & Communications,Remote - USA,nontech,mid,0,0,0,,152440,https://www.coinbase.com/careers/positions/7982771?gh_jid=7982771
2026-09-01,COIN,Coinbase,"Product Marketing Manager, Prime & Markets",Marketing & Communications,Remote - USA,nontech,mid,0,0,0,,152440,https://www.coinbase.com/careers/positions/7572514?gh_jid=7572514
2026-09-01,COIN,Coinbase,Product Security Engineer,Security & Privacy,Remote - Canada,product_eng,mid,0,3,1,application,154000,https://www.coinbase.com/careers/positions/8165389?gh_jid=8165389
2026-09-01,COIN,Coinbase,Regional Threat Assessment Manager,Security & Privacy,Remote - Australia,other,mid,0,0,0,,200900,https://www.coinbase.com/careers/positions/8021644?gh_jid=8021644
2026-09-01,COIN,Coinbase,Regional Threat Assessment Manager,Security & Privacy,Remote - Singapore,other,mid,0,0,0,,212200,https://www.coinbase.com/careers/positions/8078239?gh_jid=8078239
2026-09-01,COIN,Coinbase,Regulatory Compliance Manager - Capital Markets,Legal & Compliance,Remote - Singapore,other,mid,0,0,0,,200900,https://www.coinbase.com/careers/positions/8152576?gh_jid=8152576
2026-09-01,COIN,Coinbase,Risk Manager - Country & Operational Risk,Finance & Accounting,Remote - UK,other,mid,0,3,1,application,,https://www.coinbase.com/careers/positions/7774051?gh_jid=7774051
2026-09-01,COIN,Coinbase,Risk & Monitoring Analyst IV,Customer Experience,"Dublin, Ireland",other,mid,0,0,0,,,https://www.coinbase.com/careers/positions/8030686?gh_jid=8030686
2026-09-01,COIN,Coinbase,Risk & Monitoring Analyst IV,Customer Experience,Remote - UK,other,mid,0,0,0,,,https://www.coinbase.com/careers/positions/8049976?gh_jid=8049976
2026-09-01,COIN,Coinbase,SAM Compliance Lead Analyst,Customer Experience,Hybrid - Luxembourg,other,senior,0,0,0,,,https://www.coinbase.com/careers/positions/8052192?gh_jid=8052192
2026-09-01,COIN,Coinbase,Screening Analyst II,Customer Experience,"Hyderabad, India",other,mid,0,0,0,,,https://www.coinbase.com/careers/positions/8147669?gh_jid=8147669
2026-09-01,COIN,Coinbase,"Senior Accountant, Brokerage and Derivatives",Finance & Accounting,"New York City, NY",other,senior,0,0,0,,142450,https://www.coinbase.com/careers/positions/8157661?gh_jid=8157661
2026-09-01,COIN,Coinbase,"Senior Analyst, Compliance Technology",Compliance & AML Operations,Remote - USA,other,senior,0,0,0,,182040,https://www.coinbase.com/careers/positions/8067443?gh_jid=8067443
2026-09-01,COIN,Coinbase,"Senior Analytics Engineer, GFCO Analytics",Customer Experience,Remote - USA,product_eng,senior,0,0,0,,196285,https://www.coinbase.com/careers/positions/8024880?gh_jid=8024880
2026-09-01,COIN,Coinbase,"Senior Associate, Business Development",Business Development & Partnerships,Remote - USA,other,senior,0,0,0,,174020,https://www.coinbase.com/careers/positions/8070386?gh_jid=8070386
2026-09-01,COIN,Coinbase,"Senior Associate, FCM",Finance & Accounting,Remote - USA,other,senior,0,0,0,,142450,https://www.coinbase.com/careers/positions/8060577?gh_jid=8060577
2026-09-01,COIN,Coinbase,Senior Business Controller,Finance & Accounting,Remote - USA,other,senior,0,0,0,,152440,https://www.coinbase.com/careers/positions/8096740?gh_jid=8096740
2026-09-01,COIN,Coinbase,Senior Compliance Associate,Legal & Compliance,Hybrid - Luxembourg,other,senior,0,0,0,,,https://www.coinbase.com/careers/positions/7611263?gh_jid=7611263
2026-09-01,COIN,Coinbase,"Senior Counsel, Product",Legal & Compliance,Remote - USA,nontech,senior,0,3,1,application,244848,https://www.coinbase.com/careers/positions/8069582?gh_jid=8069582
2026-09-01,COIN,Coinbase,"Senior Counsel, Shareholder Litigation",Legal & Compliance,Remote - USA,nontech,senior,0,0,0,,244848,https://www.coinbase.com/careers/positions/7994338?gh_jid=7994338
2026-09-01,COIN,Coinbase,Senior Data Scientist,Data Science,Remote - Singapore,product_eng,senior,0,0,0,,186322,https://www.coinbase.com/careers/positions/8147917?gh_jid=8147917
2026-09-01,COIN,Coinbase,"Senior Data Scientist, CX Analytics",Data Science,Remote - USA,product_eng,senior,0,7,1,application|general_medium,196185,https://www.coinbase.com/careers/positions/8009392?gh_jid=8009392
2026-09-01,COIN,Coinbase,"Senior Engineering Manager, Core Automation (Platform)",Engineering - Managers,Remote - USA,product_eng,senior,0,11,1,application|buzz,276298,https://www.coinbase.com/careers/positions/8124224?gh_jid=8124224
2026-09-01,COIN,Coinbase,Senior Enterprise Engineer - Salesforce Platform (EAA - STP),Enterprise Applications,Remote - USA,product_eng,senior,0,0,0,,191880,https://www.coinbase.com/careers/positions/7652048?gh_jid=7652048
2026-09-01,COIN,Coinbase,"Senior Enterprise Product  Marketing Manager, Base",Marketing & Communications,Remote - USA,nontech,senior,0,0,0,,185832,https://www.coinbase.com/careers/positions/8084049?gh_jid=8084049
2026-09-01,COIN,Coinbase,"Senior Finance & Strategy Analyst, Consumer",Finance & Accounting,Remote - USA,nontech,senior,0,0,0,,142450,https://www.coinbase.com/careers/positions/7993006?gh_jid=7993006
2026-09-01,COIN,Coinbase,Senior Internal Communications Manager,Marketing & Communications,Remote - USA,nontech,intern,0,1,0,buzz,223942,https://www.coinbase.com/careers/positions/8162911?gh_jid=8162911
2026-09-01,COIN,Coinbase,"Senior Internal Communications Manager, People",Marketing & Communications,Remote - USA,nontech,intern,0,0,0,,223942,https://www.coinbase.com/careers/positions/8162914?gh_jid=8162914
2026-09-01,COIN,Coinbase,Senior IT Automation Engineer,IT,Remote - India,product_eng,senior,0,0,0,,,https://www.coinbase.com/careers/positions/8054055?gh_jid=8054055
2026-09-01,COIN,Coinbase,Senior IT Automation Engineer,IT,Remote - USA,product_eng,senior,0,0,0,,123858,https://www.coinbase.com/careers/positions/8095207?gh_jid=8095207
2026-09-01,COIN,Coinbase,Senior Machine Learning Engineer,Enterprise Applications,Remote - India,product_eng,senior,1,13,1,application|buzz|general_medium,,https://www.coinbase.com/careers/positions/7739592?gh_jid=7739592
2026-09-01,COIN,Coinbase,"Senior Machine Learning Engineer, CX Intelligence ",Machine Learning,Remote - Brazil,product_eng,senior,1,13,1,application|buzz|general_medium,,https://www.coinbase.com/careers/positions/8008569?gh_jid=8008569
2026-09-01,COIN,Coinbase,"Senior Manager, Finance & Strategy",Finance & Accounting,Remote - USA,nontech,senior,0,0,0,,219132,https://www.coinbase.com/careers/positions/7948222?gh_jid=7948222
2026-09-01,COIN,Coinbase,"Senior Manager, Institutional Sales","Institutional Sales, Trading, and Prime Services",Remote - UAE,nontech,senior,0,0,0,,,https://www.coinbase.com/careers/positions/8023815?gh_jid=8023815
2026-09-01,COIN,Coinbase,"Senior Manager Product Operations, FCM Ops",Finance & Accounting,Remote - USA,nontech,senior,0,0,0,,219132,https://www.coinbase.com/careers/positions/8110496?gh_jid=8110496
2026-09-01,COIN,Coinbase,"Senior Manager, Recruiting",HR & Recruiting,Remote - USA,nontech,senior,0,0,0,,219132,https://www.coinbase.com/careers/positions/8051630?gh_jid=8051630
2026-09-01,COIN,Coinbase,"Senior Manager, Security Audit",Finance & Accounting,Remote - USA,other,senior,0,0,0,,219132,https://www.coinbase.com/careers/positions/7997926?gh_jid=7997926
2026-09-01,COIN,Coinbase,"Senior Product Designer, Coinbase One",Design,Remote - USA,product_eng,senior,0,0,0,,196285,https://www.coinbase.com/careers/positions/8114474?gh_jid=8114474
2026-09-01,COIN,Coinbase,"Senior Product Manager, CX & AI Tooling",Product,"Charlotte, NC",product_eng,senior,1,3,0,buzz|general_medium,180370,https://www.coinbase.com/careers/positions/8008033?gh_jid=8008033
2026-09-01,COIN,Coinbase,"Senior Product Manager, Help Center (CX Automation)",Enterprise Applications,Remote - India,product_eng,senior,0,7,1,application|buzz,,https://www.coinbase.com/careers/positions/8031208?gh_jid=8031208
2026-09-01,COIN,Coinbase,"Senior Product Marketing Manager, Trading ",Marketing & Communications,Remote - USA,nontech,senior,0,0,0,,185832,https://www.coinbase.com/careers/positions/8077090?gh_jid=8077090
2026-09-01,COIN,Coinbase,Senior Recruiter,HR & Recruiting,Remote - USA,nontech,senior,0,0,0,,142450,https://www.coinbase.com/careers/positions/8064788?gh_jid=8064788
2026-09-01,COIN,Coinbase,Senior Software Engineer,Engineering - Security,Remote - USA,product_eng,senior,0,0,0,,202482,https://www.coinbase.com/careers/positions/8021647?gh_jid=8021647
2026-09-01,COIN,Coinbase,Senior Software Engineer,Enterprise Applications,Remote - USA,product_eng,senior,0,0,0,,,https://www.coinbase.com/careers/positions/7961318?gh_jid=7961318
2026-09-01,COIN,Coinbase,"Senior Software Engineer, Backend (Consumer - Growth Foundations)",Engineering - Backend,Remote - Canada,product_eng,senior,0,0,0,,191100,https://www.coinbase.com/careers/positions/8092651?gh_jid=8092651
2026-09-01,COIN,Coinbase,"Senior Software Engineer, Backend (Consumer - Risk)",Engineering - Backend,Remote - Canada,product_eng,senior,0,0,0,,191100,https://www.coinbase.com/careers/positions/7930686?gh_jid=7930686
2026-09-01,COIN,Coinbase,"Senior Software Engineer, Backend - Platform (Core AI Automation)",Engineering - Backend,Remote - USA,product_eng,senior,1,17,1,application|buzz,202482,https://www.coinbase.com/careers/positions/8051871?gh_jid=8051871
2026-09-01,COIN,Coinbase,"Senior Software Engineer, Backend - Platform (Tokens & Wrapped Assets)",Engineering - Backend,Remote - USA,product_eng,senior,0,0,0,,202482,https://www.coinbase.com/careers/positions/8095252?gh_jid=8095252
2026-09-01,COIN,Coinbase,Senior Software Engineer - Blockchain Network,Engineering - Backend,Remote - USA,product_eng,senior,0,0,0,,202482,https://www.coinbase.com/careers/positions/7967649?gh_jid=7967649
2026-09-01,COIN,Coinbase,"Senior Software Engineer, Blockchain Platform Nodes",Engineering,Remote - USA,product_eng,senior,0,0,0,,202482,https://www.coinbase.com/careers/positions/8105437?gh_jid=8105437
2026-09-01,COIN,Coinbase,"Senior Software Engineer, CDP - Money Movement ",Engineering,Remote - Canada,product_eng,senior,0,0,0,,191100,https://www.coinbase.com/careers/positions/8013129?gh_jid=8013129
2026-09-01,COIN,Coinbase,"Senior Software Engineer, Compute Platform",Engineering - Infrastructure,Remote - USA,product_eng,senior,0,0,0,,202482,https://www.coinbase.com/careers/positions/7701645?gh_jid=7701645
2026-09-01,COIN,Coinbase,"Senior Software Engineer, Consumer",Engineering,Remote - Singapore,product_eng,senior,0,0,0,,191100,https://www.coinbase.com/careers/positions/8067033?gh_jid=8067033
2026-09-01,COIN,Coinbase,"Senior Software Engineer, Core AI Infrastructure",IT,Remote - USA,product_eng,senior,1,0,0,,202482,https://www.coinbase.com/careers/positions/7847431?gh_jid=7847431
2026-09-01,COIN,Coinbase,"Senior Software Engineer, Core Reliability",Engineering - Infrastructure,Remote - Canada,product_eng,senior,0,0,0,,191100,https://www.coinbase.com/careers/positions/8097944?gh_jid=8097944
2026-09-01,COIN,Coinbase,"Senior Software Engineer, Data Engineering Platform",Engineering - Backend,Remote - USA,product_eng,senior,0,1,0,buzz,202482,https://www.coinbase.com/careers/positions/8082199?gh_jid=8082199
2026-09-01,COIN,Coinbase,"Senior Software Engineer, Data Layer",Engineering - Backend,Remote - USA,product_eng,senior,0,0,0,,202482,https://www.coinbase.com/careers/positions/8064873?gh_jid=8064873
2026-09-01,COIN,Coinbase,Senior Software Engineer (EAA),Enterprise Applications,Remote - USA,product_eng,senior,0,0,0,,202482,https://www.coinbase.com/careers/positions/7483221?gh_jid=7483221
2026-09-01,COIN,Coinbase,Senior Software Engineer - Frontend - Coinbase Card team,Engineering - Frontend,Remote - USA,product_eng,senior,0,0,0,,202482,https://www.coinbase.com/careers/positions/8088201?gh_jid=8088201
2026-09-01,COIN,Coinbase,"Senior Software Engineer, Frontend (Consumer - Payments)",Engineering - Frontend,Remote - USA,product_eng,senior,0,0,0,,202482,https://www.coinbase.com/careers/positions/8029035?gh_jid=8029035
2026-09-01,COIN,Coinbase,"Senior Software Engineer, Frontend (Platform - Identity)",Engineering - Frontend,Remote - USA,product_eng,senior,0,0,0,,202482,https://www.coinbase.com/careers/positions/8165015?gh_jid=8165015
2026-09-01,COIN,Coinbase,Senior Software Engineer (Platform - Access & Authorization),Engineering - Backend,Remote - USA,product_eng,senior,0,0,0,,202482,https://www.coinbase.com/careers/positions/8146039?gh_jid=8146039
2026-09-01,COIN,Coinbase,"Senior Software Engineer, Simple Trade Experience",Engineering,Remote - USA,product_eng,senior,0,0,0,,202482,https://www.coinbase.com/careers/positions/8103569?gh_jid=8103569
2026-09-01,COIN,Coinbase,"Senior Software Engineer, Stablecoins",Engineering - Backend,Remote - USA,product_eng,senior,0,0,0,,202482,https://www.coinbase.com/careers/positions/8104873?gh_jid=8104873
2026-09-01,COIN,Coinbase,Senior Software Engineer - Trading,Engineering - Backend,Remote - Singapore,product_eng,senior,0,0,0,,191100,https://www.coinbase.com/careers/positions/7866674?gh_jid=7866674
2026-09-01,COIN,Coinbase,Senior Sourcing Analyst,Finance & Accounting,Remote - USA,other,senior,0,0,0,,142450,https://www.coinbase.com/careers/positions/8017697?gh_jid=8017697
2026-09-01,COIN,Coinbase,Senior Staff Software Engineer - Blockchain Platform,Engineering - Backend,Remote - USA,product_eng,staff_principal,0,0,0,,276298,https://www.coinbase.com/careers/positions/7366208?gh_jid=7366208
2026-09-01,COIN,Coinbase,"Senior Staff Software Engineer, Core Automation",Engineering - Backend,Remote - USA,product_eng,staff_principal,0,6,1,application,276298,https://www.coinbase.com/careers/positions/7580292?gh_jid=7580292
2026-09-01,COIN,Coinbase,"Senior Staff Software Engineer, Data Platform",Engineering,Remote - USA,product_eng,staff_principal,0,7,1,application|data_ml_ops|general_medium,276298,https://www.coinbase.com/careers/positions/7711287?gh_jid=7711287
2026-09-01,COIN,Coinbase,"Senior Staff Software Engineer, Payments",Engineering - Backend,Remote - USA,product_eng,staff_principal,0,0,0,,276298,https://www.coinbase.com/careers/positions/8056068?gh_jid=8056068
2026-09-01,COIN,Coinbase,"Senior Staff Software Engineer, Payments",Engineering - Backend,Remote - Canada,product_eng,staff_principal,0,0,0,,276298,https://www.coinbase.com/careers/positions/8060842?gh_jid=8060842
2026-09-01,COIN,Coinbase,Senior Talent Program Manager,HR & Recruiting,Remote - USA,other,senior,0,0,0,,181022,https://www.coinbase.com/careers/positions/8126484?gh_jid=8126484
2026-09-01,COIN,Coinbase,Social Support Specialist I,Customer Experience,"Manila, Philippines",nontech,mid,0,4,1,application|buzz,,https://www.coinbase.com/careers/positions/8147657?gh_jid=8147657
2026-09-01,COIN,Coinbase,Software Engineer,Enterprise Applications,"Charlotte, NC",product_eng,mid,0,0,0,,165852,https://www.coinbase.com/careers/positions/8003605?gh_jid=8003605
2026-09-01,COIN,Coinbase,"Software Engineer, CDP - Payment Acceptance ",Engineering,Remote - USA,product_eng,mid,0,0,0,,165852,https://www.coinbase.com/careers/positions/8164730?gh_jid=8164730
2026-09-01,COIN,Coinbase,"Software Engineer, CDP - Stablecoin",Engineering - Backend,Remote - Canada,product_eng,mid,0,0,0,,150150,https://www.coinbase.com/careers/positions/8092485?gh_jid=8092485
2026-09-01,COIN,Coinbase,"Software Engineer, EAA ",Enterprise Applications,Remote - Brazil,product_eng,mid,0,0,0,,,https://www.coinbase.com/careers/positions/8100066?gh_jid=8100066
2026-09-01,COIN,Coinbase,"Software Engineer, EAA Integrations",Enterprise Applications,Remote - India,product_eng,mid,0,3,1,application,,https://www.coinbase.com/careers/positions/7558051?gh_jid=7558051
2026-09-01,COIN,Coinbase,"Software Engineer, Enterprise Apps",Engineering - Backend,Remote - Brazil,product_eng,mid,0,0,0,,,https://www.coinbase.com/careers/positions/8024814?gh_jid=8024814
2026-09-01,COIN,Coinbase,"Software Engineer, Security Platform",Security & Privacy,Remote - India,product_eng,mid,0,0,0,,,https://www.coinbase.com/careers/positions/8165441?gh_jid=8165441
2026-09-01,COIN,Coinbase,Solutions Architect,"Institutional Sales, Trading, and Prime Services","Hybrid - London, UK",demand_validated,mid,0,0,0,,,https://www.coinbase.com/careers/positions/8096720?gh_jid=8096720
2026-09-01,COIN,Coinbase,Solutions Architect,"Institutional Sales, Trading, and Prime Services","Hybrid - New York, NY",demand_validated,mid,0,0,0,,170000,https://www.coinbase.com/careers/positions/8056065?gh_jid=8056065
2026-09-01,COIN,Coinbase,"Specialist, CSIRT",Security & Privacy,Remote - India,other,mid,0,0,0,,,https://www.coinbase.com/careers/positions/8122777?gh_jid=8122777
2026-09-01,COIN,Coinbase,"Specialist, Treasury & Banking Operations",Finance & Accounting,Remote - USA,nontech,mid,0,0,0,,103415,https://www.coinbase.com/careers/positions/8126403?gh_jid=8126403
2026-09-01,COIN,Coinbase,Sr. Compensation Business Partner,HR & Recruiting,Remote - USA,other,senior,0,0,0,,231065,https://www.coinbase.com/careers/positions/8024968?gh_jid=8024968
2026-09-01,COIN,Coinbase,"Sr. Staff Technical Architect, Unified Trading","Institutional Sales, Trading, and Prime Services",Remote - USA,product_eng,staff_principal,0,0,0,,276298,https://www.coinbase.com/careers/positions/8144772?gh_jid=8144772
2026-09-01,COIN,Coinbase,"Sr. Staff Technical Risk Architect, Unified Trading","Institutional Sales, Trading, and Prime Services",Remote - USA,product_eng,staff_principal,0,0,0,,276298,https://www.coinbase.com/careers/positions/8144776?gh_jid=8144776
2026-09-01,COIN,Coinbase,"Sr. Systems Analyst, Finance, Enterprise Apps ",Customer Experience,Remote - USA,nontech,senior,0,6,1,application,161968,https://www.coinbase.com/careers/positions/8154856?gh_jid=8154856
2026-09-01,COIN,Coinbase,"Staff Analytics Engineer, Compliance Data",Data Science,Remote - USA,product_eng,staff_principal,0,3,1,application,225792,https://www.coinbase.com/careers/positions/8104148?gh_jid=8104148
2026-09-01,COIN,Coinbase,"Staff Applied Data Scientist, Pricing",Data Science,Remote - USA,product_eng,staff_principal,0,2,0,general_medium,225792,https://www.coinbase.com/careers/positions/8083051?gh_jid=8083051
2026-09-01,COIN,Coinbase,"Staff Data Engineer, Market Data",Engineering,Remote - USA,product_eng,staff_principal,0,0,0,,225792,https://www.coinbase.com/careers/positions/8144836?gh_jid=8144836
2026-09-01,COIN,Coinbase," Staff Infrastructure Engineer, Trading ",Engineering,Remote - USA,product_eng,staff_principal,0,0,0,,237262,https://www.coinbase.com/careers/positions/8144769?gh_jid=8144769
2026-09-01,COIN,Coinbase,Staff IT Technical Program Manager,IT,Remote - USA,other,staff_principal,0,0,0,,161968,https://www.coinbase.com/careers/positions/8148396?gh_jid=8148396
2026-09-01,COIN,Coinbase,Staff Machine Learning Engineer(Platform - Identity),Machine Learning,Remote - USA,product_eng,staff_principal,1,21,1,application|buzz|data_ml_ops|general_medium|model_infra,237262,https://www.coinbase.com/careers/positions/7891045?gh_jid=7891045
2026-09-01,COIN,Coinbase,Staff Product Designer (Experience & Engagement),Design,Remote - USA,product_eng,staff_principal,0,1,0,buzz,225792,https://www.coinbase.com/careers/positions/8014564?gh_jid=8014564
2026-09-01,COIN,Coinbase,"Staff Product Designer, Financial Services Lead",Design,Remote - USA,product_eng,staff_principal,0,0,0,,225792,https://www.coinbase.com/careers/positions/8064324?gh_jid=8064324
2026-09-01,COIN,Coinbase,Staff Software Engineer,Engineering - Security,Remote - Israel,product_eng,staff_principal,0,0,0,,,https://www.coinbase.com/careers/positions/8021650?gh_jid=8021650
2026-09-01,COIN,Coinbase,"Staff Software Engineer, Backend (Consumer - Prediction Markets)",Engineering - Backend,Remote - USA,product_eng,staff_principal,0,0,0,,237262,https://www.coinbase.com/careers/positions/7997840?gh_jid=7997840
2026-09-01,COIN,Coinbase,"Staff Software Engineer, Backend - FinHub (Ledger)",Engineering - Backend,Remote - USA,product_eng,staff_principal,0,0,0,,237262,https://www.coinbase.com/careers/positions/8064916?gh_jid=8064916
2026-09-01,COIN,Coinbase,"Staff Software Engineer, Backend - Platform (Core AI Automation)",Engineering - Backend,Remote - USA,product_eng,staff_principal,1,10,1,application|buzz,237262,https://www.coinbase.com/careers/positions/8154983?gh_jid=8154983
2026-09-01,COIN,Coinbase,"Staff Software Engineer, Compute Platform (Routing)",Engineering - Infrastructure,Remote - USA,product_eng,staff_principal,0,0,0,,237262,https://www.coinbase.com/careers/positions/8160557?gh_jid=8160557
2026-09-01,COIN,Coinbase,"Staff Software Engineer, Core AI Infrastructure",IT,Remote - USA,product_eng,staff_principal,1,0,0,,237262,https://www.coinbase.com/careers/positions/7991691?gh_jid=7991691
2026-09-01,COIN,Coinbase,"Staff Software Engineer, Customer Administration",Enterprise Applications,Remote - India,product_eng,staff_principal,0,12,1,application,,https://www.coinbase.com/careers/positions/8054153?gh_jid=8054153
2026-09-01,COIN,Coinbase,"Staff Software Engineer, Developer Infrastructure",Engineering - Infrastructure,Remote - USA,product_eng,staff_principal,0,0,0,,237262,https://www.coinbase.com/careers/positions/7964410?gh_jid=7964410
2026-09-01,COIN,Coinbase,"Staff Software Engineer, EAA CX",Enterprise Applications,Remote - USA,product_eng,staff_principal,0,12,1,application,237262,https://www.coinbase.com/careers/positions/6784618?gh_jid=6784618
2026-09-01,COIN,Coinbase,"Staff Software Engineer, Enterprise Apps",Engineering,Remote - USA,product_eng,staff_principal,0,0,0,,237262,https://www.coinbase.com/careers/positions/8166218?gh_jid=8166218
2026-09-01,COIN,Coinbase,"Staff Software Engineer, Frontend (Consumer - Advanced Trading)",Engineering - Frontend,Remote - USA,product_eng,staff_principal,0,0,0,,237262,https://www.coinbase.com/careers/positions/7629141?gh_jid=7629141
2026-09-01,COIN,Coinbase,Staff Software Engineer (Platform - Access & Authorization),Engineering - Backend,Remote - USA,product_eng,staff_principal,0,0,0,,237262,https://www.coinbase.com/careers/positions/8114877?gh_jid=8114877
2026-09-01,COIN,Coinbase,Staff Software Engineer (Platform - Identity IDV),Engineering - Backend,Remote - USA,product_eng,staff_principal,0,0,0,,237262,https://www.coinbase.com/careers/positions/7773776?gh_jid=7773776
2026-09-01,COIN,Coinbase,"Staff Software Engineer, Security Platform",Security & Privacy,Remote - India,product_eng,staff_principal,0,0,0,,,https://www.coinbase.com/careers/positions/8167571?gh_jid=8167571
2026-09-01,COIN,Coinbase,"Staff Software Engineer, Solana Staking Protocol ",Engineering,Remote - USA,product_eng,staff_principal,0,0,0,,237262,https://www.coinbase.com/careers/positions/7684298?gh_jid=7684298
2026-09-01,COIN,Coinbase,"Staff Technical Program Manager, CX Agent Experience",Enterprise Applications,Remote - USA,other,staff_principal,0,0,0,,191568,https://www.coinbase.com/careers/positions/8047657?gh_jid=8047657
2026-09-01,COIN,Coinbase,"Strategic Finance Manager, Platform",Finance & Accounting,Remote - USA,nontech,mid,0,0,0,,190808,https://www.coinbase.com/careers/positions/8148248?gh_jid=8148248
2026-09-01,COIN,Coinbase,Strategic Program Lead,Customer Experience,Remote - USA,other,senior,0,0,0,,108630,https://www.coinbase.com/careers/positions/8083758?gh_jid=8083758
2026-09-01,COIN,Coinbase,"Supervisor, Customer Success Team",Customer Experience,Remote - Cyprus,demand_validated,mid,0,0,0,,,https://www.coinbase.com/careers/positions/8082829?gh_jid=8082829
2026-09-01,COIN,Coinbase,"Technical Program Manager, CX Intelligence & AI",Customer Experience,Remote - USA,other,mid,1,1,0,buzz,231065,https://www.coinbase.com/careers/positions/8013948?gh_jid=8013948
2026-09-01,COIN,Coinbase,"Technical Program Manager, Knowledge Systems",Customer Experience,Remote - USA,other,mid,0,21,1,application,161968,https://www.coinbase.com/careers/positions/8013892?gh_jid=8013892
2026-09-01,COIN,Coinbase,"Trade Surveillance Associate, Derivatives",Legal & Compliance,Remote - USA,other,mid,0,0,0,,118215,https://www.coinbase.com/careers/positions/8142975?gh_jid=8142975
2026-09-01,TOST,Toast,Android Software Engineer,R & D : Engineering : Guest,"Dublin, Ireland",product_eng,mid,0,9,1,application,,https://careers.toasttab.com/jobs?gh_jid=8038744
2026-09-01,TOST,Toast,Bilingual Growth Account Executive - Mandarin,Sales : Upsell Sales AEs,"Seattle, WA",demand_validated,mid,0,0,0,,176000,https://careers.toasttab.com/jobs?gh_jid=8046512
2026-09-01,TOST,Toast,"Bilingual Strategic Cuisines Account Executive (Mandarin ) - Los Angeles, CA		",Sales : Strategic Cuisines Sales AEs,"Los Angeles, CA",demand_validated,mid,0,0,0,,166500,https://careers.toasttab.com/jobs?gh_jid=7094382
2026-09-01,TOST,Toast,Bilingual Strategic Cuisines Account Executive (Mandarin) - Toronto,Sales : International,Toronto,demand_validated,mid,0,0,0,,162500,https://careers.toasttab.com/jobs?gh_jid=8106804
2026-09-01,TOST,Toast,Bilingual Strategic Cuisines Account Executive (Mandarin ) - West Coast 	,Sales : Strategic Cuisines Sales AEs,"Seattle, WA ",demand_validated,mid,0,0,0,,176000,https://careers.toasttab.com/jobs?gh_jid=7976926
2026-09-01,TOST,Toast,Bilingual Strategic Cuisines Account Executive (Mandarin ) - West Coast 	,Sales : Strategic Cuisines Sales AEs,"San Diego, CA ",demand_validated,mid,0,0,0,,176000,https://careers.toasttab.com/jobs?gh_jid=8109020
2026-09-01,TOST,Toast,Bilingual Strategic Cuisines Account Executive (Mandarin ) - West Coast 	,Sales : Strategic Cuisines Sales AEs,"San Francisco, CA ",demand_validated,mid,0,0,0,,176000,https://careers.toasttab.com/jobs?gh_jid=8109019
2026-09-01,TOST,Toast,Bilingual Strategic Cuisines Account Executive - Spanish,Sales : Strategic Cuisines Sales AEs,"East Houston, TX",demand_validated,mid,0,0,0,,150000,https://careers.toasttab.com/jobs?gh_jid=8106826
2026-09-01,TOST,Toast,Bilingual Strategic Cuisines Account Executive (Spanish),Sales : Strategic Cuisines Sales AEs,"South Houston, TX",demand_validated,mid,0,0,0,,150000,https://careers.toasttab.com/jobs?gh_jid=8096836
2026-09-01,TOST,Toast,"Bilingual Strategic Cuisines Account Executive (Spanish) - Albuquerque, NM",Sales : Strategic Cuisines Sales AEs,"Albuquerque, New Mexico ",demand_validated,mid,0,0,0,,150000,https://careers.toasttab.com/jobs?gh_jid=8031372
2026-09-01,TOST,Toast,"Bilingual Strategic Cuisines Account Executive (Spanish) - East LA, CA",Sales : Strategic Cuisines Sales AEs,"East LA, CA",demand_validated,mid,0,0,0,,166500,https://careers.toasttab.com/jobs?gh_jid=8080108
2026-09-01,TOST,Toast,"Bilingual Strategic Cuisines Account Executive (Spanish) - Elizabeth, NJ",Sales : Strategic Cuisines Sales AEs,"Elizabeth, NJ ",demand_validated,mid,0,0,0,,192500,https://careers.toasttab.com/jobs?gh_jid=8157323
2026-09-01,TOST,Toast,"Bilingual Strategic Cuisines Account Executive (Spanish) - Newark, NJ",Sales : Strategic Cuisines Sales AEs,"Newark, NJ ",demand_validated,mid,0,0,0,,192500,https://careers.toasttab.com/jobs?gh_jid=8094648
2026-09-01,TOST,Toast,Bilingual Strategic Cuisines Account Executive (Spanish) - OKC/Tulsa,Sales : Strategic Cuisines Sales AEs,"OKC/Tulsa, OK",demand_validated,mid,0,0,0,,150000,https://careers.toasttab.com/jobs?gh_jid=8052229
2026-09-01,TOST,Toast,"Bilingual Strategic Cuisines Account Executive (Spanish) - Pomona, CA",Sales : Strategic Cuisines Sales AEs,"Pomona, CA",demand_validated,mid,0,0,0,,166500,https://careers.toasttab.com/jobs?gh_jid=8080096
2026-09-01,TOST,Toast,"Bilingual Strategic Cuisines Account Executive (Spanish) - Portland, OR",Sales : Strategic Cuisines Sales AEs,"Portland,OR",demand_validated,mid,0,0,0,,166500,https://careers.toasttab.com/jobs?gh_jid=8108742
2026-09-01,TOST,Toast,"Bilingual Strategic Cuisines Account Executive (Spanish) - Santa Fe, NM",Sales : Strategic Cuisines Sales AEs,"Santa Fe, New Mexico ",demand_validated,mid,0,0,0,,150000,https://careers.toasttab.com/jobs?gh_jid=8031509
2026-09-01,TOST,Toast,"Bilingual Strategic Cuisines Account Executive (Spanish) - South Austin, TX",Sales : Strategic Cuisines Sales AEs,"Austin, TX",demand_validated,mid,0,0,0,,166500,https://careers.toasttab.com/jobs?gh_jid=8094646
2026-09-01,TOST,Toast,"Bilingual Strategic Cuisines Account Executive (Spanish) - Southeast Cities, CA",Sales : Strategic Cuisines Sales AEs,"Riverside, CA",demand_validated,mid,0,0,0,,166500,https://careers.toasttab.com/jobs?gh_jid=8142566
2026-09-01,TOST,Toast,"Bilingual Strategic Cuisines Flex Account Executive - Boston, MA (Spanish)",Sales : Strategic Cuisines Sales AEs,"Boston, MA",demand_validated,mid,0,0,0,,166500,https://careers.toasttab.com/jobs?gh_jid=8096851
2026-09-01,TOST,Toast,Bilingual Strategic Cuisines Flex Account Executive - Brownsville TX (Spanish),Sales : Strategic Cuisines Sales AEs,"Brownsville, TX",demand_validated,mid,0,0,0,,150000,https://careers.toasttab.com/jobs?gh_jid=8146078
2026-09-01,TOST,Toast,"Bilingual Strategic Cuisines Flex Account Executive - Dallas, TX (Spanish)",Sales : Strategic Cuisines Sales AEs,"Dallas, TX",demand_validated,mid,0,0,0,,150000,https://careers.toasttab.com/jobs?gh_jid=8105159
2026-09-01,TOST,Toast,"Bilingual Strategic Cuisines Flex Account Executive - Houston, TX (Spanish)",Sales : Strategic Cuisines Sales AEs,"Houston, TX",demand_validated,mid,0,0,0,,150000,https://careers.toasttab.com/jobs?gh_jid=8096841
2026-09-01,TOST,Toast,"Bilingual Strategic Cuisines Flex Account Executive - New York, NY (Spanish)",Sales : Strategic Cuisines Sales AEs,"New York, NY",demand_validated,mid,0,0,0,,192500,https://careers.toasttab.com/jobs?gh_jid=8109314
2026-09-01,TOST,Toast,"Bilingual Strategic Cuisines Flex Account Executive - San Angelo, TX (Spanish)",Sales : Strategic Cuisines Sales AEs,"San Angelo, TX",demand_validated,mid,0,0,0,,150000,https://careers.toasttab.com/jobs?gh_jid=8146082
2026-09-01,TOST,Toast,Bilingual Strategic Cuisines Flex Account Executive (Spanish),Sales : Strategic Cuisines Sales AEs,"Los Angeles, CA",demand_validated,mid,0,0,0,,166500,https://careers.toasttab.com/jobs?gh_jid=8096843
2026-09-01,TOST,Toast,Bilingual Strategic Cuisines Flex Account Executive (Thai) ,Sales : Strategic Cuisines Sales AEs,"Los Angeles, CA",demand_validated,mid,0,0,0,,166500,https://careers.toasttab.com/jobs?gh_jid=8112971
2026-09-01,TOST,Toast,Bilingual Strategic Cuisines Flex Account Executive (Thai) ,Sales : Strategic Cuisines Sales AEs,"Chicago, IL ",demand_validated,mid,0,0,0,,166500,https://careers.toasttab.com/jobs?gh_jid=8113001
2026-09-01,TOST,Toast,Bilingual Strategic Cuisines Flex Account Executive (Thai) ,Sales : Strategic Cuisines Sales AEs,"Washington, D.C. ",demand_validated,mid,0,0,0,,166500,https://careers.toasttab.com/jobs?gh_jid=8131006
2026-09-01,TOST,Toast,Bilingual Strategic Cuisines Flex Account Executive (Thai) ,Sales : Strategic Cuisines Sales AEs,"Atlanta, GA",demand_validated,mid,0,0,0,,150000,https://careers.toasttab.com/jobs?gh_jid=8113015
2026-09-01,TOST,Toast,"Bilingual Strategic Cuisines Flex Account Executive - Washington, D.C. (Spanish)",Sales : Strategic Cuisines Sales AEs,"Washington, D.C.",demand_validated,mid,0,0,0,,166500,https://careers.toasttab.com/jobs?gh_jid=8109325
2026-09-01,TOST,Toast,"Bilingual Territory Account Executive , Retail (Spanish) - San Antonio: West",Sales : Retail Sales AEs,"San Antonio, TX ",demand_validated,mid,0,0,0,,166500,https://careers.toasttab.com/jobs?gh_jid=7851543
2026-09-01,TOST,Toast,Bookkeeper (Founding Member),Customer Success : Customer Care : Supplier & Accounting,"Boston, MA",other,mid,0,0,0,,102500,https://careers.toasttab.com/jobs?gh_jid=8079182
2026-09-01,TOST,Toast,Business Development Representative (Enterprise)- International,Sales : International,"Remote, US",other,intern,0,0,0,,89500,https://careers.toasttab.com/jobs?gh_jid=8162092
2026-09-01,TOST,Toast,Business Development Representative - Retail,Sales : Retail Sales Acceleration,Remote,other,mid,0,0,0,,89500,https://careers.toasttab.com/jobs?gh_jid=8051420
2026-09-01,TOST,Toast,"Central Jersey Shore District Manager, SMB",Sales : SMB Field Sales DMs,"Lakewood, NJ",other,mid,0,0,0,,274500,https://careers.toasttab.com/jobs?gh_jid=8095392
2026-09-01,TOST,Toast,"Central Jersey Shore District Manager, SMB",Sales : SMB Field Sales DMs,"Red Bank, NJ",other,mid,0,0,0,,274500,https://careers.toasttab.com/jobs?gh_jid=8167539
2026-09-01,TOST,Toast,"Central Valley, CA Strategic Cuisines Account Executive - Spanish",Sales : Strategic Cuisines Sales AEs,"Monterey, CA",demand_validated,mid,0,0,0,,176000,https://careers.toasttab.com/jobs?gh_jid=8157849
2026-09-01,TOST,Toast,"Central Valley, CA Strategic Cuisines Account Executive - Spanish",Sales : Strategic Cuisines Sales AEs,"Modesto, CA",demand_validated,mid,0,0,0,,176000,https://careers.toasttab.com/jobs?gh_jid=8157846
2026-09-01,TOST,Toast,"Community Manager, Consumer",R & D : Product : Consumer,"Boston, MA",other,mid,0,0,0,,108000,https://careers.toasttab.com/jobs?gh_jid=8121915
2026-09-01,TOST,Toast,"Customer Care Expert, Enterprise",Customer Success : Customer Care : Enterprise,"Omaha, NE",other,mid,0,0,0,,,https://careers.toasttab.com/jobs?gh_jid=8143721
2026-09-01,TOST,Toast,Customer Care Specialist - US Payroll,Customer Success : Customer Care : Employee Cloud,Chennai,nontech,mid,0,0,0,,,https://careers.toasttab.com/jobs?gh_jid=8096111
2026-09-01,TOST,Toast,Customer Care Specialist  - xtraCHEF,Customer Success : Customer Care : Supplier & Accounting,Chennai,other,mid,0,0,0,,,https://careers.toasttab.com/jobs?gh_jid=8158804
2026-09-01,TOST,Toast,Customer Care Tax Expert,Customer Success : Customer Care : Employee Cloud,"Remote, United States",other,mid,0,0,0,,,https://careers.toasttab.com/jobs?gh_jid=8097331
2026-09-01,TOST,Toast,Customer Growth Sales Account Executive,Sales : Upsell Sales AEs,"Westerville, OH",demand_validated,mid,0,0,0,,150000,https://careers.toasttab.com/jobs?gh_jid=8147381
2026-09-01,TOST,Toast,Customer Growth Sales Account Executive,Sales : Upsell Sales AEs,"Newark, OH",demand_validated,mid,0,0,0,,150000,https://careers.toasttab.com/jobs?gh_jid=8147380
2026-09-01,TOST,Toast,Customer Growth Sales Account Executive,Sales : Upsell Sales AEs,"Dublin, OH",demand_validated,mid,0,0,0,,150000,https://careers.toasttab.com/jobs?gh_jid=8147379
2026-09-01,TOST,Toast,Customer Growth Sales Account Executive,Sales : Upsell Sales AEs,"Delaware, OH",demand_validated,mid,0,0,0,,150000,https://careers.toasttab.com/jobs?gh_jid=8147377
2026-09-01,TOST,Toast,Customer Growth Sales Account Executive,Sales : Upsell Sales AEs,"Columbus, OH",demand_validated,mid,0,0,0,,150000,https://careers.toasttab.com/jobs?gh_jid=8067675
2026-09-01,TOST,Toast,Customer Growth Sales Account Executive,Sales : Upsell Sales AEs,"Salt Lake City, UT",demand_validated,mid,0,0,0,,150000,https://careers.toasttab.com/jobs?gh_jid=8139426
2026-09-01,TOST,Toast,Data Scientist II,R & D : Foundations : AI,"Remote, USA",product_eng,mid,0,24,1,application|buzz|data_ml_ops|general_medium|model_infra,133000,https://careers.toasttab.com/jobs?gh_jid=7984730
2026-09-01,TOST,Toast,Data Scientist II,R & D : Foundations : AI,Canada,product_eng,mid,0,24,1,application|buzz|data_ml_ops|general_medium|model_infra,123000,https://careers.toasttab.com/jobs?gh_jid=8052241
2026-09-01,TOST,Toast,"District Manager, SMB- Atlanta, GA",Sales : SMB Field Sales DMs,"Atlanta, GA",other,mid,0,0,0,,214500,https://careers.toasttab.com/jobs?gh_jid=8166806
2026-09-01,TOST,Toast,"Engineering Manager 2, Real-Time Analytics",R & D : Engineering : Commerce,"Dublin, Ireland ",product_eng,mid,0,3,1,application,,https://careers.toasttab.com/jobs?gh_jid=8129949
2026-09-01,TOST,Toast,Engineering Manager II - Internationalization ,R & D : Engineering : International,"Dublin, Ireland ",product_eng,intern,0,0,0,,,https://careers.toasttab.com/jobs?gh_jid=7988540
2026-09-01,TOST,Toast,Field Implementation Technician I,COGS : Services COGS : International Horizon 2,"Sydney, Australia",demand_validated,mid,0,0,0,,,https://careers.toasttab.com/jobs?gh_jid=8152849
2026-09-01,TOST,Toast,Field Sales Account Executive,Sales : International,"London, UK",demand_validated,mid,0,0,0,,,https://careers.toasttab.com/jobs?gh_jid=7979311
2026-09-01,TOST,Toast,"Flex Territory Account Executive, SMB - East Bay/Napa",Sales : SMB Field Sales AEs,"San Francisco, CA",demand_validated,mid,0,0,0,,176000,https://careers.toasttab.com/jobs?gh_jid=8125695
2026-09-01,TOST,Toast,Frontend Software Engineer II - Technical Operations,R & D : Cloud Service Infra : Infrastructure Services,"Dublin, Ireland",product_eng,mid,0,6,1,application,,https://careers.toasttab.com/jobs?gh_jid=8099332
2026-09-01,TOST,Toast,Golf Territory Account Executive- Canada,Sales : International,"Toronto, Ontario, Canada",demand_validated,mid,0,0,0,,170500,https://careers.toasttab.com/jobs?gh_jid=8035738
2026-09-01,TOST,Toast,"GTM Engineer - Sales Workflow Automation, Revenue Intelligence",Sales : Growth Operations,"Remote, US",product_eng,mid,0,6,1,application,143000,https://careers.toasttab.com/jobs?gh_jid=7947082
2026-09-01,TOST,Toast,"Implementation Consultant III, ENT Drive Thru/Menu Boards",Onboarding : Core,"Remote, US",demand_validated,mid,0,0,0,,111000,https://careers.toasttab.com/jobs?gh_jid=8121574
2026-09-01,TOST,Toast,"Indianapolis, IN District Sales Manager ",Sales : SMB Field Sales DMs,"Indianapolis, IN",nontech,mid,0,0,0,,214500,https://careers.toasttab.com/jobs?gh_jid=8106828
2026-09-01,TOST,Toast,Inside Account Executive,Sales : International,"Kitchener, Ontario, Canada",demand_validated,mid,0,0,0,,170500,https://careers.toasttab.com/jobs?gh_jid=8088325
2026-09-01,TOST,Toast,Inside Account Executive,Sales : International,"Waterloo, Ontario, Canada",demand_validated,mid,0,0,0,,170500,https://careers.toasttab.com/jobs?gh_jid=8093040
2026-09-01,TOST,Toast,Inside Account Executive,Sales : International,"Guelph, Ontario, Canada",demand_validated,mid,0,0,0,,170500,https://careers.toasttab.com/jobs?gh_jid=8093044
2026-09-01,TOST,Toast,Inside Account Executive ,Sales : International,"London, UK",demand_validated,mid,0,0,0,,,https://careers.toasttab.com/jobs?gh_jid=8038726
2026-09-01,TOST,Toast,IT Help Desk Analyst,G & A : BTT : IT Operations,Chennai,other,mid,0,0,0,,,https://careers.toasttab.com/jobs?gh_jid=8161239
2026-09-01,TOST,Toast,IT HelpDesk Analyst,G & A : BTT : IT Operations,"Bengaluru, Karnataka, India",other,mid,0,3,1,application,,https://careers.toasttab.com/jobs?gh_jid=8029831
2026-09-01,TOST,Toast,Lead Credit Underwriter - Retail,G & A : Fintech Risk,"Bengaluru , Karnataka , India",other,senior,0,0,0,,,https://careers.toasttab.com/jobs?gh_jid=7972183
2026-09-01,TOST,Toast,Lead Fraud Risk Analyst,G & A : Fintech Risk,Bangalore,other,senior,0,1,0,buzz,,https://careers.toasttab.com/jobs?gh_jid=8109032
2026-09-01,TOST,Toast,Lead Salesforce Developer,"R & D : BTT : Finance, Orders & Subscriptions Engineering","Bangalore , Karnataka , India",product_eng,senior,0,0,0,,,https://careers.toasttab.com/jobs?gh_jid=7795649
2026-09-01,TOST,Toast,Lead Salesforce Developer,"R & D : BTT : Operations, Sales & Marketing Engineering","Remote, USA",product_eng,senior,0,0,0,,185000,https://careers.toasttab.com/jobs?gh_jid=8121665
2026-09-01,TOST,Toast,Lead Salesforce Developer,"R & D : BTT : Operations, Sales & Marketing Engineering","Bangalore, India",product_eng,senior,0,3,1,application,,https://careers.toasttab.com/jobs?gh_jid=8079399
2026-09-01,TOST,Toast,Manager - Customer Care,Customer Success : Customer Care : POS,"Bengaluru, Karnataka, India",other,mid,0,0,0,,,https://careers.toasttab.com/jobs?gh_jid=8158791
2026-09-01,TOST,Toast,"Manager, Customer Care - Payroll",Customer Success : Customer Care : Employee Cloud,Chennai,nontech,mid,0,0,0,,,https://careers.toasttab.com/jobs?gh_jid=8158569
2026-09-01,TOST,Toast,"Manager II, Software Engineering",R & D : Engineering : Commerce,"Bengaluru, Karnataka, India",product_eng,mid,0,0,0,,,https://careers.toasttab.com/jobs?gh_jid=8059342
2026-09-01,TOST,Toast,Manager - India Tax & Operations,G & A : Finance Tax & Accounting Executive,Bangalore,nontech,mid,0,0,0,,,https://careers.toasttab.com/jobs?gh_jid=8099054
2026-09-01,TOST,Toast,"Manager, Managed Marketing",Services : Guest Suite Operations,"Remote, US",nontech,mid,0,0,0,,137000,https://careers.toasttab.com/jobs?gh_jid=7979863
2026-09-01,TOST,Toast,"Manager, UK Product Partnerships",Sales : Business Development,"London, UK",other,mid,0,0,0,,,https://careers.toasttab.com/jobs?gh_jid=8102938
2026-09-01,TOST,Toast,"Midland/Odessa, TX - Strategic Cuisines Account Executive - Spanish",Sales : Strategic Cuisines Sales AEs,"Midland/Odessa, TX",demand_validated,mid,0,0,0,,150000,https://careers.toasttab.com/jobs?gh_jid=8076756
2026-09-01,TOST,Toast,Mid Market Account Executive,Sales : International,"London, UK",demand_validated,mid,0,0,0,,,https://careers.toasttab.com/jobs?gh_jid=8157220
2026-09-01,TOST,Toast,Mid Market Account Executive- Canada,Sales : International,"Toronto, Ontario, Canada",demand_validated,mid,0,0,0,,265000,https://careers.toasttab.com/jobs?gh_jid=8157218
2026-09-01,TOST,Toast,Mid Market Account Executive- Canada,Sales : International,"Vancouver, British Columbia, Canada ",demand_validated,mid,0,0,0,,265000,https://careers.toasttab.com/jobs?gh_jid=8159754
2026-09-01,TOST,Toast,"Mid-Market Sales Manager, Retail",Sales : Retail Sales Management,"Remote, United States",nontech,mid,0,0,0,,212500,https://careers.toasttab.com/jobs?gh_jid=8157146
2026-09-01,TOST,Toast,"North Bay, CA Strategic Cuisines Account Executive - Spanish",Sales : Strategic Cuisines Sales AEs,"Santa Rosa, CA",demand_validated,mid,0,0,0,,176000,https://careers.toasttab.com/jobs?gh_jid=8142355
2026-09-01,TOST,Toast,"North San Diego, CA Strategic Cuisines Account Executive - Spanish",Sales : Strategic Cuisines Sales AEs,"San Diego, CA",demand_validated,mid,0,0,0,,176000,https://careers.toasttab.com/jobs?gh_jid=8142323
2026-09-01,TOST,Toast,"Onboarding Consultant I, SMB - Bilingual Thai",Onboarding : Core : Strategic Cuisines,"Remote, US",other,mid,0,0,0,,67500,https://careers.toasttab.com/jobs?gh_jid=8145097
2026-09-01,TOST,Toast,"Onboarding Consultant I, SMB - Bilingual Vietnamese",Onboarding : Core : Strategic Cuisines,"Remote, US",other,mid,0,0,0,,67500,https://careers.toasttab.com/jobs?gh_jid=8145099
2026-09-01,TOST,Toast,PeopleHub Coordinator,G & A : Talent Operations,Chennai,other,mid,0,0,0,,,https://careers.toasttab.com/jobs?gh_jid=8158798
2026-09-01,TOST,Toast,Principal HR Business Partner (G&A),G & A : People Success,Remote - US,nontech,staff_principal,0,0,0,,189500,https://careers.toasttab.com/jobs?gh_jid=8153090
2026-09-01,TOST,Toast,Principal HR Business Partner (G&A),G & A : People Success,"Toronto, ON",nontech,staff_principal,0,0,0,,165000,https://careers.toasttab.com/jobs?gh_jid=8154226
2026-09-01,TOST,Toast,Principal HR Business Partner (R&D),G & A : People Success,Remote - USA,nontech,staff_principal,0,0,0,,189500,https://careers.toasttab.com/jobs?gh_jid=7997177
2026-09-01,TOST,Toast,Principal HR Business Partner (R&D),G & A : People Success,"Toronto, ON",nontech,staff_principal,0,0,0,,165000,https://careers.toasttab.com/jobs?gh_jid=8001324
2026-09-01,TOST,Toast,"Principal Product Manager, Enterprise Change Management",R & D : Product : Commerce,"Remote, US ",product_eng,staff_principal,0,3,1,application,226500,https://careers.toasttab.com/jobs?gh_jid=7733118
2026-09-01,TOST,Toast,"Principal Product Manager, Enterprise Data Solutions ",R & D : BTT : Enterprise Data,"Remote, US",product_eng,staff_principal,0,3,1,application,226500,https://careers.toasttab.com/jobs?gh_jid=8164100
2026-09-01,TOST,Toast,"Principal Product Manager, International Mid-Market",R & D : Product : International,"London, United Kingdom",product_eng,intern,0,0,0,,,https://careers.toasttab.com/jobs?gh_jid=8141220
2026-09-01,TOST,Toast,"Principal Product Manager, International Mid-Market",R & D : Product : International,"Dublin, Ireland",product_eng,intern,0,0,0,,,https://careers.toasttab.com/jobs?gh_jid=8127661
2026-09-01,TOST,Toast,Principal Software Engineer,R & D : Engineering : Commerce,"Bengaluru, Karnataka, India",product_eng,staff_principal,0,0,0,,,https://careers.toasttab.com/jobs?gh_jid=7845688
2026-09-01,TOST,Toast,Principal Software Engineer,R & D : Engineering : Team,"Dublin, Ireland",product_eng,staff_principal,0,9,1,application,,https://careers.toasttab.com/jobs?gh_jid=8079612
2026-09-01,TOST,Toast,Principal Software Engineer,R & D : Engineering : Team,"Remote, US",product_eng,staff_principal,0,6,1,application,274000,https://careers.toasttab.com/jobs?gh_jid=8159140
2026-09-01,TOST,Toast,Principal Software Engineer - AI Foundations,R & D : Cloud Service Infra : AI Foundations,"Dublin, Ireland",product_eng,staff_principal,1,11,1,application|buzz|data_ml_ops,,https://careers.toasttab.com/jobs?gh_jid=7835829
2026-09-01,TOST,Toast,"Principal Software Engineer, Configuration Platform ",R & D : Engineering : Commerce,"Remote, US ",product_eng,staff_principal,0,0,0,,274000,https://careers.toasttab.com/jobs?gh_jid=8103307
2026-09-01,TOST,Toast,"Principal Software Engineer, Data Platform",R & D : Engineering : Commerce,"Dublin, Ireland",product_eng,staff_principal,0,2,0,data_ml_ops,,https://careers.toasttab.com/jobs?gh_jid=8048737
2026-09-01,TOST,Toast,"Principal Software Engineer, Toast Partner Connect",R & D : Engineering : Commerce,Bangalore,product_eng,staff_principal,0,4,1,application|buzz,,https://careers.toasttab.com/jobs?gh_jid=8068781
2026-09-01,TOST,Toast,"Principal Technical Program Manager, Toast IQ",R & D : Product : Customer Experience Platform,"Remote, US ",other,staff_principal,0,6,1,application,216000,https://careers.toasttab.com/jobs?gh_jid=8054004
2026-09-01,TOST,Toast,Restaurant Accounting Lead,Customer Success : Customer Care : Supplier & Accounting,"Boston, MA",nontech,senior,0,0,0,,102500,https://careers.toasttab.com/jobs?gh_jid=8126429
2026-09-01,TOST,Toast,"Retail Account Executive (Calgary, AB)",Sales : International Retail,"Calgary, Alberta, Canada",demand_validated,mid,0,0,0,,165000,https://careers.toasttab.com/jobs?gh_jid=7982315
2026-09-01,TOST,Toast,Retail Revenue Operations: Sales & Onboarding Operations- Canada,Sales : Retail Sales Enablement,Remote,nontech,mid,0,7,1,application|buzz,135000,https://careers.toasttab.com/jobs?gh_jid=8155567
2026-09-01,TOST,Toast,"Retail Sales District Manager - Toronto, ON",Sales : Retail Sales Management,"Toronto, Canada ",nontech,mid,0,0,0,,260000,https://careers.toasttab.com/jobs?gh_jid=8025810
2026-09-01,TOST,Toast,Retail Sales Enablement Manager,Sales : Retail Sales Enablement,"Boston, MA",nontech,mid,0,0,0,,116500,https://careers.toasttab.com/jobs?gh_jid=8144310
2026-09-01,TOST,Toast,Sales Development Representative - International (CAN),Sales : International,"Toronto, Canada",nontech,intern,0,0,0,,84500,https://careers.toasttab.com/jobs?gh_jid=8154990
2026-09-01,TOST,Toast,"San Francisco, CA Strategic Cuisines Account Executive - Thai",Sales : Strategic Cuisines Sales AEs,"San Francisco, CA",demand_validated,mid,0,0,0,,166500,https://careers.toasttab.com/jobs?gh_jid=8147847
2026-09-01,TOST,Toast,"Seattle, WA Strategic Cuisines District Sales Manager (Mandarin Speaking) ",Sales : Strategic Cuisines Sales Management,"Seattle, WA",nontech,mid,0,0,0,,274500,https://careers.toasttab.com/jobs?gh_jid=8129991
2026-09-01,TOST,Toast,"Senior Associate, Strategic Finance (International)",G & A : Strategic Finance,San Francisco,nontech,intern,0,0,0,,152000,https://careers.toasttab.com/jobs?gh_jid=8147506
2026-09-01,TOST,Toast,"Senior Associate, Strategic Finance (International)",G & A : Strategic Finance,New York City,nontech,intern,0,0,0,,152000,https://careers.toasttab.com/jobs?gh_jid=8147502
2026-09-01,TOST,Toast,"Senior Associate, Strategic Finance (International)",G & A : Strategic Finance,Boston,nontech,intern,0,0,0,,132500,https://careers.toasttab.com/jobs?gh_jid=8122630
2026-09-01,TOST,Toast,"Senior Business Systems Analyst, Care Automation","G & A : BTT : Operations, Sales & Marketing Product","Remote, US",other,senior,0,3,1,application,134500,https://careers.toasttab.com/jobs?gh_jid=8147451
2026-09-01,TOST,Toast,Senior Customer Care Tech Specialist,Customer Success : Customer Care : POS,"Bengaluru, Karnataka, India",other,senior,0,0,0,,,https://careers.toasttab.com/jobs?gh_jid=8103428
2026-09-01,TOST,Toast,"Senior Director of Engineering, Developer and Agent Experience",R & D : Cloud Service Infra,"Remote, United States",product_eng,director,0,9,1,application,374000,https://careers.toasttab.com/jobs?gh_jid=7977158
2026-09-01,TOST,Toast,"Senior Director of Engineering, Developer and Agent Experience",R & D : Cloud Service Infra,"Dublin, IRE",product_eng,director,0,9,1,application,,https://careers.toasttab.com/jobs?gh_jid=8094855
2026-09-01,TOST,Toast,"Senior Director of Product, International",R & D : Product : International,"London, UK",other,intern,0,0,0,,,https://careers.toasttab.com/jobs?gh_jid=8147296
2026-09-01,TOST,Toast,"Senior Director, Revenue Accounting",G & A : Finance Revenue Accounting,"Boston, Massachusetts, United States",nontech,director,0,0,0,,253500,https://careers.toasttab.com/jobs?gh_jid=8081585
2026-09-01,TOST,Toast,"Senior Director, Revenue Accounting",G & A : Finance Revenue Accounting,"New York, New York, United States",nontech,director,0,0,0,,291000,https://careers.toasttab.com/jobs?gh_jid=8069625
2026-09-01,TOST,Toast,"Senior Director, Revenue Accounting",G & A : Finance Revenue Accounting,"San Francisco, California, United States",nontech,director,0,0,0,,291000,https://careers.toasttab.com/jobs?gh_jid=8081588
2026-09-01,TOST,Toast,Senior Full-stack Engineer,R & D : Cloud Service Infra : Infrastructure Services,"Dublin, Ireland",product_eng,senior,0,6,1,application,,https://careers.toasttab.com/jobs?gh_jid=8158892
2026-09-01,TOST,Toast,"Senior Full Stack Engineer, Web & Ecommerce",Marketing : Web & eComm,Remote,product_eng,senior,0,0,0,,134500,https://careers.toasttab.com/jobs?gh_jid=8077263
2026-09-01,TOST,Toast,"Senior Manager, International Partnerships ",Marketing : International,"Sydney, Australia",other,intern,0,0,0,,,https://careers.toasttab.com/jobs?gh_jid=8079451
2026-09-01,TOST,Toast,"Senior Principal Software Engineer, GTM",R & D : Engineering : Customer Experience Platform,"Remote, US",product_eng,staff_principal,0,1,0,buzz,320000,https://careers.toasttab.com/jobs?gh_jid=7791610
2026-09-01,TOST,Toast,"Senior Product Designer, Web Tools",Marketing : Demand Generation,Remote,product_eng,senior,0,3,0,buzz|general_medium,113500,https://careers.toasttab.com/jobs?gh_jid=8102934
2026-09-01,TOST,Toast,"Senior Product Manager, Toast Now",R & D : Product : Commerce,"Remote, US",product_eng,senior,0,0,0,,189500,https://careers.toasttab.com/jobs?gh_jid=7979861
2026-09-01,TOST,Toast,Senior Software Engineer,R & D : Engineering : Commerce,"Dublin, Ireland",product_eng,senior,0,0,0,,,https://careers.toasttab.com/jobs?gh_jid=8104971
2026-09-01,TOST,Toast,Senior Software Engineer - AI Pod,R & D : Cloud Service Infra : AI Foundations,"Dublin, Ireland",product_eng,senior,1,18,1,application|buzz|data_ml_ops,,https://careers.toasttab.com/jobs?gh_jid=7982262
2026-09-01,TOST,Toast,"Senior Software Engineer, Analytics & Search ",R & D : Engineering : Commerce,"Dublin, Ireland",product_eng,senior,0,6,1,application,,https://careers.toasttab.com/jobs?gh_jid=8129966
2026-09-01,TOST,Toast,"Senior Software Engineer, Android",R & D : Engineering : Delphi,"California, USA",product_eng,senior,0,0,0,,179500,https://careers.toasttab.com/jobs?gh_jid=7550881
2026-09-01,TOST,Toast,Senior Software Engineer - Data Integration,R & D : Cloud Service Infra : Infrastructure Services,"Dublin, Ireland",product_eng,senior,0,6,1,application,,https://careers.toasttab.com/jobs?gh_jid=8147153
2026-09-01,TOST,Toast,"Senior Software Engineer, Enterprise",R & D : Engineering : Enterprise,"Remote, Canada",product_eng,senior,0,0,0,,140000,https://careers.toasttab.com/jobs?gh_jid=7587088
2026-09-01,TOST,Toast,"Senior Software Engineer (Fullstack), Digital Storefront",R & D : Product : Guest,"Remote, US",product_eng,senior,0,0,0,,189500,https://careers.toasttab.com/jobs?gh_jid=7819344
2026-09-01,TOST,Toast,"Senior Software Engineer, IAM",R & D : Engineering : Enterprise,"Dublin, Ireland",product_eng,senior,0,0,0,,,https://careers.toasttab.com/jobs?gh_jid=8099127
2026-09-01,TOST,Toast,Senior Software Engineer - Infrastructure,R & D : Cloud Service Infra : Platform Infrastructure,"Dublin, Ireland",product_eng,senior,0,0,0,,,https://careers.toasttab.com/jobs?gh_jid=7773180
2026-09-01,TOST,Toast,"Senior Software Engineering Manager, ToastNow",R & D : Engineering : Customer Experience Platform,Remote US,product_eng,senior,0,0,0,,274000,https://careers.toasttab.com/jobs?gh_jid=8144016
2026-09-01,TOST,Toast,Senior Software  Engineer – (Java Full Stack),R & D : Engineering : Supplier & Accounting,Chennai,product_eng,senior,0,0,0,,,https://careers.toasttab.com/jobs?gh_jid=8022865
2026-09-01,TOST,Toast,"Senior Software Engineer, Retail Grocery",R & D : Engineering : Retail,"Remote, US",product_eng,senior,0,0,0,,189500,https://careers.toasttab.com/jobs?gh_jid=8065545
2026-09-01,TOST,Toast,"Senior Software Engineer, Scheduling ",R & D : Engineering : Team,"Toronto, Canada",product_eng,senior,0,0,0,,150000,https://careers.toasttab.com/jobs?gh_jid=7861725
2026-09-01,TOST,Toast,"Senior Solutions Consultant, Enterprise",Sales : Enterprise Solutions,Remote,other,senior,0,0,0,,169000,https://careers.toasttab.com/jobs?gh_jid=8097746
2026-09-01,TOST,Toast,"Senior/Staff Software Engineer, Care Experience",R & D : Engineering : Guest,"Toronto, ON",product_eng,staff_principal,0,0,0,,150000,https://careers.toasttab.com/jobs?gh_jid=7888090
2026-09-01,TOST,Toast,"Senior Talent Acquisition Partner, GTM Contractor",G & A : Recruiting,Remote - USA,other,senior,0,0,0,,,https://careers.toasttab.com/jobs?gh_jid=6909101
2026-09-01,TOST,Toast,Software Engineer II,R & D : Engineering : Team,"Dublin, Ireland",product_eng,mid,0,0,0,,,https://careers.toasttab.com/jobs?gh_jid=7895560
2026-09-01,TOST,Toast,"Software Engineer, Orders API",R & D : Engineering : Commerce,"Boston, MA",product_eng,mid,0,0,0,,158500,https://careers.toasttab.com/jobs?gh_jid=8039434
2026-09-01,TOST,Toast,Staff Data Scientist,R & D : Engineering : Commerce,"Remote, USA",product_eng,staff_principal,0,27,1,application|buzz|data_ml_ops|general_medium|model_infra,202500,https://careers.toasttab.com/jobs?gh_jid=8029049
2026-09-01,TOST,Toast,Staff Data Scientist,R & D : Engineering : Commerce,Canada,product_eng,staff_principal,0,27,1,application|buzz|data_ml_ops|general_medium|model_infra,165000,https://careers.toasttab.com/jobs?gh_jid=8052293
2026-09-01,TOST,Toast,"Staff Software Engineer, AI Agent",R & D : Engineering : Team,Dublin,product_eng,staff_principal,1,9,1,application,,https://careers.toasttab.com/jobs?gh_jid=7742525
2026-09-01,TOST,Toast,"Staff Software Engineer, AI Pod ",R & D : Cloud Service Infra : AI Foundations,"Dublin, Ireland ",product_eng,staff_principal,1,18,1,application|buzz|data_ml_ops,,https://careers.toasttab.com/jobs?gh_jid=7838652
2026-09-01,TOST,Toast,"Staff Software Engineer, Android",R & D : Engineering : Delphi,Remote USA ,product_eng,staff_principal,0,0,0,,230000,https://careers.toasttab.com/jobs?gh_jid=7735338
2026-09-01,TOST,Toast,"Staff Software Engineer, Backend ",R & D : Engineering : Hardware Device Software,"Remote, US ",product_eng,staff_principal,0,0,0,,230000,https://careers.toasttab.com/jobs?gh_jid=8046934
2026-09-01,TOST,Toast,"Staff Software Engineer, Team Agent",R & D : Engineering : Team,Dublin,product_eng,staff_principal,0,9,1,application,,https://careers.toasttab.com/jobs?gh_jid=7846611
2026-09-01,TOST,Toast,"Staff Software Engineer, Tech Lead ",R & D : Engineering : Team,"Remote, Canada",product_eng,staff_principal,0,0,0,,184500,https://careers.toasttab.com/jobs?gh_jid=7747181
2026-09-01,TOST,Toast,"Staff Software Engineer, Tech Lead ",R & D : Engineering : Commerce,"Remote, US ",product_eng,staff_principal,0,0,0,,230000,https://careers.toasttab.com/jobs?gh_jid=8038159
2026-09-01,TOST,Toast,"Staff Software Engineer, Voice AI Platform",R & D : Engineering : Commerce,"Remote, US",product_eng,staff_principal,1,7,1,application|buzz,230000,https://careers.toasttab.com/jobs?gh_jid=8131117
2026-09-01,TOST,Toast,"Strategic Cuisines Account Executive, Spanish - Central, CA",Sales : Strategic Cuisines Sales AEs,"Bakersfield, CA",demand_validated,mid,0,0,0,,176000,https://careers.toasttab.com/jobs?gh_jid=8147826
2026-09-01,TOST,Toast,"Strategic Cuisines Account Executive, Spanish - Central, CA",Sales : Strategic Cuisines Sales AEs,"San Luis Obispo, CA",demand_validated,mid,0,0,0,,176000,https://careers.toasttab.com/jobs?gh_jid=8122281
2026-09-01,TOST,Toast,"Strategic Cuisines Account Executive - Spanish - Tri-Valley, CA",Sales : Strategic Cuisines Sales AEs,"Livermore, CA",demand_validated,mid,0,0,0,,176000,https://careers.toasttab.com/jobs?gh_jid=8147858
2026-09-01,TOST,Toast,"Strategic Cuisines Flex Account Executive, Korean - West Coast",Sales : Strategic Cuisines Sales AEs,"Los Angeles, CA",demand_validated,mid,0,0,0,,176000,https://careers.toasttab.com/jobs?gh_jid=8096822
2026-09-01,TOST,Toast,"Strategic Cuisines Flex Account Executive, Mandarin - Central",Sales : Strategic Cuisines Sales AEs,"Chicago, IL",demand_validated,mid,0,0,0,,176000,https://careers.toasttab.com/jobs?gh_jid=8106806
2026-09-01,TOST,Toast,"Strategic Cuisines Flex Account Executive, Mandarin - Florida",Sales : Strategic Cuisines Sales AEs,"Orlando, FL",demand_validated,mid,0,0,0,,176000,https://careers.toasttab.com/jobs?gh_jid=8106808
2026-09-01,TOST,Toast,"Strategic Cuisines Flex Account Executive, Mandarin - Florida",Sales : Strategic Cuisines Sales AEs,"Fort Lauderdale, FL",demand_validated,mid,0,0,0,,176000,https://careers.toasttab.com/jobs?gh_jid=8130801
2026-09-01,TOST,Toast,"Strategic Cuisines Flex Account Executive, Vietnamese - West Coast",Sales : Strategic Cuisines Sales AEs,"Los Angeles, CA",demand_validated,mid,0,0,0,,176000,https://careers.toasttab.com/jobs?gh_jid=8096834
2026-09-01,TOST,Toast,Strategic Cuisines - Korean AE (Central),Sales : Strategic Cuisines Sales AEs,"Atlanta, GA",other,mid,0,0,0,,176000,https://careers.toasttab.com/jobs?gh_jid=8147836
2026-09-01,TOST,Toast,Strategic Cuisines - Korean AE (Central),Sales : Strategic Cuisines Sales AEs,"Kansas City, MO",other,mid,0,0,0,,176000,https://careers.toasttab.com/jobs?gh_jid=8147838
2026-09-01,TOST,Toast,Strategic Cuisines - Korean AE (Central),Sales : Strategic Cuisines Sales AEs,"Chicago, IL",other,mid,0,0,0,,176000,https://careers.toasttab.com/jobs?gh_jid=8147833
2026-09-01,TOST,Toast,"Strategic Finance Manager, Go-To-Market",G & A : Strategic Finance,San Francisco,nontech,mid,0,1,0,buzz,186000,https://careers.toasttab.com/jobs?gh_jid=7931720
2026-09-01,TOST,Toast,"Strategic Finance Manager, Go-To-Market",G & A : Strategic Finance,New York City,nontech,mid,0,1,0,buzz,186000,https://careers.toasttab.com/jobs?gh_jid=7931717
2026-09-01,TOST,Toast,"Strategic Finance Manager, Go-To-Market",G & A : Strategic Finance,Boston,nontech,mid,0,1,0,buzz,162500,https://careers.toasttab.com/jobs?gh_jid=7917362
2026-09-01,TOST,Toast,Strategic Finance Senior Associate ,G & A : Strategic Finance,Boston,nontech,senior,0,0,0,,132500,https://careers.toasttab.com/jobs?gh_jid=8083373
2026-09-01,TOST,Toast,Strategic Finance Senior Associate ,G & A : Strategic Finance,San Francisco,nontech,senior,0,0,0,,152000,https://careers.toasttab.com/jobs?gh_jid=8105851
2026-09-01,TOST,Toast,Strategic Finance Senior Associate ,G & A : Strategic Finance,New York City,nontech,senior,0,0,0,,152000,https://careers.toasttab.com/jobs?gh_jid=8105852
2026-09-01,TOST,Toast,"Strategic Markets Account Executive, SMB - Richmond, CA",Sales : SMB Field Sales AEs,"Richmond, CA",demand_validated,mid,0,0,0,,176000,https://careers.toasttab.com/jobs?gh_jid=8125697
2026-09-01,TOST,Toast,Tech Lead - Software Engineering ,R & D : Engineering : Team,"Dublin, Ireland",product_eng,senior,0,0,0,,,https://careers.toasttab.com/jobs?gh_jid=7731560
2026-09-01,TOST,Toast,"Technical Support Expert, Enterprise",Customer Success : Customer Care : Enterprise,"Omaha, NE",nontech,mid,0,0,0,,,https://careers.toasttab.com/jobs?gh_jid=8156922
2026-09-01,TOST,Toast,Territory Account Executive,Sales : International,"Birmingham, UK",demand_validated,mid,0,0,0,,,https://careers.toasttab.com/jobs?gh_jid=8140231
2026-09-01,TOST,Toast,Territory Account Executive,Sales : International : Horizon 2,"Sydney, Australia",demand_validated,mid,0,0,0,,,https://careers.toasttab.com/jobs?gh_jid=8094879
2026-09-01,TOST,Toast,Territory Account Executive- Brampton/Mississauga,Sales : International,"Mississauga, Ontario, Canada",demand_validated,mid,0,0,0,,170500,https://careers.toasttab.com/jobs?gh_jid=8096162
2026-09-01,TOST,Toast,Territory Account Executive- East Ottawa,Sales : International,"Ottawa, Ontario, Canada",demand_validated,mid,0,0,0,,170500,https://careers.toasttab.com/jobs?gh_jid=8088329
2026-09-01,TOST,Toast,Territory Account Executive-Melbourne,Sales : International : Horizon 2,"Melbourne, Australia",demand_validated,mid,0,0,0,,,https://careers.toasttab.com/jobs?gh_jid=8122273
2026-09-01,TOST,Toast,Territory Account Executive-Oakville/Burlington,Sales : International,"Oakville, Ontario, Canada",demand_validated,mid,0,0,0,,170500,https://careers.toasttab.com/jobs?gh_jid=8102936
2026-09-01,TOST,Toast,"Territory Account Executive, Retail ",Sales : Retail Sales AEs,"Memphis, TN",demand_validated,mid,0,0,0,,150000,https://careers.toasttab.com/jobs?gh_jid=8164781
2026-09-01,TOST,Toast,"Territory Account Executive, Retail - Alaska",Sales : Retail Sales AEs,Alaska,demand_validated,mid,0,0,0,,150000,https://careers.toasttab.com/jobs?gh_jid=8047274
2026-09-01,TOST,Toast,"Territory Account Executive , Retail - Appleton, WI		",Sales : Retail Sales AEs,"Appleton, WI",demand_validated,mid,0,0,0,,150000,https://careers.toasttab.com/jobs?gh_jid=8070333
2026-09-01,TOST,Toast,"Territory Account Executive, Retail - Arlington Heights, IL",Sales : Retail Sales AEs,"Arlington Heights, IL",demand_validated,mid,0,0,0,,166500,https://careers.toasttab.com/jobs?gh_jid=8036903
2026-09-01,TOST,Toast,"Territory Account Executive, Retail - Baltimore",Sales : Retail Sales AEs,"Baltimore, MD",demand_validated,mid,0,0,0,,166500,https://careers.toasttab.com/jobs?gh_jid=8047291
2026-09-01,TOST,Toast,"Territory Account Executive, Retail - Bellevue, WA",Sales : Retail Sales AEs,"Bellevue, WA",demand_validated,mid,0,0,0,,192500,https://careers.toasttab.com/jobs?gh_jid=7507105
2026-09-01,TOST,Toast,"Territory Account Executive, Retail - Bentonville/Ft. Smith",Sales : Retail Sales AEs,"Bentonville, AR",demand_validated,mid,0,0,0,,150000,https://careers.toasttab.com/jobs?gh_jid=8067483
2026-09-01,TOST,Toast,"Territory Account Executive , Retail - Blacksburg, VA",Sales : Retail Sales AEs,"Blacksburg, VA",demand_validated,mid,0,0,0,,150000,https://careers.toasttab.com/jobs?gh_jid=8060749
2026-09-01,TOST,Toast,"Territory Account Executive, Retail - Brighton Beach, NY",Sales : Retail Sales AEs,"Brighton Beach, NY",demand_validated,mid,0,0,0,,192500,https://careers.toasttab.com/jobs?gh_jid=7843764
2026-09-01,TOST,Toast,"Territory Account Executive, Retail - Bronx, NY",Sales : Retail Sales AEs,"Bronx, NY",demand_validated,mid,0,0,0,,192500,https://careers.toasttab.com/jobs?gh_jid=7842808
2026-09-01,TOST,Toast,"Territory Account Executive, Retail - Burlington, VT",Sales : Retail Sales Management,"Burlington, VT",demand_validated,mid,0,0,0,,150000,https://careers.toasttab.com/jobs?gh_jid=7575004
2026-09-01,TOST,Toast,"Territory Account Executive, Retail - Cambridge/Somerville",Sales : Retail Sales AEs,"Cambridge, MA",demand_validated,mid,0,0,0,,166500,https://careers.toasttab.com/jobs?gh_jid=8047408
2026-09-01,TOST,Toast,"Territory Account Executive, Retail - Cambridge/Somerville",Sales : Retail Sales AEs,"Salem, MA",demand_validated,mid,0,0,0,,166500,https://careers.toasttab.com/jobs?gh_jid=8047409
2026-09-01,TOST,Toast,"Territory Account Executive, Retail - Cambridge/Somerville",Sales : Retail Sales AEs,"Boston, MA",demand_validated,mid,0,0,0,,166500,https://careers.toasttab.com/jobs?gh_jid=8047293
2026-09-01,TOST,Toast,"Territory Account Executive, Retail - Canton, OH",Sales : Retail Sales AEs,"Canton, OH",demand_validated,mid,0,0,0,,150000,https://careers.toasttab.com/jobs?gh_jid=8055258
2026-09-01,TOST,Toast,"Territory Account Executive, Retail  - Carmel, IN",Sales : Retail Sales AEs,"Carmel, IN",demand_validated,mid,0,0,0,,150000,https://careers.toasttab.com/jobs?gh_jid=8119854
2026-09-01,TOST,Toast,"Territory Account Executive , Retail - Charlottesville, VA",Sales : Retail Sales AEs,"Charlottesville, VA",demand_validated,mid,0,0,0,,150000,https://careers.toasttab.com/jobs?gh_jid=8159490
2026-09-01,TOST,Toast,"Territory Account Executive, Retail - Cheyenne, WY",Sales : Retail Sales AEs,"Cheyenne, WY",demand_validated,mid,0,0,0,,150000,https://careers.toasttab.com/jobs?gh_jid=7812881
2026-09-01,TOST,Toast,"Territory Account Executive, Retail - Clifton, NJ",Sales : Retail Sales AEs,"Clifton, NJ",demand_validated,mid,0,0,0,,192500,https://careers.toasttab.com/jobs?gh_jid=8164850
2026-09-01,TOST,Toast,"Territory Account Executive, Retail - Columbus, GA",Sales : Retail Sales AEs,"Columbus, GA",demand_validated,mid,0,0,0,,150000,https://careers.toasttab.com/jobs?gh_jid=7473660
2026-09-01,TOST,Toast,"Territory Account Executive, Retail - Columbus North ",Sales : Retail Sales AEs,"Newark, OH",demand_validated,mid,0,0,0,,150000,https://careers.toasttab.com/jobs?gh_jid=8067599
2026-09-01,TOST,Toast,"Territory Account Executive, Retail - Columbus North ",Sales : Retail Sales AEs,"Dublin, OH",demand_validated,mid,0,0,0,,150000,https://careers.toasttab.com/jobs?gh_jid=8052453
2026-09-01,TOST,Toast,"Territory Account Executive, Retail - Columbus North ",Sales : Retail Sales AEs,"Westerville, OH",demand_validated,mid,0,0,0,,150000,https://careers.toasttab.com/jobs?gh_jid=8067601
2026-09-01,TOST,Toast,"Territory Account Executive, Retail - Columbus North ",Sales : Retail Sales AEs,"Columbus, OH",demand_validated,mid,0,0,0,,150000,https://careers.toasttab.com/jobs?gh_jid=8052380
2026-09-01,TOST,Toast,"Territory Account Executive, Retail - Coney Island, NY",Sales : Retail Sales AEs,"Coney Island, NY",demand_validated,mid,0,0,0,,192500,https://careers.toasttab.com/jobs?gh_jid=7838921
2026-09-01,TOST,Toast,"Territory Account Executive , Retail - Conway, SC",Sales : Retail Sales AEs,"Conway, SC",demand_validated,mid,0,0,0,,150000,https://careers.toasttab.com/jobs?gh_jid=8060765
2026-09-01,TOST,Toast,"Territory Account Executive , Retail - Covington, GA",Sales : Retail Sales AEs,"Covington, GA",demand_validated,mid,0,0,0,,150000,https://careers.toasttab.com/jobs?gh_jid=8118757
2026-09-01,TOST,Toast,"Territory Account Executive , Retail - Decatur, GA",Sales : Retail Sales AEs,"Decatur, GA",demand_validated,mid,0,0,0,,150000,https://careers.toasttab.com/jobs?gh_jid=8109795
2026-09-01,TOST,Toast,"Territory Account Executive, Retail - Des Plaines, IL",Sales : Retail Sales AEs,"Des Plaines, IL",demand_validated,mid,0,0,0,,166500,https://careers.toasttab.com/jobs?gh_jid=8036907
2026-09-01,TOST,Toast,"Territory Account Executive, Retail - Detroit, MI",Sales : Retail Sales AEs,"Detroit, Michigan",demand_validated,mid,0,0,0,,150000,https://careers.toasttab.com/jobs?gh_jid=8049264
2026-09-01,TOST,Toast,"Territory Account Executive, Retail - Downers Grove, IL",Sales : Retail Sales AEs,"Downers Grove, IL",demand_validated,mid,0,0,0,,166500,https://careers.toasttab.com/jobs?gh_jid=7843880
2026-09-01,TOST,Toast,"Territory Account Executive, Retail - East Cleveland",Sales : Retail Sales AEs,"Cleveland, OH",demand_validated,mid,0,0,0,,150000,https://careers.toasttab.com/jobs?gh_jid=8055259
2026-09-01,TOST,Toast,"Territory Account Executive, Retail - East Orange, NJ",Sales : Retail Sales AEs,"East Orange, NJ",demand_validated,mid,0,0,0,,192500,https://careers.toasttab.com/jobs?gh_jid=8164846
2026-09-01,TOST,Toast,"Territory Account Executive, Retail - Elmhurst, IL",Sales : Retail Sales AEs,"Elmhurst, IL",demand_validated,mid,0,0,0,,166500,https://careers.toasttab.com/jobs?gh_jid=7838923
2026-09-01,TOST,Toast,"Territory Account Executive, Retail - El Paso (Spanish/Bilingual)",Sales : Retail Sales AEs,"El Paso, TX",demand_validated,mid,0,0,0,,150000,https://careers.toasttab.com/jobs?gh_jid=8047287
2026-09-01,TOST,Toast,"Territory Account Executive, Retail - Erie, PA",Sales : Retail Sales AEs,"Erie, PA",demand_validated,mid,0,0,0,,166500,https://careers.toasttab.com/jobs?gh_jid=8094584
2026-09-01,TOST,Toast,"Territory Account Executive, Retail- Evansville, IN",Sales : Retail Sales AEs,"Evansville, IN",demand_validated,mid,0,0,0,,150000,https://careers.toasttab.com/jobs?gh_jid=8164783
2026-09-01,TOST,Toast,"Territory Account Executive, Retail - Fairfield/Bridgeport/Danbury",Sales : Retail Sales AEs,"Fairfield, Connecticut",demand_validated,mid,0,0,0,,166500,https://careers.toasttab.com/jobs?gh_jid=7576807
2026-09-01,TOST,Toast,"Territory Account Executive, Retail - Fort Collins, CO",Sales : Retail Sales AEs,"Fort Collins, CO",demand_validated,mid,0,0,0,,166500,https://careers.toasttab.com/jobs?gh_jid=7901920
2026-09-01,TOST,Toast,"Territory Account Executive, Retail - Fort Worth",Sales : Retail Sales AEs,"Mansfield, TX",demand_validated,mid,0,0,0,,150000,https://careers.toasttab.com/jobs?gh_jid=7826544
2026-09-01,TOST,Toast,"Territory Account Executive, Retail - Fort Worth",Sales : Retail Sales AEs,Fort Worth TX,demand_validated,mid,0,0,0,,150000,https://careers.toasttab.com/jobs?gh_jid=7815811
2026-09-01,TOST,Toast,"Territory Account Executive, Retail - Fort Worth",Sales : Retail Sales AEs,"Weatherford, TX ",demand_validated,mid,0,0,0,,150000,https://careers.toasttab.com/jobs?gh_jid=7826532
2026-09-01,TOST,Toast,"Territory Account Executive, Retail - Fort Worth",Sales : Retail Sales AEs,"Arlington, TX ",demand_validated,mid,0,0,0,,150000,https://careers.toasttab.com/jobs?gh_jid=7826529
2026-09-01,TOST,Toast,"Territory Account Executive, Retail - Fort Worth",Sales : Retail Sales AEs,"Colleyville, TX ",demand_validated,mid,0,0,0,,150000,https://careers.toasttab.com/jobs?gh_jid=7826547
2026-09-01,TOST,Toast,"Territory Account Executive, Retail- Frankfort KY",Sales : Retail Sales AEs,"Frankfort, KY",demand_validated,mid,0,0,0,,150000,https://careers.toasttab.com/jobs?gh_jid=8031231
2026-09-01,TOST,Toast,"Territory Account Executive, Retail - Garden City, NY",Sales : Retail Sales AEs,"Garden City, NY",demand_validated,mid,0,0,0,,192500,https://careers.toasttab.com/jobs?gh_jid=7843098
2026-09-01,TOST,Toast,"Territory Account Executive, Retail - Greeley, CO",Sales : Retail Sales AEs,"Greeley, CO",demand_validated,mid,0,0,0,,166500,https://careers.toasttab.com/jobs?gh_jid=7812883
2026-09-01,TOST,Toast,"Territory Account Executive , Retail - Green Bay, WI		",Sales : Retail Sales AEs,"Green Bay, WI",demand_validated,mid,0,0,0,,150000,https://careers.toasttab.com/jobs?gh_jid=8049007
2026-09-01,TOST,Toast,"Territory Account Executive, Retail - Hempstead, NY",Sales : Retail Sales AEs,"Hempstead, NY",demand_validated,mid,0,0,0,,192500,https://careers.toasttab.com/jobs?gh_jid=7838917
2026-09-01,TOST,Toast,"Territory Account Executive, Retail- Henderson, KY",Sales : Retail Sales AEs,"Henderson, KY",demand_validated,mid,0,0,0,,150000,https://careers.toasttab.com/jobs?gh_jid=8164829
2026-09-01,TOST,Toast,"Territory Account Executive, Retail - Huntsville, AL",Sales : Retail Sales AEs,"Huntsville, AL",demand_validated,mid,0,0,0,,150000,https://careers.toasttab.com/jobs?gh_jid=7838947
2026-09-01,TOST,Toast,"Territory Account Executive, Retail- Indianapolis, IN",Sales : Retail Sales AEs,"Indianapolis, IN",demand_validated,mid,0,0,0,,150000,https://careers.toasttab.com/jobs?gh_jid=8031017
2026-09-01,TOST,Toast,"Territory Account Executive, Retail- Jeffersonville, IN",Sales : Retail Sales AEs,"Jeffersonville, IN",demand_validated,mid,0,0,0,,150000,https://careers.toasttab.com/jobs?gh_jid=8125655
2026-09-01,TOST,Toast,"Territory Account Executive, Retail - Lafayette, IN",Sales : Retail Sales AEs,"Lafayette, IN",demand_validated,mid,0,0,0,,150000,https://careers.toasttab.com/jobs?gh_jid=8125778
2026-09-01,TOST,Toast,"Territory Account Executive, Retail - Levittown, NY",Sales : Retail Sales AEs,"Levittown, NY",demand_validated,mid,0,0,0,,192500,https://careers.toasttab.com/jobs?gh_jid=7843109
2026-09-01,TOST,Toast,"Territory Account Executive, Retail - Lexington KY",Sales : Retail Sales AEs,"Lexington, KY",demand_validated,mid,0,0,0,,150000,https://careers.toasttab.com/jobs?gh_jid=8024446
2026-09-01,TOST,Toast,"Territory Account Executive, Retail- Louisville, KY",Sales : Retail Sales AEs,"Louisville, KY",demand_validated,mid,0,0,0,,150000,https://careers.toasttab.com/jobs?gh_jid=8125515
2026-09-01,TOST,Toast,"Territory Account Executive, Retail - Loveland, CO",Sales : Retail Sales AEs,"Loveland, CO",demand_validated,mid,0,0,0,,166500,https://careers.toasttab.com/jobs?gh_jid=7812884
2026-09-01,TOST,Toast,"Territory Account Executive, Retail - Middlebury, VT",Sales : Retail Sales Management,"Middlebury, VT ",demand_validated,mid,0,0,0,,150000,https://careers.toasttab.com/jobs?gh_jid=7658165
2026-09-01,TOST,Toast,"Territory Account Executive , Retail - Minneapolis, MN",Sales : Retail Sales AEs,"Minneapolis, MN",demand_validated,mid,0,0,0,,150000,https://careers.toasttab.com/jobs?gh_jid=8065333
2026-09-01,TOST,Toast,"Territory Account Executive, Retail - Montgomery, AL",Sales : Retail Sales AEs,"Montgomery, AL",demand_validated,mid,0,0,0,,150000,https://careers.toasttab.com/jobs?gh_jid=7473217
2026-09-01,TOST,Toast,"Territory Account Executive, Retail - Mount Prospect, IL",Sales : Retail Sales AEs,"Mount Prospect, IL",demand_validated,mid,0,0,0,,166500,https://careers.toasttab.com/jobs?gh_jid=8036894
2026-09-01,TOST,Toast,"Territory Account Executive , Retail - Myrtle Beach, SC",Sales : Retail Sales AEs,"Myrtle Beach, SC",demand_validated,mid,0,0,0,,150000,https://careers.toasttab.com/jobs?gh_jid=8047272
2026-09-01,TOST,Toast,"Territory Account Executive, Retail - Nashville: East",Sales : Retail Sales AEs,"Nashville, TN",demand_validated,mid,0,0,0,,150000,https://careers.toasttab.com/jobs?gh_jid=8026391
2026-09-01,TOST,Toast,"Territory Account Executive, Retail- New Albany, IN",Sales : Retail Sales AEs,"New Albany, IN",demand_validated,mid,0,0,0,,150000,https://careers.toasttab.com/jobs?gh_jid=8125653
2026-09-01,TOST,Toast,"Territory Account Executive, Retail - Newark, NJ",Sales : Retail Sales AEs,"Newark, NJ",demand_validated,mid,0,0,0,,192500,https://careers.toasttab.com/jobs?gh_jid=8155033
2026-09-01,TOST,Toast,"Territory Account Executive, Retail- Newburgh, IN",Sales : Retail Sales AEs,"Newburgh, IN",demand_validated,mid,0,0,0,,150000,https://careers.toasttab.com/jobs?gh_jid=8164827
2026-09-01,TOST,Toast,"Territory Account Executive, Retail - New Haven, CT",Sales : Retail Sales AEs,"New Haven, CT ",demand_validated,mid,0,0,0,,166500,https://careers.toasttab.com/jobs?gh_jid=7536201
2026-09-01,TOST,Toast,"Territory Account Executive, Retail - North Evanston, IL",Sales : Retail Sales AEs,"Evanston, IL",demand_validated,mid,0,0,0,,166500,https://careers.toasttab.com/jobs?gh_jid=8031032
2026-09-01,TOST,Toast,"Territory Account Executive, Retail - North Jacksonville, FL",Sales : Retail Sales AEs,"Jacksonville, FL",demand_validated,mid,0,0,0,,150000,https://careers.toasttab.com/jobs?gh_jid=7822496
2026-09-01,TOST,Toast,"Territory Account Executive , Retail - North Myrtle Beach, SC",Sales : Retail Sales AEs,"North Myrtle Beach, SC",demand_validated,mid,0,0,0,,150000,https://careers.toasttab.com/jobs?gh_jid=8060766
2026-09-01,TOST,Toast,"Territory Account Executive, Retail - Oak Brook, IL",Sales : Retail Sales AEs,"Oak Brook, IL",demand_validated,mid,0,0,0,,166500,https://careers.toasttab.com/jobs?gh_jid=7843849
2026-09-01,TOST,Toast,"Territory Account Executive , Retail - Oshkosh, WI	",Sales : Retail Sales AEs,"Oshkosh, WI",demand_validated,mid,0,0,0,,150000,https://careers.toasttab.com/jobs?gh_jid=8070328
2026-09-01,TOST,Toast,"Territory Account Executive, Retail - Paterson, NJ",Sales : Retail Sales AEs,"Paterson, NJ",demand_validated,mid,0,0,0,,192500,https://careers.toasttab.com/jobs?gh_jid=7982317
2026-09-01,TOST,Toast,"Territory Account Executive, Retail - Pensacola",Sales : Retail Sales AEs,"Pensacola, FL",demand_validated,mid,0,0,0,,150000,https://careers.toasttab.com/jobs?gh_jid=8055429
2026-09-01,TOST,Toast,"Territory Account Executive, Retail - Phenix City, AL",Sales : Retail Sales AEs,"Phenix City, AL",demand_validated,mid,0,0,0,,150000,https://careers.toasttab.com/jobs?gh_jid=8042228
2026-09-01,TOST,Toast,"Territory Account Executive, Retail - Prattville, AL",Sales : Retail Sales AEs,"Prattville, AL",demand_validated,mid,0,0,0,,150000,https://careers.toasttab.com/jobs?gh_jid=8042243
2026-09-01,TOST,Toast,"Territory Account Executive, Retail - Queens, NY",Sales : Retail Sales AEs,"Queens, NY",demand_validated,mid,0,0,0,,192500,https://careers.toasttab.com/jobs?gh_jid=7842772
2026-09-01,TOST,Toast,"Territory Account Executive , Retail - Roanoke, VA",Sales : Retail Sales AEs,"Roanoke, VA",demand_validated,mid,0,0,0,,150000,https://careers.toasttab.com/jobs?gh_jid=8060752
2026-09-01,TOST,Toast,"Territory Account Executive , Retail - Rochester, MN",Sales : Retail Sales AEs,"Rochester, MN",demand_validated,mid,0,0,0,,150000,https://careers.toasttab.com/jobs?gh_jid=8049221
2026-09-01,TOST,Toast,"Territory Account Executive , Retail - Saint Paul, MN",Sales : Retail Sales AEs,"Saint Paul, MN",demand_validated,mid,0,0,0,,150000,https://careers.toasttab.com/jobs?gh_jid=8049237
2026-09-01,TOST,Toast,"Territory Account Executive , Retail - Salem, VA",Sales : Retail Sales AEs,"Salem, VA",demand_validated,mid,0,0,0,,150000,https://careers.toasttab.com/jobs?gh_jid=8048975
2026-09-01,TOST,Toast,"Territory Account Executive, Retail - Salt Lake City",Sales : Retail Sales AEs,"Salt Lake City, UT",demand_validated,mid,0,0,0,,150000,https://careers.toasttab.com/jobs?gh_jid=7842769
2026-09-01,TOST,Toast,"Territory Account Executive, Retail - Savannah, GA",Sales : Retail Sales AEs,"Savannah, GA",demand_validated,mid,0,0,0,,150000,https://careers.toasttab.com/jobs?gh_jid=8015634
2026-09-01,TOST,Toast,"Territory Account Executive, Retail - Scranton",Sales : Retail Sales AEs,"Scranton, PA",demand_validated,mid,0,0,0,,166500,https://careers.toasttab.com/jobs?gh_jid=8049262
2026-09-01,TOST,Toast,"Territory Account Executive, Retail - Seattle, WA",Sales : Retail Sales AEs,"Seattle, WA",demand_validated,mid,0,0,0,,192500,https://careers.toasttab.com/jobs?gh_jid=7506371
2026-09-01,TOST,Toast,"Territory Account Executive, Retail - Sheepshead Bay, NY",Sales : Retail Sales AEs,"Sheepshead Bay, NY",demand_validated,mid,0,0,0,,192500,https://careers.toasttab.com/jobs?gh_jid=7843767
2026-09-01,TOST,Toast,"Territory Account Executive, Retail - Sioux Falls",Sales : Retail Sales AEs,"Sioux Falls, SD",demand_validated,mid,0,0,0,,150000,https://careers.toasttab.com/jobs?gh_jid=7930749
2026-09-01,TOST,Toast,"Territory Account Executive, Retail - South Texas (Spanish/Bilingual)",Sales : Retail Sales AEs,"McAllen, TX",demand_validated,mid,0,0,0,,150000,https://careers.toasttab.com/jobs?gh_jid=7705800
2026-09-01,TOST,Toast,"Territory Account Executive, Retail - South Texas (Spanish/Bilingual)",Sales : Retail Sales AEs,"Harlingen, TX",demand_validated,mid,0,0,0,,150000,https://careers.toasttab.com/jobs?gh_jid=7769055
2026-09-01,TOST,Toast,"Territory Account Executive, Retail - South Texas (Spanish/Bilingual)",Sales : Retail Sales AEs,"Brownsville, TX",demand_validated,mid,0,0,0,,150000,https://careers.toasttab.com/jobs?gh_jid=7708046
2026-09-01,TOST,Toast,"Territory Account Executive, Retail - South Texas (Spanish/Bilingual)",Sales : Retail Sales AEs,"Edinburg, TX",demand_validated,mid,0,0,0,,150000,https://careers.toasttab.com/jobs?gh_jid=7708045
2026-09-01,TOST,Toast,"Territory Account Executive, Retail - Southwest St. Louis, MO",Sales : Retail Sales AEs,"Columbia, MO",demand_validated,mid,0,0,0,,150000,https://careers.toasttab.com/jobs?gh_jid=7926519
2026-09-01,TOST,Toast,"Territory Account Executive, Retail - Southwest St. Louis, MO",Sales : Retail Sales AEs,"St. Charles, MO",demand_validated,mid,0,0,0,,150000,https://careers.toasttab.com/jobs?gh_jid=7736066
2026-09-01,TOST,Toast,"Territory Account Executive, Retail - Tallahassee ",Sales : Retail Sales AEs,"Tallahassee, FL ",demand_validated,mid,0,0,0,,150000,https://careers.toasttab.com/jobs?gh_jid=8048977
2026-09-01,TOST,Toast,"Territory Account Executive, Retail - Youngstown, OH",Sales : Retail Sales AEs,"Youngstown, OH",demand_validated,mid,0,0,0,,150000,https://careers.toasttab.com/jobs?gh_jid=8094585
2026-09-01,TOST,Toast,"Territory Account Executive, SMB",Sales : SMB Field Sales AEs,"Freemont, OH ",demand_validated,mid,0,0,0,,150000,https://careers.toasttab.com/jobs?gh_jid=8129930
2026-09-01,TOST,Toast,"Territory Account Executive, SMB",Sales : SMB Field Sales AEs,"Huron, OH",demand_validated,mid,0,0,0,,150000,https://careers.toasttab.com/jobs?gh_jid=8113237
2026-09-01,TOST,Toast,"Territory Account Executive, SMB - Burlington, NJ",Sales : SMB Field Sales AEs,"Burlington, NJ",demand_validated,mid,0,0,0,,166500,https://careers.toasttab.com/jobs?gh_jid=8132363
2026-09-01,TOST,Toast,"Territory Account Executive, SMB - Fredericksburg, VA",Sales : SMB Field Sales AEs,"Fredericksburg, VA",demand_validated,mid,0,0,0,,150000,https://careers.toasttab.com/jobs?gh_jid=8111787
2026-09-01,TOST,Toast,"Territory Account Executive, SMB - Lafayette, IN",Sales : SMB Field Sales AEs,"Lafayette, IN",demand_validated,mid,0,0,0,,150000,https://careers.toasttab.com/jobs?gh_jid=8161701
2026-09-01,TOST,Toast,"Territory Account Executive , SMB - Lincoln/West Omaha, NE ",Sales : SMB Field Sales AEs,"Omaha, NE",demand_validated,mid,0,0,0,,150000,https://careers.toasttab.com/jobs?gh_jid=8166829
2026-09-01,TOST,Toast,"Territory Account Executive, SMB - Long Beach Island, NJ",Sales : SMB Field Sales AEs,"Long Beach Island, NJ",demand_validated,mid,0,0,0,,166500,https://careers.toasttab.com/jobs?gh_jid=8129914
2026-09-01,TOST,Toast,"Territory Account Executive , SMB - NW Houston, TX",Sales : SMB Field Sales AEs,"Houston, TX",demand_validated,mid,0,0,0,,166500,https://careers.toasttab.com/jobs?gh_jid=8166830
2026-09-01,TOST,Toast,"Territory Account Executive, SMB - Ocean City, NJ",Sales : SMB Field Sales AEs,"Ocean City, NJ",demand_validated,mid,0,0,0,,166500,https://careers.toasttab.com/jobs?gh_jid=8119701
2026-09-01,TOST,Toast,"Territory Account Executive, SMB - Overland Park, KS",Sales : SMB Field Sales AEs,"Overland Park, KS",demand_validated,mid,0,0,0,,166500,https://careers.toasttab.com/jobs?gh_jid=8109622
2026-09-01,TOST,Toast,"Territory Account Executive , SMB - Pittsburgh, PA",Sales : SMB Field Sales AEs,"Pittsburgh, PA",demand_validated,mid,0,0,0,,166500,https://careers.toasttab.com/jobs?gh_jid=8121501
2026-09-01,TOST,Toast,"Territory Account Executive, SMB - Sandusky, OH",Sales : SMB Field Sales AEs,"Sandusky, OH",demand_validated,mid,0,0,0,,150000,https://careers.toasttab.com/jobs?gh_jid=8094810
2026-09-01,TOST,Toast,"Territory Account Executive, SMB - Toms River, NJ",Sales : SMB Field Sales AEs,"Toms River, NJ",demand_validated,mid,0,0,0,,166500,https://careers.toasttab.com/jobs?gh_jid=8167252
2026-09-01,TOST,Toast,"Territory Account Executive , SMB - Westchester, PA",Sales : SMB Field Sales AEs,"West Chester, PA",demand_validated,mid,0,0,0,,166500,https://careers.toasttab.com/jobs?gh_jid=8142633
2026-09-01,TOST,Toast,"Territory Account Executive, Strategic Markets - Seattle, WA",Sales : SMB Field Sales AEs,"Seattle, WA",demand_validated,mid,0,0,0,,192500,https://careers.toasttab.com/jobs?gh_jid=8166831
2026-09-01,TOST,Toast,Territory Account Executive- West Toronto,Sales : International,"Toronto, Ontario, Canada",demand_validated,mid,0,0,0,,170500,https://careers.toasttab.com/jobs?gh_jid=8098718
2026-09-01,TOST,Toast,"Tri-Valley, CA Strategic Cuisines Account Executive - Spanish ",Sales : Strategic Cuisines Sales AEs,"Pleasanton, CA",demand_validated,mid,0,0,0,,176000,https://careers.toasttab.com/jobs?gh_jid=8142648
2026-09-01,TOST,Toast,"Vice President, Enterprise Sales",Sales : Enterprise Restaurants,"Remote, United States",nontech,exec,0,2,0,buzz,300500,https://careers.toasttab.com/jobs?gh_jid=7838464
2026-09-01,TOST,Toast,West Coast Strategic Cuisines Thai & Asian Cuisine District Manager,Sales : Strategic Cuisines Sales Management,Remote- US,other,mid,0,0,0,,251500,https://careers.toasttab.com/jobs?gh_jid=8028755
2026-09-01,TOST,Toast,Workday Integrations Engineer,G & A : HR Technology,"Remote, US",product_eng,mid,0,0,0,,126500,https://careers.toasttab.com/jobs?gh_jid=7686137
2026-09-01,IOT,Samsara,Accountant II,Corporate Accounting,Remote - Mexico,other,mid,0,1,0,buzz,,https://www.samsara.com/company/careers/roles/8024328?gh_jid=8024328
2026-09-01,IOT,Samsara,Account Development Representative - BeNeLux,Account Development Representative,Remote - Netherlands,other,mid,0,0,0,,,https://www.samsara.com/company/careers/roles/7617960?gh_jid=7617960
2026-09-01,IOT,Samsara,Account Development Representative - DACH,Account Development Representative,Remote - Germany,other,mid,0,0,0,,,https://www.samsara.com/company/careers/roles/7618026?gh_jid=7618026
2026-09-01,IOT,Samsara,Account Development Representative II,Account Development Representative,"Atlanta, Georgia, United States; Phoenix, Arizona, United States",other,mid,0,1,0,buzz,64030,https://www.samsara.com/company/careers/roles/8094367?gh_jid=8094367
2026-09-01,IOT,Samsara,Account Development Representative Intern - Atlanta,Account Development Representative,"Atlanta, Georgia, United States",other,intern,0,1,0,buzz,49205,https://www.samsara.com/company/careers/roles/8103119?gh_jid=8103119
2026-09-01,IOT,Samsara,Account Development Representative Intern - Phoenix,Account Development Representative,"Phoenix, Arizona, United States",other,intern,0,1,0,buzz,49205,https://www.samsara.com/company/careers/roles/8099799?gh_jid=8099799
2026-09-01,IOT,Samsara,Account Development Representative - UK,Account Development Representative,"London, England, United Kingdom",other,mid,0,0,0,,,https://www.samsara.com/company/careers/roles/7614550?gh_jid=7614550
2026-09-01,IOT,Samsara,"Account Executive, Commercial",US Commercial AE1,Remote - US,demand_validated,mid,0,0,0,,128775,https://www.samsara.com/company/careers/roles/7612462?gh_jid=7612462
2026-09-01,IOT,Samsara,"Account Executive, Commercial",US Commercial AE1,Remote - US,demand_validated,mid,0,0,0,,128775,https://www.samsara.com/company/careers/roles/6605599?gh_jid=6605599
2026-09-01,IOT,Samsara,"Account Executive, Commercial",US Commercial AE1,"Atlanta, GA",demand_validated,mid,0,0,0,,128775,https://www.samsara.com/company/careers/roles/6605601?gh_jid=6605601
2026-09-01,IOT,Samsara,"Account Executive, Commercial",US Commercial AE1,"Boston, MA",demand_validated,mid,0,0,0,,128775,https://www.samsara.com/company/careers/roles/6605604?gh_jid=6605604
2026-09-01,IOT,Samsara,"Account Executive, Commercial",US Commercial AE1,"Columbus, OH",demand_validated,mid,0,0,0,,128775,https://www.samsara.com/company/careers/roles/6605602?gh_jid=6605602
2026-09-01,IOT,Samsara,"Account Executive, Commercial ( West)",US Commercial AE1,Remote - US,demand_validated,mid,0,0,0,,128775,https://www.samsara.com/company/careers/roles/7612441?gh_jid=7612441
2026-09-01,IOT,Samsara,"Account Executive, Commercial ( West)",US Commercial AE1,Remote - US,demand_validated,mid,0,0,0,,128775,https://www.samsara.com/company/careers/roles/7612443?gh_jid=7612443
2026-09-01,IOT,Samsara,Account Executive - EMEA Specialist ,Product Specialists,Remote - UK,demand_validated,mid,0,0,0,,,https://www.samsara.com/company/careers/roles/8103806?gh_jid=8103806
2026-09-01,IOT,Samsara,"Account Executive, Majors (Select) - UK&I",EU Sales,Remote - UK,demand_validated,mid,0,0,0,,,https://www.samsara.com/company/careers/roles/7266224?gh_jid=7266224
2026-09-01,IOT,Samsara,"Account Executive, Mid Market (Midwest)",US Mid Market AE2,Remote - US,demand_validated,mid,0,0,0,,145000,https://www.samsara.com/company/careers/roles/7609126?gh_jid=7609126
2026-09-01,IOT,Samsara,"Account Executive, Mid Market (Northeast)",US Mid Market AE2,Remote - US,demand_validated,mid,0,0,0,,145000,https://www.samsara.com/company/careers/roles/7609147?gh_jid=7609147
2026-09-01,IOT,Samsara,"Account Executive, Mid Market (Southeast)",US Mid Market AE2,Remote - US,demand_validated,mid,0,0,0,,145000,https://www.samsara.com/company/careers/roles/7609156?gh_jid=7609156
2026-09-01,IOT,Samsara,"Account Executive, Mid Market (TOLA)",US Mid Market AE2,Remote - US,demand_validated,mid,0,0,0,,145000,https://www.samsara.com/company/careers/roles/7608969?gh_jid=7608969
2026-09-01,IOT,Samsara,"Account Executive, Mid Market (West)",US Mid Market AE2,Remote - US,demand_validated,mid,0,0,0,,145000,https://www.samsara.com/company/careers/roles/7609057?gh_jid=7609057
2026-09-01,IOT,Samsara,Account Validation Specialist - MX,Account Development Representative,Mexico,other,mid,0,2,0,buzz,,https://www.samsara.com/company/careers/roles/7967689?gh_jid=7967689
2026-09-01,IOT,Samsara,AI Architect - GTM Systems,Business Systems,Remote - Canada,product_eng,mid,1,32,1,application|buzz,155512,https://www.samsara.com/company/careers/roles/8104166?gh_jid=8104166
2026-09-01,IOT,Samsara,AI Architect - GTM Systems,Business Systems,Remote - US,product_eng,mid,1,32,1,application|buzz,153799,https://www.samsara.com/company/careers/roles/7578952?gh_jid=7578952
2026-09-01,IOT,Samsara,AI Engineering Manager,Business Systems,Bengaluru - BLR1,product_eng,mid,1,10,1,application|buzz,,https://www.samsara.com/company/careers/roles/8020028?gh_jid=8020028
2026-09-01,IOT,Samsara,AI Learning Experience Designer (AI-LXD),Revenue Operations,Remote - US,product_eng,mid,1,5,1,application|buzz,127294,https://www.samsara.com/company/careers/roles/8041422?gh_jid=8041422
2026-09-01,IOT,Samsara,"Applied AI Specialist, Commercial Customer Success",Customer Success,Remote - US,demand_validated,mid,1,10,1,application|buzz,133055,https://www.samsara.com/company/careers/roles/8024110?gh_jid=8024110
2026-09-01,IOT,Samsara,"Associate Sales Engineer, SE Desk (French Bilingual)",Sales Engineering,Remote - US,demand_validated,mid,0,0,0,,90675,https://www.samsara.com/company/careers/roles/7624120?gh_jid=7624120
2026-09-01,IOT,Samsara,"Associate Sales Engineer, SE Desk - Mid West",Sales Engineering,Remote - US,demand_validated,mid,0,3,0,buzz|general_medium,90675,https://www.samsara.com/company/careers/roles/7311761?gh_jid=7311761
2026-09-01,IOT,Samsara,"Associate Sales Engineer, SE Desk - Northeast",Sales Engineering,Remote - US,demand_validated,mid,0,3,0,buzz|general_medium,90675,https://www.samsara.com/company/careers/roles/7311741?gh_jid=7311741
2026-09-01,IOT,Samsara,"Associate Sales Engineer, SE Desk - Southeast",Sales Engineering,Remote - US,demand_validated,mid,0,3,0,buzz|general_medium,90675,https://www.samsara.com/company/careers/roles/7848351?gh_jid=7848351
2026-09-01,IOT,Samsara,"Associate Sales Engineer, SE Desk - TOLA",Sales Engineering,Remote - US,demand_validated,mid,0,3,0,buzz|general_medium,90675,https://www.samsara.com/company/careers/roles/7848363?gh_jid=7848363
2026-09-01,IOT,Samsara,"Associate Sales Engineer, UK&I ",Sales Engineering,"London, England, United Kingdom; Remote - UK",demand_validated,mid,0,3,0,buzz|general_medium,,https://www.samsara.com/company/careers/roles/8083447?gh_jid=8083447
2026-09-01,IOT,Samsara,Associate Specialist Sales Engineer,Sales Engineering,Remote - US,demand_validated,mid,0,0,0,,120348,https://www.samsara.com/company/careers/roles/7717258?gh_jid=7717258
2026-09-01,IOT,Samsara,AV Events Engineer,Information Technology,San Francisco - SF9,product_eng,mid,0,0,0,,96498,https://www.samsara.com/company/careers/roles/8129501?gh_jid=8129501
2026-09-01,IOT,Samsara,Bilingual Customer Support Specialist,Support,Remote - US,nontech,mid,0,0,0,,50918,https://www.samsara.com/company/careers/roles/8079873?gh_jid=8079873
2026-09-01,IOT,Samsara,Commercial Account Executive ,Canada,Remote - Canada,demand_validated,mid,0,0,0,,147525,https://www.samsara.com/company/careers/roles/7612493?gh_jid=7612493
2026-09-01,IOT,Samsara,Core Enterprise Account Executive TOLA,US Core,Remote - US,demand_validated,mid,0,0,0,,300000,https://www.samsara.com/company/careers/roles/7679053?gh_jid=7679053
2026-09-01,IOT,Samsara,Customer Success Manager ,Customer Success,Remote - US,demand_validated,mid,0,1,0,buzz,103265,https://www.samsara.com/company/careers/roles/7603023?gh_jid=7603023
2026-09-01,IOT,Samsara,Customer Success Manager - French Speaker,Customer Success,Remote - Canada,demand_validated,mid,0,0,0,,89944,https://www.samsara.com/company/careers/roles/8029097?gh_jid=8029097
2026-09-01,IOT,Samsara,Customer Success Manager II,Customer Success,Remote - US,demand_validated,mid,0,0,0,,76899,https://www.samsara.com/company/careers/roles/7580157?gh_jid=7580157
2026-09-01,IOT,Samsara,Customer Success Manager V,Customer Success,Remote - CA,demand_validated,mid,0,0,0,,158171,https://www.samsara.com/company/careers/roles/7487346?gh_jid=7487346
2026-09-01,IOT,Samsara,Data Engineer,Platform,Remote - US,product_eng,mid,0,6,1,buzz|general_medium|model_infra,133182,https://www.samsara.com/company/careers/roles/7859702?gh_jid=7859702
2026-09-01,IOT,Samsara,Data Engineer,Platform,Remote - Canada,product_eng,mid,0,6,1,buzz|general_medium|model_infra,126750,https://www.samsara.com/company/careers/roles/7997311?gh_jid=7997311
2026-09-01,IOT,Samsara,"Director, Enablement - Skills and Leadership Excellence",Revenue Operations,Remote - US,nontech,director,0,1,0,buzz,155040,https://www.samsara.com/company/careers/roles/8041418?gh_jid=8041418
2026-09-01,IOT,Samsara,"Director, Field Onboarding",Revenue Operations,Remote - US,other,director,0,0,0,,158340,https://www.samsara.com/company/careers/roles/7283904?gh_jid=7283904
2026-09-01,IOT,Samsara,"Director, Field Sales Engineering",Sales Engineering,Remote - US,demand_validated,director,0,0,0,,215145,https://www.samsara.com/company/careers/roles/7695309?gh_jid=7695309
2026-09-01,IOT,Samsara,"Director, Mid-Market Sales - Canada",Canada,Remote - Canada,nontech,director,0,0,0,,375100,https://www.samsara.com/company/careers/roles/7547204?gh_jid=7547204
2026-09-01,IOT,Samsara,"Director, Product Design",Product Design,Remote - US,other,director,0,0,0,,265050,https://www.samsara.com/company/careers/roles/7839138?gh_jid=7839138
2026-09-01,IOT,Samsara,"Director, Revenue Enablement EMEA",Revenue Operations,"London, England, United Kingdom",nontech,director,0,1,0,buzz,,https://www.samsara.com/company/careers/roles/7791232?gh_jid=7791232
2026-09-01,IOT,Samsara,Electrical Engineering Co-Op,STCE & Maintenance,San Francisco - SF9,product_eng,intern,0,1,0,buzz,,https://www.samsara.com/company/careers/roles/8163118?gh_jid=8163118
2026-09-01,IOT,Samsara,Engagement Services Manager,Customer Success,Remote - US,other,mid,0,0,0,,127414,https://www.samsara.com/company/careers/roles/8064909?gh_jid=8064909
2026-09-01,IOT,Samsara,Engineering Manager II - Platform Firmware,Hardware Engineering,Remote - US,product_eng,mid,0,1,0,buzz,207350,https://www.samsara.com/company/careers/roles/7801077?gh_jid=7801077
2026-09-01,IOT,Samsara,Enterprise Account Executive,US Enterprise Sales,San Francisco - SF9,demand_validated,mid,0,0,0,,425000,https://www.samsara.com/company/careers/roles/8042135?gh_jid=8042135
2026-09-01,IOT,Samsara,"Enterprise Account Executive - Public Sector, West",US Public Sector,Remote - SF Bay Area,demand_validated,mid,0,0,0,,425000,https://www.samsara.com/company/careers/roles/7954575?gh_jid=7954575
2026-09-01,IOT,Samsara,Enterprise Core Account Executive - Public Sector,US Public Sector,Remote - US,demand_validated,mid,0,0,0,,361200,https://www.samsara.com/company/careers/roles/7423809?gh_jid=7423809
2026-09-01,IOT,Samsara,"Enterprise Core Account Executive, UK",EU Sales,London - UK2,demand_validated,mid,0,0,0,,300000,https://www.samsara.com/company/careers/roles/7759354?gh_jid=7759354
2026-09-01,IOT,Samsara,Enterprise Core Customer Success Manager,Customer Success,Remote - Canada,demand_validated,mid,0,0,0,,113198,https://www.samsara.com/company/careers/roles/8125426?gh_jid=8125426
2026-09-01,IOT,Samsara,Enterprise Core Implementation Consultant - East/Central,Customer Success,Remote - US,demand_validated,mid,0,0,0,,111785,https://www.samsara.com/company/careers/roles/8121318?gh_jid=8121318
2026-09-01,IOT,Samsara,Enterprise Core Implementation Consultant - West,Customer Success,Remote - US,demand_validated,mid,0,0,0,,111785,https://www.samsara.com/company/careers/roles/8121312?gh_jid=8121312
2026-09-01,IOT,Samsara,Enterprise Core Sales Engineer - Midwest,Sales Engineering,Remote - US,demand_validated,mid,0,0,0,,153238,https://www.samsara.com/company/careers/roles/7848518?gh_jid=7848518
2026-09-01,IOT,Samsara,Enterprise Core Sales Engineer - Northeast,Sales Engineering,Remote - US,demand_validated,mid,0,0,0,,153238,https://www.samsara.com/company/careers/roles/7848486?gh_jid=7848486
2026-09-01,IOT,Samsara,Enterprise Core Sales Engineer - Southeast,Sales Engineering,Remote - US,demand_validated,mid,0,0,0,,153238,https://www.samsara.com/company/careers/roles/7848497?gh_jid=7848497
2026-09-01,IOT,Samsara,Enterprise Core Sales Engineer - TOLA,Sales Engineering,Remote - US,demand_validated,mid,0,0,0,,153238,https://www.samsara.com/company/careers/roles/7848501?gh_jid=7848501
2026-09-01,IOT,Samsara,Enterprise Core Sales Engineer - West,Sales Engineering,Remote - US,demand_validated,mid,0,0,0,,153238,https://www.samsara.com/company/careers/roles/7848529?gh_jid=7848529
2026-09-01,IOT,Samsara,Enterprise Customer Success Manager,Customer Success,Remote - Germany,demand_validated,mid,0,0,0,,,https://www.samsara.com/company/careers/roles/8132327?gh_jid=8132327
2026-09-01,IOT,Samsara,Enterprise Customer Success Manager,Customer Success,Remote - IL,demand_validated,mid,0,0,0,,114739,https://www.samsara.com/company/careers/roles/7625030?gh_jid=7625030
2026-09-01,IOT,Samsara,Enterprise Customer Success Manager,Customer Success,Remote - US,demand_validated,mid,0,0,0,,114739,https://www.samsara.com/company/careers/roles/7482459?gh_jid=7482459
2026-09-01,IOT,Samsara,Enterprise Customer Success Manager - Public Sector,Customer Success,Remote - US,demand_validated,mid,0,0,0,,114739,https://www.samsara.com/company/careers/roles/8029099?gh_jid=8029099
2026-09-01,IOT,Samsara,Enterprise Implementation Consultant,Customer Success,Remote - US,demand_validated,mid,0,0,0,,111784,https://www.samsara.com/company/careers/roles/8121332?gh_jid=8121332
2026-09-01,IOT,Samsara,Enterprise Implementation Consultant,Customer Success,Remote - US,demand_validated,mid,0,0,0,,83244,https://www.samsara.com/company/careers/roles/8131784?gh_jid=8131784
2026-09-01,IOT,Samsara,Enterprise Implementation Consultant,Customer Success,Remote - US,demand_validated,mid,0,0,0,,111784,https://www.samsara.com/company/careers/roles/7852948?gh_jid=7852948
2026-09-01,IOT,Samsara,Enterprise Implementation Consultant - German Fluency,Customer Success,Remote - Germany,demand_validated,mid,0,1,0,buzz,,https://www.samsara.com/company/careers/roles/8074109?gh_jid=8074109
2026-09-01,IOT,Samsara,Enterprise Sales Engineer - Public Sector - East,Sales Engineering,Remote - US,demand_validated,mid,0,0,0,,215525,https://www.samsara.com/company/careers/roles/8120538?gh_jid=8120538
2026-09-01,IOT,Samsara,Enterprise Sales Engineer - Public Sector - West,Sales Engineering,Remote - US,demand_validated,mid,0,0,0,,198050,https://www.samsara.com/company/careers/roles/8068209?gh_jid=8068209
2026-09-01,IOT,Samsara,Enterprise Sales Engineer - Toronto,Sales Engineering,Remote - Toronto,demand_validated,mid,0,3,0,buzz|general_medium,239112,https://www.samsara.com/company/careers/roles/7818569?gh_jid=7818569
2026-09-01,IOT,Samsara,Enterprise Select Implementation Consultant (Central or East),Customer Success,Remote - US,demand_validated,mid,0,0,0,,126140,https://www.samsara.com/company/careers/roles/8121329?gh_jid=8121329
2026-09-01,IOT,Samsara,Enterprise Select Implementation Consultant (West),Customer Success,Remote - US,demand_validated,mid,0,0,0,,126140,https://www.samsara.com/company/careers/roles/8121327?gh_jid=8121327
2026-09-01,IOT,Samsara,Entry Level Tech Sales - Benelux Market (Dutch speaking),Account Development Representative,Remote - Netherlands,nontech,mid,0,0,0,,,https://www.samsara.com/company/careers/roles/8095996?gh_jid=8095996
2026-09-01,IOT,Samsara,"Entry Level Tech Sales - Benelux Market (work from the UK, Netherlands, Germany or France - Dutch speaking role) ",Account Development Representative,Remote - France; Remote - Germany; Remote - Netherlands; Remote - UK,nontech,mid,0,0,0,,,https://www.samsara.com/company/careers/roles/8127985?gh_jid=8127985
2026-09-01,IOT,Samsara,Entry Level Tech Sales - UK&I Market,Account Development Representative,"London, England, United Kingdom",nontech,mid,0,0,0,,,https://www.samsara.com/company/careers/roles/8104994?gh_jid=8104994
2026-09-01,IOT,Samsara,Finance & Strategy AI Engineer,Finance and Strategy,San Francisco - SF9,product_eng,mid,1,17,1,application|buzz,196185,https://www.samsara.com/company/careers/roles/8113356?gh_jid=8113356
2026-09-01,IOT,Samsara,GTM Business Operations Manager,Sales Business Operations,Remote - Houston,nontech,mid,0,1,0,buzz,134176,https://www.samsara.com/company/careers/roles/7942733?gh_jid=7942733
2026-09-01,IOT,Samsara,Head of Executive Communications,Communications,Remote - US,nontech,exec,0,4,1,application|buzz,198900,https://www.samsara.com/company/careers/roles/8156181?gh_jid=8156181
2026-09-01,IOT,Samsara,Implementation Consultant ,Customer Success,Remote - Germany,demand_validated,mid,0,1,0,buzz,,https://www.samsara.com/company/careers/roles/8088205?gh_jid=8088205
2026-09-01,IOT,Samsara,Implementation Consultant ,Customer Success,Remote - UK,demand_validated,mid,0,1,0,buzz,,https://www.samsara.com/company/careers/roles/7961276?gh_jid=7961276
2026-09-01,IOT,Samsara,Implementation Consultant ,Customer Success,Remote - UK,demand_validated,mid,0,1,0,buzz,,https://www.samsara.com/company/careers/roles/8076689?gh_jid=8076689
2026-09-01,IOT,Samsara,Implementation Consultant - German Fluency,Customer Success,"London, England, United Kingdom; Remote - Germany; Remote - UK",demand_validated,mid,0,1,0,buzz,,https://www.samsara.com/company/careers/roles/8076687?gh_jid=8076687
2026-09-01,IOT,Samsara,Installation Manager,Customer Success,London - UK2,other,mid,0,1,0,buzz,,https://www.samsara.com/company/careers/roles/8002357?gh_jid=8002357
2026-09-01,IOT,Samsara,Lead Machine Learning Engineer - ML Infrastructure,Safety AI,Remote - Canada,product_eng,senior,1,14,1,application|buzz|data_ml_ops|general_medium|model_infra,232750,https://www.samsara.com/company/careers/roles/7746586?gh_jid=7746586
2026-09-01,IOT,Samsara,Lead Machine Learning Engineer - ML Infrastructure ,Safety AI,Remote - US,product_eng,senior,1,14,1,application|buzz|data_ml_ops|general_medium|model_infra,278850,https://www.samsara.com/company/careers/roles/7721193?gh_jid=7721193
2026-09-01,IOT,Samsara,Lead Product Designer,Product Design,Remote - Canada,product_eng,senior,0,1,0,buzz,173550,https://www.samsara.com/company/careers/roles/8018876?gh_jid=8018876
2026-09-01,IOT,Samsara,Lead Product Designer,Product Design,Remote - US,product_eng,senior,0,1,0,buzz,184222,https://www.samsara.com/company/careers/roles/8007939?gh_jid=8007939
2026-09-01,IOT,Samsara,Lead Video Producer,Corporate Marketing,San Francisco - SF9,other,senior,0,1,0,buzz,164650,https://www.samsara.com/company/careers/roles/7939301?gh_jid=7939301
2026-09-01,IOT,Samsara,Litigation and E-Discovery Counsel,Legal,Remote - US,nontech,mid,0,1,0,buzz,139849,https://www.samsara.com/company/careers/roles/8008896?gh_jid=8008896
2026-09-01,IOT,Samsara,"Manager, Account Development",Account Development Representative,"Atlanta, Georgia, United States",other,mid,0,0,0,,99634,https://www.samsara.com/company/careers/roles/8072065?gh_jid=8072065
2026-09-01,IOT,Samsara,"Manager, Enterprise Customer Success - Select",Customer Success,Remote - US,demand_validated,mid,0,0,0,,147591,https://www.samsara.com/company/careers/roles/7702368?gh_jid=7702368
2026-09-01,IOT,Samsara,"Manager I, Customer Success",Customer Success,Remote - Mexico,demand_validated,mid,0,0,0,,,https://www.samsara.com/company/careers/roles/7743690?gh_jid=7743690
2026-09-01,IOT,Samsara,"Manager I, Customer Success Manager",Customer Success,Remote - Canada,demand_validated,mid,0,0,0,,153904,https://www.samsara.com/company/careers/roles/8068523?gh_jid=8068523
2026-09-01,IOT,Samsara,"Manager II, Customer Success",Customer Success,Remote - GA,demand_validated,mid,0,0,0,,147591,https://www.samsara.com/company/careers/roles/7589197?gh_jid=7589197
2026-09-01,IOT,Samsara,"Manager II, Customer Success",Customer Success,Remote - US,demand_validated,mid,0,2,0,buzz,130781,https://www.samsara.com/company/careers/roles/7487344?gh_jid=7487344
2026-09-01,IOT,Samsara,"Manager, Mid Market (Central)",US Mid Market AE2,Remote - US,other,mid,0,0,0,,217980,https://www.samsara.com/company/careers/roles/8132379?gh_jid=8132379
2026-09-01,IOT,Samsara,"Manager, Mid Market (East)",US Mid Market AE2,Remote - US,other,mid,0,0,0,,217980,https://www.samsara.com/company/careers/roles/8132381?gh_jid=8132381
2026-09-01,IOT,Samsara,"Manager, Mid Market (West)",US Mid Market AE2,Remote - US,other,mid,0,0,0,,217980,https://www.samsara.com/company/careers/roles/8132385?gh_jid=8132385
2026-09-01,IOT,Samsara,"Manager, Operations Program Management",Global Ops Engineering,Remote - US,nontech,mid,0,0,0,,168272,https://www.samsara.com/company/careers/roles/7558150?gh_jid=7558150
2026-09-01,IOT,Samsara,Mexico Major AE,Mexico,Remote - Mexico,other,mid,0,0,0,,500000,https://www.samsara.com/company/careers/roles/7618041?gh_jid=7618041
2026-09-01,IOT,Samsara,Mid-Market Account Executive - Canada,Canada,"Toronto, Canada",demand_validated,mid,0,0,0,,137450,https://www.samsara.com/company/careers/roles/7926757?gh_jid=7926757
2026-09-01,IOT,Samsara,Mid-Market Account Executive - Canada,Canada,"Ottawa, Ontario",demand_validated,mid,0,0,0,,137450,https://www.samsara.com/company/careers/roles/7926756?gh_jid=7926756
2026-09-01,IOT,Samsara,Mid Market Account Executive - DACH,EU Sales,"London, England, United Kingdom; Remote - Germany",demand_validated,mid,0,0,0,,,https://www.samsara.com/company/careers/roles/7266176?gh_jid=7266176
2026-09-01,IOT,Samsara,Mid-Market Account Executive - France,EU Sales,Remote - France,demand_validated,mid,0,0,0,,,https://www.samsara.com/company/careers/roles/7571463?gh_jid=7571463
2026-09-01,IOT,Samsara,Mid-Market Account Executive -  French Fluent,Canada,Remote - Montreal,demand_validated,mid,0,0,0,,144875,https://www.samsara.com/company/careers/roles/7926750?gh_jid=7926750
2026-09-01,IOT,Samsara,Mid-Market Account Executive - Mexico,Mexico,Remote - Mexico,demand_validated,mid,0,0,0,,100000,https://www.samsara.com/company/careers/roles/7618028?gh_jid=7618028
2026-09-01,IOT,Samsara,Mid-Market Account Executive - Public Sector ,US Public Sector,Remote - US,demand_validated,mid,0,0,0,,201000,https://www.samsara.com/company/careers/roles/7612559?gh_jid=7612559
2026-09-01,IOT,Samsara,Mid-Market Account Executive - UK&I,EU Sales,"London - UK2; London, England, United Kingdom",demand_validated,mid,0,0,0,,,https://www.samsara.com/company/careers/roles/7613161?gh_jid=7613161
2026-09-01,IOT,Samsara,(New Grad) Account Development Representative II - Atlanta,Account Development Representative,"Atlanta, Georgia, United States",other,intern,0,1,0,buzz,64030,https://www.samsara.com/company/careers/roles/8094373?gh_jid=8094373
2026-09-01,IOT,Samsara,(New Grad) Account Development Representative II - Phoenix,Account Development Representative,"Phoenix, Arizona, United States",other,intern,0,1,0,buzz,61306,https://www.samsara.com/company/careers/roles/8094371?gh_jid=8094371
2026-09-01,IOT,Samsara,Partner Marketing Manager - Insurance and Strategic Partnerships,Corporate Marketing,Remote - SF Bay Area,nontech,mid,0,1,0,buzz,120422,https://www.samsara.com/company/careers/roles/8142214?gh_jid=8142214
2026-09-01,IOT,Samsara,People Analytics AI Engineer,People Experience,Remote - Seattle,product_eng,mid,1,19,1,application|buzz|data_ml_ops|model_infra,183885,https://www.samsara.com/company/careers/roles/7858719?gh_jid=7858719
2026-09-01,IOT,Samsara,Pre-Sales Services Consultant (Engagement Services Manager),Customer Success,Remote - US,demand_validated,mid,0,0,0,,127414,https://www.samsara.com/company/careers/roles/8070083?gh_jid=8070083
2026-09-01,IOT,Samsara,Pricing and Revenue Planner,Planning,Remote - Dallas,other,mid,0,0,0,,126540,https://www.samsara.com/company/careers/roles/7892020?gh_jid=7892020
2026-09-01,IOT,Samsara,Principal Business Technology Product Manager,Business Systems,Remote - TX,product_eng,staff_principal,0,4,1,application|buzz,153799,https://www.samsara.com/company/careers/roles/8060732?gh_jid=8060732
2026-09-01,IOT,Samsara,Principal Product Manager,STCE & Maintenance,Remote - SF Bay Area,product_eng,staff_principal,0,1,0,buzz,191100,https://www.samsara.com/company/careers/roles/7604461?gh_jid=7604461
2026-09-01,IOT,Samsara,Product Manager - Revenue Tools,Revenue Operations,Remote - US,product_eng,mid,0,1,0,buzz,146136,https://www.samsara.com/company/careers/roles/8042109?gh_jid=8042109
2026-09-01,IOT,Samsara,Product Operations Manager,R&D Ops,Remote - Canada; Remote - US,nontech,mid,0,1,0,buzz,143151,https://www.samsara.com/company/careers/roles/7729297?gh_jid=7729297
2026-09-01,IOT,Samsara,Product Support Engineer,Engineering Support,Bengaluru - BLR1,product_eng,mid,0,0,0,,,https://www.samsara.com/company/careers/roles/7782002?gh_jid=7782002
2026-09-01,IOT,Samsara,Product Support Engineer III,Engineering Support,Bengaluru - BLR1,product_eng,mid,0,0,0,,,https://www.samsara.com/company/careers/roles/7960367?gh_jid=7960367
2026-09-01,IOT,Samsara,"Public Policy and Government Affairs Manager, State/Local",Policy,Remote - US,other,mid,0,1,0,buzz,113994,https://www.samsara.com/company/careers/roles/7989914?gh_jid=7989914
2026-09-01,IOT,Samsara,Public Sector Major Account Executive,US Public Sector,Remote - US,demand_validated,mid,0,0,0,,275000,https://www.samsara.com/company/careers/roles/7612978?gh_jid=7612978
2026-09-01,IOT,Samsara,Sales Compensation Manager,Payroll and Equity,Remote - UT,nontech,mid,0,1,0,buzz,116610,https://www.samsara.com/company/careers/roles/8120781?gh_jid=8120781
2026-09-01,IOT,Samsara,Sales Compensation Manager,Revenue Operations,Remote - US,nontech,mid,0,1,0,buzz,125201,https://www.samsara.com/company/careers/roles/8130221?gh_jid=8130221
2026-09-01,IOT,Samsara,"Sales Engineer, Mid Market - Midwest",Sales Engineering,Remote - US,demand_validated,mid,0,3,0,buzz|general_medium,120348,https://www.samsara.com/company/careers/roles/8148303?gh_jid=8148303
2026-09-01,IOT,Samsara,"Sales Engineer, Mid Market - Northeast",Sales Engineering,Remote - US,demand_validated,mid,0,3,0,buzz|general_medium,120348,https://www.samsara.com/company/careers/roles/7848428?gh_jid=7848428
2026-09-01,IOT,Samsara,"Sales Engineer, Mid Market - Public Sector",Sales Engineering,Remote - US,demand_validated,mid,0,3,0,buzz|general_medium,128800,https://www.samsara.com/company/careers/roles/8036863?gh_jid=8036863
2026-09-01,IOT,Samsara,Sales Engineer - Mid Market - Southeast,Sales Engineering,Remote - US,demand_validated,mid,0,3,0,buzz|general_medium,120348,https://www.samsara.com/company/careers/roles/8148274?gh_jid=8148274
2026-09-01,IOT,Samsara,"Sales Engineer, Mid Market - TOLA",Sales Engineering,Remote - TX,demand_validated,mid,0,3,0,buzz|general_medium,120348,https://www.samsara.com/company/careers/roles/7848459?gh_jid=7848459
2026-09-01,IOT,Samsara,Sales Engineer - Mid Market - West,Sales Engineering,Remote - US,demand_validated,mid,0,3,0,buzz|general_medium,120348,https://www.samsara.com/company/careers/roles/8148328?gh_jid=8148328
2026-09-01,IOT,Samsara,"Sales Manager, Mid-Market, France (Remote)",EU Sales,Remote - France,nontech,mid,0,0,0,,,https://www.samsara.com/company/careers/roles/8079877?gh_jid=8079877
2026-09-01,IOT,Samsara,"Sales Manager, Mid Market UKI",EU Sales,London - UK2,nontech,mid,0,0,0,,,https://www.samsara.com/company/careers/roles/8007727?gh_jid=8007727
2026-09-01,IOT,Samsara,Sales Operations Manager,Revenue Operations,Remote - Mexico,nontech,mid,0,0,0,,,https://www.samsara.com/company/careers/roles/8076592?gh_jid=8076592
2026-09-01,IOT,Samsara,Sales Operations Manager,Revenue Operations,Remote - US,nontech,mid,0,0,0,,111949,https://www.samsara.com/company/careers/roles/7555217?gh_jid=7555217
2026-09-01,IOT,Samsara,Sales Operations Manager,Revenue Operations,Remote - US,nontech,mid,0,1,0,buzz,99791,https://www.samsara.com/company/careers/roles/8053880?gh_jid=8053880
2026-09-01,IOT,Samsara,Sales Ops Coordinator,Revenue Operations,Remote - Mexico,nontech,mid,0,0,0,,,https://www.samsara.com/company/careers/roles/8145051?gh_jid=8145051
2026-09-01,IOT,Samsara,Security Engineer II - Vulnerability Management,IT Security,Bengaluru - BLR1,product_eng,mid,0,0,0,,,https://www.samsara.com/company/careers/roles/8138802?gh_jid=8138802
2026-09-01,IOT,Samsara,Select Major Account Executive (CST),US Enterprise Sales,Remote - MI,demand_validated,mid,0,0,0,,425000,https://www.samsara.com/company/careers/roles/7818248?gh_jid=7818248
2026-09-01,IOT,Samsara,Select Major Account Executive (CST),US Enterprise Sales,Remote - US,demand_validated,mid,0,0,0,,425000,https://www.samsara.com/company/careers/roles/8095469?gh_jid=8095469
2026-09-01,IOT,Samsara,Select Major Account Executive (EST),US Enterprise Sales,Remote - US,demand_validated,mid,0,0,0,,425000,https://www.samsara.com/company/careers/roles/7663706?gh_jid=7663706
2026-09-01,IOT,Samsara,Senior AI Data Engineer,Marketing Systems & Intelligence,Remote - Canada,product_eng,senior,1,10,1,application|buzz,136500,https://www.samsara.com/company/careers/roles/8126100?gh_jid=8126100
2026-09-01,IOT,Samsara,Senior AI Data Engineer,Marketing Systems & Intelligence,Remote - US,product_eng,senior,1,10,1,application|buzz,148379,https://www.samsara.com/company/careers/roles/8091855?gh_jid=8091855
2026-09-01,IOT,Samsara,Senior AMS Field Enablement Activation Partner (Bilingual Spanish),Revenue Operations,Remote - US,nontech,senior,0,1,0,buzz,127294,https://www.samsara.com/company/careers/roles/8124366?gh_jid=8124366
2026-09-01,IOT,Samsara,"Senior Analyst, GTM Business Operations – Public Sector",Sales Business Operations,Remote - US,nontech,senior,0,1,0,buzz,115115,https://www.samsara.com/company/careers/roles/8115905?gh_jid=8115905
2026-09-01,IOT,Samsara,Senior+ Applied Scientist,Safety AI,Remote - US,other,senior,0,13,1,buzz|general_medium|model_infra,244585,https://www.samsara.com/company/careers/roles/8042166?gh_jid=8042166
2026-09-01,IOT,Samsara,Senior Business Technology Product Manager- Supply Chain Planning,Business Systems,Remote - US,product_eng,senior,0,20,1,application|buzz,164824,https://www.samsara.com/company/careers/roles/8017174?gh_jid=8017174
2026-09-01,IOT,Samsara,Senior Data Engineer,Business Systems,Remote - Canada,product_eng,senior,0,10,1,application|buzz,136500,https://www.samsara.com/company/careers/roles/8025794?gh_jid=8025794
2026-09-01,IOT,Samsara,Senior Data Engineer,Business Systems,Remote - US,product_eng,senior,0,10,1,application|buzz,148379,https://www.samsara.com/company/careers/roles/7964565?gh_jid=7964565
2026-09-01,IOT,Samsara,Senior Data Engineer II,Business Systems,Remote - US,product_eng,senior,0,10,1,application|buzz,168935,https://www.samsara.com/company/careers/roles/8039914?gh_jid=8039914
2026-09-01,IOT,Samsara,Senior Enablement Specialist,Revenue Operations,Remote - US,nontech,senior,0,4,1,buzz|model_infra,101286,https://www.samsara.com/company/careers/roles/8053884?gh_jid=8053884
2026-09-01,IOT,Samsara,Senior Legal Analyst & Litigation Project Manager,Legal,Remote - US,nontech,senior,0,0,0,,108810,https://www.samsara.com/company/careers/roles/8029100?gh_jid=8029100
2026-09-01,IOT,Samsara,"Senior Manager, Data Platform",Platform,Remote - US,other,senior,0,4,1,application|buzz,231275,https://www.samsara.com/company/careers/roles/7811931?gh_jid=7811931
2026-09-01,IOT,Samsara,"Senior Manager, Finance and Strategy - R&D",Finance and Strategy,Remote - SF Bay Area,nontech,senior,0,1,0,buzz,165360,https://www.samsara.com/company/careers/roles/7932125?gh_jid=7932125
2026-09-01,IOT,Samsara,"Senior Manager, Finance and Strategy - R&D",Finance and Strategy,Remote - Canada,nontech,senior,0,1,0,buzz,141075,https://www.samsara.com/company/careers/roles/8108844?gh_jid=8108844
2026-09-01,IOT,Samsara,"Senior Manager, Safety AI",Safety AI,Remote - US,other,senior,1,4,0,buzz|general_medium,232870,https://www.samsara.com/company/careers/roles/7731751?gh_jid=7731751
2026-09-01,IOT,Samsara,Senior Marketing Analytics Manager - BI & Data Architecture,Marketing Systems & Intelligence,Remote - Toronto,product_eng,senior,0,12,1,application|buzz,159412,https://www.samsara.com/company/careers/roles/8099653?gh_jid=8099653
2026-09-01,IOT,Samsara,Senior Marketing Analytics Manager - BI & Data Architecture,Marketing Systems & Intelligence,Remote - US,product_eng,senior,0,12,1,application|buzz,149500,https://www.samsara.com/company/careers/roles/7917475?gh_jid=7917475
2026-09-01,IOT,Samsara,Senior People Technology Analyst - Workday,People Experience,Remote - Austin,other,senior,0,0,0,,120721,https://www.samsara.com/company/careers/roles/8083539?gh_jid=8083539
2026-09-01,IOT,Samsara,Senior Product Manager,Platform,Remote - US,product_eng,senior,0,0,0,,175051,https://www.samsara.com/company/careers/roles/8112836?gh_jid=8112836
2026-09-01,IOT,Samsara,Senior Public Policy and Government Affairs Manager,Policy,Remote - DC,other,senior,0,0,0,,160540,https://www.samsara.com/company/careers/roles/8141744?gh_jid=8141744
2026-09-01,IOT,Samsara,Senior Recruiting Manager,Recruiting,London - UK2,nontech,senior,0,0,0,,,https://www.samsara.com/company/careers/roles/8067829?gh_jid=8067829
2026-09-01,IOT,Samsara,Senior Sales Operations Analyst,Revenue Operations,Remote - US,nontech,senior,0,0,0,,99791,https://www.samsara.com/company/careers/roles/8103641?gh_jid=8103641
2026-09-01,IOT,Samsara,Senior Security Engineer,IT Security,Remote - UK,product_eng,senior,0,0,0,,,https://www.samsara.com/company/careers/roles/8038153?gh_jid=8038153
2026-09-01,IOT,Samsara,Senior Security Operations Engineer I,IT Security,Remote - US,product_eng,senior,0,0,0,,181590,https://www.samsara.com/company/careers/roles/8021105?gh_jid=8021105
2026-09-01,IOT,Samsara,Senior Security Operations Engineer I,IT Security,Remote - Canada,product_eng,senior,0,0,0,,152100,https://www.samsara.com/company/careers/roles/8027084?gh_jid=8027084
2026-09-01,IOT,Samsara,Senior Software Engineer,STCE & Maintenance,Remote - US,product_eng,senior,0,10,1,application|buzz|general_medium,207350,https://www.samsara.com/company/careers/roles/7266439?gh_jid=7266439
2026-09-01,IOT,Samsara,Senior Software Engineer,STCE & Maintenance,Remote - Canada,product_eng,senior,0,10,1,application|buzz|general_medium,163800,https://www.samsara.com/company/careers/roles/8130819?gh_jid=8130819
2026-09-01,IOT,Samsara,Senior Software Engineer- Agentic Platform & Integrations (Full Stack),Platform,Remote - Poland,product_eng,senior,0,10,1,application|buzz,,https://www.samsara.com/company/careers/roles/8052685?gh_jid=8052685
2026-09-01,IOT,Samsara,Senior Software Engineer - Connected Workflows,Platform,Remote - US,product_eng,senior,0,0,0,,153450,https://www.samsara.com/company/careers/roles/7847219?gh_jid=7847219
2026-09-01,IOT,Samsara,Senior Software Engineer - Data Platform,Platform,Remote - Canada,product_eng,senior,0,1,0,buzz,144788,https://www.samsara.com/company/careers/roles/7992889?gh_jid=7992889
2026-09-01,IOT,Samsara,Senior Software Engineer - Data Platform,Platform,Remote - US,product_eng,senior,0,1,0,buzz,175450,https://www.samsara.com/company/careers/roles/7922530?gh_jid=7922530
2026-09-01,IOT,Samsara,Senior Software Engineer II,Hardware Engineering,Remote - Canada,product_eng,senior,0,0,0,,163800,https://www.samsara.com/company/careers/roles/8129161?gh_jid=8129161
2026-09-01,IOT,Samsara,Senior Software Engineer I/II - Infrastructure,Platform,Remote - Canada,product_eng,senior,0,0,0,,163800,https://www.samsara.com/company/careers/roles/7997916?gh_jid=7997916
2026-09-01,IOT,Samsara,Senior Software Engineer I/II - Infrastructure,Platform,Remote - SF Bay Area,product_eng,senior,0,0,0,,207350,https://www.samsara.com/company/careers/roles/7892022?gh_jid=7892022
2026-09-01,IOT,Samsara,Senior Software Engineer II - Web Experience,Platform,Remote - US,product_eng,senior,0,2,0,buzz,207350,https://www.samsara.com/company/careers/roles/8055217?gh_jid=8055217
2026-09-01,IOT,Samsara,Senior Software Engineer - Safety Detection Precision,Safety,London - UK2,product_eng,senior,0,1,0,buzz,,https://www.samsara.com/company/careers/roles/7966918?gh_jid=7966918
2026-09-01,IOT,Samsara,Senior Strategic Implementation Consultant,Customer Success,Remote - US,demand_validated,senior,0,0,0,,137540,https://www.samsara.com/company/careers/roles/8104151?gh_jid=8104151
2026-09-01,IOT,Samsara,Senior Training Specialist,Customer Success,Remote - US,other,senior,0,1,0,buzz,101286,https://www.samsara.com/company/careers/roles/7822470?gh_jid=7822470
2026-09-01,IOT,Samsara,Software Engineer II,Safety,Remote - US,product_eng,mid,0,8,1,application|buzz,152322,https://www.samsara.com/company/careers/roles/8036387?gh_jid=8036387
2026-09-01,IOT,Samsara,Software Engineer I (New Grad),CTO,London - UK2,product_eng,intern,0,1,0,buzz,,https://www.samsara.com/company/careers/roles/8097345?gh_jid=8097345
2026-09-01,IOT,Samsara,Software Engineering Internship - London,CTO,London - UK2,product_eng,intern,0,1,0,buzz,,https://www.samsara.com/company/careers/roles/8082093?gh_jid=8082093
2026-09-01,IOT,Samsara,Software Engineering Internship - San Francisco ,CTO,San Francisco - SF9,product_eng,intern,0,1,0,buzz,,https://www.samsara.com/company/careers/roles/8082091?gh_jid=8082091
2026-09-01,IOT,Samsara,Solutions Consultant (Engagement Services Manager),Customer Success,Remote - US,other,mid,0,0,0,,127414,https://www.samsara.com/company/careers/roles/8070084?gh_jid=8070084
2026-09-01,IOT,Samsara,Solutions Integration Engineer II,Customer Success,Remote - US,product_eng,mid,0,9,1,application,92690,https://www.samsara.com/company/careers/roles/8141615?gh_jid=8141615
2026-09-01,IOT,Samsara,Solutions Integration Engineer IV,Customer Success,Remote - US,product_eng,mid,0,7,1,application|buzz,133055,https://www.samsara.com/company/careers/roles/8094156?gh_jid=8094156
2026-09-01,IOT,Samsara,Specialist Sales Engineer,Sales Engineering,Remote - US,demand_validated,mid,0,1,0,buzz,215525,https://www.samsara.com/company/careers/roles/8105738?gh_jid=8105738
2026-09-01,IOT,Samsara,Specialist Sales Engineer,Sales Engineering,Remote - NYC,demand_validated,mid,0,1,0,buzz,215525,https://www.samsara.com/company/careers/roles/7341443?gh_jid=7341443
2026-09-01,IOT,Samsara,Specialist Seller - Connected Maintenance - Public Sector,Product Specialists,Remote - LA,other,mid,0,0,0,,425000,https://www.samsara.com/company/careers/roles/7961471?gh_jid=7961471
2026-09-01,IOT,Samsara,Specialist Seller - Connected Maintenance - Public Sector,Product Specialists,Remote - US,other,mid,0,0,0,,425000,https://www.samsara.com/company/careers/roles/7922805?gh_jid=7922805
2026-09-01,IOT,Samsara,Specialist Seller - Connected Maintenance - Public Sector,Product Specialists,Remote - NY,other,mid,0,0,0,,425000,https://www.samsara.com/company/careers/roles/7961186?gh_jid=7961186
2026-09-01,IOT,Samsara,Specialist Seller - Connected Maintenance - Public Sector,Product Specialists,Remote - MA,other,mid,0,0,0,,425000,https://www.samsara.com/company/careers/roles/7961449?gh_jid=7961449
2026-09-01,IOT,Samsara,Specialist Seller - Connected Maintenance - Public Sector,Product Specialists,"Atlanta, Georgia, United States",other,mid,0,0,0,,425000,https://www.samsara.com/company/careers/roles/7961458?gh_jid=7961458
2026-09-01,IOT,Samsara,Specialist Seller - Connected Maintenance - Public Sector,Product Specialists,Remote - TX,other,mid,0,0,0,,425000,https://www.samsara.com/company/careers/roles/7961459?gh_jid=7961459
2026-09-01,IOT,Samsara,Specialist Seller - Connected Maintenance - Public Sector,Product Specialists,Remote - Chicago,other,mid,0,0,0,,425000,https://www.samsara.com/company/careers/roles/7961462?gh_jid=7961462
2026-09-01,IOT,Samsara,Specialist Seller - Connected Maintenance - Public Sector,Product Specialists,Remote - SF Bay Area,other,mid,0,0,0,,425000,https://www.samsara.com/company/careers/roles/7961464?gh_jid=7961464
2026-09-01,IOT,Samsara,Specialist Seller - Enterprise,Product Specialists,Remote - US,other,mid,0,0,0,,425000,https://www.samsara.com/company/careers/roles/7292081?gh_jid=7292081
2026-09-01,IOT,Samsara,"Specialist Seller, Mid-Market",Product Specialists,Remote - US,other,mid,0,1,0,buzz,110500,https://www.samsara.com/company/careers/roles/8069598?gh_jid=8069598
2026-09-01,IOT,Samsara,"Specialist Seller, Mid-Market",Product Specialists,Remote - US,other,mid,0,1,0,buzz,110500,https://www.samsara.com/company/careers/roles/7409548?gh_jid=7409548
2026-09-01,IOT,Samsara,Sr. AI Engineer,Revenue Operations,Remote - CA,product_eng,senior,1,25,1,application|buzz|data_ml_ops,170665,https://www.samsara.com/company/careers/roles/8083352?gh_jid=8083352
2026-09-01,IOT,Samsara,Sr. Business Operations Analyst - Post Sales ,Sales Business Operations,Remote - US,nontech,senior,0,0,0,,115115,https://www.samsara.com/company/careers/roles/8084045?gh_jid=8084045
2026-09-01,IOT,Samsara,"Sr. Director, Enablement - Shared Services",Revenue Operations,Remote - US,nontech,director,0,0,0,,182920,https://www.samsara.com/company/careers/roles/8041428?gh_jid=8041428
2026-09-01,IOT,Samsara,"Sr. Director, Field Activation",Revenue Operations,Remote - US,other,director,0,0,0,,182920,https://www.samsara.com/company/careers/roles/8041424?gh_jid=8041424
2026-09-01,IOT,Samsara,Sr. Knowledge Developer,Support,Remote - Mexico,product_eng,senior,0,1,0,buzz,,https://www.samsara.com/company/careers/roles/7951885?gh_jid=7951885
2026-09-01,IOT,Samsara,"Sr. Manager, Business Operations",Support,Remote - US,nontech,senior,0,4,1,application|buzz,149500,https://www.samsara.com/company/careers/roles/8112696?gh_jid=8112696
2026-09-01,IOT,Samsara,"Sr. Manager, Customer Success",Customer Success,Remote - US,demand_validated,senior,0,2,0,buzz,186150,https://www.samsara.com/company/careers/roles/7589195?gh_jid=7589195
2026-09-01,IOT,Samsara,"Sr. Manager, Customer Success",Customer Success,Remote - US,demand_validated,senior,0,2,0,buzz,186150,https://www.samsara.com/company/careers/roles/8066951?gh_jid=8066951
2026-09-01,IOT,Samsara,"Sr. Manager, Finance & Strategy - Marketing",Finance and Strategy,"San Francisco, CA, United States",nontech,senior,0,1,0,buzz,165360,https://www.samsara.com/company/careers/roles/8092918?gh_jid=8092918
2026-09-01,IOT,Samsara,"Sr. Manager, Global Supply",Supply Chain,Remote - US,other,senior,0,1,0,buzz,175110,https://www.samsara.com/company/careers/roles/8064980?gh_jid=8064980
2026-09-01,IOT,Samsara,"Sr. Manager, New Products Strategy",Sales Business Operations,Remote - US,other,senior,0,1,0,buzz,175500,https://www.samsara.com/company/careers/roles/8065687?gh_jid=8065687
2026-09-01,IOT,Samsara,Sr. Operations Manager- Product Marketing,Product Marketing,Remote - SF Bay Area,nontech,senior,0,2,0,buzz,159899,https://www.samsara.com/company/careers/roles/7864137?gh_jid=7864137
2026-09-01,IOT,Samsara,"Sr. Product Manager, Driver Management",Safety,Remote - US,product_eng,senior,0,4,0,buzz|general_medium,155911,https://www.samsara.com/company/careers/roles/7786156?gh_jid=7786156
2026-09-01,IOT,Samsara,Sr. Sales Operations Analyst,Revenue Operations,Remote - US,nontech,senior,0,0,0,,106466,https://www.samsara.com/company/careers/roles/8153145?gh_jid=8153145
2026-09-01,IOT,Samsara,Sr. Security Engineer - Enterprise Security,IT Security,Remote - CA,product_eng,senior,0,1,0,buzz,181591,https://www.samsara.com/company/careers/roles/7752492?gh_jid=7752492
2026-09-01,IOT,Samsara,Sr. Security Engineer - Enterprise Security,IT Security,Remote - Vancouver,product_eng,senior,0,1,0,buzz,152100,https://www.samsara.com/company/careers/roles/7834975?gh_jid=7834975
2026-09-01,IOT,Samsara,"Sr. Software Engineer, Cloud Platform ",Platform,Remote - UK,product_eng,senior,0,0,0,,,https://www.samsara.com/company/careers/roles/8042387?gh_jid=8042387
2026-09-01,IOT,Samsara,"Sr. Software Engineer II, AI Platform",Revenue Operations,Remote - SF Bay Area,product_eng,senior,1,17,1,application|buzz|data_ml_ops,164450,https://www.samsara.com/company/careers/roles/8050373?gh_jid=8050373
2026-09-01,IOT,Samsara,Staff Firmware Engineer,STCE & Maintenance,Remote - SF Bay Area,product_eng,staff_principal,0,1,0,buzz,226200,https://www.samsara.com/company/careers/roles/8074536?gh_jid=8074536
2026-09-01,IOT,Samsara,Staff Machine Learning Engineer - Edge AI,Safety AI,Remote - US,product_eng,staff_principal,1,11,1,buzz|data_ml_ops|general_medium|model_infra,248820,https://www.samsara.com/company/careers/roles/7266357?gh_jid=7266357
2026-09-01,IOT,Samsara,Staff Machine Learning Engineer - Edge AI,Safety AI,Remote - Canada,product_eng,staff_principal,1,11,1,buzz|data_ml_ops|general_medium|model_infra,202350,https://www.samsara.com/company/careers/roles/7431070?gh_jid=7431070
2026-09-01,IOT,Samsara,Staff Product Design Engineer,Hardware Engineering,San Francisco - SF9,product_eng,staff_principal,0,0,0,,247500,https://www.samsara.com/company/careers/roles/7525300?gh_jid=7525300
2026-09-01,IOT,Samsara,Staff Software Engineer,STCE & Maintenance,Remote - US,product_eng,staff_principal,0,10,1,application|buzz|general_medium,226200,https://www.samsara.com/company/careers/roles/8064742?gh_jid=8064742
2026-09-01,IOT,Samsara,Staff Software Engineer,STCE & Maintenance,Remote - US,product_eng,staff_principal,0,10,1,application|buzz|general_medium,226200,https://www.samsara.com/company/careers/roles/7588828?gh_jid=7588828
2026-09-01,IOT,Samsara,Staff Software Engineer,STCE & Maintenance,Remote - Canada,product_eng,staff_principal,0,10,1,application|buzz|general_medium,183825,https://www.samsara.com/company/careers/roles/8115102?gh_jid=8115102
2026-09-01,IOT,Samsara,Staff Software Engineer,STCE & Maintenance,Remote - Canada,product_eng,staff_principal,0,10,1,application|buzz|general_medium,183825,https://www.samsara.com/company/careers/roles/8115078?gh_jid=8115078
2026-09-01,IOT,Samsara,"Staff Software Engineer, DevEx",Platform,Remote - US,product_eng,staff_principal,0,4,1,application|buzz,226200,https://www.samsara.com/company/careers/roles/7752678?gh_jid=7752678
2026-09-01,IOT,Samsara,"Staff Software Engineer, DevEx",Platform,Remote - Canada,product_eng,staff_principal,0,4,1,application|buzz,183825,https://www.samsara.com/company/careers/roles/8109358?gh_jid=8109358
2026-09-01,IOT,Samsara,Staff Software Engineer - External Platform,Platform,Remote - US,product_eng,staff_principal,0,0,0,,226200,https://www.samsara.com/company/careers/roles/7266385?gh_jid=7266385
2026-09-01,IOT,Samsara,"Staff Software Engineer, Maps Services",Telematics,Remote - US,product_eng,staff_principal,0,3,1,application,226200,https://www.samsara.com/company/careers/roles/8153269?gh_jid=8153269
2026-09-01,IOT,Samsara,Staff Software Engineer - Platform and Infrastructure,Platform,Bengaluru - BLR1,product_eng,staff_principal,0,0,0,,,https://www.samsara.com/company/careers/roles/7266287?gh_jid=7266287
2026-09-01,IOT,Samsara,Strategic Customer Success Manager,Customer Success,Remote - Canada,demand_validated,mid,0,0,0,,138513,https://www.samsara.com/company/careers/roles/8010753?gh_jid=8010753
2026-09-01,IOT,Samsara,Strategic Customer Success Manager,Customer Success,Remote - US,demand_validated,mid,0,0,0,,140156,https://www.samsara.com/company/careers/roles/7398075?gh_jid=7398075
2026-09-01,IOT,Samsara,Strategic Implementation Consultant,Customer Success,Remote - US,demand_validated,mid,0,0,0,,126908,https://www.samsara.com/company/careers/roles/8039126?gh_jid=8039126
2026-09-01,IOT,Samsara,Strategic Implementation Consultant ,Customer Success,Remote - UK,demand_validated,mid,0,1,0,buzz,,https://www.samsara.com/company/careers/roles/8074111?gh_jid=8074111
2026-09-01,IOT,Samsara,"Supervisor, Sales and Contract Administration",Revenue Operations,Remote - Mexico,nontech,mid,0,0,0,,,https://www.samsara.com/company/careers/roles/8079702?gh_jid=8079702
2026-09-01,IOT,Samsara,Tech Lead Applied Scientist,Safety AI,Remote - US,other,senior,0,8,1,buzz|general_medium|model_infra,278850,https://www.samsara.com/company/careers/roles/7266629?gh_jid=7266629
2026-09-01,IOT,Samsara,Technical Support Engineer,Support,Remote - Mexico,product_eng,mid,0,1,0,buzz,,https://www.samsara.com/company/careers/roles/8068215?gh_jid=8068215
2026-09-01,IOT,Samsara,Technical Support Engineer I - Mexico,Support,Remote - Mexico,product_eng,mid,0,1,0,buzz,,https://www.samsara.com/company/careers/roles/8112694?gh_jid=8112694
2026-09-01,CART,Instacart,Activation Sales Development Representative I,Ad Sales,United States - Remote,nontech,mid,0,0,0,,51500,https://instacart.careers/job/?gh_jid=7144697
2026-09-01,CART,Instacart,Ads AI Analytics Lead II,Commercial Excellence,"Canada - Remote (ON, AB, BC, or NS Only)",other,senior,1,9,1,application|buzz|general_medium,144000,https://instacart.careers/job/?gh_jid=7658241
2026-09-01,CART,Instacart,Ads AI Analytics Lead II,Commercial Excellence,United States - Remote,other,senior,1,10,1,application|buzz|general_medium,148000,https://instacart.careers/job/?gh_jid=7495338
2026-09-01,CART,Instacart,"AI Solutions Lead, Marketing",Marketing ,"Canada - Remote (ON, AB, BC, or NS Only)",nontech,senior,1,5,1,application|buzz,129500,https://instacart.careers/job/?gh_jid=8146070
2026-09-01,CART,Instacart,"AI Solutions Lead, Marketing",Marketing ,United States - Remote,nontech,senior,1,5,1,application|buzz,148250,https://instacart.careers/job/?gh_jid=8145998
2026-09-01,CART,Instacart,Analytics Engineer II,Marketing ,"Canada - Remote (ON, AB, BC, or NS Only)",product_eng,mid,0,1,0,buzz,149000,https://instacart.careers/job/?gh_jid=8167458
2026-09-01,CART,Instacart,Bilingual Customer Experience Specialist,Care Customer Experience,United States - Remote,other,mid,0,1,0,buzz,,https://instacart.careers/job/?gh_jid=8157774
2026-09-01,CART,Instacart,"Chief of Staff, Online Grocery",Product,United States - Remote,other,exec,0,1,0,buzz,225500,https://instacart.careers/job/?gh_jid=8112136
2026-09-01,CART,Instacart,"Chief of Staff, Online Grocery",Product,"Canada - Remote (ON, AB, BC, or NS Only)",other,exec,0,1,0,buzz,208500,https://instacart.careers/job/?gh_jid=8112138
2026-09-01,CART,Instacart,CX Technology Program Manager,Central Operations,"Canada - Remote (ON, AB, BC, or NS Only)",other,mid,0,1,0,buzz,123250,https://instacart.careers/job/?gh_jid=8160786
2026-09-01,CART,Instacart,CX Technology Program Manager,Central Operations,United States - Remote,other,mid,0,1,0,buzz,138500,https://instacart.careers/job/?gh_jid=8160738
2026-09-01,CART,Instacart,"Director, Compensation",People,United States - Remote,other,director,0,1,0,buzz,227250,https://instacart.careers/job/?gh_jid=8163246
2026-09-01,CART,Instacart,"Director, Compensation",People,"Canada - Remote (ON, AB, BC, or NS Only)",other,director,0,1,0,buzz,205500,https://instacart.careers/job/?gh_jid=8163310
2026-09-01,CART,Instacart,"Director, Enterprise Product Marketing",Marketing ,"Canada - Remote (ON, AB, BC, or NS Only)",nontech,director,0,1,0,buzz,208500,https://instacart.careers/job/?gh_jid=7991599
2026-09-01,CART,Instacart,"Director, Enterprise Product Marketing",Marketing ,United States - Remote,nontech,director,0,1,0,buzz,228750,https://instacart.careers/job/?gh_jid=7991597
2026-09-01,CART,Instacart,"Director IT, Internal Audit",Accounting & Finance,United States - Remote,other,intern,0,5,1,application|buzz,231250,https://instacart.careers/job/?gh_jid=8120705
2026-09-01,CART,Instacart,Director of Customer Success,Professional Services,United States - Remote,demand_validated,director,0,1,0,buzz,217500,https://instacart.careers/job/?gh_jid=7871823
2026-09-01,CART,Instacart,"Engineering Manager, Service Platform",Leadership (Engineering),"Canada - Remote (ON, AB, BC, or NS Only)",product_eng,mid,0,0,0,,201500,https://instacart.careers/job/?gh_jid=7960988
2026-09-01,CART,Instacart,"Engineering Manager, Service Platform",Leadership (Engineering),United States - Remote,product_eng,mid,0,0,0,,217250,https://instacart.careers/job/?gh_jid=7960958
2026-09-01,CART,Instacart,"Engineering Manager, Software, Catalog Enrichment ",Leadership (Engineering),"Canada - Remote (ON, AB, BC, or NS Only)",product_eng,mid,0,11,1,application|buzz|data_ml_ops|general_medium,201500,https://instacart.careers/job/?gh_jid=7927378
2026-09-01,CART,Instacart,"Insights Lead, Instacart Business",Health,United States - Remote,other,senior,0,0,0,,144750,https://instacart.careers/job/?gh_jid=8115834
2026-09-01,CART,Instacart,"Insights Lead, Instacart Business",Health,"Canada - Remote (ON, AB, BC, or NS Only)",other,senior,0,0,0,,136750,https://instacart.careers/job/?gh_jid=8115836
2026-09-01,CART,Instacart,iOS Developer,Mobile,Israel - Hybrid (3 days/week in office required),product_eng,mid,0,7,0,buzz|general_medium,,https://instacart.careers/job/?gh_jid=8154479
2026-09-01,CART,Instacart,"Machine Learning Engineer II, Ads - Response Prediction",Machine Learning,"Canada - Remote (ON, AB, BC, or NS Only)",product_eng,mid,1,19,1,application|buzz|general_medium|model_infra,158250,https://instacart.careers/job/?gh_jid=8143263
2026-09-01,CART,Instacart,"Marketing Manager II, Media Excellence",Marketing ,United States - Remote,nontech,mid,0,1,0,buzz,134500,https://instacart.careers/job/?gh_jid=8142143
2026-09-01,CART,Instacart,"Marketing Manager II, Media Excellence",Marketing ,"Canada - Remote (ON, AB, BC, or NS Only)",nontech,mid,0,1,0,buzz,124250,https://instacart.careers/job/?gh_jid=8142172
2026-09-01,CART,Instacart,Oracle Fusion ERP Technical Analyst,Accounting & Finance,United States - Remote,other,mid,0,0,0,,148250,https://instacart.careers/job/?gh_jid=8157831
2026-09-01,CART,Instacart,Oracle Fusion ERP Technical Analyst,Accounting & Finance,"Canada - Remote (ON, AB, BC, or NS Only)",other,mid,0,0,0,,129500,https://instacart.careers/job/?gh_jid=8157911
2026-09-01,CART,Instacart,Principal Computer Vision Engineer,Software Engineering,Israel - Hybrid (3 days/week in office required),product_eng,staff_principal,0,21,1,buzz|general_medium|model_infra,,https://instacart.careers/job/?gh_jid=8155140
2026-09-01,CART,Instacart,Program Manager Contingent Workforce,People,"Canada - Remote (ON, AB, BC, or NS Only)",other,mid,0,0,0,,117250,https://instacart.careers/job/?gh_jid=8145979
2026-09-01,CART,Instacart,Program Manager Contingent Workforce,People,United States - Remote,other,mid,0,0,0,,133500,https://instacart.careers/job/?gh_jid=8145958
2026-09-01,CART,Instacart,"Retail Lead, Sales Development",Ad Sales,United States - Remote,nontech,senior,0,0,0,,122250,https://instacart.careers/job/?gh_jid=8122997
2026-09-01,CART,Instacart,"Retail Lead, Sales Development",Ad Sales,"Canada - Remote (ON, AB, BC, or NS Only)",nontech,senior,0,0,0,,135000,https://instacart.careers/job/?gh_jid=8123029
2026-09-01,CART,Instacart,Retail Partner Lead,Retail Business Development,"Canada - Remote (ON, AB, BC, or NS Only)",other,senior,0,0,0,,138750,https://instacart.careers/job/?gh_jid=8122992
2026-09-01,CART,Instacart,Retail Partner Lead,Retail Business Development,United States - Remote,other,senior,0,0,0,,127750,https://instacart.careers/job/?gh_jid=8122970
2026-09-01,CART,Instacart,Retail Partner Manager,Retail Business Development,United States - Remote ,other,mid,0,0,0,,152000,https://instacart.careers/job/?gh_jid=6819435
2026-09-01,CART,Instacart,Retail Partner Manager,Retail Business Development,"Canada - Remote (ON, AB, BC, or NS Only)",other,mid,0,0,0,,162250,https://instacart.careers/job/?gh_jid=6819437
2026-09-01,CART,Instacart,Retention Sales Development Representative II,Ad Sales,United States - Remote,nontech,mid,0,1,0,buzz,61500,https://instacart.careers/job/?gh_jid=7712406
2026-09-01,CART,Instacart,Sales Associate - New York,Ad Sales,United States - Remote,nontech,mid,0,1,0,buzz,81250,https://instacart.careers/job/?gh_jid=7558978
2026-09-01,CART,Instacart,Sales Executive,Ad Sales,"Canada - Remote (ON, AB, BC, or NS Only)",nontech,mid,0,1,0,buzz,175250,https://instacart.careers/job/?gh_jid=8080474
2026-09-01,CART,Instacart,"Sales Executive, Mid Market",Ad Sales,United States - Remote,nontech,mid,0,0,0,,138750,https://instacart.careers/job/?gh_jid=8093228
2026-09-01,CART,Instacart,"Senior Android Engineer II, Digital Twin Platform",Mobile,United States - Remote,product_eng,senior,0,1,0,buzz,217250,https://instacart.careers/job/?gh_jid=8147298
2026-09-01,CART,Instacart,"Senior Android Engineer II, Digital Twin Platform",Mobile,"Canada - Remote (ON, AB, BC, or NS Only)",product_eng,senior,0,1,0,buzz,201500,https://instacart.careers/job/?gh_jid=8147300
2026-09-01,CART,Instacart,"Senior Applied Scientist II, Ads Optimization",Machine Learning,United States - Remote,other,senior,0,2,0,general_medium,227250,https://instacart.careers/job/?gh_jid=7793391
2026-09-01,CART,Instacart,"Senior Data Engineer II, Finance",Data,United States - Remote,product_eng,senior,0,0,0,,207500,https://instacart.careers/job/?gh_jid=8132846
2026-09-01,CART,Instacart,"Senior Data Engineer II, Finance",Data,"Canada - Remote (ON, AB, BC, or NS Only)",product_eng,senior,0,0,0,,193250,https://instacart.careers/job/?gh_jid=8126023
2026-09-01,CART,Instacart,Senior Data Scientist,Data Science,"Canada - Remote (ON, AB, BC, or NS Only)",product_eng,senior,0,3,0,buzz|general_medium,165500,https://instacart.careers/job/?gh_jid=4949335
2026-09-01,CART,Instacart,Senior Data Scientist,Data Science,United States - Remote,product_eng,senior,0,3,0,buzz|general_medium,182750,https://instacart.careers/job/?gh_jid=4949339
2026-09-01,CART,Instacart,Senior Detection Engineer II,Security,United States - Remote,product_eng,senior,0,1,0,buzz,217250,https://instacart.careers/job/?gh_jid=8154300
2026-09-01,CART,Instacart,Senior Detection Engineer II,Security,"Canada - Remote (ON, AB, BC, or NS Only)",product_eng,senior,0,1,0,buzz,201500,https://instacart.careers/job/?gh_jid=8154308
2026-09-01,CART,Instacart,"Senior Engineering Manager, Activation & Engagement",Leadership (Engineering),"Canada - Remote (ON, AB, BC, or NS Only)",product_eng,senior,0,1,0,buzz,235250,https://instacart.careers/job/?gh_jid=8084166
2026-09-01,CART,Instacart,"Senior Engineering Manager, Enterprise Fulfillment",Leadership (Engineering),United States - Remote,product_eng,senior,0,0,0,,250250,https://instacart.careers/job/?gh_jid=8084349
2026-09-01,CART,Instacart,"Senior Engineering Manager, Enterprise Fulfillment",Leadership (Engineering),"Canada - Remote (ON, AB, BC, or NS Only)",product_eng,senior,0,0,0,,,https://instacart.careers/job/?gh_jid=8084350
2026-09-01,CART,Instacart,"Senior Machine Learning Engineer, Digital Twin Platform",Machine Learning,United States - Remote,product_eng,senior,1,19,1,buzz|data_ml_ops|general_medium|model_infra,227250,https://instacart.careers/job/?gh_jid=8143145
2026-09-01,CART,Instacart,"Senior Machine Learning Engineer, Digital Twin Platform",Machine Learning,"Canada - Remote (ON, AB, BC, or NS Only)",product_eng,senior,1,19,1,buzz|data_ml_ops|general_medium|model_infra,211750,https://instacart.careers/job/?gh_jid=8143147
2026-09-01,CART,Instacart,"Senior Machine Learning Engineer, Economist",Machine Learning,"Canada - Remote (ON, AB, BC, or NS Only)",product_eng,senior,1,12,1,application|buzz|data_ml_ops|general_medium,185000,https://instacart.careers/job/?gh_jid=8157738
2026-09-01,CART,Instacart,"Senior Machine Learning Engineer, Economist",Machine Learning,United States - Remote,product_eng,senior,1,12,1,application|buzz|data_ml_ops|general_medium,195750,https://instacart.careers/job/?gh_jid=8157736
2026-09-01,CART,Instacart,"Senior Machine Learning Engineer II, Ads Response Prediction",Machine Learning,United States - Remote,product_eng,senior,1,39,1,application|buzz|data_ml_ops|general_medium|model_infra,227250,https://instacart.careers/job/?gh_jid=7963838
2026-09-01,CART,Instacart,"Senior Machine Learning Engineer II, Search & Recommendations Ranking",Machine Learning,US - Remote,product_eng,senior,1,22,1,application|buzz|data_ml_ops|general_medium|model_infra,213250,https://instacart.careers/job/?gh_jid=7565508
2026-09-01,CART,Instacart,"Senior Machine Learning Engineer, Operations Research",Machine Learning,United States - Remote,product_eng,senior,1,9,1,buzz|general_medium|model_infra,195750,https://instacart.careers/job/?gh_jid=7793089
2026-09-01,CART,Instacart,"Senior Manager, Legal Technology, Operations & AI Enablement",Legal,United States - Remote,nontech,senior,1,5,1,application|buzz,188000,https://instacart.careers/job/?gh_jid=8122176
2026-09-01,CART,Instacart,"Senior Manager, Legal Technology, Operations & AI Enablement",Legal,"Canada - Remote (ON, AB, BC, or NS Only)",nontech,senior,1,5,1,application|buzz,153000,https://instacart.careers/job/?gh_jid=8122333
2026-09-01,CART,Instacart,"Senior Manager, Technical Account Management (Enterprise)",Professional Services,United States - Remote,other,senior,0,0,0,,172500,https://instacart.careers/job/?gh_jid=8077677
2026-09-01,CART,Instacart,"Senior Manager, Technical Account Management (Enterprise)",Professional Services,"Canada - Remote (ON, AB, BC, or NS Only)",other,senior,0,0,0,,166500,https://instacart.careers/job/?gh_jid=8077679
2026-09-01,CART,Instacart,Senior Marketing Decision Scientist II,Analytics ,"Canada - Remote (ON, AB, BC, or NS Only)",nontech,senior,0,2,0,general_medium,172750,https://instacart.careers/job/?gh_jid=7963780
2026-09-01,CART,Instacart,Senior Marketing Decision Scientist II,Analytics ,United States - Remote,nontech,senior,0,2,0,general_medium,189500,https://instacart.careers/job/?gh_jid=7963779
2026-09-01,CART,Instacart,Senior Product Designer II - Order Quality,Product Design,"Canada - Remote (ON, AB, BC, or NS Only)",product_eng,senior,0,1,0,buzz,175750,https://instacart.careers/job/?gh_jid=8160010
2026-09-01,CART,Instacart,Senior Product Designer II - Order Quality,Product Design,United States - Remote,product_eng,senior,0,1,0,buzz,191500,https://instacart.careers/job/?gh_jid=8160008
2026-09-01,CART,Instacart,"Senior Product Manager, Ads Quality",Product Management,"Canada - Remote (ON, AB, BC, or NS Only)",product_eng,senior,0,9,1,application|buzz|general_medium,169500,https://instacart.careers/job/?gh_jid=8077512
2026-09-01,CART,Instacart,"Senior Product Manager, Ads Quality",Product Management,United States - Remote,product_eng,senior,0,9,1,application|buzz|general_medium,178750,https://instacart.careers/job/?gh_jid=8077510
2026-09-01,CART,Instacart,"Senior Product Manager, Caper Recommendations & Personalization",Product Management,"Canada - Remote (ON, AB, BC, or NS Only)",product_eng,senior,0,7,1,application|buzz|general_medium,199250,https://instacart.careers/job/?gh_jid=8100150
2026-09-01,CART,Instacart,"Senior Product Manager, Caper Recommendations & Personalization",Product Management,United States - Remote,product_eng,senior,0,7,1,application|buzz|general_medium,208500,https://instacart.careers/job/?gh_jid=8100148
2026-09-01,CART,Instacart,"Senior Product Manager, Carrot Ads",Product Management,"Canada - Remote (ON, AB, BC, or NS Only)",product_eng,senior,0,0,0,,169500,https://instacart.careers/job/?gh_jid=8120471
2026-09-01,CART,Instacart,"Senior Product Manager, Carrot Ads",Product Management,United States - Remote,product_eng,senior,0,0,0,,178750,https://instacart.careers/job/?gh_jid=8120469
2026-09-01,CART,Instacart,"Senior Product Manager, Catalog",Product Management,United States - Remote,product_eng,senior,0,5,1,application|buzz,178750,https://instacart.careers/job/?gh_jid=8143270
2026-09-01,CART,Instacart,"Senior Product Manager, Catalog",Product Management,"Canada - Remote (ON, AB, BC, or NS Only)",product_eng,senior,0,5,1,application|buzz,169500,https://instacart.careers/job/?gh_jid=8143272
2026-09-01,CART,Instacart,"Senior Product Manager, In-Store Tasks",Product Management,United States - Remote,product_eng,senior,0,0,0,,208500,https://instacart.careers/job/?gh_jid=7963724
2026-09-01,CART,Instacart,"Senior Product Manager, In-Store Tasks",Product Management,"Canada - Remote (ON, AB, BC, or NS Only)",product_eng,senior,0,0,0,,199250,https://instacart.careers/job/?gh_jid=7963726
2026-09-01,CART,Instacart,"Senior Product Manager, Retailer Platform",Product Management,"Canada - Remote (ON, AB, BC, or NS Only)",product_eng,senior,0,1,0,buzz,199250,https://instacart.careers/job/?gh_jid=8014062
2026-09-01,CART,Instacart,"Senior Product Manager, Retailer Platform",Product Management,United States - Remote,product_eng,senior,0,1,0,buzz,208500,https://instacart.careers/job/?gh_jid=8014060
2026-09-01,CART,Instacart,Senior Product Security Engineer II,Security,United States - Remote,product_eng,senior,0,1,0,buzz,217250,https://instacart.careers/job/?gh_jid=8017071
2026-09-01,CART,Instacart,Senior Product Security Engineer II,Security,"Canada - Remote (ON, AB, BC, or NS Only)",product_eng,senior,0,1,0,buzz,201500,https://instacart.careers/job/?gh_jid=8017073
2026-09-01,CART,Instacart,Senior Revenue Operations Manager - Eversight,Ad Sales,United States - Remote,nontech,senior,0,1,0,buzz,160750,https://instacart.careers/job/?gh_jid=8104341
2026-09-01,CART,Instacart,Senior Revenue Operations Manager - Eversight,Ad Sales,"Canada - Remote (ON, AB, BC, or NS Only)",nontech,senior,0,1,0,buzz,143750,https://instacart.careers/job/?gh_jid=8104343
2026-09-01,CART,Instacart,Senior Risk & Compliance Engineer - Data,Security,United States - Remote,product_eng,senior,0,1,0,buzz,193000,https://instacart.careers/job/?gh_jid=8091191
2026-09-01,CART,Instacart,Senior Risk & Compliance Engineer - Data,Security,"Canada - Remote (ON, AB, BC, or NS Only)",product_eng,senior,0,1,0,buzz,170000,https://instacart.careers/job/?gh_jid=8091193
2026-09-01,CART,Instacart,Senior Sales Associate,Ad Sales,United States - Remote,nontech,senior,0,1,0,buzz,92000,https://instacart.careers/job/?gh_jid=7931358
2026-09-01,CART,Instacart,"Senior Software Engineer, Ads",Software Engineering,"Canada - Remote (ON, AB, BC, or NS Only)",product_eng,senior,0,3,0,buzz|general_medium,172750,https://instacart.careers/job/?gh_jid=7939947
2026-09-01,CART,Instacart,"Senior Software Engineer, AI Productivity",Software Engineering,"Canada - Remote (ON, AB, BC, or NS Only)",product_eng,senior,1,25,1,application|buzz|data_ml_ops|model_infra,172750,https://instacart.careers/job/?gh_jid=7974573
2026-09-01,CART,Instacart,"Senior Software Engineer, Core Experience",Software Engineering,United States - Remote,product_eng,senior,0,3,0,buzz|general_medium,217500,https://instacart.careers/job/?gh_jid=8155585
2026-09-01,CART,Instacart,"Senior Software Engineer, Core Experience",Software Engineering,"Canada - Remote (ON, AB, BC, or NS Only)",product_eng,senior,0,0,0,,172750,https://instacart.careers/job/?gh_jid=7951926
2026-09-01,CART,Instacart,"Senior Software Engineer - Core Experience, Growth",Software Engineering,"Canada - Remote (ON, AB, BC, or NS Only)",product_eng,senior,0,7,1,application|buzz|general_medium,172750,https://instacart.careers/job/?gh_jid=8113993
2026-09-01,CART,Instacart,"Senior Software Engineer, Digital Twin Platform",Software Engineering,United States - Remote,product_eng,senior,0,6,0,buzz|general_medium,188000,https://instacart.careers/job/?gh_jid=8130034
2026-09-01,CART,Instacart,Senior Software Engineer I — Agentic Analytics,Software Engineering,"Canada - Remote (ON, AB, BC, or NS Only)",product_eng,senior,0,19,1,application|buzz,172750,https://instacart.careers/job/?gh_jid=7979769
2026-09-01,CART,Instacart,"Senior Software Engineer II, Ads Data Solutions Engineering",Software Engineering,"Canada - Remote (ON, AB, BC, or NS Only)",demand_validated,senior,0,1,0,buzz,201500,https://instacart.careers/job/?gh_jid=7951938
2026-09-01,CART,Instacart,"Senior Software Engineer II, Marketing Enablement & Technology",Marketing ,United States - Remote,product_eng,senior,0,1,0,buzz,217250,https://instacart.careers/job/?gh_jid=8141533
2026-09-01,CART,Instacart,"Senior Software Engineer II, Marketing Enablement & Technology",Marketing ,"Canada - Remote (ON, AB, BC, or NS Only)",product_eng,senior,0,1,0,buzz,201500,https://instacart.careers/job/?gh_jid=8141535
2026-09-01,CART,Instacart,"Senior Software Engineer, Marketing Enablement & Technology",Marketing ,"Canada - Remote (ON, AB, BC, or NS Only)",product_eng,senior,0,1,0,buzz,172750,https://instacart.careers/job/?gh_jid=8089322
2026-09-01,CART,Instacart,"Senior Software Engineer, Marketing Platform Tooling",Software Engineering,"Canada - Remote (ON, AB, BC, or NS Only)",product_eng,senior,0,0,0,,172750,https://instacart.careers/job/?gh_jid=8119683
2026-09-01,CART,Instacart,"Senior Strategic Finance Manager, Retailer",Accounting & Finance,"Canada - Remote (ON, AB, BC, or NS Only)",nontech,senior,0,1,0,buzz,180750,https://instacart.careers/job/?gh_jid=8137960
2026-09-01,CART,Instacart,"Senior Strategic Finance Manager, Retailer",Accounting & Finance,United States - Remote,nontech,senior,0,1,0,buzz,196750,https://instacart.careers/job/?gh_jid=8137862
2026-09-01,CART,Instacart,Site Reliability Engineer II,Software Engineering,United States - Remote,product_eng,mid,0,0,0,,151000,https://instacart.careers/job/?gh_jid=8121910
2026-09-01,CART,Instacart,"Software Engineer II, Technical Search Visibility",Marketing ,"Canada - Remote (ON, AB, BC, or NS Only)",product_eng,mid,0,5,1,application|buzz,149000,https://instacart.careers/job/?gh_jid=7963661
2026-09-01,CART,Instacart,Staff Experience Designer,Content Design,United States - Remote,product_eng,staff_principal,0,4,1,application|buzz,220000,https://instacart.careers/job/?gh_jid=8084089
2026-09-01,CART,Instacart,Staff Experience Designer,Content Design,"Canada - Remote (ON, AB, BC, or NS Only)",product_eng,staff_principal,0,4,1,application|buzz,203500,https://instacart.careers/job/?gh_jid=8084090
2026-09-01,CART,Instacart,"Staff Software Engineer, Bazel & Go",Infrastructure,United States - Remote,product_eng,staff_principal,0,2,0,buzz,250250,https://instacart.careers/job/?gh_jid=8080310
2026-09-01,CART,Instacart,"Staff Software Engineer, Bazel & Go",Infrastructure,"Canada - Remote (ON, AB, BC, or NS Only)",product_eng,staff_principal,0,2,0,buzz,235000,https://instacart.careers/job/?gh_jid=8080312
2026-09-01,CART,Instacart,"Staff Software Engineer,  Data Governance & Foundations",Software Engineering,United States - Remote,product_eng,staff_principal,0,7,1,application|buzz|data_ml_ops,250250,https://instacart.careers/job/?gh_jid=7778693
2026-09-01,CART,Instacart,"Staff Software Engineer, Orders Platform",Software Engineering,United States - Remote,product_eng,staff_principal,0,4,1,application|buzz,250250,https://instacart.careers/job/?gh_jid=8110286
2026-09-01,CART,Instacart,Staff User Researcher - Consumer,Design Research,"Canada - Remote (ON, AB, BC, or NS Only)",research,staff_principal,0,5,1,application|buzz,194250,https://instacart.careers/job/?gh_jid=8141483
2026-09-01,CART,Instacart,Staff User Researcher - Consumer,Design Research,United States - Remote,research,staff_principal,0,5,1,application|buzz,214250,https://instacart.careers/job/?gh_jid=8141481
2026-09-01,CART,Instacart,Vendor Operations Senior Associate,Customer Experience & Operations,"Canada - Remote (ON, AB, BC, or NS Only)",nontech,senior,0,0,0,,84250,https://instacart.careers/job/?gh_jid=8131047
2026-09-01,CART,Instacart,Vendor Operations Senior Associate,Customer Experience & Operations,United States - Remote,nontech,senior,0,0,0,,88500,https://instacart.careers/job/?gh_jid=8130849
